Rank,EntryId,EntryName,TimeRemaining,Points,Lineup,,Player,Roster Position,%Drafted,FPTS
1,5217235545,GillTicket,0,120.5,1B Jake Bauers 2B Vaughn Grissom 3B Denzer Guzman C Gary Sanchez OF Jackson Chourio OF Mike Trout OF Garrett Mitchell P Walbert Urena P Shane Drohan SS Joey Ortiz,,Jacob deGrom,P,73.67%,2.3
2,5217080118,goofybh207,0,117.5,1B Jake Bauers 2B Vaughn Grissom 3B Denzer Guzman C Gary Sanchez OF Jackson Chourio OF Mike Trout OF Garrett Mitchell P Walbert Urena P Shane Drohan SS David Hamilton,,Corey Seager,SS,66.06%,2
2,5217612080,lilmaryy,0,117.5,1B Andrew Vaughn 2B Vaughn Grissom 3B Denzer Guzman C William Contreras OF Jackson Chourio OF Mike Trout OF Jake Bauers P Walbert Urena P Shane Drohan SS David Hamilton,,Roki Sasaki,P,62.56%,8.1
4,5217820042,Sceyenceguy,0,115.5,1B Nolan Schanuel 2B Tommy Edman 3B Vaughn Grissom C Gary Sanchez OF Jackson Chourio OF Mike Trout OF Jake Bauers P Walbert Urena P Shane Drohan SS David Hamilton,,Tommy Edman,2B,46.73%,9
5,5217744223,Buttcrackers,0,114.5,1B Jake Bauers 2B Vaughn Grissom 3B Andrew Vaughn C Gary Sanchez OF Jackson Chourio OF Mike Trout OF Wade Meckler P Walbert Urena P Shane Drohan SS David Hamilton,,Andy Pages,OF,44.29%,0
5,5217747620,Jphat08,0,114.5,1B Jake Bauers 2B Adam Frazier 3B Vaughn Grissom C Gary Sanchez OF Mike Trout OF Christian Yelich OF Wade Meckler P Walbert Urena P Shane Drohan SS Joey Ortiz,,Shohei Ohtani,OF,42.77%,5
7,5217640978,mitchellmorse30,0,112.5,1B Nolan Schanuel 2B Vaughn Grissom 3B Andrew Vaughn C Moises Ballesteros OF Jackson Chourio OF Mike Trout OF Wade Meckler P Walbert Urena P Shane Drohan SS Joey Ortiz,,Ezequiel Duran,3B,40.64%,0
7,5217796712,Shazzam47,0,112.5,1B Jake Bauers 2B Vaughn Grissom 3B Andrew Vaughn C Moises Ballesteros OF Jackson Chourio OF Mike Trout OF Garrett Mitchell P Walbert Urena P Shane Drohan SS David Hamilton,,Walbert Urena,P,36.99%,25.1
9,5217517407,My_sons,0,111.5,1B Jake Bauers 2B Tommy Edman 3B Vaughn Grissom C Gary Sanchez OF Jackson Chourio OF Mike Trout OF Wade Meckler P Walbert Urena P Shane Drohan SS David Hamilton,,Jackson Chourio,OF,34.86%,9
10,5217433672,SLBMLightshow,0,110.5,1B Jake Bauers 2B Vaughn Grissom 3B Andrew Vaughn C William Contreras OF Jackson Chourio OF Mike Trout OF Wade Meckler P Walbert Urena P Shane Drohan SS Joey Ortiz,,Joc Pederson,1B,33.18%,0
10,5217691512,gredow1979,0,110.5,1B Nolan Schanuel 2B Vaughn Grissom 3B Denzer Guzman C William Contreras OF Jackson Chourio OF Mike Trout OF Wade Meckler P Walbert Urena P Shane Drohan SS Joey Ortiz,,Brandon Nimmo,OF,31.05%,2
12,5217019369,Schoey17,0,109.5,1B Nolan Schanuel 2B Vaughn Grissom 3B Denzer Guzman C William Contreras OF Jackson Chourio OF Mike Trout OF Jose Siri P Walbert Urena P Shane Drohan SS David Hamilton,,Gary Sanchez,C,29.83%,7
13,5217435232,markstilld,0,107.5,1B Shohei Ohtani 2B Vaughn Grissom 3B Andrew Vaughn C Gary Sanchez OF Jackson Chourio OF Mike Trout OF Garrett Mitchell P Walbert Urena P Shane Drohan SS David Hamilton,,Mike Trout,OF,27.55%,13
14,5217465253,Lucky_Larry,0,106.5,1B Nolan Schanuel 2B Adam Frazier 3B Vaughn Grissom C Gary Sanchez OF Jackson Chourio OF Jake Bauers OF Garrett Mitchell P Walbert Urena P Shane Drohan SS Corey Seager,,Wyatt Langford,OF,25.88%,3
15,5217695879,Yossarian230,0,104.5,1B Joc Pederson 2B Tommy Edman 3B Andrew Vaughn C Gary Sanchez OF Shohei Ohtani OF Jackson Chourio OF Mike Trout P Walbert Urena P Shane Drohan SS Joey Ortiz,,William Contreras,C,24.20%,0
15,5217759710,sstrinni,0,104.5,1B Jake Bauers 2B Tommy Edman 3B Andrew Vaughn C Moises Ballesteros OF Jackson Chourio OF Mike Trout OF Garrett Mitchell P Walbert Urena P Shane Drohan SS Corey Seager,,Shohei Ohtani,1B,23.29%,5
17,5217513233,tpyo,0,103.5,1B Jake Bauers 2B Tommy Edman 3B David Hamilton C Gary Sanchez OF Jackson Chourio OF Mike Trout OF Garrett Mitchell P Walbert Urena P Shane Drohan SS Corey Seager,,Shane Drohan,P,22.07%,12.4
18,5217692561,JohnnyDrama34,0,102.5,1B Jake Bauers 2B Vaughn Grissom 3B David Hamilton C Gary Sanchez OF Jackson Chourio OF Mike Trout OF Christian Yelich P Walbert Urena P Shane Drohan SS Corey Seager,,Teoscar Hernandez,OF,18.57%,3
18,5217711009,henry296,0,102.5,1B Freddie Freeman 2B Vaughn Grissom 3B Andrew Vaughn C Moises Ballesteros OF Mike Trout OF Jose Siri OF Josh Lowe P Walbert Urena P Shane Drohan SS Corey Seager,,Moises Ballesteros,C,18.42%,5
18,5217790742,peteram,0,102.5,1B Jake Bauers 2B Vaughn Grissom 3B Andrew Vaughn C William Contreras OF Jackson Chourio OF Mike Trout OF Andy Pages P Walbert Urena P Shane Drohan SS David Hamilton,,Miguel Rojas,2B,18.26%,4
21,5217476235,Fishnaked,0,101.5,1B Nolan Schanuel 2B Tommy Edman 3B Ezequiel Duran C Gary Sanchez OF Shohei Ohtani OF Jackson Chourio OF Mike Trout P Walbert Urena P Shane Drohan SS Joey Ortiz,,Freddie Freeman,1B,15.68%,4
22,5217442746,Yardbusters,0,100.5,1B Shohei Ohtani 2B Tommy Edman 3B Vaughn Grissom C Ben Rortvedt OF Jackson Chourio OF Mike Trout OF Wyatt Langford P Walbert Urena P Shane Drohan SS David Hamilton,,Kike Hernandez,3B,15.07%,0
22,5217651000,62caddyconvert,0,100.5,1B Jake Bauers 2B Vaughn Grissom 3B Andrew Vaughn C William Contreras OF Jackson Chourio OF Mike Trout OF Garrett Mitchell P Walbert Urena P Shane Drohan SS Corey Seager,,Jake Bauers,1B,14.00%,12
24,5217697934,dadsonit,0,100.4,1B Jake Bauers 2B Adam Frazier 3B Vaughn Grissom C William Contreras OF Jackson Chourio OF Mike Trout OF Garrett Mitchell P Jacob deGrom P Walbert Urena SS David Hamilton,,Vaughn Grissom,2B,13.55%,10
25,5217020399,mustangs2015,0,100.2,1B Nolan Schanuel 2B Tommy Edman 3B Denzer Guzman C Moises Ballesteros OF Shohei Ohtani OF Mike Trout OF Jose Siri P Walbert Urena P Roki Sasaki SS Miguel Rojas,,Garrett Mitchell,OF,13.09%,5
26,5217154017,TY54321,0,99.2,1B Shohei Ohtani 2B Vaughn Grissom 3B Denzer Guzman C Moises Ballesteros OF Jackson Chourio OF Mike Trout OF Jose Siri P Walbert Urena P Roki Sasaki SS Corey Seager,,Andrew Vaughn,3B,12.79%,12
26,5217785098,lutzboy,0,99.2,1B Jake Bauers 2B Vaughn Grissom 3B Andrew Vaughn C Gary Sanchez OF Shohei Ohtani OF Mike Trout OF Christian Yelich P Walbert Urena P Roki Sasaki SS Miguel Rojas,,Miguel Rojas,SS,12.02%,4
28,5217370278,Oxyfide,0,98.5,1B Shohei Ohtani 2B Adam Frazier 3B Andrew Vaughn C William Contreras OF Jackson Chourio OF Mike Trout OF Wade Meckler P Walbert Urena P Shane Drohan SS Corey Seager,,Jake Bauers,OF,11.57%,12
29,5217763628,LesterNygaard,0,98.2,1B Shohei Ohtani 2B Tommy Edman 3B Denzer Guzman C Moises Ballesteros OF Jackson Chourio OF Mike Trout OF Kyle Tucker P Walbert Urena P Roki Sasaki SS David Hamilton,,Kyle Tucker,OF,10.96%,0
30,5217407815,chemicalsofdemocracy,0,97.5,1B Jake Bauers 2B Tommy Edman 3B Vaughn Grissom C Moises Ballesteros OF Jackson Chourio OF Mike Trout OF Andy Pages P Walbert Urena P Shane Drohan SS Corey Seager,,Austin Wynns,C,10.50%,3
30,5217802845,lkdad,0,97.5,1B Jake Bauers 2B Vaughn Grissom 3B Andrew Vaughn C William Contreras OF Jackson Chourio OF Mike Trout OF Andy Pages P Walbert Urena P Shane Drohan SS Miguel Rojas,,David Hamilton,3B,9.59%,9
32,5217577760,Tarheels3,0,97.2,1B Shohei Ohtani 2B Vaughn Grissom 3B Denzer Guzman C Moises Ballesteros OF Jackson Chourio OF Mike Trout OF Wade Meckler P Walbert Urena P Roki Sasaki SS Corey Seager,,Ben Rortvedt,C,9.59%,5
33,5217236925,yawkeyway8,0,96.5,1B Jake Bauers 2B Miguel Rojas 3B David Hamilton C Moises Ballesteros OF Shohei Ohtani OF Jackson Chourio OF Mike Trout P Walbert Urena P Shane Drohan SS Corey Seager,,Christian Yelich,OF,8.83%,3
33,5217796258,Bal2kane,0,96.5,1B Nolan Schanuel 2B Miguel Rojas 3B Vaughn Grissom C Gary Sanchez OF Jackson Chourio OF Mike Trout OF Wade Meckler P Walbert Urena P Shane Drohan SS Corey Seager,,Vaughn Grissom,3B,8.07%,10
35,5217662439,whoisjohngalt420,0,96.2,1B Freddie Freeman 2B Vaughn Grissom 3B Denzer Guzman C Moises Ballesteros OF Mike Trout OF Andy Pages OF Josh Lowe P Walbert Urena P Roki Sasaki SS Miguel Rojas,,Justin Foscue,2B,7.76%,0
36,5217682832,ZIBANENASTY93,0,95.5,1B Jake Bauers 2B Miguel Rojas 3B Vaughn Grissom C William Contreras OF Mike Trout OF Garrett Mitchell OF Wade Meckler P Walbert Urena P Shane Drohan SS David Hamilton,,Wade Meckler,OF,7.61%,5
37,5217704977,Ammomaz,0,95.2,1B Joc Pederson 2B Tommy Edman 3B Vaughn Grissom C Gary Sanchez OF Jackson Chourio OF Mike Trout OF Jake Bauers P Walbert Urena P Roki Sasaki SS Corey Seager,,David Hamilton,SS,6.70%,9
38,5217320414,Dubbzz,0,94.5,1B Nolan Schanuel 2B Adam Frazier 3B Vaughn Grissom C William Contreras OF Mike Trout OF Wyatt Langford OF Wade Meckler P Walbert Urena P Shane Drohan SS Corey Seager,,Nolan Schanuel,1B,6.70%,9
38,5217611647,engelg,0,94.5,1B Jake Bauers 2B Miguel Rojas 3B Joey Ortiz C William Contreras OF Jackson Chourio OF Mike Trout OF Garrett Mitchell P Walbert Urena P Shane Drohan SS Corey Seager,,Joey Ortiz,SS,5.63%,12
40,5217798168,jsh27896,0,94.4,1B Freddie Freeman 2B Miguel Rojas 3B Andrew Vaughn C Ben Rortvedt OF Shohei Ohtani OF Mike Trout OF Jake Bauers P Jacob deGrom P Walbert Urena SS Joey Ortiz,,Joey Ortiz,3B,5.18%,12
41,5217713739,mikeo3,0,94.2,1B Joc Pederson 2B Vaughn Grissom 3B Denzer Guzman C Gary Sanchez OF Shohei Ohtani OF Jackson Chourio OF Mike Trout P Walbert Urena P Roki Sasaki SS Corey Seager,,Evan Carter,OF,4.87%,3
42,5217512606,Mannyfresh101,0,92.5,1B Joc Pederson 2B Vaughn Grissom 3B David Hamilton C Gary Sanchez OF Shohei Ohtani OF Jackson Chourio OF Mike Trout P Walbert Urena P Shane Drohan SS Corey Seager,,Denzer Guzman,3B,4.87%,15
43,5217747533,adrlopez,0,92.4,1B Freddie Freeman 2B Adam Frazier 3B Vaughn Grissom C Ben Rortvedt OF Shohei Ohtani OF Jackson Chourio OF Mike Trout P Jacob deGrom P Walbert Urena SS Miguel Rojas,,Nicky Lopez,2B,4.72%,8
44,5217643926,jayrwebb,0,92.2,1B Nolan Schanuel 2B Miguel Rojas 3B Vaughn Grissom C Gary Sanchez OF Shohei Ohtani OF Jackson Chourio OF Mike Trout P Walbert Urena P Roki Sasaki SS Corey Seager,,Tommy Edman,OF,4.57%,9
45,5217376912,Nolemmet,0,91.5,1B Jake Bauers 2B Tommy Edman 3B Kike Hernandez C William Contreras OF Jackson Chourio OF Mike Trout OF Wyatt Langford P Walbert Urena P Shane Drohan SS Nicky Lopez,,Andrew Vaughn,1B,3.81%,12
46,5216953036,stock2mail,0,91.2,1B Nolan Schanuel 2B Tommy Edman 3B Vaughn Grissom C Moises Ballesteros OF Shohei Ohtani OF Mike Trout OF Teoscar Hernandez P Walbert Urena P Roki Sasaki SS Miguel Rojas,,Elias Diaz,C,3.50%,0
46,5217411576,gcarolthomas66,0,91.2,1B Nolan Schanuel 2B Tommy Edman 3B Vaughn Grissom C Moises Ballesteros OF Shohei Ohtani OF Mike Trout OF Wade Meckler P Walbert Urena P Roki Sasaki SS Corey Seager,,Brice Turang,2B,3.50%,0
48,5217396869,DanL79,0,90.5,1B Jake Bauers 2B Vaughn Grissom 3B Kike Hernandez C Gary Sanchez OF Jackson Chourio OF Mike Trout OF Andy Pages P Walbert Urena P Shane Drohan SS Corey Seager,,Zach Neto,SS,3.04%,0
48,5217459101,lenn221,0,90.5,1B Jake Bauers 2B Tommy Edman 3B Kike Hernandez C William Contreras OF Shohei Ohtani OF Mike Trout OF Josh Lowe P Walbert Urena P Shane Drohan SS Corey Seager,,Adam Frazier,2B,3.04%,15
48,5217743617,caw6672,0,90.5,1B Shohei Ohtani 2B Vaughn Grissom 3B Andrew Vaughn C William Contreras OF Jackson Chourio OF Andy Pages OF Tommy Edman P Walbert Urena P Shane Drohan SS Nicky Lopez,,Mookie Betts,SS,2.13%,0
51,5217553083,coopjs23,0,90.4,1B Andrew Vaughn 2B Tommy Edman 3B Joey Ortiz C Gary Sanchez OF Shohei Ohtani OF Jackson Chourio OF Garrett Mitchell P Jacob deGrom P Walbert Urena SS Miguel Rojas,,Nicky Lopez,SS,2.13%,8
52,5217401185,lornaz,0,90.2,1B Shohei Ohtani 2B Vaughn Grissom 3B Andrew Vaughn C Austin Wynns OF Mike Trout OF Jake Bauers OF Andy Pages P Walbert Urena P Roki Sasaki SS Corey Seager,,Josh Lowe,OF,1.98%,12
52,5217544951,Zschossow22,0,90.2,1B Joc Pederson 2B Vaughn Grissom 3B Andrew Vaughn C William Contreras OF Shohei Ohtani OF Jackson Chourio OF Jake Bauers P Walbert Urena P Roki Sasaki SS David Hamilton,,Kike Hernandez,OF,1.98%,0
54,5217503392,kaneg000,0,89.5,1B Freddie Freeman 2B Vaughn Grissom 3B Ezequiel Duran C Gary Sanchez OF Jackson Chourio OF Mike Trout OF Kyle Tucker P Walbert Urena P Shane Drohan SS David Hamilton,,Jose Siri,OF,1.83%,7
55,5217375144,tomvic,0,89.4,1B Shohei Ohtani 2B Tommy Edman 3B Andrew Vaughn C William Contreras OF Jackson Chourio OF Teoscar Hernandez OF Josh Lowe P Jacob deGrom P Walbert Urena SS Joey Ortiz,,Max Muncy,3B,1.37%,18
55,5217790522,RedBeardRyan,0,89.4,1B Joc Pederson 2B Nicky Lopez 3B Andrew Vaughn C Austin Wynns OF Shohei Ohtani OF Jackson Chourio OF Mike Trout P Jacob deGrom P Walbert Urena SS Joey Ortiz,,Jake Burger,1B,1.07%,0
57,5217585083,Cowboys082288,0,88.4,1B Andrew Vaughn 2B Tommy Edman 3B David Hamilton C Gary Sanchez OF Shohei Ohtani OF Mike Trout OF Brandon Nimmo P Jacob deGrom P Walbert Urena SS Miguel Rojas,,Hunter Feduccia,C,0.91%,0
57,5217665587,neterka,0,88.4,1B Joc Pederson 2B Miguel Rojas 3B Andrew Vaughn C Gary Sanchez OF Shohei Ohtani OF Jackson Chourio OF Jake Bauers P Jacob deGrom P Walbert Urena SS Joey Ortiz,,Travis d'Arnaud,C,0.46%,0
59,5217502816,jjland,0,88.2,1B Nolan Schanuel 2B Tommy Edman 3B Vaughn Grissom C Moises Ballesteros OF Shohei Ohtani OF Mike Trout OF Andy Pages P Walbert Urena P Roki Sasaki SS Miguel Rojas,,Tyler Black,OF,0.30%,0
60,5217801144,liquidnick37,0,87.5,1B Andrew Vaughn 2B Adam Frazier 3B Ezequiel Duran C Gary Sanchez OF Shohei Ohtani OF Jackson Chourio OF Andy Pages P Walbert Urena P Shane Drohan SS Corey Seager,,Brandon Lockridge,OF,0.30%,0
61,5217538999,ChrisCopps33,0,87.4,1B Freddie Freeman 2B Vaughn Grissom 3B Andrew Vaughn C Gary Sanchez OF Jackson Chourio OF Jake Bauers OF Brandon Nimmo P Jacob deGrom P Walbert Urena SS Miguel Rojas,,Trevor Megill,P,0.15%,4.25
61,5217550201,professorsteel,0,87.4,1B Jake Bauers 2B Miguel Rojas 3B Andrew Vaughn C Gary Sanchez OF Jackson Chourio OF Tommy Edman OF Garrett Mitchell P Jacob deGrom P Walbert Urena SS Corey Seager,,Tyler Heineman,C,0.15%,0
61,5217800504,michkaz,0,87.4,1B Freddie Freeman 2B Miguel Rojas 3B David Hamilton C Ben Rortvedt OF Shohei Ohtani OF Jackson Chourio OF Jake Bauers P Jacob deGrom P Walbert Urena SS Joey Ortiz,,Bo Naylor,C,0.15%,0
64,5217127561,JordansJackals,0,87.2,1B Freddie Freeman 2B Vaughn Grissom 3B Denzer Guzman C Moises Ballesteros OF Shohei Ohtani OF Mike Trout OF Andy Pages P Walbert Urena P Roki Sasaki SS Corey Seager,,Jihwan Bae,2B,0.15%,0
64,5217247122,SpeedRacer101,0,87.2,1B Nolan Schanuel 2B Tommy Edman 3B Denzer Guzman C Moises Ballesteros OF Shohei Ohtani OF Andy Pages OF Jose Siri P Walbert Urena P Roki Sasaki SS Miguel Rojas,,Yoan Moncada,3B,0.15%,0
64,5217553633,IBGOOD,0,87.2,1B Freddie Freeman 2B Vaughn Grissom 3B Denzer Guzman C Moises Ballesteros OF Shohei Ohtani OF Mike Trout OF Andy Pages P Walbert Urena P Roki Sasaki SS Corey Seager,,Luis Lara,OF,0.15%,0
64,5217610289,footballjose1,0,87.2,1B Nolan Schanuel 2B Tommy Edman 3B Ezequiel Duran C Moises Ballesteros OF Shohei Ohtani OF Jackson Chourio OF Mike Trout P Walbert Urena P Roki Sasaki SS Miguel Rojas,,Alejandro Osuna,OF,0.15%,0
64,5217752326,bhess777,0,87.2,1B Freddie Freeman 2B Tommy Edman 3B Kike Hernandez C Gary Sanchez OF Shohei Ohtani OF Mike Trout OF Josh Lowe P Walbert Urena P Roki Sasaki SS Miguel Rojas,,,
64,5217752915,daisquifh,0,87.2,1B Nolan Schanuel 2B Tommy Edman 3B Vaughn Grissom C Gary Sanchez OF Shohei Ohtani OF Jake Bauers OF Andy Pages P Walbert Urena P Roki Sasaki SS Corey Seager,,,
64,5217810995,claytankgunner,0,87.2,1B Shohei Ohtani 2B Tommy Edman 3B Denzer Guzman C Moises Ballesteros OF Mike Trout OF Kyle Tucker OF Wade Meckler P Walbert Urena P Roki Sasaki SS Corey Seager,,,
71,5217651614,williemac56ace,0,86.4,1B Jake Bauers 2B Tommy Edman 3B Joey Ortiz C Gary Sanchez OF Shohei Ohtani OF Teoscar Hernandez OF Brandon Nimmo P Jacob deGrom P Walbert Urena SS David Hamilton,,,
71,5217814873,Isoprophy02,0,86.4,1B Jake Bauers 2B Tommy Edman 3B Andrew Vaughn C Ben Rortvedt OF Shohei Ohtani OF Jackson Chourio OF Teoscar Hernandez P Jacob deGrom P Walbert Urena SS Miguel Rojas,,,
73,5217160641,edward21025,0,86.2,1B Shohei Ohtani 2B Tommy Edman 3B Andrew Vaughn C Gary Sanchez OF Mike Trout OF Teoscar Hernandez OF Brandon Nimmo P Walbert Urena P Roki Sasaki SS Corey Seager,,,
73,5217163991,L011ygagr,0,86.2,1B Nolan Schanuel 2B Miguel Rojas 3B Denzer Guzman C Moises Ballesteros OF Shohei Ohtani OF Mike Trout OF Andy Pages P Walbert Urena P Roki Sasaki SS Corey Seager,,,
73,5217454311,J-ROCK1013,0,86.2,1B Nolan Schanuel 2B Tommy Edman 3B Denzer Guzman C William Contreras OF Shohei Ohtani OF Mike Trout OF Andy Pages P Walbert Urena P Roki Sasaki SS Corey Seager,,,
73,5217525032,berzaj23,0,86.2,1B Shohei Ohtani 2B Tommy Edman 3B Andrew Vaughn C William Contreras OF Jake Bauers OF Andy Pages OF Teoscar Hernandez P Walbert Urena P Roki Sasaki SS Joey Ortiz,,,
73,5217657391,sgtky23,0,86.2,1B Shohei Ohtani 2B Miguel Rojas 3B Vaughn Grissom C Moises Ballesteros OF Jackson Chourio OF Mike Trout OF Wade Meckler P Walbert Urena P Roki Sasaki SS Corey Seager,,,
73,5217791530,anygivensunday15,0,86.2,1B Jake Bauers 2B Tommy Edman 3B Kike Hernandez C Gary Sanchez OF Mike Trout OF Garrett Mitchell OF Wade Meckler P Walbert Urena P Roki Sasaki SS Corey Seager,,,
73,5217793975,jermsnew,0,86.2,1B Freddie Freeman 2B Tommy Edman 3B Vaughn Grissom C Moises Ballesteros OF Shohei Ohtani OF Mike Trout OF Wade Meckler P Walbert Urena P Roki Sasaki SS Corey Seager,,,
73,5217816279,heat00veride,0,86.2,1B Freddie Freeman 2B Adam Frazier 3B Kike Hernandez C Ben Rortvedt OF Shohei Ohtani OF Jackson Chourio OF Mike Trout P Walbert Urena P Roki Sasaki SS Corey Seager,,,
81,5217540328,SOSAFORHOF,0,85.5,1B Andrew Vaughn 2B Nicky Lopez 3B Max Muncy C Elias Diaz OF Shohei Ohtani OF Jackson Chourio OF Mike Trout P Roki Sasaki P Shane Drohan SS Zach Neto,,,
82,5217038936,tbjones2121,0,85.4,1B Freddie Freeman 2B Tommy Edman 3B David Hamilton C Gary Sanchez OF Jackson Chourio OF Garrett Mitchell OF Teoscar Hernandez P Jacob deGrom P Walbert Urena SS Joey Ortiz,,,
82,5217206422,halfknee,0,85.4,1B Jake Bauers 2B Tommy Edman 3B Joey Ortiz C Gary Sanchez OF Jackson Chourio OF Andy Pages OF Garrett Mitchell P Jacob deGrom P Walbert Urena SS Miguel Rojas,,,
82,5217533238,nlang003,0,85.4,1B Jake Bauers 2B Tommy Edman 3B Joey Ortiz C Gary Sanchez OF Jackson Chourio OF Andy Pages OF Garrett Mitchell P Jacob deGrom P Walbert Urena SS Miguel Rojas,,,
85,5217294330,thunder6186,0,85.2,1B Freddie Freeman 2B Tommy Edman 3B Joey Ortiz C Moises Ballesteros OF Shohei Ohtani OF Mike Trout OF Brandon Nimmo P Walbert Urena P Roki Sasaki SS Corey Seager,,,
85,5217641770,Wickline75,0,85.2,1B Jake Bauers 2B Vaughn Grissom 3B Denzer Guzman C William Contreras OF Shohei Ohtani OF Wyatt Langford OF Evan Carter P Walbert Urena P Roki Sasaki SS Miguel Rojas,,,
85,5217826879,averagejoe_3,0,85.2,1B Jake Bauers 2B Tommy Edman 3B Kike Hernandez C Moises Ballesteros OF Shohei Ohtani OF Mike Trout OF Andy Pages P Walbert Urena P Roki Sasaki SS Nicky Lopez,,,
88,5217316553,FoxyGrandpa252,0,84.5,1B Nolan Schanuel 2B Vaughn Grissom 3B Denzer Guzman C Gary Sanchez OF Mike Trout OF Wyatt Langford OF Wade Meckler P Roki Sasaki P Shane Drohan SS Corey Seager,,,
88,5217622668,fatboys98,0,84.5,1B Shohei Ohtani 2B Vaughn Grissom 3B Ezequiel Duran C Ben Rortvedt OF Jackson Chourio OF Mike Trout OF Teoscar Hernandez P Walbert Urena P Shane Drohan SS Corey Seager,,,
88,5217750289,bkayjac,0,84.5,1B Jake Bauers 2B Tommy Edman 3B Ezequiel Duran C Gary Sanchez OF Jackson Chourio OF Christian Yelich OF Garrett Mitchell P Walbert Urena P Shane Drohan SS Corey Seager,,,
91,5217658572,cwiser17,0,84.4,1B Andrew Vaughn 2B Adam Frazier 3B Kike Hernandez C Gary Sanchez OF Shohei Ohtani OF Jackson Chourio OF Andy Pages P Jacob deGrom P Walbert Urena SS David Hamilton,,,
92,5217097696,JSB31,0,84.2,1B Shohei Ohtani 2B Tommy Edman 3B Vaughn Grissom C Gary Sanchez OF Mike Trout OF Andy Pages OF Teoscar Hernandez P Walbert Urena P Roki Sasaki SS Miguel Rojas,,,
92,5217507438,baddestdude,0,84.2,1B Nolan Schanuel 2B Tommy Edman 3B Ezequiel Duran C Gary Sanchez OF Shohei Ohtani OF Jackson Chourio OF Wyatt Langford P Walbert Urena P Roki Sasaki SS David Hamilton,,,
94,5217425043,MO-TRUBBLE,0,83.4,1B Jake Bauers 2B Tommy Edman 3B Andrew Vaughn C Gary Sanchez OF Jackson Chourio OF Andy Pages OF Teoscar Hernandez P Jacob deGrom P Walbert Urena SS Miguel Rojas,,,
94,5217629818,Cincybengal12,0,83.4,1B Jake Bauers 2B Tommy Edman 3B Joey Ortiz C Gary Sanchez OF Jackson Chourio OF Teoscar Hernandez OF Brandon Nimmo P Jacob deGrom P Walbert Urena SS Corey Seager,,,
94,5217758420,SkyFlyDFS,0,83.4,1B Jake Bauers 2B Tommy Edman 3B Andrew Vaughn C Gary Sanchez OF Jackson Chourio OF Andy Pages OF Teoscar Hernandez P Jacob deGrom P Walbert Urena SS Miguel Rojas,,,
94,5217814228,cbmillport,0,83.4,1B Jake Bauers 2B Miguel Rojas 3B Joey Ortiz C Ben Rortvedt OF Shohei Ohtani OF Mike Trout OF Christian Yelich P Jacob deGrom P Walbert Urena SS Corey Seager,,,
98,5217552937,Assy_Mcgee,0,83.2,1B Freddie Freeman 2B Tommy Edman 3B Vaughn Grissom C Moises Ballesteros OF Shohei Ohtani OF Mike Trout OF Andy Pages P Walbert Urena P Roki Sasaki SS Miguel Rojas,,,
98,5217567437,VTHM76,0,83.2,1B Freddie Freeman 2B Tommy Edman 3B Vaughn Grissom C Moises Ballesteros OF Shohei Ohtani OF Mike Trout OF Andy Pages P Walbert Urena P Roki Sasaki SS Miguel Rojas,,,
98,5217626029,michaelshodson,0,83.2,1B Freddie Freeman 2B Tommy Edman 3B Vaughn Grissom C Moises Ballesteros OF Shohei Ohtani OF Mike Trout OF Andy Pages P Walbert Urena P Roki Sasaki SS Miguel Rojas,,,
98,5217626423,ollieBandz,0,83.2,1B Jake Bauers 2B Miguel Rojas 3B Kike Hernandez C Moises Ballesteros OF Shohei Ohtani OF Jackson Chourio OF Mike Trout P Walbert Urena P Roki Sasaki SS Corey Seager,,,
98,5217711010,kush69,0,83.2,1B Freddie Freeman 2B Tommy Edman 3B Vaughn Grissom C Moises Ballesteros OF Shohei Ohtani OF Mike Trout OF Andy Pages P Walbert Urena P Roki Sasaki SS Miguel Rojas,,,
103,5217781636,jboehm,0,82.5,1B Freddie Freeman 2B Vaughn Grissom 3B Andrew Vaughn C William Contreras OF Jackson Chourio OF Christian Yelich OF Garrett Mitchell P Walbert Urena P Shane Drohan SS Corey Seager,,,
103,5217832005,UrbaneArcher107,0,82.5,1B Nolan Schanuel 2B Tommy Edman 3B Vaughn Grissom C Moises Ballesteros OF Shohei Ohtani OF Jackson Chourio OF Mike Trout P Roki Sasaki P Shane Drohan SS Corey Seager,,,
105,5217330972,sboynton10,0,82.4,1B Jake Bauers 2B Tommy Edman 3B Kike Hernandez C Ben Rortvedt OF Shohei Ohtani OF Jackson Chourio OF Teoscar Hernandez P Jacob deGrom P Walbert Urena SS Joey Ortiz,,,
105,5217448623,Whoson1st66,0,82.4,1B Jake Bauers 2B Tommy Edman 3B Andrew Vaughn C Gary Sanchez OF Jackson Chourio OF Andy Pages OF Brandon Nimmo P Jacob deGrom P Walbert Urena SS Miguel Rojas,,,
105,5217575743,brianLiza,0,82.4,1B Andrew Vaughn 2B Tommy Edman 3B David Hamilton C William Contreras OF Jackson Chourio OF Jake Bauers OF Andy Pages P Jacob deGrom P Walbert Urena SS Miguel Rojas,,,
105,5217631693,Choker12,0,82.4,1B Jake Bauers 2B Miguel Rojas 3B David Hamilton C William Contreras OF Jackson Chourio OF Andy Pages OF Tommy Edman P Jacob deGrom P Walbert Urena SS Joey Ortiz,,,
105,5217673437,theneum1,0,82.4,1B Jake Bauers 2B Vaughn Grissom 3B Andrew Vaughn C Gary Sanchez OF Garrett Mitchell OF Brandon Nimmo OF Wade Meckler P Jacob deGrom P Walbert Urena SS Corey Seager,,,
110,5217310602,preeves4,0,82.2,1B Shohei Ohtani 2B Tommy Edman 3B Vaughn Grissom C Moises Ballesteros OF Mike Trout OF Andy Pages OF Teoscar Hernandez P Walbert Urena P Roki Sasaki SS Miguel Rojas,,,
110,5217808250,Phil8650,0,82.2,1B Joc Pederson 2B Miguel Rojas 3B David Hamilton C Gary Sanchez OF Shohei Ohtani OF Jackson Chourio OF Mike Trout P Walbert Urena P Roki Sasaki SS Corey Seager,,,
112,5217783473,alienhood,0,81.4,1B Shohei Ohtani 2B Tommy Edman 3B David Hamilton C Ben Rortvedt OF Jackson Chourio OF Andy Pages OF Garrett Mitchell P Jacob deGrom P Walbert Urena SS Joey Ortiz,,,
113,5217496223,Keendom,0,81.2,1B Freddie Freeman 2B Miguel Rojas 3B Vaughn Grissom C Moises Ballesteros OF Shohei Ohtani OF Mike Trout OF Wade Meckler P Walbert Urena P Roki Sasaki SS Corey Seager,,,
113,5217749807,bherring19,0,81.2,1B Shohei Ohtani 2B Miguel Rojas 3B Vaughn Grissom C Moises Ballesteros OF Jackson Chourio OF Mike Trout OF Andy Pages P Walbert Urena P Roki Sasaki SS Corey Seager,,,
115,5216780197,carrma34,0,80.4,1B Jake Bauers 2B Vaughn Grissom 3B David Hamilton C Elias Diaz OF Mike Trout OF Garrett Mitchell OF Brandon Nimmo P Jacob deGrom P Walbert Urena SS Corey Seager,,,
115,5217828559,mcglade8,0,80.4,1B Freddie Freeman 2B Tommy Edman 3B Joey Ortiz C Gary Sanchez OF Jackson Chourio OF Christian Yelich OF Garrett Mitchell P Jacob deGrom P Walbert Urena SS Miguel Rojas,,,
117,5217336550,raiderras,0,80.2,1B Jake Bauers 2B Vaughn Grissom 3B Ezequiel Duran C William Contreras OF Mike Trout OF Andy Pages OF Kyle Tucker P Walbert Urena P Roki Sasaki SS Joey Ortiz,,,
117,5217745516,Tf1960,0,80.2,1B Jake Bauers 2B Vaughn Grissom 3B Ezequiel Duran C Elias Diaz OF Jackson Chourio OF Mike Trout OF Teoscar Hernandez P Walbert Urena P Roki Sasaki SS Zach Neto,,,
119,5217674398,Webedawgs,0,79.4,1B Nolan Schanuel 2B Vaughn Grissom 3B Andrew Vaughn C William Contreras OF Jackson Chourio OF Andy Pages OF Christian Yelich P Jacob deGrom P Walbert Urena SS David Hamilton,,,
120,5217454384,EndZoneMoneyMan,0,79.2,1B Shohei Ohtani 2B Vaughn Grissom 3B Max Muncy C Hunter Feduccia OF Mike Trout OF Andy Pages OF Brandon Lockridge P Walbert Urena P Roki Sasaki SS Zach Neto,,,
120,5217504196,charles52,0,79.2,1B Joc Pederson 2B Vaughn Grissom 3B Kike Hernandez C William Contreras OF Shohei Ohtani OF Jackson Chourio OF Mike Trout P Walbert Urena P Roki Sasaki SS David Hamilton,,,
120,5217517446,jakeday92,0,79.2,1B Shohei Ohtani 2B Tommy Edman 3B Andrew Vaughn C Elias Diaz OF Mike Trout OF Kyle Tucker OF Jose Siri P Walbert Urena P Roki Sasaki SS Zach Neto,,,
120,5217567392,justin.howard222,0,79.2,1B Shohei Ohtani 2B Adam Frazier 3B Ezequiel Duran C William Contreras OF Jackson Chourio OF Mike Trout OF Kyle Tucker P Walbert Urena P Roki Sasaki SS Miguel Rojas,,,
120,5217582905,NoThought,0,79.2,1B Nolan Schanuel 2B Tommy Edman 3B Ezequiel Duran C Moises Ballesteros OF Shohei Ohtani OF Mike Trout OF Wade Meckler P Walbert Urena P Roki Sasaki SS Zach Neto,,,
120,5217598131,Cole3pt,0,79.2,1B Freddie Freeman 2B Tommy Edman 3B Vaughn Grissom C Moises Ballesteros OF Mike Trout OF Andy Pages OF Teoscar Hernandez P Walbert Urena P Roki Sasaki SS Corey Seager,,,
126,5217512524,Stackhouse5310,0,78.5,1B Jake Bauers 2B Miguel Rojas 3B Ezequiel Duran C Gary Sanchez OF Shohei Ohtani OF Jackson Chourio OF Brandon Nimmo P Walbert Urena P Shane Drohan SS Corey Seager,,,
126,5217532097,AJMIII,0,78.5,1B Jake Bauers 2B Brice Turang 3B Joey Ortiz C Moises Ballesteros OF Jackson Chourio OF Andy Pages OF Wyatt Langford P Walbert Urena P Shane Drohan SS Mookie Betts,,,
128,5217112609,az350z,0,78.4,1B Freddie Freeman 2B Tommy Edman 3B Joey Ortiz C Gary Sanchez OF Jake Bauers OF Andy Pages OF Teoscar Hernandez P Jacob deGrom P Walbert Urena SS Miguel Rojas,,,
128,5217413413,pbrk11,0,78.4,1B Freddie Freeman 2B Nicky Lopez 3B Denzer Guzman C Gary Sanchez OF Shohei Ohtani OF Andy Pages OF Teoscar Hernandez P Jacob deGrom P Walbert Urena SS David Hamilton,,,
128,5217514414,Textopper,0,78.4,1B Andrew Vaughn 2B Tommy Edman 3B Max Muncy C Gary Sanchez OF Shohei Ohtani OF Kike Hernandez OF Brandon Lockridge P Jacob deGrom P Walbert Urena SS Mookie Betts,,,
128,5217829953,cchuks,0,78.4,1B Freddie Freeman 2B Vaughn Grissom 3B Denzer Guzman C Moises Ballesteros OF Shohei Ohtani OF Mike Trout OF Jake Bauers P Jacob deGrom P Roki Sasaki SS Miguel Rojas,,,
132,5217138789,AtlienJDC,0,78.2,1B Joc Pederson 2B Miguel Rojas 3B Vaughn Grissom C Gary Sanchez OF Jackson Chourio OF Mike Trout OF Andy Pages P Walbert Urena P Roki Sasaki SS Corey Seager,,,
132,5217259000,jmasley10,0,78.2,1B Freddie Freeman 2B Tommy Edman 3B Vaughn Grissom C Moises Ballesteros OF Shohei Ohtani OF Andy Pages OF Teoscar Hernandez P Walbert Urena P Roki Sasaki SS David Hamilton,,,
132,5217286055,SikWitEt,0,78.2,1B Nolan Schanuel 2B Tommy Edman 3B Ezequiel Duran C William Contreras OF Mike Trout OF Jake Bauers OF Andy Pages P Walbert Urena P Roki Sasaki SS Corey Seager,,,
132,5217783691,Dominator-Seguin,0,78.2,1B Nolan Schanuel 2B Tommy Edman 3B Vaughn Grissom C Moises Ballesteros OF Shohei Ohtani OF Kyle Tucker OF Teoscar Hernandez P Walbert Urena P Roki Sasaki SS Miguel Rojas,,,
136,5217650706,meyers2305,0,77.5,1B Nolan Schanuel 2B Vaughn Grissom 3B Denzer Guzman C William Contreras OF Mike Trout OF Wyatt Langford OF Wade Meckler P Roki Sasaki P Shane Drohan SS Corey Seager,,,
137,5217362458,12s1st,0,77.4,1B Andrew Vaughn 2B Tommy Edman 3B Kike Hernandez C Gary Sanchez OF Shohei Ohtani OF Andy Pages OF Garrett Mitchell P Jacob deGrom P Walbert Urena SS Joey Ortiz,,,
137,5217636638,hickokcpa,0,77.4,1B Nolan Schanuel 2B Tommy Edman 3B David Hamilton C Gary Sanchez OF Jackson Chourio OF Andy Pages OF Christian Yelich P Jacob deGrom P Walbert Urena SS Miguel Rojas,,,
137,5217659332,xXxPLOSIVE,0,77.4,1B Jake Bauers 2B Tommy Edman 3B Andrew Vaughn C Gary Sanchez OF Andy Pages OF Garrett Mitchell OF Teoscar Hernandez P Jacob deGrom P Walbert Urena SS Corey Seager,,,
137,5217820209,15_jojo.bell-15,0,77.4,1B Joc Pederson 2B Justin Foscue 3B Denzer Guzman C Gary Sanchez OF Shohei Ohtani OF Jake Bauers OF Tommy Edman P Jacob deGrom P Walbert Urena SS Corey Seager,,,
141,5217017054,vstar1300,0,77.2,1B Shohei Ohtani 2B Tommy Edman 3B Vaughn Grissom C Ben Rortvedt OF Mike Trout OF Andy Pages OF Kyle Tucker P Walbert Urena P Roki Sasaki SS Corey Seager,,,
141,5217504762,captainzen,0,77.2,1B Freddie Freeman 2B Tommy Edman 3B Vaughn Grissom C Gary Sanchez OF Shohei Ohtani OF Andy Pages OF Wade Meckler P Walbert Urena P Roki Sasaki SS Miguel Rojas,,,
141,5217520574,LAKOBE08,0,77.2,1B Joc Pederson 2B Tommy Edman 3B Max Muncy C Hunter Feduccia OF Mike Trout OF Andy Pages OF Brandon Nimmo P Walbert Urena P Roki Sasaki SS Corey Seager,,,
141,5217588933,Bigcpzz,0,77.2,1B Freddie Freeman 2B Vaughn Grissom 3B David Hamilton C Ben Rortvedt OF Shohei Ohtani OF Jackson Chourio OF Kyle Tucker P Walbert Urena P Roki Sasaki SS Corey Seager,,,
141,5217696519,Bhogan2979,0,77.2,1B Joc Pederson 2B Tommy Edman 3B Vaughn Grissom C Moises Ballesteros OF Shohei Ohtani OF Mike Trout OF Andy Pages P Walbert Urena P Roki Sasaki SS Corey Seager,,,
141,5217821055,neversummer,0,77.2,1B Jake Bauers 2B Miguel Rojas 3B Ezequiel Duran C William Contreras OF Shohei Ohtani OF Jackson Chourio OF Wade Meckler P Walbert Urena P Roki Sasaki SS David Hamilton,,,
147,5217730147,david82165,0,76.7,1B Shohei Ohtani 2B Tommy Edman 3B Andrew Vaughn C William Contreras OF Jake Bauers OF Christian Yelich OF Josh Lowe P Jacob deGrom P Shane Drohan SS David Hamilton,,,
148,5217432174,cardog24,0,76.4,1B Shohei Ohtani 2B Tommy Edman 3B Joey Ortiz C Moises Ballesteros OF Jackson Chourio OF Jake Bauers OF Garrett Mitchell P Jacob deGrom P Roki Sasaki SS David Hamilton,,,
148,5217645119,redbrick22,0,76.4,1B Shohei Ohtani 2B Miguel Rojas 3B David Hamilton C Gary Sanchez OF Jackson Chourio OF Andy Pages OF Teoscar Hernandez P Jacob deGrom P Walbert Urena SS Joey Ortiz,,,
150,5217415898,krism1956,0,75.4,1B Jake Bauers 2B Vaughn Grissom 3B Kike Hernandez C Ben Rortvedt OF Shohei Ohtani OF Jackson Chourio OF Wade Meckler P Jacob deGrom P Walbert Urena SS Corey Seager,,,
150,5217418599,fubunator2479,0,75.4,1B Jake Bauers 2B Miguel Rojas 3B David Hamilton C Gary Sanchez OF Jackson Chourio OF Andy Pages OF Garrett Mitchell P Jacob deGrom P Walbert Urena SS Corey Seager,,,
150,5217732405,hcomet,0,75.4,1B Jake Bauers 2B Miguel Rojas 3B Andrew Vaughn C Gary Sanchez OF Jackson Chourio OF Andy Pages OF Brandon Nimmo P Jacob deGrom P Walbert Urena SS Corey Seager,,,
150,5217793564,Sol04,0,75.4,1B Shohei Ohtani 2B Miguel Rojas 3B David Hamilton C Gary Sanchez OF Mike Trout OF Wyatt Langford OF Wade Meckler P Jacob deGrom P Walbert Urena SS Corey Seager,,,
150,5217820230,leog909,0,75.4,1B Jake Bauers 2B Adam Frazier 3B Kike Hernandez C William Contreras OF Shohei Ohtani OF Jackson Chourio OF Teoscar Hernandez P Jacob deGrom P Walbert Urena SS Miguel Rojas,,,
155,5217805692,louka001,0,75.2,1B Nolan Schanuel 2B Miguel Rojas 3B David Hamilton C William Contreras OF Shohei Ohtani OF Mike Trout OF Andy Pages P Walbert Urena P Roki Sasaki SS Corey Seager,,,
156,5217703545,rbird33,0,74.7,1B Shohei Ohtani 2B Nicky Lopez 3B Denzer Guzman C Gary Sanchez OF Jackson Chourio OF Jake Bauers OF Brandon Nimmo P Jacob deGrom P Shane Drohan SS Corey Seager,,,
157,5217493774,freepop,0,74.4,1B Nolan Schanuel 2B Miguel Rojas 3B Ezequiel Duran C Gary Sanchez OF Jackson Chourio OF Mike Trout OF Wyatt Langford P Jacob deGrom P Walbert Urena SS Corey Seager,,,
157,5217525467,bigshan35,0,74.4,1B Andrew Vaughn 2B Tommy Edman 3B Kike Hernandez C Elias Diaz OF Shohei Ohtani OF Jackson Chourio OF Teoscar Hernandez P Jacob deGrom P Walbert Urena SS David Hamilton,,,
157,5217566243,tonywergin,0,74.4,1B Joc Pederson 2B Vaughn Grissom 3B David Hamilton C Gary Sanchez OF Shohei Ohtani OF Jackson Chourio OF Wyatt Langford P Jacob deGrom P Walbert Urena SS Miguel Rojas,,,
157,5217568240,Harry1962,0,74.4,1B Andrew Vaughn 2B Nicky Lopez 3B David Hamilton C William Contreras OF Shohei Ohtani OF Jackson Chourio OF Andy Pages P Jacob deGrom P Walbert Urena SS Miguel Rojas,,,
157,5217714148,cokerloc,0,74.4,1B Jake Bauers 2B Miguel Rojas 3B Ezequiel Duran C Gary Sanchez OF Jackson Chourio OF Andy Pages OF Christian Yelich P Jacob deGrom P Walbert Urena SS Joey Ortiz,,,
157,5217729336,jklodawizard,0,74.4,1B Freddie Freeman 2B Tommy Edman 3B Joey Ortiz C Ben Rortvedt OF Shohei Ohtani OF Mike Trout OF Jake Bauers P Jacob deGrom P Roki Sasaki SS Miguel Rojas,,,
157,5217762439,hoodoo_4,0,74.4,1B Joc Pederson 2B Tommy Edman 3B Kike Hernandez C Gary Sanchez OF Shohei Ohtani OF Mike Trout OF Garrett Mitchell P Jacob deGrom P Walbert Urena SS Nicky Lopez,,,
164,5217312205,HeelaciousT,0,74.2,1B Shohei Ohtani 2B Tommy Edman 3B Ezequiel Duran C Gary Sanchez OF Mike Trout OF Andy Pages OF Teoscar Hernandez P Walbert Urena P Roki Sasaki SS Miguel Rojas,,,
164,5217510362,ricktitball,0,74.2,1B Freddie Freeman 2B Vaughn Grissom 3B Kike Hernandez C Moises Ballesteros OF Shohei Ohtani OF Mike Trout OF Andy Pages P Walbert Urena P Roki Sasaki SS Miguel Rojas,,,
164,5217537034,jimbotz,0,74.2,1B Jake Bauers 2B Tommy Edman 3B Ezequiel Duran C Travis d'Arnaud OF Shohei Ohtani OF Mike Trout OF Brandon Nimmo P Walbert Urena P Roki Sasaki SS Mookie Betts,,,
164,5217596019,bigpoppabear00,0,74.2,1B Shohei Ohtani 2B Vaughn Grissom 3B Ezequiel Duran C Gary Sanchez OF Mike Trout OF Andy Pages OF Brandon Nimmo P Walbert Urena P Roki Sasaki SS Miguel Rojas,,,
168,5217418980,Grandhope,0,73.5,1B Freddie Freeman 2B Nicky Lopez 3B Ezequiel Duran C Gary Sanchez OF Shohei Ohtani OF Andy Pages OF Christian Yelich P Walbert Urena P Shane Drohan SS David Hamilton,,,
168,5217517405,papa-sports-39,0,73.5,1B Joc Pederson 2B Vaughn Grissom 3B Ezequiel Duran C Gary Sanchez OF Shohei Ohtani OF Jake Bauers OF Andy Pages P Walbert Urena P Shane Drohan SS Corey Seager,,,
170,5217406896,Mr.TD_AllDay,0,73.4,1B Shohei Ohtani 2B Miguel Rojas 3B Andrew Vaughn C Gary Sanchez OF Andy Pages OF Kyle Tucker OF Tommy Edman P Jacob deGrom P Walbert Urena SS David Hamilton,,,
170,5217577704,Chitownkilla9913,0,73.4,1B Andrew Vaughn 2B Tommy Edman 3B Kike Hernandez C William Contreras OF Jackson Chourio OF Jake Bauers OF Andy Pages P Jacob deGrom P Walbert Urena SS Miguel Rojas,,,
170,5217613529,csoxfive,0,73.4,1B Andrew Vaughn 2B Brice Turang 3B David Hamilton C Elias Diaz OF Jackson Chourio OF Jake Bauers OF Andy Pages P Jacob deGrom P Walbert Urena SS Miguel Rojas,,,
173,5217461324,mrbig91,0,73.2,1B Jake Bauers 2B Tommy Edman 3B Ezequiel Duran C William Contreras OF Mike Trout OF Andy Pages OF Brandon Nimmo P Walbert Urena P Roki Sasaki SS Miguel Rojas,,,
173,5217629201,moldova,0,73.2,1B Nolan Schanuel 2B Tommy Edman 3B Vaughn Grissom C William Contreras OF Shohei Ohtani OF Andy Pages OF Wade Meckler P Walbert Urena P Roki Sasaki SS Corey Seager,,,
175,5217450907,drewpatrick,0,72.4,1B Jake Bauers 2B Tommy Edman 3B David Hamilton C William Contreras OF Jackson Chourio OF Andy Pages OF Brandon Nimmo P Jacob deGrom P Walbert Urena SS Miguel Rojas,,,
175,5217521407,WaitTilNextYear,0,72.4,1B Shohei Ohtani 2B Tommy Edman 3B Andrew Vaughn C Gary Sanchez OF Andy Pages OF Garrett Mitchell OF Teoscar Hernandez P Jacob deGrom P Walbert Urena SS Miguel Rojas,,,
175,5217529167,MrVoski,0,72.4,1B Shohei Ohtani 2B Miguel Rojas 3B David Hamilton C Gary Sanchez OF Mike Trout OF Jake Bauers OF Andy Pages P Jacob deGrom P Roki Sasaki SS Joey Ortiz,,,
175,5217604039,dtapper29,0,72.4,1B Jake Bauers 2B Tommy Edman 3B Kike Hernandez C Gary Sanchez OF Shohei Ohtani OF Garrett Mitchell OF Teoscar Hernandez P Jacob deGrom P Walbert Urena SS Miguel Rojas,,,
175,5217609895,Do_Figolo_Chip,0,72.4,1B Freddie Freeman 2B Tommy Edman 3B Joey Ortiz C Austin Wynns OF Jackson Chourio OF Wyatt Langford OF Teoscar Hernandez P Jacob deGrom P Walbert Urena SS Corey Seager,,,
175,5217628452,starmap3333,0,72.4,1B Joc Pederson 2B Tommy Edman 3B Kike Hernandez C Gary Sanchez OF Jackson Chourio OF Jake Bauers OF Andy Pages P Jacob deGrom P Walbert Urena SS Nicky Lopez,,,
175,5217709253,LucaButt,0,72.4,1B Joc Pederson 2B Tommy Edman 3B Joey Ortiz C William Contreras OF Shohei Ohtani OF Jake Bauers OF Christian Yelich P Jacob deGrom P Walbert Urena SS Miguel Rojas,,,
175,5217823685,jellycow,0,72.4,1B Shohei Ohtani 2B Tommy Edman 3B Andrew Vaughn C Gary Sanchez OF Andy Pages OF Garrett Mitchell OF Teoscar Hernandez P Jacob deGrom P Walbert Urena SS Miguel Rojas,,,
183,5217286609,renegadebaumers,0,72.2,1B Nolan Schanuel 2B Tommy Edman 3B Ezequiel Duran C Moises Ballesteros OF Shohei Ohtani OF Jackson Chourio OF Andy Pages P Walbert Urena P Roki Sasaki SS Corey Seager,,,
183,5217371805,cambridgep,0,72.2,1B Freddie Freeman 2B Vaughn Grissom 3B Ezequiel Duran C Gary Sanchez OF Mike Trout OF Andy Pages OF Teoscar Hernandez P Walbert Urena P Roki Sasaki SS Corey Seager,,,
183,5217681962,Sean-Bubble,0,72.2,1B Nolan Schanuel 2B Tommy Edman 3B Kike Hernandez C William Contreras OF Shohei Ohtani OF Mike Trout OF Teoscar Hernandez P Walbert Urena P Roki Sasaki SS Zach Neto,,,
183,5217779372,GoAngels19,0,72.2,1B Shohei Ohtani 2B Vaughn Grissom 3B Ezequiel Duran C William Contreras OF Mike Trout OF Andy Pages OF Brandon Nimmo P Walbert Urena P Roki Sasaki SS David Hamilton,,,
187,5217501926,marino82867,0,71.7,1B Andrew Vaughn 2B Tommy Edman 3B David Hamilton C William Contreras OF Jake Bauers OF Andy Pages OF Wyatt Langford P Jacob deGrom P Shane Drohan SS Joey Ortiz,,,
188,5217053584,foutah,0,71.5,1B Shohei Ohtani 2B Tommy Edman 3B Ezequiel Duran C William Contreras OF Jackson Chourio OF Jose Siri OF Josh Lowe P Roki Sasaki P Shane Drohan SS David Hamilton,,,
188,5217650663,claudin5,0,71.5,1B Nolan Schanuel 2B Vaughn Grissom 3B Denzer Guzman C William Contreras OF Jackson Chourio OF Wyatt Langford OF Evan Carter P Roki Sasaki P Shane Drohan SS Corey Seager,,,
190,5217392547,gazmon,0,71.4,1B Freddie Freeman 2B Tommy Edman 3B Andrew Vaughn C Gary Sanchez OF Andy Pages OF Kyle Tucker OF Kike Hernandez P Jacob deGrom P Walbert Urena SS Joey Ortiz,,,
190,5217442791,eddie4k,0,71.4,1B Freddie Freeman 2B Tommy Edman 3B Andrew Vaughn C Moises Ballesteros OF Shohei Ohtani OF Teoscar Hernandez OF Brandon Nimmo P Jacob deGrom P Walbert Urena SS Miguel Rojas,,,
190,5217513205,myres12384,0,71.4,1B Freddie Freeman 2B Tommy Edman 3B David Hamilton C William Contreras OF Jake Bauers OF Christian Yelich OF Teoscar Hernandez P Jacob deGrom P Walbert Urena SS Miguel Rojas,,,
190,5217569552,Scowinston,0,71.4,1B Shohei Ohtani 2B Tommy Edman 3B David Hamilton C Ben Rortvedt OF Jackson Chourio OF Christian Yelich OF Kyle Tucker P Jacob deGrom P Walbert Urena SS Miguel Rojas,,,
190,5217677263,colochini503,0,71.4,1B Shohei Ohtani 2B Adam Frazier 3B Vaughn Grissom C Moises Ballesteros OF Jackson Chourio OF Mike Trout OF Andy Pages P Jacob deGrom P Roki Sasaki SS Miguel Rojas,,,
190,5217804575,notlaw33,0,71.4,1B Andrew Vaughn 2B Nicky Lopez 3B David Hamilton C Austin Wynns OF Shohei Ohtani OF Jackson Chourio OF Mike Trout P Jacob deGrom P Roki Sasaki SS Corey Seager,,,
196,5217332906,capitanfuton,0,71.2,1B Freddie Freeman 2B Tommy Edman 3B Vaughn Grissom C Moises Ballesteros OF Shohei Ohtani OF Andy Pages OF Teoscar Hernandez P Walbert Urena P Roki Sasaki SS Corey Seager,,,
196,5217491749,GeMSta69,0,71.2,1B Shohei Ohtani 2B Vaughn Grissom 3B Kike Hernandez C Moises Ballesteros OF Mike Trout OF Andy Pages OF Christian Yelich P Walbert Urena P Roki Sasaki SS Corey Seager,,,
196,5217497399,Edd436811,0,71.2,1B Freddie Freeman 2B Tommy Edman 3B Vaughn Grissom C Moises Ballesteros OF Shohei Ohtani OF Kyle Tucker OF Teoscar Hernandez P Walbert Urena P Roki Sasaki SS Corey Seager,,,
196,5217510793,cyruscyrus,0,71.2,1B Freddie Freeman 2B Tommy Edman 3B Vaughn Grissom C Moises Ballesteros OF Shohei Ohtani OF Andy Pages OF Teoscar Hernandez P Walbert Urena P Roki Sasaki SS Corey Seager,,,
196,5217745724,kfahey42,0,71.2,1B Nolan Schanuel 2B Miguel Rojas 3B Ezequiel Duran C Gary Sanchez OF Shohei Ohtani OF Jackson Chourio OF Brandon Nimmo P Walbert Urena P Roki Sasaki SS Corey Seager,,,
201,5217459621,ajmack01,0,70.7,1B Nolan Schanuel 2B Tommy Edman 3B Andrew Vaughn C William Contreras OF Jackson Chourio OF Mike Trout OF Brandon Nimmo P Jacob deGrom P Shane Drohan SS Corey Seager,,,
201,5217770421,sopolis,0,70.7,1B Jake Bauers 2B Justin Foscue 3B Andrew Vaughn C Gary Sanchez OF Jackson Chourio OF Wyatt Langford OF Garrett Mitchell P Jacob deGrom P Shane Drohan SS Nicky Lopez,,,
203,5217094860,Elwaysarmy,0,70.5,1B Shohei Ohtani 2B Vaughn Grissom 3B Denzer Guzman C Moises Ballesteros OF Wyatt Langford OF Evan Carter OF Jose Siri P Roki Sasaki P Shane Drohan SS Corey Seager,,,
203,5217500489,Drepone,0,70.5,1B Nolan Schanuel 2B Vaughn Grissom 3B Andrew Vaughn C William Contreras OF Shohei Ohtani OF Jackson Chourio OF Christian Yelich P Roki Sasaki P Shane Drohan SS Corey Seager,,,
205,5217208207,zona1011,0,70.4,1B Freddie Freeman 2B Tommy Edman 3B David Hamilton C Moises Ballesteros OF Shohei Ohtani OF Andy Pages OF Teoscar Hernandez P Jacob deGrom P Walbert Urena SS Nicky Lopez,,,
206,5216857983,Toolman521,0,70.2,1B Jake Bauers 2B Vaughn Grissom 3B Ezequiel Duran C Moises Ballesteros OF Shohei Ohtani OF Andy Pages OF Christian Yelich P Walbert Urena P Roki Sasaki SS Corey Seager,,,
206,5217390953,vetterunner,0,70.2,1B Shohei Ohtani 2B Miguel Rojas 3B Andrew Vaughn C William Contreras OF Jackson Chourio OF Andy Pages OF Wade Meckler P Walbert Urena P Roki Sasaki SS Corey Seager,,,
206,5217427098,sirdiggsalot,0,70.2,1B Shohei Ohtani 2B Tommy Edman 3B Kike Hernandez C Moises Ballesteros OF Mike Trout OF Andy Pages OF Teoscar Hernandez P Walbert Urena P Roki Sasaki SS Corey Seager,,,
206,5217431733,richmondrob7,0,70.2,1B Freddie Freeman 2B Tommy Edman 3B Joey Ortiz C Moises Ballesteros OF Shohei Ohtani OF Andy Pages OF Kyle Tucker P Walbert Urena P Roki Sasaki SS Corey Seager,,,
206,5217444911,GBJordy87,0,70.2,1B Freddie Freeman 2B Tommy Edman 3B Joey Ortiz C Moises Ballesteros OF Shohei Ohtani OF Andy Pages OF Kyle Tucker P Walbert Urena P Roki Sasaki SS Corey Seager,,,
206,5217546052,p1boggan,0,70.2,1B Shohei Ohtani 2B Tommy Edman 3B Kike Hernandez C Moises Ballesteros OF Mike Trout OF Andy Pages OF Teoscar Hernandez P Walbert Urena P Roki Sasaki SS Corey Seager,,,
206,5217554874,typ941,0,70.2,1B Joc Pederson 2B Brice Turang 3B David Hamilton C William Contreras OF Shohei Ohtani OF Jackson Chourio OF Brandon Nimmo P Walbert Urena P Roki Sasaki SS Joey Ortiz,,,
213,5217499667,GHROSS,0,69.4,1B Andrew Vaughn 2B Justin Foscue 3B Max Muncy C William Contreras OF Andy Pages OF Tommy Edman OF Teoscar Hernandez P Jacob deGrom P Walbert Urena SS Mookie Betts,,,
214,5217527125,dext56ses,0,68.7,1B Jake Bauers 2B Tommy Edman 3B Ezequiel Duran C William Contreras OF Mike Trout OF Wyatt Langford OF Garrett Mitchell P Jacob deGrom P Shane Drohan SS Joey Ortiz,,,
214,5217527530,tical1994,0,68.7,1B Jake Bauers 2B Miguel Rojas 3B Andrew Vaughn C Gary Sanchez OF Jackson Chourio OF Wyatt Langford OF Garrett Mitchell P Jacob deGrom P Shane Drohan SS Corey Seager,,,
216,5217278676,WHITGAR,0,68.4,1B Freddie Freeman 2B Miguel Rojas 3B Andrew Vaughn C Gary Sanchez OF Shohei Ohtani OF Brandon Nimmo OF Wade Meckler P Jacob deGrom P Walbert Urena SS Corey Seager,,,
216,5217543031,jlp4765,0,68.4,1B Freddie Freeman 2B Tommy Edman 3B David Hamilton C Moises Ballesteros OF Shohei Ohtani OF Andy Pages OF Garrett Mitchell P Jacob deGrom P Walbert Urena SS Miguel Rojas,,,
216,5217649460,Koolkeeph1,0,68.4,1B Joc Pederson 2B Adam Frazier 3B Vaughn Grissom C William Contreras OF Shohei Ohtani OF Andy Pages OF Tommy Edman P Jacob deGrom P Walbert Urena SS Corey Seager,,,
216,5217830689,kyson1114,0,68.4,1B Andrew Vaughn 2B Tommy Edman 3B Kike Hernandez C William Contreras OF Shohei Ohtani OF Christian Yelich OF Teoscar Hernandez P Jacob deGrom P Walbert Urena SS David Hamilton,,,
220,5217151526,iamawful,0,67.7,1B Joc Pederson 2B Nicky Lopez 3B Andrew Vaughn C Gary Sanchez OF Jackson Chourio OF Jake Bauers OF Wyatt Langford P Jacob deGrom P Shane Drohan SS Corey Seager,,,
220,5217749261,jromani12,0,67.7,1B Andrew Vaughn 2B Vaughn Grissom 3B David Hamilton C William Contreras OF Shohei Ohtani OF Wyatt Langford OF Brandon Nimmo P Jacob deGrom P Shane Drohan SS Joey Ortiz,,,
220,5217813219,budaman3195,0,67.7,1B Joc Pederson 2B Vaughn Grissom 3B Andrew Vaughn C Gary Sanchez OF Jackson Chourio OF Mike Trout OF Andy Pages P Jacob deGrom P Shane Drohan SS Corey Seager,,,
223,5217516232,egoaltered,0,67.4,1B Andrew Vaughn 2B Tommy Edman 3B Kike Hernandez C Moises Ballesteros OF Jackson Chourio OF Andy Pages OF Christian Yelich P Jacob deGrom P Walbert Urena SS Corey Seager,,,
223,5217553579,DrChester,0,67.4,1B Jake Burger 2B Miguel Rojas 3B Max Muncy C Bo Naylor OF Shohei Ohtani OF Garrett Mitchell OF Tyler Black P Jacob deGrom P Walbert Urena SS Nicky Lopez,,,
223,5217670293,modece,0,67.4,1B Freddie Freeman 2B Miguel Rojas 3B Andrew Vaughn C William Contreras OF Shohei Ohtani OF Christian Yelich OF Kike Hernandez P Jacob deGrom P Walbert Urena SS Joey Ortiz,,,
226,5217029246,tolson07,0,66.4,1B Jake Bauers 2B Miguel Rojas 3B Kike Hernandez C William Contreras OF Jackson Chourio OF Kyle Tucker OF Garrett Mitchell P Jacob deGrom P Walbert Urena SS David Hamilton,,,
226,5217649728,realtoray,0,66.4,1B Jake Bauers 2B Tommy Edman 3B Kike Hernandez C William Contreras OF Jackson Chourio OF Andy Pages OF Wade Meckler P Jacob deGrom P Walbert Urena SS Miguel Rojas,,,
228,5217576726,Gashouse3501,0,66.2,1B Shohei Ohtani 2B Miguel Rojas 3B Kike Hernandez C Gary Sanchez OF Mike Trout OF Andy Pages OF Brandon Nimmo P Walbert Urena P Roki Sasaki SS Corey Seager,,,
228,5217615156,MartyG1948,0,66.2,1B Nolan Schanuel 2B Miguel Rojas 3B Ezequiel Duran C William Contreras OF Shohei Ohtani OF Mike Trout OF Brandon Nimmo P Walbert Urena P Roki Sasaki SS Zach Neto,,,
228,5217678465,Stagnet,0,66.2,1B Shohei Ohtani 2B Tommy Edman 3B Vaughn Grissom C William Contreras OF Andy Pages OF Brandon Nimmo OF Wade Meckler P Walbert Urena P Roki Sasaki SS Corey Seager,,,
228,5217801646,Cobra777666777,0,66.2,1B Freddie Freeman 2B Miguel Rojas 3B Ezequiel Duran C Moises Ballesteros OF Shohei Ohtani OF Mike Trout OF Kyle Tucker P Walbert Urena P Roki Sasaki SS Corey Seager,,,
232,5217169597,ivymoose,0,65.5,1B Nolan Schanuel 2B Vaughn Grissom 3B Ezequiel Duran C Austin Wynns OF Mike Trout OF Wyatt Langford OF Wade Meckler P Roki Sasaki P Shane Drohan SS Corey Seager,,,
233,5217537502,mike311616,0,65.4,1B Shohei Ohtani 2B Adam Frazier 3B Ezequiel Duran C Moises Ballesteros OF Jackson Chourio OF Mike Trout OF Andy Pages P Jacob deGrom P Roki Sasaki SS Nicky Lopez,,,
233,5217813208,lumppology,0,65.4,1B Shohei Ohtani 2B Tommy Edman 3B Joey Ortiz C William Contreras OF Andy Pages OF Garrett Mitchell OF Teoscar Hernandez P Jacob deGrom P Walbert Urena SS Miguel Rojas,,,
233,5217824435,d9144,0,65.4,1B Shohei Ohtani 2B Miguel Rojas 3B Andrew Vaughn C Gary Sanchez OF Andy Pages OF Garrett Mitchell OF Teoscar Hernandez P Jacob deGrom P Walbert Urena SS Corey Seager,,,
236,5217496194,toby2977,0,65.2,1B Freddie Freeman 2B Vaughn Grissom 3B Kike Hernandez C William Contreras OF Mike Trout OF Christian Yelich OF Kyle Tucker P Walbert Urena P Roki Sasaki SS Corey Seager,,,
236,5217576147,1yooper1,0,65.2,1B Jake Bauers 2B Tommy Edman 3B Ezequiel Duran C Elias Diaz OF Jackson Chourio OF Andy Pages OF Brandon Nimmo P Walbert Urena P Roki Sasaki SS Zach Neto,,,
236,5217586085,dsf435,0,65.2,1B Shohei Ohtani 2B Tommy Edman 3B Ezequiel Duran C Elias Diaz OF Mike Trout OF Wyatt Langford OF Kike Hernandez P Walbert Urena P Roki Sasaki SS Corey Seager,,,
239,5217547007,24129669,0,64.7,1B Freddie Freeman 2B Tommy Edman 3B Ezequiel Duran C Gary Sanchez OF Mike Trout OF Wyatt Langford OF Wade Meckler P Jacob deGrom P Shane Drohan SS David Hamilton,,,
239,5217814278,Papia27,0,64.7,1B Jake Bauers 2B Justin Foscue 3B Joey Ortiz C Gary Sanchez OF Jackson Chourio OF Wyatt Langford OF Garrett Mitchell P Jacob deGrom P Shane Drohan SS Corey Seager,,,
241,5217493996,Drewski9090,0,64.4,1B Jake Bauers 2B Miguel Rojas 3B Andrew Vaughn C Gary Sanchez OF Jackson Chourio OF Garrett Mitchell OF Teoscar Hernandez P Jacob deGrom P Roki Sasaki SS Corey Seager,,,
241,5217741882,beisbol7,0,64.4,1B Freddie Freeman 2B Vaughn Grissom 3B Andrew Vaughn C Gary Sanchez OF Shohei Ohtani OF Jake Bauers OF Kike Hernandez P Jacob deGrom P Roki Sasaki SS Miguel Rojas,,,
241,5217808665,Ragz_To_Richez,0,64.4,1B Shohei Ohtani 2B Miguel Rojas 3B David Hamilton C Moises Ballesteros OF Jake Bauers OF Andy Pages OF Kyle Tucker P Jacob deGrom P Walbert Urena SS Corey Seager,,,
244,5216932195,blitzburgh07,0,63.7,1B Jake Bauers 2B Tommy Edman 3B David Hamilton C Moises Ballesteros OF Jackson Chourio OF Andy Pages OF Christian Yelich P Jacob deGrom P Shane Drohan SS Corey Seager,,,
245,5217198437,Jchyk12,0,63.4,1B Andrew Vaughn 2B Tommy Edman 3B Ezequiel Duran C William Contreras OF Andy Pages OF Christian Yelich OF Kyle Tucker P Jacob deGrom P Walbert Urena SS Joey Ortiz,,,
245,5217210394,CDA80,0,63.4,1B Joc Pederson 2B Tommy Edman 3B Andrew Vaughn C Gary Sanchez OF Shohei Ohtani OF Mike Trout OF Wade Meckler P Jacob deGrom P Roki Sasaki SS Corey Seager,,,
245,5217441717,winningfaith,0,63.4,1B Shohei Ohtani 2B Miguel Rojas 3B Vaughn Grissom C Gary Sanchez OF Mike Trout OF Tommy Edman OF Teoscar Hernandez P Jacob deGrom P Roki Sasaki SS Corey Seager,,,
245,5217628481,bartletto,0,63.4,1B Freddie Freeman 2B Tommy Edman 3B Denzer Guzman C Ben Rortvedt OF Shohei Ohtani OF Mike Trout OF Kike Hernandez P Jacob deGrom P Roki Sasaki SS Corey Seager,,,
245,5217662411,MSelak17,0,63.4,1B Jake Bauers 2B Miguel Rojas 3B Kike Hernandez C Gary Sanchez OF Jackson Chourio OF Andy Pages OF Brandon Nimmo P Jacob deGrom P Walbert Urena SS Corey Seager,,,
245,5217674095,wildwildwilly,0,63.4,1B Freddie Freeman 2B Tommy Edman 3B Kike Hernandez C Gary Sanchez OF Shohei Ohtani OF Brandon Nimmo OF Wade Meckler P Jacob deGrom P Walbert Urena SS Miguel Rojas,,,
245,5217726330,pdanielsjr,0,63.4,1B Jake Bauers 2B Miguel Rojas 3B Joey Ortiz C Moises Ballesteros OF Shohei Ohtani OF Mike Trout OF Andy Pages P Jacob deGrom P Roki Sasaki SS Corey Seager,,,
252,5217426807,WJH321,0,63.2,1B Shohei Ohtani 2B Miguel Rojas 3B Ezequiel Duran C Hunter Feduccia OF Jackson Chourio OF Jake Bauers OF Andy Pages P Walbert Urena P Roki Sasaki SS Mookie Betts,,,
252,5217521482,BradMason5,0,63.2,1B Freddie Freeman 2B Nicky Lopez 3B Ezequiel Duran C William Contreras OF Shohei Ohtani OF Andy Pages OF Tommy Edman P Walbert Urena P Roki Sasaki SS Miguel Rojas,,,
254,5217514365,Yeahman2721,0,62.7,1B Jake Bauers 2B Tommy Edman 3B Andrew Vaughn C William Contreras OF Shohei Ohtani OF Wyatt Langford OF Evan Carter P Jacob deGrom P Shane Drohan SS Miguel Rojas,,,
254,5217596771,rsciero,0,62.7,1B Jake Bauers 2B Nicky Lopez 3B David Hamilton C William Contreras OF Jackson Chourio OF Wyatt Langford OF Garrett Mitchell P Jacob deGrom P Shane Drohan SS Corey Seager,,,
254,5217718393,MKLars,0,62.7,1B Joc Pederson 2B Vaughn Grissom 3B David Hamilton C William Contreras OF Jackson Chourio OF Mike Trout OF Garrett Mitchell P Jacob deGrom P Shane Drohan SS Corey Seager,,,
254,5217726016,markmajors,0,62.7,1B Shohei Ohtani 2B Nicky Lopez 3B David Hamilton C Gary Sanchez OF Jake Bauers OF Andy Pages OF Garrett Mitchell P Jacob deGrom P Shane Drohan SS Corey Seager,,,
254,5217742823,kevingagel,0,62.7,1B Joc Pederson 2B Vaughn Grissom 3B Andrew Vaughn C William Contreras OF Jackson Chourio OF Jake Bauers OF Wyatt Langford P Jacob deGrom P Shane Drohan SS Corey Seager,,,
259,5217081009,nodnarb32,0,62.4,1B Joc Pederson 2B Vaughn Grissom 3B Andrew Vaughn C Austin Wynns OF Shohei Ohtani OF Mike Trout OF Andy Pages P Jacob deGrom P Roki Sasaki SS David Hamilton,,,
259,5217537475,semmler72,0,62.4,1B Shohei Ohtani 2B Miguel Rojas 3B Ezequiel Duran C William Contreras OF Jake Bauers OF Christian Yelich OF Teoscar Hernandez P Jacob deGrom P Walbert Urena SS Nicky Lopez,,,
259,5217710967,Wolfskiii77,0,62.4,1B Shohei Ohtani 2B Tommy Edman 3B David Hamilton C William Contreras OF Andy Pages OF Garrett Mitchell OF Teoscar Hernandez P Jacob deGrom P Walbert Urena SS Miguel Rojas,,,
262,5217481899,redmond237,0,62.2,1B Joc Pederson 2B Miguel Rojas 3B Ezequiel Duran C William Contreras OF Shohei Ohtani OF Mike Trout OF Wade Meckler P Walbert Urena P Roki Sasaki SS Corey Seager,,,
262,5217655172,KUMASAL,0,62.2,1B Shohei Ohtani 2B Brice Turang 3B Ezequiel Duran C Moises Ballesteros OF Jake Bauers OF Teoscar Hernandez OF Brandon Nimmo P Walbert Urena P Roki Sasaki SS Corey Seager,,,
264,5217433676,johnz123,0,61.7,1B Jake Bauers 2B Justin Foscue 3B David Hamilton C Gary Sanchez OF Jackson Chourio OF Wyatt Langford OF Garrett Mitchell P Jacob deGrom P Shane Drohan SS Corey Seager,,,
264,5217521529,revleitner,0,61.7,1B Shohei Ohtani 2B Miguel Rojas 3B Andrew Vaughn C William Contreras OF Jackson Chourio OF Wyatt Langford OF Josh Lowe P Jacob deGrom P Shane Drohan SS Corey Seager,,,
264,5217547707,KILLANADZ24,0,61.7,1B Andrew Vaughn 2B Justin Foscue 3B Ezequiel Duran C Gary Sanchez OF Jackson Chourio OF Jake Bauers OF Garrett Mitchell P Jacob deGrom P Shane Drohan SS Corey Seager,,,
267,5217323984,Cantgetright510,0,61.4,1B Joc Pederson 2B Tommy Edman 3B Vaughn Grissom C Ben Rortvedt OF Shohei Ohtani OF Kyle Tucker OF Teoscar Hernandez P Jacob deGrom P Walbert Urena SS Corey Seager,,,
267,5217543571,BoomerTesch,0,61.4,1B Joc Pederson 2B Tommy Edman 3B Joey Ortiz C Austin Wynns OF Shohei Ohtani OF Mike Trout OF Garrett Mitchell P Jacob deGrom P Roki Sasaki SS Miguel Rojas,,,
267,5217566593,ajanijacobs,0,61.4,1B Freddie Freeman 2B Miguel Rojas 3B David Hamilton C Gary Sanchez OF Andy Pages OF Wyatt Langford OF Garrett Mitchell P Jacob deGrom P Walbert Urena SS Corey Seager,,,
267,5217611220,bigfly15,0,61.4,1B Jake Bauers 2B Nicky Lopez 3B Ezequiel Duran C Gary Sanchez OF Mike Trout OF Andy Pages OF Tommy Edman P Jacob deGrom P Roki Sasaki SS Corey Seager,,,
271,5217385511,willdog638,0,60.7,1B Shohei Ohtani 2B Miguel Rojas 3B Joey Ortiz C Gary Sanchez OF Mike Trout OF Christian Yelich OF Kyle Tucker P Jacob deGrom P Shane Drohan SS Corey Seager,,,
271,5217616777,mrxkronz,0,60.7,1B Joc Pederson 2B Tommy Edman 3B Joey Ortiz C Gary Sanchez OF Shohei Ohtani OF Jackson Chourio OF Brandon Nimmo P Jacob deGrom P Shane Drohan SS Corey Seager,,,
271,5217631664,Bitmeee,0,60.7,1B Jake Bauers 2B Adam Frazier 3B Ezequiel Duran C Austin Wynns OF Jackson Chourio OF Brandon Nimmo OF Evan Carter P Jacob deGrom P Shane Drohan SS Corey Seager,,,
274,5217384775,bunit1388,0,60.4,1B Jake Bauers 2B Brice Turang 3B David Hamilton C Moises Ballesteros OF Andy Pages OF Brandon Nimmo OF Wade Meckler P Jacob deGrom P Walbert Urena SS Mookie Betts,,,
274,5217551624,Hockeybob8,0,60.4,1B Joc Pederson 2B Tommy Edman 3B Ezequiel Duran C Gary Sanchez OF Mike Trout OF Jake Bauers OF Andy Pages P Jacob deGrom P Roki Sasaki SS David Hamilton,,,
274,5217574702,haitiankid79,0,60.4,1B Shohei Ohtani 2B Vaughn Grissom 3B Max Muncy C William Contreras OF Christian Yelich OF Kike Hernandez OF Josh Lowe P Jacob deGrom P Roki Sasaki SS Corey Seager,,,
274,5217607570,GoMudDogs,0,60.4,1B Freddie Freeman 2B Tommy Edman 3B Ezequiel Duran C Ben Rortvedt OF Shohei Ohtani OF Mike Trout OF Brandon Nimmo P Jacob deGrom P Roki Sasaki SS Joey Ortiz,,,
274,5217653746,phfact0r49,0,60.4,1B Joc Pederson 2B Miguel Rojas 3B Joey Ortiz C Moises Ballesteros OF Shohei Ohtani OF Jackson Chourio OF Mike Trout P Jacob deGrom P Roki Sasaki SS Corey Seager,,,
274,5217761337,mrgolfnmore,0,60.4,1B Freddie Freeman 2B Vaughn Grissom 3B David Hamilton C Gary Sanchez OF Shohei Ohtani OF Andy Pages OF Teoscar Hernandez P Jacob deGrom P Roki Sasaki SS Joey Ortiz,,,
274,5217767092,LimeGreen86,0,60.4,1B Shohei Ohtani 2B Justin Foscue 3B Ezequiel Duran C Austin Wynns OF Jackson Chourio OF Kike Hernandez OF Jose Siri P Jacob deGrom P Walbert Urena SS David Hamilton,,,
281,5217363153,YoDoggs,0,59.7,1B Joc Pederson 2B Justin Foscue 3B Andrew Vaughn C Gary Sanchez OF Jackson Chourio OF Jake Bauers OF Wyatt Langford P Jacob deGrom P Shane Drohan SS Corey Seager,,,
281,5217507228,Segundo2112,0,59.7,1B Freddie Freeman 2B Nicky Lopez 3B Andrew Vaughn C Gary Sanchez OF Jackson Chourio OF Andy Pages OF Teoscar Hernandez P Jacob deGrom P Shane Drohan SS Corey Seager,,,
283,5217466222,jethro77,0,59.5,1B Joc Pederson 2B Tommy Edman 3B Ezequiel Duran C Gary Sanchez OF Shohei Ohtani OF Mike Trout OF Wyatt Langford P Roki Sasaki P Shane Drohan SS Corey Seager,,,
284,5217469685,CowLamp,0,59.4,1B Joc Pederson 2B Brice Turang 3B Max Muncy C Hunter Feduccia OF Jackson Chourio OF Teoscar Hernandez OF Brandon Nimmo P Jacob deGrom P Walbert Urena SS Mookie Betts,,,
284,5217533756,HardReign,0,59.4,1B Shohei Ohtani 2B Tommy Edman 3B Kike Hernandez C Gary Sanchez OF Jake Bauers OF Garrett Mitchell OF Brandon Nimmo P Jacob deGrom P Roki Sasaki SS David Hamilton,,,
284,5217566046,tom.kingery28,0,59.4,1B Freddie Freeman 2B Vaughn Grissom 3B Kike Hernandez C Gary Sanchez OF Shohei Ohtani OF Tommy Edman OF Josh Lowe P Jacob deGrom P Roki Sasaki SS Corey Seager,,,
284,5217752350,jimrong79,0,59.4,1B Jake Bauers 2B Vaughn Grissom 3B David Hamilton C William Contreras OF Jackson Chourio OF Garrett Mitchell OF Brandon Nimmo P Jacob deGrom P Roki Sasaki SS Corey Seager,,,
288,5217038086,Powers12345,0,58.4,1B Joc Pederson 2B Tommy Edman 3B Ezequiel Duran C Gary Sanchez OF Shohei Ohtani OF Mike Trout OF Josh Lowe P Jacob deGrom P Roki Sasaki SS Corey Seager,,,
288,5217120410,LMS77,0,58.4,1B Joc Pederson 2B Tommy Edman 3B Ezequiel Duran C Gary Sanchez OF Shohei Ohtani OF Mike Trout OF Josh Lowe P Jacob deGrom P Roki Sasaki SS Corey Seager,,,
288,5217502017,chefratskie42,0,58.4,1B Jake Bauers 2B Vaughn Grissom 3B Andrew Vaughn C Moises Ballesteros OF Shohei Ohtani OF Kyle Tucker OF Brandon Nimmo P Jacob deGrom P Roki Sasaki SS Corey Seager,,,
288,5217793979,aasdfghjkirst10,0,58.4,1B Shohei Ohtani 2B Tommy Edman 3B Denzer Guzman C Ben Rortvedt OF Jake Bauers OF Andy Pages OF Kyle Tucker P Jacob deGrom P Roki Sasaki SS Corey Seager,,,
292,5217101315,klb510,0,57.7,1B Freddie Freeman 2B Nicky Lopez 3B Joey Ortiz C Moises Ballesteros OF Jackson Chourio OF Christian Yelich OF Kyle Tucker P Jacob deGrom P Shane Drohan SS Corey Seager,,,
292,5217455670,un_inc57,0,57.7,1B Joc Pederson 2B Nicky Lopez 3B Andrew Vaughn C Gary Sanchez OF Jackson Chourio OF Wyatt Langford OF Brandon Nimmo P Jacob deGrom P Shane Drohan SS Corey Seager,,,
292,5217592428,boricuamalito,0,57.7,1B Joc Pederson 2B Justin Foscue 3B Andrew Vaughn C Austin Wynns OF Shohei Ohtani OF Jackson Chourio OF Jake Bauers P Jacob deGrom P Shane Drohan SS Corey Seager,,,
295,5217594027,gertyfebleslopez,0,57.5,1B Freddie Freeman 2B Adam Frazier 3B Yoan Moncada C William Contreras OF Shohei Ohtani OF Mike Trout OF Andy Pages P Roki Sasaki P Shane Drohan SS Zach Neto,,,
296,5217506820,sehanshaw,0,57.4,1B Freddie Freeman 2B Miguel Rojas 3B Ezequiel Duran C Moises Ballesteros OF Shohei Ohtani OF Andy Pages OF Kyle Tucker P Jacob deGrom P Walbert Urena SS Joey Ortiz,,,
296,5217744924,RJJIII,0,57.4,1B Shohei Ohtani 2B Tommy Edman 3B Vaughn Grissom C Ben Rortvedt OF Jackson Chourio OF Garrett Mitchell OF Brandon Nimmo P Jacob deGrom P Roki Sasaki SS Corey Seager,,,
296,5217824053,CowboyTrucker,0,57.4,1B Joc Pederson 2B Miguel Rojas 3B Kike Hernandez C Gary Sanchez OF Shohei Ohtani OF Jackson Chourio OF Teoscar Hernandez P Jacob deGrom P Walbert Urena SS Corey Seager,,,
299,5217686562,Pdenny7227,0,56.7,1B Joc Pederson 2B Vaughn Grissom 3B Kike Hernandez C Gary Sanchez OF Shohei Ohtani OF Mike Trout OF Garrett Mitchell P Jacob deGrom P Shane Drohan SS Corey Seager,,,
300,5217109072,Ray31200,0,56.4,1B Nolan Schanuel 2B Tommy Edman 3B Vaughn Grissom C William Contreras OF Jackson Chourio OF Garrett Mitchell OF Brandon Nimmo P Jacob deGrom P Roki Sasaki SS Corey Seager,,,
300,5217455261,Oscartino6,0,56.4,1B Joc Pederson 2B Tommy Edman 3B Andrew Vaughn C Ben Rortvedt OF Shohei Ohtani OF Mike Trout OF Andy Pages P Jacob deGrom P Roki Sasaki SS Corey Seager,,,
300,5217496877,MissingManning,0,56.4,1B Shohei Ohtani 2B Miguel Rojas 3B David Hamilton C Gary Sanchez OF Andy Pages OF Kyle Tucker OF Brandon Nimmo P Jacob deGrom P Walbert Urena SS Corey Seager,,,
300,5217512582,albie4,0,56.4,1B Shohei Ohtani 2B Miguel Rojas 3B Ezequiel Duran C Austin Wynns OF Jackson Chourio OF Mike Trout OF Andy Pages P Jacob deGrom P Roki Sasaki SS Joey Ortiz,,,
300,5217554853,Q33Q,0,56.4,1B Joc Pederson 2B Jihwan Bae 3B Kike Hernandez C William Contreras OF Shohei Ohtani OF Mike Trout OF Tommy Edman P Jacob deGrom P Walbert Urena SS Corey Seager,,,
300,5217745434,HeatherisHot,0,56.4,1B Shohei Ohtani 2B Vaughn Grissom 3B Ezequiel Duran C Ben Rortvedt OF Jake Bauers OF Tommy Edman OF Teoscar Hernandez P Jacob deGrom P Roki Sasaki SS Corey Seager,,,
300,5217821012,dbec19741,0,56.4,1B Joc Pederson 2B Tommy Edman 3B Joey Ortiz C Moises Ballesteros OF Shohei Ohtani OF Mike Trout OF Andy Pages P Jacob deGrom P Roki Sasaki SS Corey Seager,,,
307,5217422032,FantasyCrusader,0,55.7,1B Joc Pederson 2B Tommy Edman 3B Ezequiel Duran C Gary Sanchez OF Jackson Chourio OF Jake Bauers OF Brandon Nimmo P Jacob deGrom P Shane Drohan SS Corey Seager,,,
307,5217526250,fantasy_catastrophe,0,55.7,1B Joc Pederson 2B Tommy Edman 3B Ezequiel Duran C Gary Sanchez OF Shohei Ohtani OF Mike Trout OF Wade Meckler P Jacob deGrom P Shane Drohan SS Corey Seager,,,
307,5217533563,TheKingKaz,0,55.7,1B Joc Pederson 2B Nicky Lopez 3B Ezequiel Duran C Gary Sanchez OF Jackson Chourio OF Jake Bauers OF Wyatt Langford P Jacob deGrom P Shane Drohan SS Corey Seager,,,
307,5217682113,bvarjas,0,55.7,1B Joc Pederson 2B Tommy Edman 3B Ezequiel Duran C Gary Sanchez OF Jackson Chourio OF Jake Bauers OF Brandon Nimmo P Jacob deGrom P Shane Drohan SS Corey Seager,,,
311,5217552648,jrow01,0,55.5,1B Joc Pederson 2B Vaughn Grissom 3B Ezequiel Duran C Moises Ballesteros OF Mike Trout OF Wyatt Langford OF Brandon Nimmo P Roki Sasaki P Shane Drohan SS Corey Seager,,,
311,5217777234,akermanmr,0,55.5,1B Joc Pederson 2B Nicky Lopez 3B Ezequiel Duran C Moises Ballesteros OF Mike Trout OF Brandon Nimmo OF Wade Meckler P Roki Sasaki P Shane Drohan SS Corey Seager,,,
313,5216958162,briannedanielle,0,55.4,1B Shohei Ohtani 2B Tommy Edman 3B Andrew Vaughn C Gary Sanchez OF Garrett Mitchell OF Teoscar Hernandez OF Brandon Nimmo P Jacob deGrom P Roki Sasaki SS Corey Seager,,,
313,5217167113,charlesrayallday,0,55.4,1B Andrew Vaughn 2B Tommy Edman 3B Ezequiel Duran C Gary Sanchez OF Jackson Chourio OF Wyatt Langford OF Teoscar Hernandez P Jacob deGrom P Roki Sasaki SS Corey Seager,,,
313,5217424723,Mark502Blue,0,55.4,1B Joc Pederson 2B Tommy Edman 3B Andrew Vaughn C Elias Diaz OF Jackson Chourio OF Mike Trout OF Andy Pages P Jacob deGrom P Roki Sasaki SS Corey Seager,,,
313,5217498362,trpbly,0,55.4,1B Joc Pederson 2B Brice Turang 3B David Hamilton C Moises Ballesteros OF Shohei Ohtani OF Jackson Chourio OF Garrett Mitchell P Jacob deGrom P Roki Sasaki SS Joey Ortiz,,,
313,5217540444,bdailey30,0,55.4,1B Shohei Ohtani 2B Tommy Edman 3B Andrew Vaughn C Gary Sanchez OF Garrett Mitchell OF Teoscar Hernandez OF Brandon Nimmo P Jacob deGrom P Roki Sasaki SS Corey Seager,,,
313,5217697669,JackMino-Altherr,0,55.4,1B Joc Pederson 2B Justin Foscue 3B Andrew Vaughn C Gary Sanchez OF Shohei Ohtani OF Kyle Tucker OF Brandon Nimmo P Jacob deGrom P Walbert Urena SS Corey Seager,,,
313,5217710965,atjones4,0,55.4,1B Jake Burger 2B Tommy Edman 3B Kike Hernandez C Elias Diaz OF Jackson Chourio OF Mike Trout OF Jake Bauers P Jacob deGrom P Roki Sasaki SS Corey Seager,,,
313,5217712499,ernbots,0,55.4,1B Joc Pederson 2B Adam Frazier 3B Andrew Vaughn C William Contreras OF Shohei Ohtani OF Jackson Chourio OF Brandon Nimmo P Jacob deGrom P Roki Sasaki SS Corey Seager,,,
321,5217446744,jordanh415,0,55.2,1B Shohei Ohtani 2B Tommy Edman 3B Kike Hernandez C William Contreras OF Andy Pages OF Teoscar Hernandez OF Wade Meckler P Walbert Urena P Roki Sasaki SS Zach Neto,,,
322,5217330638,Etty022,0,54.7,1B Freddie Freeman 2B Vaughn Grissom 3B Kike Hernandez C Ben Rortvedt OF Shohei Ohtani OF Jackson Chourio OF Wade Meckler P Jacob deGrom P Shane Drohan SS Corey Seager,,,
322,5217820788,ariric864,0,54.7,1B Shohei Ohtani 2B Tommy Edman 3B Ezequiel Duran C Moises Ballesteros OF Jackson Chourio OF Garrett Mitchell OF Wade Meckler P Jacob deGrom P Shane Drohan SS Corey Seager,,,
324,5217331714,mgo14,0,54.4,1B Freddie Freeman 2B Vaughn Grissom 3B Andrew Vaughn C Ben Rortvedt OF Shohei Ohtani OF Wyatt Langford OF Teoscar Hernandez P Jacob deGrom P Roki Sasaki SS Corey Seager,,,
324,5217550663,jimbax,0,54.4,1B Joc Pederson 2B Miguel Rojas 3B Vaughn Grissom C Gary Sanchez OF Shohei Ohtani OF Mike Trout OF Wyatt Langford P Jacob deGrom P Roki Sasaki SS Corey Seager,,,
324,5217556065,steviedgk,0,54.4,1B Joc Pederson 2B Miguel Rojas 3B Kike Hernandez C William Contreras OF Jackson Chourio OF Jake Bauers OF Andy Pages P Jacob deGrom P Walbert Urena SS Corey Seager,,,
324,5217561374,deedee04,0,54.4,1B Joc Pederson 2B Tommy Edman 3B David Hamilton C William Contreras OF Shohei Ohtani OF Andy Pages OF Kyle Tucker P Jacob deGrom P Walbert Urena SS Miguel Rojas,,,
324,5217566048,ed8802,0,54.4,1B Andrew Vaughn 2B Tommy Edman 3B Ezequiel Duran C Gary Sanchez OF Jackson Chourio OF Wyatt Langford OF Brandon Nimmo P Jacob deGrom P Roki Sasaki SS Corey Seager,,,
329,5217506325,mikei41,0,53.4,1B Shohei Ohtani 2B Brice Turang 3B Andrew Vaughn C William Contreras OF Teoscar Hernandez OF Brandon Nimmo OF Kike Hernandez P Jacob deGrom P Walbert Urena SS Miguel Rojas,,,
329,5217507442,JD12533,0,53.4,1B Shohei Ohtani 2B Tommy Edman 3B Ezequiel Duran C Gary Sanchez OF Mike Trout OF Teoscar Hernandez OF Brandon Nimmo P Jacob deGrom P Roki Sasaki SS Miguel Rojas,,,
329,5217808692,A1HoosierSales,0,53.4,1B Freddie Freeman 2B Tommy Edman 3B Denzer Guzman C Moises Ballesteros OF Shohei Ohtani OF Kyle Tucker OF Teoscar Hernandez P Jacob deGrom P Roki Sasaki SS Corey Seager,,,
332,5217636805,hgh13,0,52.7,1B Joc Pederson 2B Justin Foscue 3B Andrew Vaughn C William Contreras OF Jackson Chourio OF Jake Bauers OF Christian Yelich P Jacob deGrom P Shane Drohan SS Corey Seager,,,
333,5217347736,cubbie57,0,52.4,1B Joc Pederson 2B Tommy Edman 3B Joey Ortiz C Moises Ballesteros OF Shohei Ohtani OF Jackson Chourio OF Brandon Nimmo P Jacob deGrom P Roki Sasaki SS Mookie Betts,,,
333,5217496230,robertobrien74,0,52.4,1B Nolan Schanuel 2B Miguel Rojas 3B David Hamilton C William Contreras OF Shohei Ohtani OF Mike Trout OF Andy Pages P Jacob deGrom P Roki Sasaki SS Corey Seager,,,
333,5217626445,mpritchard1,0,52.4,1B Joc Pederson 2B Vaughn Grissom 3B Ezequiel Duran C William Contreras OF Mike Trout OF Jake Bauers OF Wade Meckler P Jacob deGrom P Roki Sasaki SS Corey Seager,,,
333,5217700720,genosucks1,0,52.4,1B Freddie Freeman 2B Tommy Edman 3B Denzer Guzman C Ben Rortvedt OF Shohei Ohtani OF Andy Pages OF Brandon Nimmo P Jacob deGrom P Roki Sasaki SS Corey Seager,,,
333,5217802620,lidstrom20,0,52.4,1B Freddie Freeman 2B Tommy Edman 3B Joey Ortiz C Moises Ballesteros OF Shohei Ohtani OF Andy Pages OF Wyatt Langford P Jacob deGrom P Roki Sasaki SS Miguel Rojas,,,
338,5217449803,Coxy1664,0,51.7,1B Joc Pederson 2B Tommy Edman 3B Ezequiel Duran C Moises Ballesteros OF Jackson Chourio OF Jake Bauers OF Andy Pages P Jacob deGrom P Shane Drohan SS Corey Seager,,,
338,5217758397,bleeski,0,51.7,1B Jake Bauers 2B Justin Foscue 3B Ezequiel Duran C Gary Sanchez OF Jackson Chourio OF Garrett Mitchell OF Brandon Nimmo P Jacob deGrom P Shane Drohan SS Corey Seager,,,
338,5217827829,BrockFalfas,0,51.7,1B Jake Bauers 2B Justin Foscue 3B Ezequiel Duran C Gary Sanchez OF Jackson Chourio OF Garrett Mitchell OF Brandon Nimmo P Jacob deGrom P Shane Drohan SS Corey Seager,,,
341,5216998193,cheddaboy77,0,51.4,1B Jake Bauers 2B Vaughn Grissom 3B Ezequiel Duran C Gary Sanchez OF Shohei Ohtani OF Brandon Nimmo OF Evan Carter P Jacob deGrom P Roki Sasaki SS Corey Seager,,,
341,5217169961,J-Law87,0,51.4,1B Joc Pederson 2B Adam Frazier 3B Ezequiel Duran C Moises Ballesteros OF Jackson Chourio OF Kyle Tucker OF Teoscar Hernandez P Jacob deGrom P Roki Sasaki SS David Hamilton,,,
341,5217583594,R00KIE2023,0,51.4,1B Freddie Freeman 2B Miguel Rojas 3B Ezequiel Duran C Moises Ballesteros OF Shohei Ohtani OF Jackson Chourio OF Josh Lowe P Jacob deGrom P Roki Sasaki SS Corey Seager,,,
341,5217684098,Epatrick10172020,0,51.4,1B Joc Pederson 2B Tommy Edman 3B Ezequiel Duran C Moises Ballesteros OF Shohei Ohtani OF Andy Pages OF Teoscar Hernandez P Jacob deGrom P Walbert Urena SS Corey Seager,,,
345,5216938338,mattped23,0,50.7,1B Jake Bauers 2B Justin Foscue 3B Ezequiel Duran C Gary Sanchez OF Jackson Chourio OF Wyatt Langford OF Evan Carter P Jacob deGrom P Shane Drohan SS Corey Seager,,,
345,5217156236,jrevelle3,0,50.7,1B Jake Bauers 2B Justin Foscue 3B Ezequiel Duran C Gary Sanchez OF Jackson Chourio OF Wyatt Langford OF Evan Carter P Jacob deGrom P Shane Drohan SS Corey Seager,,,
345,5217624564,wormlove3,0,50.7,1B Joc Pederson 2B Tommy Edman 3B Ezequiel Duran C William Contreras OF Jackson Chourio OF Mike Trout OF Evan Carter P Jacob deGrom P Shane Drohan SS Corey Seager,,,
345,5217736057,vectra568,0,50.7,1B Jake Bauers 2B Justin Foscue 3B Ezequiel Duran C Austin Wynns OF Shohei Ohtani OF Jackson Chourio OF Wyatt Langford P Jacob deGrom P Shane Drohan SS Miguel Rojas,,,
345,5217793371,Ffillar,0,50.7,1B Jake Bauers 2B Nicky Lopez 3B Ezequiel Duran C William Contreras OF Jackson Chourio OF Wyatt Langford OF Brandon Nimmo P Jacob deGrom P Shane Drohan SS Corey Seager,,,
350,5217303383,Schweettaay,0,50.4,1B Shohei Ohtani 2B Vaughn Grissom 3B Max Muncy C Elias Diaz OF Kyle Tucker OF Teoscar Hernandez OF Brandon Nimmo P Jacob deGrom P Roki Sasaki SS Corey Seager,,,
350,5217481492,oldfoozer,0,50.4,1B Joc Pederson 2B Tommy Edman 3B Andrew Vaughn C Gary Sanchez OF Shohei Ohtani OF Christian Yelich OF Brandon Nimmo P Jacob deGrom P Roki Sasaki SS Corey Seager,,,
350,5217521804,MarcoRacin,0,50.4,1B Nolan Schanuel 2B Miguel Rojas 3B Ezequiel Duran C Gary Sanchez OF Shohei Ohtani OF Mike Trout OF Brandon Nimmo P Jacob deGrom P Roki Sasaki SS Zach Neto,,,
350,5217556015,samirnj,0,50.4,1B Joc Pederson 2B Miguel Rojas 3B Andrew Vaughn C Moises Ballesteros OF Shohei Ohtani OF Jackson Chourio OF Wyatt Langford P Jacob deGrom P Roki Sasaki SS Corey Seager,,,
350,5217672100,skinsfan2881,0,50.4,1B Freddie Freeman 2B Tommy Edman 3B Denzer Guzman C Austin Wynns OF Shohei Ohtani OF Andy Pages OF Brandon Nimmo P Jacob deGrom P Roki Sasaki SS Corey Seager,,,
350,5217791063,peterjpacheco,0,50.4,1B Joc Pederson 2B Tommy Edman 3B Ezequiel Duran C Moises Ballesteros OF Shohei Ohtani OF Jackson Chourio OF Andy Pages P Jacob deGrom P Roki Sasaki SS Joey Ortiz,,,
350,5217829538,Erikbolt,0,50.4,1B Joc Pederson 2B Miguel Rojas 3B David Hamilton C Gary Sanchez OF Shohei Ohtani OF Mike Trout OF Andy Pages P Jacob deGrom P Roki Sasaki SS Corey Seager,,,
357,5216800910,Sammy.Boy,0,49.7,1B Joc Pederson 2B Justin Foscue 3B Andrew Vaughn C Gary Sanchez OF Jackson Chourio OF Wyatt Langford OF Brandon Nimmo P Jacob deGrom P Shane Drohan SS Corey Seager,,,
357,5217499316,bluefalcon67114,0,49.7,1B Jake Bauers 2B Tommy Edman 3B Ezequiel Duran C Gary Sanchez OF Andy Pages OF Wyatt Langford OF Brandon Nimmo P Jacob deGrom P Shane Drohan SS Corey Seager,,,
357,5217576020,Gregoryc4279,0,49.7,1B Jake Bauers 2B Justin Foscue 3B Ezequiel Duran C Gary Sanchez OF Jackson Chourio OF Brandon Nimmo OF Evan Carter P Jacob deGrom P Shane Drohan SS Corey Seager,,,
357,5217675268,shagdog,0,49.7,1B Joc Pederson 2B Tommy Edman 3B Vaughn Grissom C William Contreras OF Jackson Chourio OF Andy Pages OF Garrett Mitchell P Jacob deGrom P Shane Drohan SS Corey Seager,,,
361,5216731145,deuce6078,0,49.4,1B Joc Pederson 2B Tommy Edman 3B Kike Hernandez C William Contreras OF Jackson Chourio OF Jake Bauers OF Andy Pages P Jacob deGrom P Roki Sasaki SS David Hamilton,,,
361,5217080143,Fuzz988,0,49.4,1B Joc Pederson 2B Tommy Edman 3B Ezequiel Duran C Austin Wynns OF Jackson Chourio OF Mike Trout OF Wyatt Langford P Jacob deGrom P Roki Sasaki SS Corey Seager,,,
361,5217395722,RadSol,0,49.4,1B Shohei Ohtani 2B Tommy Edman 3B Ezequiel Duran C Austin Wynns OF Jackson Chourio OF Wyatt Langford OF Brandon Nimmo P Jacob deGrom P Roki Sasaki SS Nicky Lopez,,,
361,5217666511,Besoyan77,0,49.4,1B Joc Pederson 2B Miguel Rojas 3B Joey Ortiz C Gary Sanchez OF Shohei Ohtani OF Jackson Chourio OF Andy Pages P Jacob deGrom P Roki Sasaki SS Corey Seager,,,
361,5217765560,NJT714,0,49.4,1B Shohei Ohtani 2B Vaughn Grissom 3B Kike Hernandez C Moises Ballesteros OF Jake Bauers OF Christian Yelich OF Brandon Nimmo P Jacob deGrom P Roki Sasaki SS Corey Seager,,,
361,5217795697,Heaven2010,0,49.4,1B Freddie Freeman 2B Miguel Rojas 3B Denzer Guzman C Gary Sanchez OF Shohei Ohtani OF Andy Pages OF Brandon Nimmo P Jacob deGrom P Roki Sasaki SS Corey Seager,,,
361,5217824433,Striker15,0,49.4,1B Freddie Freeman 2B Tommy Edman 3B Ezequiel Duran C Moises Ballesteros OF Andy Pages OF Kyle Tucker OF Brandon Nimmo P Jacob deGrom P Walbert Urena SS Corey Seager,,,
368,5217131936,Celticsnc,0,48.7,1B Andrew Vaughn 2B Justin Foscue 3B Ezequiel Duran C William Contreras OF Shohei Ohtani OF Wyatt Langford OF Garrett Mitchell P Jacob deGrom P Shane Drohan SS David Hamilton,,,
368,5217693563,gbuckner60,0,48.7,1B Joc Pederson 2B Nicky Lopez 3B Ezequiel Duran C William Contreras OF Jackson Chourio OF Jake Bauers OF Wyatt Langford P Jacob deGrom P Shane Drohan SS Corey Seager,,,
370,5217619996,Manchester5,0,48.5,1B Joc Pederson 2B Justin Foscue 3B Vaughn Grissom C William Contreras OF Mike Trout OF Andy Pages OF Wyatt Langford P Roki Sasaki P Shane Drohan SS Corey Seager,,,
371,5217444395,trjada03,0,48.4,1B Joc Pederson 2B Nicky Lopez 3B David Hamilton C Moises Ballesteros OF Shohei Ohtani OF Jackson Chourio OF Andy Pages P Jacob deGrom P Roki Sasaki SS Corey Seager,,,
371,5217551540,brewmanchoo,0,48.4,1B Shohei Ohtani 2B Tommy Edman 3B Ezequiel Duran C Tyler Heineman OF Jake Bauers OF Andy Pages OF Teoscar Hernandez P Jacob deGrom P Roki Sasaki SS David Hamilton,,,
371,5217562967,BigPod,0,48.4,1B Shohei Ohtani 2B Tommy Edman 3B Ezequiel Duran C Moises Ballesteros OF Jackson Chourio OF Teoscar Hernandez OF Wade Meckler P Jacob deGrom P Roki Sasaki SS Corey Seager,,,
371,5217597636,LFDheadhunter,0,48.4,1B Shohei Ohtani 2B Miguel Rojas 3B Ezequiel Duran C William Contreras OF Garrett Mitchell OF Teoscar Hernandez OF Brandon Nimmo P Jacob deGrom P Walbert Urena SS Corey Seager,,,
371,5217609934,dana522,0,48.4,1B Shohei Ohtani 2B Nicky Lopez 3B Kike Hernandez C Ben Rortvedt OF Jackson Chourio OF Andy Pages OF Tommy Edman P Jacob deGrom P Roki Sasaki SS Corey Seager,,,
371,5217827627,mcafeend,0,48.4,1B Shohei Ohtani 2B Miguel Rojas 3B Joey Ortiz C Austin Wynns OF Jackson Chourio OF Andy Pages OF Wyatt Langford P Jacob deGrom P Roki Sasaki SS Corey Seager,,,
377,5217748805,HC0023,0,47.7,1B Joc Pederson 2B Justin Foscue 3B Ezequiel Duran C Gary Sanchez OF Jackson Chourio OF Jake Bauers OF Wyatt Langford P Jacob deGrom P Shane Drohan SS Corey Seager,,,
377,5217756364,HiiLLBiiLLY,0,47.7,1B Joc Pederson 2B Justin Foscue 3B Ezequiel Duran C Gary Sanchez OF Jackson Chourio OF Jake Bauers OF Wyatt Langford P Jacob deGrom P Shane Drohan SS Corey Seager,,,
377,5217778839,3thor3,0,47.7,1B Shohei Ohtani 2B Tommy Edman 3B Kike Hernandez C William Contreras OF Jake Bauers OF Brandon Nimmo OF Evan Carter P Jacob deGrom P Shane Drohan SS Corey Seager,,,
380,5217307491,Featherball,0,47.4,1B Joc Pederson 2B Tommy Edman 3B Kike Hernandez C Ben Rortvedt OF Shohei Ohtani OF Jackson Chourio OF Wade Meckler P Jacob deGrom P Roki Sasaki SS Miguel Rojas,,,
380,5217532931,smoothmomentum,0,47.4,1B Jake Bauers 2B Brice Turang 3B Vaughn Grissom C Gary Sanchez OF Andy Pages OF Teoscar Hernandez OF Wade Meckler P Jacob deGrom P Roki Sasaki SS Zach Neto,,,
380,5217565256,cedstoo,0,47.4,1B Joc Pederson 2B Vaughn Grissom 3B Ezequiel Duran C Moises Ballesteros OF Shohei Ohtani OF Mike Trout OF Brandon Nimmo P Jacob deGrom P Roki Sasaki SS Corey Seager,,,
380,5217630586,chuckface8,0,47.4,1B Freddie Freeman 2B Miguel Rojas 3B Vaughn Grissom C Austin Wynns OF Shohei Ohtani OF Andy Pages OF Tommy Edman P Jacob deGrom P Roki Sasaki SS Corey Seager,,,
380,5217650717,Peezy16,0,47.4,1B Shohei Ohtani 2B Tommy Edman 3B Ezequiel Duran C Ben Rortvedt OF Jackson Chourio OF Brandon Nimmo OF Wade Meckler P Jacob deGrom P Roki Sasaki SS Corey Seager,,,
380,5217740523,Really888,0,47.4,1B Shohei Ohtani 2B Tommy Edman 3B Ezequiel Duran C Moises Ballesteros OF Wyatt Langford OF Christian Yelich OF Kyle Tucker P Jacob deGrom P Roki Sasaki SS Joey Ortiz,,,
380,5217803583,myles1010,0,47.4,1B Joc Pederson 2B Tommy Edman 3B David Hamilton C Gary Sanchez OF Shohei Ohtani OF Wyatt Langford OF Brandon Nimmo P Jacob deGrom P Roki Sasaki SS Corey Seager,,,
380,5217827076,krisnegus,0,47.4,1B Joc Pederson 2B Tommy Edman 3B Andrew Vaughn C Gary Sanchez OF Shohei Ohtani OF Kyle Tucker OF Brandon Nimmo P Jacob deGrom P Roki Sasaki SS Corey Seager,,,
388,5217506299,jbnels22,0,47.35,1B Nolan Schanuel 2B Justin Foscue 3B Vaughn Grissom C William Contreras OF Mike Trout OF Andy Pages OF Teoscar Hernandez P Roki Sasaki P Trevor Megill SS Zach Neto,,,
389,5217495196,ginnywop,0,46.7,1B Joc Pederson 2B Justin Foscue 3B Ezequiel Duran C Gary Sanchez OF Jackson Chourio OF Jake Bauers OF Brandon Nimmo P Jacob deGrom P Shane Drohan SS Corey Seager,,,
389,5217712757,JB9888,0,46.7,1B Joc Pederson 2B Nicky Lopez 3B Ezequiel Duran C Moises Ballesteros OF Shohei Ohtani OF Jackson Chourio OF Christian Yelich P Jacob deGrom P Shane Drohan SS Corey Seager,,,
389,5217743537,mcooper2300,0,46.7,1B Joc Pederson 2B Tommy Edman 3B Ezequiel Duran C Gary Sanchez OF Jackson Chourio OF Wyatt Langford OF Brandon Nimmo P Jacob deGrom P Shane Drohan SS Corey Seager,,,
392,5217142682,quinzioam,0,46.4,1B Joc Pederson 2B Tommy Edman 3B Andrew Vaughn C Moises Ballesteros OF Shohei Ohtani OF Andy Pages OF Wyatt Langford P Jacob deGrom P Roki Sasaki SS Corey Seager,,,
392,5217229555,cptnspaulding,0,46.4,1B Joc Pederson 2B Tommy Edman 3B Andrew Vaughn C Austin Wynns OF Shohei Ohtani OF Wyatt Langford OF Brandon Nimmo P Jacob deGrom P Roki Sasaki SS Corey Seager,,,
392,5217387171,Pjg1979,0,46.4,1B Shohei Ohtani 2B Tommy Edman 3B David Hamilton C Moises Ballesteros OF Andy Pages OF Wyatt Langford OF Teoscar Hernandez P Jacob deGrom P Roki Sasaki SS Corey Seager,,,
392,5217442837,hazydavy,0,46.4,1B Joc Pederson 2B Tommy Edman 3B Andrew Vaughn C Ben Rortvedt OF Shohei Ohtani OF Andy Pages OF Wyatt Langford P Jacob deGrom P Roki Sasaki SS Corey Seager,,,
392,5217620084,rdelaney12,0,46.4,1B Joc Pederson 2B Tommy Edman 3B Ezequiel Duran C Gary Sanchez OF Shohei Ohtani OF Jackson Chourio OF Brandon Nimmo P Jacob deGrom P Roki Sasaki SS Miguel Rojas,,,
392,5217651015,shanemoore27,0,46.4,1B Shohei Ohtani 2B Tommy Edman 3B Joey Ortiz C Austin Wynns OF Andy Pages OF Wyatt Langford OF Brandon Nimmo P Jacob deGrom P Roki Sasaki SS Corey Seager,,,
392,5217716090,DaPharmer,0,46.4,1B Shohei Ohtani 2B Brice Turang 3B Joey Ortiz C Gary Sanchez OF Garrett Mitchell OF Brandon Nimmo OF Evan Carter P Jacob deGrom P Roki Sasaki SS Corey Seager,,,
392,5217759515,RockinRick,0,46.4,1B Joc Pederson 2B Miguel Rojas 3B Ezequiel Duran C Gary Sanchez OF Shohei Ohtani OF Mike Trout OF Garrett Mitchell P Jacob deGrom P Roki Sasaki SS Corey Seager,,,
392,5217784018,Mazeblue30,0,46.4,1B Freddie Freeman 2B Tommy Edman 3B Kike Hernandez C William Contreras OF Jackson Chourio OF Wyatt Langford OF Evan Carter P Jacob deGrom P Roki Sasaki SS Nicky Lopez,,,
392,5217796702,TRGRenegades,0,46.4,1B Joc Pederson 2B Vaughn Grissom 3B Ezequiel Duran C Austin Wynns OF Shohei Ohtani OF Mike Trout OF Wyatt Langford P Jacob deGrom P Roki Sasaki SS Corey Seager,,,
392,5217830500,dominologist,0,46.4,1B Joc Pederson 2B Tommy Edman 3B Ezequiel Duran C Moises Ballesteros OF Shohei Ohtani OF Jake Bauers OF Teoscar Hernandez P Jacob deGrom P Roki Sasaki SS Corey Seager,,,
403,5216510264,SliceB,0,45.7,1B Joc Pederson 2B Justin Foscue 3B Ezequiel Duran C Moises Ballesteros OF Shohei Ohtani OF Jackson Chourio OF Wyatt Langford P Jacob deGrom P Shane Drohan SS David Hamilton,,,
403,5217816457,mspozto,0,45.7,1B Jake Bauers 2B Justin Foscue 3B Ezequiel Duran C Austin Wynns OF Jackson Chourio OF Christian Yelich OF Brandon Nimmo P Jacob deGrom P Shane Drohan SS Corey Seager,,,
405,5216883183,nickenyon6,0,45.4,1B Shohei Ohtani 2B Miguel Rojas 3B Andrew Vaughn C Gary Sanchez OF Andy Pages OF Wyatt Langford OF Brandon Nimmo P Jacob deGrom P Roki Sasaki SS Corey Seager,,,
405,5217213682,champs21,0,45.4,1B Shohei Ohtani 2B Miguel Rojas 3B Andrew Vaughn C Gary Sanchez OF Andy Pages OF Wyatt Langford OF Brandon Nimmo P Jacob deGrom P Roki Sasaki SS Corey Seager,,,
405,5217251695,mickey615,0,45.4,1B Shohei Ohtani 2B Miguel Rojas 3B David Hamilton C Gary Sanchez OF Andy Pages OF Wyatt Langford OF Garrett Mitchell P Jacob deGrom P Roki Sasaki SS Corey Seager,,,
405,5217299572,Fishermanfuzz,0,45.4,1B Shohei Ohtani 2B Miguel Rojas 3B David Hamilton C Gary Sanchez OF Andy Pages OF Wyatt Langford OF Garrett Mitchell P Jacob deGrom P Roki Sasaki SS Corey Seager,,,
405,5217409377,BChap71,0,45.4,1B Joc Pederson 2B Tommy Edman 3B Kike Hernandez C Ben Rortvedt OF Shohei Ohtani OF Jackson Chourio OF Garrett Mitchell P Jacob deGrom P Roki Sasaki SS Corey Seager,,,
405,5217444641,madgreek12,0,45.4,1B Andrew Vaughn 2B Justin Foscue 3B Ezequiel Duran C Moises Ballesteros OF Shohei Ohtani OF Jackson Chourio OF Brandon Nimmo P Jacob deGrom P Roki Sasaki SS Corey Seager,,,
405,5217471223,welchy81,0,45.4,1B Shohei Ohtani 2B Tommy Edman 3B David Hamilton C Moises Ballesteros OF Andy Pages OF Wyatt Langford OF Brandon Nimmo P Jacob deGrom P Roki Sasaki SS Corey Seager,,,
405,5217554681,cjweber57,0,45.4,1B Shohei Ohtani 2B Miguel Rojas 3B David Hamilton C Gary Sanchez OF Andy Pages OF Wyatt Langford OF Garrett Mitchell P Jacob deGrom P Roki Sasaki SS Corey Seager,,,
405,5217608282,renegade,0,45.4,1B Joc Pederson 2B Tommy Edman 3B Andrew Vaughn C Moises Ballesteros OF Shohei Ohtani OF Kyle Tucker OF Brandon Nimmo P Jacob deGrom P Roki Sasaki SS Corey Seager,,,
405,5217626360,bengra99,0,45.4,1B Shohei Ohtani 2B Miguel Rojas 3B David Hamilton C Gary Sanchez OF Andy Pages OF Wyatt Langford OF Garrett Mitchell P Jacob deGrom P Roki Sasaki SS Corey Seager,,,
405,5217633563,mack69,0,45.4,1B Joc Pederson 2B Miguel Rojas 3B David Hamilton C Austin Wynns OF Shohei Ohtani OF Jackson Chourio OF Wyatt Langford P Jacob deGrom P Roki Sasaki SS Corey Seager,,,
405,5217747256,pinkandbrown44,0,45.4,1B Shohei Ohtani 2B Tommy Edman 3B Vaughn Grissom C Austin Wynns OF Andy Pages OF Wyatt Langford OF Teoscar Hernandez P Jacob deGrom P Roki Sasaki SS Corey Seager,,,
405,5217750864,PEbner2011,0,45.4,1B Shohei Ohtani 2B Miguel Rojas 3B David Hamilton C Gary Sanchez OF Andy Pages OF Wyatt Langford OF Garrett Mitchell P Jacob deGrom P Roki Sasaki SS Corey Seager,,,
405,5217773444,hbuhler,0,45.4,1B Shohei Ohtani 2B Miguel Rojas 3B David Hamilton C Gary Sanchez OF Andy Pages OF Wyatt Langford OF Garrett Mitchell P Jacob deGrom P Roki Sasaki SS Corey Seager,,,
405,5217827069,jplay7,0,45.4,1B Shohei Ohtani 2B Miguel Rojas 3B David Hamilton C Gary Sanchez OF Andy Pages OF Wyatt Langford OF Garrett Mitchell P Jacob deGrom P Roki Sasaki SS Corey Seager,,,
420,5217336947,jonytiler,0,44.7,1B Joc Pederson 2B Miguel Rojas 3B Kike Hernandez C William Contreras OF Jackson Chourio OF Jake Bauers OF Wyatt Langford P Jacob deGrom P Shane Drohan SS Corey Seager,,,
420,5217523513,josh0837,0,44.7,1B Shohei Ohtani 2B Justin Foscue 3B Ezequiel Duran C Gary Sanchez OF Tommy Edman OF Garrett Mitchell OF Brandon Nimmo P Jacob deGrom P Shane Drohan SS Corey Seager,,,
420,5217830637,harshreality18,0,44.7,1B Joc Pederson 2B Tommy Edman 3B Ezequiel Duran C Austin Wynns OF Shohei Ohtani OF Jackson Chourio OF Brandon Nimmo P Jacob deGrom P Shane Drohan SS Corey Seager,,,
423,5216993476,Albqhokie,0,44.4,1B Joc Pederson 2B Vaughn Grissom 3B Ezequiel Duran C Moises Ballesteros OF Shohei Ohtani OF Jake Bauers OF Andy Pages P Jacob deGrom P Roki Sasaki SS Corey Seager,,,
423,5217135500,juliom328,0,44.4,1B Joc Pederson 2B Tommy Edman 3B Ezequiel Duran C Gary Sanchez OF Mike Trout OF Andy Pages OF Teoscar Hernandez P Jacob deGrom P Roki Sasaki SS Corey Seager,,,
423,5217347646,kcroyalfan,0,44.4,1B Jake Bauers 2B Brice Turang 3B Kike Hernandez C William Contreras OF Andy Pages OF Wade Meckler OF Tyler Black P Jacob deGrom P Walbert Urena SS Zach Neto,,,
423,5217415861,Steamer65,0,44.4,1B Jake Bauers 2B Vaughn Grissom 3B Ezequiel Duran C Gary Sanchez OF Andy Pages OF Christian Yelich OF Brandon Nimmo P Jacob deGrom P Roki Sasaki SS Mookie Betts,,,
423,5217420896,bobsteam54,0,44.4,1B Freddie Freeman 2B Tommy Edman 3B Ezequiel Duran C Gary Sanchez OF Andy Pages OF Kyle Tucker OF Garrett Mitchell P Jacob deGrom P Roki Sasaki SS David Hamilton,,,
423,5217456459,Link313,0,44.4,1B Shohei Ohtani 2B Tommy Edman 3B Ezequiel Duran C Moises Ballesteros OF Wyatt Langford OF Christian Yelich OF Jose Siri P Jacob deGrom P Roki Sasaki SS Corey Seager,,,
423,5217521442,Grassman6921,0,44.4,1B Shohei Ohtani 2B Nicky Lopez 3B Kike Hernandez C Gary Sanchez OF Andy Pages OF Tommy Edman OF Teoscar Hernandez P Jacob deGrom P Roki Sasaki SS Corey Seager,,,
423,5217570657,Jayssan1960,0,44.4,1B Shohei Ohtani 2B Vaughn Grissom 3B Ezequiel Duran C William Contreras OF Andy Pages OF Garrett Mitchell OF Brandon Nimmo P Jacob deGrom P Roki Sasaki SS Joey Ortiz,,,
423,5217823192,Krakow84,0,44.4,1B Shohei Ohtani 2B Tommy Edman 3B Andrew Vaughn C Austin Wynns OF Andy Pages OF Kyle Tucker OF Teoscar Hernandez P Jacob deGrom P Roki Sasaki SS Corey Seager,,,
432,5217544245,Sprtsguy,0,44.2,1B Freddie Freeman 2B Brice Turang 3B Kike Hernandez C William Contreras OF Kyle Tucker OF Teoscar Hernandez OF Brandon Nimmo P Walbert Urena P Roki Sasaki SS Corey Seager,,,
433,5217831167,SadKeith,0,43.7,1B Jake Bauers 2B Justin Foscue 3B Ezequiel Duran C Gary Sanchez OF Wyatt Langford OF Christian Yelich OF Brandon Nimmo P Jacob deGrom P Shane Drohan SS Corey Seager,,,
434,5216886910,rajonrondough,0,43.4,1B Joc Pederson 2B Tommy Edman 3B Joey Ortiz C William Contreras OF Shohei Ohtani OF Wyatt Langford OF Brandon Nimmo P Jacob deGrom P Roki Sasaki SS Corey Seager,,,
434,5217131180,JJsBack,0,43.4,1B Freddie Freeman 2B Nicky Lopez 3B Ezequiel Duran C Ben Rortvedt OF Shohei Ohtani OF Andy Pages OF Tommy Edman P Jacob deGrom P Roki Sasaki SS Corey Seager,,,
434,5217161415,King_Cole22,0,43.4,1B Joc Pederson 2B Tommy Edman 3B Kike Hernandez C Ben Rortvedt OF Shohei Ohtani OF Jake Bauers OF Andy Pages P Jacob deGrom P Roki Sasaki SS Corey Seager,,,
434,5217254752,jeter101,0,43.4,1B Jake Burger 2B Tommy Edman 3B Ezequiel Duran C Gary Sanchez OF Jackson Chourio OF Wyatt Langford OF Teoscar Hernandez P Jacob deGrom P Roki Sasaki SS Corey Seager,,,
434,5217366680,chelseafinest,0,43.4,1B Freddie Freeman 2B Tommy Edman 3B Ezequiel Duran C Ben Rortvedt OF Shohei Ohtani OF Garrett Mitchell OF Evan Carter P Jacob deGrom P Roki Sasaki SS Corey Seager,,,
434,5217465540,garryld1949,0,43.4,1B Joc Pederson 2B Tommy Edman 3B Ezequiel Duran C William Contreras OF Andy Pages OF Wyatt Langford OF Brandon Nimmo P Jacob deGrom P Walbert Urena SS Corey Seager,,,
434,5217530894,curleeshu,0,43.4,1B Joc Pederson 2B Vaughn Grissom 3B Kike Hernandez C Gary Sanchez OF Shohei Ohtani OF Andy Pages OF Tommy Edman P Jacob deGrom P Roki Sasaki SS Corey Seager,,,
434,5217556115,coachp17,0,43.4,1B Joc Pederson 2B Tommy Edman 3B Ezequiel Duran C Ben Rortvedt OF Shohei Ohtani OF Jackson Chourio OF Teoscar Hernandez P Jacob deGrom P Roki Sasaki SS Corey Seager,,,
434,5217595960,rickpersic,0,43.4,1B Joc Pederson 2B Tommy Edman 3B Kike Hernandez C Moises Ballesteros OF Shohei Ohtani OF Jake Bauers OF Andy Pages P Jacob deGrom P Roki Sasaki SS Corey Seager,,,
434,5217641703,nikboy2121,0,43.4,1B Nolan Schanuel 2B Justin Foscue 3B Kike Hernandez C Moises Ballesteros OF Shohei Ohtani OF Jake Bauers OF Kyle Tucker P Jacob deGrom P Roki Sasaki SS Corey Seager,,,
434,5217747039,DeeBenWils2,0,43.4,1B Joc Pederson 2B Justin Foscue 3B Ezequiel Duran C Gary Sanchez OF Mike Trout OF Andy Pages OF Tommy Edman P Jacob deGrom P Roki Sasaki SS Miguel Rojas,,,
434,5217785093,juiceman1984,0,43.4,1B Joc Pederson 2B Miguel Rojas 3B Andrew Vaughn C Gary Sanchez OF Shohei Ohtani OF Andy Pages OF Wyatt Langford P Jacob deGrom P Roki Sasaki SS Corey Seager,,,
446,5217496138,shaunb24,0,43.2,1B Joc Pederson 2B Brice Turang 3B Kike Hernandez C Moises Ballesteros OF Shohei Ohtani OF Andy Pages OF Kyle Tucker P Walbert Urena P Roki Sasaki SS Zach Neto,,,
447,5217544775,slipperywhendry,0,42.7,1B Joc Pederson 2B Justin Foscue 3B Joey Ortiz C William Contreras OF Jackson Chourio OF Wyatt Langford OF Brandon Nimmo P Jacob deGrom P Shane Drohan SS Corey Seager,,,
448,5217354756,rskoch,0,42.4,1B Freddie Freeman 2B Miguel Rojas 3B Ezequiel Duran C Ben Rortvedt OF Shohei Ohtani OF Wyatt Langford OF Tommy Edman P Jacob deGrom P Roki Sasaki SS Corey Seager,,,
448,5217513945,P-Rat,0,42.4,1B Joc Pederson 2B Tommy Edman 3B Ezequiel Duran C Gary Sanchez OF Jake Bauers OF Andy Pages OF Brandon Nimmo P Jacob deGrom P Roki Sasaki SS Corey Seager,,,
448,5217570681,CodyAlan44,0,42.4,1B Joc Pederson 2B Nicky Lopez 3B Ezequiel Duran C Ben Rortvedt OF Shohei Ohtani OF Jackson Chourio OF Wyatt Langford P Jacob deGrom P Roki Sasaki SS Corey Seager,,,
448,5217610045,wano0916,0,42.4,1B Freddie Freeman 2B Tommy Edman 3B Kike Hernandez C Austin Wynns OF Shohei Ohtani OF Andy Pages OF Wyatt Langford P Jacob deGrom P Roki Sasaki SS Nicky Lopez,,,
448,5217658870,butero,0,42.4,1B Shohei Ohtani 2B Nicky Lopez 3B Ezequiel Duran C Austin Wynns OF Jackson Chourio OF Christian Yelich OF Brandon Nimmo P Jacob deGrom P Roki Sasaki SS Corey Seager,,,
448,5217740388,mbcurmnygo,0,42.4,1B Joc Pederson 2B Nicky Lopez 3B Ezequiel Duran C Moises Ballesteros OF Shohei Ohtani OF Jackson Chourio OF Christian Yelich P Jacob deGrom P Roki Sasaki SS Corey Seager,,,
454,5217249608,blakejohnson925,0,41.7,1B Shohei Ohtani 2B Tommy Edman 3B Ezequiel Duran C Austin Wynns OF Wyatt Langford OF Christian Yelich OF Brandon Nimmo P Jacob deGrom P Shane Drohan SS Corey Seager,,,
455,5217622512,OJS52MLB,0,41.4,1B Joc Pederson 2B Tommy Edman 3B Ezequiel Duran C Gary Sanchez OF Shohei Ohtani OF Garrett Mitchell OF Teoscar Hernandez P Jacob deGrom P Roki Sasaki SS Corey Seager,,,
455,5217735960,dcw331,0,41.4,1B Joc Pederson 2B Miguel Rojas 3B David Hamilton C William Contreras OF Shohei Ohtani OF Jackson Chourio OF Brandon Nimmo P Jacob deGrom P Roki Sasaki SS Corey Seager,,,
455,5217743562,usmc0369,0,41.4,1B Freddie Freeman 2B Nicky Lopez 3B Ezequiel Duran C Gary Sanchez OF Shohei Ohtani OF Brandon Nimmo OF Evan Carter P Jacob deGrom P Roki Sasaki SS Corey Seager,,,
455,5217767791,sweda13,0,41.4,1B Freddie Freeman 2B Nicky Lopez 3B Kike Hernandez C Austin Wynns OF Shohei Ohtani OF Andy Pages OF Tommy Edman P Jacob deGrom P Roki Sasaki SS Corey Seager,,,
455,5217824031,jrayba23,0,41.4,1B Joc Pederson 2B Miguel Rojas 3B Kike Hernandez C Gary Sanchez OF Shohei Ohtani OF Mike Trout OF Andy Pages P Jacob deGrom P Roki Sasaki SS Corey Seager,,,
460,5216998763,justutah,0,40.7,1B Joc Pederson 2B Justin Foscue 3B David Hamilton C William Contreras OF Jackson Chourio OF Christian Yelich OF Evan Carter P Jacob deGrom P Shane Drohan SS Corey Seager,,,
461,5217033845,apforadori,0,40.4,1B Shohei Ohtani 2B Miguel Rojas 3B Andrew Vaughn C William Contreras OF Andy Pages OF Garrett Mitchell OF Brandon Nimmo P Jacob deGrom P Roki Sasaki SS Corey Seager,,,
461,5217346593,wexsuvslim,0,40.4,1B Joc Pederson 2B Tommy Edman 3B Ezequiel Duran C Gary Sanchez OF Jackson Chourio OF Andy Pages OF Teoscar Hernandez P Jacob deGrom P Roki Sasaki SS Corey Seager,,,
461,5217450512,JBH3,0,40.4,1B Joc Pederson 2B Tommy Edman 3B Kike Hernandez C William Contreras OF Shohei Ohtani OF Jake Bauers OF Andy Pages P Jacob deGrom P Roki Sasaki SS Miguel Rojas,,,
461,5217485075,Moeg196,0,40.4,1B Shohei Ohtani 2B Miguel Rojas 3B Kike Hernandez C Elias Diaz OF Jake Bauers OF Andy Pages OF Tommy Edman P Jacob deGrom P Roki Sasaki SS Zach Neto,,,
461,5217543425,deckeron,0,40.4,1B Joc Pederson 2B Tommy Edman 3B Ezequiel Duran C William Contreras OF Jake Bauers OF Garrett Mitchell OF Brandon Nimmo P Jacob deGrom P Roki Sasaki SS Corey Seager,,,
461,5217591692,Goatradamus,0,40.4,1B Joc Pederson 2B Tommy Edman 3B Kike Hernandez C William Contreras OF Shohei Ohtani OF Jake Bauers OF Andy Pages P Jacob deGrom P Roki Sasaki SS Miguel Rojas,,,
461,5217746660,Mason7488,0,40.4,1B Joc Pederson 2B Tommy Edman 3B Ezequiel Duran C Gary Sanchez OF Shohei Ohtani OF Garrett Mitchell OF Brandon Nimmo P Jacob deGrom P Roki Sasaki SS Corey Seager,,,
461,5217822246,tristan214,0,40.4,1B Shohei Ohtani 2B Miguel Rojas 3B Ezequiel Duran C Gary Sanchez OF Andy Pages OF Tommy Edman OF Teoscar Hernandez P Jacob deGrom P Roki Sasaki SS Corey Seager,,,
469,5217134072,tkwilliams22,0,39.7,1B Joc Pederson 2B Tommy Edman 3B Ezequiel Duran C William Contreras OF Jackson Chourio OF Christian Yelich OF Brandon Nimmo P Jacob deGrom P Shane Drohan SS Corey Seager,,,
469,5217505212,TopCorner,0,39.7,1B Joc Pederson 2B Justin Foscue 3B Ezequiel Duran C William Contreras OF Jackson Chourio OF Jake Bauers OF Brandon Nimmo P Jacob deGrom P Shane Drohan SS Corey Seager,,,
469,5217579885,ScuppersRevenge,0,39.7,1B Freddie Freeman 2B Justin Foscue 3B Ezequiel Duran C William Contreras OF Jake Bauers OF Garrett Mitchell OF Brandon Nimmo P Jacob deGrom P Shane Drohan SS Corey Seager,,,
469,5217652979,cblasi,0,39.7,1B Jake Bauers 2B Brice Turang 3B Ezequiel Duran C Elias Diaz OF Jackson Chourio OF Brandon Nimmo OF Luis Lara P Jacob deGrom P Shane Drohan SS Corey Seager,,,
469,5217657545,jbari64,0,39.7,1B Freddie Freeman 2B Vaughn Grissom 3B Kike Hernandez C William Contreras OF Andy Pages OF Kyle Tucker OF Tommy Edman P Jacob deGrom P Shane Drohan SS Corey Seager,,,
474,5217048477,Fitzoreo,0,39.4,1B Joc Pederson 2B Justin Foscue 3B Ezequiel Duran C William Contreras OF Mike Trout OF Jake Bauers OF Brandon Nimmo P Jacob deGrom P Roki Sasaki SS Corey Seager,,,
474,5217397836,dillmaak2022,0,39.4,1B Shohei Ohtani 2B Tommy Edman 3B Ezequiel Duran C Moises Ballesteros OF Wyatt Langford OF Brandon Nimmo OF Evan Carter P Jacob deGrom P Roki Sasaki SS Corey Seager,,,
474,5217446865,Timnorwood,0,39.4,1B Shohei Ohtani 2B Tommy Edman 3B Ezequiel Duran C Moises Ballesteros OF Wyatt Langford OF Teoscar Hernandez OF Brandon Nimmo P Jacob deGrom P Roki Sasaki SS Corey Seager,,,
474,5217477659,baseballtxc,0,39.4,1B Nolan Schanuel 2B Tommy Edman 3B Ezequiel Duran C William Contreras OF Jackson Chourio OF Kyle Tucker OF Brandon Nimmo P Jacob deGrom P Roki Sasaki SS Mookie Betts,,,
474,5217510534,Sanford71,0,39.4,1B Joc Pederson 2B Miguel Rojas 3B Ezequiel Duran C Gary Sanchez OF Shohei Ohtani OF Jackson Chourio OF Brandon Nimmo P Jacob deGrom P Roki Sasaki SS Corey Seager,,,
474,5217548862,Erks81,0,39.4,1B Shohei Ohtani 2B Tommy Edman 3B Ezequiel Duran C Moises Ballesteros OF Wyatt Langford OF Teoscar Hernandez OF Brandon Nimmo P Jacob deGrom P Roki Sasaki SS Corey Seager,,,
474,5217551661,DaBigFella25,0,39.4,1B Freddie Freeman 2B Tommy Edman 3B Ezequiel Duran C Elias Diaz OF Shohei Ohtani OF Brandon Nimmo OF Jose Siri P Jacob deGrom P Roki Sasaki SS Corey Seager,,,
474,5217614811,jsamtoy,0,39.4,1B Shohei Ohtani 2B Tommy Edman 3B Ezequiel Duran C Moises Ballesteros OF Wyatt Langford OF Brandon Nimmo OF Evan Carter P Jacob deGrom P Roki Sasaki SS Corey Seager,,,
474,5217632429,DEMONFIST45,0,39.4,1B Freddie Freeman 2B Vaughn Grissom 3B Kike Hernandez C Gary Sanchez OF Kyle Tucker OF Teoscar Hernandez OF Evan Carter P Jacob deGrom P Roki Sasaki SS Corey Seager,,,
474,5217689765,jabberjaww,0,39.4,1B Freddie Freeman 2B Justin Foscue 3B Ezequiel Duran C William Contreras OF Jake Bauers OF Teoscar Hernandez OF Brandon Nimmo P Jacob deGrom P Roki Sasaki SS Nicky Lopez,,,
474,5217818695,cartman6523,0,39.4,1B Freddie Freeman 2B Tommy Edman 3B Ezequiel Duran C Austin Wynns OF Jackson Chourio OF Kyle Tucker OF Brandon Nimmo P Jacob deGrom P Roki Sasaki SS Corey Seager,,,
485,5217118766,LOCNOTM,0,38.4,1B Shohei Ohtani 2B Tommy Edman 3B Ezequiel Duran C Ben Rortvedt OF Andy Pages OF Wyatt Langford OF Brandon Nimmo P Jacob deGrom P Roki Sasaki SS Miguel Rojas,,,
485,5217139369,theblackhand666,0,38.4,1B Shohei Ohtani 2B Miguel Rojas 3B Ezequiel Duran C Austin Wynns OF Jackson Chourio OF Wyatt Langford OF Brandon Nimmo P Jacob deGrom P Roki Sasaki SS Corey Seager,,,
485,5217148311,jokerdpo,0,38.4,1B Joc Pederson 2B Tommy Edman 3B Ezequiel Duran C Gary Sanchez OF Shohei Ohtani OF Teoscar Hernandez OF Brandon Nimmo P Jacob deGrom P Roki Sasaki SS Corey Seager,,,
485,5217532970,nrlane24,0,38.4,1B Joc Pederson 2B Tommy Edman 3B Kike Hernandez C Gary Sanchez OF Shohei Ohtani OF Wyatt Langford OF Brandon Nimmo P Jacob deGrom P Roki Sasaki SS Corey Seager,,,
485,5217689790,Keebs40,0,38.4,1B Jake Burger 2B Tommy Edman 3B Kike Hernandez C Elias Diaz OF Shohei Ohtani OF Jake Bauers OF Kyle Tucker P Jacob deGrom P Roki Sasaki SS Corey Seager,,,
485,5217704424,jwickum,0,38.4,1B Joc Pederson 2B Tommy Edman 3B Kike Hernandez C Gary Sanchez OF Shohei Ohtani OF Wyatt Langford OF Brandon Nimmo P Jacob deGrom P Roki Sasaki SS Corey Seager,,,
485,5217796117,Pootnami,0,38.4,1B Shohei Ohtani 2B Tommy Edman 3B Kike Hernandez C Gary Sanchez OF Andy Pages OF Brandon Nimmo OF Evan Carter P Jacob deGrom P Roki Sasaki SS Corey Seager,,,
485,5217796855,Henry113,0,38.4,1B Joc Pederson 2B Tommy Edman 3B Ezequiel Duran C Gary Sanchez OF Shohei Ohtani OF Andy Pages OF Wyatt Langford P Jacob deGrom P Roki Sasaki SS Miguel Rojas,,,
485,5217823150,lickmymagicjohnson,0,38.4,1B Freddie Freeman 2B Tommy Edman 3B Ezequiel Duran C Austin Wynns OF Shohei Ohtani OF Brandon Nimmo OF Evan Carter P Jacob deGrom P Roki Sasaki SS Corey Seager,,,
485,5217829161,Monster2783,0,38.4,1B Joc Pederson 2B Tommy Edman 3B Ezequiel Duran C Gary Sanchez OF Shohei Ohtani OF Teoscar Hernandez OF Brandon Nimmo P Jacob deGrom P Roki Sasaki SS Corey Seager,,,
495,5217112656,clancy007k,0,37.7,1B Joc Pederson 2B Justin Foscue 3B Ezequiel Duran C William Contreras OF Jackson Chourio OF Christian Yelich OF Tommy Edman P Jacob deGrom P Shane Drohan SS Corey Seager,,,
495,5217161636,JimmyZim620,0,37.7,1B Joc Pederson 2B Miguel Rojas 3B Ezequiel Duran C Austin Wynns OF Jackson Chourio OF Christian Yelich OF Brandon Nimmo P Jacob deGrom P Shane Drohan SS Corey Seager,,,
497,5217163909,jah_586,0,37.4,1B Joc Pederson 2B Tommy Edman 3B Ezequiel Duran C Ben Rortvedt OF Shohei Ohtani OF Wyatt Langford OF Christian Yelich P Jacob deGrom P Roki Sasaki SS Corey Seager,,,
497,5217175060,titanhawks,0,37.4,1B Shohei Ohtani 2B Tommy Edman 3B Ezequiel Duran C Austin Wynns OF Wyatt Langford OF Teoscar Hernandez OF Brandon Nimmo P Jacob deGrom P Roki Sasaki SS Corey Seager,,,
497,5217318996,blacklabelkk,0,37.4,1B Shohei Ohtani 2B Adam Frazier 3B Kike Hernandez C William Contreras OF Andy Pages OF Wyatt Langford OF Brandon Nimmo P Jacob deGrom P Roki Sasaki SS Corey Seager,,,
497,5217407458,craigor,0,37.4,1B Shohei Ohtani 2B Miguel Rojas 3B Ezequiel Duran C Ben Rortvedt OF Jackson Chourio OF Kyle Tucker OF Brandon Nimmo P Jacob deGrom P Roki Sasaki SS Corey Seager,,,
497,5217428654,Andrewmorin38,0,37.4,1B Jake Burger 2B Tommy Edman 3B Ezequiel Duran C William Contreras OF Mike Trout OF Andy Pages OF Teoscar Hernandez P Jacob deGrom P Roki Sasaki SS Corey Seager,,,
497,5217506694,jersey44,0,37.4,1B Shohei Ohtani 2B Miguel Rojas 3B Ezequiel Duran C Ben Rortvedt OF Jackson Chourio OF Andy Pages OF Brandon Nimmo P Jacob deGrom P Roki Sasaki SS Corey Seager,,,
497,5217536653,Jkataliaf44,0,37.4,1B Joc Pederson 2B Tommy Edman 3B Ezequiel Duran C William Contreras OF Mike Trout OF Andy Pages OF Teoscar Hernandez P Jacob deGrom P Roki Sasaki SS Corey Seager,,,
497,5217551100,ghostgardener,0,37.4,1B Shohei Ohtani 2B Tommy Edman 3B Kike Hernandez C Moises Ballesteros OF Andy Pages OF Wyatt Langford OF Evan Carter P Jacob deGrom P Roki Sasaki SS Corey Seager,,,
497,5217662391,highland62,0,37.4,1B Shohei Ohtani 2B Vaughn Grissom 3B Ezequiel Duran C William Contreras OF Garrett Mitchell OF Teoscar Hernandez OF Brandon Nimmo P Jacob deGrom P Roki Sasaki SS Corey Seager,,,
497,5217665757,sirleged7777,0,37.4,1B Freddie Freeman 2B Tommy Edman 3B Ezequiel Duran C Austin Wynns OF Shohei Ohtani OF Andy Pages OF Brandon Nimmo P Jacob deGrom P Roki Sasaki SS Miguel Rojas,,,
497,5217709135,GizmoMoney,0,37.4,1B Freddie Freeman 2B Tommy Edman 3B Ezequiel Duran C Austin Wynns OF Shohei Ohtani OF Andy Pages OF Brandon Nimmo P Jacob deGrom P Roki Sasaki SS Miguel Rojas,,,
497,5217774844,DeMarcoble1,0,37.4,1B Joc Pederson 2B Tommy Edman 3B Kike Hernandez C Gary Sanchez OF Jackson Chourio OF Andy Pages OF Kyle Tucker P Jacob deGrom P Roki Sasaki SS Corey Seager,,,
509,5217044884,IDK_27,0,36.4,1B Freddie Freeman 2B Adam Frazier 3B Ezequiel Duran C Travis d'Arnaud OF Shohei Ohtani OF Andy Pages OF Brandon Nimmo P Jacob deGrom P Roki Sasaki SS Zach Neto,,,
509,5217148612,SkyU27,0,36.4,1B Joc Pederson 2B Tommy Edman 3B Ezequiel Duran C Ben Rortvedt OF Shohei Ohtani OF Wyatt Langford OF Brandon Nimmo P Jacob deGrom P Roki Sasaki SS Corey Seager,,,
509,5217368178,hondo777,0,36.4,1B Joc Pederson 2B Tommy Edman 3B Ezequiel Duran C Ben Rortvedt OF Shohei Ohtani OF Wyatt Langford OF Brandon Nimmo P Jacob deGrom P Roki Sasaki SS Corey Seager,,,
509,5217380833,HardRocks,0,36.4,1B Joc Pederson 2B Tommy Edman 3B Ezequiel Duran C Ben Rortvedt OF Shohei Ohtani OF Teoscar Hernandez OF Brandon Nimmo P Jacob deGrom P Roki Sasaki SS Corey Seager,,,
509,5217480507,jomopalooza,0,36.4,1B Jake Bauers 2B Tommy Edman 3B Ezequiel Duran C Hunter Feduccia OF Andy Pages OF Wyatt Langford OF Brandon Nimmo P Jacob deGrom P Roki Sasaki SS Zach Neto,,,
509,5217512307,cashyobe,0,36.4,1B Shohei Ohtani 2B Tommy Edman 3B Ezequiel Duran C Ben Rortvedt OF Wyatt Langford OF Kyle Tucker OF Brandon Nimmo P Jacob deGrom P Roki Sasaki SS Corey Seager,,,
509,5217515056,Chiefray59,0,36.4,1B Joc Pederson 2B Tommy Edman 3B Ezequiel Duran C William Contreras OF Mike Trout OF Kyle Tucker OF Brandon Nimmo P Jacob deGrom P Roki Sasaki SS Corey Seager,,,
509,5217532579,jvh2122,0,36.4,1B Joc Pederson 2B Tommy Edman 3B Ezequiel Duran C William Contreras OF Mike Trout OF Andy Pages OF Brandon Nimmo P Jacob deGrom P Roki Sasaki SS Corey Seager,,,
509,5217593486,IChuckUpDaDeuces,0,36.4,1B Freddie Freeman 2B Tommy Edman 3B Kike Hernandez C Austin Wynns OF Wyatt Langford OF Brandon Nimmo OF Evan Carter P Jacob deGrom P Roki Sasaki SS Corey Seager,,,
509,5217614717,Lilp7611,0,36.4,1B Joc Pederson 2B Tommy Edman 3B Kike Hernandez C Gary Sanchez OF Shohei Ohtani OF Andy Pages OF Teoscar Hernandez P Jacob deGrom P Roki Sasaki SS Corey Seager,,,
509,5217717199,DancinPaul,0,36.4,1B Shohei Ohtani 2B Tommy Edman 3B Ezequiel Duran C Ben Rortvedt OF Wyatt Langford OF Kyle Tucker OF Brandon Nimmo P Jacob deGrom P Roki Sasaki SS Corey Seager,,,
509,5217729961,cadams32081,0,36.4,1B Joc Pederson 2B Miguel Rojas 3B Ezequiel Duran C William Contreras OF Shohei Ohtani OF Mike Trout OF Brandon Nimmo P Jacob deGrom P Roki Sasaki SS Corey Seager,,,
509,5217736053,bearsden1975,0,36.4,1B Joc Pederson 2B Tommy Edman 3B Kike Hernandez C Gary Sanchez OF Shohei Ohtani OF Andy Pages OF Teoscar Hernandez P Jacob deGrom P Roki Sasaki SS Corey Seager,,,
509,5217742464,bigserg75,0,36.4,1B Joc Pederson 2B Tommy Edman 3B Ezequiel Duran C Moises Ballesteros OF Shohei Ohtani OF Andy Pages OF Garrett Mitchell P Jacob deGrom P Roki Sasaki SS Corey Seager,,,
509,5217784454,popimpin,0,36.4,1B Joc Pederson 2B Tommy Edman 3B Ezequiel Duran C Moises Ballesteros OF Shohei Ohtani OF Wyatt Langford OF Brandon Nimmo P Jacob deGrom P Roki Sasaki SS Corey Seager,,,
509,5217831156,Jeter2333,0,36.4,1B Joc Pederson 2B Tommy Edman 3B Ezequiel Duran C Moises Ballesteros OF Shohei Ohtani OF Wyatt Langford OF Brandon Nimmo P Jacob deGrom P Roki Sasaki SS Corey Seager,,,
509,5217831807,minfan77,0,36.4,1B Shohei Ohtani 2B Tommy Edman 3B Ezequiel Duran C Ben Rortvedt OF Andy Pages OF Teoscar Hernandez OF Brandon Nimmo P Jacob deGrom P Roki Sasaki SS Corey Seager,,,
526,5217633969,canucme100,0,35.7,1B Joc Pederson 2B Tommy Edman 3B Ezequiel Duran C William Contreras OF Garrett Mitchell OF Teoscar Hernandez OF Brandon Nimmo P Jacob deGrom P Shane Drohan SS Corey Seager,,,
527,5217290376,TrojanMom85,0,35.4,1B Joc Pederson 2B Tommy Edman 3B Kike Hernandez C Gary Sanchez OF Shohei Ohtani OF Andy Pages OF Brandon Nimmo P Jacob deGrom P Roki Sasaki SS Corey Seager,,,
527,5217435457,CAKSEER,0,35.4,1B Freddie Freeman 2B Miguel Rojas 3B Ezequiel Duran C Moises Ballesteros OF Shohei Ohtani OF Wyatt Langford OF Brandon Nimmo P Jacob deGrom P Roki Sasaki SS Corey Seager,,,
527,5217498897,jadogogmx,0,35.4,1B Shohei Ohtani 2B Miguel Rojas 3B Ezequiel Duran C Moises Ballesteros OF Jackson Chourio OF Andy Pages OF Brandon Nimmo P Jacob deGrom P Roki Sasaki SS Mookie Betts,,,
527,5217503232,robvaughan,0,35.4,1B Shohei Ohtani 2B Tommy Edman 3B Ezequiel Duran C Austin Wynns OF Andy Pages OF Wyatt Langford OF Evan Carter P Jacob deGrom P Roki Sasaki SS Corey Seager,,,
527,5217566254,XXX69,0,35.4,1B Shohei Ohtani 2B Tommy Edman 3B Kike Hernandez C Austin Wynns OF Andy Pages OF Wyatt Langford OF Evan Carter P Jacob deGrom P Roki Sasaki SS Corey Seager,,,
527,5217665086,reikojohns1,0,35.4,1B Freddie Freeman 2B Justin Foscue 3B Ezequiel Duran C Gary Sanchez OF Shohei Ohtani OF Andy Pages OF Alejandro Osuna P Jacob deGrom P Roki Sasaki SS David Hamilton,,,
527,5217688529,Mwils85,0,35.4,1B Freddie Freeman 2B Tommy Edman 3B Ezequiel Duran C William Contreras OF Wyatt Langford OF Brandon Nimmo OF Wade Meckler P Jacob deGrom P Roki Sasaki SS Corey Seager,,,
527,5217700665,hbcards,0,35.4,1B Shohei Ohtani 2B Tommy Edman 3B Kike Hernandez C Austin Wynns OF Andy Pages OF Wyatt Langford OF Teoscar Hernandez P Jacob deGrom P Roki Sasaki SS Corey Seager,,,
527,5217710774,mjeffreys,0,35.4,1B Joc Pederson 2B Tommy Edman 3B Kike Hernandez C Gary Sanchez OF Shohei Ohtani OF Andy Pages OF Brandon Nimmo P Jacob deGrom P Roki Sasaki SS Corey Seager,,,
527,5217754984,plewis247,0,35.4,1B Shohei Ohtani 2B Tommy Edman 3B Ezequiel Duran C Austin Wynns OF Andy Pages OF Wyatt Langford OF Evan Carter P Jacob deGrom P Roki Sasaki SS Corey Seager,,,
527,5217762422,cpee15,0,35.4,1B Shohei Ohtani 2B Tommy Edman 3B Ezequiel Duran C Austin Wynns OF Andy Pages OF Wyatt Langford OF Evan Carter P Jacob deGrom P Roki Sasaki SS Corey Seager,,,
527,5217768887,Ship1992,0,35.4,1B Joc Pederson 2B Tommy Edman 3B Kike Hernandez C Gary Sanchez OF Shohei Ohtani OF Andy Pages OF Brandon Nimmo P Jacob deGrom P Roki Sasaki SS Corey Seager,,,
527,5217812163,mbg1016,0,35.4,1B Shohei Ohtani 2B Tommy Edman 3B Kike Hernandez C Austin Wynns OF Andy Pages OF Wyatt Langford OF Teoscar Hernandez P Jacob deGrom P Roki Sasaki SS Corey Seager,,,
527,5217817286,SoIll618,0,35.4,1B Joc Pederson 2B Miguel Rojas 3B Ezequiel Duran C Moises Ballesteros OF Shohei Ohtani OF Andy Pages OF Tommy Edman P Jacob deGrom P Roki Sasaki SS Corey Seager,,,
527,5217831178,BamaRadiohead,0,35.4,1B Shohei Ohtani 2B Tommy Edman 3B Ezequiel Duran C Austin Wynns OF Andy Pages OF Wyatt Langford OF Evan Carter P Jacob deGrom P Roki Sasaki SS Corey Seager,,,
542,5216915893,terryf20,0,34.7,1B Joc Pederson 2B Vaughn Grissom 3B Ezequiel Duran C William Contreras OF Wyatt Langford OF Christian Yelich OF Brandon Nimmo P Jacob deGrom P Shane Drohan SS Corey Seager,,,
543,5216737636,hasco,0,34.4,1B Joc Pederson 2B Tommy Edman 3B Ezequiel Duran C Moises Ballesteros OF Shohei Ohtani OF Andy Pages OF Teoscar Hernandez P Jacob deGrom P Roki Sasaki SS Corey Seager,,,
543,5217126690,AverillsAvengers,0,34.4,1B Freddie Freeman 2B Vaughn Grissom 3B Kike Hernandez C William Contreras OF Wyatt Langford OF Christian Yelich OF Brandon Nimmo P Jacob deGrom P Roki Sasaki SS Corey Seager,,,
543,5217126815,aquafinatim,0,34.4,1B Joc Pederson 2B Tommy Edman 3B Ezequiel Duran C Austin Wynns OF Shohei Ohtani OF Andy Pages OF Wyatt Langford P Jacob deGrom P Roki Sasaki SS Miguel Rojas,,,
543,5217304530,Zooloo,0,34.4,1B Shohei Ohtani 2B Tommy Edman 3B Ezequiel Duran C Austin Wynns OF Andy Pages OF Teoscar Hernandez OF Brandon Nimmo P Jacob deGrom P Roki Sasaki SS Corey Seager,,,
543,5217360410,Hambone1927,0,34.4,1B Joc Pederson 2B Tommy Edman 3B Ezequiel Duran C Ben Rortvedt OF Shohei Ohtani OF Andy Pages OF Wyatt Langford P Jacob deGrom P Roki Sasaki SS Corey Seager,,,
543,5217436593,coorslight37,0,34.4,1B Joc Pederson 2B Tommy Edman 3B Ezequiel Duran C Ben Rortvedt OF Shohei Ohtani OF Andy Pages OF Wyatt Langford P Jacob deGrom P Roki Sasaki SS Corey Seager,,,
543,5217500837,thegoose555,0,34.4,1B Joc Pederson 2B Tommy Edman 3B Ezequiel Duran C Ben Rortvedt OF Shohei Ohtani OF Andy Pages OF Wyatt Langford P Jacob deGrom P Roki Sasaki SS Corey Seager,,,
543,5217505034,nwspring52,0,34.4,1B Joc Pederson 2B Tommy Edman 3B Ezequiel Duran C Ben Rortvedt OF Shohei Ohtani OF Andy Pages OF Wyatt Langford P Jacob deGrom P Roki Sasaki SS Corey Seager,,,
543,5217509260,bdmar03,0,34.4,1B Joc Pederson 2B Tommy Edman 3B Ezequiel Duran C Ben Rortvedt OF Shohei Ohtani OF Andy Pages OF Wyatt Langford P Jacob deGrom P Roki Sasaki SS Corey Seager,,,
543,5217515404,sammo87,0,34.4,1B Joc Pederson 2B Tommy Edman 3B Ezequiel Duran C Ben Rortvedt OF Shohei Ohtani OF Andy Pages OF Wyatt Langford P Jacob deGrom P Roki Sasaki SS Corey Seager,,,
543,5217526954,dublinking,0,34.4,1B Joc Pederson 2B Tommy Edman 3B Ezequiel Duran C Ben Rortvedt OF Shohei Ohtani OF Andy Pages OF Wyatt Langford P Jacob deGrom P Roki Sasaki SS Corey Seager,,,
543,5217531283,the4amigos,0,34.4,1B Joc Pederson 2B Tommy Edman 3B Ezequiel Duran C Ben Rortvedt OF Shohei Ohtani OF Andy Pages OF Wyatt Langford P Jacob deGrom P Roki Sasaki SS Corey Seager,,,
543,5217533528,sh-13,0,34.4,1B Shohei Ohtani 2B Tommy Edman 3B Ezequiel Duran C Ben Rortvedt OF Andy Pages OF Wyatt Langford OF Kike Hernandez P Jacob deGrom P Roki Sasaki SS Corey Seager,,,
543,5217568286,jacksnations,0,34.4,1B Shohei Ohtani 2B Justin Foscue 3B Ezequiel Duran C Gary Sanchez OF Wyatt Langford OF Brandon Nimmo OF Wade Meckler P Jacob deGrom P Roki Sasaki SS Corey Seager,,,
543,5217590284,Nflvikings1,0,34.4,1B Shohei Ohtani 2B Nicky Lopez 3B Ezequiel Duran C Gary Sanchez OF Andy Pages OF Brandon Nimmo OF Kike Hernandez P Jacob deGrom P Roki Sasaki SS Corey Seager,,,
543,5217595186,luvthemredbirds,0,34.4,1B Joc Pederson 2B Tommy Edman 3B Ezequiel Duran C Ben Rortvedt OF Shohei Ohtani OF Andy Pages OF Wyatt Langford P Jacob deGrom P Roki Sasaki SS Corey Seager,,,
543,5217595817,CrypticalDevelopment,0,34.4,1B Joc Pederson 2B Tommy Edman 3B Ezequiel Duran C Moises Ballesteros OF Shohei Ohtani OF Andy Pages OF Teoscar Hernandez P Jacob deGrom P Roki Sasaki SS Corey Seager,,,
543,5217606490,LoganGrewe50,0,34.4,1B Joc Pederson 2B Tommy Edman 3B Ezequiel Duran C Ben Rortvedt OF Shohei Ohtani OF Andy Pages OF Wyatt Langford P Jacob deGrom P Roki Sasaki SS Corey Seager,,,
543,5217619125,mhemin22,0,34.4,1B Shohei Ohtani 2B Tommy Edman 3B Kike Hernandez C Austin Wynns OF Andy Pages OF Wyatt Langford OF Brandon Nimmo P Jacob deGrom P Roki Sasaki SS Corey Seager,,,
543,5217684425,jc000000,0,34.4,1B Joc Pederson 2B Tommy Edman 3B Ezequiel Duran C Ben Rortvedt OF Shohei Ohtani OF Andy Pages OF Teoscar Hernandez P Jacob deGrom P Roki Sasaki SS Corey Seager,,,
543,5217786356,ideagirl13,0,34.4,1B Freddie Freeman 2B Tommy Edman 3B Ezequiel Duran C Austin Wynns OF Andy Pages OF Wyatt Langford OF Teoscar Hernandez P Jacob deGrom P Roki Sasaki SS Corey Seager,,,
543,5217792415,TelepathicHalo,0,34.4,1B Shohei Ohtani 2B Tommy Edman 3B Ezequiel Duran C Austin Wynns OF Wyatt Langford OF Kyle Tucker OF Brandon Nimmo P Jacob deGrom P Roki Sasaki SS Corey Seager,,,
543,5217792800,kevinmar,0,34.4,1B Joc Pederson 2B Tommy Edman 3B Ezequiel Duran C Ben Rortvedt OF Shohei Ohtani OF Andy Pages OF Wyatt Langford P Jacob deGrom P Roki Sasaki SS Corey Seager,,,
543,5217799335,KenyanDrake,0,34.4,1B Shohei Ohtani 2B Tommy Edman 3B Kike Hernandez C Austin Wynns OF Andy Pages OF Wyatt Langford OF Brandon Nimmo P Jacob deGrom P Roki Sasaki SS Corey Seager,,,
543,5217822571,Handcuff2006,0,34.4,1B Shohei Ohtani 2B Tommy Edman 3B Kike Hernandez C Austin Wynns OF Andy Pages OF Wyatt Langford OF Brandon Nimmo P Jacob deGrom P Roki Sasaki SS Corey Seager,,,
568,5217184630,19murphy82,0,33.7,1B Joc Pederson 2B Tommy Edman 3B Ezequiel Duran C William Contreras OF Wyatt Langford OF Christian Yelich OF Brandon Nimmo P Jacob deGrom P Shane Drohan SS Corey Seager,,,
568,5217511010,michaelblaschko,0,33.7,1B Joc Pederson 2B Tommy Edman 3B Ezequiel Duran C William Contreras OF Wyatt Langford OF Christian Yelich OF Brandon Nimmo P Jacob deGrom P Shane Drohan SS Corey Seager,,,
570,5217134094,MKies816,0,33.4,1B Shohei Ohtani 2B Tommy Edman 3B Ezequiel Duran C Ben Rortvedt OF Andy Pages OF Kyle Tucker OF Brandon Nimmo P Jacob deGrom P Roki Sasaki SS Corey Seager,,,
570,5217429228,frisbeediver,0,33.4,1B Joc Pederson 2B Tommy Edman 3B Ezequiel Duran C Ben Rortvedt OF Shohei Ohtani OF Andy Pages OF Brandon Nimmo P Jacob deGrom P Roki Sasaki SS Corey Seager,,,
570,5217478879,colonelforbin22,0,33.4,1B Shohei Ohtani 2B Vaughn Grissom 3B Ezequiel Duran C Travis d'Arnaud OF Andy Pages OF Wyatt Langford OF Teoscar Hernandez P Jacob deGrom P Roki Sasaki SS Corey Seager,,,
570,5217509988,Evilempire2626,0,33.4,1B Joc Pederson 2B Tommy Edman 3B Kike Hernandez C William Contreras OF Shohei Ohtani OF Andy Pages OF Jose Siri P Jacob deGrom P Roki Sasaki SS Corey Seager,,,
570,5217719612,gsxallstar,0,33.4,1B Joc Pederson 2B Tommy Edman 3B Ezequiel Duran C Moises Ballesteros OF Shohei Ohtani OF Andy Pages OF Brandon Nimmo P Jacob deGrom P Roki Sasaki SS Corey Seager,,,
575,5217222850,PDR297,0,32.4,1B Joc Pederson 2B Tommy Edman 3B Ezequiel Duran C Austin Wynns OF Shohei Ohtani OF Wyatt Langford OF Kyle Tucker P Jacob deGrom P Roki Sasaki SS Corey Seager,,,
575,5217297728,Wanna_Square_Up1567,0,32.4,1B Joc Pederson 2B Justin Foscue 3B Ezequiel Duran C Austin Wynns OF Wyatt Langford OF Tommy Edman OF Teoscar Hernandez P Jacob deGrom P Roki Sasaki SS Miguel Rojas,,,
575,5217402268,MileHighMadman,0,32.4,1B Shohei Ohtani 2B Tommy Edman 3B Ezequiel Duran C Austin Wynns OF Andy Pages OF Wyatt Langford OF Kike Hernandez P Jacob deGrom P Roki Sasaki SS Corey Seager,,,
575,5217528867,wesol33,0,32.4,1B Shohei Ohtani 2B Miguel Rojas 3B David Hamilton C William Contreras OF Andy Pages OF Kyle Tucker OF Brandon Nimmo P Jacob deGrom P Roki Sasaki SS Corey Seager,,,
575,5217592128,scn462,0,32.4,1B Freddie Freeman 2B Miguel Rojas 3B Kike Hernandez C Moises Ballesteros OF Shohei Ohtani OF Andy Pages OF Brandon Nimmo P Jacob deGrom P Roki Sasaki SS Corey Seager,,,
575,5217655379,Muddogs28,0,32.4,1B Shohei Ohtani 2B Miguel Rojas 3B David Hamilton C William Contreras OF Andy Pages OF Kyle Tucker OF Brandon Nimmo P Jacob deGrom P Roki Sasaki SS Corey Seager,,,
575,5217666243,nipmysac,0,32.4,1B Joc Pederson 2B Tommy Edman 3B Ezequiel Duran C Austin Wynns OF Shohei Ohtani OF Wyatt Langford OF Kyle Tucker P Jacob deGrom P Roki Sasaki SS Corey Seager,,,
575,5217754632,bigecg26,0,32.4,1B Freddie Freeman 2B Miguel Rojas 3B Ezequiel Duran C Moises Ballesteros OF Shohei Ohtani OF Andy Pages OF Brandon Nimmo P Jacob deGrom P Roki Sasaki SS Corey Seager,,,
583,5217402206,ecsdroop,0,31.7,1B Joc Pederson 2B Tommy Edman 3B Ezequiel Duran C William Contreras OF Andy Pages OF Wyatt Langford OF Christian Yelich P Jacob deGrom P Shane Drohan SS Corey Seager,,,
583,5217588636,oldangrygamer,0,31.7,1B Joc Pederson 2B Miguel Rojas 3B Ezequiel Duran C William Contreras OF Shohei Ohtani OF Wyatt Langford OF Christian Yelich P Jacob deGrom P Shane Drohan SS Corey Seager,,,
585,5217102382,joe_mac10,0,31.400002,1B Freddie Freeman 2B Miguel Rojas 3B Kike Hernandez C Austin Wynns OF Shohei Ohtani OF Andy Pages OF Wyatt Langford P Jacob deGrom P Roki Sasaki SS Corey Seager,,,
585,5217109766,Satch65,0,31.400002,1B Shohei Ohtani 2B Miguel Rojas 3B Kike Hernandez C Gary Sanchez OF Andy Pages OF Kyle Tucker OF Evan Carter P Jacob deGrom P Roki Sasaki SS Corey Seager,,,
585,5217112115,maestrobobcobb,0,31.400002,1B Joc Pederson 2B Miguel Rojas 3B Ezequiel Duran C Gary Sanchez OF Shohei Ohtani OF Andy Pages OF Christian Yelich P Jacob deGrom P Roki Sasaki SS Corey Seager,,,
585,5217112877,jpm_joshua2002,0,31.400002,1B Freddie Freeman 2B Miguel Rojas 3B Kike Hernandez C Austin Wynns OF Shohei Ohtani OF Andy Pages OF Wyatt Langford P Jacob deGrom P Roki Sasaki SS Corey Seager,,,
585,5217126330,ptsteel,0,31.400002,1B Freddie Freeman 2B Tommy Edman 3B Kike Hernandez C Austin Wynns OF Andy Pages OF Wyatt Langford OF Kyle Tucker P Jacob deGrom P Roki Sasaki SS Corey Seager,,,
585,5217369068,cmcbutch,0,31.400002,1B Joc Pederson 2B Tommy Edman 3B Ezequiel Duran C William Contreras OF Shohei Ohtani OF Teoscar Hernandez OF Brandon Nimmo P Jacob deGrom P Roki Sasaki SS Corey Seager,,,
585,5217372009,houstonjr76,0,31.400002,1B Joc Pederson 2B Tommy Edman 3B Ezequiel Duran C Austin Wynns OF Shohei Ohtani OF Andy Pages OF Brandon Nimmo P Jacob deGrom P Roki Sasaki SS Corey Seager,,,
585,5217450886,Brew3877,0,31.400002,1B Joc Pederson 2B Tommy Edman 3B Ezequiel Duran C William Contreras OF Shohei Ohtani OF Teoscar Hernandez OF Brandon Nimmo P Jacob deGrom P Roki Sasaki SS Corey Seager,,,
585,5217524278,habcommander,0,31.400002,1B Joc Pederson 2B Tommy Edman 3B Ezequiel Duran C Ben Rortvedt OF Shohei Ohtani OF Andy Pages OF Kyle Tucker P Jacob deGrom P Roki Sasaki SS Corey Seager,,,
585,5217525035,swgmys,0,31.400002,1B Freddie Freeman 2B Miguel Rojas 3B Ezequiel Duran C Austin Wynns OF Shohei Ohtani OF Kyle Tucker OF Teoscar Hernandez P Jacob deGrom P Roki Sasaki SS Corey Seager,,,
585,5217548955,Boltmantom,0,31.400002,1B Joc Pederson 2B Tommy Edman 3B Ezequiel Duran C William Contreras OF Shohei Ohtani OF Teoscar Hernandez OF Brandon Nimmo P Jacob deGrom P Roki Sasaki SS Corey Seager,,,
585,5217594170,TheWhiz13,0,31.400002,1B Shohei Ohtani 2B Tommy Edman 3B Ezequiel Duran C Elias Diaz OF Andy Pages OF Teoscar Hernandez OF Brandon Nimmo P Jacob deGrom P Roki Sasaki SS Corey Seager,,,
585,5217711450,DuckFan94,0,31.400002,1B Joc Pederson 2B Tommy Edman 3B Kike Hernandez C Moises Ballesteros OF Shohei Ohtani OF Andy Pages OF Kyle Tucker P Jacob deGrom P Roki Sasaki SS Corey Seager,,,
598,5217417921,JRaab,0,30.7,1B Joc Pederson 2B Justin Foscue 3B Ezequiel Duran C William Contreras OF Jackson Chourio OF Christian Yelich OF Brandon Nimmo P Jacob deGrom P Shane Drohan SS Corey Seager,,,
598,5217532002,bori68,0,30.7,1B Joc Pederson 2B Brice Turang 3B Ezequiel Duran C William Contreras OF Jackson Chourio OF Brandon Nimmo OF Evan Carter P Jacob deGrom P Shane Drohan SS Corey Seager,,,
598,5217552109,lewisdix,0,30.7,1B Joc Pederson 2B Brice Turang 3B Ezequiel Duran C William Contreras OF Jackson Chourio OF Brandon Nimmo OF Evan Carter P Jacob deGrom P Shane Drohan SS Corey Seager,,,
598,5217735175,joelaaay,0,30.7,1B Joc Pederson 2B Justin Foscue 3B Ezequiel Duran C William Contreras OF Jackson Chourio OF Christian Yelich OF Brandon Nimmo P Jacob deGrom P Shane Drohan SS Corey Seager,,,
602,5216659164,mikebkmm5,0,30.400002,1B Joc Pederson 2B Justin Foscue 3B Ezequiel Duran C Gary Sanchez OF Shohei Ohtani OF Wyatt Langford OF Teoscar Hernandez P Jacob deGrom P Roki Sasaki SS Corey Seager,,,
602,5217347055,jsw1264,0,30.400002,1B Joc Pederson 2B Brice Turang 3B Ezequiel Duran C William Contreras OF Mike Trout OF Brandon Nimmo OF Wade Meckler P Jacob deGrom P Roki Sasaki SS Zach Neto,,,
602,5217497802,wrabl,0,30.400002,1B Joc Pederson 2B Brice Turang 3B Ezequiel Duran C William Contreras OF Mike Trout OF Teoscar Hernandez OF Brandon Nimmo P Jacob deGrom P Roki Sasaki SS Corey Seager,,,
602,5217565813,JLMARR76,0,30.400002,1B Jake Burger 2B Brice Turang 3B Ezequiel Duran C Hunter Feduccia OF Mike Trout OF Wyatt Langford OF Brandon Nimmo P Jacob deGrom P Roki Sasaki SS Corey Seager,,,
602,5217718636,texasfrog90,0,30.400002,1B Joc Pederson 2B Miguel Rojas 3B Kike Hernandez C William Contreras OF Shohei Ohtani OF Andy Pages OF Tommy Edman P Jacob deGrom P Roki Sasaki SS Corey Seager,,,
607,5216717344,zacamu,0,29.400002,1B Shohei Ohtani 2B Miguel Rojas 3B Ezequiel Duran C Austin Wynns OF Andy Pages OF Wyatt Langford OF Brandon Nimmo P Jacob deGrom P Roki Sasaki SS Corey Seager,,,
607,5217088944,Minlaian1000,0,29.400002,1B Shohei Ohtani 2B Tommy Edman 3B Kike Hernandez C Elias Diaz OF Andy Pages OF Wyatt Langford OF Brandon Nimmo P Jacob deGrom P Roki Sasaki SS Mookie Betts,,,
607,5217115740,ChiefKingdom1987,0,29.400002,1B Joc Pederson 2B Miguel Rojas 3B Kike Hernandez C Austin Wynns OF Shohei Ohtani OF Wyatt Langford OF Brandon Nimmo P Jacob deGrom P Roki Sasaki SS Corey Seager,,,
607,5217447413,atomhawk,0,29.400002,1B Joc Pederson 2B Tommy Edman 3B Ezequiel Duran C Austin Wynns OF Shohei Ohtani OF Andy Pages OF Kyle Tucker P Jacob deGrom P Roki Sasaki SS Corey Seager,,,
607,5217459856,JHH58,0,29.400002,1B Joc Pederson 2B Tommy Edman 3B Kike Hernandez C Elias Diaz OF Shohei Ohtani OF Andy Pages OF Wyatt Langford P Jacob deGrom P Roki Sasaki SS Corey Seager,,,
607,5217479030,coastrat69,0,29.400002,1B Joc Pederson 2B Tommy Edman 3B Kike Hernandez C Elias Diaz OF Shohei Ohtani OF Andy Pages OF Wyatt Langford P Jacob deGrom P Roki Sasaki SS Corey Seager,,,
607,5217498877,Trckrdd,0,29.400002,1B Joc Pederson 2B Tommy Edman 3B Ezequiel Duran C Moises Ballesteros OF Andy Pages OF Wyatt Langford OF Kyle Tucker P Jacob deGrom P Roki Sasaki SS Corey Seager,,,
607,5217547824,TrappistMonk,0,29.400002,1B Joc Pederson 2B Justin Foscue 3B Ezequiel Duran C Austin Wynns OF Shohei Ohtani OF Andy Pages OF Tommy Edman P Jacob deGrom P Roki Sasaki SS Corey Seager,,,
607,5217657552,cdt123,0,29.400002,1B Joc Pederson 2B Tommy Edman 3B Kike Hernandez C Austin Wynns OF Shohei Ohtani OF Andy Pages OF Kyle Tucker P Jacob deGrom P Roki Sasaki SS Corey Seager,,,
607,5217821913,monsoonserge,0,29.400002,1B Shohei Ohtani 2B Miguel Rojas 3B Ezequiel Duran C Austin Wynns OF Andy Pages OF Wyatt Langford OF Brandon Nimmo P Jacob deGrom P Roki Sasaki SS Corey Seager,,,
607,5217831991,WhitehorsePK,0,29.400002,1B Joc Pederson 2B Tommy Edman 3B Ezequiel Duran C Austin Wynns OF Shohei Ohtani OF Andy Pages OF Kyle Tucker P Jacob deGrom P Roki Sasaki SS Corey Seager,,,
618,5217489444,jmay3520,0,28.400002,1B Joc Pederson 2B Brice Turang 3B Kike Hernandez C William Contreras OF Mike Trout OF Christian Yelich OF Brandon Nimmo P Jacob deGrom P Roki Sasaki SS Mookie Betts,,,
618,5217584761,Bmoney37129,0,28.400002,1B Joc Pederson 2B Tommy Edman 3B Ezequiel Duran C William Contreras OF Shohei Ohtani OF Brandon Nimmo OF Kike Hernandez P Jacob deGrom P Roki Sasaki SS Corey Seager,,,
618,5217622190,cliffr03690,0,28.400002,1B Freddie Freeman 2B Miguel Rojas 3B Ezequiel Duran C Elias Diaz OF Shohei Ohtani OF Kyle Tucker OF Teoscar Hernandez P Jacob deGrom P Roki Sasaki SS Corey Seager,,,
618,5217758794,Jonnyrose,0,28.400002,1B Shohei Ohtani 2B Justin Foscue 3B Ezequiel Duran C Ben Rortvedt OF Andy Pages OF Wyatt Langford OF Teoscar Hernandez P Jacob deGrom P Roki Sasaki SS Corey Seager,,,
618,5217773914,Seefeldt96,0,28.400002,1B Joc Pederson 2B Miguel Rojas 3B Ezequiel Duran C William Contreras OF Jackson Chourio OF Andy Pages OF Wyatt Langford P Jacob deGrom P Roki Sasaki SS Corey Seager,,,
618,5217804611,gratefuldead23,0,28.400002,1B Joc Pederson 2B Miguel Rojas 3B Ezequiel Duran C Gary Sanchez OF Shohei Ohtani OF Andy Pages OF Kyle Tucker P Jacob deGrom P Roki Sasaki SS Corey Seager,,,
624,5217098068,breymaier,0,27.400002,1B Shohei Ohtani 2B Miguel Rojas 3B Ezequiel Duran C Austin Wynns OF Andy Pages OF Wyatt Langford OF Kyle Tucker P Jacob deGrom P Roki Sasaki SS Corey Seager,,,
624,5217123081,lacavirma,0,27.400002,1B Joc Pederson 2B Miguel Rojas 3B Ezequiel Duran C Austin Wynns OF Shohei Ohtani OF Andy Pages OF Evan Carter P Jacob deGrom P Roki Sasaki SS Corey Seager,,,
624,5217439590,RuthlessVillain,0,27.400002,1B Joc Pederson 2B Tommy Edman 3B Ezequiel Duran C Elias Diaz OF Shohei Ohtani OF Andy Pages OF Teoscar Hernandez P Jacob deGrom P Roki Sasaki SS Mookie Betts,,,
624,5217498753,NikeGriffin32,0,27.400002,1B Joc Pederson 2B Tommy Edman 3B Ezequiel Duran C William Contreras OF Andy Pages OF Wyatt Langford OF Teoscar Hernandez P Jacob deGrom P Roki Sasaki SS Corey Seager,,,
624,5217631338,Finlaggan,0,27.400002,1B Freddie Freeman 2B Miguel Rojas 3B Ezequiel Duran C Elias Diaz OF Shohei Ohtani OF Kyle Tucker OF Brandon Nimmo P Jacob deGrom P Roki Sasaki SS Corey Seager,,,
624,5217743162,loigwine,0,27.400002,1B Joc Pederson 2B Nicky Lopez 3B Ezequiel Duran C William Contreras OF Shohei Ohtani OF Andy Pages OF Brandon Nimmo P Jacob deGrom P Roki Sasaki SS Corey Seager,,,
630,5217598249,armydave72,0,26.7,1B Joc Pederson 2B Justin Foscue 3B Ezequiel Duran C William Contreras OF Shohei Ohtani OF Christian Yelich OF Brandon Nimmo P Jacob deGrom P Shane Drohan SS Corey Seager,,,
631,5216926629,bluester111,0,26.400002,1B Joc Pederson 2B Justin Foscue 3B Ezequiel Duran C Gary Sanchez OF Shohei Ohtani OF Andy Pages OF Brandon Nimmo P Jacob deGrom P Roki Sasaki SS Corey Seager,,,
631,5217523568,pigskin23,0,26.400002,1B Shohei Ohtani 2B Miguel Rojas 3B Ezequiel Duran C William Contreras OF Andy Pages OF Teoscar Hernandez OF Brandon Nimmo P Jacob deGrom P Roki Sasaki SS Corey Seager,,,
631,5217554900,Uaintredi,0,26.400002,1B Joc Pederson 2B Justin Foscue 3B Ezequiel Duran C Gary Sanchez OF Shohei Ohtani OF Andy Pages OF Brandon Nimmo P Jacob deGrom P Roki Sasaki SS Corey Seager,,,
631,5217678495,bignasty03,0,26.400002,1B Shohei Ohtani 2B Miguel Rojas 3B Ezequiel Duran C William Contreras OF Andy Pages OF Teoscar Hernandez OF Brandon Nimmo P Jacob deGrom P Roki Sasaki SS Corey Seager,,,
635,5217434910,schromcak,0,25.400002,1B Jake Burger 2B Tommy Edman 3B Ezequiel Duran C William Contreras OF Andy Pages OF Wyatt Langford OF Teoscar Hernandez P Jacob deGrom P Roki Sasaki SS Zach Neto,,,
636,5217098094,Oggy1959,0,24.7,1B Joc Pederson 2B Brice Turang 3B Ezequiel Duran C William Contreras OF Wyatt Langford OF Christian Yelich OF Brandon Nimmo P Jacob deGrom P Shane Drohan SS Corey Seager,,,
636,5217381789,davidgrussin,0,24.7,1B Joc Pederson 2B Brice Turang 3B Ezequiel Duran C William Contreras OF Wyatt Langford OF Christian Yelich OF Brandon Nimmo P Jacob deGrom P Shane Drohan SS Corey Seager,,,
638,5217695088,jamn0203,0,24.400002,1B Joc Pederson 2B Miguel Rojas 3B Ezequiel Duran C William Contreras OF Shohei Ohtani OF Andy Pages OF Teoscar Hernandez P Jacob deGrom P Roki Sasaki SS Corey Seager,,,
639,5217791725,Jimbobwae42,0,23.400002,1B Joc Pederson 2B Miguel Rojas 3B Ezequiel Duran C William Contreras OF Shohei Ohtani OF Kyle Tucker OF Brandon Nimmo P Jacob deGrom P Roki Sasaki SS Corey Seager,,,
640,5217426509,ruru10,0,22.400002,1B Joc Pederson 2B Justin Foscue 3B Ezequiel Duran C William Contreras OF Shohei Ohtani OF Andy Pages OF Wyatt Langford P Jacob deGrom P Roki Sasaki SS Miguel Rojas,,,
641,5217621910,aylsg,0,20.400002,1B Joc Pederson 2B Brice Turang 3B Ezequiel Duran C William Contreras OF Andy Pages OF Garrett Mitchell OF Teoscar Hernandez P Jacob deGrom P Roki Sasaki SS Corey Seager,,,
642,5217493569,DONSbaseball,0,19.400002,1B Shohei Ohtani 2B Justin Foscue 3B Ezequiel Duran C Elias Diaz OF Andy Pages OF Kyle Tucker OF Brandon Nimmo P Jacob deGrom P Roki Sasaki SS Corey Seager,,,
643,5217073315,zacsmith1,0,0,,,,
643,5217149108,csurunnerccr,0,0,,,,
643,5217169124,Cons24,0,0,,,,
643,5217221915,Carlosj,0,0,,,,
643,5217488257,dealin21,0,0,,,,
643,5217525729,MusicPoisoning,0,0,,,,
643,5217553013,calmond21,0,0,,,,
643,5217579982,TonyQ27,0,0,,,,
643,5217583056,pepitonejr4x4,0,0,,,,
643,5217610093,j1mjam13,0,0,,,,
643,5217646592,acerun34,0,0,,,,
643,5217657392,SeanyB231,0,0,,,,
643,5217674453,postalinfl55,0,0,,,,
643,5217735972,liljenna515,0,0,,,,
643,5217793020,BallinIsAHabit83,0,0,,,,
