Rank,EntryId,EntryName,TimeRemaining,Points,Lineup,,Player,Roster Position,%Drafted,FPTS
1,5232343781,pat_the_hat2 (10/11),0,108.25,CPT Christian Walker UTIL Hayden Wesneski UTIL Jeremy Pena UTIL Jazz Chisholm Jr. UTIL Isaac Paredes UTIL Daulton Varsho,,Austin Wells,UTIL,55.85%,0
2,5232338553,hawk35 (2/3),0,99.375,CPT Hayden Wesneski UTIL Jeremy Pena UTIL Isaac Paredes UTIL Christian Walker UTIL George Lombard Jr. UTIL Daulton Varsho,,Gerrit Cole,CPT,42.98%,19.05
2,5232491327,KelvinDubs (18/20),0,99.375,CPT Hayden Wesneski UTIL Jeremy Pena UTIL Isaac Paredes UTIL Christian Walker UTIL George Lombard Jr. UTIL Daulton Varsho,,Spencer Jones,UTIL,39.61%,0
4,5231991927,Caryg07 (11/20),0,96.25,CPT Christian Walker UTIL Hayden Wesneski UTIL Ben Rice UTIL Jeremy Pena UTIL Daulton Varsho UTIL Yainer Diaz,,Gerrit Cole,UTIL,31.54%,12.7
5,5232504682,Uvafan100 (2/2),0,94.95,CPT Christian Walker UTIL Gerrit Cole UTIL Hayden Wesneski UTIL Isaac Paredes UTIL George Lombard Jr. UTIL Taylor Trammell,,Hayden Wesneski,UTIL,30.45%,22.25
6,5232241160,kbrisacher (18/20),0,94.375,CPT Hayden Wesneski UTIL Ben Rice UTIL Jeremy Pena UTIL Christian Walker UTIL Daulton Varsho UTIL Taylor Trammell,,Daulton Varsho,UTIL,29.86%,4
7,5232436494,Sandman2442 (4/8),0,93.075,CPT Hayden Wesneski UTIL Gerrit Cole UTIL Jeremy Pena UTIL Christian Walker UTIL Taylor Trammell UTIL Austin Wells,,Taylor Trammell,UTIL,28.85%,3
8,5232232343,SpeedRacer101 (15/20),0,90.25,CPT Christian Walker UTIL Hayden Wesneski UTIL Jazz Chisholm Jr. UTIL Jose Altuve UTIL Isaac Paredes UTIL Daulton Varsho,,Ben Rice,UTIL,25.99%,10
9,5231976293,bposluszny (4/6),0,89.375,CPT Hayden Wesneski UTIL Jeremy Pena UTIL Jose Altuve UTIL Christian Walker UTIL George Lombard Jr. UTIL Daulton Varsho,,Jazz Chisholm Jr.,UTIL,24.73%,15
9,5232428392,kingthurl (5/5),0,89.375,CPT Hayden Wesneski UTIL Jeremy Pena UTIL Cody Bellinger UTIL Christian Walker UTIL George Lombard Jr. UTIL Cam Smith,,Luis Garcia Jr.,UTIL,23.89%,0
9,5232491322,KelvinDubs (13/20),0,89.375,CPT Hayden Wesneski UTIL Jeremy Pena UTIL Jose Altuve UTIL Christian Walker UTIL George Lombard Jr. UTIL Daulton Varsho,,Trent Grisham,UTIL,23.38%,0
12,5232214951,RollTideForLife (20/20),0,88.25,CPT Jeremy Pena UTIL Hayden Wesneski UTIL Trent Grisham UTIL Isaac Paredes UTIL Christian Walker UTIL Yainer Diaz,,Yainer Diaz,UTIL,23.04%,3
13,5232502698,cwh2638 (2/2),0,87.375,CPT Hayden Wesneski UTIL Yordan Alvarez UTIL Jeremy Pena UTIL Christian Walker UTIL George Lombard Jr. UTIL Austin Wells,,George Lombard Jr.,UTIL,22.96%,8
14,5232327534,aumni (4/20),0,87.25,CPT Christian Walker UTIL Hayden Wesneski UTIL Jazz Chisholm Jr. UTIL Jose Altuve UTIL George Lombard Jr. UTIL Yainer Diaz,,Cody Bellinger,UTIL,22.71%,4
15,5232491344,lonerangerjackers (2/4),0,86.075,CPT Hayden Wesneski UTIL Gerrit Cole UTIL Christian Walker UTIL George Lombard Jr. UTIL Yainer Diaz UTIL Taylor Trammell,,Cam Smith,UTIL,21.28%,0
16,5231861772,JeffreyG33,0,85.3,CPT Gerrit Cole UTIL Hayden Wesneski UTIL Jazz Chisholm Jr. UTIL Christian Walker UTIL Taylor Trammell UTIL Austin Wells,,Yordan Alvarez,UTIL,20.19%,2
16,5232279028,ohbuck63 (1/2),0,85.3,CPT Gerrit Cole UTIL Hayden Wesneski UTIL Jazz Chisholm Jr. UTIL Christian Walker UTIL Taylor Trammell UTIL Austin Wells,,Jose Altuve,UTIL,16.32%,0
16,5232437654,rc2167 (1/3),0,85.3,CPT Gerrit Cole UTIL Hayden Wesneski UTIL Jazz Chisholm Jr. UTIL Christian Walker UTIL Taylor Trammell UTIL Austin Wells,,Hayden Wesneski,CPT,14.97%,33.38
19,5231610673,Schoey17 (2/6),0,85.075,CPT Hayden Wesneski UTIL Gerrit Cole UTIL Isaac Paredes UTIL Christian Walker UTIL Cam Smith UTIL Taylor Trammell,,Isaac Paredes,UTIL,14.97%,10
19,5232046217,gwatts77 (18/20),0,85.075,CPT Hayden Wesneski UTIL Gerrit Cole UTIL Isaac Paredes UTIL Christian Walker UTIL Cam Smith UTIL Taylor Trammell,,Jose Caballero,UTIL,13.29%,3
19,5232109292,MultipleWinGasms (18/20),0,85.075,CPT Hayden Wesneski UTIL Gerrit Cole UTIL Isaac Paredes UTIL Christian Walker UTIL Cam Smith UTIL Taylor Trammell,,Jeremy Pena,UTIL,12.62%,18
22,5232358460,jsamtoy (11/20),0,84.95,CPT Christian Walker UTIL Gerrit Cole UTIL Hayden Wesneski UTIL George Lombard Jr. UTIL Yainer Diaz UTIL Spencer Jones,,Christian Walker,UTIL,10.26%,26
23,5232456524,slotone (18/20),0,84.375,CPT Hayden Wesneski UTIL Jeremy Pena UTIL Cody Bellinger UTIL Christian Walker UTIL Yainer Diaz UTIL Cam Smith,,Yordan Alvarez,CPT,7.49%,3
24,5231728563,ivymoose (9/10),0,83.375,CPT Hayden Wesneski UTIL Yordan Alvarez UTIL Jeremy Pena UTIL Christian Walker UTIL Daulton Varsho UTIL Austin Wells,,Ben Rice,CPT,5.80%,15
24,5232358459,jsamtoy (10/20),0,83.375,CPT Hayden Wesneski UTIL Yordan Alvarez UTIL Jeremy Pena UTIL Christian Walker UTIL Daulton Varsho UTIL Austin Wells,,Luis Garcia Jr.,CPT,5.47%,0
26,5231640224,Sammy.Boy (11/20),0,82.075,CPT Hayden Wesneski UTIL Gerrit Cole UTIL Christian Walker UTIL Daulton Varsho UTIL Yainer Diaz UTIL Taylor Trammell,,Spencer Jones,CPT,3.70%,0
26,5232032417,JcClark18 (1/15),0,82.075,CPT Hayden Wesneski UTIL Gerrit Cole UTIL Christian Walker UTIL Daulton Varsho UTIL Yainer Diaz UTIL Taylor Trammell,,Cody Bellinger,CPT,2.86%,6
26,5232241155,kbrisacher (13/20),0,82.075,CPT Hayden Wesneski UTIL Gerrit Cole UTIL Isaac Paredes UTIL Christian Walker UTIL Cam Smith UTIL Austin Wells,,Jazz Chisholm Jr.,CPT,2.52%,22.5
26,5232352062,Orangechocolate70 (2/7),0,82.075,CPT Hayden Wesneski UTIL Gerrit Cole UTIL Christian Walker UTIL Daulton Varsho UTIL Yainer Diaz UTIL Taylor Trammell,,Trent Grisham,CPT,2.52%,0
26,5232459488,EmeraldReign (1/3),0,82.075,CPT Hayden Wesneski UTIL Gerrit Cole UTIL Christian Walker UTIL Daulton Varsho UTIL Yainer Diaz UTIL Taylor Trammell,,Daulton Varsho,CPT,2.02%,6
31,5232107202,gibsonboy87 (19/20),0,81.375,CPT Hayden Wesneski UTIL Jose Altuve UTIL Isaac Paredes UTIL Christian Walker UTIL George Lombard Jr. UTIL Daulton Varsho,,Jeremy Pena,CPT,1.68%,27
32,5232188833,austin60915 (4/20),0,81.325,CPT Hayden Wesneski UTIL Gerrit Cole UTIL Jose Altuve UTIL Christian Walker UTIL Taylor Trammell UTIL Josh Hader,,Austin Wells,CPT,1.35%,0
33,5231640227,Sammy.Boy (14/20),0,77.075,CPT Hayden Wesneski UTIL Gerrit Cole UTIL Jeremy Pena UTIL Isaac Paredes UTIL Taylor Trammell UTIL Austin Wells,,Isaac Paredes,CPT,1.18%,15
33,5231728561,ivymoose (7/10),0,77.075,CPT Hayden Wesneski UTIL Gerrit Cole UTIL Jeremy Pena UTIL Isaac Paredes UTIL Taylor Trammell UTIL Austin Wells,,George Lombard Jr.,CPT,1.09%,12
35,5232107190,gibsonboy87 (7/20),0,76.375,CPT Hayden Wesneski UTIL Jose Altuve UTIL Isaac Paredes UTIL Christian Walker UTIL Jose Caballero UTIL Daulton Varsho,,Jose Altuve,CPT,0.93%,0
35,5232481173,islandjim (6/7),0,76.375,CPT Hayden Wesneski UTIL Jose Altuve UTIL Isaac Paredes UTIL Christian Walker UTIL Jose Caballero UTIL Daulton Varsho,,Christian Walker,CPT,0.84%,39
37,5231640230,Sammy.Boy (17/20),0,76.075,CPT Hayden Wesneski UTIL Gerrit Cole UTIL Christian Walker UTIL Daulton Varsho UTIL Spencer Jones UTIL Cam Smith,,Yainer Diaz,CPT,0.76%,4.5
37,5232327533,aumni (3/20),0,76.075,CPT Hayden Wesneski UTIL Gerrit Cole UTIL Christian Walker UTIL Daulton Varsho UTIL Spencer Jones UTIL Cam Smith,,Cam Smith,CPT,0.76%,0
37,5232450736,KenyanDrake (11/20),0,76.075,CPT Hayden Wesneski UTIL Gerrit Cole UTIL Christian Walker UTIL Daulton Varsho UTIL Spencer Jones UTIL Cam Smith,,David Bednar,UTIL,0.76%,0
40,5231989391,az350z (3/20),0,75.375,CPT Hayden Wesneski UTIL Yordan Alvarez UTIL Isaac Paredes UTIL Christian Walker UTIL Daulton Varsho UTIL Brent Headrick,,Brent Headrick,UTIL,0.59%,0
40,5232107185,gibsonboy87 (2/20),0,75.375,CPT Hayden Wesneski UTIL Yordan Alvarez UTIL Isaac Paredes UTIL Christian Walker UTIL Daulton Varsho UTIL Austin Wells,,Nelson Velazquez,UTIL,0.59%,0
42,5232023497,LOCNOTM (2/20),0,75.3,CPT Gerrit Cole UTIL Hayden Wesneski UTIL Christian Walker UTIL George Lombard Jr. UTIL Spencer Jones UTIL Austin Wells,,LaMonte Wade Jr.,UTIL,0.42%,0
42,5232460719,KenyanDrake (20/20),0,75.3,CPT Gerrit Cole UTIL Hayden Wesneski UTIL Christian Walker UTIL George Lombard Jr. UTIL Spencer Jones UTIL Austin Wells,,Paul Goldschmidt,UTIL,0.42%,0
44,5231699789,JHart62,0,75.075,CPT Hayden Wesneski UTIL Gerrit Cole UTIL Christian Walker UTIL Yainer Diaz UTIL Spencer Jones UTIL LaMonte Wade Jr.,,Jose Caballero,CPT,0.42%,4.5
44,5231950477,foutah (5/6),0,75.075,CPT Hayden Wesneski UTIL Gerrit Cole UTIL Jeremy Pena UTIL George Lombard Jr. UTIL Taylor Trammell UTIL Austin Wells,,Amed Rosario,UTIL,0.34%,0
44,5231989397,az350z (9/20),0,75.075,CPT Hayden Wesneski UTIL Gerrit Cole UTIL Luis Garcia Jr. UTIL Christian Walker UTIL Taylor Trammell UTIL Austin Wells,,Ali Sanchez,UTIL,0.34%,0
44,5232358466,jsamtoy (17/20),0,75.075,CPT Hayden Wesneski UTIL Gerrit Cole UTIL Jose Altuve UTIL Christian Walker UTIL Taylor Trammell UTIL Austin Wells,,Jake Meyers,UTIL,0.34%,0
48,5231989404,az350z (16/20),0,74.9,CPT Christian Walker UTIL Hayden Wesneski UTIL Yordan Alvarez UTIL Jose Altuve UTIL Isaac Paredes UTIL Yerry de los Santos,,Bryan Abreu,UTIL,0.25%,0
49,5231640219,Sammy.Boy (6/20),0,74.3,CPT Gerrit Cole UTIL Hayden Wesneski UTIL Christian Walker UTIL Daulton Varsho UTIL Spencer Jones UTIL Taylor Trammell,,Steven Okert,UTIL,0.25%,1.65
49,5232048907,kkruze58,0,74.3,CPT Gerrit Cole UTIL Hayden Wesneski UTIL Christian Walker UTIL Daulton Varsho UTIL Spencer Jones UTIL Taylor Trammell,,Josh Hader,UTIL,0.25%,6.25
51,5232499583,lonerangerjackers (4/4),0,74,CPT Yordan Alvarez UTIL Jeremy Pena UTIL Jazz Chisholm Jr. UTIL Christian Walker UTIL George Lombard Jr. UTIL Daulton Varsho,,Anthony Volpe,UTIL,0.25%,0
52,5232113927,gibsonboy87 (20/20),0,73.375,CPT Hayden Wesneski UTIL Jose Altuve UTIL Isaac Paredes UTIL Christian Walker UTIL Daulton Varsho UTIL Spencer Jones,,Taylor Trammell,CPT,0.25%,4.5
53,5232233060,jsh1122 (7/20),0,73.25,CPT Yordan Alvarez UTIL Hayden Wesneski UTIL Jeremy Pena UTIL Christian Walker UTIL Daulton Varsho UTIL Austin Wells,,Heliot Ramos,UTIL,0.17%,0
53,5232472775,Grant.Richardson,0,73.25,CPT Christian Walker UTIL Hayden Wesneski UTIL Yordan Alvarez UTIL Ben Rice UTIL Spencer Jones UTIL Cam Smith,,Jasson Dominguez,UTIL,0.17%,0
55,5232258478,wcrane555,0,73.05,CPT Gerrit Cole UTIL Jazz Chisholm Jr. UTIL Isaac Paredes UTIL Christian Walker UTIL Spencer Jones UTIL Taylor Trammell,,Nick Allen,UTIL,0.17%,3
56,5232491311,KelvinDubs (2/20),0,72.375,CPT Hayden Wesneski UTIL Trent Grisham UTIL Jose Altuve UTIL Isaac Paredes UTIL Christian Walker UTIL Yainer Diaz,,Tim Hill,UTIL,0.08%,0
57,5231991923,Caryg07 (7/20),0,72.25,CPT Jeremy Pena UTIL Hayden Wesneski UTIL Yordan Alvarez UTIL Isaac Paredes UTIL George Lombard Jr. UTIL Taylor Trammell,,Enyel De Los Santos,UTIL,0.08%,0
57,5232501893,TexasDig (10/20),0,72.25,CPT Yordan Alvarez UTIL Hayden Wesneski UTIL Jeremy Pena UTIL Christian Walker UTIL Yainer Diaz UTIL Austin Wells,,Yerry de los Santos,UTIL,0.08%,1.65
59,5232154241,TY54321 (5/11),0,72.075,CPT Hayden Wesneski UTIL Gerrit Cole UTIL Jose Altuve UTIL Christian Walker UTIL Cam Smith UTIL Austin Wells,,Oswaldo Cabrera,UTIL,0.08%,0
59,5232458763,Ricklash,0,72.075,CPT Hayden Wesneski UTIL Gerrit Cole UTIL Jazz Chisholm Jr. UTIL George Lombard Jr. UTIL Yainer Diaz UTIL Austin Wells,,J.C. Escarra,UTIL,0.08%,0
61,5232214948,RollTideForLife (17/20),0,71.7,CPT Ben Rice UTIL Gerrit Cole UTIL Jazz Chisholm Jr. UTIL Christian Walker UTIL Spencer Jones UTIL Taylor Trammell,,Collin Price,UTIL,0.08%,0
61,5232263481,JoeNY07 (3/7),0,71.7,CPT Ben Rice UTIL Gerrit Cole UTIL Jeremy Pena UTIL Christian Walker UTIL Spencer Jones UTIL Austin Wells,,Joey Loperfido,UTIL,0.08%,0
63,5231728555,ivymoose (1/10),0,71.375,CPT Hayden Wesneski UTIL Yordan Alvarez UTIL Jeremy Pena UTIL Jazz Chisholm Jr. UTIL Cam Smith UTIL Taylor Trammell,,Max Schuemann,UTIL,0.08%,0
63,5232032419,JcClark18 (3/15),0,71.375,CPT Hayden Wesneski UTIL Yordan Alvarez UTIL Jeremy Pena UTIL Jazz Chisholm Jr. UTIL Cam Smith UTIL Taylor Trammell,,Christian Vazquez,UTIL,0.08%,0
63,5232072926,mythicalrhymer01 (3/5),0,71.375,CPT Hayden Wesneski UTIL Yordan Alvarez UTIL Jeremy Pena UTIL Jazz Chisholm Jr. UTIL Cam Smith UTIL Taylor Trammell,,Raynel Delgado,UTIL,0.08%,0
63,5232154243,TY54321 (7/11),0,71.375,CPT Hayden Wesneski UTIL Yordan Alvarez UTIL Jeremy Pena UTIL Jazz Chisholm Jr. UTIL Cam Smith UTIL Taylor Trammell,,,
63,5232241156,kbrisacher (14/20),0,71.375,CPT Hayden Wesneski UTIL Yordan Alvarez UTIL Jeremy Pena UTIL Jazz Chisholm Jr. UTIL Cam Smith UTIL Taylor Trammell,,,
63,5232402503,kellydjk (3/6),0,71.375,CPT Hayden Wesneski UTIL Yordan Alvarez UTIL Christian Walker UTIL Jose Caballero UTIL Daulton Varsho UTIL Yainer Diaz,,,
63,5232412869,anthony_sr (4/10),0,71.375,CPT Hayden Wesneski UTIL Ben Rice UTIL Jazz Chisholm Jr. UTIL Isaac Paredes UTIL Yainer Diaz UTIL Cam Smith,,,
70,5232023508,LOCNOTM (13/20),0,71.3,CPT Gerrit Cole UTIL Hayden Wesneski UTIL Christian Walker UTIL Daulton Varsho UTIL Spencer Jones UTIL Austin Wells,,,
70,5232334375,Draycooper21,0,71.3,CPT Gerrit Cole UTIL Hayden Wesneski UTIL Christian Walker UTIL Daulton Varsho UTIL Spencer Jones UTIL Austin Wells,,,
72,5231640214,Sammy.Boy (1/20),0,71.075,CPT Hayden Wesneski UTIL Gerrit Cole UTIL Jeremy Pena UTIL Daulton Varsho UTIL Cam Smith UTIL Taylor Trammell,,,
72,5231728562,ivymoose (8/10),0,71.075,CPT Hayden Wesneski UTIL Gerrit Cole UTIL Jeremy Pena UTIL Daulton Varsho UTIL Cam Smith UTIL Taylor Trammell,,,
72,5231991917,Caryg07 (1/20),0,71.075,CPT Hayden Wesneski UTIL Gerrit Cole UTIL Jeremy Pena UTIL Daulton Varsho UTIL Cam Smith UTIL Taylor Trammell,,,
72,5232046215,gwatts77 (16/20),0,71.075,CPT Hayden Wesneski UTIL Gerrit Cole UTIL Jeremy Pena UTIL Daulton Varsho UTIL Cam Smith UTIL Taylor Trammell,,,
72,5232109290,MultipleWinGasms (16/20),0,71.075,CPT Hayden Wesneski UTIL Gerrit Cole UTIL Jeremy Pena UTIL Daulton Varsho UTIL Cam Smith UTIL Taylor Trammell,,,
72,5232444215,enemymine (1/5),0,71.075,CPT Hayden Wesneski UTIL Gerrit Cole UTIL Jeremy Pena UTIL Daulton Varsho UTIL Cam Smith UTIL Taylor Trammell,,,
72,5232447178,KenyanDrake (6/20),0,71.075,CPT Hayden Wesneski UTIL Gerrit Cole UTIL Jeremy Pena UTIL Daulton Varsho UTIL Cam Smith UTIL Taylor Trammell,,,
79,5232317206,DaTakeOva,0,70.95,CPT Isaac Paredes UTIL Gerrit Cole UTIL Hayden Wesneski UTIL Jeremy Pena UTIL Cam Smith UTIL Taylor Trammell,,,
80,5232501891,TexasDig (8/20),0,70.45,CPT Jazz Chisholm Jr. UTIL Gerrit Cole UTIL Hayden Wesneski UTIL Isaac Paredes UTIL Yainer Diaz UTIL Austin Wells,,,
81,5231694023,sgtpreston (2/2),0,70.3,CPT Gerrit Cole UTIL Hayden Wesneski UTIL Trent Grisham UTIL Christian Walker UTIL Taylor Trammell UTIL Austin Wells,,,
81,5232023515,LOCNOTM (20/20),0,70.3,CPT Gerrit Cole UTIL Hayden Wesneski UTIL Trent Grisham UTIL Christian Walker UTIL Taylor Trammell UTIL Austin Wells,,,
81,5232046213,gwatts77 (14/20),0,70.3,CPT Gerrit Cole UTIL Hayden Wesneski UTIL Trent Grisham UTIL Christian Walker UTIL Taylor Trammell UTIL Austin Wells,,,
81,5232072927,mythicalrhymer01 (4/5),0,70.3,CPT Gerrit Cole UTIL Hayden Wesneski UTIL Christian Walker UTIL Jose Caballero UTIL Spencer Jones UTIL Austin Wells,,,
81,5232428404,KenyanDrake (2/20),0,70.3,CPT Gerrit Cole UTIL Hayden Wesneski UTIL Christian Walker UTIL Jose Caballero UTIL Spencer Jones UTIL Austin Wells,,,
86,5231610672,Schoey17 (1/6),0,70.075,CPT Hayden Wesneski UTIL Gerrit Cole UTIL Jeremy Pena UTIL Yainer Diaz UTIL Cam Smith UTIL Taylor Trammell,,,
86,5231989389,az350z (1/20),0,70.075,CPT Hayden Wesneski UTIL Gerrit Cole UTIL Jeremy Pena UTIL Yainer Diaz UTIL Cam Smith UTIL Taylor Trammell,,,
86,5231989407,az350z (19/20),0,70.075,CPT Hayden Wesneski UTIL Gerrit Cole UTIL Jeremy Pena UTIL Yainer Diaz UTIL Taylor Trammell UTIL Brent Headrick,,,
86,5232046219,gwatts77 (20/20),0,70.075,CPT Hayden Wesneski UTIL Gerrit Cole UTIL Jeremy Pena UTIL Yainer Diaz UTIL Cam Smith UTIL Taylor Trammell,,,
86,5232109291,MultipleWinGasms (17/20),0,70.075,CPT Hayden Wesneski UTIL Gerrit Cole UTIL Jeremy Pena UTIL Yainer Diaz UTIL Cam Smith UTIL Taylor Trammell,,,
86,5232188830,austin60915 (1/20),0,70.075,CPT Hayden Wesneski UTIL Gerrit Cole UTIL Jeremy Pena UTIL Yainer Diaz UTIL Cam Smith UTIL Taylor Trammell,,,
86,5232188842,austin60915 (13/20),0,70.075,CPT Hayden Wesneski UTIL Gerrit Cole UTIL Isaac Paredes UTIL George Lombard Jr. UTIL Yainer Diaz UTIL Taylor Trammell,,,
93,5232042291,Satch65 (13/20),0,70.05,CPT Gerrit Cole UTIL Ben Rice UTIL Jazz Chisholm Jr. UTIL Christian Walker UTIL Cam Smith UTIL Austin Wells,,,
94,5232483135,EmeraldReign (3/3),0,69.25,CPT Yordan Alvarez UTIL Hayden Wesneski UTIL Isaac Paredes UTIL Christian Walker UTIL George Lombard Jr. UTIL Cam Smith,,,
94,5232491655,flydol1876 (9/10),0,69.25,CPT Jeremy Pena UTIL Hayden Wesneski UTIL Yordan Alvarez UTIL Isaac Paredes UTIL George Lombard Jr. UTIL Austin Wells,,,
96,5231989393,az350z (5/20),0,68.95,CPT Jeremy Pena UTIL Gerrit Cole UTIL Hayden Wesneski UTIL Cody Bellinger UTIL Taylor Trammell UTIL Austin Wells,,,
97,5231974904,cdunmon,0,68.7,CPT Ben Rice UTIL Gerrit Cole UTIL Jazz Chisholm Jr. UTIL Christian Walker UTIL Cam Smith UTIL Austin Wells,,,
97,5232501897,TexasDig (14/20),0,68.7,CPT Christian Walker UTIL Gerrit Cole UTIL Yordan Alvarez UTIL Jazz Chisholm Jr. UTIL Spencer Jones UTIL Austin Wells,,,
99,5232465840,k.wisneski,0,68.45,CPT Jazz Chisholm Jr. UTIL Gerrit Cole UTIL Hayden Wesneski UTIL George Lombard Jr. UTIL Yainer Diaz UTIL Cam Smith,,,
100,5231959705,Grit7880 (2/3),0,68.075,CPT Hayden Wesneski UTIL Gerrit Cole UTIL Jazz Chisholm Jr. UTIL Daulton Varsho UTIL Spencer Jones UTIL Taylor Trammell,,,
100,5232233057,jsh1122 (4/20),0,68.075,CPT Hayden Wesneski UTIL Gerrit Cole UTIL Jazz Chisholm Jr. UTIL Daulton Varsho UTIL Spencer Jones UTIL Taylor Trammell,,,
100,5232288285,jbfones (3/4),0,68.075,CPT Hayden Wesneski UTIL Gerrit Cole UTIL Jazz Chisholm Jr. UTIL Daulton Varsho UTIL Spencer Jones UTIL Taylor Trammell,,,
103,5231942572,foutah (4/6),0,67.95,CPT Jose Altuve UTIL Gerrit Cole UTIL Hayden Wesneski UTIL Christian Walker UTIL Daulton Varsho UTIL Taylor Trammell,,,
103,5232057083,lwhitley4,0,67.95,CPT Jeremy Pena UTIL Gerrit Cole UTIL Hayden Wesneski UTIL Jose Caballero UTIL Cam Smith UTIL Taylor Trammell,,,
103,5232486970,maty9495 (3/5),0,67.95,CPT Spencer Jones UTIL Gerrit Cole UTIL Hayden Wesneski UTIL Jeremy Pena UTIL Jazz Chisholm Jr. UTIL Austin Wells,,,
106,5232431342,Lluveras (4/4),0,67.7,CPT Spencer Jones UTIL Gerrit Cole UTIL Ben Rice UTIL Jazz Chisholm Jr. UTIL Christian Walker UTIL Daulton Varsho,,,
107,5232032421,JcClark18 (5/15),0,67.375,CPT Hayden Wesneski UTIL Yordan Alvarez UTIL Jeremy Pena UTIL Isaac Paredes UTIL Daulton Varsho UTIL Austin Wells,,,
107,5232107184,gibsonboy87 (1/20),0,67.375,CPT Hayden Wesneski UTIL Yordan Alvarez UTIL Jeremy Pena UTIL Isaac Paredes UTIL Daulton Varsho UTIL Austin Wells,,,
107,5232107188,gibsonboy87 (5/20),0,67.375,CPT Hayden Wesneski UTIL Yordan Alvarez UTIL Jazz Chisholm Jr. UTIL Isaac Paredes UTIL Daulton Varsho UTIL Taylor Trammell,,,
107,5232153950,TY54321 (1/11),0,67.375,CPT Hayden Wesneski UTIL Yordan Alvarez UTIL Jeremy Pena UTIL Isaac Paredes UTIL Daulton Varsho UTIL Austin Wells,,,
107,5232188832,austin60915 (3/20),0,67.375,CPT Hayden Wesneski UTIL Yordan Alvarez UTIL Jeremy Pena UTIL Isaac Paredes UTIL Daulton Varsho UTIL Austin Wells,,,
107,5232430961,georgeconfused (6/8),0,67.375,CPT Hayden Wesneski UTIL Yordan Alvarez UTIL Jeremy Pena UTIL Isaac Paredes UTIL Daulton Varsho UTIL Austin Wells,,,
107,5232491319,KelvinDubs (10/20),0,67.375,CPT Hayden Wesneski UTIL Yordan Alvarez UTIL Jeremy Pena UTIL Isaac Paredes UTIL Daulton Varsho UTIL Austin Wells,,,
114,5232042293,Satch65 (15/20),0,67.05,CPT Gerrit Cole UTIL Jazz Chisholm Jr. UTIL Trent Grisham UTIL Christian Walker UTIL Daulton Varsho UTIL Taylor Trammell,,,
115,5231962943,SliceB,0,67,CPT Jeremy Pena UTIL Yordan Alvarez UTIL Luis Garcia Jr. UTIL Christian Walker UTIL George Lombard Jr. UTIL Daulton Varsho,,,
116,5231788201,FantasyGod101,0,66.7,CPT Christian Walker UTIL Gerrit Cole UTIL Jose Altuve UTIL George Lombard Jr. UTIL Daulton Varsho UTIL Taylor Trammell,,,
117,5232276364,wolfy313 (8/10),0,66.375,CPT Hayden Wesneski UTIL Yordan Alvarez UTIL Jeremy Pena UTIL Isaac Paredes UTIL Spencer Jones UTIL Taylor Trammell,,,
118,5232214946,RollTideForLife (15/20),0,66.25,CPT Yordan Alvarez UTIL Hayden Wesneski UTIL Christian Walker UTIL George Lombard Jr. UTIL Daulton Varsho UTIL Yainer Diaz,,,
118,5232469636,PurpleReign1313 (2/2),0,66.25,CPT Yordan Alvarez UTIL Hayden Wesneski UTIL Christian Walker UTIL George Lombard Jr. UTIL Daulton Varsho UTIL Yainer Diaz,,,
120,5232472751,islandjim (3/7),0,66.2,CPT Jazz Chisholm Jr. UTIL Gerrit Cole UTIL Ben Rice UTIL Jeremy Pena UTIL Cam Smith UTIL Taylor Trammell,,,
121,5232046218,gwatts77 (19/20),0,66.075,CPT Hayden Wesneski UTIL Gerrit Cole UTIL Isaac Paredes UTIL Daulton Varsho UTIL Yainer Diaz UTIL Taylor Trammell,,,
121,5232358454,jsamtoy (5/20),0,66.075,CPT Hayden Wesneski UTIL Gerrit Cole UTIL Isaac Paredes UTIL Daulton Varsho UTIL Yainer Diaz UTIL Taylor Trammell,,,
121,5232447825,KenyanDrake (7/20),0,66.075,CPT Hayden Wesneski UTIL Gerrit Cole UTIL Isaac Paredes UTIL Daulton Varsho UTIL Yainer Diaz UTIL Taylor Trammell,,,
124,5232499894,esfdae21,0,66.05,CPT Gerrit Cole UTIL Ben Rice UTIL Christian Walker UTIL Jose Caballero UTIL George Lombard Jr. UTIL Austin Wells,,,
125,5232107189,gibsonboy87 (6/20),0,65.375,CPT Hayden Wesneski UTIL Jeremy Pena UTIL Jose Altuve UTIL Isaac Paredes UTIL Daulton Varsho UTIL Spencer Jones,,,
125,5232107194,gibsonboy87 (11/20),0,65.375,CPT Hayden Wesneski UTIL Yordan Alvarez UTIL Jose Altuve UTIL Christian Walker UTIL Daulton Varsho UTIL Austin Wells,,,
125,5232241158,kbrisacher (16/20),0,65.375,CPT Hayden Wesneski UTIL Luis Garcia Jr. UTIL Jeremy Pena UTIL Isaac Paredes UTIL Daulton Varsho UTIL Cam Smith,,,
125,5232456520,slotone (14/20),0,65.375,CPT Hayden Wesneski UTIL Yordan Alvarez UTIL Luis Garcia Jr. UTIL Christian Walker UTIL Daulton Varsho UTIL Austin Wells,,,
129,5232004216,Hotdogfatboy (4/4),0,65.25,CPT Jeremy Pena UTIL Hayden Wesneski UTIL Trent Grisham UTIL Isaac Paredes UTIL Jose Caballero UTIL Yainer Diaz,,,
130,5232214950,RollTideForLife (19/20),0,64.95,CPT Jeremy Pena UTIL Gerrit Cole UTIL Hayden Wesneski UTIL Yainer Diaz UTIL Spencer Jones UTIL Cam Smith,,,
130,5232232346,SpeedRacer101 (18/20),0,64.95,CPT Jeremy Pena UTIL Gerrit Cole UTIL Hayden Wesneski UTIL Yainer Diaz UTIL Spencer Jones UTIL Cam Smith,,,
132,5232425774,georgeconfused (1/8),0,64.5,CPT Jazz Chisholm Jr. UTIL Ben Rice UTIL Jeremy Pena UTIL Cody Bellinger UTIL Isaac Paredes UTIL Spencer Jones,,,
133,5231989400,az350z (12/20),0,64.375,CPT Hayden Wesneski UTIL Yordan Alvarez UTIL Jeremy Pena UTIL George Lombard Jr. UTIL Yainer Diaz UTIL Cam Smith,,,
133,5232241162,kbrisacher (20/20),0,64.375,CPT Hayden Wesneski UTIL Yordan Alvarez UTIL Trent Grisham UTIL Christian Walker UTIL Yainer Diaz UTIL Cam Smith,,,
133,5232333080,Dierickx24,0,64.375,CPT Hayden Wesneski UTIL Yordan Alvarez UTIL Trent Grisham UTIL Christian Walker UTIL Yainer Diaz UTIL Cam Smith,,,
136,5231640228,Sammy.Boy (15/20),0,64.3,CPT Gerrit Cole UTIL Hayden Wesneski UTIL Jazz Chisholm Jr. UTIL George Lombard Jr. UTIL Cam Smith UTIL Austin Wells,,,
136,5231989405,az350z (17/20),0,64.3,CPT Gerrit Cole UTIL Hayden Wesneski UTIL Jazz Chisholm Jr. UTIL George Lombard Jr. UTIL Cam Smith UTIL Austin Wells,,,
136,5232023501,LOCNOTM (6/20),0,64.3,CPT Gerrit Cole UTIL Hayden Wesneski UTIL Jazz Chisholm Jr. UTIL George Lombard Jr. UTIL Cam Smith UTIL Austin Wells,,,
136,5232130659,FoxyGrandpa252 (10/20),0,64.3,CPT Gerrit Cole UTIL Hayden Wesneski UTIL Jazz Chisholm Jr. UTIL George Lombard Jr. UTIL Cam Smith UTIL Austin Wells,,,
140,5231989394,az350z (6/20),0,64.075,CPT Hayden Wesneski UTIL Gerrit Cole UTIL Jeremy Pena UTIL Spencer Jones UTIL Cam Smith UTIL Bryan Abreu,,,
140,5232276953,patrickjames95,0,64.075,CPT Hayden Wesneski UTIL Gerrit Cole UTIL Jeremy Pena UTIL Trent Grisham UTIL Nelson Velazquez UTIL Collin Price,,,
140,5232436492,Sandman2442 (2/8),0,64.075,CPT Hayden Wesneski UTIL Gerrit Cole UTIL Jazz Chisholm Jr. UTIL Jose Altuve UTIL Taylor Trammell UTIL Austin Wells,,,
140,5232486954,maty9495 (2/5),0,64.075,CPT Hayden Wesneski UTIL Gerrit Cole UTIL Jazz Chisholm Jr. UTIL Spencer Jones UTIL Taylor Trammell UTIL Austin Wells,,,
144,5232411963,eagles1980,0,64.05,CPT Gerrit Cole UTIL Cody Bellinger UTIL Jazz Chisholm Jr. UTIL Christian Walker UTIL Spencer Jones UTIL Austin Wells,,,
145,5232411703,jack.1234 (1/2),0,64,CPT Ben Rice UTIL Yordan Alvarez UTIL Jeremy Pena UTIL Christian Walker UTIL Yainer Diaz UTIL Cam Smith,,,
146,5232480449,flydol1876 (7/10),0,63.375,CPT Hayden Wesneski UTIL Yordan Alvarez UTIL Jeremy Pena UTIL Isaac Paredes UTIL Spencer Jones UTIL Austin Wells,,,
147,5232453409,noobie89 (13/20),0,63.3,CPT Gerrit Cole UTIL Hayden Wesneski UTIL Jazz Chisholm Jr. UTIL Daulton Varsho UTIL Taylor Trammell UTIL Austin Wells,,,
148,5232358467,jsamtoy (18/20),0,63.2,CPT Jazz Chisholm Jr. UTIL Gerrit Cole UTIL Ben Rice UTIL Jeremy Pena UTIL Spencer Jones UTIL Austin Wells,,,
149,5232241146,kbrisacher (4/20),0,63.075,CPT Hayden Wesneski UTIL Gerrit Cole UTIL Isaac Paredes UTIL Daulton Varsho UTIL Spencer Jones UTIL Taylor Trammell,,,
149,5232343776,pat_the_hat2 (5/11),0,63.075,CPT Hayden Wesneski UTIL Gerrit Cole UTIL Isaac Paredes UTIL Daulton Varsho UTIL Cam Smith UTIL Taylor Trammell,,,
149,5232430952,georgeconfused (5/8),0,63.075,CPT Hayden Wesneski UTIL Gerrit Cole UTIL Isaac Paredes UTIL Daulton Varsho UTIL Cam Smith UTIL Taylor Trammell,,,
149,5232436496,Sandman2442 (6/8),0,63.075,CPT Hayden Wesneski UTIL Gerrit Cole UTIL Cody Bellinger UTIL Isaac Paredes UTIL Taylor Trammell UTIL Austin Wells,,,
149,5232437088,michaelshodson (4/5),0,63.075,CPT Hayden Wesneski UTIL Gerrit Cole UTIL Isaac Paredes UTIL Daulton Varsho UTIL Spencer Jones UTIL Taylor Trammell,,,
154,5232032422,JcClark18 (6/15),0,63.05,CPT Gerrit Cole UTIL Jazz Chisholm Jr. UTIL Trent Grisham UTIL Christian Walker UTIL Jose Caballero UTIL Austin Wells,,,
154,5232130669,FoxyGrandpa252 (20/20),0,63.05,CPT Gerrit Cole UTIL Jazz Chisholm Jr. UTIL Trent Grisham UTIL Christian Walker UTIL Jose Caballero UTIL Austin Wells,,,
154,5232358451,jsamtoy (2/20),0,63.05,CPT Gerrit Cole UTIL Jazz Chisholm Jr. UTIL Trent Grisham UTIL Christian Walker UTIL Jose Caballero UTIL Austin Wells,,,
154,5232376566,Rleone.1,0,63.05,CPT Gerrit Cole UTIL Ben Rice UTIL Christian Walker UTIL George Lombard Jr. UTIL Spencer Jones UTIL Christian Vazquez,,,
154,5232491328,KelvinDubs (19/20),0,63.05,CPT Gerrit Cole UTIL Jeremy Pena UTIL Jazz Chisholm Jr. UTIL Jose Caballero UTIL George Lombard Jr. UTIL Austin Wells,,,
154,5232496468,JCM1183 (4/5),0,63.05,CPT Gerrit Cole UTIL Jazz Chisholm Jr. UTIL Trent Grisham UTIL Christian Walker UTIL Spencer Jones UTIL Taylor Trammell,,,
154,5232501884,TexasDig (1/20),0,63.05,CPT Gerrit Cole UTIL Cody Bellinger UTIL Isaac Paredes UTIL Christian Walker UTIL Daulton Varsho UTIL Austin Wells,,,
161,5232429752,onni1990 (2/3),0,62.7,CPT Jeremy Pena UTIL Gerrit Cole UTIL Cody Bellinger UTIL Jazz Chisholm Jr. UTIL Daulton Varsho UTIL Austin Wells,,,
162,5232456523,slotone (17/20),0,62.375,CPT Hayden Wesneski UTIL Yordan Alvarez UTIL Jeremy Pena UTIL Jose Caballero UTIL Yainer Diaz UTIL Taylor Trammell,,,
163,5232501894,TexasDig (11/20),0,62.25,CPT Jeremy Pena UTIL Hayden Wesneski UTIL Yordan Alvarez UTIL Jose Altuve UTIL George Lombard Jr. UTIL Taylor Trammell,,,
164,5231989402,az350z (14/20),0,62.2,CPT Jose Caballero UTIL Gerrit Cole UTIL Cody Bellinger UTIL Jazz Chisholm Jr. UTIL Christian Walker UTIL Spencer Jones,,,
165,5232430966,Lluveras (3/4),0,62.075,CPT Hayden Wesneski UTIL Gerrit Cole UTIL Isaac Paredes UTIL Jose Caballero UTIL Spencer Jones UTIL Taylor Trammell,,,
166,5232470649,EmeraldReign (2/3),0,62.05,CPT Gerrit Cole UTIL Ben Rice UTIL Christian Walker UTIL Daulton Varsho UTIL Spencer Jones UTIL Taylor Trammell,,,
167,5232453343,SnowAngel74 (1/6),0,62,CPT Jeremy Pena UTIL Yordan Alvarez UTIL Jazz Chisholm Jr. UTIL Isaac Paredes UTIL George Lombard Jr. UTIL Spencer Jones,,,
168,5231941949,catdaddy0806,0,61.95,CPT Spencer Jones UTIL Gerrit Cole UTIL Hayden Wesneski UTIL Jazz Chisholm Jr. UTIL George Lombard Jr. UTIL Daulton Varsho,,,
168,5232044350,boiler24,0,61.95,CPT Spencer Jones UTIL Gerrit Cole UTIL Hayden Wesneski UTIL Jazz Chisholm Jr. UTIL George Lombard Jr. UTIL Daulton Varsho,,,
168,5232130655,FoxyGrandpa252 (6/20),0,61.95,CPT Jeremy Pena UTIL Gerrit Cole UTIL Hayden Wesneski UTIL Jose Altuve UTIL Cam Smith UTIL Austin Wells,,,
171,5232232342,SpeedRacer101 (14/20),0,61.7,CPT Ben Rice UTIL Gerrit Cole UTIL Trent Grisham UTIL Christian Walker UTIL George Lombard Jr. UTIL Austin Wells,,,
172,5232398276,Orangechocolate70 (5/7),0,61.45,CPT Yainer Diaz UTIL Gerrit Cole UTIL Hayden Wesneski UTIL Jeremy Pena UTIL Daulton Varsho UTIL Spencer Jones,,,
172,5232500324,jsimoniette23 (3/3),0,61.45,CPT Jazz Chisholm Jr. UTIL Gerrit Cole UTIL Hayden Wesneski UTIL Cody Bellinger UTIL Cam Smith UTIL Austin Wells,,,
174,5231942206,foutah (2/6),0,61.25,CPT Yordan Alvarez UTIL Hayden Wesneski UTIL Christian Walker UTIL Jose Caballero UTIL Daulton Varsho UTIL Yainer Diaz,,,
174,5231991924,Caryg07 (8/20),0,61.25,CPT Yordan Alvarez UTIL Hayden Wesneski UTIL Jose Altuve UTIL Isaac Paredes UTIL Christian Walker UTIL Austin Wells,,,
174,5232487319,hart132,0,61.25,CPT Jeremy Pena UTIL Hayden Wesneski UTIL Yordan Alvarez UTIL Isaac Paredes UTIL Spencer Jones UTIL Cam Smith,,,
177,5232444387,rc2167 (2/3),0,61.075,CPT Hayden Wesneski UTIL Gerrit Cole UTIL George Lombard Jr. UTIL Daulton Varsho UTIL Yainer Diaz UTIL Spencer Jones,,,
177,5232499856,eng32_eric (3/3),0,61.075,CPT Hayden Wesneski UTIL Gerrit Cole UTIL George Lombard Jr. UTIL Daulton Varsho UTIL Yainer Diaz UTIL Spencer Jones,,,
179,5232004213,Hotdogfatboy (1/4),0,61.05,CPT Gerrit Cole UTIL Cody Bellinger UTIL Christian Walker UTIL George Lombard Jr. UTIL Daulton Varsho UTIL Spencer Jones,,,
179,5232279490,Johns63,0,61.05,CPT Gerrit Cole UTIL Cody Bellinger UTIL Christian Walker UTIL George Lombard Jr. UTIL Daulton Varsho UTIL Spencer Jones,,,
181,5232344058,jonsierak (5/5),0,61,CPT Jose Altuve UTIL Ben Rice UTIL Jeremy Pena UTIL Jazz Chisholm Jr. UTIL Isaac Paredes UTIL George Lombard Jr.,,,
182,5232129469,shmatty1,0,60.95,CPT Luis Garcia Jr. UTIL Gerrit Cole UTIL Hayden Wesneski UTIL Christian Walker UTIL Cam Smith UTIL Austin Wells,,,
183,5232451023,ballgame1881 (8/15),0,60.45,CPT Jazz Chisholm Jr. UTIL Gerrit Cole UTIL Hayden Wesneski UTIL Trent Grisham UTIL Cam Smith UTIL Taylor Trammell,,,
184,5231728349,mitchell70 (2/3),0,60.375,CPT Hayden Wesneski UTIL Jazz Chisholm Jr. UTIL Trent Grisham UTIL Jose Altuve UTIL George Lombard Jr. UTIL Daulton Varsho,,,
184,5232107186,gibsonboy87 (3/20),0,60.375,CPT Hayden Wesneski UTIL Yordan Alvarez UTIL Isaac Paredes UTIL George Lombard Jr. UTIL Daulton Varsho UTIL Yainer Diaz,,,
184,5232107193,gibsonboy87 (10/20),0,60.375,CPT Hayden Wesneski UTIL Ben Rice UTIL Jose Altuve UTIL Isaac Paredes UTIL Daulton Varsho UTIL Taylor Trammell,,,
187,5231923881,apforadori (1/3),0,60.3,CPT Gerrit Cole UTIL Hayden Wesneski UTIL Jazz Chisholm Jr. UTIL Daulton Varsho UTIL Cam Smith UTIL Austin Wells,,,
187,5232023514,LOCNOTM (19/20),0,60.3,CPT Gerrit Cole UTIL Hayden Wesneski UTIL Jazz Chisholm Jr. UTIL Daulton Varsho UTIL Cam Smith UTIL Austin Wells,,,
187,5232064489,Dandersonaero,0,60.3,CPT Gerrit Cole UTIL Hayden Wesneski UTIL Cody Bellinger UTIL Jazz Chisholm Jr. UTIL Oswaldo Cabrera UTIL J.C. Escarra,,,
187,5232126084,james2958 (1/2),0,60.3,CPT Gerrit Cole UTIL Hayden Wesneski UTIL Jazz Chisholm Jr. UTIL Daulton Varsho UTIL Cam Smith UTIL Austin Wells,,,
187,5232254158,beaner1966 (2/2),0,60.3,CPT Gerrit Cole UTIL Hayden Wesneski UTIL Jazz Chisholm Jr. UTIL Daulton Varsho UTIL Cam Smith UTIL Austin Wells,,,
187,5232453400,noobie89 (12/20),0,60.3,CPT Gerrit Cole UTIL Hayden Wesneski UTIL Jazz Chisholm Jr. UTIL Daulton Varsho UTIL Cam Smith UTIL Austin Wells,,,
193,5232343782,pat_the_hat2 (11/11),0,60.25,CPT Jeremy Pena UTIL Hayden Wesneski UTIL Cody Bellinger UTIL Jose Altuve UTIL Daulton Varsho UTIL Taylor Trammell,,,
193,5232425335,camchowdaa,0,60.25,CPT Isaac Paredes UTIL Hayden Wesneski UTIL Yordan Alvarez UTIL Jeremy Pena UTIL Yainer Diaz UTIL Spencer Jones,,,
195,5232130661,FoxyGrandpa252 (12/20),0,60.05,CPT Gerrit Cole UTIL Luis Garcia Jr. UTIL Jazz Chisholm Jr. UTIL Christian Walker UTIL Spencer Jones UTIL Austin Wells,,,
195,5232233454,welak21 (7/20),0,60.05,CPT Gerrit Cole UTIL Luis Garcia Jr. UTIL Jazz Chisholm Jr. UTIL Christian Walker UTIL Spencer Jones UTIL Austin Wells,,,
195,5232241157,kbrisacher (15/20),0,60.05,CPT Gerrit Cole UTIL Jeremy Pena UTIL Jazz Chisholm Jr. UTIL George Lombard Jr. UTIL Spencer Jones UTIL Austin Wells,,,
195,5232444218,enemymine (4/5),0,60.05,CPT Gerrit Cole UTIL Luis Garcia Jr. UTIL Jazz Chisholm Jr. UTIL Christian Walker UTIL Spencer Jones UTIL Austin Wells,,,
199,5232328158,Rootytoot33,0,59.95,CPT George Lombard Jr. UTIL Gerrit Cole UTIL Hayden Wesneski UTIL Ben Rice UTIL Yainer Diaz UTIL Austin Wells,,,
200,5231989403,az350z (15/20),0,59.325,CPT Hayden Wesneski UTIL Gerrit Cole UTIL Luis Garcia Jr. UTIL Daulton Varsho UTIL Taylor Trammell UTIL Josh Hader,,,
200,5231991919,Caryg07 (3/20),0,59.325,CPT Hayden Wesneski UTIL Gerrit Cole UTIL Jose Altuve UTIL Daulton Varsho UTIL Yainer Diaz UTIL Josh Hader,,,
202,5231610677,Schoey17 (6/6),0,59.3,CPT Gerrit Cole UTIL Hayden Wesneski UTIL Jazz Chisholm Jr. UTIL Jose Caballero UTIL Austin Wells UTIL Brent Headrick,,,
202,5231968756,bennybenny420,0,59.3,CPT Gerrit Cole UTIL Hayden Wesneski UTIL Jazz Chisholm Jr. UTIL Spencer Jones UTIL Cam Smith UTIL Taylor Trammell,,,
202,5231991922,Caryg07 (6/20),0,59.3,CPT Gerrit Cole UTIL Hayden Wesneski UTIL Jazz Chisholm Jr. UTIL Jose Caballero UTIL Austin Wells UTIL David Bednar,,,
202,5232023506,LOCNOTM (11/20),0,59.3,CPT Gerrit Cole UTIL Hayden Wesneski UTIL Jazz Chisholm Jr. UTIL Yainer Diaz UTIL Spencer Jones UTIL Austin Wells,,,
202,5232109281,MultipleWinGasms (7/20),0,59.3,CPT Gerrit Cole UTIL Hayden Wesneski UTIL Jazz Chisholm Jr. UTIL Yainer Diaz UTIL Spencer Jones UTIL Austin Wells,,,
202,5232188839,austin60915 (10/20),0,59.3,CPT Gerrit Cole UTIL Hayden Wesneski UTIL Jazz Chisholm Jr. UTIL Yainer Diaz UTIL Spencer Jones UTIL Austin Wells,,,
202,5232232341,SpeedRacer101 (13/20),0,59.3,CPT Gerrit Cole UTIL Hayden Wesneski UTIL Isaac Paredes UTIL George Lombard Jr. UTIL Spencer Jones UTIL Austin Wells,,,
202,5232288284,jbfones (2/4),0,59.3,CPT Gerrit Cole UTIL Hayden Wesneski UTIL Jazz Chisholm Jr. UTIL Yainer Diaz UTIL Spencer Jones UTIL Austin Wells,,,
202,5232305162,Skerman103,0,59.3,CPT Gerrit Cole UTIL Hayden Wesneski UTIL Jazz Chisholm Jr. UTIL Spencer Jones UTIL Cam Smith UTIL Taylor Trammell,,,
202,5232352061,Orangechocolate70 (1/7),0,59.3,CPT Gerrit Cole UTIL Hayden Wesneski UTIL Jazz Chisholm Jr. UTIL Yainer Diaz UTIL Spencer Jones UTIL Austin Wells,,,
202,5232358468,jsamtoy (19/20),0,59.3,CPT Gerrit Cole UTIL Hayden Wesneski UTIL Jazz Chisholm Jr. UTIL Yainer Diaz UTIL Spencer Jones UTIL Austin Wells,,,
202,5232451593,robin765,0,59.3,CPT Gerrit Cole UTIL Hayden Wesneski UTIL Isaac Paredes UTIL George Lombard Jr. UTIL Spencer Jones UTIL Austin Wells,,,
202,5232456292,yellow47,0,59.3,CPT Gerrit Cole UTIL Hayden Wesneski UTIL Jazz Chisholm Jr. UTIL Yainer Diaz UTIL Spencer Jones UTIL Austin Wells,,,
202,5232460667,vernond25,0,59.3,CPT Gerrit Cole UTIL Hayden Wesneski UTIL Jazz Chisholm Jr. UTIL Yainer Diaz UTIL Spencer Jones UTIL Austin Wells,,,
202,5232460685,KenyanDrake (19/20),0,59.3,CPT Gerrit Cole UTIL Hayden Wesneski UTIL Isaac Paredes UTIL George Lombard Jr. UTIL Spencer Jones UTIL Austin Wells,,,
202,5232485890,lindamask (3/3),0,59.3,CPT Gerrit Cole UTIL Hayden Wesneski UTIL Jazz Chisholm Jr. UTIL Yainer Diaz UTIL Spencer Jones UTIL Austin Wells,,,
202,5232491312,KelvinDubs (3/20),0,59.3,CPT Gerrit Cole UTIL Hayden Wesneski UTIL Jazz Chisholm Jr. UTIL Yainer Diaz UTIL Spencer Jones UTIL Austin Wells,,,
202,5232491316,KelvinDubs (7/20),0,59.3,CPT Gerrit Cole UTIL Hayden Wesneski UTIL Isaac Paredes UTIL George Lombard Jr. UTIL Spencer Jones UTIL Austin Wells,,,
220,5232130650,FoxyGrandpa252 (1/20),0,59,CPT Isaac Paredes UTIL Luis Garcia Jr. UTIL Jeremy Pena UTIL Trent Grisham UTIL Jose Altuve UTIL Christian Walker,,,
221,5232011889,starplay (1/4),0,58.3,CPT Gerrit Cole UTIL Hayden Wesneski UTIL Jose Caballero UTIL George Lombard Jr. UTIL Yainer Diaz UTIL Taylor Trammell,,,
221,5232381440,daddyo622,0,58.3,CPT Gerrit Cole UTIL Hayden Wesneski UTIL Jose Caballero UTIL George Lombard Jr. UTIL Yainer Diaz UTIL Taylor Trammell,,,
221,5232412339,anthony_sr (3/10),0,58.3,CPT Gerrit Cole UTIL Hayden Wesneski UTIL Isaac Paredes UTIL Daulton Varsho UTIL Cam Smith UTIL Taylor Trammell,,,
224,5232233072,jsh1122 (19/20),0,58.25,CPT Daulton Varsho UTIL Hayden Wesneski UTIL Yordan Alvarez UTIL Jeremy Pena UTIL Isaac Paredes UTIL Spencer Jones,,,
224,5232241173,jsh1122 (20/20),0,58.25,CPT Jeremy Pena UTIL Hayden Wesneski UTIL Yordan Alvarez UTIL Trent Grisham UTIL Daulton Varsho UTIL Taylor Trammell,,,
224,5232392527,Dmerkel1980,0,58.25,CPT Daulton Varsho UTIL Hayden Wesneski UTIL Yordan Alvarez UTIL Ben Rice UTIL Jeremy Pena UTIL Austin Wells,,,
227,5232402502,kellydjk (2/6),0,58.05,CPT Gerrit Cole UTIL Ben Rice UTIL Luis Garcia Jr. UTIL Christian Walker UTIL Taylor Trammell UTIL Austin Wells,,,
228,5232072492,crooked70,0,58,CPT Isaac Paredes UTIL Yordan Alvarez UTIL Luis Garcia Jr. UTIL Jazz Chisholm Jr. UTIL Christian Walker UTIL Spencer Jones,,,
229,5232130667,FoxyGrandpa252 (18/20),0,57.95,CPT Isaac Paredes UTIL Gerrit Cole UTIL Hayden Wesneski UTIL Cody Bellinger UTIL Daulton Varsho UTIL Austin Wells,,,
230,5232130665,FoxyGrandpa252 (16/20),0,57.7,CPT Spencer Jones UTIL Gerrit Cole UTIL Jeremy Pena UTIL Cody Bellinger UTIL Jazz Chisholm Jr. UTIL George Lombard Jr.,,,
230,5232412535,coastrat69,0,57.7,CPT Spencer Jones UTIL Gerrit Cole UTIL Jeremy Pena UTIL Cody Bellinger UTIL Jazz Chisholm Jr. UTIL George Lombard Jr.,,,
230,5232491310,KelvinDubs (1/20),0,57.7,CPT Ben Rice UTIL Gerrit Cole UTIL Cody Bellinger UTIL Christian Walker UTIL Spencer Jones UTIL Austin Wells,,,
233,5232107192,gibsonboy87 (9/20),0,57.375,CPT Hayden Wesneski UTIL Ben Rice UTIL Jose Altuve UTIL Isaac Paredes UTIL Daulton Varsho UTIL Cam Smith,,,
234,5232032424,JcClark18 (8/15),0,57.3,CPT Gerrit Cole UTIL Hayden Wesneski UTIL Ben Rice UTIL Yainer Diaz UTIL Taylor Trammell UTIL Austin Wells,,,
234,5232038667,SaintWaveCubPel84,0,57.3,CPT Gerrit Cole UTIL Hayden Wesneski UTIL Ben Rice UTIL Yainer Diaz UTIL Taylor Trammell UTIL Austin Wells,,,
234,5232109275,MultipleWinGasms (1/20),0,57.3,CPT Gerrit Cole UTIL Hayden Wesneski UTIL Ben Rice UTIL Yainer Diaz UTIL Taylor Trammell UTIL Austin Wells,,,
234,5232130666,FoxyGrandpa252 (17/20),0,57.3,CPT Gerrit Cole UTIL Hayden Wesneski UTIL Ben Rice UTIL Yainer Diaz UTIL Taylor Trammell UTIL Austin Wells,,,
234,5232476351,Jagman40,0,57.3,CPT Gerrit Cole UTIL Hayden Wesneski UTIL Ben Rice UTIL Yainer Diaz UTIL Taylor Trammell UTIL Austin Wells,,,
239,5232130664,FoxyGrandpa252 (15/20),0,57.25,CPT George Lombard Jr. UTIL Hayden Wesneski UTIL Yordan Alvarez UTIL Jeremy Pena UTIL Jose Altuve UTIL Taylor Trammell,,,
240,5232241152,kbrisacher (10/20),0,57.075,CPT Hayden Wesneski UTIL Gerrit Cole UTIL Jose Altuve UTIL George Lombard Jr. UTIL Cam Smith UTIL Taylor Trammell,,,
240,5232342139,dtm615,0,57.075,CPT Hayden Wesneski UTIL Gerrit Cole UTIL Trent Grisham UTIL George Lombard Jr. UTIL Spencer Jones UTIL Taylor Trammell,,,
242,5232450688,bigguy49,0,57,CPT Cody Bellinger UTIL Jazz Chisholm Jr. UTIL Trent Grisham UTIL Jose Altuve UTIL Isaac Paredes UTIL Christian Walker,,,
243,5231989395,az350z (7/20),0,56.95,CPT Gerrit Cole UTIL Hayden Wesneski UTIL Jose Caballero UTIL George Lombard Jr. UTIL Yainer Diaz UTIL Steven Okert,,,
243,5232488981,maty9495 (5/5),0,56.95,CPT Spencer Jones UTIL Gerrit Cole UTIL Hayden Wesneski UTIL Jeremy Pena UTIL Cody Bellinger UTIL Austin Wells,,,
245,5231610676,Schoey17 (5/6),0,56.375,CPT Hayden Wesneski UTIL Yordan Alvarez UTIL Jeremy Pena UTIL Jose Altuve UTIL Yainer Diaz UTIL Austin Wells,,,
245,5231728556,ivymoose (2/10),0,56.375,CPT Hayden Wesneski UTIL Yordan Alvarez UTIL Jeremy Pena UTIL Jose Altuve UTIL Taylor Trammell UTIL Austin Wells,,,
245,5231767681,bazzle1968 (3/3),0,56.375,CPT Hayden Wesneski UTIL Yordan Alvarez UTIL Jeremy Pena UTIL Trent Grisham UTIL Cam Smith UTIL Taylor Trammell,,,
245,5232107200,gibsonboy87 (17/20),0,56.375,CPT Hayden Wesneski UTIL Yordan Alvarez UTIL Jose Altuve UTIL Isaac Paredes UTIL George Lombard Jr. UTIL Taylor Trammell,,,
245,5232402024,Watchib (2/2),0,56.375,CPT Hayden Wesneski UTIL Yordan Alvarez UTIL Jose Altuve UTIL Isaac Paredes UTIL George Lombard Jr. UTIL Taylor Trammell,,,
245,5232436763,Sandman2442 (8/8),0,56.375,CPT Hayden Wesneski UTIL Yordan Alvarez UTIL Jeremy Pena UTIL Jose Altuve UTIL Yainer Diaz UTIL Austin Wells,,,
245,5232495636,ShiftLeader (3/8),0,56.375,CPT Hayden Wesneski UTIL Yordan Alvarez UTIL Jeremy Pena UTIL Jose Altuve UTIL Yainer Diaz UTIL Austin Wells,,,
245,5232495859,ShiftLeader (4/8),0,56.375,CPT Hayden Wesneski UTIL Yordan Alvarez UTIL Jeremy Pena UTIL Jose Altuve UTIL Yainer Diaz UTIL Austin Wells,,,
245,5232495904,ShiftLeader (5/8),0,56.375,CPT Hayden Wesneski UTIL Yordan Alvarez UTIL Jeremy Pena UTIL Jose Altuve UTIL Yainer Diaz UTIL Austin Wells,,,
245,5232503438,ShiftLeader (8/8),0,56.375,CPT Hayden Wesneski UTIL Yordan Alvarez UTIL Jeremy Pena UTIL Jose Altuve UTIL Yainer Diaz UTIL Austin Wells,,,
255,5232023502,LOCNOTM (7/20),0,56.3,CPT Gerrit Cole UTIL Hayden Wesneski UTIL Cody Bellinger UTIL George Lombard Jr. UTIL Taylor Trammell UTIL Austin Wells,,,
255,5232023505,LOCNOTM (10/20),0,56.3,CPT Gerrit Cole UTIL Hayden Wesneski UTIL Jazz Chisholm Jr. UTIL Spencer Jones UTIL Cam Smith UTIL Austin Wells,,,
255,5232023512,LOCNOTM (17/20),0,56.3,CPT Gerrit Cole UTIL Hayden Wesneski UTIL Jose Caballero UTIL George Lombard Jr. UTIL Daulton Varsho UTIL Austin Wells,,,
255,5232154245,TY54321 (9/11),0,56.3,CPT Gerrit Cole UTIL Hayden Wesneski UTIL Jose Caballero UTIL George Lombard Jr. UTIL Daulton Varsho UTIL Austin Wells,,,
255,5232343772,pat_the_hat2 (1/11),0,56.3,CPT Gerrit Cole UTIL Hayden Wesneski UTIL Jazz Chisholm Jr. UTIL Spencer Jones UTIL Cam Smith UTIL Austin Wells,,,
255,5232398087,n.straka,0,56.3,CPT Gerrit Cole UTIL Hayden Wesneski UTIL Jose Caballero UTIL George Lombard Jr. UTIL Daulton Varsho UTIL Austin Wells,,,
255,5232491325,KelvinDubs (16/20),0,56.3,CPT Gerrit Cole UTIL Hayden Wesneski UTIL Jose Caballero UTIL George Lombard Jr. UTIL Daulton Varsho UTIL Austin Wells,,,
262,5232227958,The_Legend_2018,0,56.25,CPT George Lombard Jr. UTIL Hayden Wesneski UTIL Luis Garcia Jr. UTIL Cody Bellinger UTIL Jazz Chisholm Jr. UTIL Jose Caballero,,,
263,5231640221,Sammy.Boy (8/20),0,56.075,CPT Hayden Wesneski UTIL Gerrit Cole UTIL Jose Altuve UTIL Isaac Paredes UTIL Cam Smith UTIL Austin Wells,,,
263,5232042284,Satch65 (6/20),0,56.075,CPT Hayden Wesneski UTIL Gerrit Cole UTIL Ben Rice UTIL Spencer Jones UTIL Cam Smith UTIL Austin Wells,,,
263,5232046216,gwatts77 (17/20),0,56.075,CPT Hayden Wesneski UTIL Gerrit Cole UTIL Jose Altuve UTIL Daulton Varsho UTIL Yainer Diaz UTIL Taylor Trammell,,,
263,5232072924,mythicalrhymer01 (1/5),0,56.075,CPT Hayden Wesneski UTIL Gerrit Cole UTIL Jose Altuve UTIL Daulton Varsho UTIL Yainer Diaz UTIL Taylor Trammell,,,
263,5232130657,FoxyGrandpa252 (8/20),0,56.075,CPT Hayden Wesneski UTIL Gerrit Cole UTIL Trent Grisham UTIL Daulton Varsho UTIL Yainer Diaz UTIL Taylor Trammell,,,
263,5232241144,kbrisacher (2/20),0,56.075,CPT Hayden Wesneski UTIL Gerrit Cole UTIL Jose Caballero UTIL Daulton Varsho UTIL Yainer Diaz UTIL Cam Smith,,,
263,5232288286,jbfones (4/4),0,56.075,CPT Hayden Wesneski UTIL Gerrit Cole UTIL Cody Bellinger UTIL Yainer Diaz UTIL Spencer Jones UTIL Taylor Trammell,,,
263,5232425568,Bucky-75,0,56.075,CPT Hayden Wesneski UTIL Gerrit Cole UTIL Daulton Varsho UTIL Yainer Diaz UTIL Cam Smith UTIL Taylor Trammell,,,
263,5232430950,georgeconfused (4/8),0,56.075,CPT Hayden Wesneski UTIL Gerrit Cole UTIL Jose Altuve UTIL Isaac Paredes UTIL Cam Smith UTIL Austin Wells,,,
263,5232437914,trappwimm80 (2/4),0,56.075,CPT Hayden Wesneski UTIL Gerrit Cole UTIL Jose Altuve UTIL Isaac Paredes UTIL Cam Smith UTIL Austin Wells,,,
263,5232447914,KenyanDrake (8/20),0,56.075,CPT Hayden Wesneski UTIL Gerrit Cole UTIL Trent Grisham UTIL Daulton Varsho UTIL Yainer Diaz UTIL Taylor Trammell,,,
274,5232214947,RollTideForLife (16/20),0,55.95,CPT Ben Rice UTIL Gerrit Cole UTIL Hayden Wesneski UTIL Jose Caballero UTIL Taylor Trammell UTIL Austin Wells,,,
274,5232451025,ballgame1881 (10/15),0,55.95,CPT Ben Rice UTIL Gerrit Cole UTIL Hayden Wesneski UTIL Yainer Diaz UTIL Taylor Trammell UTIL Austin Wells,,,
274,5232491248,jomo1313 (2/2),0,55.95,CPT Cody Bellinger UTIL Gerrit Cole UTIL Hayden Wesneski UTIL Jazz Chisholm Jr. UTIL Cam Smith UTIL Austin Wells,,,
277,5232503430,derekburrell (1/2),0,55.7,CPT Ben Rice UTIL Gerrit Cole UTIL Jazz Chisholm Jr. UTIL Isaac Paredes UTIL Yainer Diaz UTIL Austin Wells,,,
278,5232214941,RollTideForLife (10/20),0,55.375,CPT Hayden Wesneski UTIL Jeremy Pena UTIL Trent Grisham UTIL Jose Altuve UTIL Daulton Varsho UTIL Spencer Jones,,,
278,5232280050,themilliard (2/2),0,55.375,CPT Hayden Wesneski UTIL Yordan Alvarez UTIL Ben Rice UTIL Daulton Varsho UTIL Yainer Diaz UTIL Taylor Trammell,,,
278,5232320998,jpatrickwhitey8 (1/2),0,55.375,CPT Hayden Wesneski UTIL Luis Garcia Jr. UTIL Jazz Chisholm Jr. UTIL Daulton Varsho UTIL Yainer Diaz UTIL Spencer Jones,,,
278,5232417482,lexingtontexas,0,55.375,CPT Hayden Wesneski UTIL Yordan Alvarez UTIL Ben Rice UTIL Daulton Varsho UTIL Yainer Diaz UTIL Taylor Trammell,,,
282,5232422674,gr8one97,0,55.3,CPT Gerrit Cole UTIL Hayden Wesneski UTIL Jose Caballero UTIL George Lombard Jr. UTIL Spencer Jones UTIL Taylor Trammell,,,
282,5232439189,KenyanDrake (5/20),0,55.3,CPT Gerrit Cole UTIL Hayden Wesneski UTIL Jose Caballero UTIL George Lombard Jr. UTIL Spencer Jones UTIL Taylor Trammell,,,
284,5232402505,kellydjk (5/6),0,55.25,CPT Daulton Varsho UTIL Hayden Wesneski UTIL Yordan Alvarez UTIL Ben Rice UTIL Jazz Chisholm Jr. UTIL Austin Wells,,,
285,5232105068,highland62,0,55.05,CPT Gerrit Cole UTIL Jazz Chisholm Jr. UTIL Isaac Paredes UTIL Jose Caballero UTIL George Lombard Jr. UTIL Cam Smith,,,
285,5232214936,RollTideForLife (5/20),0,55.05,CPT Gerrit Cole UTIL Ben Rice UTIL Jeremy Pena UTIL George Lombard Jr. UTIL Cam Smith UTIL Austin Wells,,,
285,5232441180,dashoe15,0,55.05,CPT Gerrit Cole UTIL Cody Bellinger UTIL Christian Walker UTIL Jose Caballero UTIL Yainer Diaz UTIL Spencer Jones,,,
285,5232451018,ballgame1881 (3/15),0,55.05,CPT Gerrit Cole UTIL Jeremy Pena UTIL Jazz Chisholm Jr. UTIL Trent Grisham UTIL Taylor Trammell UTIL Austin Wells,,,
289,5232430794,Lluveras (2/4),0,54.7,CPT Jeremy Pena UTIL Gerrit Cole UTIL Jazz Chisholm Jr. UTIL Jose Altuve UTIL Spencer Jones UTIL Cam Smith,,,
290,5232214940,RollTideForLife (9/20),0,54.375,CPT Hayden Wesneski UTIL Yordan Alvarez UTIL Jazz Chisholm Jr. UTIL Jose Altuve UTIL Daulton Varsho UTIL Austin Wells,,,
290,5232233437,teran36,0,54.375,CPT Hayden Wesneski UTIL Jazz Chisholm Jr. UTIL Trent Grisham UTIL Jose Altuve UTIL Jose Caballero UTIL Yainer Diaz,,,
292,5231923885,apforadori (2/3),0,54.3,CPT Gerrit Cole UTIL Hayden Wesneski UTIL Ben Rice UTIL Spencer Jones UTIL Taylor Trammell UTIL Austin Wells,,,
292,5231923891,apforadori (3/3),0,54.3,CPT Gerrit Cole UTIL Hayden Wesneski UTIL Ben Rice UTIL Cam Smith UTIL Taylor Trammell UTIL Austin Wells,,,
292,5232013657,nycgator12,0,54.3,CPT Gerrit Cole UTIL Hayden Wesneski UTIL Ben Rice UTIL Spencer Jones UTIL Taylor Trammell UTIL Austin Wells,,,
292,5232042295,Satch65 (17/20),0,54.3,CPT Gerrit Cole UTIL Hayden Wesneski UTIL Ben Rice UTIL Spencer Jones UTIL Taylor Trammell UTIL Austin Wells,,,
292,5232046209,gwatts77 (10/20),0,54.3,CPT Gerrit Cole UTIL Hayden Wesneski UTIL Trent Grisham UTIL Isaac Paredes UTIL Taylor Trammell UTIL Austin Wells,,,
292,5232109276,MultipleWinGasms (2/20),0,54.3,CPT Gerrit Cole UTIL Hayden Wesneski UTIL Ben Rice UTIL Spencer Jones UTIL Taylor Trammell UTIL Austin Wells,,,
292,5232241143,kbrisacher (1/20),0,54.3,CPT Gerrit Cole UTIL Hayden Wesneski UTIL Ben Rice UTIL Spencer Jones UTIL Taylor Trammell UTIL Austin Wells,,,
292,5232333422,Kdeesuperman42,0,54.3,CPT Gerrit Cole UTIL Hayden Wesneski UTIL Ben Rice UTIL Spencer Jones UTIL Taylor Trammell UTIL Austin Wells,,,
292,5232360638,sauce834 (1/2),0,54.3,CPT Gerrit Cole UTIL Hayden Wesneski UTIL Ben Rice UTIL Spencer Jones UTIL Taylor Trammell UTIL Austin Wells,,,
292,5232363279,patton22,0,54.3,CPT Gerrit Cole UTIL Hayden Wesneski UTIL Ben Rice UTIL Spencer Jones UTIL Taylor Trammell UTIL Austin Wells,,,
292,5232394450,JimAnna,0,54.3,CPT Gerrit Cole UTIL Hayden Wesneski UTIL Ben Rice UTIL Spencer Jones UTIL Taylor Trammell UTIL Austin Wells,,,
292,5232436493,Sandman2442 (3/8),0,54.3,CPT Gerrit Cole UTIL Hayden Wesneski UTIL Trent Grisham UTIL Isaac Paredes UTIL Taylor Trammell UTIL Austin Wells,,,
292,5232436495,Sandman2442 (5/8),0,54.3,CPT Gerrit Cole UTIL Hayden Wesneski UTIL Ben Rice UTIL Spencer Jones UTIL Taylor Trammell UTIL Austin Wells,,,
292,5232448930,gjglo (3/4),0,54.3,CPT Gerrit Cole UTIL Hayden Wesneski UTIL Ben Rice UTIL Spencer Jones UTIL Taylor Trammell UTIL Austin Wells,,,
292,5232450364,SLzMayor,0,54.3,CPT Gerrit Cole UTIL Hayden Wesneski UTIL Ben Rice UTIL Spencer Jones UTIL Taylor Trammell UTIL Austin Wells,,,
292,5232452386,KenyanDrake (12/20),0,54.3,CPT Gerrit Cole UTIL Hayden Wesneski UTIL Ben Rice UTIL Spencer Jones UTIL Taylor Trammell UTIL Austin Wells,,,
292,5232457405,Mstary11,0,54.3,CPT Gerrit Cole UTIL Hayden Wesneski UTIL Trent Grisham UTIL Isaac Paredes UTIL Taylor Trammell UTIL Austin Wells,,,
292,5232467078,xXxPLOSIVE (2/4),0,54.3,CPT Gerrit Cole UTIL Hayden Wesneski UTIL Trent Grisham UTIL Isaac Paredes UTIL Taylor Trammell UTIL Austin Wells,,,
292,5232472267,jsimoniette23 (2/3),0,54.3,CPT Gerrit Cole UTIL Hayden Wesneski UTIL Ben Rice UTIL Spencer Jones UTIL Taylor Trammell UTIL Austin Wells,,,
292,5232487917,superunknowx,0,54.3,CPT Gerrit Cole UTIL Hayden Wesneski UTIL Ben Rice UTIL Spencer Jones UTIL Taylor Trammell UTIL Austin Wells,,,
292,5232489777,Lynette55,0,54.3,CPT Gerrit Cole UTIL Hayden Wesneski UTIL Isaac Paredes UTIL Spencer Jones UTIL Cam Smith UTIL Taylor Trammell,,,
292,5232496345,HAguard,0,54.3,CPT Gerrit Cole UTIL Hayden Wesneski UTIL Ben Rice UTIL Spencer Jones UTIL Taylor Trammell UTIL Austin Wells,,,
292,5232500318,truesinger2021,0,54.3,CPT Gerrit Cole UTIL Hayden Wesneski UTIL Ben Rice UTIL Spencer Jones UTIL Taylor Trammell UTIL Austin Wells,,,
292,5232503403,tquello,0,54.3,CPT Gerrit Cole UTIL Hayden Wesneski UTIL Trent Grisham UTIL Isaac Paredes UTIL Taylor Trammell UTIL Austin Wells,,,
316,5232095048,buckwheat54 (5/6),0,54.25,CPT Jeremy Pena UTIL Hayden Wesneski UTIL Yordan Alvarez UTIL Luis Garcia Jr. UTIL Cam Smith UTIL Taylor Trammell,,,
316,5232327550,aumni (20/20),0,54.25,CPT Yordan Alvarez UTIL Hayden Wesneski UTIL Jeremy Pena UTIL George Lombard Jr. UTIL Spencer Jones UTIL Taylor Trammell,,,
316,5232427005,Lluveras (1/4),0,54.25,CPT Yordan Alvarez UTIL Hayden Wesneski UTIL Luis Garcia Jr. UTIL Christian Walker UTIL Yainer Diaz UTIL Austin Wells,,,
316,5232458397,huntermora21,0,54.25,CPT Ben Rice UTIL Hayden Wesneski UTIL Yordan Alvarez UTIL Jazz Chisholm Jr. UTIL Cam Smith UTIL Austin Wells,,,
320,5232358450,jsamtoy (1/20),0,54.2,CPT Jazz Chisholm Jr. UTIL Gerrit Cole UTIL Cody Bellinger UTIL Jose Caballero UTIL George Lombard Jr. UTIL Daulton Varsho,,,
321,5231991918,Caryg07 (2/20),0,54.075,CPT Hayden Wesneski UTIL Gerrit Cole UTIL Yordan Alvarez UTIL Yainer Diaz UTIL Taylor Trammell UTIL Austin Wells,,,
321,5232109288,MultipleWinGasms (14/20),0,54.075,CPT Hayden Wesneski UTIL Gerrit Cole UTIL Yordan Alvarez UTIL Yainer Diaz UTIL Taylor Trammell UTIL Austin Wells,,,
321,5232154247,TY54321 (11/11),0,54.075,CPT Hayden Wesneski UTIL Gerrit Cole UTIL Yordan Alvarez UTIL Yainer Diaz UTIL Taylor Trammell UTIL Austin Wells,,,
321,5232241149,kbrisacher (7/20),0,54.075,CPT Hayden Wesneski UTIL Gerrit Cole UTIL Yordan Alvarez UTIL Yainer Diaz UTIL Taylor Trammell UTIL Austin Wells,,,
325,5232008639,2boys2girls (2/3),0,54,CPT Trent Grisham UTIL Ben Rice UTIL Jeremy Pena UTIL Jazz Chisholm Jr. UTIL Jose Caballero UTIL George Lombard Jr.,,,
325,5232008640,2boys2girls (3/3),0,54,CPT Yordan Alvarez UTIL Jeremy Pena UTIL Jose Altuve UTIL Christian Walker UTIL Jose Caballero UTIL Daulton Varsho,,,
325,5232130668,FoxyGrandpa252 (19/20),0,54,CPT Yordan Alvarez UTIL Jeremy Pena UTIL Trent Grisham UTIL Christian Walker UTIL Daulton Varsho UTIL Yainer Diaz,,,
325,5232424800,onni1990 (1/3),0,54,CPT Yordan Alvarez UTIL Jazz Chisholm Jr. UTIL Trent Grisham UTIL Isaac Paredes UTIL Christian Walker UTIL Spencer Jones,,,
325,5232460694,SnowAngel74 (5/6),0,54,CPT Yordan Alvarez UTIL Jeremy Pena UTIL Jazz Chisholm Jr. UTIL Isaac Paredes UTIL George Lombard Jr. UTIL Spencer Jones,,,
330,5232026717,jtcorndog (1/2),0,53.95,CPT Spencer Jones UTIL Gerrit Cole UTIL Hayden Wesneski UTIL Jazz Chisholm Jr. UTIL Daulton Varsho UTIL Austin Wells,,,
330,5232232338,SpeedRacer101 (10/20),0,53.95,CPT Isaac Paredes UTIL Gerrit Cole UTIL Hayden Wesneski UTIL Jose Altuve UTIL Daulton Varsho UTIL Austin Wells,,,
330,5232460603,noobie89 (17/20),0,53.95,CPT Austin Wells UTIL Gerrit Cole UTIL Hayden Wesneski UTIL Luis Garcia Jr. UTIL Jazz Chisholm Jr. UTIL Daulton Varsho,,,
330,5232481475,georgeconfused (7/8),0,53.95,CPT Isaac Paredes UTIL Gerrit Cole UTIL Hayden Wesneski UTIL Jose Altuve UTIL Daulton Varsho UTIL Austin Wells,,,
334,5232214942,RollTideForLife (11/20),0,53.375,CPT Hayden Wesneski UTIL Yordan Alvarez UTIL Jose Caballero UTIL George Lombard Jr. UTIL Daulton Varsho UTIL Yainer Diaz,,,
334,5232276365,wolfy313 (9/10),0,53.375,CPT Hayden Wesneski UTIL Yordan Alvarez UTIL Jeremy Pena UTIL Jose Altuve UTIL Spencer Jones UTIL Austin Wells,,,
334,5232320342,bigocaptn,0,53.375,CPT Hayden Wesneski UTIL Yordan Alvarez UTIL Jose Caballero UTIL George Lombard Jr. UTIL Daulton Varsho UTIL Yainer Diaz,,,
337,5231610674,Schoey17 (3/6),0,53.3,CPT Gerrit Cole UTIL Hayden Wesneski UTIL Cody Bellinger UTIL George Lombard Jr. UTIL Cam Smith UTIL Austin Wells,,,
337,5231991920,Caryg07 (4/20),0,53.3,CPT Gerrit Cole UTIL Hayden Wesneski UTIL Cody Bellinger UTIL George Lombard Jr. UTIL Cam Smith UTIL Austin Wells,,,
337,5232023503,LOCNOTM (8/20),0,53.3,CPT Gerrit Cole UTIL Hayden Wesneski UTIL Cody Bellinger UTIL George Lombard Jr. UTIL Cam Smith UTIL Austin Wells,,,
337,5232072925,mythicalrhymer01 (2/5),0,53.3,CPT Gerrit Cole UTIL Hayden Wesneski UTIL Cody Bellinger UTIL George Lombard Jr. UTIL Cam Smith UTIL Austin Wells,,,
337,5232109280,MultipleWinGasms (6/20),0,53.3,CPT Gerrit Cole UTIL Hayden Wesneski UTIL Cody Bellinger UTIL George Lombard Jr. UTIL Cam Smith UTIL Austin Wells,,,
337,5232119406,Pkash99,0,53.3,CPT Gerrit Cole UTIL Hayden Wesneski UTIL George Lombard Jr. UTIL Daulton Varsho UTIL Spencer Jones UTIL Cam Smith,,,
337,5232358458,jsamtoy (9/20),0,53.3,CPT Gerrit Cole UTIL Hayden Wesneski UTIL Cody Bellinger UTIL George Lombard Jr. UTIL Cam Smith UTIL Austin Wells,,,
337,5232415172,anthony_sr (6/10),0,53.3,CPT Gerrit Cole UTIL Hayden Wesneski UTIL Cody Bellinger UTIL George Lombard Jr. UTIL Cam Smith UTIL Austin Wells,,,
337,5232415739,2014gtcs,0,53.3,CPT Gerrit Cole UTIL Hayden Wesneski UTIL Cody Bellinger UTIL George Lombard Jr. UTIL Cam Smith UTIL Austin Wells,,,
337,5232467370,islandjim (1/7),0,53.3,CPT Gerrit Cole UTIL Hayden Wesneski UTIL George Lombard Jr. UTIL Daulton Varsho UTIL Spencer Jones UTIL Cam Smith,,,
347,5232188843,austin60915 (14/20),0,53.25,CPT Jose Altuve UTIL Hayden Wesneski UTIL Jeremy Pena UTIL Trent Grisham UTIL Isaac Paredes UTIL Yainer Diaz,,,
347,5232232334,SpeedRacer101 (6/20),0,53.25,CPT Jeremy Pena UTIL Hayden Wesneski UTIL Luis Garcia Jr. UTIL Jose Altuve UTIL Daulton Varsho UTIL Cam Smith,,,
347,5232479931,flydol1876 (6/10),0,53.25,CPT Yordan Alvarez UTIL Hayden Wesneski UTIL Jeremy Pena UTIL Isaac Paredes UTIL Spencer Jones UTIL Austin Wells,,,
347,5232492140,flydol1876 (10/10),0,53.25,CPT Yordan Alvarez UTIL Hayden Wesneski UTIL Jeremy Pena UTIL Isaac Paredes UTIL Spencer Jones UTIL Austin Wells,,,
351,5232337189,jasons1876,0,53.2,CPT Jazz Chisholm Jr. UTIL Gerrit Cole UTIL Cody Bellinger UTIL Jose Caballero UTIL George Lombard Jr. UTIL Yainer Diaz,,,
352,5232042286,Satch65 (8/20),0,53.075,CPT Hayden Wesneski UTIL Gerrit Cole UTIL Trent Grisham UTIL Daulton Varsho UTIL Spencer Jones UTIL Taylor Trammell,,,
352,5232214944,RollTideForLife (13/20),0,53.075,CPT Hayden Wesneski UTIL Gerrit Cole UTIL Jose Altuve UTIL Daulton Varsho UTIL Yainer Diaz UTIL Austin Wells,,,
352,5232471689,crf_333,0,53.075,CPT Hayden Wesneski UTIL Gerrit Cole UTIL Trent Grisham UTIL Daulton Varsho UTIL Spencer Jones UTIL Taylor Trammell,,,
355,5232456525,slotone (19/20),0,53.05,CPT Gerrit Cole UTIL Ben Rice UTIL Jeremy Pena UTIL Jose Caballero UTIL Taylor Trammell UTIL Austin Wells,,,
356,5231976295,bposluszny (6/6),0,53,CPT Daulton Varsho UTIL Ben Rice UTIL Jeremy Pena UTIL Cody Bellinger UTIL Jazz Chisholm Jr. UTIL Trent Grisham,,,
356,5232338866,hawk35 (3/3),0,53,CPT Isaac Paredes UTIL Yordan Alvarez UTIL Ben Rice UTIL Jeremy Pena UTIL George Lombard Jr. UTIL Spencer Jones,,,
356,5232475395,Zmoney526,0,53,CPT Cody Bellinger UTIL Yordan Alvarez UTIL Jazz Chisholm Jr. UTIL Jose Altuve UTIL Christian Walker UTIL Daulton Varsho,,,
359,5232188841,austin60915 (12/20),0,52.95,CPT Gerrit Cole UTIL Hayden Wesneski UTIL Ben Rice UTIL Brent Headrick UTIL David Bednar UTIL Steven Okert,,,
359,5232436941,trappwimm80 (1/4),0,52.95,CPT Jose Altuve UTIL Gerrit Cole UTIL Hayden Wesneski UTIL Jazz Chisholm Jr. UTIL Yainer Diaz UTIL Austin Wells,,,
359,5232441856,trappwimm80 (3/4),0,52.95,CPT Luis Garcia Jr. UTIL Gerrit Cole UTIL Hayden Wesneski UTIL Jazz Chisholm Jr. UTIL Taylor Trammell UTIL Austin Wells,,,
359,5232451024,ballgame1881 (9/15),0,52.95,CPT Ben Rice UTIL Gerrit Cole UTIL Hayden Wesneski UTIL Spencer Jones UTIL Cam Smith UTIL Taylor Trammell,,,
359,5232479434,easymoneynow (2/2),0,52.95,CPT Trent Grisham UTIL Gerrit Cole UTIL Hayden Wesneski UTIL Jazz Chisholm Jr. UTIL Yainer Diaz UTIL Austin Wells,,,
359,5232501895,TexasDig (12/20),0,52.95,CPT Jose Altuve UTIL Gerrit Cole UTIL Hayden Wesneski UTIL Isaac Paredes UTIL George Lombard Jr. UTIL Austin Wells,,,
365,5232032420,JcClark18 (4/15),0,52.725,CPT Hayden Wesneski UTIL Gerrit Cole UTIL Yordan Alvarez UTIL Cam Smith UTIL Taylor Trammell UTIL Steven Okert,,,
366,5232008630,124337,0,52.5,CPT Jazz Chisholm Jr. UTIL Yordan Alvarez UTIL Ben Rice UTIL Jeremy Pena UTIL Nelson Velazquez UTIL Jasson Dominguez,,,
367,5232011892,starplay (4/4),0,52.375,CPT Hayden Wesneski UTIL Yordan Alvarez UTIL Ben Rice UTIL Daulton Varsho UTIL Cam Smith UTIL Taylor Trammell,,,
367,5232107187,gibsonboy87 (4/20),0,52.375,CPT Hayden Wesneski UTIL Yordan Alvarez UTIL Isaac Paredes UTIL Jose Caballero UTIL Daulton Varsho UTIL Cam Smith,,,
367,5232107201,gibsonboy87 (18/20),0,52.375,CPT Hayden Wesneski UTIL Yordan Alvarez UTIL Isaac Paredes UTIL Daulton Varsho UTIL Yainer Diaz UTIL Spencer Jones,,,
367,5232437089,michaelshodson (5/5),0,52.375,CPT Hayden Wesneski UTIL Yordan Alvarez UTIL Ben Rice UTIL Daulton Varsho UTIL Cam Smith UTIL Taylor Trammell,,,
367,5232456522,slotone (16/20),0,52.375,CPT Hayden Wesneski UTIL Luis Garcia Jr. UTIL Jazz Chisholm Jr. UTIL Trent Grisham UTIL Daulton Varsho UTIL Austin Wells,,,
372,5231610675,Schoey17 (4/6),0,52.3,CPT Gerrit Cole UTIL Hayden Wesneski UTIL Jose Caballero UTIL George Lombard Jr. UTIL Spencer Jones UTIL Austin Wells,,,
372,5231733112,dak444,0,52.3,CPT Gerrit Cole UTIL Hayden Wesneski UTIL Jose Caballero UTIL George Lombard Jr. UTIL Spencer Jones UTIL Austin Wells,,,
372,5231823276,dom63,0,52.3,CPT Gerrit Cole UTIL Hayden Wesneski UTIL George Lombard Jr. UTIL Yainer Diaz UTIL Spencer Jones UTIL Cam Smith,,,
372,5231989390,az350z (2/20),0,52.3,CPT Gerrit Cole UTIL Hayden Wesneski UTIL Jose Caballero UTIL George Lombard Jr. UTIL Spencer Jones UTIL Austin Wells,,,
372,5232023499,LOCNOTM (4/20),0,52.3,CPT Gerrit Cole UTIL Hayden Wesneski UTIL Luis Garcia Jr. UTIL George Lombard Jr. UTIL Taylor Trammell UTIL Austin Wells,,,
372,5232023500,LOCNOTM (5/20),0,52.3,CPT Gerrit Cole UTIL Hayden Wesneski UTIL Jose Caballero UTIL George Lombard Jr. UTIL Spencer Jones UTIL Austin Wells,,,
372,5232032418,JcClark18 (2/15),0,52.3,CPT Gerrit Cole UTIL Hayden Wesneski UTIL Jose Caballero UTIL George Lombard Jr. UTIL Spencer Jones UTIL Austin Wells,,,
372,5232046200,gwatts77 (1/20),0,52.3,CPT Gerrit Cole UTIL Hayden Wesneski UTIL Jose Caballero UTIL George Lombard Jr. UTIL Spencer Jones UTIL Austin Wells,,,
372,5232109277,MultipleWinGasms (3/20),0,52.3,CPT Gerrit Cole UTIL Hayden Wesneski UTIL Luis Garcia Jr. UTIL George Lombard Jr. UTIL Taylor Trammell UTIL Austin Wells,,,
372,5232130653,FoxyGrandpa252 (4/20),0,52.3,CPT Gerrit Cole UTIL Hayden Wesneski UTIL Luis Garcia Jr. UTIL George Lombard Jr. UTIL Taylor Trammell UTIL Austin Wells,,,
372,5232188831,austin60915 (2/20),0,52.3,CPT Gerrit Cole UTIL Hayden Wesneski UTIL Jose Caballero UTIL George Lombard Jr. UTIL Spencer Jones UTIL Austin Wells,,,
372,5232214938,RollTideForLife (7/20),0,52.3,CPT Gerrit Cole UTIL Hayden Wesneski UTIL Jose Caballero UTIL George Lombard Jr. UTIL Spencer Jones UTIL Austin Wells,,,
372,5232239777,Titans510,0,52.3,CPT Gerrit Cole UTIL Hayden Wesneski UTIL Luis Garcia Jr. UTIL George Lombard Jr. UTIL Taylor Trammell UTIL Austin Wells,,,
372,5232315955,theczar89,0,52.3,CPT Gerrit Cole UTIL Hayden Wesneski UTIL George Lombard Jr. UTIL Yainer Diaz UTIL Spencer Jones UTIL Cam Smith,,,
372,5232425784,georgeconfused (2/8),0,52.3,CPT Gerrit Cole UTIL Hayden Wesneski UTIL Jose Caballero UTIL George Lombard Jr. UTIL Spencer Jones UTIL Austin Wells,,,
372,5232428449,KenyanDrake (3/20),0,52.3,CPT Gerrit Cole UTIL Hayden Wesneski UTIL Jose Caballero UTIL George Lombard Jr. UTIL Spencer Jones UTIL Austin Wells,,,
372,5232460169,KenyanDrake (17/20),0,52.3,CPT Gerrit Cole UTIL Hayden Wesneski UTIL Luis Garcia Jr. UTIL George Lombard Jr. UTIL Taylor Trammell UTIL Austin Wells,,,
372,5232491313,KelvinDubs (4/20),0,52.3,CPT Gerrit Cole UTIL Hayden Wesneski UTIL Jose Caballero UTIL George Lombard Jr. UTIL Spencer Jones UTIL Austin Wells,,,
390,5232341960,JWMSKJJ,0,52.2,CPT Jazz Chisholm Jr. UTIL Gerrit Cole UTIL Ben Rice UTIL Cody Bellinger UTIL Yainer Diaz UTIL Austin Wells,,,
390,5232456507,slotone (1/20),0,52.2,CPT Jazz Chisholm Jr. UTIL Gerrit Cole UTIL Ben Rice UTIL Jose Caballero UTIL Daulton Varsho UTIL Austin Wells,,,
390,5232456508,slotone (2/20),0,52.2,CPT Jazz Chisholm Jr. UTIL Gerrit Cole UTIL Ben Rice UTIL Jose Caballero UTIL Daulton Varsho UTIL Austin Wells,,,
390,5232502927,Wineternal (2/2),0,52.2,CPT Jazz Chisholm Jr. UTIL Gerrit Cole UTIL Ben Rice UTIL Cody Bellinger UTIL Yainer Diaz UTIL Austin Wells,,,
394,5231640218,Sammy.Boy (5/20),0,52.05,CPT Gerrit Cole UTIL Jazz Chisholm Jr. UTIL Trent Grisham UTIL Isaac Paredes UTIL George Lombard Jr. UTIL Austin Wells,,,
394,5231692789,number1pct,0,52.05,CPT Gerrit Cole UTIL Luis Garcia Jr. UTIL Christian Walker UTIL Daulton Varsho UTIL Yainer Diaz UTIL Spencer Jones,,,
394,5232046212,gwatts77 (13/20),0,52.05,CPT Gerrit Cole UTIL Jazz Chisholm Jr. UTIL Trent Grisham UTIL Isaac Paredes UTIL George Lombard Jr. UTIL Austin Wells,,,
394,5232054195,diamondd669,0,52.05,CPT Gerrit Cole UTIL Cody Bellinger UTIL Jazz Chisholm Jr. UTIL Jose Caballero UTIL George Lombard Jr. UTIL Taylor Trammell,,,
394,5232070139,rsumrall (8/10),0,52.05,CPT Gerrit Cole UTIL Jazz Chisholm Jr. UTIL Trent Grisham UTIL Isaac Paredes UTIL George Lombard Jr. UTIL Austin Wells,,,
394,5232107505,buddog2001,0,52.05,CPT Gerrit Cole UTIL Luis Garcia Jr. UTIL Christian Walker UTIL Daulton Varsho UTIL Yainer Diaz UTIL Spencer Jones,,,
394,5232130656,FoxyGrandpa252 (7/20),0,52.05,CPT Gerrit Cole UTIL Cody Bellinger UTIL Jazz Chisholm Jr. UTIL Jose Caballero UTIL George Lombard Jr. UTIL Taylor Trammell,,,
394,5232188835,austin60915 (6/20),0,52.05,CPT Gerrit Cole UTIL Cody Bellinger UTIL Jazz Chisholm Jr. UTIL Jose Caballero UTIL George Lombard Jr. UTIL Taylor Trammell,,,
394,5232441007,sibobterminator,0,52.05,CPT Gerrit Cole UTIL Cody Bellinger UTIL Jazz Chisholm Jr. UTIL Isaac Paredes UTIL Daulton Varsho UTIL Austin Wells,,,
394,5232460574,KenyanDrake (18/20),0,52.05,CPT Gerrit Cole UTIL Cody Bellinger UTIL Jazz Chisholm Jr. UTIL Jose Caballero UTIL George Lombard Jr. UTIL Taylor Trammell,,,
404,5231868155,kingthurl (2/5),0,51.95,CPT Cam Smith UTIL Gerrit Cole UTIL Hayden Wesneski UTIL Ben Rice UTIL Daulton Varsho UTIL Yainer Diaz,,,
404,5232042288,Satch65 (10/20),0,51.95,CPT Austin Wells UTIL Gerrit Cole UTIL Hayden Wesneski UTIL Yordan Alvarez UTIL Jazz Chisholm Jr. UTIL Spencer Jones,,,
404,5232327544,aumni (14/20),0,51.95,CPT Austin Wells UTIL Gerrit Cole UTIL Hayden Wesneski UTIL Ben Rice UTIL Cody Bellinger UTIL Yainer Diaz,,,
404,5232496469,JCM1183 (5/5),0,51.95,CPT Austin Wells UTIL Gerrit Cole UTIL Hayden Wesneski UTIL Yordan Alvarez UTIL Jazz Chisholm Jr. UTIL Spencer Jones,,,
408,5232482544,aldenkenny1,0,51.7,CPT Austin Wells UTIL Gerrit Cole UTIL Ben Rice UTIL Cody Bellinger UTIL Jazz Chisholm Jr. UTIL Isaac Paredes,,,
408,5232501892,TexasDig (9/20),0,51.7,CPT Trent Grisham UTIL Gerrit Cole UTIL Ben Rice UTIL Christian Walker UTIL Jose Caballero UTIL Austin Wells,,,
410,5231991926,Caryg07 (10/20),0,51.3,CPT Gerrit Cole UTIL Hayden Wesneski UTIL Ben Rice UTIL Spencer Jones UTIL Austin Wells UTIL Brent Headrick,,,
410,5232042287,Satch65 (9/20),0,51.3,CPT Gerrit Cole UTIL Hayden Wesneski UTIL Cody Bellinger UTIL Yainer Diaz UTIL Cam Smith UTIL Taylor Trammell,,,
410,5232450375,LeeNelly,0,51.3,CPT Gerrit Cole UTIL Hayden Wesneski UTIL Cody Bellinger UTIL Jose Caballero UTIL Taylor Trammell UTIL Austin Wells,,,
410,5232456510,slotone (4/20),0,51.3,CPT Gerrit Cole UTIL Hayden Wesneski UTIL Jose Caballero UTIL Daulton Varsho UTIL Yainer Diaz UTIL Austin Wells,,,
414,5232327545,aumni (15/20),0,51.25,CPT Isaac Paredes UTIL Hayden Wesneski UTIL Ben Rice UTIL Luis Garcia Jr. UTIL Daulton Varsho UTIL Spencer Jones,,,
415,5231640217,Sammy.Boy (4/20),0,51.075,CPT Hayden Wesneski UTIL Gerrit Cole UTIL Yordan Alvarez UTIL Spencer Jones UTIL Taylor Trammell UTIL Austin Wells,,,
415,5231640232,Sammy.Boy (19/20),0,51.075,CPT Hayden Wesneski UTIL Gerrit Cole UTIL Yordan Alvarez UTIL Cam Smith UTIL Taylor Trammell UTIL Austin Wells,,,
415,5231976292,bposluszny (3/6),0,51.075,CPT Hayden Wesneski UTIL Gerrit Cole UTIL Yordan Alvarez UTIL Spencer Jones UTIL Taylor Trammell UTIL Austin Wells,,,
415,5232109289,MultipleWinGasms (15/20),0,51.075,CPT Hayden Wesneski UTIL Gerrit Cole UTIL Yordan Alvarez UTIL Cam Smith UTIL Taylor Trammell UTIL Austin Wells,,,
415,5232188844,austin60915 (15/20),0,51.075,CPT Hayden Wesneski UTIL Gerrit Cole UTIL Yordan Alvarez UTIL Spencer Jones UTIL Taylor Trammell UTIL Austin Wells,,,
415,5232232344,SpeedRacer101 (16/20),0,51.075,CPT Hayden Wesneski UTIL Gerrit Cole UTIL Yordan Alvarez UTIL Spencer Jones UTIL Taylor Trammell UTIL Austin Wells,,,
415,5232327541,aumni (11/20),0,51.075,CPT Hayden Wesneski UTIL Gerrit Cole UTIL Yordan Alvarez UTIL Spencer Jones UTIL Taylor Trammell UTIL Austin Wells,,,
422,5232185092,cdavis3200,0,51.05,CPT Gerrit Cole UTIL Ben Rice UTIL Jazz Chisholm Jr. UTIL Daulton Varsho UTIL Spencer Jones UTIL Taylor Trammell,,,
422,5232409341,jluoma69,0,51.05,CPT Gerrit Cole UTIL Ben Rice UTIL Jazz Chisholm Jr. UTIL Daulton Varsho UTIL Yainer Diaz UTIL Austin Wells,,,
422,5232453301,noobie89 (7/20),0,51.05,CPT Gerrit Cole UTIL Ben Rice UTIL Jazz Chisholm Jr. UTIL Daulton Varsho UTIL Yainer Diaz UTIL Austin Wells,,,
425,5232324191,deuce6078,0,51,CPT Ben Rice UTIL Yordan Alvarez UTIL Trent Grisham UTIL Christian Walker UTIL George Lombard Jr. UTIL Spencer Jones,,,
425,5232465560,stammr18,0,51,CPT Yordan Alvarez UTIL Jeremy Pena UTIL Jose Altuve UTIL Christian Walker UTIL Daulton Varsho UTIL Spencer Jones,,,
427,5232032007,the__moose,0,50.95,CPT Spencer Jones UTIL Gerrit Cole UTIL Hayden Wesneski UTIL Cody Bellinger UTIL George Lombard Jr. UTIL Daulton Varsho,,,
427,5232483797,georgeconfused (8/8),0,50.95,CPT George Lombard Jr. UTIL Gerrit Cole UTIL Hayden Wesneski UTIL Cody Bellinger UTIL Trent Grisham UTIL Austin Wells,,,
427,5232501898,TexasDig (15/20),0,50.95,CPT George Lombard Jr. UTIL Gerrit Cole UTIL Hayden Wesneski UTIL Cody Bellinger UTIL Jose Altuve UTIL Austin Wells,,,
430,5231950719,foutah (6/6),0,50.7,CPT Ben Rice UTIL Gerrit Cole UTIL Jazz Chisholm Jr. UTIL George Lombard Jr. UTIL Spencer Jones UTIL Cam Smith,,,
431,5232107191,gibsonboy87 (8/20),0,50.375,CPT Hayden Wesneski UTIL Luis Garcia Jr. UTIL Jose Altuve UTIL Isaac Paredes UTIL Daulton Varsho UTIL Yainer Diaz,,,
431,5232107195,gibsonboy87 (12/20),0,50.375,CPT Hayden Wesneski UTIL Yordan Alvarez UTIL Jose Altuve UTIL George Lombard Jr. UTIL Daulton Varsho UTIL Yainer Diaz,,,
431,5232458827,KenyanDrake (13/20),0,50.375,CPT Hayden Wesneski UTIL Yordan Alvarez UTIL Jose Altuve UTIL George Lombard Jr. UTIL Daulton Varsho UTIL Yainer Diaz,,,
431,5232491315,KelvinDubs (6/20),0,50.375,CPT Hayden Wesneski UTIL Trent Grisham UTIL Jose Altuve UTIL Isaac Paredes UTIL Daulton Varsho UTIL Yainer Diaz,,,
435,5232491329,KelvinDubs (20/20),0,50.25,CPT Yordan Alvarez UTIL Hayden Wesneski UTIL Jeremy Pena UTIL Daulton Varsho UTIL Yainer Diaz UTIL Spencer Jones,,,
436,5232329475,dbs68,0,50.075,CPT Hayden Wesneski UTIL Gerrit Cole UTIL Cody Bellinger UTIL Paul Goldschmidt UTIL Cam Smith UTIL Nelson Velazquez,,,
436,5232359584,Tbonesgolf57,0,50.075,CPT Hayden Wesneski UTIL Gerrit Cole UTIL Cody Bellinger UTIL LaMonte Wade Jr. UTIL Cam Smith UTIL Max Schuemann,,,
438,5232487739,joemannix101,0,50.05,CPT Gerrit Cole UTIL Yordan Alvarez UTIL Christian Walker UTIL Jose Caballero UTIL Spencer Jones UTIL Austin Wells,,,
439,5232054958,riceraider75,0,50,CPT Yordan Alvarez UTIL Jeremy Pena UTIL Jazz Chisholm Jr. UTIL Isaac Paredes UTIL Daulton Varsho UTIL Cam Smith,,,
439,5232343608,pipes22,0,50,CPT Luis Garcia Jr. UTIL Ben Rice UTIL Jeremy Pena UTIL Jazz Chisholm Jr. UTIL Daulton Varsho UTIL Yainer Diaz,,,
439,5232473802,bori68,0,50,CPT Yordan Alvarez UTIL Trent Grisham UTIL Isaac Paredes UTIL Christian Walker UTIL Jose Caballero UTIL George Lombard Jr.,,,
442,5232004215,Hotdogfatboy (3/4),0,49.95,CPT Cam Smith UTIL Gerrit Cole UTIL Hayden Wesneski UTIL Jazz Chisholm Jr. UTIL Jose Altuve UTIL Spencer Jones,,,
442,5232042289,Satch65 (11/20),0,49.95,CPT Spencer Jones UTIL Gerrit Cole UTIL Hayden Wesneski UTIL Jazz Chisholm Jr. UTIL Trent Grisham UTIL Austin Wells,,,
442,5232276363,wolfy313 (7/10),0,49.95,CPT Spencer Jones UTIL Gerrit Cole UTIL Hayden Wesneski UTIL Luis Garcia Jr. UTIL Jazz Chisholm Jr. UTIL Austin Wells,,,
442,5232478587,maty9495 (1/5),0,49.95,CPT Trent Grisham UTIL Gerrit Cole UTIL Hayden Wesneski UTIL Jazz Chisholm Jr. UTIL Spencer Jones UTIL Austin Wells,,,
446,5232101565,belowzir0,0,49.7,CPT Ben Rice UTIL Gerrit Cole UTIL Cody Bellinger UTIL Jazz Chisholm Jr. UTIL Taylor Trammell UTIL Austin Wells,,,
446,5232233458,welak21 (11/20),0,49.7,CPT Spencer Jones UTIL Gerrit Cole UTIL Cody Bellinger UTIL Jazz Chisholm Jr. UTIL Isaac Paredes UTIL George Lombard Jr.,,,
448,5232327543,aumni (13/20),0,49.45,CPT Taylor Trammell UTIL Gerrit Cole UTIL Hayden Wesneski UTIL Trent Grisham UTIL Isaac Paredes UTIL Spencer Jones,,,
449,5232327539,aumni (9/20),0,49.375,CPT Hayden Wesneski UTIL Yordan Alvarez UTIL Cody Bellinger UTIL Daulton Varsho UTIL Yainer Diaz UTIL Taylor Trammell,,,
450,5232032428,JcClark18 (12/15),0,49.3,CPT Gerrit Cole UTIL Hayden Wesneski UTIL Trent Grisham UTIL George Lombard Jr. UTIL Cam Smith UTIL Austin Wells,,,
450,5232032792,Thirtywater,0,49.3,CPT Gerrit Cole UTIL Hayden Wesneski UTIL Jose Altuve UTIL George Lombard Jr. UTIL Spencer Jones UTIL Austin Wells,,,
450,5232042294,Satch65 (16/20),0,49.3,CPT Gerrit Cole UTIL Hayden Wesneski UTIL Trent Grisham UTIL George Lombard Jr. UTIL Cam Smith UTIL Austin Wells,,,
450,5232070136,rsumrall (5/10),0,49.3,CPT Gerrit Cole UTIL Hayden Wesneski UTIL Jose Altuve UTIL George Lombard Jr. UTIL Spencer Jones UTIL Austin Wells,,,
450,5232072928,mythicalrhymer01 (5/5),0,49.3,CPT Gerrit Cole UTIL Hayden Wesneski UTIL Luis Garcia Jr. UTIL George Lombard Jr. UTIL Austin Wells UTIL David Bednar,,,
450,5232120620,blazer1sd,0,49.3,CPT Gerrit Cole UTIL Hayden Wesneski UTIL Jose Altuve UTIL George Lombard Jr. UTIL Spencer Jones UTIL Austin Wells,,,
450,5232237040,madden710,0,49.3,CPT Gerrit Cole UTIL Hayden Wesneski UTIL Cody Bellinger UTIL Daulton Varsho UTIL Cam Smith UTIL Austin Wells,,,
450,5232428122,KenyanDrake (1/20),0,49.3,CPT Gerrit Cole UTIL Hayden Wesneski UTIL Jose Altuve UTIL George Lombard Jr. UTIL Spencer Jones UTIL Austin Wells,,,
450,5232438762,lawyerr_2 (1/2),0,49.3,CPT Gerrit Cole UTIL Hayden Wesneski UTIL Jose Altuve UTIL George Lombard Jr. UTIL Spencer Jones UTIL Austin Wells,,,
450,5232438793,lawyerr_2 (2/2),0,49.3,CPT Gerrit Cole UTIL Hayden Wesneski UTIL Jose Altuve UTIL George Lombard Jr. UTIL Spencer Jones UTIL Austin Wells,,,
450,5232488579,lonerangerjackers (1/4),0,49.3,CPT Gerrit Cole UTIL Hayden Wesneski UTIL Cody Bellinger UTIL Daulton Varsho UTIL Cam Smith UTIL Austin Wells,,,
461,5232188838,austin60915 (9/20),0,49.25,CPT Yordan Alvarez UTIL Hayden Wesneski UTIL Jeremy Pena UTIL Jose Caballero UTIL Cam Smith UTIL Taylor Trammell,,,
462,5232233070,jsh1122 (17/20),0,49.2,CPT Jazz Chisholm Jr. UTIL Gerrit Cole UTIL Cody Bellinger UTIL Trent Grisham UTIL Isaac Paredes UTIL Austin Wells,,,
463,5232214943,RollTideForLife (12/20),0,49.075,CPT Hayden Wesneski UTIL Gerrit Cole UTIL Jose Altuve UTIL Yainer Diaz UTIL Spencer Jones UTIL Cam Smith,,,
463,5232343775,pat_the_hat2 (4/11),0,49.075,CPT Hayden Wesneski UTIL Gerrit Cole UTIL Trent Grisham UTIL Jose Altuve UTIL Taylor Trammell UTIL Austin Wells,,,
463,5232429743,Guero8821 (2/2),0,49.075,CPT Hayden Wesneski UTIL Gerrit Cole UTIL Luis Garcia Jr. UTIL Spencer Jones UTIL Cam Smith UTIL Taylor Trammell,,,
466,5231767431,bazzle1968 (1/3),0,49.05,CPT Gerrit Cole UTIL Cody Bellinger UTIL Jazz Chisholm Jr. UTIL George Lombard Jr. UTIL Spencer Jones UTIL Taylor Trammell,,,
466,5231991933,Caryg07 (17/20),0,49.05,CPT Gerrit Cole UTIL Luis Garcia Jr. UTIL Cody Bellinger UTIL Christian Walker UTIL Spencer Jones UTIL Austin Wells,,,
466,5232042292,Satch65 (14/20),0,49.05,CPT Gerrit Cole UTIL Yordan Alvarez UTIL Jazz Chisholm Jr. UTIL Isaac Paredes UTIL Taylor Trammell UTIL Austin Wells,,,
466,5232079818,groikula,0,49.05,CPT Gerrit Cole UTIL Cody Bellinger UTIL Jazz Chisholm Jr. UTIL George Lombard Jr. UTIL Spencer Jones UTIL Taylor Trammell,,,
466,5232233460,welak21 (13/20),0,49.05,CPT Gerrit Cole UTIL Jeremy Pena UTIL Cody Bellinger UTIL George Lombard Jr. UTIL Spencer Jones UTIL Austin Wells,,,
466,5232241151,kbrisacher (9/20),0,49.05,CPT Gerrit Cole UTIL Luis Garcia Jr. UTIL Cody Bellinger UTIL Christian Walker UTIL Spencer Jones UTIL Austin Wells,,,
466,5232381802,buonomckay,0,49.05,CPT Gerrit Cole UTIL Luis Garcia Jr. UTIL Cody Bellinger UTIL Christian Walker UTIL Spencer Jones UTIL Austin Wells,,,
466,5232450805,ballgame1881 (1/15),0,49.05,CPT Gerrit Cole UTIL Cody Bellinger UTIL Jazz Chisholm Jr. UTIL George Lombard Jr. UTIL Yainer Diaz UTIL Cam Smith,,,
466,5232451017,ballgame1881 (2/15),0,49.05,CPT Gerrit Cole UTIL Luis Garcia Jr. UTIL Jeremy Pena UTIL George Lombard Jr. UTIL Daulton Varsho UTIL Austin Wells,,,
475,5232467371,islandjim (2/7),0,49,CPT Isaac Paredes UTIL Yordan Alvarez UTIL Ben Rice UTIL Jeremy Pena UTIL Daulton Varsho UTIL Spencer Jones,,,
476,5231985443,jpm_joshua2002,0,48.95,CPT George Lombard Jr. UTIL Gerrit Cole UTIL Hayden Wesneski UTIL Yordan Alvarez UTIL Spencer Jones UTIL Austin Wells,,,
476,5231987830,joe_mac10,0,48.95,CPT George Lombard Jr. UTIL Gerrit Cole UTIL Hayden Wesneski UTIL Yordan Alvarez UTIL Spencer Jones UTIL Austin Wells,,,
476,5232033970,EPSON14,0,48.95,CPT Cody Bellinger UTIL Gerrit Cole UTIL Hayden Wesneski UTIL George Lombard Jr. UTIL Spencer Jones UTIL Cam Smith,,,
476,5232042280,Satch65 (2/20),0,48.95,CPT Austin Wells UTIL Gerrit Cole UTIL Hayden Wesneski UTIL Ben Rice UTIL Trent Grisham UTIL Daulton Varsho,,,
476,5232309516,LALA420,0,48.95,CPT Cody Bellinger UTIL Gerrit Cole UTIL Hayden Wesneski UTIL George Lombard Jr. UTIL Spencer Jones UTIL Cam Smith,,,
481,5232107198,gibsonboy87 (15/20),0,48.375,CPT Hayden Wesneski UTIL Yordan Alvarez UTIL Jose Altuve UTIL Isaac Paredes UTIL Yainer Diaz UTIL Austin Wells,,,
481,5232270588,jlafontaine22 (2/2),0,48.375,CPT Hayden Wesneski UTIL Yordan Alvarez UTIL Jose Altuve UTIL Isaac Paredes UTIL Jose Caballero UTIL Austin Wells,,,
483,5231642160,charleso83 (1/2),0,48.3,CPT Gerrit Cole UTIL Hayden Wesneski UTIL Cody Bellinger UTIL Yainer Diaz UTIL Spencer Jones UTIL Austin Wells,,,
483,5231760277,terryf20,0,48.3,CPT Gerrit Cole UTIL Hayden Wesneski UTIL Cody Bellinger UTIL Yainer Diaz UTIL Spencer Jones UTIL Austin Wells,,,
483,5231767443,bazzle1968 (2/3),0,48.3,CPT Gerrit Cole UTIL Hayden Wesneski UTIL Luis Garcia Jr. UTIL Daulton Varsho UTIL Taylor Trammell UTIL Austin Wells,,,
483,5231957134,Grit7880 (1/3),0,48.3,CPT Gerrit Cole UTIL Hayden Wesneski UTIL Daulton Varsho UTIL Yainer Diaz UTIL Spencer Jones UTIL Austin Wells,,,
483,5232023504,LOCNOTM (9/20),0,48.3,CPT Gerrit Cole UTIL Hayden Wesneski UTIL Trent Grisham UTIL Daulton Varsho UTIL Taylor Trammell UTIL Austin Wells,,,
483,5232023509,LOCNOTM (14/20),0,48.3,CPT Gerrit Cole UTIL Hayden Wesneski UTIL Cody Bellinger UTIL Spencer Jones UTIL Taylor Trammell UTIL Austin Wells,,,
483,5232042297,Satch65 (19/20),0,48.3,CPT Gerrit Cole UTIL Hayden Wesneski UTIL Jose Altuve UTIL Daulton Varsho UTIL Yainer Diaz UTIL Austin Wells,,,
483,5232077255,jtcorndog (2/2),0,48.3,CPT Gerrit Cole UTIL Hayden Wesneski UTIL Cody Bellinger UTIL Yainer Diaz UTIL Spencer Jones UTIL Austin Wells,,,
483,5232109278,MultipleWinGasms (4/20),0,48.3,CPT Gerrit Cole UTIL Hayden Wesneski UTIL Luis Garcia Jr. UTIL Daulton Varsho UTIL Taylor Trammell UTIL Austin Wells,,,
483,5232130662,FoxyGrandpa252 (13/20),0,48.3,CPT Gerrit Cole UTIL Hayden Wesneski UTIL Jose Altuve UTIL Daulton Varsho UTIL Yainer Diaz UTIL Austin Wells,,,
483,5232288283,jbfones (1/4),0,48.3,CPT Gerrit Cole UTIL Hayden Wesneski UTIL Cody Bellinger UTIL Yainer Diaz UTIL Spencer Jones UTIL Austin Wells,,,
483,5232369711,fall54,0,48.3,CPT Gerrit Cole UTIL Hayden Wesneski UTIL Cody Bellinger UTIL Yainer Diaz UTIL Spencer Jones UTIL Austin Wells,,,
483,5232415820,ZVIYI,0,48.3,CPT Gerrit Cole UTIL Hayden Wesneski UTIL Cody Bellinger UTIL Yainer Diaz UTIL Spencer Jones UTIL Austin Wells,,,
483,5232429718,coltz88 (2/2),0,48.3,CPT Gerrit Cole UTIL Hayden Wesneski UTIL Cody Bellinger UTIL Yainer Diaz UTIL Spencer Jones UTIL Austin Wells,,,
483,5232455484,vetterunner (2/5),0,48.3,CPT Gerrit Cole UTIL Hayden Wesneski UTIL Luis Garcia Jr. UTIL Daulton Varsho UTIL Taylor Trammell UTIL Austin Wells,,,
483,5232488945,maty9495 (4/5),0,48.3,CPT Gerrit Cole UTIL Hayden Wesneski UTIL Daulton Varsho UTIL Yainer Diaz UTIL Spencer Jones UTIL Austin Wells,,,
499,5232233071,jsh1122 (18/20),0,48.25,CPT Daulton Varsho UTIL Hayden Wesneski UTIL Yordan Alvarez UTIL Jeremy Pena UTIL Trent Grisham UTIL Cam Smith,,,
499,5232327548,aumni (18/20),0,48.25,CPT Yordan Alvarez UTIL Hayden Wesneski UTIL Cody Bellinger UTIL Jazz Chisholm Jr. UTIL Daulton Varsho UTIL Austin Wells,,,
501,5232233448,welak21 (1/20),0,48.2,CPT Jazz Chisholm Jr. UTIL Gerrit Cole UTIL Ben Rice UTIL Trent Grisham UTIL Spencer Jones UTIL Taylor Trammell,,,
502,5232214933,RollTideForLife (2/20),0,48.05,CPT Gerrit Cole UTIL Luis Garcia Jr. UTIL Christian Walker UTIL Jose Caballero UTIL Spencer Jones UTIL Cam Smith,,,
502,5232232331,SpeedRacer101 (3/20),0,48.05,CPT Gerrit Cole UTIL Ben Rice UTIL Jazz Chisholm Jr. UTIL Daulton Varsho UTIL Spencer Jones UTIL Austin Wells,,,
502,5232233452,welak21 (5/20),0,48.05,CPT Gerrit Cole UTIL Jazz Chisholm Jr. UTIL Jose Caballero UTIL George Lombard Jr. UTIL Spencer Jones UTIL Taylor Trammell,,,
502,5232254614,JoeNY07 (1/7),0,48.05,CPT Gerrit Cole UTIL Jeremy Pena UTIL Jose Altuve UTIL Jose Caballero UTIL George Lombard Jr. UTIL Austin Wells,,,
502,5232427286,ChrisDet (1/9),0,48.05,CPT Gerrit Cole UTIL Ben Rice UTIL Jazz Chisholm Jr. UTIL Daulton Varsho UTIL Spencer Jones UTIL Austin Wells,,,
502,5232427313,ChrisDet (2/9),0,48.05,CPT Gerrit Cole UTIL Ben Rice UTIL Jazz Chisholm Jr. UTIL Daulton Varsho UTIL Spencer Jones UTIL Austin Wells,,,
502,5232427317,ChrisDet (3/9),0,48.05,CPT Gerrit Cole UTIL Ben Rice UTIL Jazz Chisholm Jr. UTIL Daulton Varsho UTIL Spencer Jones UTIL Austin Wells,,,
502,5232427323,ChrisDet (4/9),0,48.05,CPT Gerrit Cole UTIL Ben Rice UTIL Jazz Chisholm Jr. UTIL Daulton Varsho UTIL Spencer Jones UTIL Austin Wells,,,
502,5232427326,ChrisDet (5/9),0,48.05,CPT Gerrit Cole UTIL Ben Rice UTIL Jazz Chisholm Jr. UTIL Daulton Varsho UTIL Spencer Jones UTIL Austin Wells,,,
502,5232427328,ChrisDet (6/9),0,48.05,CPT Gerrit Cole UTIL Ben Rice UTIL Jazz Chisholm Jr. UTIL Daulton Varsho UTIL Spencer Jones UTIL Austin Wells,,,
502,5232427331,ChrisDet (7/9),0,48.05,CPT Gerrit Cole UTIL Ben Rice UTIL Jazz Chisholm Jr. UTIL Daulton Varsho UTIL Spencer Jones UTIL Austin Wells,,,
502,5232427335,ChrisDet (8/9),0,48.05,CPT Gerrit Cole UTIL Ben Rice UTIL Jazz Chisholm Jr. UTIL Daulton Varsho UTIL Spencer Jones UTIL Austin Wells,,,
502,5232431785,ChrisDet (9/9),0,48.05,CPT Gerrit Cole UTIL Ben Rice UTIL Jazz Chisholm Jr. UTIL Daulton Varsho UTIL Spencer Jones UTIL Austin Wells,,,
502,5232453375,noobie89 (11/20),0,48.05,CPT Gerrit Cole UTIL Ben Rice UTIL Jazz Chisholm Jr. UTIL Daulton Varsho UTIL Spencer Jones UTIL Austin Wells,,,
516,5232327542,aumni (12/20),0,47.95,CPT Cam Smith UTIL Gerrit Cole UTIL Hayden Wesneski UTIL Yordan Alvarez UTIL George Lombard Jr. UTIL Taylor Trammell,,,
516,5232344056,jonsierak (3/5),0,47.95,CPT Daulton Varsho UTIL Gerrit Cole UTIL Hayden Wesneski UTIL Cody Bellinger UTIL Yainer Diaz UTIL Spencer Jones,,,
518,5232328207,snaytricia,0,47.7,CPT Spencer Jones UTIL Gerrit Cole UTIL Jeremy Pena UTIL Cody Bellinger UTIL Isaac Paredes UTIL Jose Caballero,,,
519,5232504659,derekburrell (2/2),0,47.375,CPT Hayden Wesneski UTIL Cody Bellinger UTIL Trent Grisham UTIL Jose Altuve UTIL Isaac Paredes UTIL Austin Wells,,,
520,5232023511,LOCNOTM (16/20),0,47.3,CPT Gerrit Cole UTIL Hayden Wesneski UTIL Trent Grisham UTIL Jose Caballero UTIL Taylor Trammell UTIL Austin Wells,,,
520,5232188837,austin60915 (8/20),0,47.3,CPT Gerrit Cole UTIL Hayden Wesneski UTIL Trent Grisham UTIL Jose Caballero UTIL Taylor Trammell UTIL David Bednar,,,
520,5232237554,Captgrif,0,47.3,CPT Gerrit Cole UTIL Hayden Wesneski UTIL Jose Caballero UTIL Yainer Diaz UTIL Spencer Jones UTIL Cam Smith,,,
520,5232327537,aumni (7/20),0,47.3,CPT Gerrit Cole UTIL Hayden Wesneski UTIL Jose Caballero UTIL Yainer Diaz UTIL Spencer Jones UTIL Cam Smith,,,
520,5232476347,markobrien67,0,47.3,CPT Gerrit Cole UTIL Hayden Wesneski UTIL Jose Caballero UTIL Yainer Diaz UTIL Spencer Jones UTIL Cam Smith,,,
525,5231988191,mikeg7179lsu,0,47.25,CPT Yordan Alvarez UTIL Hayden Wesneski UTIL Jeremy Pena UTIL Jose Altuve UTIL Daulton Varsho UTIL Austin Wells,,,
526,5232116005,khill111111,0,47.2,CPT Jazz Chisholm Jr. UTIL Gerrit Cole UTIL Luis Garcia Jr. UTIL George Lombard Jr. UTIL Daulton Varsho UTIL Spencer Jones,,,
527,5232032431,JcClark18 (15/15),0,47.05,CPT Gerrit Cole UTIL Ben Rice UTIL Jazz Chisholm Jr. UTIL Jose Caballero UTIL Cam Smith UTIL Austin Wells,,,
527,5232046204,gwatts77 (5/20),0,47.05,CPT Gerrit Cole UTIL Ben Rice UTIL Jazz Chisholm Jr. UTIL Trent Grisham UTIL Taylor Trammell UTIL Austin Wells,,,
527,5232078351,kurtisgant,0,47.05,CPT Gerrit Cole UTIL Ben Rice UTIL Jazz Chisholm Jr. UTIL Trent Grisham UTIL Taylor Trammell UTIL Austin Wells,,,
527,5232232347,SpeedRacer101 (19/20),0,47.05,CPT Gerrit Cole UTIL Ben Rice UTIL Jazz Chisholm Jr. UTIL Trent Grisham UTIL Taylor Trammell UTIL Austin Wells,,,
527,5232233054,jsh1122 (1/20),0,47.05,CPT Gerrit Cole UTIL Ben Rice UTIL Jazz Chisholm Jr. UTIL Trent Grisham UTIL Taylor Trammell UTIL Austin Wells,,,
527,5232233464,welak21 (17/20),0,47.05,CPT Gerrit Cole UTIL Ben Rice UTIL Isaac Paredes UTIL George Lombard Jr. UTIL Spencer Jones UTIL Austin Wells,,,
527,5232315896,1yooper1,0,47.05,CPT Gerrit Cole UTIL Ben Rice UTIL Jazz Chisholm Jr. UTIL Trent Grisham UTIL Taylor Trammell UTIL Austin Wells,,,
527,5232365412,MaddHatter916,0,47.05,CPT Gerrit Cole UTIL Ben Rice UTIL Jazz Chisholm Jr. UTIL Trent Grisham UTIL Taylor Trammell UTIL Austin Wells,,,
527,5232491918,shockermudsports,0,47.05,CPT Gerrit Cole UTIL Ben Rice UTIL Jazz Chisholm Jr. UTIL Trent Grisham UTIL Taylor Trammell UTIL Austin Wells,,,
536,5231951218,myron17,0,47,CPT Ben Rice UTIL Cody Bellinger UTIL Jazz Chisholm Jr. UTIL Jose Altuve UTIL Isaac Paredes UTIL Yainer Diaz,,,
536,5232448153,inthemoney3,0,47,CPT Ben Rice UTIL Yordan Alvarez UTIL Jazz Chisholm Jr. UTIL George Lombard Jr. UTIL Daulton Varsho UTIL Yainer Diaz,,,
536,5232472206,tinman1967,0,47,CPT Cody Bellinger UTIL Yordan Alvarez UTIL Jeremy Pena UTIL Isaac Paredes UTIL Jose Caballero UTIL George Lombard Jr.,,,
536,5232491778,lonerangerjackers (3/4),0,47,CPT Ben Rice UTIL Luis Garcia Jr. UTIL Cody Bellinger UTIL Jazz Chisholm Jr. UTIL Isaac Paredes UTIL Taylor Trammell,,,
540,5232233465,welak21 (18/20),0,46.7,CPT Cody Bellinger UTIL Gerrit Cole UTIL Ben Rice UTIL Jazz Chisholm Jr. UTIL Taylor Trammell UTIL Austin Wells,,,
540,5232420582,anthony_sr (9/10),0,46.7,CPT Cody Bellinger UTIL Gerrit Cole UTIL Ben Rice UTIL Jazz Chisholm Jr. UTIL Taylor Trammell UTIL Austin Wells,,,
540,5232499852,eng32_eric (2/3),0,46.7,CPT Cody Bellinger UTIL Gerrit Cole UTIL Jazz Chisholm Jr. UTIL Isaac Paredes UTIL Spencer Jones UTIL Taylor Trammell,,,
543,5232435998,Sandman2442 (1/8),0,46.3,CPT Gerrit Cole UTIL Hayden Wesneski UTIL Yordan Alvarez UTIL Cam Smith UTIL Taylor Trammell UTIL Austin Wells,,,
543,5232436664,D_MAGS,0,46.3,CPT Gerrit Cole UTIL Hayden Wesneski UTIL Yordan Alvarez UTIL Cam Smith UTIL Taylor Trammell UTIL Austin Wells,,,
545,5232397869,kellydjk (1/6),0,46.25,CPT Yordan Alvarez UTIL Hayden Wesneski UTIL Cody Bellinger UTIL Isaac Paredes UTIL Daulton Varsho UTIL Taylor Trammell,,,
546,5232003319,rlwestjr (2/2),0,46.075,CPT Hayden Wesneski UTIL Gerrit Cole UTIL Luis Garcia Jr. UTIL Spencer Jones UTIL Cam Smith UTIL Austin Wells,,,
547,5232042281,Satch65 (3/20),0,46.05,CPT Gerrit Cole UTIL Luis Garcia Jr. UTIL Jazz Chisholm Jr. UTIL George Lombard Jr. UTIL Daulton Varsho UTIL Austin Wells,,,
547,5232232345,SpeedRacer101 (17/20),0,46.05,CPT Gerrit Cole UTIL Luis Garcia Jr. UTIL Jazz Chisholm Jr. UTIL George Lombard Jr. UTIL Daulton Varsho UTIL Austin Wells,,,
549,5232125835,blueshift16 (1/2),0,45.95,CPT Daulton Varsho UTIL Gerrit Cole UTIL Hayden Wesneski UTIL Yordan Alvarez UTIL Yainer Diaz UTIL Austin Wells,,,
549,5232214949,RollTideForLife (18/20),0,45.95,CPT Luis Garcia Jr. UTIL Gerrit Cole UTIL Hayden Wesneski UTIL George Lombard Jr. UTIL Yainer Diaz UTIL Austin Wells,,,
551,5232003318,rlwestjr (1/2),0,45.7,CPT Ben Rice UTIL Gerrit Cole UTIL Luis Garcia Jr. UTIL Jazz Chisholm Jr. UTIL Taylor Trammell UTIL Austin Wells,,,
551,5232004214,Hotdogfatboy (2/4),0,45.7,CPT Ben Rice UTIL Gerrit Cole UTIL Luis Garcia Jr. UTIL Jazz Chisholm Jr. UTIL Taylor Trammell UTIL Austin Wells,,,
551,5232075420,rodh73,0,45.7,CPT Daulton Varsho UTIL Gerrit Cole UTIL Cody Bellinger UTIL Jazz Chisholm Jr. UTIL Jose Altuve UTIL George Lombard Jr.,,,
551,5232098667,paco52,0,45.7,CPT Ben Rice UTIL Gerrit Cole UTIL Jazz Chisholm Jr. UTIL Jose Altuve UTIL Yainer Diaz UTIL Austin Wells,,,
551,5232303734,Rikoli15,0,45.7,CPT Ben Rice UTIL Gerrit Cole UTIL Isaac Paredes UTIL Paul Goldschmidt UTIL George Lombard Jr. UTIL Amed Rosario,,,
551,5232474156,flydol1876 (4/10),0,45.7,CPT Luis Garcia Jr. UTIL Gerrit Cole UTIL Jeremy Pena UTIL Jazz Chisholm Jr. UTIL Spencer Jones UTIL Austin Wells,,,
551,5232503129,Uvafan100 (1/2),0,45.7,CPT Ben Rice UTIL Gerrit Cole UTIL Jeremy Pena UTIL Trent Grisham UTIL Cam Smith UTIL Austin Wells,,,
558,5232501902,TexasDig (19/20),0,45.45,CPT Taylor Trammell UTIL Gerrit Cole UTIL Hayden Wesneski UTIL Yordan Alvarez UTIL Cody Bellinger UTIL Austin Wells,,,
559,5232107199,gibsonboy87 (16/20),0,45.375,CPT Hayden Wesneski UTIL Yordan Alvarez UTIL Jose Altuve UTIL Isaac Paredes UTIL Spencer Jones UTIL Cam Smith,,,
559,5232453315,bohica5581,0,45.375,CPT Hayden Wesneski UTIL Yordan Alvarez UTIL Ben Rice UTIL Jose Altuve UTIL Cam Smith UTIL Austin Wells,,,
561,5231685639,nickenyon6,0,45.3,CPT Gerrit Cole UTIL Hayden Wesneski UTIL Trent Grisham UTIL Daulton Varsho UTIL Spencer Jones UTIL Austin Wells,,,
561,5231924266,bcarbaugh,0,45.3,CPT Gerrit Cole UTIL Hayden Wesneski UTIL Trent Grisham UTIL Daulton Varsho UTIL Spencer Jones UTIL Austin Wells,,,
561,5231934747,rajonrondough,0,45.3,CPT Gerrit Cole UTIL Hayden Wesneski UTIL Trent Grisham UTIL Daulton Varsho UTIL Spencer Jones UTIL Austin Wells,,,
561,5232023496,LOCNOTM (1/20),0,45.3,CPT Gerrit Cole UTIL Hayden Wesneski UTIL Cody Bellinger UTIL Spencer Jones UTIL Cam Smith UTIL Austin Wells,,,
561,5232023498,LOCNOTM (3/20),0,45.3,CPT Gerrit Cole UTIL Hayden Wesneski UTIL Jose Altuve UTIL Daulton Varsho UTIL Spencer Jones UTIL Austin Wells,,,
561,5232109282,MultipleWinGasms (8/20),0,45.3,CPT Gerrit Cole UTIL Hayden Wesneski UTIL Trent Grisham UTIL Daulton Varsho UTIL Spencer Jones UTIL Austin Wells,,,
561,5232154238,TY54321 (2/11),0,45.3,CPT Gerrit Cole UTIL Hayden Wesneski UTIL Trent Grisham UTIL Daulton Varsho UTIL Spencer Jones UTIL Austin Wells,,,
561,5232156005,DeadPresidents,0,45.3,CPT Gerrit Cole UTIL Hayden Wesneski UTIL Trent Grisham UTIL Daulton Varsho UTIL Spencer Jones UTIL Austin Wells,,,
561,5232188834,austin60915 (5/20),0,45.3,CPT Gerrit Cole UTIL Hayden Wesneski UTIL Cody Bellinger UTIL Spencer Jones UTIL Cam Smith UTIL Bryan Abreu,,,
561,5232188836,austin60915 (7/20),0,45.3,CPT Gerrit Cole UTIL Hayden Wesneski UTIL Luis Garcia Jr. UTIL Daulton Varsho UTIL Austin Wells UTIL Brent Headrick,,,
561,5232220821,CarolinaCam88,0,45.3,CPT Gerrit Cole UTIL Hayden Wesneski UTIL Trent Grisham UTIL Daulton Varsho UTIL Spencer Jones UTIL Austin Wells,,,
561,5232300320,MRMB,0,45.3,CPT Gerrit Cole UTIL Hayden Wesneski UTIL Trent Grisham UTIL Daulton Varsho UTIL Spencer Jones UTIL Austin Wells,,,
561,5232325471,Booshea,0,45.3,CPT Gerrit Cole UTIL Hayden Wesneski UTIL Trent Grisham UTIL Daulton Varsho UTIL Spencer Jones UTIL Austin Wells,,,
561,5232363912,BauceSauce,0,45.3,CPT Gerrit Cole UTIL Hayden Wesneski UTIL Trent Grisham UTIL Daulton Varsho UTIL Spencer Jones UTIL Austin Wells,,,
561,5232365869,mrnorrad,0,45.3,CPT Gerrit Cole UTIL Hayden Wesneski UTIL Trent Grisham UTIL Daulton Varsho UTIL Spencer Jones UTIL Austin Wells,,,
561,5232365932,okelly36 (1/2),0,45.3,CPT Gerrit Cole UTIL Hayden Wesneski UTIL Trent Grisham UTIL Daulton Varsho UTIL Spencer Jones UTIL Austin Wells,,,
561,5232432765,Dirtygoogan,0,45.3,CPT Gerrit Cole UTIL Hayden Wesneski UTIL Jose Altuve UTIL Daulton Varsho UTIL Spencer Jones UTIL Austin Wells,,,
561,5232459372,KenyanDrake (15/20),0,45.3,CPT Gerrit Cole UTIL Hayden Wesneski UTIL Trent Grisham UTIL Daulton Varsho UTIL Spencer Jones UTIL Austin Wells,,,
561,5232467077,xXxPLOSIVE (1/4),0,45.3,CPT Gerrit Cole UTIL Hayden Wesneski UTIL Trent Grisham UTIL Daulton Varsho UTIL Spencer Jones UTIL Austin Wells,,,
561,5232474258,jreigle81,0,45.3,CPT Gerrit Cole UTIL Hayden Wesneski UTIL Trent Grisham UTIL Daulton Varsho UTIL Spencer Jones UTIL Austin Wells,,,
561,5232484427,LadyNoLuck,0,45.3,CPT Gerrit Cole UTIL Hayden Wesneski UTIL Trent Grisham UTIL Daulton Varsho UTIL Spencer Jones UTIL Austin Wells,,,
561,5232488088,fluhlk,0,45.3,CPT Gerrit Cole UTIL Hayden Wesneski UTIL Trent Grisham UTIL Daulton Varsho UTIL Spencer Jones UTIL Austin Wells,,,
561,5232491314,KelvinDubs (5/20),0,45.3,CPT Gerrit Cole UTIL Hayden Wesneski UTIL Trent Grisham UTIL Daulton Varsho UTIL Spencer Jones UTIL Austin Wells,,,
561,5232499846,eng32_eric (1/3),0,45.3,CPT Gerrit Cole UTIL Hayden Wesneski UTIL Trent Grisham UTIL Daulton Varsho UTIL Spencer Jones UTIL Austin Wells,,,
561,5232502321,ammnj,0,45.3,CPT Gerrit Cole UTIL Hayden Wesneski UTIL Jose Altuve UTIL Daulton Varsho UTIL Spencer Jones UTIL Austin Wells,,,
561,5232502760,Wineternal (1/2),0,45.3,CPT Gerrit Cole UTIL Hayden Wesneski UTIL Jose Altuve UTIL Daulton Varsho UTIL Spencer Jones UTIL Austin Wells,,,
587,5232032427,JcClark18 (11/15),0,45.25,CPT Jose Altuve UTIL Hayden Wesneski UTIL Yordan Alvarez UTIL Isaac Paredes UTIL George Lombard Jr. UTIL Yainer Diaz,,,
587,5232429352,armydave72,0,45.25,CPT Ben Rice UTIL Hayden Wesneski UTIL Yordan Alvarez UTIL Jose Caballero UTIL Spencer Jones UTIL Taylor Trammell,,,
589,5231642161,charleso83 (2/2),0,45.2,CPT Jazz Chisholm Jr. UTIL Gerrit Cole UTIL Luis Garcia Jr. UTIL Jose Caballero UTIL Daulton Varsho UTIL Yainer Diaz,,,
589,5232135806,dewnc,0,45.2,CPT Jazz Chisholm Jr. UTIL Gerrit Cole UTIL Cody Bellinger UTIL Jose Caballero UTIL Yainer Diaz UTIL Spencer Jones,,,
589,5232487257,jomo1313 (1/2),0,45.2,CPT Jazz Chisholm Jr. UTIL Gerrit Cole UTIL Ben Rice UTIL Luis Garcia Jr. UTIL Cam Smith UTIL Austin Wells,,,
592,5231866744,kingthurl (1/5),0,45.05,CPT Gerrit Cole UTIL Jeremy Pena UTIL Cody Bellinger UTIL Daulton Varsho UTIL Spencer Jones UTIL Cam Smith,,,
592,5231991930,Caryg07 (14/20),0,45.05,CPT Gerrit Cole UTIL Jazz Chisholm Jr. UTIL Trent Grisham UTIL George Lombard Jr. UTIL Yainer Diaz UTIL Spencer Jones,,,
592,5231991932,Caryg07 (16/20),0,45.05,CPT Gerrit Cole UTIL Luis Garcia Jr. UTIL Jeremy Pena UTIL George Lombard Jr. UTIL Spencer Jones UTIL Austin Wells,,,
592,5232032425,JcClark18 (9/15),0,45.05,CPT Gerrit Cole UTIL Luis Garcia Jr. UTIL Jazz Chisholm Jr. UTIL George Lombard Jr. UTIL Spencer Jones UTIL Taylor Trammell,,,
592,5232042282,Satch65 (4/20),0,45.05,CPT Gerrit Cole UTIL Jazz Chisholm Jr. UTIL Trent Grisham UTIL George Lombard Jr. UTIL Yainer Diaz UTIL Spencer Jones,,,
592,5232046214,gwatts77 (15/20),0,45.05,CPT Gerrit Cole UTIL Luis Garcia Jr. UTIL Trent Grisham UTIL Christian Walker UTIL Spencer Jones UTIL Austin Wells,,,
592,5232064134,Kool198,0,45.05,CPT Gerrit Cole UTIL Luis Garcia Jr. UTIL Jeremy Pena UTIL George Lombard Jr. UTIL Spencer Jones UTIL Austin Wells,,,
592,5232453111,noobie89 (6/20),0,45.05,CPT Gerrit Cole UTIL Cody Bellinger UTIL Jazz Chisholm Jr. UTIL Daulton Varsho UTIL Yainer Diaz UTIL Austin Wells,,,
592,5232491317,KelvinDubs (8/20),0,45.05,CPT Gerrit Cole UTIL Jazz Chisholm Jr. UTIL Trent Grisham UTIL George Lombard Jr. UTIL Yainer Diaz UTIL Spencer Jones,,,
592,5232491323,KelvinDubs (14/20),0,45.05,CPT Gerrit Cole UTIL Luis Garcia Jr. UTIL Trent Grisham UTIL Christian Walker UTIL Spencer Jones UTIL Austin Wells,,,
602,5231994591,LukeMonceaux,0,44.95,CPT Yordan Alvarez UTIL Gerrit Cole UTIL Hayden Wesneski UTIL Daulton Varsho UTIL Taylor Trammell UTIL Austin Wells,,,
602,5232254148,beaner1966 (1/2),0,44.95,CPT Trent Grisham UTIL Gerrit Cole UTIL Hayden Wesneski UTIL Isaac Paredes UTIL Spencer Jones UTIL Austin Wells,,,
602,5232276366,wolfy313 (10/10),0,44.95,CPT Yordan Alvarez UTIL Gerrit Cole UTIL Hayden Wesneski UTIL Daulton Varsho UTIL Taylor Trammell UTIL Austin Wells,,,
602,5232380482,MrMetz77,0,44.95,CPT Yordan Alvarez UTIL Gerrit Cole UTIL Hayden Wesneski UTIL Daulton Varsho UTIL Taylor Trammell UTIL Austin Wells,,,
602,5232381825,garygs400,0,44.95,CPT Austin Wells UTIL Gerrit Cole UTIL Hayden Wesneski UTIL Ben Rice UTIL Luis Garcia Jr. UTIL Cam Smith,,,
602,5232419878,ualaw21,0,44.95,CPT Yordan Alvarez UTIL Gerrit Cole UTIL Hayden Wesneski UTIL Daulton Varsho UTIL Taylor Trammell UTIL Austin Wells,,,
602,5232439436,estephenlouis,0,44.95,CPT Yordan Alvarez UTIL Gerrit Cole UTIL Hayden Wesneski UTIL Daulton Varsho UTIL Taylor Trammell UTIL Austin Wells,,,
602,5232472287,easymoneynow (1/2),0,44.95,CPT Cody Bellinger UTIL Gerrit Cole UTIL Hayden Wesneski UTIL Daulton Varsho UTIL Spencer Jones UTIL Cam Smith,,,
602,5232501899,TexasDig (16/20),0,44.95,CPT Daulton Varsho UTIL Gerrit Cole UTIL Hayden Wesneski UTIL Cody Bellinger UTIL Trent Grisham UTIL Austin Wells,,,
611,5232440879,rocknrollin31,0,44.7,CPT George Lombard Jr. UTIL Gerrit Cole UTIL Ben Rice UTIL Jose Altuve UTIL Isaac Paredes UTIL Austin Wells,,,
611,5232501890,TexasDig (7/20),0,44.7,CPT Cody Bellinger UTIL Gerrit Cole UTIL Ben Rice UTIL Isaac Paredes UTIL Yainer Diaz UTIL Taylor Trammell,,,
613,5231989401,az350z (13/20),0,44.3,CPT Gerrit Cole UTIL Hayden Wesneski UTIL Trent Grisham UTIL Jose Caballero UTIL Austin Wells UTIL David Bednar,,,
613,5231991921,Caryg07 (5/20),0,44.3,CPT Gerrit Cole UTIL Hayden Wesneski UTIL Trent Grisham UTIL Jose Caballero UTIL Cam Smith UTIL Austin Wells,,,
613,5231991925,Caryg07 (9/20),0,44.3,CPT Gerrit Cole UTIL Hayden Wesneski UTIL Luis Garcia Jr. UTIL Spencer Jones UTIL Taylor Trammell UTIL Bryan Abreu,,,
613,5232023507,LOCNOTM (12/20),0,44.3,CPT Gerrit Cole UTIL Hayden Wesneski UTIL Trent Grisham UTIL Spencer Jones UTIL Cam Smith UTIL Taylor Trammell,,,
613,5232023510,LOCNOTM (15/20),0,44.3,CPT Gerrit Cole UTIL Hayden Wesneski UTIL Trent Grisham UTIL Jose Caballero UTIL Cam Smith UTIL Austin Wells,,,
613,5232188567,millerjt7 (1/2),0,44.3,CPT Gerrit Cole UTIL Hayden Wesneski UTIL Trent Grisham UTIL Yainer Diaz UTIL Spencer Jones UTIL Austin Wells,,,
613,5232188847,austin60915 (18/20),0,44.3,CPT Gerrit Cole UTIL Hayden Wesneski UTIL Luis Garcia Jr. UTIL Spencer Jones UTIL Taylor Trammell UTIL David Bednar,,,
613,5232214939,RollTideForLife (8/20),0,44.3,CPT Gerrit Cole UTIL Hayden Wesneski UTIL Trent Grisham UTIL Jose Caballero UTIL Cam Smith UTIL Austin Wells,,,
613,5232241145,kbrisacher (3/20),0,44.3,CPT Gerrit Cole UTIL Hayden Wesneski UTIL Trent Grisham UTIL Jose Caballero UTIL Cam Smith UTIL Austin Wells,,,
613,5232255231,kingthurl (4/5),0,44.3,CPT Gerrit Cole UTIL Hayden Wesneski UTIL Trent Grisham UTIL Yainer Diaz UTIL Cam Smith UTIL Austin Wells,,,
613,5232344054,jonsierak (1/5),0,44.3,CPT Gerrit Cole UTIL Hayden Wesneski UTIL Trent Grisham UTIL Yainer Diaz UTIL Spencer Jones UTIL Austin Wells,,,
613,5232366405,qbjjj,0,44.3,CPT Gerrit Cole UTIL Hayden Wesneski UTIL Luis Garcia Jr. UTIL Yainer Diaz UTIL Cam Smith UTIL Austin Wells,,,
613,5232369766,GlennLuke,0,44.3,CPT Gerrit Cole UTIL Hayden Wesneski UTIL Luis Garcia Jr. UTIL Spencer Jones UTIL Taylor Trammell UTIL David Bednar,,,
613,5232392096,DTSA,0,44.3,CPT Gerrit Cole UTIL Hayden Wesneski UTIL Luis Garcia Jr. UTIL Yainer Diaz UTIL Cam Smith UTIL Austin Wells,,,
613,5232407030,anthony_sr (1/10),0,44.3,CPT Gerrit Cole UTIL Hayden Wesneski UTIL Luis Garcia Jr. UTIL Yainer Diaz UTIL Cam Smith UTIL Austin Wells,,,
613,5232437085,michaelshodson (1/5),0,44.3,CPT Gerrit Cole UTIL Hayden Wesneski UTIL Trent Grisham UTIL Yainer Diaz UTIL Cam Smith UTIL Austin Wells,,,
613,5232467080,xXxPLOSIVE (4/4),0,44.3,CPT Gerrit Cole UTIL Hayden Wesneski UTIL Trent Grisham UTIL Yainer Diaz UTIL Spencer Jones UTIL Austin Wells,,,
613,5232485889,lindamask (2/3),0,44.3,CPT Gerrit Cole UTIL Hayden Wesneski UTIL Luis Garcia Jr. UTIL Yainer Diaz UTIL Cam Smith UTIL Austin Wells,,,
613,5232501595,brianLiza,0,44.3,CPT Gerrit Cole UTIL Hayden Wesneski UTIL Trent Grisham UTIL Yainer Diaz UTIL Spencer Jones UTIL Austin Wells,,,
632,5231640216,Sammy.Boy (3/20),0,44.05,CPT Gerrit Cole UTIL Ben Rice UTIL Cody Bellinger UTIL George Lombard Jr. UTIL Yainer Diaz UTIL Austin Wells,,,
632,5232070134,rsumrall (3/10),0,44.05,CPT Gerrit Cole UTIL Luis Garcia Jr. UTIL Jazz Chisholm Jr. UTIL Isaac Paredes UTIL Spencer Jones UTIL Austin Wells,,,
632,5232154240,TY54321 (4/11),0,44.05,CPT Gerrit Cole UTIL Cody Bellinger UTIL Jazz Chisholm Jr. UTIL Jose Caballero UTIL Spencer Jones UTIL Taylor Trammell,,,
632,5232232330,SpeedRacer101 (2/20),0,44.05,CPT Gerrit Cole UTIL Ben Rice UTIL Cody Bellinger UTIL George Lombard Jr. UTIL Yainer Diaz UTIL Austin Wells,,,
632,5232267696,jlafontaine22 (1/2),0,44.05,CPT Gerrit Cole UTIL Ben Rice UTIL Cody Bellinger UTIL George Lombard Jr. UTIL Yainer Diaz UTIL Austin Wells,,,
632,5232273678,themilliard (1/2),0,44.05,CPT Gerrit Cole UTIL Ben Rice UTIL Cody Bellinger UTIL George Lombard Jr. UTIL Yainer Diaz UTIL Austin Wells,,,
632,5232432471,KenyanDrake (4/20),0,44.05,CPT Gerrit Cole UTIL Luis Garcia Jr. UTIL Jeremy Pena UTIL Cody Bellinger UTIL Taylor Trammell UTIL Austin Wells,,,
632,5232451233,shapes6969,0,44.05,CPT Gerrit Cole UTIL Ben Rice UTIL Cody Bellinger UTIL George Lombard Jr. UTIL Yainer Diaz UTIL Austin Wells,,,
632,5232451587,flydol1876 (1/10),0,44.05,CPT Gerrit Cole UTIL Luis Garcia Jr. UTIL Jazz Chisholm Jr. UTIL Isaac Paredes UTIL Spencer Jones UTIL Austin Wells,,,
632,5232460708,noobie89 (20/20),0,44.05,CPT Gerrit Cole UTIL Luis Garcia Jr. UTIL Jazz Chisholm Jr. UTIL Isaac Paredes UTIL Spencer Jones UTIL Austin Wells,,,
632,5232476267,tfsmith10,0,44.05,CPT Gerrit Cole UTIL Ben Rice UTIL George Lombard Jr. UTIL Daulton Varsho UTIL Yainer Diaz UTIL Spencer Jones,,,
632,5232480200,Dmilicus,0,44.05,CPT Gerrit Cole UTIL Ben Rice UTIL Luis Garcia Jr. UTIL Jazz Chisholm Jr. UTIL Austin Wells UTIL Raynel Delgado,,,
632,5232494925,ShiftLeader (1/8),0,44.05,CPT Gerrit Cole UTIL Ben Rice UTIL Cody Bellinger UTIL George Lombard Jr. UTIL Taylor Trammell UTIL Austin Wells,,,
632,5232494931,ShiftLeader (2/8),0,44.05,CPT Gerrit Cole UTIL Ben Rice UTIL Cody Bellinger UTIL George Lombard Jr. UTIL Taylor Trammell UTIL Austin Wells,,,
632,5232499473,jpop222,0,44.05,CPT Gerrit Cole UTIL Ben Rice UTIL George Lombard Jr. UTIL Daulton Varsho UTIL Yainer Diaz UTIL Austin Wells,,,
632,5232502625,ShiftLeader (6/8),0,44.05,CPT Gerrit Cole UTIL Ben Rice UTIL Cody Bellinger UTIL George Lombard Jr. UTIL Taylor Trammell UTIL Austin Wells,,,
632,5232502659,ShiftLeader (7/8),0,44.05,CPT Gerrit Cole UTIL Ben Rice UTIL Cody Bellinger UTIL George Lombard Jr. UTIL Taylor Trammell UTIL Austin Wells,,,
649,5232232329,SpeedRacer101 (1/20),0,44,CPT Yordan Alvarez UTIL Ben Rice UTIL Jeremy Pena UTIL Isaac Paredes UTIL Yainer Diaz UTIL Cam Smith,,,
649,5232314815,Closedbank,0,44,CPT Yordan Alvarez UTIL Cody Bellinger UTIL Trent Grisham UTIL Christian Walker UTIL Jose Caballero UTIL George Lombard Jr.,,,
651,5231959712,Grit7880 (3/3),0,43.95,CPT Cody Bellinger UTIL Gerrit Cole UTIL Hayden Wesneski UTIL Luis Garcia Jr. UTIL Taylor Trammell UTIL Austin Wells,,,
651,5232233059,jsh1122 (6/20),0,43.95,CPT Yordan Alvarez UTIL Gerrit Cole UTIL Hayden Wesneski UTIL Yainer Diaz UTIL Taylor Trammell UTIL Austin Wells,,,
651,5232327540,aumni (10/20),0,43.95,CPT Cody Bellinger UTIL Gerrit Cole UTIL Hayden Wesneski UTIL Jose Caballero UTIL Spencer Jones UTIL Austin Wells,,,
651,5232344057,jonsierak (4/5),0,43.95,CPT Yordan Alvarez UTIL Gerrit Cole UTIL Hayden Wesneski UTIL Yainer Diaz UTIL Taylor Trammell UTIL Austin Wells,,,
651,5232395069,ebuz7497 (1/2),0,43.95,CPT Daulton Varsho UTIL Gerrit Cole UTIL Hayden Wesneski UTIL Trent Grisham UTIL Jose Altuve UTIL Taylor Trammell,,,
651,5232395107,ebuz7497 (2/2),0,43.95,CPT Daulton Varsho UTIL Gerrit Cole UTIL Hayden Wesneski UTIL Trent Grisham UTIL Jose Altuve UTIL Taylor Trammell,,,
657,5232132925,james2958 (2/2),0,43.7,CPT Luis Garcia Jr. UTIL Gerrit Cole UTIL Ben Rice UTIL Jeremy Pena UTIL Taylor Trammell UTIL Austin Wells,,,
657,5232398274,Orangechocolate70 (3/7),0,43.7,CPT Luis Garcia Jr. UTIL Gerrit Cole UTIL Ben Rice UTIL Jeremy Pena UTIL Taylor Trammell UTIL Austin Wells,,,
657,5232460273,noobie89 (16/20),0,43.7,CPT Daulton Varsho UTIL Gerrit Cole UTIL Ben Rice UTIL Luis Garcia Jr. UTIL Jazz Chisholm Jr. UTIL Austin Wells,,,
660,5232302560,Exotic2021,0,43.5,CPT Jazz Chisholm Jr. UTIL Ben Rice UTIL Luis Garcia Jr. UTIL Cody Bellinger UTIL Daulton Varsho UTIL Yainer Diaz,,,
660,5232452284,jerpen,0,43.5,CPT Jazz Chisholm Jr. UTIL Ben Rice UTIL Cody Bellinger UTIL Trent Grisham UTIL Jose Caballero UTIL Daulton Varsho,,,
662,5232486513,bleeski,0,43.45,CPT Taylor Trammell UTIL Gerrit Cole UTIL Hayden Wesneski UTIL Luis Garcia Jr. UTIL Cody Bellinger UTIL Spencer Jones,,,
663,5232394639,armorboi33 (1/4),0,43.375,CPT Hayden Wesneski UTIL Ben Rice UTIL Nelson Velazquez UTIL Austin Wells UTIL Ali Sanchez UTIL Jake Meyers,,,
663,5232394643,armorboi33 (2/4),0,43.375,CPT Hayden Wesneski UTIL Ben Rice UTIL Nelson Velazquez UTIL Austin Wells UTIL Ali Sanchez UTIL Jake Meyers,,,
663,5232398871,armorboi33 (3/4),0,43.375,CPT Hayden Wesneski UTIL Ben Rice UTIL Nelson Velazquez UTIL Austin Wells UTIL Ali Sanchez UTIL Jake Meyers,,,
663,5232398923,armorboi33 (4/4),0,43.375,CPT Hayden Wesneski UTIL Ben Rice UTIL Nelson Velazquez UTIL Austin Wells UTIL Ali Sanchez UTIL Jake Meyers,,,
667,5232500698,rmatthews440 (2/2),0,43.25,CPT Daulton Varsho UTIL Hayden Wesneski UTIL Yordan Alvarez UTIL Jose Altuve UTIL Isaac Paredes UTIL Jose Caballero,,,
667,5232501896,TexasDig (13/20),0,43.25,CPT Isaac Paredes UTIL Hayden Wesneski UTIL Yordan Alvarez UTIL Luis Garcia Jr. UTIL Daulton Varsho UTIL Cam Smith,,,
669,5232047141,TurtlePunch,0,43.2,CPT Jazz Chisholm Jr. UTIL Gerrit Cole UTIL Trent Grisham UTIL Jose Altuve UTIL George Lombard Jr. UTIL Spencer Jones,,,
669,5232452682,noobie89 (1/20),0,43.2,CPT Jazz Chisholm Jr. UTIL Gerrit Cole UTIL Luis Garcia Jr. UTIL Cody Bellinger UTIL Daulton Varsho UTIL Austin Wells,,,
671,5232095045,buckwheat54 (2/6),0,43.05,CPT Gerrit Cole UTIL Luis Garcia Jr. UTIL Jazz Chisholm Jr. UTIL Jose Caballero UTIL Yainer Diaz UTIL Taylor Trammell,,,
671,5232214932,RollTideForLife (1/20),0,43.05,CPT Gerrit Cole UTIL Luis Garcia Jr. UTIL Isaac Paredes UTIL Jose Caballero UTIL George Lombard Jr. UTIL Taylor Trammell,,,
671,5232233449,welak21 (2/20),0,43.05,CPT Gerrit Cole UTIL Ben Rice UTIL Jose Caballero UTIL George Lombard Jr. UTIL Spencer Jones UTIL Taylor Trammell,,,
674,5232070141,rsumrall (10/10),0,43,CPT Yordan Alvarez UTIL Ben Rice UTIL Jose Altuve UTIL Christian Walker UTIL Daulton Varsho UTIL Spencer Jones,,,
674,5232232337,SpeedRacer101 (9/20),0,43,CPT Yordan Alvarez UTIL Ben Rice UTIL Jose Altuve UTIL Christian Walker UTIL Daulton Varsho UTIL Spencer Jones,,,
674,5232233061,jsh1122 (8/20),0,43,CPT Yordan Alvarez UTIL Jeremy Pena UTIL Jazz Chisholm Jr. UTIL Trent Grisham UTIL Daulton Varsho UTIL Yainer Diaz,,,
674,5232263485,JoeNY07 (4/7),0,43,CPT Spencer Jones UTIL Yordan Alvarez UTIL Jeremy Pena UTIL Jazz Chisholm Jr. UTIL George Lombard Jr. UTIL Austin Wells,,,
674,5232459035,KenyanDrake (14/20),0,43,CPT Yordan Alvarez UTIL Jeremy Pena UTIL Jose Altuve UTIL Isaac Paredes UTIL George Lombard Jr. UTIL Daulton Varsho,,,
679,5231824578,jsimoniette23 (1/3),0,42.95,CPT Luis Garcia Jr. UTIL Gerrit Cole UTIL Hayden Wesneski UTIL George Lombard Jr. UTIL Spencer Jones UTIL Austin Wells,,,
679,5232188568,millerjt7 (2/2),0,42.95,CPT Daulton Varsho UTIL Gerrit Cole UTIL Hayden Wesneski UTIL Yordan Alvarez UTIL Spencer Jones UTIL Austin Wells,,,
681,5231896712,RobFTW2014 (1/2),0,42.75,CPT Yainer Diaz UTIL Hayden Wesneski UTIL Yordan Alvarez UTIL Ben Rice UTIL Daulton Varsho UTIL Spencer Jones,,,
682,5232011971,mconfer1000,0,42.7,CPT George Lombard Jr. UTIL Gerrit Cole UTIL Ben Rice UTIL Cody Bellinger UTIL Daulton Varsho UTIL Spencer Jones,,,
682,5232233467,welak21 (20/20),0,42.7,CPT Ben Rice UTIL Gerrit Cole UTIL Jazz Chisholm Jr. UTIL Jose Altuve UTIL Spencer Jones UTIL Austin Wells,,,
682,5232316941,ChristopherW009,0,42.7,CPT Luis Garcia Jr. UTIL Gerrit Cole UTIL Jazz Chisholm Jr. UTIL George Lombard Jr. UTIL Daulton Varsho UTIL Yainer Diaz,,,
682,5232385789,Primrose_877,0,42.7,CPT Ben Rice UTIL Gerrit Cole UTIL Jazz Chisholm Jr. UTIL Jose Altuve UTIL Spencer Jones UTIL Austin Wells,,,
686,5232107196,gibsonboy87 (13/20),0,42.375,CPT Hayden Wesneski UTIL Yordan Alvarez UTIL Jose Altuve UTIL Jose Caballero UTIL Daulton Varsho UTIL Cam Smith,,,
686,5232107197,gibsonboy87 (14/20),0,42.375,CPT Hayden Wesneski UTIL Yordan Alvarez UTIL Trent Grisham UTIL Jose Altuve UTIL Daulton Varsho UTIL Taylor Trammell,,,
686,5232188840,austin60915 (11/20),0,42.375,CPT Hayden Wesneski UTIL Yordan Alvarez UTIL Jose Altuve UTIL Daulton Varsho UTIL Yainer Diaz UTIL Spencer Jones,,,
686,5232241161,kbrisacher (19/20),0,42.375,CPT Hayden Wesneski UTIL Yordan Alvarez UTIL Trent Grisham UTIL Jose Altuve UTIL Daulton Varsho UTIL Taylor Trammell,,,
686,5232491324,KelvinDubs (15/20),0,42.375,CPT Hayden Wesneski UTIL Yordan Alvarez UTIL Jose Altuve UTIL Daulton Varsho UTIL Yainer Diaz UTIL Spencer Jones,,,
691,5232094788,LetEmKnow (1/3),0,42.25,CPT Yordan Alvarez UTIL Hayden Wesneski UTIL Trent Grisham UTIL Isaac Paredes UTIL Daulton Varsho UTIL Taylor Trammell,,,
691,5232232332,SpeedRacer101 (4/20),0,42.25,CPT Yordan Alvarez UTIL Hayden Wesneski UTIL Trent Grisham UTIL Isaac Paredes UTIL Daulton Varsho UTIL Taylor Trammell,,,
691,5232398046,bigamejamez,0,42.25,CPT Jose Altuve UTIL Hayden Wesneski UTIL Yordan Alvarez UTIL Jazz Chisholm Jr. UTIL Yainer Diaz UTIL Cam Smith,,,
694,5231896920,Drayspencer,0,42.05,CPT Gerrit Cole UTIL Yordan Alvarez UTIL Jeremy Pena UTIL Yainer Diaz UTIL Cam Smith UTIL Austin Wells,,,
694,5232046208,gwatts77 (9/20),0,42.05,CPT Gerrit Cole UTIL Jazz Chisholm Jr. UTIL Trent Grisham UTIL Jose Altuve UTIL George Lombard Jr. UTIL Austin Wells,,,
694,5232453350,noobie89 (10/20),0,42.05,CPT Gerrit Cole UTIL Cody Bellinger UTIL Jazz Chisholm Jr. UTIL Daulton Varsho UTIL Spencer Jones UTIL Austin Wells,,,
697,5231869291,NayeliM18,0,42,CPT Luis Garcia Jr. UTIL Ben Rice UTIL Jazz Chisholm Jr. UTIL Isaac Paredes UTIL Daulton Varsho UTIL Yainer Diaz,,,
697,5232233063,jsh1122 (10/20),0,42,CPT Ben Rice UTIL Yordan Alvarez UTIL Jazz Chisholm Jr. UTIL Trent Grisham UTIL Isaac Paredes UTIL Austin Wells,,,
697,5232263267,joe_bob,0,42,CPT Yordan Alvarez UTIL Ben Rice UTIL Jazz Chisholm Jr. UTIL Isaac Paredes UTIL Daulton Varsho UTIL Cam Smith,,,
697,5232433968,WD1421 (1/5),0,42,CPT Ben Rice UTIL Yordan Alvarez UTIL Jeremy Pena UTIL Cody Bellinger UTIL Spencer Jones UTIL Taylor Trammell,,,
697,5232433994,WD1421 (2/5),0,42,CPT Ben Rice UTIL Yordan Alvarez UTIL Jeremy Pena UTIL Cody Bellinger UTIL Spencer Jones UTIL Taylor Trammell,,,
697,5232439548,WD1421 (3/5),0,42,CPT Ben Rice UTIL Yordan Alvarez UTIL Jeremy Pena UTIL Cody Bellinger UTIL Spencer Jones UTIL Taylor Trammell,,,
697,5232439699,WD1421 (4/5),0,42,CPT Ben Rice UTIL Yordan Alvarez UTIL Jeremy Pena UTIL Cody Bellinger UTIL Spencer Jones UTIL Taylor Trammell,,,
697,5232439705,WD1421 (5/5),0,42,CPT Ben Rice UTIL Yordan Alvarez UTIL Jeremy Pena UTIL Cody Bellinger UTIL Spencer Jones UTIL Taylor Trammell,,,
697,5232467331,benjamin16041,0,42,CPT Isaac Paredes UTIL Yordan Alvarez UTIL Ben Rice UTIL Jazz Chisholm Jr. UTIL Jose Altuve UTIL Cam Smith,,,
706,5232421816,bamnuel93,0,41.95,CPT Trent Grisham UTIL Gerrit Cole UTIL Hayden Wesneski UTIL Daulton Varsho UTIL Yainer Diaz UTIL Spencer Jones,,,
707,5232214110,LIVING-LEGENDS,0,41.7,CPT Luis Garcia Jr. UTIL Gerrit Cole UTIL Jeremy Pena UTIL George Lombard Jr. UTIL Yainer Diaz UTIL Spencer Jones,,,
707,5232232340,SpeedRacer101 (12/20),0,41.7,CPT Cody Bellinger UTIL Gerrit Cole UTIL Jazz Chisholm Jr. UTIL Trent Grisham UTIL George Lombard Jr. UTIL Cam Smith,,,
707,5232327536,aumni (6/20),0,41.7,CPT Spencer Jones UTIL Gerrit Cole UTIL Luis Garcia Jr. UTIL Christian Walker UTIL Taylor Trammell UTIL Austin Wells,,,
707,5232413734,Garrett12091984,0,41.7,CPT Cody Bellinger UTIL Gerrit Cole UTIL Ben Rice UTIL Isaac Paredes UTIL Yainer Diaz UTIL Austin Wells,,,
707,5232501888,TexasDig (5/20),0,41.7,CPT Ben Rice UTIL Gerrit Cole UTIL Cody Bellinger UTIL Isaac Paredes UTIL Spencer Jones UTIL Austin Wells,,,
712,5232130652,FoxyGrandpa252 (3/20),0,41.5,CPT Jazz Chisholm Jr. UTIL Yordan Alvarez UTIL Ben Rice UTIL Jose Altuve UTIL Daulton Varsho UTIL Yainer Diaz,,,
713,5231807142,CMoehring34,0,41.3,CPT Gerrit Cole UTIL Hayden Wesneski UTIL Luis Garcia Jr. UTIL Spencer Jones UTIL Cam Smith UTIL Austin Wells,,,
713,5231942141,foutah (1/6),0,41.3,CPT Gerrit Cole UTIL Hayden Wesneski UTIL Luis Garcia Jr. UTIL Spencer Jones UTIL Cam Smith UTIL Austin Wells,,,
713,5231976290,bposluszny (1/6),0,41.3,CPT Gerrit Cole UTIL Hayden Wesneski UTIL Luis Garcia Jr. UTIL Spencer Jones UTIL Cam Smith UTIL Austin Wells,,,
713,5231992412,Littlebilly65,0,41.3,CPT Gerrit Cole UTIL Hayden Wesneski UTIL Luis Garcia Jr. UTIL Spencer Jones UTIL Cam Smith UTIL Austin Wells,,,
713,5232032423,JcClark18 (7/15),0,41.3,CPT Gerrit Cole UTIL Hayden Wesneski UTIL Luis Garcia Jr. UTIL Spencer Jones UTIL Austin Wells UTIL David Bednar,,,
713,5232032426,JcClark18 (10/15),0,41.3,CPT Gerrit Cole UTIL Hayden Wesneski UTIL Jose Altuve UTIL Spencer Jones UTIL Cam Smith UTIL Brent Headrick,,,
713,5232094789,LetEmKnow (2/3),0,41.3,CPT Gerrit Cole UTIL Hayden Wesneski UTIL Luis Garcia Jr. UTIL Spencer Jones UTIL Cam Smith UTIL Austin Wells,,,
713,5232109279,MultipleWinGasms (5/20),0,41.3,CPT Gerrit Cole UTIL Hayden Wesneski UTIL Luis Garcia Jr. UTIL Spencer Jones UTIL Cam Smith UTIL Austin Wells,,,
713,5232233055,jsh1122 (2/20),0,41.3,CPT Gerrit Cole UTIL Hayden Wesneski UTIL Luis Garcia Jr. UTIL Spencer Jones UTIL Cam Smith UTIL Austin Wells,,,
713,5232270735,rick7792,0,41.3,CPT Gerrit Cole UTIL Hayden Wesneski UTIL Luis Garcia Jr. UTIL Spencer Jones UTIL Cam Smith UTIL Austin Wells,,,
713,5232425326,Guero8821 (1/2),0,41.3,CPT Gerrit Cole UTIL Hayden Wesneski UTIL Luis Garcia Jr. UTIL Spencer Jones UTIL Cam Smith UTIL Austin Wells,,,
713,5232443359,trappwimm80 (4/4),0,41.3,CPT Gerrit Cole UTIL Hayden Wesneski UTIL Luis Garcia Jr. UTIL Spencer Jones UTIL Cam Smith UTIL Austin Wells,,,
713,5232460137,KenyanDrake (16/20),0,41.3,CPT Gerrit Cole UTIL Hayden Wesneski UTIL Luis Garcia Jr. UTIL Spencer Jones UTIL Cam Smith UTIL Austin Wells,,,
713,5232460739,flydol1876 (3/10),0,41.3,CPT Gerrit Cole UTIL Hayden Wesneski UTIL Luis Garcia Jr. UTIL Spencer Jones UTIL Cam Smith UTIL Austin Wells,,,
713,5232467079,xXxPLOSIVE (3/4),0,41.3,CPT Gerrit Cole UTIL Hayden Wesneski UTIL Luis Garcia Jr. UTIL Spencer Jones UTIL Cam Smith UTIL Austin Wells,,,
728,5232358461,jsamtoy (12/20),0,41.25,CPT Daulton Varsho UTIL Hayden Wesneski UTIL Ben Rice UTIL Luis Garcia Jr. UTIL Trent Grisham UTIL Yainer Diaz,,,
729,5231640220,Sammy.Boy (7/20),0,41.05,CPT Gerrit Cole UTIL Ben Rice UTIL Trent Grisham UTIL George Lombard Jr. UTIL Daulton Varsho UTIL Austin Wells,,,
729,5231640222,Sammy.Boy (9/20),0,41.05,CPT Gerrit Cole UTIL Cody Bellinger UTIL Jazz Chisholm Jr. UTIL Jose Caballero UTIL Spencer Jones UTIL Cam Smith,,,
729,5231955277,feet69,0,41.05,CPT Gerrit Cole UTIL Cody Bellinger UTIL Jazz Chisholm Jr. UTIL Trent Grisham UTIL Yainer Diaz UTIL Austin Wells,,,
729,5231976291,bposluszny (2/6),0,41.05,CPT Gerrit Cole UTIL Cody Bellinger UTIL Jazz Chisholm Jr. UTIL Trent Grisham UTIL Yainer Diaz UTIL Austin Wells,,,
729,5231991928,Caryg07 (12/20),0,41.05,CPT Gerrit Cole UTIL Cody Bellinger UTIL Jazz Chisholm Jr. UTIL Jose Caballero UTIL Spencer Jones UTIL Cam Smith,,,
729,5231991931,Caryg07 (15/20),0,41.05,CPT Gerrit Cole UTIL Luis Garcia Jr. UTIL Cody Bellinger UTIL Jazz Chisholm Jr. UTIL Taylor Trammell UTIL Austin Wells,,,
729,5232023513,LOCNOTM (18/20),0,41.05,CPT Gerrit Cole UTIL Ben Rice UTIL Trent Grisham UTIL George Lombard Jr. UTIL Daulton Varsho UTIL Austin Wells,,,
729,5232046210,gwatts77 (11/20),0,41.05,CPT Gerrit Cole UTIL Ben Rice UTIL Trent Grisham UTIL George Lombard Jr. UTIL Daulton Varsho UTIL Austin Wells,,,
729,5232046211,gwatts77 (12/20),0,41.05,CPT Gerrit Cole UTIL Cody Bellinger UTIL Trent Grisham UTIL Isaac Paredes UTIL George Lombard Jr. UTIL Austin Wells,,,
729,5232070138,rsumrall (7/10),0,41.05,CPT Gerrit Cole UTIL Cody Bellinger UTIL Jazz Chisholm Jr. UTIL Jose Caballero UTIL Spencer Jones UTIL Cam Smith,,,
729,5232094790,LetEmKnow (3/3),0,41.05,CPT Gerrit Cole UTIL Ben Rice UTIL Trent Grisham UTIL George Lombard Jr. UTIL Daulton Varsho UTIL Austin Wells,,,
729,5232154242,TY54321 (6/11),0,41.05,CPT Gerrit Cole UTIL Cody Bellinger UTIL Jazz Chisholm Jr. UTIL Trent Grisham UTIL Yainer Diaz UTIL Austin Wells,,,
729,5232214937,RollTideForLife (6/20),0,41.05,CPT Gerrit Cole UTIL Cody Bellinger UTIL Jazz Chisholm Jr. UTIL Jose Altuve UTIL Yainer Diaz UTIL Austin Wells,,,
729,5232233457,welak21 (10/20),0,41.05,CPT Gerrit Cole UTIL Cody Bellinger UTIL Jazz Chisholm Jr. UTIL Yainer Diaz UTIL Spencer Jones UTIL Austin Wells,,,
729,5232241147,kbrisacher (5/20),0,41.05,CPT Gerrit Cole UTIL Cody Bellinger UTIL Jazz Chisholm Jr. UTIL Trent Grisham UTIL Yainer Diaz UTIL Austin Wells,,,
729,5232241153,kbrisacher (11/20),0,41.05,CPT Gerrit Cole UTIL Ben Rice UTIL Trent Grisham UTIL George Lombard Jr. UTIL Daulton Varsho UTIL Austin Wells,,,
729,5232248663,RYates32,0,41.05,CPT Gerrit Cole UTIL Ben Rice UTIL Cody Bellinger UTIL George Lombard Jr. UTIL Cam Smith UTIL Austin Wells,,,
729,5232328897,LOUZI,0,41.05,CPT Gerrit Cole UTIL Cody Bellinger UTIL Jazz Chisholm Jr. UTIL Jose Altuve UTIL Yainer Diaz UTIL Austin Wells,,,
729,5232348430,Hammers36,0,41.05,CPT Gerrit Cole UTIL Luis Garcia Jr. UTIL Cody Bellinger UTIL Jazz Chisholm Jr. UTIL Taylor Trammell UTIL Austin Wells,,,
729,5232370098,fratstar23,0,41.05,CPT Gerrit Cole UTIL Ben Rice UTIL Trent Grisham UTIL George Lombard Jr. UTIL Daulton Varsho UTIL Austin Wells,,,
729,5232376516,jrjk88,0,41.05,CPT Gerrit Cole UTIL Luis Garcia Jr. UTIL Cody Bellinger UTIL Jazz Chisholm Jr. UTIL Taylor Trammell UTIL Austin Wells,,,
729,5232408808,SVO1984,0,41.05,CPT Gerrit Cole UTIL Cody Bellinger UTIL Jazz Chisholm Jr. UTIL Trent Grisham UTIL Yainer Diaz UTIL Austin Wells,,,
729,5232419380,Daking330,0,41.05,CPT Gerrit Cole UTIL Cody Bellinger UTIL Jazz Chisholm Jr. UTIL Jose Altuve UTIL Yainer Diaz UTIL Austin Wells,,,
729,5232421501,anthony_sr (10/10),0,41.05,CPT Gerrit Cole UTIL Luis Garcia Jr. UTIL Cody Bellinger UTIL Jazz Chisholm Jr. UTIL Taylor Trammell UTIL Austin Wells,,,
729,5232422306,jersey530,0,41.05,CPT Gerrit Cole UTIL Luis Garcia Jr. UTIL Cody Bellinger UTIL Jazz Chisholm Jr. UTIL Taylor Trammell UTIL Austin Wells,,,
729,5232425936,georgeconfused (3/8),0,41.05,CPT Gerrit Cole UTIL Luis Garcia Jr. UTIL Cody Bellinger UTIL Jazz Chisholm Jr. UTIL Taylor Trammell UTIL Austin Wells,,,
729,5232445923,Marcuschumney,0,41.05,CPT Gerrit Cole UTIL Luis Garcia Jr. UTIL Cody Bellinger UTIL Jazz Chisholm Jr. UTIL Taylor Trammell UTIL Austin Wells,,,
729,5232452917,noobie89 (4/20),0,41.05,CPT Gerrit Cole UTIL Luis Garcia Jr. UTIL Jazz Chisholm Jr. UTIL Daulton Varsho UTIL Yainer Diaz UTIL Austin Wells,,,
729,5232467726,Cathy.pound,0,41.05,CPT Gerrit Cole UTIL Cody Bellinger UTIL Jazz Chisholm Jr. UTIL Jose Caballero UTIL Spencer Jones UTIL Cam Smith,,,
729,5232495965,chuckowski,0,41.05,CPT Gerrit Cole UTIL Cody Bellinger UTIL Jazz Chisholm Jr. UTIL Jose Caballero UTIL Spencer Jones UTIL Cam Smith,,,
729,5232501887,TexasDig (4/20),0,41.05,CPT Gerrit Cole UTIL Ben Rice UTIL Cody Bellinger UTIL George Lombard Jr. UTIL Cam Smith UTIL Austin Wells,,,
760,5232011890,starplay (2/4),0,41,CPT Luis Garcia Jr. UTIL Yordan Alvarez UTIL Ben Rice UTIL Christian Walker UTIL Yainer Diaz UTIL Spencer Jones,,,
760,5232454183,SnowAngel74 (3/6),0,41,CPT Ben Rice UTIL Luis Garcia Jr. UTIL Trent Grisham UTIL Jose Altuve UTIL Christian Walker UTIL Cam Smith,,,
762,5232064773,hatchii112,0,40.95,CPT Yordan Alvarez UTIL Gerrit Cole UTIL Hayden Wesneski UTIL Spencer Jones UTIL Taylor Trammell UTIL Austin Wells,,,
762,5232214945,RollTideForLife (14/20),0,40.95,CPT Yordan Alvarez UTIL Gerrit Cole UTIL Hayden Wesneski UTIL Cam Smith UTIL Taylor Trammell UTIL Austin Wells,,,
762,5232233067,jsh1122 (14/20),0,40.95,CPT Cody Bellinger UTIL Gerrit Cole UTIL Hayden Wesneski UTIL Trent Grisham UTIL Cam Smith UTIL Austin Wells,,,
762,5232349584,raiders85 (2/2),0,40.95,CPT Yordan Alvarez UTIL Gerrit Cole UTIL Hayden Wesneski UTIL Spencer Jones UTIL Taylor Trammell UTIL Austin Wells,,,
762,5232474194,islandjim (4/7),0,40.95,CPT Yordan Alvarez UTIL Gerrit Cole UTIL Hayden Wesneski UTIL Spencer Jones UTIL Taylor Trammell UTIL Austin Wells,,,
762,5232499475,sgrupp (3/4),0,40.95,CPT Spencer Jones UTIL Gerrit Cole UTIL Hayden Wesneski UTIL Yordan Alvarez UTIL Daulton Varsho UTIL Austin Wells,,,
768,5231592547,kenread133 (1/2),0,40.7,CPT Cody Bellinger UTIL Gerrit Cole UTIL Ben Rice UTIL George Lombard Jr. UTIL Daulton Varsho UTIL Cam Smith,,,
768,5232095047,buckwheat54 (4/6),0,40.7,CPT Yordan Alvarez UTIL Gerrit Cole UTIL Isaac Paredes UTIL George Lombard Jr. UTIL Daulton Varsho UTIL Taylor Trammell,,,
768,5232130658,FoxyGrandpa252 (9/20),0,40.7,CPT Trent Grisham UTIL Gerrit Cole UTIL Jazz Chisholm Jr. UTIL Isaac Paredes UTIL Jose Caballero UTIL Spencer Jones,,,
768,5232276359,wolfy313 (3/10),0,40.7,CPT Spencer Jones UTIL Gerrit Cole UTIL Ben Rice UTIL Luis Garcia Jr. UTIL Jazz Chisholm Jr. UTIL Taylor Trammell,,,
768,5232451019,ballgame1881 (4/15),0,40.7,CPT Spencer Jones UTIL Gerrit Cole UTIL Ben Rice UTIL Trent Grisham UTIL Isaac Paredes UTIL George Lombard Jr.,,,
773,5231966486,vermilf (1/2),0,40.05,CPT Gerrit Cole UTIL Ben Rice UTIL Trent Grisham UTIL George Lombard Jr. UTIL Spencer Jones UTIL Taylor Trammell,,,
773,5231991934,Caryg07 (18/20),0,40.05,CPT Gerrit Cole UTIL Ben Rice UTIL Trent Grisham UTIL George Lombard Jr. UTIL Spencer Jones UTIL Taylor Trammell,,,
773,5232094720,dinoimp (2/2),0,40.05,CPT Gerrit Cole UTIL Luis Garcia Jr. UTIL Jeremy Pena UTIL Jose Caballero UTIL Spencer Jones UTIL Austin Wells,,,
773,5232109286,MultipleWinGasms (12/20),0,40.05,CPT Gerrit Cole UTIL Ben Rice UTIL Trent Grisham UTIL George Lombard Jr. UTIL Spencer Jones UTIL Taylor Trammell,,,
773,5232214934,RollTideForLife (3/20),0,40.05,CPT Gerrit Cole UTIL Ben Rice UTIL Cody Bellinger UTIL Daulton Varsho UTIL Yainer Diaz UTIL Austin Wells,,,
773,5232241148,kbrisacher (6/20),0,40.05,CPT Gerrit Cole UTIL Luis Garcia Jr. UTIL Jazz Chisholm Jr. UTIL Jose Caballero UTIL Spencer Jones UTIL Taylor Trammell,,,
773,5232241159,kbrisacher (17/20),0,40.05,CPT Gerrit Cole UTIL Luis Garcia Jr. UTIL Isaac Paredes UTIL Jose Caballero UTIL George Lombard Jr. UTIL Austin Wells,,,
773,5232327147,hawk35 (1/3),0,40.05,CPT Gerrit Cole UTIL Ben Rice UTIL Trent Grisham UTIL George Lombard Jr. UTIL Spencer Jones UTIL Taylor Trammell,,,
773,5232423757,Nellie64,0,40.05,CPT Gerrit Cole UTIL Ben Rice UTIL Trent Grisham UTIL George Lombard Jr. UTIL Spencer Jones UTIL Taylor Trammell,,,
773,5232432703,Runninrebel02 (6/9),0,40.05,CPT Gerrit Cole UTIL Ben Rice UTIL Trent Grisham UTIL George Lombard Jr. UTIL Spencer Jones UTIL Taylor Trammell,,,
773,5232437087,michaelshodson (3/5),0,40.05,CPT Gerrit Cole UTIL Ben Rice UTIL Trent Grisham UTIL George Lombard Jr. UTIL Spencer Jones UTIL Taylor Trammell,,,
773,5232449551,KenyanDrake (9/20),0,40.05,CPT Gerrit Cole UTIL Ben Rice UTIL Trent Grisham UTIL George Lombard Jr. UTIL Spencer Jones UTIL Taylor Trammell,,,
773,5232456521,slotone (15/20),0,40.05,CPT Gerrit Cole UTIL Trent Grisham UTIL Isaac Paredes UTIL Jose Caballero UTIL George Lombard Jr. UTIL Cam Smith,,,
773,5232465027,clonefan2020,0,40.05,CPT Gerrit Cole UTIL Yordan Alvarez UTIL Jazz Chisholm Jr. UTIL Daulton Varsho UTIL Spencer Jones UTIL Austin Wells,,,
773,5232468314,rosenl,0,40.05,CPT Gerrit Cole UTIL Ben Rice UTIL Trent Grisham UTIL George Lombard Jr. UTIL Spencer Jones UTIL Taylor Trammell,,,
773,5232496465,JCM1183 (1/5),0,40.05,CPT Gerrit Cole UTIL Yordan Alvarez UTIL Jazz Chisholm Jr. UTIL Daulton Varsho UTIL Spencer Jones UTIL Austin Wells,,,
789,5232429577,gorblat87,0,40,CPT Ben Rice UTIL Yordan Alvarez UTIL Jazz Chisholm Jr. UTIL Jose Altuve UTIL George Lombard Jr. UTIL Cam Smith,,,
789,5232453828,SnowAngel74 (2/6),0,40,CPT Trent Grisham UTIL Ben Rice UTIL Luis Garcia Jr. UTIL Jose Altuve UTIL Christian Walker UTIL Daulton Varsho,,,
789,5232463499,jennieo0395,0,40,CPT Luis Garcia Jr. UTIL Jeremy Pena UTIL Cody Bellinger UTIL Jose Altuve UTIL Isaac Paredes UTIL George Lombard Jr.,,,
792,5231917477,Skywalker_8 (1/2),0,39.95,CPT Austin Wells UTIL Gerrit Cole UTIL Hayden Wesneski UTIL Yordan Alvarez UTIL Heliot Ramos UTIL Jose Caballero,,,
792,5232501901,TexasDig (18/20),0,39.95,CPT Spencer Jones UTIL Gerrit Cole UTIL Hayden Wesneski UTIL Yordan Alvarez UTIL Jose Caballero UTIL Austin Wells,,,
792,5232501903,TexasDig (20/20),0,39.95,CPT Austin Wells UTIL Gerrit Cole UTIL Hayden Wesneski UTIL Yordan Alvarez UTIL Luis Garcia Jr. UTIL Taylor Trammell,,,
795,5232107134,base3ballmom,0,39.7,CPT Ben Rice UTIL Gerrit Cole UTIL Luis Garcia Jr. UTIL George Lombard Jr. UTIL Daulton Varsho UTIL Austin Wells,,,
795,5232358462,jsamtoy (13/20),0,39.7,CPT George Lombard Jr. UTIL Gerrit Cole UTIL Luis Garcia Jr. UTIL Jazz Chisholm Jr. UTIL Jose Altuve UTIL Spencer Jones,,,
795,5232398275,Orangechocolate70 (4/7),0,39.7,CPT Cody Bellinger UTIL Gerrit Cole UTIL Jeremy Pena UTIL Jose Altuve UTIL Yainer Diaz UTIL Cam Smith,,,
795,5232438420,Runninrebel02 (8/9),0,39.7,CPT Ben Rice UTIL Gerrit Cole UTIL Cody Bellinger UTIL George Lombard Jr. UTIL Spencer Jones UTIL Cam Smith,,,
795,5232438421,Runninrebel02 (9/9),0,39.7,CPT Ben Rice UTIL Gerrit Cole UTIL Cody Bellinger UTIL George Lombard Jr. UTIL Spencer Jones UTIL Cam Smith,,,
795,5232444425,ToddFred50,0,39.7,CPT Ben Rice UTIL Gerrit Cole UTIL Cody Bellinger UTIL George Lombard Jr. UTIL Spencer Jones UTIL Cam Smith,,,
795,5232487077,flydol1876 (8/10),0,39.7,CPT Ben Rice UTIL Gerrit Cole UTIL Luis Garcia Jr. UTIL George Lombard Jr. UTIL Daulton Varsho UTIL Austin Wells,,,
795,5232498717,rhem007,0,39.7,CPT Ben Rice UTIL Gerrit Cole UTIL Luis Garcia Jr. UTIL George Lombard Jr. UTIL Daulton Varsho UTIL Austin Wells,,,
803,5232451029,ballgame1881 (14/15),0,39.5,CPT Yainer Diaz UTIL Yordan Alvarez UTIL Ben Rice UTIL Jazz Chisholm Jr. UTIL Trent Grisham UTIL George Lombard Jr.,,,
804,5231989398,az350z (10/20),0,39.25,CPT Yordan Alvarez UTIL Hayden Wesneski UTIL Jose Altuve UTIL Isaac Paredes UTIL Daulton Varsho UTIL Tim Hill,,,
805,5231692811,sgtpreston (1/2),0,39.05,CPT Gerrit Cole UTIL Yordan Alvarez UTIL Jazz Chisholm Jr. UTIL Yainer Diaz UTIL Spencer Jones UTIL Austin Wells,,,
805,5231726858,mitchell70 (1/3),0,39.05,CPT Gerrit Cole UTIL Ben Rice UTIL Trent Grisham UTIL Isaac Paredes UTIL Cam Smith UTIL Austin Wells,,,
805,5232269865,Playforme (2/2),0,39.05,CPT Gerrit Cole UTIL Ben Rice UTIL Cody Bellinger UTIL Yainer Diaz UTIL Spencer Jones UTIL Taylor Trammell,,,
808,5232312250,CactusJack52,0,39,CPT Yordan Alvarez UTIL Ben Rice UTIL Jazz Chisholm Jr. UTIL Jose Altuve UTIL George Lombard Jr. UTIL Taylor Trammell,,,
808,5232327549,aumni (19/20),0,39,CPT Spencer Jones UTIL Yordan Alvarez UTIL Ben Rice UTIL Cody Bellinger UTIL Jazz Chisholm Jr. UTIL George Lombard Jr.,,,
808,5232461626,SnowAngel74 (6/6),0,39,CPT Isaac Paredes UTIL Yordan Alvarez UTIL Luis Garcia Jr. UTIL Jeremy Pena UTIL Cody Bellinger UTIL Austin Wells,,,
811,5232042279,Satch65 (1/20),0,38.95,CPT Trent Grisham UTIL Gerrit Cole UTIL Hayden Wesneski UTIL Cody Bellinger UTIL Spencer Jones UTIL Austin Wells,,,
812,5232130654,FoxyGrandpa252 (5/20),0,38.7,CPT Ben Rice UTIL Gerrit Cole UTIL Luis Garcia Jr. UTIL George Lombard Jr. UTIL Spencer Jones UTIL Taylor Trammell,,,
812,5232358455,jsamtoy (6/20),0,38.7,CPT Trent Grisham UTIL Gerrit Cole UTIL Luis Garcia Jr. UTIL Jeremy Pena UTIL George Lombard Jr. UTIL Austin Wells,,,
812,5232448427,mpheid,0,38.7,CPT George Lombard Jr. UTIL Gerrit Cole UTIL Luis Garcia Jr. UTIL Cody Bellinger UTIL Isaac Paredes UTIL Spencer Jones,,,
812,5232487977,TLandry14,0,38.7,CPT Ben Rice UTIL Gerrit Cole UTIL Luis Garcia Jr. UTIL George Lombard Jr. UTIL Spencer Jones UTIL Taylor Trammell,,,
812,5232492931,packermobile,0,38.7,CPT Ben Rice UTIL Gerrit Cole UTIL Luis Garcia Jr. UTIL George Lombard Jr. UTIL Spencer Jones UTIL Taylor Trammell,,,
812,5232496734,okiedokie81,0,38.7,CPT Luis Garcia Jr. UTIL Gerrit Cole UTIL Jeremy Pena UTIL Jose Altuve UTIL George Lombard Jr. UTIL Austin Wells,,,
818,5232421574,jegan4776,0,38.5,CPT Jazz Chisholm Jr. UTIL Yordan Alvarez UTIL Ben Rice UTIL Cody Bellinger UTIL Trent Grisham UTIL Austin Wells,,,
819,5232232348,SpeedRacer101 (20/20),0,38.25,CPT Yordan Alvarez UTIL Hayden Wesneski UTIL Luis Garcia Jr. UTIL Isaac Paredes UTIL Cam Smith UTIL Taylor Trammell,,,
819,5232337196,longhorngal,0,38.25,CPT Austin Wells UTIL Hayden Wesneski UTIL Yordan Alvarez UTIL Ben Rice UTIL Cody Bellinger UTIL Jose Altuve,,,
821,5232472784,49andahalf,0,38.2,CPT Jazz Chisholm Jr. UTIL Gerrit Cole UTIL Luis Garcia Jr. UTIL Jose Altuve UTIL Yainer Diaz UTIL Cam Smith,,,
822,5232042285,Satch65 (7/20),0,38.05,CPT Gerrit Cole UTIL Cody Bellinger UTIL Jazz Chisholm Jr. UTIL Jose Altuve UTIL Spencer Jones UTIL Austin Wells,,,
822,5232188846,austin60915 (17/20),0,38.05,CPT Gerrit Cole UTIL Cody Bellinger UTIL Jazz Chisholm Jr. UTIL Jose Altuve UTIL Spencer Jones UTIL Austin Wells,,,
822,5232233451,welak21 (4/20),0,38.05,CPT Gerrit Cole UTIL Cody Bellinger UTIL Jazz Chisholm Jr. UTIL Jose Altuve UTIL Spencer Jones UTIL Austin Wells,,,
822,5232383593,Val1969,0,38.05,CPT Gerrit Cole UTIL Luis Garcia Jr. UTIL Jazz Chisholm Jr. UTIL Daulton Varsho UTIL Spencer Jones UTIL Cam Smith,,,
822,5232413153,This-isnt-fantasy,0,38.05,CPT Gerrit Cole UTIL Cody Bellinger UTIL Jazz Chisholm Jr. UTIL Jose Altuve UTIL Spencer Jones UTIL Austin Wells,,,
822,5232453320,noobie89 (8/20),0,38.05,CPT Gerrit Cole UTIL Luis Garcia Jr. UTIL Jazz Chisholm Jr. UTIL Daulton Varsho UTIL Spencer Jones UTIL Austin Wells,,,
822,5232460693,noobie89 (19/20),0,38.05,CPT Gerrit Cole UTIL Luis Garcia Jr. UTIL Jazz Chisholm Jr. UTIL Daulton Varsho UTIL Spencer Jones UTIL Austin Wells,,,
829,5232315903,cowboyric62,0,38,CPT Ben Rice UTIL Yordan Alvarez UTIL Jeremy Pena UTIL Jose Altuve UTIL Jose Caballero UTIL Austin Wells,,,
829,5232369700,utcowgirl,0,38,CPT Luis Garcia Jr. UTIL Yordan Alvarez UTIL Ben Rice UTIL Jose Altuve UTIL Christian Walker UTIL Austin Wells,,,
829,5232431725,GandalfsDad,0,38,CPT Ben Rice UTIL Luis Garcia Jr. UTIL Cody Bellinger UTIL Jazz Chisholm Jr. UTIL Daulton Varsho UTIL Spencer Jones,,,
832,5232407935,Juggles513 (1/2),0,37.95,CPT Spencer Jones UTIL Gerrit Cole UTIL Hayden Wesneski UTIL Luis Garcia Jr. UTIL Trent Grisham UTIL Taylor Trammell,,,
832,5232412927,Juggles513 (2/2),0,37.95,CPT Spencer Jones UTIL Gerrit Cole UTIL Hayden Wesneski UTIL Luis Garcia Jr. UTIL Trent Grisham UTIL Taylor Trammell,,,
832,5232457093,bucs4,0,37.95,CPT Luis Garcia Jr. UTIL Gerrit Cole UTIL Hayden Wesneski UTIL Trent Grisham UTIL Taylor Trammell UTIL Austin Wells,,,
835,5232088700,mbrummy1,0,37.7,CPT Cam Smith UTIL Gerrit Cole UTIL Luis Garcia Jr. UTIL Jazz Chisholm Jr. UTIL Jose Altuve UTIL Isaac Paredes,,,
835,5232098391,KJDenman1,0,37.7,CPT Austin Wells UTIL Gerrit Cole UTIL Ben Rice UTIL Luis Garcia Jr. UTIL Jazz Chisholm Jr. UTIL Jose Altuve,,,
835,5232227218,davespak,0,37.7,CPT Luis Garcia Jr. UTIL Gerrit Cole UTIL Ben Rice UTIL Jazz Chisholm Jr. UTIL Cam Smith UTIL Austin Wells,,,
835,5232307027,Runninrebel02 (3/9),0,37.7,CPT Austin Wells UTIL Gerrit Cole UTIL Ben Rice UTIL Luis Garcia Jr. UTIL Jazz Chisholm Jr. UTIL Jose Altuve,,,
835,5232360639,sauce834 (2/2),0,37.7,CPT Ben Rice UTIL Gerrit Cole UTIL Yordan Alvarez UTIL George Lombard Jr. UTIL Cam Smith UTIL Austin Wells,,,
835,5232451026,ballgame1881 (11/15),0,37.7,CPT Daulton Varsho UTIL Gerrit Cole UTIL Cody Bellinger UTIL Jazz Chisholm Jr. UTIL Spencer Jones UTIL Austin Wells,,,
835,5232452697,noobie89 (2/20),0,37.7,CPT Cody Bellinger UTIL Gerrit Cole UTIL Luis Garcia Jr. UTIL Jazz Chisholm Jr. UTIL Daulton Varsho UTIL Austin Wells,,,
835,5232452905,vetterunner (1/5),0,37.7,CPT Yordan Alvarez UTIL Gerrit Cole UTIL Cody Bellinger UTIL Jazz Chisholm Jr. UTIL Taylor Trammell UTIL Austin Wells,,,
835,5232460237,noobie89 (15/20),0,37.7,CPT Daulton Varsho UTIL Gerrit Cole UTIL Luis Garcia Jr. UTIL Cody Bellinger UTIL Jazz Chisholm Jr. UTIL Austin Wells,,,
844,5232233069,jsh1122 (16/20),0,37.2,CPT Jazz Chisholm Jr. UTIL Gerrit Cole UTIL Yordan Alvarez UTIL Trent Grisham UTIL Spencer Jones UTIL Austin Wells,,,
844,5232491320,KelvinDubs (11/20),0,37.2,CPT Jazz Chisholm Jr. UTIL Gerrit Cole UTIL Yordan Alvarez UTIL Trent Grisham UTIL Spencer Jones UTIL Austin Wells,,,
846,5232093906,dinoimp (1/2),0,37.05,CPT Gerrit Cole UTIL Ben Rice UTIL Cody Bellinger UTIL Daulton Varsho UTIL Spencer Jones UTIL Austin Wells,,,
846,5232109283,MultipleWinGasms (9/20),0,37.05,CPT Gerrit Cole UTIL Ben Rice UTIL Luis Garcia Jr. UTIL George Lombard Jr. UTIL Cam Smith UTIL Austin Wells,,,
846,5232154239,TY54321 (3/11),0,37.05,CPT Gerrit Cole UTIL Ben Rice UTIL Luis Garcia Jr. UTIL George Lombard Jr. UTIL Cam Smith UTIL Austin Wells,,,
846,5232241154,kbrisacher (12/20),0,37.05,CPT Gerrit Cole UTIL Cody Bellinger UTIL Trent Grisham UTIL Jose Caballero UTIL George Lombard Jr. UTIL Taylor Trammell,,,
846,5232267697,Playforme (1/2),0,37.05,CPT Gerrit Cole UTIL Yordan Alvarez UTIL Ben Rice UTIL Yainer Diaz UTIL Taylor Trammell UTIL Austin Wells,,,
846,5232361562,marshall7272,0,37.05,CPT Gerrit Cole UTIL Luis Garcia Jr. UTIL Jazz Chisholm Jr. UTIL Trent Grisham UTIL Taylor Trammell UTIL Austin Wells,,,
846,5232368294,bingo888,0,37.05,CPT Gerrit Cole UTIL Yordan Alvarez UTIL Ben Rice UTIL Yainer Diaz UTIL Taylor Trammell UTIL Austin Wells,,,
846,5232441370,MICHAELRUNNING,0,37.05,CPT Gerrit Cole UTIL Ben Rice UTIL Cody Bellinger UTIL Daulton Varsho UTIL Spencer Jones UTIL Austin Wells,,,
846,5232445806,hansobeau (1/3),0,37.05,CPT Gerrit Cole UTIL Yordan Alvarez UTIL Ben Rice UTIL Yainer Diaz UTIL Taylor Trammell UTIL Austin Wells,,,
846,5232445807,hansobeau (2/3),0,37.05,CPT Gerrit Cole UTIL Yordan Alvarez UTIL Ben Rice UTIL Yainer Diaz UTIL Taylor Trammell UTIL Austin Wells,,,
846,5232445808,hansobeau (3/3),0,37.05,CPT Gerrit Cole UTIL Yordan Alvarez UTIL Ben Rice UTIL Yainer Diaz UTIL Taylor Trammell UTIL Austin Wells,,,
846,5232487608,MoneyMatt14,0,37.05,CPT Gerrit Cole UTIL Ben Rice UTIL Cody Bellinger UTIL Daulton Varsho UTIL Spencer Jones UTIL Austin Wells,,,
846,5232491318,KelvinDubs (9/20),0,37.05,CPT Gerrit Cole UTIL Ben Rice UTIL Cody Bellinger UTIL Daulton Varsho UTIL Spencer Jones UTIL Austin Wells,,,
846,5232496967,jp198721,0,37.05,CPT Gerrit Cole UTIL Ben Rice UTIL Cody Bellinger UTIL Daulton Varsho UTIL Spencer Jones UTIL Austin Wells,,,
860,5231989392,az350z (4/20),0,37,CPT George Lombard Jr. UTIL Ben Rice UTIL Luis Garcia Jr. UTIL Jazz Chisholm Jr. UTIL Trent Grisham UTIL Jose Altuve,,,
860,5232205555,Makerssports,0,37,CPT Luis Garcia Jr. UTIL Ben Rice UTIL Jazz Chisholm Jr. UTIL Jose Altuve UTIL George Lombard Jr. UTIL Daulton Varsho,,,
860,5232386586,vermilf (2/2),0,37,CPT Luis Garcia Jr. UTIL Ben Rice UTIL Jazz Chisholm Jr. UTIL Trent Grisham UTIL George Lombard Jr. UTIL Daulton Varsho,,,
860,5232419850,kowboyz11,0,37,CPT Yordan Alvarez UTIL Jeremy Pena UTIL Jose Altuve UTIL Isaac Paredes UTIL Jose Caballero UTIL Yainer Diaz,,,
860,5232424901,IBrits (1/2),0,37,CPT Ben Rice UTIL Luis Garcia Jr. UTIL Cody Bellinger UTIL Jazz Chisholm Jr. UTIL Trent Grisham UTIL Taylor Trammell,,,
865,5232343780,pat_the_hat2 (9/11),0,36.95,CPT Cam Smith UTIL Gerrit Cole UTIL Hayden Wesneski UTIL Yordan Alvarez UTIL Trent Grisham UTIL Austin Wells,,,
865,5232491786,sgrupp (1/4),0,36.95,CPT Austin Wells UTIL Gerrit Cole UTIL Hayden Wesneski UTIL Yordan Alvarez UTIL Trent Grisham UTIL Spencer Jones,,,
865,5232496466,JCM1183 (2/5),0,36.95,CPT Cam Smith UTIL Gerrit Cole UTIL Hayden Wesneski UTIL Yordan Alvarez UTIL Trent Grisham UTIL Austin Wells,,,
868,5231878858,kingthurl (3/5),0,36.7,CPT Yordan Alvarez UTIL Gerrit Cole UTIL Jeremy Pena UTIL Yainer Diaz UTIL Cam Smith UTIL Austin Wells,,,
868,5232334773,jimmmy4,0,36.7,CPT Austin Wells UTIL Gerrit Cole UTIL Ben Rice UTIL Luis Garcia Jr. UTIL Cody Bellinger UTIL Isaac Paredes,,,
868,5232419985,anthony_sr (8/10),0,36.7,CPT Yordan Alvarez UTIL Gerrit Cole UTIL Ben Rice UTIL George Lombard Jr. UTIL Taylor Trammell UTIL Austin Wells,,,
868,5232496467,JCM1183 (3/5),0,36.7,CPT Yordan Alvarez UTIL Gerrit Cole UTIL Jazz Chisholm Jr. UTIL Jose Caballero UTIL Yainer Diaz UTIL Austin Wells,,,
872,5232445182,JoeNY07 (6/7),0,36.5,CPT Yainer Diaz UTIL Yordan Alvarez UTIL Luis Garcia Jr. UTIL Jeremy Pena UTIL Cody Bellinger UTIL George Lombard Jr.,,,
873,5231640229,Sammy.Boy (16/20),0,36.05,CPT Gerrit Cole UTIL Ben Rice UTIL Cody Bellinger UTIL Trent Grisham UTIL Taylor Trammell UTIL Austin Wells,,,
873,5231728559,ivymoose (5/10),0,36.05,CPT Gerrit Cole UTIL Ben Rice UTIL Cody Bellinger UTIL Trent Grisham UTIL Taylor Trammell UTIL Austin Wells,,,
873,5231781742,darwinrakerene,0,36.05,CPT Gerrit Cole UTIL Ben Rice UTIL Cody Bellinger UTIL Trent Grisham UTIL Taylor Trammell UTIL Austin Wells,,,
873,5232046202,gwatts77 (3/20),0,36.05,CPT Gerrit Cole UTIL Ben Rice UTIL Cody Bellinger UTIL Trent Grisham UTIL Taylor Trammell UTIL Austin Wells,,,
873,5232070133,rsumrall (2/10),0,36.05,CPT Gerrit Cole UTIL Ben Rice UTIL Cody Bellinger UTIL Trent Grisham UTIL Taylor Trammell UTIL Austin Wells,,,
873,5232109285,MultipleWinGasms (11/20),0,36.05,CPT Gerrit Cole UTIL Ben Rice UTIL Cody Bellinger UTIL Trent Grisham UTIL Taylor Trammell UTIL Austin Wells,,,
873,5232188848,austin60915 (19/20),0,36.05,CPT Gerrit Cole UTIL Ben Rice UTIL Cody Bellinger UTIL Jose Caballero UTIL Cam Smith UTIL Austin Wells,,,
873,5232259156,Loch1978 (1/2),0,36.05,CPT Gerrit Cole UTIL Cody Bellinger UTIL Jose Altuve UTIL Isaac Paredes UTIL Taylor Trammell UTIL Anthony Volpe,,,
873,5232259168,Loch1978 (2/2),0,36.05,CPT Gerrit Cole UTIL Cody Bellinger UTIL Jose Altuve UTIL Isaac Paredes UTIL Taylor Trammell UTIL Anthony Volpe,,,
873,5232411384,cwh2638 (1/2),0,36.05,CPT Gerrit Cole UTIL Ben Rice UTIL Cody Bellinger UTIL Trent Grisham UTIL Taylor Trammell UTIL Austin Wells,,,
873,5232432704,Runninrebel02 (7/9),0,36.05,CPT Gerrit Cole UTIL Ben Rice UTIL Cody Bellinger UTIL Trent Grisham UTIL Taylor Trammell UTIL Austin Wells,,,
873,5232444217,enemymine (3/5),0,36.05,CPT Gerrit Cole UTIL Ben Rice UTIL Cody Bellinger UTIL Trent Grisham UTIL Taylor Trammell UTIL Austin Wells,,,
873,5232445432,gjglo (2/4),0,36.05,CPT Gerrit Cole UTIL Ben Rice UTIL Cody Bellinger UTIL Yainer Diaz UTIL Spencer Jones UTIL Austin Wells,,,
873,5232456509,slotone (3/20),0,36.05,CPT Gerrit Cole UTIL Ben Rice UTIL Jose Caballero UTIL Daulton Varsho UTIL Spencer Jones UTIL Austin Wells,,,
873,5232485888,lindamask (1/3),0,36.05,CPT Gerrit Cole UTIL Ben Rice UTIL Cody Bellinger UTIL Jose Caballero UTIL Cam Smith UTIL Austin Wells,,,
888,5232229788,kenread133 (2/2),0,36,CPT George Lombard Jr. UTIL Yordan Alvarez UTIL Jeremy Pena UTIL Cody Bellinger UTIL Jose Altuve UTIL Austin Wells,,,
888,5232378947,sturgeonking86 (1/2),0,36,CPT Yordan Alvarez UTIL Ben Rice UTIL Luis Garcia Jr. UTIL Jazz Chisholm Jr. UTIL George Lombard Jr. UTIL Austin Wells,,,
888,5232378960,sturgeonking86 (2/2),0,36,CPT Yordan Alvarez UTIL Ben Rice UTIL Luis Garcia Jr. UTIL Jazz Chisholm Jr. UTIL George Lombard Jr. UTIL Austin Wells,,,
891,5231953344,PManos,0,35.7,CPT Spencer Jones UTIL Gerrit Cole UTIL Luis Garcia Jr. UTIL Cody Bellinger UTIL Jazz Chisholm Jr. UTIL Daulton Varsho,,,
891,5232233062,jsh1122 (9/20),0,35.7,CPT Ben Rice UTIL Gerrit Cole UTIL Trent Grisham UTIL George Lombard Jr. UTIL Spencer Jones UTIL Cam Smith,,,
891,5232233455,welak21 (8/20),0,35.7,CPT Spencer Jones UTIL Gerrit Cole UTIL Cody Bellinger UTIL Jazz Chisholm Jr. UTIL Trent Grisham UTIL Daulton Varsho,,,
891,5232233462,welak21 (15/20),0,35.7,CPT Trent Grisham UTIL Gerrit Cole UTIL Ben Rice UTIL Isaac Paredes UTIL Jose Caballero UTIL Austin Wells,,,
891,5232276361,wolfy313 (5/10),0,35.7,CPT Spencer Jones UTIL Gerrit Cole UTIL Luis Garcia Jr. UTIL Jazz Chisholm Jr. UTIL Jose Altuve UTIL George Lombard Jr.,,,
891,5232358469,jsamtoy (20/20),0,35.7,CPT Ben Rice UTIL Gerrit Cole UTIL Trent Grisham UTIL George Lombard Jr. UTIL Spencer Jones UTIL Cam Smith,,,
891,5232398210,ChrisA626,0,35.7,CPT Spencer Jones UTIL Gerrit Cole UTIL Luis Garcia Jr. UTIL Cody Bellinger UTIL Jazz Chisholm Jr. UTIL Daulton Varsho,,,
891,5232417503,rus81td,0,35.7,CPT Spencer Jones UTIL Gerrit Cole UTIL Luis Garcia Jr. UTIL Cody Bellinger UTIL Jazz Chisholm Jr. UTIL Daulton Varsho,,,
891,5232452732,noobie89 (3/20),0,35.7,CPT Luis Garcia Jr. UTIL Gerrit Cole UTIL Cody Bellinger UTIL Jazz Chisholm Jr. UTIL Daulton Varsho UTIL Austin Wells,,,
891,5232456365,ghstrnr,0,35.7,CPT Luis Garcia Jr. UTIL Gerrit Cole UTIL Cody Bellinger UTIL Jazz Chisholm Jr. UTIL Daulton Varsho UTIL Austin Wells,,,
891,5232460103,noobie89 (14/20),0,35.7,CPT Luis Garcia Jr. UTIL Gerrit Cole UTIL Cody Bellinger UTIL Jazz Chisholm Jr. UTIL Daulton Varsho UTIL Austin Wells,,,
891,5232463602,vetterunner (5/5),0,35.7,CPT Luis Garcia Jr. UTIL Gerrit Cole UTIL Cody Bellinger UTIL Jazz Chisholm Jr. UTIL Daulton Varsho UTIL Austin Wells,,,
903,5232358456,jsamtoy (7/20),0,35.25,CPT Yordan Alvarez UTIL Hayden Wesneski UTIL Trent Grisham UTIL Isaac Paredes UTIL Spencer Jones UTIL Cam Smith,,,
904,5231958897,EEChick1400,0,35.05,CPT Gerrit Cole UTIL Luis Garcia Jr. UTIL Cody Bellinger UTIL George Lombard Jr. UTIL Daulton Varsho UTIL Austin Wells,,,
904,5231991935,Caryg07 (19/20),0,35.05,CPT Gerrit Cole UTIL Ben Rice UTIL Trent Grisham UTIL Jose Caballero UTIL Yainer Diaz UTIL Austin Wells,,,
904,5232042283,Satch65 (5/20),0,35.05,CPT Gerrit Cole UTIL Ben Rice UTIL Trent Grisham UTIL Jose Caballero UTIL Yainer Diaz UTIL Austin Wells,,,
904,5232070135,rsumrall (4/10),0,35.05,CPT Gerrit Cole UTIL Ben Rice UTIL Trent Grisham UTIL Jose Caballero UTIL Yainer Diaz UTIL Austin Wells,,,
904,5232214935,RollTideForLife (4/20),0,35.05,CPT Gerrit Cole UTIL Yordan Alvarez UTIL Jose Caballero UTIL George Lombard Jr. UTIL Spencer Jones UTIL Taylor Trammell,,,
909,5232233066,jsh1122 (13/20),0,35,CPT Trent Grisham UTIL Yordan Alvarez UTIL Ben Rice UTIL Jazz Chisholm Jr. UTIL George Lombard Jr. UTIL Spencer Jones,,,
909,5232281319,ohbuck63 (2/2),0,35,CPT Daulton Varsho UTIL Ben Rice UTIL Luis Garcia Jr. UTIL Cody Bellinger UTIL Jazz Chisholm Jr. UTIL Jose Altuve,,,
909,5232405531,bazza986 (1/2),0,35,CPT Ben Rice UTIL Yordan Alvarez UTIL Luis Garcia Jr. UTIL Jazz Chisholm Jr. UTIL LaMonte Wade Jr. UTIL Nick Allen,,,
909,5232409602,bazza986 (2/2),0,35,CPT Ben Rice UTIL Yordan Alvarez UTIL Luis Garcia Jr. UTIL Jazz Chisholm Jr. UTIL LaMonte Wade Jr. UTIL Nick Allen,,,
909,5232447234,JJJ_777X,0,35,CPT Luis Garcia Jr. UTIL Ben Rice UTIL Jeremy Pena UTIL Cody Bellinger UTIL Jose Altuve UTIL Taylor Trammell,,,
909,5232456512,slotone (6/20),0,35,CPT Luis Garcia Jr. UTIL Ben Rice UTIL Cody Bellinger UTIL Jazz Chisholm Jr. UTIL Jose Caballero UTIL Yainer Diaz,,,
915,5232460721,flydol1876 (2/10),0,34.95,CPT Spencer Jones UTIL Gerrit Cole UTIL Hayden Wesneski UTIL Luis Garcia Jr. UTIL Trent Grisham UTIL Austin Wells,,,
916,5232133271,termayf1,0,34.7,CPT Ben Rice UTIL Gerrit Cole UTIL Cody Bellinger UTIL Jose Altuve UTIL Taylor Trammell UTIL Austin Wells,,,
916,5232232336,SpeedRacer101 (8/20),0,34.7,CPT Ben Rice UTIL Gerrit Cole UTIL Luis Garcia Jr. UTIL Cody Bellinger UTIL Taylor Trammell UTIL Austin Wells,,,
916,5232358452,jsamtoy (3/20),0,34.7,CPT Ben Rice UTIL Gerrit Cole UTIL Luis Garcia Jr. UTIL Cody Bellinger UTIL Taylor Trammell UTIL Austin Wells,,,
916,5232402516,kellydjk (6/6),0,34.7,CPT Ben Rice UTIL Gerrit Cole UTIL Luis Garcia Jr. UTIL Cody Bellinger UTIL Taylor Trammell UTIL Austin Wells,,,
916,5232410455,jimmiyzap,0,34.7,CPT Ben Rice UTIL Gerrit Cole UTIL Luis Garcia Jr. UTIL Daulton Varsho UTIL Yainer Diaz UTIL Austin Wells,,,
916,5232413275,anthony_sr (5/10),0,34.7,CPT Ben Rice UTIL Gerrit Cole UTIL Luis Garcia Jr. UTIL Daulton Varsho UTIL Spencer Jones UTIL Taylor Trammell,,,
916,5232415163,jrichter49,0,34.7,CPT Luis Garcia Jr. UTIL Gerrit Cole UTIL Cody Bellinger UTIL Jazz Chisholm Jr. UTIL Yainer Diaz UTIL Austin Wells,,,
916,5232433995,Steven1156,0,34.7,CPT Ben Rice UTIL Gerrit Cole UTIL Luis Garcia Jr. UTIL Cody Bellinger UTIL Taylor Trammell UTIL Austin Wells,,,
916,5232445131,gjglo (1/4),0,34.7,CPT Trent Grisham UTIL Gerrit Cole UTIL Cody Bellinger UTIL Jazz Chisholm Jr. UTIL Yainer Diaz UTIL Spencer Jones,,,
916,5232461440,Orangechocolate70 (6/7),0,34.7,CPT Ben Rice UTIL Gerrit Cole UTIL Luis Garcia Jr. UTIL Cody Bellinger UTIL Taylor Trammell UTIL Austin Wells,,,
926,5232233463,welak21 (16/20),0,34.2,CPT Jose Caballero UTIL Gerrit Cole UTIL Ben Rice UTIL Cody Bellinger UTIL Yainer Diaz UTIL Spencer Jones,,,
927,5231728557,ivymoose (3/10),0,34.05,CPT Gerrit Cole UTIL Luis Garcia Jr. UTIL Jazz Chisholm Jr. UTIL Trent Grisham UTIL Cam Smith UTIL Austin Wells,,,
927,5231969863,bloylo,0,34.05,CPT Gerrit Cole UTIL Yordan Alvarez UTIL Ben Rice UTIL Cam Smith UTIL Taylor Trammell UTIL Austin Wells,,,
927,5231991929,Caryg07 (13/20),0,34.05,CPT Gerrit Cole UTIL Luis Garcia Jr. UTIL Jose Caballero UTIL George Lombard Jr. UTIL Daulton Varsho UTIL Spencer Jones,,,
927,5232008638,2boys2girls (1/3),0,34.05,CPT Gerrit Cole UTIL Luis Garcia Jr. UTIL Cody Bellinger UTIL George Lombard Jr. UTIL Spencer Jones UTIL Taylor Trammell,,,
927,5232046205,gwatts77 (6/20),0,34.05,CPT Gerrit Cole UTIL Luis Garcia Jr. UTIL Jazz Chisholm Jr. UTIL Trent Grisham UTIL Cam Smith UTIL Austin Wells,,,
927,5232233056,jsh1122 (3/20),0,34.05,CPT Gerrit Cole UTIL Luis Garcia Jr. UTIL Jazz Chisholm Jr. UTIL Jose Altuve UTIL Cam Smith UTIL Austin Wells,,,
927,5232233456,welak21 (9/20),0,34.05,CPT Gerrit Cole UTIL Luis Garcia Jr. UTIL Cody Bellinger UTIL George Lombard Jr. UTIL Yainer Diaz UTIL Austin Wells,,,
927,5232233459,welak21 (12/20),0,34.05,CPT Gerrit Cole UTIL Luis Garcia Jr. UTIL Jazz Chisholm Jr. UTIL Trent Grisham UTIL Cam Smith UTIL Austin Wells,,,
927,5232282526,jiombardo444,0,34.05,CPT Gerrit Cole UTIL Luis Garcia Jr. UTIL Cody Bellinger UTIL George Lombard Jr. UTIL Spencer Jones UTIL Taylor Trammell,,,
927,5232328928,jpatrickwhitey8 (2/2),0,34.05,CPT Gerrit Cole UTIL Luis Garcia Jr. UTIL George Lombard Jr. UTIL Daulton Varsho UTIL Yainer Diaz UTIL Spencer Jones,,,
927,5232408609,anthony_sr (2/10),0,34.05,CPT Gerrit Cole UTIL Luis Garcia Jr. UTIL Jazz Chisholm Jr. UTIL Trent Grisham UTIL Cam Smith UTIL Austin Wells,,,
927,5232436700,Sandman2442 (7/8),0,34.05,CPT Gerrit Cole UTIL Luis Garcia Jr. UTIL Jose Caballero UTIL George Lombard Jr. UTIL Daulton Varsho UTIL Spencer Jones,,,
927,5232480640,islandjim (5/7),0,34.05,CPT Gerrit Cole UTIL Yordan Alvarez UTIL Ben Rice UTIL Spencer Jones UTIL Taylor Trammell UTIL Austin Wells,,,
927,5232504518,Gladiatorsrule,0,34.05,CPT Gerrit Cole UTIL Luis Garcia Jr. UTIL Jose Caballero UTIL George Lombard Jr. UTIL Daulton Varsho UTIL Spencer Jones,,,
941,5231599472,WayneHaught1,0,34,CPT Yordan Alvarez UTIL Ben Rice UTIL Jeremy Pena UTIL Jose Altuve UTIL Yainer Diaz UTIL Amed Rosario,,,
941,5231978650,squeels1111,0,34,CPT Yordan Alvarez UTIL Ben Rice UTIL Luis Garcia Jr. UTIL Jeremy Pena UTIL Taylor Trammell UTIL Austin Wells,,,
941,5232314818,ERTapia,0,34,CPT Austin Wells UTIL Yordan Alvarez UTIL Ben Rice UTIL Luis Garcia Jr. UTIL Jeremy Pena UTIL Cody Bellinger,,,
941,5232456513,slotone (7/20),0,34,CPT Yordan Alvarez UTIL Ben Rice UTIL Luis Garcia Jr. UTIL Jeremy Pena UTIL Yainer Diaz UTIL Austin Wells,,,
941,5232456518,slotone (12/20),0,34,CPT Ben Rice UTIL Luis Garcia Jr. UTIL Jazz Chisholm Jr. UTIL Trent Grisham UTIL Daulton Varsho UTIL Austin Wells,,,
941,5232466040,tonylbrown71,0,34,CPT Trent Grisham UTIL Yordan Alvarez UTIL Ben Rice UTIL Jeremy Pena UTIL Daulton Varsho UTIL Cam Smith,,,
941,5232482615,islandjim (7/7),0,34,CPT Cam Smith UTIL Yordan Alvarez UTIL Ben Rice UTIL Luis Garcia Jr. UTIL Jeremy Pena UTIL Daulton Varsho,,,
948,5231886798,bilnuts,0,33.7,CPT Luis Garcia Jr. UTIL Gerrit Cole UTIL Isaac Paredes UTIL Jose Caballero UTIL George Lombard Jr. UTIL Spencer Jones,,,
948,5231991936,Caryg07 (20/20),0,33.7,CPT Trent Grisham UTIL Gerrit Cole UTIL Luis Garcia Jr. UTIL Jazz Chisholm Jr. UTIL Jose Caballero UTIL Taylor Trammell,,,
948,5232233068,jsh1122 (15/20),0,33.7,CPT Cody Bellinger UTIL Gerrit Cole UTIL Jazz Chisholm Jr. UTIL Trent Grisham UTIL Jose Altuve UTIL Austin Wells,,,
948,5232327531,aumni (1/20),0,33.7,CPT Ben Rice UTIL Gerrit Cole UTIL Luis Garcia Jr. UTIL Jose Caballero UTIL Yainer Diaz UTIL Austin Wells,,,
948,5232343777,pat_the_hat2 (6/11),0,33.7,CPT Daulton Varsho UTIL Gerrit Cole UTIL Luis Garcia Jr. UTIL Jazz Chisholm Jr. UTIL Trent Grisham UTIL Spencer Jones,,,
948,5232440207,CJnDoc,0,33.7,CPT Daulton Varsho UTIL Gerrit Cole UTIL Yordan Alvarez UTIL Ben Rice UTIL Jose Caballero UTIL Austin Wells,,,
948,5232468305,rb146886,0,33.7,CPT Spencer Jones UTIL Gerrit Cole UTIL Ben Rice UTIL Cody Bellinger UTIL Daulton Varsho UTIL Yainer Diaz,,,
948,5232473005,csp2263,0,33.7,CPT Spencer Jones UTIL Gerrit Cole UTIL Yordan Alvarez UTIL Cody Bellinger UTIL Jazz Chisholm Jr. UTIL Austin Wells,,,
948,5232476944,Golfwick,0,33.7,CPT Ben Rice UTIL Gerrit Cole UTIL Yordan Alvarez UTIL Daulton Varsho UTIL Cam Smith UTIL Austin Wells,,,
948,5232484498,martini13,0,33.7,CPT Spencer Jones UTIL Gerrit Cole UTIL Yordan Alvarez UTIL Cody Bellinger UTIL Jazz Chisholm Jr. UTIL Austin Wells,,,
958,5232095049,buckwheat54 (6/6),0,33.5,CPT Jose Caballero UTIL Ben Rice UTIL Cody Bellinger UTIL Jazz Chisholm Jr. UTIL Trent Grisham UTIL Jose Altuve,,,
958,5232327532,aumni (2/20),0,33.5,CPT Yainer Diaz UTIL Ben Rice UTIL Luis Garcia Jr. UTIL Cody Bellinger UTIL Jazz Chisholm Jr. UTIL Spencer Jones,,,
960,5232468308,ElPasoKid (1/2),0,33.2,CPT Jose Caballero UTIL Gerrit Cole UTIL Yordan Alvarez UTIL Ben Rice UTIL Daulton Varsho UTIL Austin Wells,,,
960,5232468358,ElPasoKid (2/2),0,33.2,CPT Jose Caballero UTIL Gerrit Cole UTIL Yordan Alvarez UTIL Ben Rice UTIL Daulton Varsho UTIL Austin Wells,,,
962,5231993648,Fuzz988,0,33.05,CPT Gerrit Cole UTIL Luis Garcia Jr. UTIL Jose Caballero UTIL George Lombard Jr. UTIL Yainer Diaz UTIL Spencer Jones,,,
962,5232032430,JcClark18 (14/15),0,33.05,CPT Gerrit Cole UTIL Luis Garcia Jr. UTIL Jose Caballero UTIL George Lombard Jr. UTIL Yainer Diaz UTIL Spencer Jones,,,
962,5232232335,SpeedRacer101 (7/20),0,33.05,CPT Gerrit Cole UTIL Cody Bellinger UTIL Trent Grisham UTIL Isaac Paredes UTIL Spencer Jones UTIL Austin Wells,,,
962,5232307557,mwadas22,0,33.05,CPT Gerrit Cole UTIL Ben Rice UTIL Luis Garcia Jr. UTIL Daulton Varsho UTIL Spencer Jones UTIL Joey Loperfido,,,
962,5232415251,anthony_sr (7/10),0,33.05,CPT Gerrit Cole UTIL Yordan Alvarez UTIL Cody Bellinger UTIL George Lombard Jr. UTIL Cam Smith UTIL Austin Wells,,,
962,5232459419,yaya0130,0,33.05,CPT Gerrit Cole UTIL Luis Garcia Jr. UTIL Jose Caballero UTIL George Lombard Jr. UTIL Yainer Diaz UTIL Spencer Jones,,,
962,5232460055,dominic73,0,33.05,CPT Gerrit Cole UTIL Ben Rice UTIL Trent Grisham UTIL Daulton Varsho UTIL Spencer Jones UTIL Austin Wells,,,
962,5232487009,Zayra17 (1/2),0,33.05,CPT Gerrit Cole UTIL Ben Rice UTIL Trent Grisham UTIL Daulton Varsho UTIL Spencer Jones UTIL Austin Wells,,,
962,5232503509,billk23,0,33.05,CPT Gerrit Cole UTIL Ben Rice UTIL Luis Garcia Jr. UTIL Daulton Varsho UTIL Cam Smith UTIL Austin Wells,,,
971,5231919532,Skywalker_8 (2/2),0,33,CPT Jeremy Pena UTIL Yordan Alvarez UTIL Luis Garcia Jr. UTIL Cody Bellinger UTIL Paul Goldschmidt UTIL Cam Smith,,,
971,5232288865,Douglas1990,0,33,CPT Luis Garcia Jr. UTIL Ben Rice UTIL Cody Bellinger UTIL Jazz Chisholm Jr. UTIL Daulton Varsho UTIL Spencer Jones,,,
971,5232331034,TigerLoose,0,33,CPT Luis Garcia Jr. UTIL Cody Bellinger UTIL Jazz Chisholm Jr. UTIL Trent Grisham UTIL Isaac Paredes UTIL Daulton Varsho,,,
971,5232449030,gjglo (4/4),0,33,CPT Luis Garcia Jr. UTIL Ben Rice UTIL Cody Bellinger UTIL Jazz Chisholm Jr. UTIL Daulton Varsho UTIL Spencer Jones,,,
971,5232472288,patrickwad,0,33,CPT Isaac Paredes UTIL Yordan Alvarez UTIL Luis Garcia Jr. UTIL Cody Bellinger UTIL George Lombard Jr. UTIL Daulton Varsho,,,
976,5232444219,enemymine (5/5),0,32.75,CPT Yainer Diaz UTIL Hayden Wesneski UTIL Yordan Alvarez UTIL Trent Grisham UTIL Jose Altuve UTIL Daulton Varsho,,,
977,5231839993,adubs07450,0,32.7,CPT Cody Bellinger UTIL Gerrit Cole UTIL Ben Rice UTIL Trent Grisham UTIL Daulton Varsho UTIL Austin Wells,,,
977,5231901134,RobFTW2014 (2/2),0,32.7,CPT Ben Rice UTIL Gerrit Cole UTIL Yordan Alvarez UTIL Yainer Diaz UTIL Spencer Jones UTIL Austin Wells,,,
977,5232032238,byronwallace,0,32.7,CPT Daulton Varsho UTIL Gerrit Cole UTIL Ben Rice UTIL Luis Garcia Jr. UTIL Cody Bellinger UTIL Austin Wells,,,
977,5232154244,TY54321 (8/11),0,32.7,CPT Luis Garcia Jr. UTIL Gerrit Cole UTIL Ben Rice UTIL Isaac Paredes UTIL Spencer Jones UTIL Austin Wells,,,
977,5232267228,Kep1215,0,32.7,CPT Ben Rice UTIL Gerrit Cole UTIL Yordan Alvarez UTIL Yainer Diaz UTIL Spencer Jones UTIL Austin Wells,,,
977,5232307026,Runninrebel02 (2/9),0,32.7,CPT Luis Garcia Jr. UTIL Gerrit Cole UTIL Ben Rice UTIL Isaac Paredes UTIL Spencer Jones UTIL Austin Wells,,,
977,5232343778,pat_the_hat2 (7/11),0,32.7,CPT Luis Garcia Jr. UTIL Gerrit Cole UTIL Ben Rice UTIL Isaac Paredes UTIL Spencer Jones UTIL Austin Wells,,,
977,5232475122,blueshift16 (2/2),0,32.7,CPT Luis Garcia Jr. UTIL Gerrit Cole UTIL Ben Rice UTIL Isaac Paredes UTIL Spencer Jones UTIL Austin Wells,,,
977,5232501889,TexasDig (6/20),0,32.7,CPT Luis Garcia Jr. UTIL Gerrit Cole UTIL Ben Rice UTIL Isaac Paredes UTIL Spencer Jones UTIL Austin Wells,,,
986,5231640226,Sammy.Boy (13/20),0,32.05,CPT Gerrit Cole UTIL Ben Rice UTIL Luis Garcia Jr. UTIL Yainer Diaz UTIL Spencer Jones UTIL Austin Wells,,,
986,5231640233,Sammy.Boy (20/20),0,32.05,CPT Gerrit Cole UTIL Ben Rice UTIL Jose Altuve UTIL Jose Caballero UTIL Spencer Jones UTIL Austin Wells,,,
986,5232011891,starplay (3/4),0,32.05,CPT Gerrit Cole UTIL Yordan Alvarez UTIL Jose Caballero UTIL George Lombard Jr. UTIL Spencer Jones UTIL Austin Wells,,,
986,5232070140,rsumrall (9/10),0,32.05,CPT Gerrit Cole UTIL Ben Rice UTIL Luis Garcia Jr. UTIL Yainer Diaz UTIL Spencer Jones UTIL Austin Wells,,,
986,5232109284,MultipleWinGasms (10/20),0,32.05,CPT Gerrit Cole UTIL Ben Rice UTIL Luis Garcia Jr. UTIL Yainer Diaz UTIL Spencer Jones UTIL Austin Wells,,,
986,5232319496,jfloyd1104,0,32.05,CPT Gerrit Cole UTIL Ben Rice UTIL Trent Grisham UTIL Jose Altuve UTIL Taylor Trammell UTIL Austin Wells,,,
986,5232343773,pat_the_hat2 (2/11),0,32.05,CPT Gerrit Cole UTIL Ben Rice UTIL Luis Garcia Jr. UTIL Yainer Diaz UTIL Spencer Jones UTIL Austin Wells,,,
986,5232365933,okelly36 (2/2),0,32.05,CPT Gerrit Cole UTIL Ben Rice UTIL Luis Garcia Jr. UTIL Spencer Jones UTIL Cam Smith UTIL Taylor Trammell,,,
986,5232401961,Watchib (1/2),0,32.05,CPT Gerrit Cole UTIL Ben Rice UTIL Luis Garcia Jr. UTIL Yainer Diaz UTIL Spencer Jones UTIL Austin Wells,,,
986,5232406802,lornaz,0,32.05,CPT Gerrit Cole UTIL Ben Rice UTIL Luis Garcia Jr. UTIL Yainer Diaz UTIL Spencer Jones UTIL Austin Wells,,,
986,5232408264,Roborob213 (1/2),0,32.05,CPT Gerrit Cole UTIL Ben Rice UTIL Luis Garcia Jr. UTIL Yainer Diaz UTIL Spencer Jones UTIL Austin Wells,,,
986,5232408526,Roborob213 (2/2),0,32.05,CPT Gerrit Cole UTIL Ben Rice UTIL Luis Garcia Jr. UTIL Yainer Diaz UTIL Spencer Jones UTIL Austin Wells,,,
986,5232429186,oldschoolyankee,0,32.05,CPT Gerrit Cole UTIL Ben Rice UTIL Luis Garcia Jr. UTIL Spencer Jones UTIL Taylor Trammell UTIL Austin Wells,,,
986,5232431427,dirtyone70,0,32.05,CPT Gerrit Cole UTIL Ben Rice UTIL Trent Grisham UTIL Yainer Diaz UTIL Spencer Jones UTIL Austin Wells,,,
986,5232453853,samunderu,0,32.05,CPT Gerrit Cole UTIL Ben Rice UTIL Luis Garcia Jr. UTIL Yainer Diaz UTIL Spencer Jones UTIL Austin Wells,,,
986,5232458380,PurpleReign1313 (1/2),0,32.05,CPT Gerrit Cole UTIL Ben Rice UTIL Luis Garcia Jr. UTIL Yainer Diaz UTIL Spencer Jones UTIL Austin Wells,,,
986,5232462752,vetterunner (4/5),0,32.05,CPT Gerrit Cole UTIL Yordan Alvarez UTIL Luis Garcia Jr. UTIL George Lombard Jr. UTIL Taylor Trammell UTIL Austin Wells,,,
986,5232487916,serena440,0,32.05,CPT Gerrit Cole UTIL Ben Rice UTIL Trent Grisham UTIL Jose Altuve UTIL Taylor Trammell UTIL Austin Wells,,,
986,5232491233,roboz1962,0,32.05,CPT Gerrit Cole UTIL Ben Rice UTIL Luis Garcia Jr. UTIL Yainer Diaz UTIL Spencer Jones UTIL Austin Wells,,,
986,5232493160,gametime222,0,32.05,CPT Gerrit Cole UTIL Ben Rice UTIL Trent Grisham UTIL Jose Caballero UTIL Cam Smith UTIL Austin Wells,,,
986,5232499565,sgrupp (4/4),0,32.05,CPT Gerrit Cole UTIL Ben Rice UTIL Luis Garcia Jr. UTIL Yainer Diaz UTIL Spencer Jones UTIL Austin Wells,,,
986,5232501885,TexasDig (2/20),0,32.05,CPT Gerrit Cole UTIL Ben Rice UTIL Jose Altuve UTIL Jose Caballero UTIL Spencer Jones UTIL Austin Wells,,,
986,5232501886,TexasDig (3/20),0,32.05,CPT Gerrit Cole UTIL Luis Garcia Jr. UTIL Trent Grisham UTIL Isaac Paredes UTIL Yainer Diaz UTIL Austin Wells,,,
1009,5232422360,BBSJGOLD,0,32,CPT Yordan Alvarez UTIL Ben Rice UTIL Jazz Chisholm Jr. UTIL Jose Altuve UTIL Daulton Varsho UTIL Austin Wells,,,
1009,5232496358,krcreegg (1/3),0,32,CPT Yordan Alvarez UTIL Jeremy Pena UTIL Cody Bellinger UTIL Jose Altuve UTIL Daulton Varsho UTIL Yainer Diaz,,,
1009,5232496404,krcreegg (2/3),0,32,CPT Yordan Alvarez UTIL Jeremy Pena UTIL Cody Bellinger UTIL Jose Altuve UTIL Daulton Varsho UTIL Yainer Diaz,,,
1009,5232496486,krcreegg (3/3),0,32,CPT Yordan Alvarez UTIL Jeremy Pena UTIL Cody Bellinger UTIL Jose Altuve UTIL Daulton Varsho UTIL Yainer Diaz,,,
1013,5232154246,TY54321 (10/11),0,31.7,CPT Trent Grisham UTIL Gerrit Cole UTIL Jazz Chisholm Jr. UTIL Jose Altuve UTIL Daulton Varsho UTIL Spencer Jones,,,
1014,5232456515,slotone (9/20),0,31.5,CPT Jazz Chisholm Jr. UTIL Yordan Alvarez UTIL Luis Garcia Jr. UTIL Jose Caballero UTIL Daulton Varsho UTIL Austin Wells,,,
1015,5232070137,rsumrall (6/10),0,31.05,CPT Gerrit Cole UTIL Luis Garcia Jr. UTIL Trent Grisham UTIL George Lombard Jr. UTIL Daulton Varsho UTIL Austin Wells,,,
1016,5231976294,bposluszny (5/6),0,31,CPT Spencer Jones UTIL Yordan Alvarez UTIL Ben Rice UTIL Luis Garcia Jr. UTIL Jazz Chisholm Jr. UTIL Daulton Varsho,,,
1016,5231989396,az350z (8/20),0,31,CPT Cam Smith UTIL Yordan Alvarez UTIL Ben Rice UTIL Cody Bellinger UTIL Jazz Chisholm Jr. UTIL Trent Grisham,,,
1016,5232233065,jsh1122 (12/20),0,31,CPT Trent Grisham UTIL Yordan Alvarez UTIL Ben Rice UTIL Cody Bellinger UTIL Jazz Chisholm Jr. UTIL Austin Wells,,,
1016,5232439490,gymdoortee,0,31,CPT Yordan Alvarez UTIL Ben Rice UTIL Jazz Chisholm Jr. UTIL Trent Grisham UTIL Yainer Diaz UTIL Cam Smith,,,
1016,5232450245,KenyanDrake (10/20),0,31,CPT Cody Bellinger UTIL Ben Rice UTIL Luis Garcia Jr. UTIL Jazz Chisholm Jr. UTIL Trent Grisham UTIL Cam Smith,,,
1016,5232456514,slotone (8/20),0,31,CPT Trent Grisham UTIL Ben Rice UTIL Luis Garcia Jr. UTIL Jazz Chisholm Jr. UTIL Jose Caballero UTIL Yainer Diaz,,,
1022,5232090315,Lostnspace137,0,30.7,CPT Luis Garcia Jr. UTIL Gerrit Cole UTIL Jazz Chisholm Jr. UTIL Trent Grisham UTIL Spencer Jones UTIL Taylor Trammell,,,
1022,5232109293,MultipleWinGasms (19/20),0,30.7,CPT Ben Rice UTIL Gerrit Cole UTIL Luis Garcia Jr. UTIL Trent Grisham UTIL Taylor Trammell UTIL Austin Wells,,,
1022,5232216307,EdDRay,0,30.7,CPT Yordan Alvarez UTIL Gerrit Cole UTIL Jose Altuve UTIL George Lombard Jr. UTIL Daulton Varsho UTIL Taylor Trammell,,,
1022,5232276360,wolfy313 (4/10),0,30.7,CPT Spencer Jones UTIL Gerrit Cole UTIL Luis Garcia Jr. UTIL Jazz Chisholm Jr. UTIL Jose Altuve UTIL Jose Caballero,,,
1022,5232451021,ballgame1881 (6/15),0,30.7,CPT Luis Garcia Jr. UTIL Gerrit Cole UTIL Jazz Chisholm Jr. UTIL Trent Grisham UTIL Yainer Diaz UTIL Austin Wells,,,
1022,5232454553,bbest1202,0,30.7,CPT Daulton Varsho UTIL Gerrit Cole UTIL Yordan Alvarez UTIL Ben Rice UTIL Spencer Jones UTIL Cam Smith,,,
1022,5232477646,flydol1876 (5/10),0,30.7,CPT Trent Grisham UTIL Gerrit Cole UTIL Luis Garcia Jr. UTIL Jeremy Pena UTIL Spencer Jones UTIL Austin Wells,,,
1022,5232491326,KelvinDubs (17/20),0,30.7,CPT Luis Garcia Jr. UTIL Gerrit Cole UTIL Trent Grisham UTIL Isaac Paredes UTIL George Lombard Jr. UTIL Austin Wells,,,
1030,5232032429,JcClark18 (13/15),0,30.05,CPT Gerrit Cole UTIL Luis Garcia Jr. UTIL Cody Bellinger UTIL Jose Caballero UTIL Daulton Varsho UTIL Austin Wells,,,
1030,5232130651,FoxyGrandpa252 (2/20),0,30.05,CPT Gerrit Cole UTIL Luis Garcia Jr. UTIL Cody Bellinger UTIL Jose Caballero UTIL Daulton Varsho UTIL Austin Wells,,,
1030,5232296026,andrewirish,0,30.05,CPT Gerrit Cole UTIL Trent Grisham UTIL Jose Altuve UTIL George Lombard Jr. UTIL Yainer Diaz UTIL Spencer Jones,,,
1030,5232336468,Twyman2021,0,30.05,CPT Gerrit Cole UTIL Cody Bellinger UTIL Trent Grisham UTIL Daulton Varsho UTIL Yainer Diaz UTIL Spencer Jones,,,
1030,5232453092,noobie89 (5/20),0,30.05,CPT Gerrit Cole UTIL Luis Garcia Jr. UTIL Cody Bellinger UTIL Daulton Varsho UTIL Yainer Diaz UTIL Austin Wells,,,
1035,5231770784,jasa0920,0,30,CPT Ben Rice UTIL Yordan Alvarez UTIL Luis Garcia Jr. UTIL Isaac Paredes UTIL Paul Goldschmidt UTIL Taylor Trammell,,,
1035,5232111818,tam92267,0,30,CPT Ben Rice UTIL Yordan Alvarez UTIL Trent Grisham UTIL Isaac Paredes UTIL Yainer Diaz UTIL Spencer Jones,,,
1037,5232138999,twis334,0,29.7,CPT Luis Garcia Jr. UTIL Gerrit Cole UTIL Isaac Paredes UTIL Jose Caballero UTIL Daulton Varsho UTIL Cam Smith,,,
1037,5232233058,jsh1122 (5/20),0,29.7,CPT Yordan Alvarez UTIL Gerrit Cole UTIL Ben Rice UTIL Daulton Varsho UTIL Cam Smith UTIL Austin Wells,,,
1037,5232276357,wolfy313 (1/10),0,29.7,CPT Spencer Jones UTIL Gerrit Cole UTIL Ben Rice UTIL Luis Garcia Jr. UTIL Cody Bellinger UTIL Taylor Trammell,,,
1037,5232276362,wolfy313 (6/10),0,29.7,CPT Spencer Jones UTIL Gerrit Cole UTIL Yordan Alvarez UTIL Luis Garcia Jr. UTIL Jazz Chisholm Jr. UTIL Austin Wells,,,
1037,5232346008,raiders85 (1/2),0,29.7,CPT Luis Garcia Jr. UTIL Gerrit Cole UTIL Ben Rice UTIL Daulton Varsho UTIL Spencer Jones UTIL Taylor Trammell,,,
1042,5232094755,buckwheat54 (1/6),0,29.5,CPT Yainer Diaz UTIL Yordan Alvarez UTIL Ben Rice UTIL Luis Garcia Jr. UTIL Isaac Paredes UTIL Jose Caballero,,,
1043,5231640225,Sammy.Boy (12/20),0,29.05,CPT Gerrit Cole UTIL Yordan Alvarez UTIL Trent Grisham UTIL George Lombard Jr. UTIL Spencer Jones UTIL Austin Wells,,,
1043,5231728558,ivymoose (4/10),0,29.05,CPT Gerrit Cole UTIL Ben Rice UTIL Luis Garcia Jr. UTIL Spencer Jones UTIL Cam Smith UTIL Austin Wells,,,
1043,5232046206,gwatts77 (7/20),0,29.05,CPT Gerrit Cole UTIL Luis Garcia Jr. UTIL Trent Grisham UTIL Isaac Paredes UTIL Spencer Jones UTIL Austin Wells,,,
1043,5232046207,gwatts77 (8/20),0,29.05,CPT Gerrit Cole UTIL Yordan Alvarez UTIL Trent Grisham UTIL George Lombard Jr. UTIL Spencer Jones UTIL Austin Wells,,,
1043,5232070132,rsumrall (1/10),0,29.05,CPT Gerrit Cole UTIL Yordan Alvarez UTIL Trent Grisham UTIL George Lombard Jr. UTIL Spencer Jones UTIL Austin Wells,,,
1043,5232188849,austin60915 (20/20),0,29.05,CPT Gerrit Cole UTIL Yordan Alvarez UTIL Trent Grisham UTIL George Lombard Jr. UTIL Spencer Jones UTIL Austin Wells,,,
1043,5232358465,jsamtoy (16/20),0,29.05,CPT Gerrit Cole UTIL Luis Garcia Jr. UTIL Cody Bellinger UTIL Jose Caballero UTIL Spencer Jones UTIL Taylor Trammell,,,
1043,5232437086,michaelshodson (2/5),0,29.05,CPT Gerrit Cole UTIL Yordan Alvarez UTIL Trent Grisham UTIL George Lombard Jr. UTIL Spencer Jones UTIL Austin Wells,,,
1043,5232444216,enemymine (2/5),0,29.05,CPT Gerrit Cole UTIL Yordan Alvarez UTIL Trent Grisham UTIL George Lombard Jr. UTIL Spencer Jones UTIL Austin Wells,,,
1052,5231738091,mitchell70 (3/3),0,29,CPT Yordan Alvarez UTIL Ben Rice UTIL Luis Garcia Jr. UTIL Isaac Paredes UTIL Yainer Diaz UTIL Taylor Trammell,,,
1052,5232378957,ZEUSKIZZ,0,29,CPT Yordan Alvarez UTIL Cody Bellinger UTIL Trent Grisham UTIL Isaac Paredes UTIL George Lombard Jr. UTIL Daulton Varsho,,,
1054,5232233453,welak21 (6/20),0,28.7,CPT Luis Garcia Jr. UTIL Gerrit Cole UTIL Ben Rice UTIL Jose Caballero UTIL Spencer Jones UTIL Taylor Trammell,,,
1054,5232279275,serb220,0,28.7,CPT Luis Garcia Jr. UTIL Gerrit Cole UTIL Cody Bellinger UTIL George Lombard Jr. UTIL Daulton Varsho UTIL Spencer Jones,,,
1056,5231832672,Torchman94,0,28.5,CPT Yainer Diaz UTIL Ben Rice UTIL Cody Bellinger UTIL Trent Grisham UTIL Isaac Paredes UTIL Spencer Jones,,,
1057,5232358463,jsamtoy (14/20),0,28.25,CPT Jose Altuve UTIL Hayden Wesneski UTIL Yordan Alvarez UTIL Trent Grisham UTIL Daulton Varsho UTIL Spencer Jones,,,
1057,5232451649,mwall24,0,28.25,CPT Cam Smith UTIL Hayden Wesneski UTIL Trent Grisham UTIL Jose Caballero UTIL Taylor Trammell UTIL Austin Wells,,,
1057,5232468137,Orangechocolate70 (7/7),0,28.25,CPT Yordan Alvarez UTIL Hayden Wesneski UTIL Luis Garcia Jr. UTIL Jose Altuve UTIL Cam Smith UTIL Taylor Trammell,,,
1060,5231848708,charlesrayallday,0,28.05,CPT Gerrit Cole UTIL Yordan Alvarez UTIL Trent Grisham UTIL Daulton Varsho UTIL Yainer Diaz UTIL Austin Wells,,,
1060,5232418486,mportigue,0,28.05,CPT Gerrit Cole UTIL Yordan Alvarez UTIL Jose Caballero UTIL Daulton Varsho UTIL Spencer Jones UTIL Cam Smith,,,
1062,5232501525,joset322,0,28,CPT Yordan Alvarez UTIL Ben Rice UTIL Jose Altuve UTIL Jose Caballero UTIL George Lombard Jr. UTIL Daulton Varsho,,,
1063,5232095046,buckwheat54 (3/6),0,27.7,CPT Jose Altuve UTIL Gerrit Cole UTIL Yordan Alvarez UTIL Isaac Paredes UTIL Yainer Diaz UTIL Austin Wells,,,
1063,5232460632,noobie89 (18/20),0,27.7,CPT Luis Garcia Jr. UTIL Gerrit Cole UTIL Jazz Chisholm Jr. UTIL Jose Altuve UTIL Spencer Jones UTIL Austin Wells,,,
1063,5232491321,KelvinDubs (12/20),0,27.7,CPT Ben Rice UTIL Gerrit Cole UTIL Trent Grisham UTIL Jose Altuve UTIL Spencer Jones UTIL Austin Wells,,,
1066,5231640231,Sammy.Boy (18/20),0,27.05,CPT Gerrit Cole UTIL Luis Garcia Jr. UTIL Trent Grisham UTIL George Lombard Jr. UTIL Spencer Jones UTIL Cam Smith,,,
1066,5231728564,ivymoose (10/10),0,27.05,CPT Gerrit Cole UTIL Luis Garcia Jr. UTIL Trent Grisham UTIL George Lombard Jr. UTIL Spencer Jones UTIL Cam Smith,,,
1066,5232123036,cubcrazyfool,0,27.05,CPT Gerrit Cole UTIL Luis Garcia Jr. UTIL Cody Bellinger UTIL Daulton Varsho UTIL Spencer Jones UTIL Austin Wells,,,
1066,5232188845,austin60915 (16/20),0,27.05,CPT Gerrit Cole UTIL Luis Garcia Jr. UTIL Trent Grisham UTIL George Lombard Jr. UTIL Spencer Jones UTIL Cam Smith,,,
1066,5232233450,welak21 (3/20),0,27.05,CPT Gerrit Cole UTIL Luis Garcia Jr. UTIL Cody Bellinger UTIL Daulton Varsho UTIL Spencer Jones UTIL Austin Wells,,,
1066,5232241150,kbrisacher (8/20),0,27.05,CPT Gerrit Cole UTIL Luis Garcia Jr. UTIL Trent Grisham UTIL George Lombard Jr. UTIL Spencer Jones UTIL Cam Smith,,,
1066,5232453338,noobie89 (9/20),0,27.05,CPT Gerrit Cole UTIL Luis Garcia Jr. UTIL Cody Bellinger UTIL Daulton Varsho UTIL Spencer Jones UTIL Austin Wells,,,
1066,5232500697,rmatthews440 (1/2),0,27.05,CPT Gerrit Cole UTIL Luis Garcia Jr. UTIL Trent Grisham UTIL George Lombard Jr. UTIL Spencer Jones UTIL Cam Smith,,,
1074,5231945438,buckleyfan47,0,27,CPT Luis Garcia Jr. UTIL Yordan Alvarez UTIL Ben Rice UTIL Jazz Chisholm Jr. UTIL Spencer Jones UTIL Cam Smith,,,
1074,5232480348,negri7368 (1/3),0,27,CPT Spencer Jones UTIL Yordan Alvarez UTIL Ben Rice UTIL Jazz Chisholm Jr. UTIL Trent Grisham UTIL Jose Altuve,,,
1074,5232480880,negri7368 (2/3),0,27,CPT Spencer Jones UTIL Yordan Alvarez UTIL Ben Rice UTIL Jazz Chisholm Jr. UTIL Trent Grisham UTIL Jose Altuve,,,
1074,5232480881,negri7368 (3/3),0,27,CPT Spencer Jones UTIL Yordan Alvarez UTIL Ben Rice UTIL Jazz Chisholm Jr. UTIL Trent Grisham UTIL Jose Altuve,,,
1078,5232460584,gravesendny,0,26.7,CPT Luis Garcia Jr. UTIL Gerrit Cole UTIL Ben Rice UTIL Daulton Varsho UTIL Spencer Jones UTIL Austin Wells,,,
1079,5231640223,Sammy.Boy (10/20),0,26.05,CPT Gerrit Cole UTIL Luis Garcia Jr. UTIL Cody Bellinger UTIL Trent Grisham UTIL Taylor Trammell UTIL Austin Wells,,,
1079,5232042290,Satch65 (12/20),0,26.05,CPT Gerrit Cole UTIL Cody Bellinger UTIL Trent Grisham UTIL Jose Caballero UTIL Spencer Jones UTIL Cam Smith,,,
1079,5232042298,Satch65 (20/20),0,26.05,CPT Gerrit Cole UTIL Luis Garcia Jr. UTIL Cody Bellinger UTIL Trent Grisham UTIL Taylor Trammell UTIL Austin Wells,,,
1079,5232215462,amberlina (1/5),0,26.05,CPT Gerrit Cole UTIL Luis Garcia Jr. UTIL Cody Bellinger UTIL Yainer Diaz UTIL Spencer Jones UTIL Cam Smith,,,
1079,5232215463,amberlina (2/5),0,26.05,CPT Gerrit Cole UTIL Luis Garcia Jr. UTIL Cody Bellinger UTIL Yainer Diaz UTIL Spencer Jones UTIL Cam Smith,,,
1079,5232215464,amberlina (3/5),0,26.05,CPT Gerrit Cole UTIL Luis Garcia Jr. UTIL Cody Bellinger UTIL Yainer Diaz UTIL Spencer Jones UTIL Cam Smith,,,
1079,5232215465,amberlina (4/5),0,26.05,CPT Gerrit Cole UTIL Luis Garcia Jr. UTIL Cody Bellinger UTIL Yainer Diaz UTIL Spencer Jones UTIL Cam Smith,,,
1079,5232215466,amberlina (5/5),0,26.05,CPT Gerrit Cole UTIL Luis Garcia Jr. UTIL Cody Bellinger UTIL Yainer Diaz UTIL Spencer Jones UTIL Cam Smith,,,
1079,5232233461,welak21 (14/20),0,26.05,CPT Gerrit Cole UTIL Luis Garcia Jr. UTIL Trent Grisham UTIL Jose Caballero UTIL Daulton Varsho UTIL Austin Wells,,,
1079,5232343774,pat_the_hat2 (3/11),0,26.05,CPT Gerrit Cole UTIL Cody Bellinger UTIL Trent Grisham UTIL Jose Caballero UTIL Spencer Jones UTIL Cam Smith,,,
1079,5232369527,mike_sb,0,26.05,CPT Gerrit Cole UTIL Luis Garcia Jr. UTIL Cody Bellinger UTIL Yainer Diaz UTIL Spencer Jones UTIL Cam Smith,,,
1079,5232445183,JoeNY07 (7/7),0,26.05,CPT Gerrit Cole UTIL Trent Grisham UTIL Jose Altuve UTIL Jose Caballero UTIL Daulton Varsho UTIL Austin Wells,,,
1079,5232456516,slotone (10/20),0,26.05,CPT Gerrit Cole UTIL Luis Garcia Jr. UTIL Trent Grisham UTIL Jose Caballero UTIL Daulton Varsho UTIL Austin Wells,,,
1092,5231787044,colegaleazzi17,0,26,CPT Yordan Alvarez UTIL Ben Rice UTIL Luis Garcia Jr. UTIL Isaac Paredes UTIL Yainer Diaz UTIL Amed Rosario,,,
1092,5232254623,JoeNY07 (2/7),0,26,CPT Yordan Alvarez UTIL Ben Rice UTIL Jose Altuve UTIL Isaac Paredes UTIL Jose Caballero UTIL Austin Wells,,,
1094,5231989399,az350z (11/20),0,25.7,CPT Luis Garcia Jr. UTIL Gerrit Cole UTIL Ben Rice UTIL Jose Caballero UTIL Spencer Jones UTIL Enyel De Los Santos,,,
1094,5232276358,wolfy313 (2/10),0,25.7,CPT Spencer Jones UTIL Gerrit Cole UTIL Ben Rice UTIL Luis Garcia Jr. UTIL Trent Grisham UTIL Taylor Trammell,,,
1094,5232337993,QBennett,0,25.7,CPT Yordan Alvarez UTIL Gerrit Cole UTIL Ben Rice UTIL Spencer Jones UTIL Cam Smith UTIL Austin Wells,,,
1094,5232358457,jsamtoy (8/20),0,25.7,CPT Luis Garcia Jr. UTIL Gerrit Cole UTIL Trent Grisham UTIL Isaac Paredes UTIL Jose Caballero UTIL Austin Wells,,,
1094,5232369982,jimmyRon86,0,25.7,CPT Luis Garcia Jr. UTIL Gerrit Cole UTIL Isaac Paredes UTIL Yainer Diaz UTIL Jasson Dominguez UTIL Anthony Volpe,,,
1094,5232402504,kellydjk (4/6),0,25.7,CPT Trent Grisham UTIL Gerrit Cole UTIL Ben Rice UTIL Luis Garcia Jr. UTIL Yainer Diaz UTIL Austin Wells,,,
1094,5232432702,Runninrebel02 (5/9),0,25.7,CPT Trent Grisham UTIL Gerrit Cole UTIL Ben Rice UTIL Luis Garcia Jr. UTIL Yainer Diaz UTIL Austin Wells,,,
1101,5232042296,Satch65 (18/20),0,25.05,CPT Gerrit Cole UTIL Yordan Alvarez UTIL Trent Grisham UTIL Daulton Varsho UTIL Spencer Jones UTIL Austin Wells,,,
1101,5232239284,ed8802,0,25.05,CPT Gerrit Cole UTIL Yordan Alvarez UTIL Trent Grisham UTIL Daulton Varsho UTIL Cam Smith UTIL Austin Wells,,,
1103,5232059273,SupremeApex22,0,25,CPT Yordan Alvarez UTIL Luis Garcia Jr. UTIL Jeremy Pena UTIL Jose Altuve UTIL Daulton Varsho UTIL Cam Smith,,,
1103,5232087112,harmon2121,0,25,CPT Yordan Alvarez UTIL Ben Rice UTIL Luis Garcia Jr. UTIL George Lombard Jr. UTIL Daulton Varsho UTIL Spencer Jones,,,
1103,5232129512,jjland,0,25,CPT Yordan Alvarez UTIL Cody Bellinger UTIL Jazz Chisholm Jr. UTIL Trent Grisham UTIL Jose Altuve UTIL Taylor Trammell,,,
1103,5232429905,IBrits (2/2),0,25,CPT Yordan Alvarez UTIL Jeremy Pena UTIL Cody Bellinger UTIL Trent Grisham UTIL Jose Altuve UTIL Austin Wells,,,
1107,5232327547,aumni (17/20),0,24.7,CPT Spencer Jones UTIL Gerrit Cole UTIL Yordan Alvarez UTIL Ben Rice UTIL Trent Grisham UTIL Austin Wells,,,
1107,5232487723,Zayra17 (2/2),0,24.7,CPT Trent Grisham UTIL Gerrit Cole UTIL Luis Garcia Jr. UTIL George Lombard Jr. UTIL Daulton Varsho UTIL Spencer Jones,,,
1109,5232451357,jeter101,0,24.05,CPT Gerrit Cole UTIL Yordan Alvarez UTIL Luis Garcia Jr. UTIL Yainer Diaz UTIL Cam Smith UTIL Austin Wells,,,
1109,5232465968,LARamsfan45,0,24.05,CPT Gerrit Cole UTIL Yordan Alvarez UTIL Luis Garcia Jr. UTIL Spencer Jones UTIL Taylor Trammell UTIL Austin Wells,,,
1109,5232483590,felix.flores,0,24.05,CPT Gerrit Cole UTIL Yordan Alvarez UTIL Luis Garcia Jr. UTIL Yainer Diaz UTIL Cam Smith UTIL Austin Wells,,,
1112,5232125182,AdamBlasingame23,0,24,CPT Spencer Jones UTIL Yordan Alvarez UTIL Ben Rice UTIL Luis Garcia Jr. UTIL Cody Bellinger UTIL George Lombard Jr.,,,
1112,5232130660,FoxyGrandpa252 (11/20),0,24,CPT Yordan Alvarez UTIL Cody Bellinger UTIL Jose Altuve UTIL Isaac Paredes UTIL Jose Caballero UTIL Daulton Varsho,,,
1112,5232233064,jsh1122 (11/20),0,24,CPT Ben Rice UTIL Yordan Alvarez UTIL Cody Bellinger UTIL Trent Grisham UTIL Jose Caballero UTIL Austin Wells,,,
1112,5232366107,macanootle,0,24,CPT Yordan Alvarez UTIL Ben Rice UTIL Cody Bellinger UTIL Jose Altuve UTIL Daulton Varsho UTIL Taylor Trammell,,,
1112,5232402037,Lastchild74,0,24,CPT Luis Garcia Jr. UTIL Yordan Alvarez UTIL Jose Altuve UTIL Isaac Paredes UTIL George Lombard Jr. UTIL Daulton Varsho,,,
1112,5232451027,ballgame1881 (12/15),0,24,CPT Trent Grisham UTIL Yordan Alvarez UTIL Ben Rice UTIL Cody Bellinger UTIL George Lombard Jr. UTIL Spencer Jones,,,
1112,5232474927,scmattg,0,24,CPT Yordan Alvarez UTIL Cody Bellinger UTIL Trent Grisham UTIL Isaac Paredes UTIL Jose Caballero UTIL Daulton Varsho,,,
1119,5232429264,coltz88 (1/2),0,23.7,CPT Daulton Varsho UTIL Gerrit Cole UTIL Yordan Alvarez UTIL Luis Garcia Jr. UTIL Yainer Diaz UTIL Spencer Jones,,,
1119,5232451022,ballgame1881 (7/15),0,23.7,CPT Yordan Alvarez UTIL Gerrit Cole UTIL Luis Garcia Jr. UTIL George Lombard Jr. UTIL Spencer Jones UTIL Austin Wells,,,
1119,5232460622,vetterunner (3/5),0,23.7,CPT Cody Bellinger UTIL Gerrit Cole UTIL Yordan Alvarez UTIL Luis Garcia Jr. UTIL Taylor Trammell UTIL Austin Wells,,,
1119,5232500696,hollowbat,0,23.7,CPT Cody Bellinger UTIL Gerrit Cole UTIL Yordan Alvarez UTIL Luis Garcia Jr. UTIL Taylor Trammell UTIL Austin Wells,,,
1123,5231701865,MikeeesPicks,0,23.05,CPT Gerrit Cole UTIL Luis Garcia Jr. UTIL Jose Altuve UTIL Daulton Varsho UTIL Spencer Jones UTIL Austin Wells,,,
1123,5231728560,ivymoose (6/10),0,23.05,CPT Gerrit Cole UTIL Luis Garcia Jr. UTIL Cody Bellinger UTIL Trent Grisham UTIL Cam Smith UTIL Austin Wells,,,
1123,5232046203,gwatts77 (4/20),0,23.05,CPT Gerrit Cole UTIL Luis Garcia Jr. UTIL Cody Bellinger UTIL Trent Grisham UTIL Cam Smith UTIL Austin Wells,,,
1123,5232109287,MultipleWinGasms (13/20),0,23.05,CPT Gerrit Cole UTIL Luis Garcia Jr. UTIL Cody Bellinger UTIL Trent Grisham UTIL Cam Smith UTIL Austin Wells,,,
1123,5232476292,johnnyp509,0,23.05,CPT Gerrit Cole UTIL Luis Garcia Jr. UTIL Cody Bellinger UTIL Trent Grisham UTIL Cam Smith UTIL Austin Wells,,,
1123,5232499439,onni1990 (3/3),0,23.05,CPT Gerrit Cole UTIL Luis Garcia Jr. UTIL Cody Bellinger UTIL Trent Grisham UTIL Cam Smith UTIL Austin Wells,,,
1129,5232016192,happyp,0,23,CPT Luis Garcia Jr. UTIL Yordan Alvarez UTIL Ben Rice UTIL Cody Bellinger UTIL Daulton Varsho UTIL Taylor Trammell,,,
1129,5232034817,spendlove1,0,23,CPT Luis Garcia Jr. UTIL Yordan Alvarez UTIL Ben Rice UTIL Trent Grisham UTIL George Lombard Jr. UTIL Taylor Trammell,,,
1129,5232405325,Rich4585,0,23,CPT Cody Bellinger UTIL Yordan Alvarez UTIL Jazz Chisholm Jr. UTIL Trent Grisham UTIL Jose Altuve UTIL Spencer Jones,,,
1129,5232412616,jack.1234 (2/2),0,23,CPT Jose Altuve UTIL Ben Rice UTIL Luis Garcia Jr. UTIL Trent Grisham UTIL Isaac Paredes UTIL Yainer Diaz,,,
1129,5232451030,ballgame1881 (15/15),0,23,CPT Yordan Alvarez UTIL Trent Grisham UTIL Isaac Paredes UTIL Daulton Varsho UTIL Yainer Diaz UTIL Taylor Trammell,,,
1129,5232454705,SnowAngel74 (4/6),0,23,CPT Luis Garcia Jr. UTIL Ben Rice UTIL Trent Grisham UTIL Jose Altuve UTIL Isaac Paredes UTIL Yainer Diaz,,,
1135,5231989406,az350z (18/20),0,22.7,CPT Spencer Jones UTIL Gerrit Cole UTIL Ben Rice UTIL Luis Garcia Jr. UTIL Trent Grisham UTIL Cam Smith,,,
1135,5232109294,MultipleWinGasms (20/20),0,22.7,CPT Luis Garcia Jr. UTIL Gerrit Cole UTIL Ben Rice UTIL Trent Grisham UTIL Cam Smith UTIL Austin Wells,,,
1135,5232130663,FoxyGrandpa252 (14/20),0,22.7,CPT Luis Garcia Jr. UTIL Gerrit Cole UTIL Ben Rice UTIL Trent Grisham UTIL Cam Smith UTIL Austin Wells,,,
1135,5232307025,Runninrebel02 (1/9),0,22.7,CPT Spencer Jones UTIL Gerrit Cole UTIL Ben Rice UTIL Luis Garcia Jr. UTIL Trent Grisham UTIL Cam Smith,,,
1135,5232327538,aumni (8/20),0,22.7,CPT Trent Grisham UTIL Gerrit Cole UTIL Ben Rice UTIL Jose Altuve UTIL Spencer Jones UTIL Austin Wells,,,
1135,5232365842,Runninrebel02 (4/9),0,22.7,CPT Austin Wells UTIL Gerrit Cole UTIL Ben Rice UTIL Luis Garcia Jr. UTIL Trent Grisham UTIL Jose Altuve,,,
1141,5232343779,pat_the_hat2 (8/11),0,22,CPT Cody Bellinger UTIL Yordan Alvarez UTIL Trent Grisham UTIL Jose Altuve UTIL Isaac Paredes UTIL Daulton Varsho,,,
1141,5232427819,MaciMae,0,22,CPT Cody Bellinger UTIL Yordan Alvarez UTIL Ben Rice UTIL Jose Altuve UTIL Daulton Varsho UTIL Spencer Jones,,,
1141,5232456511,slotone (5/20),0,22,CPT Yordan Alvarez UTIL Luis Garcia Jr. UTIL Jazz Chisholm Jr. UTIL Trent Grisham UTIL Daulton Varsho UTIL Austin Wells,,,
1144,5232417465,mindastray31,0,21.7,CPT Luis Garcia Jr. UTIL Gerrit Cole UTIL Yordan Alvarez UTIL Cody Bellinger UTIL Taylor Trammell UTIL Austin Wells,,,
1144,5232449125,rc2167 (3/3),0,21.7,CPT Luis Garcia Jr. UTIL Gerrit Cole UTIL Yordan Alvarez UTIL Cody Bellinger UTIL Taylor Trammell UTIL Austin Wells,,,
1146,5231907339,iceman1s1978,0,21.05,CPT Gerrit Cole UTIL Yordan Alvarez UTIL Luis Garcia Jr. UTIL Spencer Jones UTIL LaMonte Wade Jr. UTIL Austin Wells,,,
1146,5232344055,jonsierak (2/5),0,21.05,CPT Gerrit Cole UTIL Yordan Alvarez UTIL Luis Garcia Jr. UTIL Spencer Jones UTIL Cam Smith UTIL Austin Wells,,,
1148,5232092464,suzan9220,0,21,CPT Yordan Alvarez UTIL Luis Garcia Jr. UTIL Jazz Chisholm Jr. UTIL Jose Altuve UTIL Yainer Diaz UTIL Spencer Jones,,,
1148,5232224570,Blehar,0,21,CPT Yordan Alvarez UTIL Ben Rice UTIL Luis Garcia Jr. UTIL George Lombard Jr. UTIL Spencer Jones UTIL Austin Wells,,,
1148,5232456526,slotone (20/20),0,21,CPT Yordan Alvarez UTIL Ben Rice UTIL Luis Garcia Jr. UTIL Cody Bellinger UTIL Daulton Varsho UTIL Austin Wells,,,
1151,5232232333,SpeedRacer101 (5/20),0,20.7,CPT Cody Bellinger UTIL Gerrit Cole UTIL Yordan Alvarez UTIL Jose Altuve UTIL Spencer Jones UTIL Austin Wells,,,
1151,5232233466,welak21 (19/20),0,20.7,CPT Luis Garcia Jr. UTIL Gerrit Cole UTIL Cody Bellinger UTIL Trent Grisham UTIL Daulton Varsho UTIL Austin Wells,,,
1151,5232358453,jsamtoy (4/20),0,20.7,CPT Cody Bellinger UTIL Gerrit Cole UTIL Yordan Alvarez UTIL Trent Grisham UTIL Spencer Jones UTIL Austin Wells,,,
1151,5232396909,keithmathwhizz,0,20.7,CPT Cody Bellinger UTIL Gerrit Cole UTIL Yordan Alvarez UTIL Trent Grisham UTIL Spencer Jones UTIL Austin Wells,,,
1155,5232405164,Crack5,0,20,CPT Cody Bellinger UTIL Yordan Alvarez UTIL Luis Garcia Jr. UTIL Jose Altuve UTIL George Lombard Jr. UTIL Daulton Varsho,,,
1155,5232456519,slotone (13/20),0,20,CPT Trent Grisham UTIL Ben Rice UTIL Cody Bellinger UTIL Jose Altuve UTIL Jose Caballero UTIL Yainer Diaz,,,
1157,5232146948,aklease,0,19.7,CPT Trent Grisham UTIL Gerrit Cole UTIL Luis Garcia Jr. UTIL Cody Bellinger UTIL Yainer Diaz UTIL Cam Smith,,,
1158,5232501900,TexasDig (17/20),0,19.2,CPT Yainer Diaz UTIL Gerrit Cole UTIL Yordan Alvarez UTIL Luis Garcia Jr. UTIL Jose Altuve UTIL Austin Wells,,,
1159,5231556602,jstoltman3,0,19.05,CPT Gerrit Cole UTIL Luis Garcia Jr. UTIL Trent Grisham UTIL Jose Altuve UTIL Spencer Jones UTIL Austin Wells,,,
1159,5231640215,Sammy.Boy (2/20),0,19.05,CPT Gerrit Cole UTIL Luis Garcia Jr. UTIL Trent Grisham UTIL Jose Altuve UTIL Spencer Jones UTIL Austin Wells,,,
1159,5232046201,gwatts77 (2/20),0,19.05,CPT Gerrit Cole UTIL Luis Garcia Jr. UTIL Trent Grisham UTIL Jose Altuve UTIL Spencer Jones UTIL Austin Wells,,,
1159,5232194198,D-Wizzle,0,19.05,CPT Gerrit Cole UTIL Luis Garcia Jr. UTIL Trent Grisham UTIL Jose Altuve UTIL Spencer Jones UTIL Austin Wells,,,
1159,5232232339,SpeedRacer101 (11/20),0,19.05,CPT Gerrit Cole UTIL Luis Garcia Jr. UTIL Trent Grisham UTIL Jose Altuve UTIL Spencer Jones UTIL Austin Wells,,,
1164,5231974280,Joco6959,0,19,CPT Luis Garcia Jr. UTIL Yordan Alvarez UTIL Ben Rice UTIL Cody Bellinger UTIL Spencer Jones UTIL Taylor Trammell,,,
1164,5232263502,JoeNY07 (5/7),0,19,CPT Luis Garcia Jr. UTIL Yordan Alvarez UTIL Ben Rice UTIL Trent Grisham UTIL Daulton Varsho UTIL Taylor Trammell,,,
1164,5232476239,hgewecke,0,19,CPT Luis Garcia Jr. UTIL Yordan Alvarez UTIL Ben Rice UTIL Daulton Varsho UTIL Yainer Diaz UTIL Austin Wells,,,
1167,5231989408,az350z (20/20),0,18.7,CPT Trent Grisham UTIL Gerrit Cole UTIL Yordan Alvarez UTIL Cody Bellinger UTIL Spencer Jones UTIL Austin Wells,,,
1167,5232123765,wischmeir,0,18.7,CPT Yordan Alvarez UTIL Gerrit Cole UTIL Luis Garcia Jr. UTIL Jose Altuve UTIL Taylor Trammell UTIL Austin Wells,,,
1167,5232451020,ballgame1881 (5/15),0,18.7,CPT Cody Bellinger UTIL Gerrit Cole UTIL Luis Garcia Jr. UTIL Trent Grisham UTIL Spencer Jones UTIL Cam Smith,,,
1167,5232491816,sgrupp (2/4),0,18.7,CPT Luis Garcia Jr. UTIL Gerrit Cole UTIL Yordan Alvarez UTIL Daulton Varsho UTIL Spencer Jones UTIL Austin Wells,,,
1171,5232021139,NavinRJ1972,0,18,CPT Luis Garcia Jr. UTIL Cody Bellinger UTIL Trent Grisham UTIL Jose Altuve UTIL Isaac Paredes UTIL Daulton Varsho,,,
1171,5232327535,aumni (5/20),0,18,CPT Trent Grisham UTIL Ben Rice UTIL Luis Garcia Jr. UTIL Cody Bellinger UTIL Daulton Varsho UTIL Spencer Jones,,,
1171,5232347267,jmutchler,0,18,CPT Daulton Varsho UTIL Yordan Alvarez UTIL Ben Rice UTIL Luis Garcia Jr. UTIL Jose Altuve UTIL Spencer Jones,,,
1174,5232202807,fbmoney1,0,17.7,CPT Luis Garcia Jr. UTIL Gerrit Cole UTIL Yordan Alvarez UTIL Heliot Ramos UTIL Amed Rosario UTIL Taylor Trammell,,,
1174,5232323484,FakeNewsCNN1,0,17.7,CPT Trent Grisham UTIL Gerrit Cole UTIL Yordan Alvarez UTIL Jose Caballero UTIL Spencer Jones UTIL Austin Wells,,,
1174,5232360836,Rodger007,0,17.7,CPT Jose Altuve UTIL Gerrit Cole UTIL Yordan Alvarez UTIL Paul Goldschmidt UTIL Yainer Diaz UTIL Spencer Jones,,,
1177,5231942516,foutah (3/6),0,17,CPT Luis Garcia Jr. UTIL Cody Bellinger UTIL Trent Grisham UTIL Jose Altuve UTIL Isaac Paredes UTIL Jose Caballero,,,
1177,5232327546,aumni (16/20),0,17,CPT Yordan Alvarez UTIL Ben Rice UTIL Cody Bellinger UTIL Trent Grisham UTIL Spencer Jones UTIL Cam Smith,,,
1179,5232358464,jsamtoy (15/20),0,15.7,CPT Spencer Jones UTIL Gerrit Cole UTIL Luis Garcia Jr. UTIL Trent Grisham UTIL Jose Altuve UTIL Jose Caballero,,,
1180,5232451028,ballgame1881 (13/15),0,15,CPT Trent Grisham UTIL Yordan Alvarez UTIL Ben Rice UTIL Luis Garcia Jr. UTIL Yainer Diaz UTIL Spencer Jones,,,
1181,5232414440,Justinavery1,0,14,CPT Luis Garcia Jr. UTIL Ben Rice UTIL Cody Bellinger UTIL Trent Grisham UTIL Jose Altuve UTIL Cam Smith,,,
1182,5232456517,slotone (11/20),0,12,CPT Cody Bellinger UTIL Yordan Alvarez UTIL Luis Garcia Jr. UTIL Trent Grisham UTIL Daulton Varsho UTIL Austin Wells,,,
1183,5232409895,dhoulton35,0,8,CPT Cody Bellinger UTIL Yordan Alvarez UTIL Luis Garcia Jr. UTIL Trent Grisham UTIL Jose Altuve UTIL David Bednar,,,
1184,5232333356,Scrooge1515,0,7,CPT Yordan Alvarez UTIL Luis Garcia Jr. UTIL Trent Grisham UTIL Jose Altuve UTIL Daulton Varsho UTIL Spencer Jones,,,
1185,5232099814,nico1986,0,0,,,,
1185,5232242140,pdaly1998,0,0,,,,
1185,5232365239,dscherbs,0,0,,,,
1185,5232468599,MsKushions (1/2),0,0,,,,
1185,5232478727,MsKushions (2/2),0,0,,,,
