Rank,EntryId,EntryName,TimeRemaining,Points,Lineup,,Player,Roster Position,%Drafted,FPTS
1,5198774438,mickevcarter,0,182.55,1B Rafael Devers 2B Ildemaro Vargas 3B Nolan Arenado C Keibert Ruiz OF Dylan Crews OF Daylen Lile OF Jacob Young P Dylan Cease P Robbie Ray SS CJ Abrams,,Eury Perez,P,50.28%,8.35
2,5198379698,4courtney4,0,180.55,1B Rafael Devers 2B Jake Cronenworth 3B Casey Schmitt C Gabriel Moreno OF Dylan Crews OF Jung Hoo Lee OF Drew Gilbert P Dylan Cease P Robbie Ray SS Willy Adames,,Dylan Cease,P,44.00%,50.85
3,5198523483,joe_mac10,0,180.2,1B Rafael Devers 2B Nasim Nunez 3B Javier Sanoja C Keibert Ruiz OF Dylan Crews OF Jung Hoo Lee OF Jacob Young P Dylan Cease P Eury Perez SS CJ Abrams,,Sonny Gray,P,37.60%,1.25
3,5198928347,Prparent,0,180.2,1B Rafael Devers 2B Nasim Nunez 3B Javier Sanoja C Keibert Ruiz OF Dylan Crews OF Jung Hoo Lee OF Jacob Young P Dylan Cease P Eury Perez SS CJ Abrams,,Heriberto Hernandez,OF,35.35%,0
5,5198853251,DeMarcoble1,0,178.55,1B Rafael Devers 2B Jake Cronenworth 3B Kazuma Okamoto C Keibert Ruiz OF Wilyer Abreu OF Jackson Merrill OF Jung Hoo Lee P Dylan Cease P Robbie Ray SS Willy Adames,,Dylan Crews,OF,31.43%,8
6,5198849306,jc000000,0,177.55,1B Rafael Devers 2B Jake Cronenworth 3B Casey Schmitt C Gabriel Moreno OF Heliot Ramos OF Jung Hoo Lee OF Nathan Lukes P Dylan Cease P Robbie Ray SS Geraldo Perdomo,,Robbie Ray,P,29.52%,22.7
7,5198084640,jonchill,0,175.55,1B Rafael Devers 2B Ildemaro Vargas 3B Casey Schmitt C James McCann OF Dylan Crews OF Heriberto Hernandez OF Jacob Young P Dylan Cease P Robbie Ray SS CJ Abrams,,James Wood,OF,26.94%,3
7,5198866073,LadyNoLuck,0,175.55,1B Andres Chaparro 2B Jake Cronenworth 3B Curtis Mead C Keibert Ruiz OF Jackson Merrill OF Dylan Crews OF Luis Rengifo P Dylan Cease P Robbie Ray SS CJ Abrams,,Foster Griffin,P,26.82%,12.2
9,5198779233,cokerloc,0,172.55,1B Rafael Devers 2B Jake Cronenworth 3B Casey Schmitt C James McCann OF Mike Trout OF Heriberto Hernandez OF Masataka Yoshida P Dylan Cease P Robbie Ray SS CJ Abrams,,Rafael Devers,1B,26.37%,30
10,5198541993,stock2mail,0,171.55,1B Vladimir Guerrero Jr. 2B Jake Cronenworth 3B Manny Machado C Freddy Fermin OF Fernando Tatis Jr. OF Jackson Merrill OF Nathan Lukes P Dylan Cease P Robbie Ray SS Ernie Clement,,Curtis Mead,3B,24.92%,6
11,5198570110,henry296,0,170.55,1B Vladimir Guerrero Jr. 2B Jake Cronenworth 3B Manny Machado C James McCann OF Fernando Tatis Jr. OF Jackson Merrill OF George Springer P Dylan Cease P Robbie Ray SS Andres Gimenez,,CJ Abrams,SS,24.69%,31
12,5198939856,Jet22bob,0,170.45001,1B Vladimir Guerrero Jr. 2B Ernie Clement 3B Caleb Durbin C Gabriel Moreno OF Daylen Lile OF George Springer OF Luis Rengifo P Dylan Cease P Randy Vasquez SS CJ Abrams,,Gabriel Moreno,C,23.23%,7
13,5198824859,Shamans,0,168.55,1B Andres Chaparro 2B Jake Cronenworth 3B Curtis Mead C Daniel Susac OF James Wood OF Nathan Lukes OF Jose Siri P Dylan Cease P Robbie Ray SS CJ Abrams,,Andres Chaparro,1B,23.01%,7
14,5198624244,JcClark18,0,168.05,1B Rafael Devers 2B Ernie Clement 3B Curtis Mead C Brandon Valenzuela OF Daulton Varsho OF Nathan Lukes OF Yohendrick Pinango P Dylan Cease P Foster Griffin SS CJ Abrams,,Keibert Ruiz,C,20.76%,5
15,5198715207,ryanland,0,167.55,1B Ty France 2B Jake Cronenworth 3B Manny Machado C Keibert Ruiz OF Jackson Merrill OF Heriberto Hernandez OF Gavin Sheets P Dylan Cease P Robbie Ray SS CJ Abrams,,Zach Neto,SS,20.31%,2
16,5198504427,mrxkronz,0,166.2,1B Rafael Devers 2B Nasim Nunez 3B Vaughn Grissom C Keibert Ruiz OF Mike Trout OF Esteury Ruiz OF Yohendrick Pinango P Dylan Cease P Eury Perez SS CJ Abrams,,Mike Trout,OF,19.64%,8
17,5198306132,Sammy.Boy,0,165.55,1B Kyle Stowers 2B Jake Cronenworth 3B Manny Machado C Freddy Fermin OF Fernando Tatis Jr. OF Jackson Merrill OF Esteury Ruiz P Dylan Cease P Robbie Ray SS Otto Lopez,,Xavier Edwards,2B,19.53%,0
17,5198892454,LoganGrewe50,0,165.55,1B Kyle Stowers 2B Jake Cronenworth 3B Manny Machado C Freddy Fermin OF Fernando Tatis Jr. OF Jackson Merrill OF Esteury Ruiz P Dylan Cease P Robbie Ray SS Otto Lopez,,Corbin Carroll,OF,16.84%,4
19,5198933737,JWMSKJJ,0,163.55,1B Rafael Devers 2B Xavier Edwards 3B Javier Sanoja C Keibert Ruiz OF James Wood OF Jung Hoo Lee OF Esteury Ruiz P Dylan Cease P Robbie Ray SS Willy Adames,,Liam Hicks,C,16.05%,0
19,5198939287,endlessmike03,0,163.55,1B Ty France 2B Luis Arraez 3B Casey Schmitt C James McCann OF Heliot Ramos OF Jackson Merrill OF Jung Hoo Lee P Dylan Cease P Robbie Ray SS Willy Adames,,Otto Lopez,SS,16.05%,12
21,5198515823,dext56ses,0,162.55,1B Rafael Devers 2B Jake Cronenworth 3B Kazuma Okamoto C Gabriel Moreno OF Heliot Ramos OF Jackson Merrill OF Gavin Sheets P Dylan Cease P Robbie Ray SS Willy Adames,,Casey Schmitt,3B,15.71%,7
21,5198629788,J-Law87,0,162.55,1B Andres Chaparro 2B Jake Cronenworth 3B Curtis Mead C Freddy Fermin OF James Wood OF Jakob Marsee OF Jose Siri P Dylan Cease P Robbie Ray SS CJ Abrams,,Nolan Arenado,3B,14.37%,2
23,5198535256,Miracle52,0,162.2,1B Rafael Devers 2B Ketel Marte 3B Nolan Arenado C Keibert Ruiz OF Ryan Waldschmidt OF Esteury Ruiz OF Daulton Varsho P Dylan Cease P Eury Perez SS CJ Abrams,,Ketel Marte,2B,14.14%,0
23,5198754406,dabears08,0,162.2,1B Andres Chaparro 2B Jake Cronenworth 3B Curtis Mead C Logan O'Hoppe OF James Wood OF Jacob Young OF Jose Siri P Dylan Cease P Eury Perez SS CJ Abrams,,Fernando Tatis Jr.,OF,12.46%,4
23,5198898378,redbrick22,0,162.2,1B Andres Chaparro 2B Jake Cronenworth 3B Curtis Mead C Logan O'Hoppe OF James Wood OF Jacob Young OF Jose Siri P Dylan Cease P Eury Perez SS CJ Abrams,,James McCann,C,12.46%,5
26,5198643101,kandah,0,161.55,1B Andres Chaparro 2B Ildemaro Vargas 3B Curtis Mead C Logan O'Hoppe OF James Wood OF Jacob Young OF Jose Siri P Dylan Cease P Robbie Ray SS CJ Abrams,,Luis Arraez,2B,12.46%,12
27,5198081229,Sanford71,0,159.55,1B Rafael Devers 2B Xavier Edwards 3B Casey Schmitt C Keibert Ruiz OF Dylan Crews OF George Springer OF Luis Rengifo P Dylan Cease P Robbie Ray SS Willy Adames,,Jackson Merrill,OF,12.23%,17
27,5198894595,nikboy2121,0,159.55,1B Rafael Devers 2B Nasim Nunez 3B Nolan Arenado C Daniel Susac OF Heliot Ramos OF Dylan Crews OF George Springer P Dylan Cease P Robbie Ray SS Otto Lopez,,Jo Adell,OF,12.12%,5
29,5198938851,AKJeff,0,159.2,1B Andres Chaparro 2B Luis Arraez 3B Curtis Mead C Daniel Susac OF Dylan Crews OF Jacob Young OF Jose Siri P Dylan Cease P Eury Perez SS CJ Abrams,,Logan O'Hoppe,C,12.01%,6
30,5198673969,TheRyanKing,0,157.55,1B Rafael Devers 2B Jake Cronenworth 3B Casey Schmitt C Harry Ford OF Fernando Tatis Jr. OF Jackson Merrill OF Heriberto Hernandez P Dylan Cease P Robbie Ray SS Andres Gimenez,,Bryce Eldridge,1B,11.90%,2
31,5198688077,Dubbzz,0,156.05,1B Vladimir Guerrero Jr. 2B Jake Cronenworth 3B Manny Machado C Logan O'Hoppe OF Mike Trout OF George Springer OF Jose Siri P Dylan Cease P Foster Griffin SS Zach Neto,,Willy Adames,SS,11.45%,5
32,5198044765,Schoey17,0,155.55,1B Ty France 2B Jake Cronenworth 3B Manny Machado C Liam Hicks OF Fernando Tatis Jr. OF Jackson Merrill OF Esteury Ruiz P Dylan Cease P Robbie Ray SS Javier Sanoja,,Heliot Ramos,OF,11.45%,5
32,5198474215,wwestry,0,155.55,1B Andres Chaparro 2B Jake Cronenworth 3B Curtis Mead C Freddy Fermin OF James Wood OF Heriberto Hernandez OF Nathan Lukes P Dylan Cease P Robbie Ray SS CJ Abrams,,Geraldo Perdomo,SS,11.11%,0
32,5198560423,capitanfuton,0,155.55,1B Andres Chaparro 2B Jake Cronenworth 3B Luis Rengifo C Keibert Ruiz OF James Wood OF Dylan Crews OF Yohendrick Pinango P Dylan Cease P Robbie Ray SS CJ Abrams,,Kyle Stowers,1B,11.11%,7
32,5198715294,JRaab,0,155.55,1B Ildemaro Vargas 2B Nasim Nunez 3B Nolan Arenado C Gabriel Moreno OF Jackson Merrill OF Heriberto Hernandez OF Jacob Young P Dylan Cease P Robbie Ray SS CJ Abrams,,Jake Cronenworth,2B,10.89%,18
36,5198561951,Hockeybob8,0,154.2,1B Kyle Stowers 2B Ernie Clement 3B Kazuma Okamoto C Keibert Ruiz OF Daylen Lile OF George Springer OF Jung Hoo Lee P Dylan Cease P Eury Perez SS Zach Neto,,Jung Hoo Lee,OF,10.89%,25
36,5198723799,Pjg1979,0,154.2,1B Rafael Devers 2B Luis Arraez 3B Vaughn Grissom C Logan O'Hoppe OF Mike Trout OF Jung Hoo Lee OF Jo Adell P Dylan Cease P Eury Perez SS Zach Neto,,Nasim Nunez,2B,10.89%,4
36,5198841381,mspozto,0,154.2,1B Rafael Devers 2B Luis Arraez 3B Vaughn Grissom C Logan O'Hoppe OF Mike Trout OF Jung Hoo Lee OF Jo Adell P Dylan Cease P Eury Perez SS Zach Neto,,Jacob Young,OF,10.77%,18
39,5198611345,esmith911,0,153.05,1B Ty France 2B Jake Cronenworth 3B Nolan Arenado C Gabriel Moreno OF Dylan Crews OF Heriberto Hernandez OF Luis Rengifo P Dylan Cease P Foster Griffin SS CJ Abrams,,Anthony Seigler,2B,10.55%,2
39,5198612693,lilrotor,0,153.05,1B Rafael Devers 2B Ildemaro Vargas 3B Vaughn Grissom C Keibert Ruiz OF Dylan Crews OF Ceddanne Rafaela OF Jung Hoo Lee P Dylan Cease P Foster Griffin SS Otto Lopez,,Javier Sanoja,3B,10.33%,0
41,5198932237,belowzir0,0,151.9,1B Vladimir Guerrero Jr. 2B Ernie Clement 3B Kazuma Okamoto C Keibert Ruiz OF Daylen Lile OF George Springer OF Daulton Varsho P Foster Griffin P Robbie Ray SS CJ Abrams,,Daylen Lile,OF,9.54%,12
42,5198437038,modece,0,151.55,1B Rafael Devers 2B Nasim Nunez 3B Casey Schmitt C Keibert Ruiz OF Dylan Crews OF Daylen Lile OF Drew Gilbert P Dylan Cease P Robbie Ray SS Willy Adames,,Vaughn Grissom,2B,9.54%,7
43,5198733154,aformb21,0,151.2,1B Rafael Devers 2B Luis Arraez 3B Vaughn Grissom C Logan O'Hoppe OF Heliot Ramos OF Jung Hoo Lee OF Jo Adell P Dylan Cease P Eury Perez SS Zach Neto,,Wilyer Abreu,OF,9.43%,0
44,5198516767,mjfawcett83,0,150.55,1B Rafael Devers 2B Vaughn Grissom 3B Curtis Mead C Keibert Ruiz OF Dylan Crews OF Jung Hoo Lee OF Jacob Young P Foster Griffin P Eury Perez SS CJ Abrams,,Ceddanne Rafaela,OF,9.20%,0
45,5198448560,BigBrixey,0,150.05,1B Rafael Devers 2B Xavier Edwards 3B Vaughn Grissom C Liam Hicks OF Dylan Crews OF Jacob Young OF Nathan Lukes P Dylan Cease P Foster Griffin SS Otto Lopez,,Ty France,1B,9.09%,14
46,5198592839,kreller17,0,149.55,1B Tim Tawa 2B Ernie Clement 3B Manny Machado C Brandon Valenzuela OF Fernando Tatis Jr. OF George Springer OF Daulton Varsho P Dylan Cease P Robbie Ray SS Andres Gimenez,,Vaughn Grissom,3B,8.08%,7
46,5198795225,DayByDay,0,149.55,1B Kyle Stowers 2B Nasim Nunez 3B Curtis Mead C Keibert Ruiz OF Dylan Crews OF Daylen Lile OF Esteury Ruiz P Dylan Cease P Robbie Ray SS Otto Lopez,,Ildemaro Vargas,2B,7.97%,3
48,5198737222,alienhood,0,148.55,1B Rafael Devers 2B Ernie Clement 3B Kazuma Okamoto C Keibert Ruiz OF Heliot Ramos OF Daylen Lile OF Heriberto Hernandez P Dylan Cease P Robbie Ray SS Geraldo Perdomo,,Kazuma Okamoto,3B,7.74%,5
49,5198521043,Dap1,0,148.2,1B Rafael Devers 2B Ildemaro Vargas 3B Casey Schmitt C James McCann OF Corbin Carroll OF Jung Hoo Lee OF Tim Tawa P Dylan Cease P Eury Perez SS Willy Adames,,Jorge Soler,OF,7.52%,0
49,5198873809,maddawg40,0,148.2,1B Rafael Devers 2B Ildemaro Vargas 3B Casey Schmitt C James McCann OF Corbin Carroll OF Jung Hoo Lee OF Tim Tawa P Dylan Cease P Eury Perez SS Willy Adames,,Esteury Ruiz,OF,6.85%,22
51,5198818553,Djk21,0,147.2,1B Nolan Schanuel 2B Nasim Nunez 3B Vaughn Grissom C Keibert Ruiz OF Dylan Crews OF Jung Hoo Lee OF Jo Adell P Dylan Cease P Eury Perez SS CJ Abrams,,Caleb Durbin,3B,6.51%,2
52,5198704124,captain69,0,146.55,1B Andres Chaparro 2B Luis Arraez 3B Curtis Mead C James McCann OF Heliot Ramos OF Dylan Crews OF Jung Hoo Lee P Dylan Cease P Robbie Ray SS Willy Adames,,George Springer,OF,6.51%,21
53,5198767528,IRhowie2,0,146.2,1B Rafael Devers 2B Luis Arraez 3B Casey Schmitt C Liam Hicks OF Heriberto Hernandez OF Nathan Lukes OF Jose Siri P Dylan Cease P Eury Perez SS Otto Lopez,,Manny Machado,3B,5.84%,7
54,5198947523,crissy69,0,145.2,1B Rafael Devers 2B Xavier Edwards 3B Vaughn Grissom C Gabriel Moreno OF Mike Trout OF Jacob Young OF Jose Siri P Dylan Cease P Eury Perez SS Zach Neto,,Masataka Yoshida,OF,5.84%,0
55,5198380222,mike4934,0,145.05,1B Bryce Eldridge 2B Ernie Clement 3B Caleb Durbin C Keibert Ruiz OF Jackson Merrill OF Daylen Lile OF George Springer P Dylan Cease P Foster Griffin SS Willy Adames,,Willson Contreras,1B,5.72%,2
55,5198679942,Dennyban,0,145.05,1B Rafael Devers 2B Vaughn Grissom 3B Casey Schmitt C Logan O'Hoppe OF Mike Trout OF Jarren Duran OF George Springer P Dylan Cease P Foster Griffin SS Xander Bogaerts,,Griffin Conine,OF,5.27%,0
55,5198901763,GuitarBet1,0,145.05,1B Rafael Devers 2B Jake Cronenworth 3B Manny Machado C Logan O'Hoppe OF Fernando Tatis Jr. OF Gavin Sheets OF Luis Rengifo P Dylan Cease P Foster Griffin SS Willy Adames,,Javier Sanoja,SS,5.16%,0
55,5198912717,tulo10,0,145.05,1B Ty France 2B Ernie Clement 3B Caleb Durbin C Keibert Ruiz OF Ceddanne Rafaela OF Heriberto Hernandez OF Nathan Lukes P Dylan Cease P Foster Griffin SS CJ Abrams,,Nathan Lukes,OF,5.16%,12
59,5198931099,wsher697,0,144.55,1B Ty France 2B Jake Cronenworth 3B Curtis Mead C Brandon Valenzuela OF James Wood OF Jackson Merrill OF Luis Rengifo P Dylan Cease P Robbie Ray SS Xander Bogaerts,,Luis Rengifo,OF,4.83%,10
60,5198574027,jree007,0,144.15,1B Rafael Devers 2B Ketel Marte 3B Manny Machado C Harry Ford OF Ceddanne Rafaela OF Daylen Lile OF Jung Hoo Lee P Dylan Cease P JP Sears SS Xander Bogaerts,,Jose Siri,OF,4.83%,14
61,5198811446,Raiderfanatic2195,0,144.05,1B Rafael Devers 2B Jake Cronenworth 3B Manny Machado C Freddy Fermin OF Fernando Tatis Jr. OF Jackson Merrill OF Heriberto Hernandez P Dylan Cease P Foster Griffin SS Javier Sanoja,,Xander Bogaerts,SS,4.49%,3
62,5198704527,TheBossinMyWorld,0,143.2,1B Rafael Devers 2B Luis Arraez 3B Casey Schmitt C Logan O'Hoppe OF Heliot Ramos OF Jorge Soler OF Esteury Ruiz P Dylan Cease P Eury Perez SS Zach Neto,,Ildemaro Vargas,1B,4.38%,3
63,5198609479,PerFectPiCk254,0,143.05,1B Andres Chaparro 2B Vaughn Grissom 3B Javier Sanoja C Logan O'Hoppe OF James Wood OF Dylan Crews OF Jacob Young P Dylan Cease P Foster Griffin SS CJ Abrams,,Ryan Johnson,P,4.26%,-6.5
63,5198774957,focalpoint,0,143.05,1B Rafael Devers 2B Nasim Nunez 3B Curtis Mead C James McCann OF Dylan Crews OF Jung Hoo Lee OF Yohendrick Pinango P Dylan Cease P Foster Griffin SS Zach Neto,,Daniel Susac,C,4.26%,4
65,5198778571,JaysonHill,0,142.55,1B Andres Chaparro 2B Jake Cronenworth 3B Manny Machado C Gabriel Moreno OF Fernando Tatis Jr. OF Mike Trout OF Jacob Young P Dylan Cease P Robbie Ray SS Javier Sanoja,,Jarren Duran,OF,4.04%,0
65,5198932303,Lt2021000,0,142.55,1B Kyle Stowers 2B Ildemaro Vargas 3B Luis Rengifo C James McCann OF James Wood OF Dylan Crews OF George Springer P Dylan Cease P Robbie Ray SS Otto Lopez,,Gavin Sheets,OF,3.82%,2
67,5198583342,ChokeHoldem1,0,142.2,1B Bryce Eldridge 2B Nasim Nunez 3B Curtis Mead C Logan O'Hoppe OF Dylan Crews OF Jacob Young OF Daulton Varsho P Dylan Cease P Eury Perez SS CJ Abrams,,Luis Rengifo,3B,3.82%,10
67,5198732657,JTFarley,0,142.2,1B Andres Chaparro 2B Nasim Nunez 3B Curtis Mead C Logan O'Hoppe OF Dylan Crews OF George Springer OF Heriberto Hernandez P Dylan Cease P Eury Perez SS CJ Abrams,,Vladimir Guerrero Jr.,1B,3.82%,17
67,5198830299,Roland_was_a_Warrior,0,142.2,1B Rafael Devers 2B Luis Arraez 3B Vaughn Grissom C Gabriel Moreno OF Jung Hoo Lee OF Jorge Soler OF Heriberto Hernandez P Dylan Cease P Eury Perez SS Zach Neto,,JP Sears,P,3.25%,16.3
67,5198944356,ziggy8944,0,142.2,1B Rafael Devers 2B Luis Arraez 3B Nolan Arenado C Gabriel Moreno OF Heliot Ramos OF Heriberto Hernandez OF Esteury Ruiz P Dylan Cease P Eury Perez SS Willy Adames,,Ernie Clement,2B,3.03%,18
71,5198875120,lazyplayr,0,142.1,1B Ty France 2B Jake Cronenworth 3B Manny Machado C James McCann OF Fernando Tatis Jr. OF Daylen Lile OF Jung Hoo Lee P Dylan Cease P Sonny Gray SS Willy Adames,,Daulton Varsho,OF,2.92%,8
72,5198757711,jeffcarter11,0,142.05,1B Rafael Devers 2B Vaughn Grissom 3B Casey Schmitt C Gabriel Moreno OF Dylan Crews OF George Springer OF Heriberto Hernandez P Eury Perez P Robbie Ray SS CJ Abrams,,Freddy Fermin,C,2.81%,5
72,5198817678,Pootnami,0,142.05,1B Rafael Devers 2B Luis Arraez 3B Curtis Mead C Keibert Ruiz OF Dylan Crews OF Jacob Young OF Griffin Conine P Dylan Cease P Foster Griffin SS Javier Sanoja,,Drew Gilbert,OF,2.69%,7
74,5198208946,wardog585,0,141.05,1B Rafael Devers 2B Nasim Nunez 3B Curtis Mead C Keibert Ruiz OF Dylan Crews OF Jung Hoo Lee OF Heriberto Hernandez P Dylan Cease P Foster Griffin SS Javier Sanoja,,Andruw Monasterio,SS,2.69%,5
75,5198676203,vanizzle,0,141,1B Ty France 2B Jake Cronenworth 3B Luis Rengifo C Keibert Ruiz OF James Wood OF Fernando Tatis Jr. OF Jackson Merrill P Robbie Ray P JP Sears SS CJ Abrams,,Connor Wong,C,2.69%,0
76,5198833389,Thibeaux87,0,140.55,1B Andres Chaparro 2B Ildemaro Vargas 3B Javier Sanoja C Keibert Ruiz OF James Wood OF Heriberto Hernandez OF Jacob Young P Dylan Cease P Robbie Ray SS CJ Abrams,,Tim Tawa,OF,2.58%,10
76,5198842284,bbo0913,0,140.55,1B Rafael Devers 2B Xavier Edwards 3B Curtis Mead C Keibert Ruiz OF Dylan Crews OF Heriberto Hernandez OF Jacob Young P Dylan Cease P Robbie Ray SS Geraldo Perdomo,,Ryan Waldschmidt,OF,2.47%,5
78,5198775810,brgehlh1,0,140.2,1B Rafael Devers 2B Ketel Marte 3B Nolan Arenado C Gabriel Moreno OF Heriberto Hernandez OF Jacob Young OF Esteury Ruiz P Dylan Cease P Eury Perez SS Zach Neto,,Brandon Valenzuela,C,2.36%,0
78,5198873234,Jimbobwae42,0,140.2,1B Andres Chaparro 2B Xavier Edwards 3B Javier Sanoja C Keibert Ruiz OF Corbin Carroll OF Daylen Lile OF Esteury Ruiz P Dylan Cease P Eury Perez SS CJ Abrams,,Mitch Bratt,P,2.36%,0.05
80,5198607264,briangoga24,0,140.15,1B Andres Chaparro 2B Vaughn Grissom 3B Denzer Guzman C James McCann OF James Wood OF Dylan Crews OF Daylen Lile P Dylan Cease P JP Sears SS CJ Abrams,,Andres Gimenez,SS,2.24%,8
81,5198678569,Dricou,0,140.1,1B Rafael Devers 2B Jake Cronenworth 3B Casey Schmitt C Daniel Susac OF Heliot Ramos OF Jackson Merrill OF Gavin Sheets P Dylan Cease P Sonny Gray SS Willy Adames,,Nolan Schanuel,1B,2.24%,3
81,5198919425,hookabrotherup,0,140.1,1B Bryce Eldridge 2B Luis Arraez 3B Luis Rengifo C James McCann OF Heliot Ramos OF Jackson Merrill OF Jung Hoo Lee P Dylan Cease P Sonny Gray SS Otto Lopez,,Yohendrick Pinango,OF,2.13%,0
83,5198574729,ConnorT,0,140.05,1B Ty France 2B Xavier Edwards 3B Kazuma Okamoto C Keibert Ruiz OF Jackson Merrill OF Daylen Lile OF George Springer P Dylan Cease P Foster Griffin SS Xander Bogaerts,,Jakob Marsee,OF,2.02%,5
84,5198938950,lutzy8314,0,139.55,1B Ty France 2B Luis Arraez 3B Kazuma Okamoto C James McCann OF James Wood OF Jackson Merrill OF Gavin Sheets P Dylan Cease P Robbie Ray SS Andres Gimenez,,Denzer Guzman,3B,1.46%,0
85,5198553674,drunkonpappy,0,139.05,1B Kyle Stowers 2B Jake Cronenworth 3B Manny Machado C Logan O'Hoppe OF Fernando Tatis Jr. OF Heriberto Hernandez OF Esteury Ruiz P Dylan Cease P Foster Griffin SS Otto Lopez,,Tim Tawa,1B,1.35%,10
86,5198458036,rsr3883,0,138.1,1B Andres Chaparro 2B Luis Arraez 3B Curtis Mead C Keibert Ruiz OF Dylan Crews OF Jung Hoo Lee OF Jacob Young P Dylan Cease P Sonny Gray SS Willy Adames,,Randy Vasquez,P,1.01%,1.6
87,5198859298,KomodoDragonz,0,137.9,1B Rafael Devers 2B Anthony Seigler 3B Curtis Mead C Liam Hicks OF Dylan Crews OF Jacob Young OF Daulton Varsho P Foster Griffin P Robbie Ray SS CJ Abrams,,Ernie Clement,SS,1.01%,18
88,5198614059,Streetrunner32,0,137.55,1B Bryce Eldridge 2B Xavier Edwards 3B Casey Schmitt C Liam Hicks OF George Springer OF Heriberto Hernandez OF Esteury Ruiz P Dylan Cease P Robbie Ray SS Otto Lopez,,Harry Ford,C,1.01%,0
88,5198879584,DicVec,0,137.55,1B Rafael Devers 2B Nasim Nunez 3B Nolan Arenado C Gabriel Moreno OF Corbin Carroll OF Jackson Merrill OF Heriberto Hernandez P Dylan Cease P Robbie Ray SS Javier Sanoja,,Luis Campusano,C,0.79%,0
88,5198897680,jewishpistol,0,137.55,1B Ty France 2B Jake Cronenworth 3B Nolan Arenado C Freddy Fermin OF Fernando Tatis Jr. OF Corbin Carroll OF Jackson Merrill P Dylan Cease P Robbie Ray SS Geraldo Perdomo,,Luis Garcia Jr.,1B,0.34%,0
91,5198530813,az350z,0,137.2,1B Rafael Devers 2B Ildemaro Vargas 3B Nolan Arenado C James McCann OF James Wood OF Jung Hoo Lee OF Tim Tawa P Dylan Cease P Eury Perez SS Geraldo Perdomo,,Tsung-Che Cheng,SS,0.34%,0
91,5198592581,Mattchoo13,0,137.2,1B Andres Chaparro 2B Nasim Nunez 3B Javier Sanoja C Gabriel Moreno OF Dylan Crews OF George Springer OF Heriberto Hernandez P Dylan Cease P Eury Perez SS CJ Abrams,,Jesus Rodriguez,C,0.34%,0
91,5198710088,Frank445Z,0,137.2,1B Kyle Stowers 2B Vaughn Grissom 3B Nolan Arenado C Logan O'Hoppe OF Mike Trout OF Jackson Merrill OF Heriberto Hernandez P Dylan Cease P Eury Perez SS CJ Abrams,,Oswald Peraza,2B,0.22%,0
91,5198922201,Terry301,0,137.2,1B Vladimir Guerrero Jr. 2B Luis Arraez 3B Kazuma Okamoto C Brandon Valenzuela OF George Springer OF Jo Adell OF Jorge Soler P Dylan Cease P Eury Perez SS Ernie Clement,,Roman Anthony,OF,0.22%,0
95,5198411027,Albqhokie,0,137.05,1B Rafael Devers 2B Luis Arraez 3B Curtis Mead C Daniel Susac OF Heliot Ramos OF Heriberto Hernandez OF Jacob Young P Eury Perez P Robbie Ray SS CJ Abrams,,Connor Norby,3B,0.22%,0
95,5198780889,629buc,0,137.05,1B Rafael Devers 2B Xavier Edwards 3B Casey Schmitt C Daniel Susac OF Mike Trout OF Jung Hoo Lee OF Heriberto Hernandez P Dylan Cease P Foster Griffin SS Javier Sanoja,,Alejandro Kirk,C,0.22%,0
97,5198607216,stuffnthangs,0,136.9,1B Rafael Devers 2B Luis Arraez 3B Nolan Arenado C Daniel Susac OF Corbin Carroll OF Heliot Ramos OF Jackson Merrill P Dylan Cease P Mitch Bratt SS Otto Lopez,,Jorbit Vivas,3B,0.22%,0
98,5198560328,titanhawks,0,136.55,1B Andres Chaparro 2B Nasim Nunez 3B Nolan Arenado C Gabriel Moreno OF Corbin Carroll OF Jackson Merrill OF Esteury Ruiz P Dylan Cease P Robbie Ray SS Geraldo Perdomo,,Agustin Ramirez,C,0.22%,0
98,5198588259,maestrobobcobb,0,136.55,1B Rafael Devers 2B Luis Arraez 3B Javier Sanoja C Keibert Ruiz OF Dylan Crews OF Jung Hoo Lee OF Jo Adell P Foster Griffin P Eury Perez SS CJ Abrams,,Adrian Del Castillo,C,0.11%,0
98,5198732203,briguy13,0,136.55,1B Vladimir Guerrero Jr. 2B Ketel Marte 3B Kazuma Okamoto C Liam Hicks OF George Springer OF Daulton Varsho OF Nathan Lukes P Dylan Cease P Robbie Ray SS Javier Sanoja,,Nick Sogard,3B,0.11%,0
101,5198757839,cdt123,0,136.5,1B Rafael Devers 2B Nasim Nunez 3B Casey Schmitt C Keibert Ruiz OF Heliot Ramos OF Dylan Crews OF Jacob Young P Foster Griffin P JP Sears SS CJ Abrams,,Romy Gonzalez,2B,0.11%,0
102,5198767486,KenTasch,0,136.2,1B Andres Chaparro 2B Vaughn Grissom 3B Curtis Mead C Logan O'Hoppe OF Dylan Crews OF Daylen Lile OF Jorge Soler P Dylan Cease P Eury Perez SS CJ Abrams,,Eric Haase,C,0.11%,0
102,5198939259,ladyfingers,0,136.2,1B Andres Chaparro 2B Ketel Marte 3B Casey Schmitt C James McCann OF Jo Adell OF Heriberto Hernandez OF Esteury Ruiz P Dylan Cease P Eury Perez SS CJ Abrams,,Connor Norby,1B,0.11%,0
104,5198829225,tonytohka,0,135.9,1B Rafael Devers 2B Nasim Nunez 3B Curtis Mead C Keibert Ruiz OF Dylan Crews OF Drew Gilbert OF Tim Tawa P Foster Griffin P Robbie Ray SS CJ Abrams,,Bryce Teodosio,OF,0.11%,0
105,5198925149,A200K,0,135.55,1B Andres Chaparro 2B Ildemaro Vargas 3B Nolan Arenado C Gabriel Moreno OF Fernando Tatis Jr. OF Jackson Merrill OF Esteury Ruiz P Dylan Cease P Robbie Ray SS Geraldo Perdomo,,Charles McAdoo,2B,0.11%,0
106,5198759234,Nobamacare,0,135.3,1B Rafael Devers 2B Jake Cronenworth 3B Curtis Mead C Keibert Ruiz OF James Wood OF Dylan Crews OF Luis Rengifo P Robbie Ray P Randy Vasquez SS CJ Abrams,,Wade Meckler,OF,0.11%,0
107,5198638196,jtcorndog,0,135.2,1B Rafael Devers 2B Nasim Nunez 3B Nolan Arenado C Keibert Ruiz OF Jackson Merrill OF Dylan Crews OF Jo Adell P Dylan Cease P Eury Perez SS Willy Adames,,Brady House,3B,0.11%,0
107,5198935123,KING--13,0,135.2,1B Rafael Devers 2B Ketel Marte 3B Javier Sanoja C Logan O'Hoppe OF Jackson Merrill OF George Springer OF Heriberto Hernandez P Dylan Cease P Eury Perez SS Zach Neto,,Leo Jimenez,3B,0.11%,0
109,5198742686,reich26,0,135.1,1B Bryce Eldridge 2B Luis Arraez 3B Nolan Arenado C Gabriel Moreno OF Dylan Crews OF Jung Hoo Lee OF Esteury Ruiz P Dylan Cease P Sonny Gray SS Willy Adames,,Davis Schneider,OF,0.11%,0
109,5198915372,smitty123456t,0,135.1,1B Rafael Devers 2B Vaughn Grissom 3B Nolan Arenado C Keibert Ruiz OF Heliot Ramos OF Jackson Merrill OF Daylen Lile P Dylan Cease P Sonny Gray SS Willy Adames,,Tyler Locklear,1B,0.11%,0
111,5198862636,WiLDM4Ch1NE,0,134.55,1B Rafael Devers 2B Ildemaro Vargas 3B Nolan Arenado C James McCann OF Fernando Tatis Jr. OF Jackson Merrill OF Heriberto Hernandez P Dylan Cease P Robbie Ray SS Geraldo Perdomo,,Jorge Barrosa,OF,0.11%,0
112,5198921038,danooh,0,134.05,1B Bryce Eldridge 2B Vaughn Grissom 3B Casey Schmitt C Keibert Ruiz OF Dylan Crews OF Daylen Lile OF Jung Hoo Lee P Dylan Cease P Foster Griffin SS Willy Adames,,Carlos Narvaez,C,0.11%,0
113,5198801794,brianLiza,0,133.9,1B Rafael Devers 2B Luis Arraez 3B Casey Schmitt C James McCann OF Fernando Tatis Jr. OF Mike Trout OF Jackson Merrill P Dylan Cease P Mitch Bratt SS Javier Sanoja,,Myles Straw,OF,0.11%,0
114,5198935258,relentless404,0,133.2,1B Andres Chaparro 2B Nasim Nunez 3B Luis Rengifo C James McCann OF James Wood OF Dylan Crews OF Jung Hoo Lee P Dylan Cease P Eury Perez SS Otto Lopez,,Luis Urias,2B,0.11%,0
115,5198698061,Rjhill34,0,133.1,1B Rafael Devers 2B Luis Arraez 3B Casey Schmitt C James McCann OF Jo Adell OF Drew Gilbert OF Tim Tawa P Dylan Cease P Sonny Gray SS Willy Adames,,Samad Taylor,OF,0.11%,0
116,5198712194,TheFH,0,133.05,1B Ty France 2B Jake Cronenworth 3B Manny Machado C Logan O'Hoppe OF Fernando Tatis Jr. OF Jo Adell OF Jose Siri P Dylan Cease P Foster Griffin SS Zach Neto,,,
116,5198833872,Stagnet,0,133.05,1B Rafael Devers 2B Jake Cronenworth 3B Javier Sanoja C Gabriel Moreno OF Mike Trout OF Jo Adell OF Heriberto Hernandez P Dylan Cease P Foster Griffin SS Zach Neto,,,
118,5198785643,strausberg,0,132.95,1B Andres Chaparro 2B Luis Arraez 3B Curtis Mead C Keibert Ruiz OF Heliot Ramos OF Jung Hoo Lee OF Jacob Young P Sonny Gray P Robbie Ray SS CJ Abrams,,,
119,5198360256,chelseafinest,0,132.55,1B Kyle Stowers 2B Luis Arraez 3B Javier Sanoja C Brandon Valenzuela OF Fernando Tatis Jr. OF Daylen Lile OF Nathan Lukes P Dylan Cease P Robbie Ray SS Otto Lopez,,,
119,5198590372,killamode317,0,132.55,1B Rafael Devers 2B Luis Arraez 3B Vaughn Grissom C Liam Hicks OF Mike Trout OF Jorge Soler OF Bryce Teodosio P Dylan Cease P Robbie Ray SS Zach Neto,,,
119,5198650377,Falcons8er,0,132.55,1B Andres Chaparro 2B Ketel Marte 3B Nolan Arenado C Gabriel Moreno OF Fernando Tatis Jr. OF Jackson Merrill OF Esteury Ruiz P Dylan Cease P Robbie Ray SS Javier Sanoja,,,
119,5198732860,g3n3r4l4,0,132.55,1B Ty France 2B Jake Cronenworth 3B Manny Machado C Logan O'Hoppe OF Corbin Carroll OF Heliot Ramos OF Jo Adell P Dylan Cease P Robbie Ray SS Geraldo Perdomo,,,
123,5198693892,Play14Maker,0,132.2,1B Andres Chaparro 2B Ildemaro Vargas 3B Curtis Mead C Gabriel Moreno OF James Wood OF Jung Hoo Lee OF Esteury Ruiz P Dylan Cease P Eury Perez SS Javier Sanoja,,,
123,5198773292,JSB31,0,132.2,1B Rafael Devers 2B Xavier Edwards 3B Curtis Mead C James McCann OF Dylan Crews OF Heriberto Hernandez OF Nathan Lukes P Dylan Cease P Eury Perez SS Otto Lopez,,,
123,5198869066,Ky101proof,0,132.2,1B Bryce Eldridge 2B Ildemaro Vargas 3B Luis Rengifo C James McCann OF Corbin Carroll OF Dylan Crews OF Tim Tawa P Dylan Cease P Eury Perez SS CJ Abrams,,,
123,5198921893,mck1960,0,132.2,1B Rafael Devers 2B Ketel Marte 3B Javier Sanoja C Gabriel Moreno OF Daylen Lile OF Heriberto Hernandez OF Esteury Ruiz P Dylan Cease P Eury Perez SS Zach Neto,,,
127,5198945375,psereda,0,132.1,1B Andres Chaparro 2B Jake Cronenworth 3B Curtis Mead C Freddy Fermin OF James Wood OF Luis Rengifo OF Yohendrick Pinango P Dylan Cease P Sonny Gray SS CJ Abrams,,,
128,5198688936,gogosox2005,0,132.05,1B Ty France 2B Nasim Nunez 3B Casey Schmitt C Liam Hicks OF Jackson Merrill OF Daylen Lile OF Nathan Lukes P Dylan Cease P Foster Griffin SS Xander Bogaerts,,,
128,5198727885,lklk88088,0,132.05,1B Ty France 2B Jake Cronenworth 3B Manny Machado C Brandon Valenzuela OF Fernando Tatis Jr. OF Gavin Sheets OF Nathan Lukes P Dylan Cease P Foster Griffin SS Otto Lopez,,,
128,5198829875,freepop,0,132.05,1B Andres Chaparro 2B Jake Cronenworth 3B Javier Sanoja C Liam Hicks OF James Wood OF Mike Trout OF Jung Hoo Lee P Dylan Cease P Foster Griffin SS Andres Gimenez,,,
131,5198482270,Boltmantom,0,131.95,1B Rafael Devers 2B Luis Arraez 3B Luis Rengifo C Keibert Ruiz OF Fernando Tatis Jr. OF Jackson Merrill OF Jung Hoo Lee P Sonny Gray P Robbie Ray SS Willy Adames,,,
132,5198847523,philjay82,0,131.9,1B Rafael Devers 2B Luis Arraez 3B Manny Machado C Keibert Ruiz OF Fernando Tatis Jr. OF Jackson Merrill OF Esteury Ruiz P Foster Griffin P Robbie Ray SS Javier Sanoja,,,
133,5198766458,fpufahl,0,131.55,1B Andres Chaparro 2B Jake Cronenworth 3B Manny Machado C James McCann OF Fernando Tatis Jr. OF Jackson Merrill OF Heriberto Hernandez P Dylan Cease P Robbie Ray SS Geraldo Perdomo,,,
133,5198897386,meholol,0,131.55,1B Rafael Devers 2B Ketel Marte 3B Vaughn Grissom C Logan O'Hoppe OF Mike Trout OF Jo Adell OF Heriberto Hernandez P Dylan Cease P Robbie Ray SS Zach Neto,,,
135,5198673468,aylsg,0,131.2,1B Rafael Devers 2B Jake Cronenworth 3B Vaughn Grissom C Gabriel Moreno OF Mike Trout OF Jorge Soler OF Heriberto Hernandez P Dylan Cease P Eury Perez SS Zach Neto,,,
135,5198923550,sneakyb,0,131.2,1B Andres Chaparro 2B Luis Arraez 3B Javier Sanoja C Gabriel Moreno OF Corbin Carroll OF Daylen Lile OF Jacob Young P Dylan Cease P Eury Perez SS Otto Lopez,,,
137,5198758513,radzynfessenden,0,131.05,1B Andres Chaparro 2B Nasim Nunez 3B Casey Schmitt C Keibert Ruiz OF Heliot Ramos OF Jackson Merrill OF Jacob Young P Dylan Cease P Foster Griffin SS Willy Adames,,,
138,5198520274,Jay1112,0,130.9,1B Ty France 2B Jake Cronenworth 3B Manny Machado C James McCann OF James Wood OF Dylan Crews OF Luis Rengifo P Foster Griffin P Robbie Ray SS CJ Abrams,,,
139,5198364457,hespen2,0,130.55,1B Andres Chaparro 2B Jake Cronenworth 3B Nolan Arenado C James McCann OF Fernando Tatis Jr. OF Corbin Carroll OF Jackson Merrill P Dylan Cease P Robbie Ray SS Geraldo Perdomo,,,
139,5198526898,pandaBEAR83,0,130.55,1B Rafael Devers 2B Nasim Nunez 3B Casey Schmitt C Keibert Ruiz OF Dylan Crews OF Drew Gilbert OF Jacob Young P Foster Griffin P Eury Perez SS CJ Abrams,,,
141,5198183426,preeves4,0,130.2,1B Bryce Eldridge 2B Nasim Nunez 3B Casey Schmitt C Keibert Ruiz OF Heliot Ramos OF Jung Hoo Lee OF Jacob Young P Dylan Cease P Eury Perez SS Willy Adames,,,
141,5198522074,whoisjohngalt420,0,130.2,1B Vladimir Guerrero Jr. 2B Ketel Marte 3B Kazuma Okamoto C Logan O'Hoppe OF George Springer OF Daulton Varsho OF Nathan Lukes P Dylan Cease P Eury Perez SS Zach Neto,,,
141,5198739013,mattmoss12,0,130.2,1B Vladimir Guerrero Jr. 2B Vaughn Grissom 3B Kazuma Okamoto C Logan O'Hoppe OF Mike Trout OF George Springer OF Jo Adell P Dylan Cease P Eury Perez SS Zach Neto,,,
141,5198776404,nuthouse312,0,130.2,1B Rafael Devers 2B Ildemaro Vargas 3B Casey Schmitt C Gabriel Moreno OF Dylan Crews OF Heriberto Hernandez OF Jose Siri P Dylan Cease P Eury Perez SS Zach Neto,,,
141,5198800676,Chrisjg28,0,130.2,1B Kyle Stowers 2B Ernie Clement 3B Kazuma Okamoto C Gabriel Moreno OF Dylan Crews OF Ceddanne Rafaela OF George Springer P Dylan Cease P Eury Perez SS Andruw Monasterio,,,
141,5198927071,mzinsmaster,0,130.2,1B Vladimir Guerrero Jr. 2B Vaughn Grissom 3B Javier Sanoja C Liam Hicks OF Mike Trout OF Jung Hoo Lee OF Gavin Sheets P Dylan Cease P Eury Perez SS Otto Lopez,,,
141,5198943838,YokoRomo,0,130.2,1B Andres Chaparro 2B Nasim Nunez 3B Vaughn Grissom C Keibert Ruiz OF James Wood OF Jung Hoo Lee OF Jacob Young P Dylan Cease P Eury Perez SS Zach Neto,,,
148,5198727441,evan121110,0,130.05,1B Rafael Devers 2B Luis Arraez 3B Casey Schmitt C Liam Hicks OF Dylan Crews OF Daylen Lile OF Jung Hoo Lee P Eury Perez P Robbie Ray SS Willy Adames,,,
149,5198586439,mauka95,0,129.35,1B Vladimir Guerrero Jr. 2B Nasim Nunez 3B Kazuma Okamoto C Freddy Fermin OF James Wood OF Daulton Varsho OF Nathan Lukes P Dylan Cease P Ryan Johnson SS CJ Abrams,,,
149,5198861892,ballin4bird,0,129.35,1B Andres Chaparro 2B Jake Cronenworth 3B Curtis Mead C Brandon Valenzuela OF James Wood OF Dylan Crews OF Nathan Lukes P Dylan Cease P Ryan Johnson SS CJ Abrams,,,
151,5198639216,rrob1122,0,129.05,1B Rafael Devers 2B Xavier Edwards 3B Curtis Mead C Keibert Ruiz OF Dylan Crews OF Heriberto Hernandez OF Jacob Young P Eury Perez P Robbie Ray SS CJ Abrams,,,
151,5198763400,Daddy420Colbert,0,129.05,1B Rafael Devers 2B Luis Arraez 3B Casey Schmitt C Agustin Ramirez OF Heriberto Hernandez OF Ryan Waldschmidt OF Samad Taylor P Dylan Cease P Foster Griffin SS Otto Lopez,,,
151,5198828501,TrevorC,0,129.05,1B Rafael Devers 2B Anthony Seigler 3B Nolan Arenado C Keibert Ruiz OF James Wood OF Jung Hoo Lee OF Heriberto Hernandez P Eury Perez P Robbie Ray SS CJ Abrams,,,
151,5198898175,scn462,0,129.05,1B Rafael Devers 2B Luis Arraez 3B Casey Schmitt C Liam Hicks OF Heriberto Hernandez OF Nathan Lukes OF Yohendrick Pinango P Dylan Cease P Foster Griffin SS Willy Adames,,,
155,5198935046,larz1111,0,128.95,1B Rafael Devers 2B Anthony Seigler 3B Casey Schmitt C Liam Hicks OF Jackson Merrill OF Heriberto Hernandez OF Jacob Young P Sonny Gray P Robbie Ray SS CJ Abrams,,,
156,5198614745,Codymuck,0,128.9,1B Rafael Devers 2B Jake Cronenworth 3B Luis Rengifo C Keibert Ruiz OF James Wood OF Mike Trout OF Jackson Merrill P Foster Griffin P Robbie Ray SS Xander Bogaerts,,,
157,5198500098,mitchellmorse30,0,128.55,1B Ty France 2B Ketel Marte 3B Luis Rengifo C Liam Hicks OF Corbin Carroll OF Gavin Sheets OF Esteury Ruiz P Dylan Cease P Robbie Ray SS Xander Bogaerts,,,
157,5198534159,mattbpoole,0,128.55,1B Andres Chaparro 2B Ildemaro Vargas 3B Manny Machado C Gabriel Moreno OF Fernando Tatis Jr. OF Heliot Ramos OF Esteury Ruiz P Dylan Cease P Robbie Ray SS Javier Sanoja,,,
157,5198671088,LinkSinc,0,128.55,1B Kyle Stowers 2B Jake Cronenworth 3B Manny Machado C Freddy Fermin OF Fernando Tatis Jr. OF Heriberto Hernandez OF Gavin Sheets P Dylan Cease P Robbie Ray SS Otto Lopez,,,
160,5198530882,JustBobT,0,128.2,1B Rafael Devers 2B Nasim Nunez 3B Denzer Guzman C Keibert Ruiz OF Heliot Ramos OF Dylan Crews OF Daylen Lile P Dylan Cease P Eury Perez SS Willy Adames,,,
160,5198795049,lunchbox11,0,128.2,1B Rafael Devers 2B Xavier Edwards 3B Nolan Arenado C Liam Hicks OF Mike Trout OF George Springer OF Heriberto Hernandez P Dylan Cease P Eury Perez SS Andres Gimenez,,,
160,5198857905,Beasley,0,128.2,1B Rafael Devers 2B Luis Arraez 3B Casey Schmitt C James McCann OF Heliot Ramos OF Jakob Marsee OF Heriberto Hernandez P Dylan Cease P Eury Perez SS Willy Adames,,,
160,5198875963,Boozard,0,128.2,1B Rafael Devers 2B Ildemaro Vargas 3B Vaughn Grissom C Logan O'Hoppe OF Mike Trout OF Heliot Ramos OF Dylan Crews P Dylan Cease P Eury Perez SS Zach Neto,,,
164,5198511222,Reboot78,0,127.55,1B Andres Chaparro 2B Xavier Edwards 3B Curtis Mead C Liam Hicks OF George Springer OF Heriberto Hernandez OF Daulton Varsho P Dylan Cease P Robbie Ray SS Otto Lopez,,,
164,5198841409,Noflyzone52,0,127.55,1B Ildemaro Vargas 2B Nasim Nunez 3B Nolan Arenado C James McCann OF James Wood OF Daylen Lile OF Jung Hoo Lee P Dylan Cease P Robbie Ray SS Geraldo Perdomo,,,
164,5198939108,OBizzy,0,127.55,1B Rafael Devers 2B Luis Arraez 3B Curtis Mead C Freddy Fermin OF Jarren Duran OF Jo Adell OF Jacob Young P Foster Griffin P Eury Perez SS CJ Abrams,,,
167,5198275714,Trebliw,0,127.2,1B Rafael Devers 2B Jake Cronenworth 3B Denzer Guzman C Logan O'Hoppe OF Corbin Carroll OF Mike Trout OF Jorge Soler P Dylan Cease P Eury Perez SS Zach Neto,,,
167,5198440333,razortheguru,0,127.2,1B Andres Chaparro 2B Luis Arraez 3B Curtis Mead C Keibert Ruiz OF Dylan Crews OF Heriberto Hernandez OF Jacob Young P Dylan Cease P Eury Perez SS Otto Lopez,,,
167,5198654710,jrow01,0,127.2,1B Rafael Devers 2B Vaughn Grissom 3B Casey Schmitt C Logan O'Hoppe OF Mike Trout OF Jo Adell OF Jorge Soler P Dylan Cease P Eury Perez SS Willy Adames,,,
167,5198863690,Gronkowski69,0,127.2,1B Rafael Devers 2B Ketel Marte 3B Vaughn Grissom C Logan O'Hoppe OF Corbin Carroll OF Jo Adell OF Jose Siri P Dylan Cease P Eury Perez SS Zach Neto,,,
171,5198869621,superunknowx,0,127.1,1B Andres Chaparro 2B Luis Arraez 3B Javier Sanoja C Keibert Ruiz OF Dylan Crews OF Daylen Lile OF Heriberto Hernandez P Dylan Cease P Sonny Gray SS CJ Abrams,,,
171,5198937415,treywinborn,0,127.1,1B Andres Chaparro 2B Xavier Edwards 3B Curtis Mead C Freddy Fermin OF Dylan Crews OF Jorge Soler OF Jacob Young P Dylan Cease P Sonny Gray SS CJ Abrams,,,
173,5198887047,CroatianSensation,0,126.9,1B Rafael Devers 2B Anthony Seigler 3B Casey Schmitt C Daniel Susac OF Dylan Crews OF Heriberto Hernandez OF Luis Rengifo P Foster Griffin P Robbie Ray SS CJ Abrams,,,
174,5198871184,USMBrad14,0,126.55,1B Rafael Devers 2B Luis Arraez 3B Curtis Mead C Keibert Ruiz OF Heliot Ramos OF Jung Hoo Lee OF Jacob Young P Foster Griffin P Eury Perez SS Willy Adames,,,
175,5198945332,Rlblagg11,0,126.35,1B Ty France 2B Ketel Marte 3B Casey Schmitt C James McCann OF Mike Trout OF Jo Adell OF Nathan Lukes P Dylan Cease P Ryan Johnson SS CJ Abrams,,,
176,5198670044,StayWiggins,0,126.2,1B Kyle Stowers 2B Ernie Clement 3B Kazuma Okamoto C Liam Hicks OF Dylan Crews OF Ceddanne Rafaela OF George Springer P Dylan Cease P Eury Perez SS Andres Gimenez,,,
177,5198782602,RuthlessVillain,0,126.1,1B Andres Chaparro 2B Jake Cronenworth 3B Curtis Mead C Keibert Ruiz OF James Wood OF Jackson Merrill OF Jacob Young P Dylan Cease P Sonny Gray SS Javier Sanoja,,,
178,5198891632,Saintsboys14,0,126.05,1B Bryce Eldridge 2B Vaughn Grissom 3B Kazuma Okamoto C Gabriel Moreno OF Jackson Merrill OF Dylan Crews OF Nathan Lukes P Dylan Cease P Foster Griffin SS Willy Adames,,,
178,5198893765,thesteelcurtain1,0,126.05,1B Bryce Eldridge 2B Anthony Seigler 3B Kazuma Okamoto C Logan O'Hoppe OF James Wood OF Jung Hoo Lee OF Gavin Sheets P Dylan Cease P Foster Griffin SS Ernie Clement,,,
178,5198939162,kford23,0,126.05,1B Vladimir Guerrero Jr. 2B Nasim Nunez 3B Luis Rengifo C Keibert Ruiz OF Fernando Tatis Jr. OF Daulton Varsho OF Nathan Lukes P Dylan Cease P Foster Griffin SS Xander Bogaerts,,,
181,5198762202,smoothmomentum,0,125.95,1B Rafael Devers 2B Jake Cronenworth 3B Casey Schmitt C Keibert Ruiz OF Corbin Carroll OF Heriberto Hernandez OF Drew Gilbert P Sonny Gray P Robbie Ray SS CJ Abrams,,,
182,5198891921,UndisputablE,0,125.55,1B Bryce Eldridge 2B Luis Arraez 3B Javier Sanoja C Gabriel Moreno OF James Wood OF Dylan Crews OF Nathan Lukes P Dylan Cease P Robbie Ray SS Andres Gimenez,,,
183,5198554717,pearale,0,125.2,1B Rafael Devers 2B Ketel Marte 3B Javier Sanoja C Gabriel Moreno OF Jo Adell OF Heriberto Hernandez OF Esteury Ruiz P Dylan Cease P Eury Perez SS Zach Neto,,,
183,5198871771,tonerman40,0,125.2,1B Rafael Devers 2B Ketel Marte 3B Javier Sanoja C Gabriel Moreno OF Jo Adell OF Heriberto Hernandez OF Esteury Ruiz P Dylan Cease P Eury Perez SS Zach Neto,,,
185,5198660092,brianrien430,0,125.05,1B Ty France 2B Jake Cronenworth 3B Curtis Mead C Keibert Ruiz OF James Wood OF Dylan Crews OF Daulton Varsho P Dylan Cease P Foster Griffin SS Javier Sanoja,,,
185,5198930176,Fn_Ralph,0,125.05,1B Andres Chaparro 2B Anthony Seigler 3B Curtis Mead C Freddy Fermin OF James Wood OF George Springer OF Jacob Young P Dylan Cease P Foster Griffin SS Geraldo Perdomo,,,
187,5198626438,Hammer74,0,124.95,1B Rafael Devers 2B Ildemaro Vargas 3B Nolan Arenado C Gabriel Moreno OF Fernando Tatis Jr. OF Gavin Sheets OF Esteury Ruiz P Sonny Gray P Robbie Ray SS CJ Abrams,,,
188,5198439270,Quiet2torm,0,124.6,1B Rafael Devers 2B Vaughn Grissom 3B Casey Schmitt C James McCann OF James Wood OF Jacob Young OF Jose Siri P Sonny Gray P Eury Perez SS CJ Abrams,,,
189,5198652308,xxSPURS21xx,0,124.55,1B Vladimir Guerrero Jr. 2B Ernie Clement 3B Kazuma Okamoto C Connor Wong OF Wilyer Abreu OF George Springer OF Nathan Lukes P Foster Griffin P Eury Perez SS CJ Abrams,,,
189,5198901006,eperson911,0,124.55,1B Ildemaro Vargas 2B Jake Cronenworth 3B Nolan Arenado C Gabriel Moreno OF Fernando Tatis Jr. OF Jackson Merrill OF Heriberto Hernandez P Dylan Cease P Robbie Ray SS Geraldo Perdomo,,,
191,5198711732,Blackbeards_Delight,0,124.35,1B Andres Chaparro 2B Jake Cronenworth 3B Nolan Arenado C Gabriel Moreno OF James Wood OF Daylen Lile OF Heriberto Hernandez P Dylan Cease P Ryan Johnson SS CJ Abrams,,,
192,5198866756,Duitez76,0,124.149994,1B Rafael Devers 2B Ketel Marte 3B Vaughn Grissom C James McCann OF Mike Trout OF Jo Adell OF Jorge Soler P Dylan Cease P JP Sears SS Zach Neto,,,
193,5198700622,EBDBBnB,0,124.1,1B Ty France 2B Jake Cronenworth 3B Caleb Durbin C Freddy Fermin OF Fernando Tatis Jr. OF Jackson Merrill OF Ceddanne Rafaela P Dylan Cease P Sonny Gray SS Otto Lopez,,,
193,5198839815,Leithal13,0,124.1,1B Rafael Devers 2B Vaughn Grissom 3B Casey Schmitt C Logan O'Hoppe OF Mike Trout OF Jo Adell OF Drew Gilbert P Dylan Cease P Sonny Gray SS Zach Neto,,,
195,5198448129,arnoldgo,0,124.05,1B Bryce Eldridge 2B Nasim Nunez 3B Luis Rengifo C Gabriel Moreno OF Dylan Crews OF Jung Hoo Lee OF Heriberto Hernandez P Dylan Cease P Foster Griffin SS Willy Adames,,,
195,5198934990,mbouts425,0,124.05,1B Ty France 2B Ernie Clement 3B Kazuma Okamoto C Brandon Valenzuela OF Wilyer Abreu OF Jorge Soler OF Nathan Lukes P Dylan Cease P Foster Griffin SS Otto Lopez,,,
197,5198215488,mister_eddie6,0,123.55,1B Andres Chaparro 2B Jake Cronenworth 3B Curtis Mead C Liam Hicks OF Fernando Tatis Jr. OF Gavin Sheets OF Luis Rengifo P Dylan Cease P Robbie Ray SS Xander Bogaerts,,,
198,5198411029,randomjank,0,123.2,1B Rafael Devers 2B Vaughn Grissom 3B Curtis Mead C Logan O'Hoppe OF Mike Trout OF Jo Adell OF Heriberto Hernandez P Dylan Cease P Eury Perez SS Zach Neto,,,
198,5198515338,cowboys228808,0,123.2,1B Andres Chaparro 2B Vaughn Grissom 3B Curtis Mead C Keibert Ruiz OF Dylan Crews OF Jorge Soler OF Heriberto Hernandez P Dylan Cease P Eury Perez SS CJ Abrams,,,
198,5198677501,XXX69,0,123.2,1B Bryce Eldridge 2B Luis Arraez 3B Kazuma Okamoto C Keibert Ruiz OF Heliot Ramos OF Daylen Lile OF Jacob Young P Dylan Cease P Eury Perez SS Willy Adames,,,
198,5198922635,howboys88,0,123.2,1B Bryce Eldridge 2B Luis Arraez 3B Caleb Durbin C Keibert Ruiz OF Wilyer Abreu OF Jung Hoo Lee OF Heriberto Hernandez P Dylan Cease P Eury Perez SS Ernie Clement,,,
198,5198932193,vigiljp05,0,123.2,1B Rafael Devers 2B Vaughn Grissom 3B Curtis Mead C Logan O'Hoppe OF Mike Trout OF Jo Adell OF Heriberto Hernandez P Dylan Cease P Eury Perez SS Zach Neto,,,
203,5198688547,tgusta82,0,123,1B Rafael Devers 2B Jake Cronenworth 3B Nolan Arenado C Gabriel Moreno OF Fernando Tatis Jr. OF Corbin Carroll OF Jackson Merrill P Robbie Ray P JP Sears SS Zach Neto,,,
204,5198818983,Fishnaked,0,122.95,1B Rafael Devers 2B Xavier Edwards 3B Curtis Mead C Daniel Susac OF Dylan Crews OF Daylen Lile OF Daulton Varsho P Sonny Gray P Robbie Ray SS CJ Abrams,,,
205,5198455960,rcarena,0,122.55,1B Kyle Stowers 2B Ildemaro Vargas 3B Nolan Arenado C Gabriel Moreno OF Corbin Carroll OF George Springer OF Heriberto Hernandez P Dylan Cease P Robbie Ray SS Willy Adames,,,
206,5198726993,Aubsas,0,122.2,1B Ildemaro Vargas 2B Vaughn Grissom 3B Kazuma Okamoto C Gabriel Moreno OF Corbin Carroll OF George Springer OF Jose Siri P Dylan Cease P Eury Perez SS Zach Neto,,,
206,5198875623,ursteppapi,0,122.2,1B Rafael Devers 2B Vaughn Grissom 3B Curtis Mead C Gabriel Moreno OF Dylan Crews OF Jo Adell OF Heriberto Hernandez P Dylan Cease P Eury Perez SS Javier Sanoja,,,
208,5198731888,hollowj1,0,122.149994,1B Andres Chaparro 2B Xavier Edwards 3B Casey Schmitt C James McCann OF James Wood OF Jarren Duran OF George Springer P Dylan Cease P JP Sears SS Otto Lopez,,,
209,5198753024,tightenUPson,0,122.1,1B Rafael Devers 2B Ketel Marte 3B Nolan Arenado C James McCann OF Dylan Crews OF Jung Hoo Lee OF Griffin Conine P Dylan Cease P Sonny Gray SS Geraldo Perdomo,,,
210,5198700251,liberatemelord1,0,122.05,1B Rafael Devers 2B Luis Arraez 3B Casey Schmitt C Jesus Rodriguez OF Jackson Merrill OF Dylan Crews OF Jo Adell P Eury Perez P Robbie Ray SS Otto Lopez,,,
210,5198727410,Riccajb9,0,122.05,1B Andres Chaparro 2B Xavier Edwards 3B Curtis Mead C Liam Hicks OF Dylan Crews OF Daylen Lile OF Jacob Young P Dylan Cease P Foster Griffin SS Andres Gimenez,,,
212,5198927261,kimberlylair,0,121.899994,1B Tim Tawa 2B Ildemaro Vargas 3B Curtis Mead C James McCann OF Mike Trout OF Wilyer Abreu OF Dylan Crews P Dylan Cease P Mitch Bratt SS CJ Abrams,,,
213,5198298432,pig2mugee,0,121.55,1B Ty France 2B Xavier Edwards 3B Javier Sanoja C Keibert Ruiz OF James Wood OF Daylen Lile OF Gavin Sheets P Dylan Cease P Robbie Ray SS Otto Lopez,,,
213,5198738347,MISMotown,0,121.55,1B Bryce Eldridge 2B Xavier Edwards 3B Casey Schmitt C Luis Campusano OF Heliot Ramos OF Heriberto Hernandez OF Esteury Ruiz P Dylan Cease P Robbie Ray SS Otto Lopez,,,
215,5198922306,Mtins,0,121.2,1B Andres Chaparro 2B Ketel Marte 3B Curtis Mead C Gabriel Moreno OF Heriberto Hernandez OF Jacob Young OF Esteury Ruiz P Dylan Cease P Eury Perez SS Zach Neto,,,
216,5198602292,jenmac711,0,121.1,1B Ty France 2B Luis Arraez 3B Luis Rengifo C Daniel Susac OF Fernando Tatis Jr. OF Jackson Merrill OF Ryan Waldschmidt P Dylan Cease P Sonny Gray SS Xander Bogaerts,,,
216,5198777741,lilmaryy,0,121.1,1B Kyle Stowers 2B Nasim Nunez 3B Javier Sanoja C Liam Hicks OF Jo Adell OF Heriberto Hernandez OF Esteury Ruiz P Dylan Cease P Sonny Gray SS CJ Abrams,,,
218,5198570932,HardRocks,0,121.05,1B Rafael Devers 2B Xavier Edwards 3B Casey Schmitt C Liam Hicks OF Dylan Crews OF Heriberto Hernandez OF Jose Siri P Eury Perez P Robbie Ray SS CJ Abrams,,,
219,5198682042,Packersstillsuck123,0,120.9,1B Rafael Devers 2B Luis Arraez 3B Casey Schmitt C Keibert Ruiz OF Dylan Crews OF Daylen Lile OF Heriberto Hernandez P Foster Griffin P Robbie Ray SS Otto Lopez,,,
220,5198419289,jrancor22,0,120.55,1B Ildemaro Vargas 2B Ketel Marte 3B Javier Sanoja C Gabriel Moreno OF Corbin Carroll OF George Springer OF Nathan Lukes P Dylan Cease P Robbie Ray SS Geraldo Perdomo,,,
220,5198911410,Militant_Otter,0,120.55,1B Rafael Devers 2B Vaughn Grissom 3B Casey Schmitt C Keibert Ruiz OF Mike Trout OF Heriberto Hernandez OF Nathan Lukes P Foster Griffin P Eury Perez SS CJ Abrams,,,
222,5198377445,jslayer05,0,120.2,1B Bryce Eldridge 2B Ernie Clement 3B Nolan Arenado C Gabriel Moreno OF Dylan Crews OF Ceddanne Rafaela OF George Springer P Dylan Cease P Eury Perez SS Xander Bogaerts,,,
222,5198420899,epot,0,120.2,1B Vladimir Guerrero Jr. 2B Xavier Edwards 3B Kazuma Okamoto C Brandon Valenzuela OF Dylan Crews OF George Springer OF Jakob Marsee P Dylan Cease P Eury Perez SS Willy Adames,,,
222,5198542004,plewis247,0,120.2,1B Andres Chaparro 2B Ildemaro Vargas 3B Curtis Mead C Gabriel Moreno OF Dylan Crews OF Daylen Lile OF Jacob Young P Dylan Cease P Eury Perez SS Geraldo Perdomo,,,
222,5198708357,TinyGiant99,0,120.2,1B Rafael Devers 2B Vaughn Grissom 3B Javier Sanoja C Logan O'Hoppe OF James Wood OF Dylan Crews OF Jo Adell P Dylan Cease P Eury Perez SS Zach Neto,,,
222,5198791644,getusum29,0,120.2,1B Rafael Devers 2B Jake Cronenworth 3B Javier Sanoja C Gabriel Moreno OF Fernando Tatis Jr. OF Jorge Soler OF Heriberto Hernandez P Dylan Cease P Eury Perez SS Zach Neto,,,
222,5198852140,Bulldawg633,0,120.2,1B Rafael Devers 2B Vaughn Grissom 3B Javier Sanoja C Logan O'Hoppe OF James Wood OF Dylan Crews OF Jo Adell P Dylan Cease P Eury Perez SS Zach Neto,,,
222,5198892467,bfowler0419,0,120.2,1B Bryce Eldridge 2B Vaughn Grissom 3B Casey Schmitt C Gabriel Moreno OF Mike Trout OF Drew Gilbert OF Jacob Young P Dylan Cease P Eury Perez SS Willy Adames,,,
229,5198563065,sh-13,0,120.05,1B Kyle Stowers 2B Xavier Edwards 3B Vaughn Grissom C Logan O'Hoppe OF James Wood OF Heriberto Hernandez OF Esteury Ruiz P Dylan Cease P Foster Griffin SS Otto Lopez,,,
229,5198685894,krambra,0,120.05,1B Rafael Devers 2B Luis Arraez 3B Leo Jimenez C Keibert Ruiz OF James Wood OF Dylan Crews OF Davis Schneider P Eury Perez P Robbie Ray SS CJ Abrams,,,
231,5198410310,madgreek12,0,119.55,1B Kyle Stowers 2B Xavier Edwards 3B Casey Schmitt C Gabriel Moreno OF Dylan Crews OF Daylen Lile OF Jo Adell P Dylan Cease P Robbie Ray SS Javier Sanoja,,,
231,5198613569,lufthansaheist,0,119.55,1B Andres Chaparro 2B Xavier Edwards 3B Curtis Mead C Daniel Susac OF James Wood OF Dylan Crews OF Jacob Young P Dylan Cease P Robbie Ray SS Javier Sanoja,,,
233,5198935476,kmack62,0,119.35,1B Kyle Stowers 2B Luis Arraez 3B Kazuma Okamoto C Gabriel Moreno OF Heliot Ramos OF Daylen Lile OF Jung Hoo Lee P Dylan Cease P Ryan Johnson SS Zach Neto,,,
234,5198610258,OJS52MLB,0,119.2,1B Rafael Devers 2B Anthony Seigler 3B Kazuma Okamoto C James McCann OF Mike Trout OF Dylan Crews OF Heriberto Hernandez P Dylan Cease P Eury Perez SS Zach Neto,,,
234,5198654252,jlp4765,0,119.2,1B Rafael Devers 2B Ketel Marte 3B Nolan Arenado C Harry Ford OF Heliot Ramos OF Heriberto Hernandez OF Jacob Young P Dylan Cease P Eury Perez SS Willy Adames,,,
234,5198662649,ggone400,0,119.2,1B Rafael Devers 2B Nasim Nunez 3B Brady House C Keibert Ruiz OF Mike Trout OF Dylan Crews OF Jo Adell P Dylan Cease P Eury Perez SS Javier Sanoja,,,
234,5198748266,cubbie57,0,119.2,1B Vladimir Guerrero Jr. 2B Luis Arraez 3B Caleb Durbin C Logan O'Hoppe OF Ceddanne Rafaela OF George Springer OF Heriberto Hernandez P Dylan Cease P Eury Perez SS Zach Neto,,,
238,5198574825,luckyyou208,0,119.1,1B Ty France 2B Jake Cronenworth 3B Manny Machado C Logan O'Hoppe OF Fernando Tatis Jr. OF Mike Trout OF Luis Rengifo P Dylan Cease P Sonny Gray SS Javier Sanoja,,,
239,5198700306,dadsonit,0,119.05,1B Rafael Devers 2B Xavier Edwards 3B Curtis Mead C Gabriel Moreno OF Dylan Crews OF Jung Hoo Lee OF Heriberto Hernandez P Eury Perez P Robbie Ray SS Otto Lopez,,,
240,5198512925,Mrboozer,0,119,1B Rafael Devers 2B Luis Arraez 3B Casey Schmitt C Keibert Ruiz OF Fernando Tatis Jr. OF Jackson Merrill OF Ceddanne Rafaela P Robbie Ray P JP Sears SS Willy Adames,,,
241,5198566979,habcommander,0,118.55,1B Andres Chaparro 2B Jake Cronenworth 3B Kazuma Okamoto C James McCann OF James Wood OF Dylan Crews OF George Springer P Foster Griffin P Eury Perez SS CJ Abrams,,,
241,5198661175,TheBoys29,0,118.55,1B Andres Chaparro 2B Ildemaro Vargas 3B Nolan Arenado C Gabriel Moreno OF Fernando Tatis Jr. OF Jackson Merrill OF Heriberto Hernandez P Dylan Cease P Robbie Ray SS Willy Adames,,,
241,5198862427,tbark13,0,118.55,1B Kyle Stowers 2B Luis Arraez 3B Javier Sanoja C Daniel Susac OF Fernando Tatis Jr. OF Dylan Crews OF Jakob Marsee P Dylan Cease P Robbie Ray SS Willy Adames,,,
241,5198896156,robbyb73,0,118.55,1B Andres Chaparro 2B Ildemaro Vargas 3B Nolan Arenado C Gabriel Moreno OF Fernando Tatis Jr. OF Jackson Merrill OF Heriberto Hernandez P Dylan Cease P Robbie Ray SS Willy Adames,,,
245,5198676765,bmosley21,0,118.2,1B Andres Chaparro 2B Ildemaro Vargas 3B Curtis Mead C Gabriel Moreno OF Dylan Crews OF Jacob Young OF Tim Tawa P Dylan Cease P Eury Perez SS Geraldo Perdomo,,,
245,5198720229,HuskersRule,0,118.2,1B Rafael Devers 2B Ketel Marte 3B Javier Sanoja C Luis Campusano OF Heliot Ramos OF Heriberto Hernandez OF Esteury Ruiz P Dylan Cease P Eury Perez SS Zach Neto,,,
245,5198809336,LRoyTheKing,0,118.2,1B Vladimir Guerrero Jr. 2B Luis Arraez 3B Kazuma Okamoto C Daniel Susac OF Corbin Carroll OF Nathan Lukes OF Yohendrick Pinango P Dylan Cease P Eury Perez SS Willy Adames,,,
245,5198830809,Vanz5,0,118.2,1B Rafael Devers 2B Vaughn Grissom 3B Javier Sanoja C Gabriel Moreno OF Mike Trout OF Jo Adell OF Jorge Soler P Dylan Cease P Eury Perez SS Zach Neto,,,
245,5198837596,Yossarian230,0,118.2,1B Andres Chaparro 2B Ketel Marte 3B Vaughn Grissom C Logan O'Hoppe OF Mike Trout OF Jorge Soler OF Heriberto Hernandez P Dylan Cease P Eury Perez SS CJ Abrams,,,
245,5198868325,renegade,0,118.2,1B Andres Chaparro 2B Nasim Nunez 3B Curtis Mead C Logan O'Hoppe OF Mike Trout OF Dylan Crews OF Jacob Young P Dylan Cease P Eury Perez SS Zach Neto,,,
251,5198449888,tbjones2121,0,118.1,1B Kyle Stowers 2B Jake Cronenworth 3B Manny Machado C Freddy Fermin OF Mike Trout OF Jackson Merrill OF Gavin Sheets P Dylan Cease P Sonny Gray SS Zach Neto,,,
251,5198577454,Kstephens15,0,118.1,1B Ty France 2B Jake Cronenworth 3B Manny Machado C Gabriel Moreno OF Corbin Carroll OF Gavin Sheets OF Jose Siri P Dylan Cease P Sonny Gray SS Geraldo Perdomo,,,
251,5198813945,DrLiberman,0,118.1,1B Andres Chaparro 2B Ildemaro Vargas 3B Javier Sanoja C James McCann OF James Wood OF Daylen Lile OF Ryan Waldschmidt P Dylan Cease P Sonny Gray SS CJ Abrams,,,
254,5198773561,dlbell5848,0,118.05,1B Ty France 2B Jake Cronenworth 3B Manny Machado C Freddy Fermin OF Fernando Tatis Jr. OF Jo Adell OF Griffin Conine P Dylan Cease P Foster Griffin SS Zach Neto,,,
255,5198948366,jonathan3248,0,117.9,1B Bryce Eldridge 2B Luis Arraez 3B Curtis Mead C Keibert Ruiz OF Dylan Crews OF Drew Gilbert OF Nathan Lukes P Foster Griffin P Robbie Ray SS CJ Abrams,,,
255,5198534402,terryf20,0,117.899994,1B Rafael Devers 2B Ketel Marte 3B Nolan Arenado C Gabriel Moreno OF Fernando Tatis Jr. OF Heriberto Hernandez OF Esteury Ruiz P Dylan Cease P Mitch Bratt SS Zach Neto,,,
257,5198391663,SierraMisk,0,117.55,1B Bryce Eldridge 2B Xavier Edwards 3B Javier Sanoja C Liam Hicks OF Heliot Ramos OF Jung Hoo Lee OF Heriberto Hernandez P Dylan Cease P Robbie Ray SS Otto Lopez,,,
257,5198711169,SikWitEt,0,117.55,1B Bryce Eldridge 2B Nasim Nunez 3B Casey Schmitt C Gabriel Moreno OF Ceddanne Rafaela OF George Springer OF Heriberto Hernandez P Dylan Cease P Robbie Ray SS Xander Bogaerts,,,
257,5198881973,Ducking3,0,117.55,1B Kyle Stowers 2B Nasim Nunez 3B Curtis Mead C Liam Hicks OF Jakob Marsee OF Heriberto Hernandez OF Luis Rengifo P Dylan Cease P Robbie Ray SS Otto Lopez,,,
260,5198698897,JBTribeTime,0,117.2,1B Andres Chaparro 2B Xavier Edwards 3B Curtis Mead C Logan O'Hoppe OF Dylan Crews OF Jorge Soler OF Heriberto Hernandez P Dylan Cease P Eury Perez SS CJ Abrams,,,
261,5198689748,lpryan,0,117.1,1B Rafael Devers 2B Anthony Seigler 3B Javier Sanoja C Gabriel Moreno OF Corbin Carroll OF Heriberto Hernandez OF Luis Rengifo P Dylan Cease P Sonny Gray SS Otto Lopez,,,
261,5198723508,TrueNorth79,0,117.1,1B Rafael Devers 2B Ildemaro Vargas 3B Nolan Arenado C James McCann OF James Wood OF Griffin Conine OF Luis Rengifo P Dylan Cease P Sonny Gray SS Otto Lopez,,,
263,5198563863,pops6870,0,117.05,1B Rafael Devers 2B Luis Arraez 3B Casey Schmitt C Gabriel Moreno OF Heliot Ramos OF Jung Hoo Lee OF Heriberto Hernandez P Eury Perez P Robbie Ray SS Geraldo Perdomo,,,
263,5198787919,relevanthought,0,117.05,1B Bryce Eldridge 2B Luis Arraez 3B Vaughn Grissom C Daniel Susac OF Mike Trout OF Jo Adell OF Jose Siri P Dylan Cease P Foster Griffin SS Zach Neto,,,
265,5198936548,hossteam,0,116.55,1B Kyle Stowers 2B Luis Arraez 3B Vaughn Grissom C Liam Hicks OF George Springer OF Heriberto Hernandez OF Jacob Young P Foster Griffin P Eury Perez SS CJ Abrams,,,
266,5198488303,shaunb24,0,116.2,1B Rafael Devers 2B Xavier Edwards 3B Casey Schmitt C James McCann OF Heliot Ramos OF Jo Adell OF Griffin Conine P Dylan Cease P Eury Perez SS Willy Adames,,,
266,5198724749,Tamptrio12,0,116.2,1B Ty France 2B Nasim Nunez 3B Nolan Arenado C Gabriel Moreno OF Heliot Ramos OF Dylan Crews OF Daylen Lile P Dylan Cease P Eury Perez SS Willy Adames,,,
266,5198921652,godfatherofgainz,0,116.2,1B Andres Chaparro 2B Xavier Edwards 3B Curtis Mead C Daniel Susac OF Dylan Crews OF Daylen Lile OF Jacob Young P Dylan Cease P Eury Perez SS Zach Neto,,,
269,5198690613,jere6777,0,116.149994,1B Bryce Eldridge 2B Ketel Marte 3B Vaughn Grissom C Logan O'Hoppe OF James Wood OF Jackson Merrill OF Nathan Lukes P Dylan Cease P JP Sears SS Zach Neto,,,
270,5198903123,mattf19,0,116.1,1B Andres Chaparro 2B Xavier Edwards 3B Javier Sanoja C Liam Hicks OF Dylan Crews OF Heriberto Hernandez OF Jacob Young P Dylan Cease P Sonny Gray SS CJ Abrams,,,
271,5198669104,Primetime2194,0,115.95,1B Rafael Devers 2B Xavier Edwards 3B Casey Schmitt C Daniel Susac OF Dylan Crews OF Daylen Lile OF Heriberto Hernandez P Sonny Gray P Robbie Ray SS CJ Abrams,,,
271,5198866399,berok666,0,115.95,1B Bryce Eldridge 2B Ildemaro Vargas 3B Curtis Mead C Gabriel Moreno OF Dylan Crews OF Jung Hoo Lee OF Luis Rengifo P Sonny Gray P Robbie Ray SS CJ Abrams,,,
273,5198663309,AJLew,0,115.9,1B Rafael Devers 2B Xavier Edwards 3B Casey Schmitt C Keibert Ruiz OF Dylan Crews OF Heriberto Hernandez OF Griffin Conine P Foster Griffin P Robbie Ray SS CJ Abrams,,,
274,5198711176,jonjonlegend,0,115.55,1B Rafael Devers 2B Nasim Nunez 3B Casey Schmitt C Keibert Ruiz OF Dylan Crews OF Heriberto Hernandez OF Luis Rengifo P Foster Griffin P Eury Perez SS CJ Abrams,,,
275,5198673199,Boo2654,0,115.2,1B Bryce Eldridge 2B Luis Arraez 3B Casey Schmitt C Logan O'Hoppe OF Mike Trout OF Jo Adell OF Jose Siri P Dylan Cease P Eury Perez SS Zach Neto,,,
275,5198679196,kmartyn426,0,115.2,1B Andres Chaparro 2B Luis Arraez 3B Kazuma Okamoto C James McCann OF Jackson Merrill OF Dylan Crews OF Ceddanne Rafaela P Dylan Cease P Eury Perez SS Zach Neto,,,
275,5198711815,jkingcardfan76,0,115.2,1B Andres Chaparro 2B Nasim Nunez 3B Curtis Mead C Gabriel Moreno OF Dylan Crews OF Heriberto Hernandez OF Esteury Ruiz P Dylan Cease P Eury Perez SS Zach Neto,,,
278,5198767602,jlzinck,0,115.1,1B Bryce Eldridge 2B Luis Arraez 3B Nolan Arenado C James McCann OF Mike Trout OF Jung Hoo Lee OF Drew Gilbert P Dylan Cease P Sonny Gray SS Zach Neto,,,
278,5198863139,mikespaeth,0,115.1,1B Vladimir Guerrero Jr. 2B Jake Cronenworth 3B Nolan Arenado C Logan O'Hoppe OF James Wood OF Jo Adell OF Drew Gilbert P Dylan Cease P Sonny Gray SS Willy Adames,,,
280,5198120526,mikebkmm5,0,115.05,1B Andres Chaparro 2B Jake Cronenworth 3B Curtis Mead C Gabriel Moreno OF James Wood OF Heriberto Hernandez OF Nathan Lukes P Eury Perez P Robbie Ray SS CJ Abrams,,,
280,5198443895,Hambone1927,0,115.05,1B Rafael Devers 2B Luis Arraez 3B Casey Schmitt C Keibert Ruiz OF Heliot Ramos OF Dylan Crews OF Daylen Lile P Eury Perez P Robbie Ray SS Willy Adames,,,
280,5198569330,73pd2x,0,115.05,1B Nolan Schanuel 2B Jake Cronenworth 3B Vaughn Grissom C Freddy Fermin OF Fernando Tatis Jr. OF Mike Trout OF Jo Adell P Dylan Cease P Foster Griffin SS Zach Neto,,,
283,5198880756,Timbo314636,0,114.95,1B Rafael Devers 2B Xavier Edwards 3B Casey Schmitt C Liam Hicks OF Jackson Merrill OF Jung Hoo Lee OF Heriberto Hernandez P Sonny Gray P Robbie Ray SS Otto Lopez,,,
284,5198679923,cheezdawg,0,114.55,1B Rafael Devers 2B Vaughn Grissom 3B Casey Schmitt C James McCann OF Corbin Carroll OF Heriberto Hernandez OF Luis Rengifo P Foster Griffin P Eury Perez SS CJ Abrams,,,
285,5198701827,bjbsnoop,0,114.2,1B Andres Chaparro 2B Vaughn Grissom 3B Curtis Mead C Gabriel Moreno OF Corbin Carroll OF Griffin Conine OF Esteury Ruiz P Dylan Cease P Eury Perez SS Zach Neto,,,
285,5198876266,jacks666,0,114.2,1B Andres Chaparro 2B Vaughn Grissom 3B Casey Schmitt C Daniel Susac OF Mike Trout OF Dylan Crews OF Daylen Lile P Dylan Cease P Eury Perez SS Zach Neto,,,
285,5198900396,jefftheho,0,114.2,1B Andres Chaparro 2B Xavier Edwards 3B Curtis Mead C Liam Hicks OF Dylan Crews OF Heriberto Hernandez OF Esteury Ruiz P Dylan Cease P Eury Perez SS Otto Lopez,,,
285,5198905112,TheShackGod,0,114.2,1B Rafael Devers 2B Xavier Edwards 3B Curtis Mead C Daniel Susac OF Heliot Ramos OF Heriberto Hernandez OF Ryan Waldschmidt P Dylan Cease P Eury Perez SS Willy Adames,,,
289,5198164012,okiecowpoke,0,114.05,1B Kyle Stowers 2B Xavier Edwards 3B Vaughn Grissom C Liam Hicks OF Jung Hoo Lee OF Jorge Soler OF Heriberto Hernandez P Dylan Cease P Foster Griffin SS Otto Lopez,,,
289,5198223033,Kelpius,0,114.05,1B Rafael Devers 2B Xavier Edwards 3B Curtis Mead C James McCann OF Wilyer Abreu OF Heliot Ramos OF Jung Hoo Lee P Eury Perez P Robbie Ray SS Otto Lopez,,,
289,5198732889,Tbwspartan,0,114.05,1B Kyle Stowers 2B Xavier Edwards 3B Vaughn Grissom C Liam Hicks OF Jung Hoo Lee OF Jorge Soler OF Heriberto Hernandez P Dylan Cease P Foster Griffin SS Otto Lopez,,,
292,5198359358,nh70744,0,113.55,1B Andres Chaparro 2B Ildemaro Vargas 3B Nolan Arenado C Keibert Ruiz OF Fernando Tatis Jr. OF Jackson Merrill OF Heriberto Hernandez P Dylan Cease P Robbie Ray SS Zach Neto,,,
292,5198368393,Opfor4481,0,113.55,1B Andres Chaparro 2B Ildemaro Vargas 3B Nolan Arenado C Gabriel Moreno OF Fernando Tatis Jr. OF Jackson Merrill OF Heriberto Hernandez P Dylan Cease P Robbie Ray SS Geraldo Perdomo,,,
292,5198639192,realfactzmack302,0,113.55,1B Andres Chaparro 2B Ildemaro Vargas 3B Nolan Arenado C Gabriel Moreno OF Fernando Tatis Jr. OF Jackson Merrill OF Heriberto Hernandez P Dylan Cease P Robbie Ray SS Geraldo Perdomo,,,
292,5198727041,Hornsup73,0,113.55,1B Ildemaro Vargas 2B Anthony Seigler 3B Nolan Arenado C Gabriel Moreno OF Fernando Tatis Jr. OF Jackson Merrill OF Heriberto Hernandez P Dylan Cease P Robbie Ray SS Willy Adames,,,
292,5198742189,ttesar12,0,113.55,1B Bryce Eldridge 2B Ernie Clement 3B Connor Norby C Carlos Narvaez OF James Wood OF Corbin Carroll OF Luis Rengifo P Dylan Cease P Robbie Ray SS Xander Bogaerts,,,
292,5198861968,goolie1228,0,113.55,1B Andres Chaparro 2B Ildemaro Vargas 3B Nolan Arenado C Gabriel Moreno OF Fernando Tatis Jr. OF Jackson Merrill OF Heriberto Hernandez P Dylan Cease P Robbie Ray SS Geraldo Perdomo,,,
298,5198479844,Aoteoroa,0,113.1,1B Bryce Eldridge 2B Xavier Edwards 3B Casey Schmitt C Keibert Ruiz OF Daylen Lile OF Jung Hoo Lee OF Jakob Marsee P Dylan Cease P Sonny Gray SS Willy Adames,,,
299,5198866710,mattryan858,0,113.05,1B Andres Chaparro 2B Ketel Marte 3B Curtis Mead C Gabriel Moreno OF Dylan Crews OF Jacob Young OF Ryan Waldschmidt P Eury Perez P Robbie Ray SS CJ Abrams,,,
300,5198916662,pigskin23,0,112.95,1B Rafael Devers 2B Luis Arraez 3B Manny Machado C James McCann OF Corbin Carroll OF George Springer OF Jo Adell P Sonny Gray P Robbie Ray SS Willy Adames,,,
301,5198559378,downhomedogg,0,112.55,1B Rafael Devers 2B Luis Arraez 3B Manny Machado C Keibert Ruiz OF Fernando Tatis Jr. OF Daylen Lile OF Jung Hoo Lee P Sonny Gray P JP Sears SS Geraldo Perdomo,,,
301,5198924327,dkhesmer,0,112.55,1B Andres Chaparro 2B Luis Arraez 3B Casey Schmitt C Daniel Susac OF Heliot Ramos OF Dylan Crews OF Jacob Young P Foster Griffin P Eury Perez SS CJ Abrams,,,
303,5198562679,gooey911,0,112.45,1B Rafael Devers 2B Jake Cronenworth 3B Casey Schmitt C James McCann OF Dylan Crews OF Ceddanne Rafaela OF Heriberto Hernandez P Foster Griffin P Sonny Gray SS CJ Abrams,,,
303,5198757841,jordanh415,0,112.45,1B Rafael Devers 2B Vaughn Grissom 3B Casey Schmitt C Daniel Susac OF James Wood OF Jung Hoo Lee OF Jacob Young P Foster Griffin P Sonny Gray SS Willy Adames,,,
305,5198688836,stiggy24,0,112.35,1B Andres Chaparro 2B Vaughn Grissom 3B Curtis Mead C Logan O'Hoppe OF James Wood OF Dylan Crews OF Heriberto Hernandez P Dylan Cease P Ryan Johnson SS CJ Abrams,,,
306,5198348478,oceanrac,0,112.2,1B Bryce Eldridge 2B Anthony Seigler 3B Nolan Arenado C Keibert Ruiz OF James Wood OF George Springer OF Heriberto Hernandez P Dylan Cease P Eury Perez SS Ernie Clement,,,
306,5198364321,neterka,0,112.2,1B Rafael Devers 2B Ketel Marte 3B Vaughn Grissom C Logan O'Hoppe OF Mike Trout OF Jorge Soler OF Heriberto Hernandez P Dylan Cease P Eury Perez SS Zach Neto,,,
306,5198442891,butchismyhomie,0,112.2,1B Rafael Devers 2B Ketel Marte 3B Vaughn Grissom C Logan O'Hoppe OF Mike Trout OF Jorge Soler OF Heriberto Hernandez P Dylan Cease P Eury Perez SS Zach Neto,,,
306,5198571757,nickenyon6,0,112.2,1B Rafael Devers 2B Ketel Marte 3B Vaughn Grissom C Logan O'Hoppe OF Mike Trout OF Jorge Soler OF Heriberto Hernandez P Dylan Cease P Eury Perez SS Zach Neto,,,
306,5198616628,Thisisdblock,0,112.2,1B Rafael Devers 2B Ketel Marte 3B Vaughn Grissom C Logan O'Hoppe OF Mike Trout OF Jorge Soler OF Heriberto Hernandez P Dylan Cease P Eury Perez SS Zach Neto,,,
306,5198701837,Dbojangles,0,112.2,1B Andres Chaparro 2B Nasim Nunez 3B Javier Sanoja C Daniel Susac OF James Wood OF Dylan Crews OF Jung Hoo Lee P Dylan Cease P Eury Perez SS Zach Neto,,,
306,5198721590,BigPod,0,112.2,1B Rafael Devers 2B Ketel Marte 3B Vaughn Grissom C Logan O'Hoppe OF Mike Trout OF Jorge Soler OF Heriberto Hernandez P Dylan Cease P Eury Perez SS Zach Neto,,,
306,5198790291,Jamie8238,0,112.2,1B Kyle Stowers 2B Xavier Edwards 3B Vaughn Grissom C Gabriel Moreno OF Mike Trout OF Heriberto Hernandez OF Esteury Ruiz P Dylan Cease P Eury Perez SS Zach Neto,,,
306,5198860236,scottkd,0,112.2,1B Andres Chaparro 2B Xavier Edwards 3B Vaughn Grissom C Gabriel Moreno OF Mike Trout OF Daylen Lile OF Heriberto Hernandez P Dylan Cease P Eury Perez SS Otto Lopez,,,
306,5198891985,champs21,0,112.2,1B Rafael Devers 2B Ketel Marte 3B Vaughn Grissom C Logan O'Hoppe OF Mike Trout OF Jorge Soler OF Heriberto Hernandez P Dylan Cease P Eury Perez SS Zach Neto,,,
316,5198763203,swaggybees,0,112.1,1B Andres Chaparro 2B Nasim Nunez 3B Curtis Mead C Logan O'Hoppe OF James Wood OF Jacob Young OF Jose Siri P Dylan Cease P Sonny Gray SS Zach Neto,,,
317,5198567269,Dcline3333,0,112.05,1B Andres Chaparro 2B Vaughn Grissom 3B Curtis Mead C Logan O'Hoppe OF Mike Trout OF Dylan Crews OF Jo Adell P Dylan Cease P Foster Griffin SS Zach Neto,,,
317,5198629775,zak11b,0,112.05,1B Tim Tawa 2B Jake Cronenworth 3B Curtis Mead C Keibert Ruiz OF James Wood OF Dylan Crews OF Yohendrick Pinango P Eury Perez P Robbie Ray SS CJ Abrams,,,
317,5198636660,Dmacreid,0,112.05,1B Willson Contreras 2B Charles McAdoo 3B Nolan Arenado C Keibert Ruiz OF Fernando Tatis Jr. OF Daylen Lile OF Jung Hoo Lee P Eury Perez P Robbie Ray SS CJ Abrams,,,
317,5198901038,Linkster1975,0,112.05,1B Rafael Devers 2B Jake Cronenworth 3B Casey Schmitt C Logan O'Hoppe OF James Wood OF Fernando Tatis Jr. OF Dylan Crews P Eury Perez P Robbie Ray SS Andruw Monasterio,,,
321,5198641785,swizzytx,0,111.6,1B Rafael Devers 2B Luis Arraez 3B Nolan Arenado C Luis Campusano OF Jackson Merrill OF Dylan Crews OF George Springer P Sonny Gray P Eury Perez SS Otto Lopez,,,
322,5198470531,charlesrayallday,0,111.2,1B Bryce Eldridge 2B Jake Cronenworth 3B Vaughn Grissom C Logan O'Hoppe OF Fernando Tatis Jr. OF Mike Trout OF Jo Adell P Dylan Cease P Eury Perez SS Zach Neto,,,
322,5198892104,James4404,0,111.2,1B Ildemaro Vargas 2B Nasim Nunez 3B Curtis Mead C Gabriel Moreno OF George Springer OF Jorge Soler OF Daulton Varsho P Dylan Cease P Eury Perez SS Xander Bogaerts,,,
324,5198676492,rohan1103,0,111.1,1B Kyle Stowers 2B Luis Arraez 3B Nolan Arenado C James McCann OF Mike Trout OF Jung Hoo Lee OF Jorge Soler P Dylan Cease P Sonny Gray SS Geraldo Perdomo,,,
325,5198936560,HesNoJimmyG,0,110.6,1B Rafael Devers 2B Luis Arraez 3B Casey Schmitt C Liam Hicks OF Dylan Crews OF Jacob Young OF Jose Siri P Sonny Gray P Eury Perez SS Otto Lopez,,,
326,5198485086,rajonrondough,0,110.2,1B Rafael Devers 2B Ketel Marte 3B Javier Sanoja C Logan O'Hoppe OF Mike Trout OF Jo Adell OF Heriberto Hernandez P Dylan Cease P Eury Perez SS Zach Neto,,,
326,5198582190,anthjimen,0,110.2,1B Nolan Schanuel 2B Xavier Edwards 3B Vaughn Grissom C Gabriel Moreno OF Corbin Carroll OF Jacob Young OF Tim Tawa P Dylan Cease P Eury Perez SS Zach Neto,,,
326,5198606586,Keendom,0,110.2,1B Andres Chaparro 2B Ketel Marte 3B Javier Sanoja C Gabriel Moreno OF Mike Trout OF Jo Adell OF Esteury Ruiz P Dylan Cease P Eury Perez SS Zach Neto,,,
326,5198663310,peky0401,0,110.2,1B Bryce Eldridge 2B Vaughn Grissom 3B Denzer Guzman C Gabriel Moreno OF Mike Trout OF Jung Hoo Lee OF Jorge Soler P Dylan Cease P Eury Perez SS Zach Neto,,,
326,5198908419,bobot234,0,110.2,1B Bryce Eldridge 2B Ildemaro Vargas 3B Kazuma Okamoto C Gabriel Moreno OF Heliot Ramos OF George Springer OF Jo Adell P Dylan Cease P Eury Perez SS Xander Bogaerts,,,
331,5198480963,zacsmith1,0,110.149994,1B Kyle Stowers 2B Ildemaro Vargas 3B Curtis Mead C Liam Hicks OF Wilyer Abreu OF Heliot Ramos OF Esteury Ruiz P Dylan Cease P JP Sears SS Geraldo Perdomo,,,
331,5198547185,PresidentLeach,0,110.149994,1B Vladimir Guerrero Jr. 2B Ketel Marte 3B Kazuma Okamoto C Logan O'Hoppe OF Mike Trout OF Jo Adell OF Jorge Soler P Dylan Cease P JP Sears SS Zach Neto,,,
333,5198686335,Celticsnc,0,110.1,1B Ty France 2B Vaughn Grissom 3B Manny Machado C Logan O'Hoppe OF James Wood OF Jo Adell OF Jose Siri P Dylan Cease P Sonny Gray SS Zach Neto,,,
334,5198463586,COLTSwLuCKeOline,0,110.05,1B Rafael Devers 2B Anthony Seigler 3B Javier Sanoja C Keibert Ruiz OF James Wood OF Dylan Crews OF Heriberto Hernandez P Eury Perez P Robbie Ray SS CJ Abrams,,,
334,5198887922,SGdennis85,0,110.05,1B Andres Chaparro 2B Xavier Edwards 3B Curtis Mead C James McCann OF James Wood OF Jakob Marsee OF Esteury Ruiz P Eury Perez P Robbie Ray SS CJ Abrams,,,
336,5198856503,jimbah123,0,109.55,1B Rafael Devers 2B Nasim Nunez 3B Vaughn Grissom C James McCann OF Corbin Carroll OF Dylan Crews OF Heriberto Hernandez P Foster Griffin P Eury Perez SS CJ Abrams,,,
336,5198937439,triguy85,0,109.55,1B Ildemaro Vargas 2B Ketel Marte 3B Nolan Arenado C Gabriel Moreno OF Heliot Ramos OF Drew Gilbert OF Tim Tawa P Dylan Cease P Robbie Ray SS Zach Neto,,,
338,5198731839,MShields52,0,109.5,1B Rafael Devers 2B Luis Arraez 3B Manny Machado C Jesus Rodriguez OF Corbin Carroll OF Jackson Merrill OF Dylan Crews P Foster Griffin P JP Sears SS Xander Bogaerts,,,
339,5198783950,tical1994,0,109.2,1B Ildemaro Vargas 2B Vaughn Grissom 3B Curtis Mead C Logan O'Hoppe OF Corbin Carroll OF Mike Trout OF Jose Siri P Dylan Cease P Eury Perez SS Zach Neto,,,
339,5198812847,coach421,0,109.2,1B Bryce Eldridge 2B Xavier Edwards 3B Javier Sanoja C Liam Hicks OF Daylen Lile OF Jakob Marsee OF Griffin Conine P Dylan Cease P Eury Perez SS CJ Abrams,,,
339,5198849719,quinceylu,0,109.2,1B Andres Chaparro 2B Nasim Nunez 3B Javier Sanoja C Keibert Ruiz OF James Wood OF Heriberto Hernandez OF Yohendrick Pinango P Dylan Cease P Eury Perez SS CJ Abrams,,,
342,5198620872,halfknee,0,109.1,1B Andres Chaparro 2B Ildemaro Vargas 3B Nolan Arenado C Keibert Ruiz OF Corbin Carroll OF Heriberto Hernandez OF Ryan Waldschmidt P Dylan Cease P Sonny Gray SS CJ Abrams,,,
343,5198893935,Abyssus,0,109.05,1B Andres Chaparro 2B Ildemaro Vargas 3B Curtis Mead C James McCann OF James Wood OF Heliot Ramos OF Jacob Young P Eury Perez P Robbie Ray SS CJ Abrams,,,
344,5198916289,mafcontroller,0,108.95,1B Bryce Eldridge 2B Jake Cronenworth 3B Casey Schmitt C Keibert Ruiz OF Corbin Carroll OF Dylan Crews OF Luis Rengifo P Sonny Gray P Robbie Ray SS CJ Abrams,,,
345,5198923571,Scorpo1,0,108.9,1B Andres Chaparro 2B Xavier Edwards 3B Curtis Mead C Keibert Ruiz OF Jackson Merrill OF Dylan Crews OF Heriberto Hernandez P Foster Griffin P Robbie Ray SS CJ Abrams,,,
346,5198698090,noahopz,0,108.55,1B Bryce Eldridge 2B Xavier Edwards 3B Casey Schmitt C Keibert Ruiz OF Corbin Carroll OF Jackson Merrill OF Griffin Conine P Dylan Cease P Robbie Ray SS Javier Sanoja,,,
347,5198591108,kingpin131,0,108.1,1B Ty France 2B Jake Cronenworth 3B Nolan Arenado C Harry Ford OF Fernando Tatis Jr. OF Dylan Crews OF Jo Adell P Dylan Cease P Sonny Gray SS Willy Adames,,,
347,5198783662,Cole3pt,0,108.1,1B Andres Chaparro 2B Xavier Edwards 3B Curtis Mead C Keibert Ruiz OF Dylan Crews OF Heriberto Hernandez OF Jacob Young P Dylan Cease P Sonny Gray SS Otto Lopez,,,
347,5198880416,TRGRenegades,0,108.1,1B Andres Chaparro 2B Xavier Edwards 3B Javier Sanoja C Logan O'Hoppe OF Corbin Carroll OF Dylan Crews OF Heriberto Hernandez P Dylan Cease P Sonny Gray SS CJ Abrams,,,
350,5198808142,BigDuke512,0,107.55,1B Bryce Eldridge 2B Ildemaro Vargas 3B Casey Schmitt C James McCann OF Corbin Carroll OF Heliot Ramos OF Dylan Crews P Dylan Cease P Robbie Ray SS Javier Sanoja,,,
351,5198383211,kk1118,0,107.2,1B Ildemaro Vargas 2B Ketel Marte 3B Nolan Arenado C James McCann OF Mike Trout OF Jung Hoo Lee OF Jo Adell P Dylan Cease P Eury Perez SS Geraldo Perdomo,,,
351,5198909535,dsparks0014,0,107.2,1B Bryce Eldridge 2B Vaughn Grissom 3B Curtis Mead C Keibert Ruiz OF Dylan Crews OF Heriberto Hernandez OF Jacob Young P Dylan Cease P Eury Perez SS Zach Neto,,,
351,5198915666,PatsiesNoMore,0,107.2,1B Bryce Eldridge 2B Luis Arraez 3B Casey Schmitt C Gabriel Moreno OF Daylen Lile OF Jo Adell OF Masataka Yoshida P Dylan Cease P Eury Perez SS Xander Bogaerts,,,
351,5198928763,10doughes,0,107.2,1B Andres Chaparro 2B Ildemaro Vargas 3B Curtis Mead C Gabriel Moreno OF Heliot Ramos OF Dylan Crews OF Nathan Lukes P Dylan Cease P Eury Perez SS Geraldo Perdomo,,,
355,5198938498,bretb44,0,107.1,1B Nolan Schanuel 2B Ketel Marte 3B Curtis Mead C Logan O'Hoppe OF Corbin Carroll OF Esteury Ruiz OF Jose Siri P Dylan Cease P Sonny Gray SS Geraldo Perdomo,,,
355,5198944332,cclarkh,0,107.1,1B Bryce Eldridge 2B Nasim Nunez 3B Curtis Mead C Keibert Ruiz OF Dylan Crews OF Drew Gilbert OF Jacob Young P Dylan Cease P Sonny Gray SS Willy Adames,,,
357,5198607219,bearsden1975,0,107.05,1B Andres Chaparro 2B Luis Arraez 3B Curtis Mead C Keibert Ruiz OF James Wood OF Nathan Lukes OF Yohendrick Pinango P Eury Perez P Robbie Ray SS CJ Abrams,,,
358,5198942973,Viperport,0,106.55,1B Ty France 2B Ildemaro Vargas 3B Kazuma Okamoto C Gabriel Moreno OF Fernando Tatis Jr. OF Heriberto Hernandez OF Masataka Yoshida P Dylan Cease P Robbie Ray SS Geraldo Perdomo,,,
359,5198508345,newyorkers4ever,0,106.45,1B Andres Chaparro 2B Jake Cronenworth 3B Curtis Mead C Logan O'Hoppe OF James Wood OF Dylan Crews OF Jose Siri P Foster Griffin P Sonny Gray SS CJ Abrams,,,
359,5198925744,Hide1away,0,106.45,1B Andres Chaparro 2B Jake Cronenworth 3B Curtis Mead C Logan O'Hoppe OF James Wood OF Dylan Crews OF Jose Siri P Foster Griffin P Sonny Gray SS CJ Abrams,,,
361,5198323051,Briancohen2,0,106.2,1B Andres Chaparro 2B Luis Arraez 3B Casey Schmitt C Logan O'Hoppe OF Mike Trout OF Jo Adell OF Jorge Soler P Dylan Cease P Eury Perez SS Zach Neto,,,
361,5198874685,jdemberton,0,106.2,1B Nolan Schanuel 2B Ildemaro Vargas 3B Luis Rengifo C Gabriel Moreno OF Corbin Carroll OF Dylan Crews OF Heriberto Hernandez P Dylan Cease P Eury Perez SS Otto Lopez,,,
361,5198929630,brimreaper,0,106.2,1B Ildemaro Vargas 2B Ketel Marte 3B Luis Rengifo C James McCann OF Corbin Carroll OF Jackson Merrill OF Jo Adell P Dylan Cease P Eury Perez SS Xander Bogaerts,,,
364,5198316176,DONSbaseball,0,106.1,1B Ty France 2B Ketel Marte 3B Nolan Arenado C Keibert Ruiz OF Fernando Tatis Jr. OF Luis Rengifo OF Jose Siri P Dylan Cease P Sonny Gray SS Willy Adames,,,
364,5198555381,mistweaver,0,106.1,1B Rafael Devers 2B Nasim Nunez 3B Nolan Arenado C Brandon Valenzuela OF Heliot Ramos OF Dylan Crews OF Heriberto Hernandez P Dylan Cease P Sonny Gray SS Willy Adames,,,
364,5198815901,mjgard64,0,106.1,1B Andres Chaparro 2B Jake Cronenworth 3B Nolan Arenado C Liam Hicks OF James Wood OF Heriberto Hernandez OF Esteury Ruiz P Dylan Cease P Sonny Gray SS Zach Neto,,,
364,5198938275,SMITTOFF11,0,106.1,1B Bryce Eldridge 2B Nasim Nunez 3B Kazuma Okamoto C Keibert Ruiz OF Mike Trout OF Daylen Lile OF Masataka Yoshida P Dylan Cease P Sonny Gray SS Ernie Clement,,,
368,5198469301,Lrod52003,0,106.05,1B Kyle Stowers 2B Luis Arraez 3B Curtis Mead C Liam Hicks OF Daylen Lile OF Drew Gilbert OF Masataka Yoshida P Eury Perez P Robbie Ray SS CJ Abrams,,,
368,5198734877,Sweetleaf22,0,106.05,1B Ty France 2B Vaughn Grissom 3B Denzer Guzman C Logan O'Hoppe OF James Wood OF Mike Trout OF Heriberto Hernandez P Dylan Cease P Foster Griffin SS Willy Adames,,,
370,5198603174,barrys.team2015,0,105.95,1B Rafael Devers 2B Xavier Edwards 3B Casey Schmitt C Alejandro Kirk OF Corbin Carroll OF Jackson Merrill OF George Springer P Sonny Gray P Robbie Ray SS Xander Bogaerts,,,
370,5198641188,svetus,0,105.95,1B Willson Contreras 2B Jake Cronenworth 3B Manny Machado C Logan O'Hoppe OF Fernando Tatis Jr. OF Heriberto Hernandez OF Jose Siri P Sonny Gray P Robbie Ray SS CJ Abrams,,,
372,5198711507,freedom2dfs,0,105.9,1B Bryce Eldridge 2B Jake Cronenworth 3B Caleb Durbin C Keibert Ruiz OF Wilyer Abreu OF Heliot Ramos OF Dylan Crews P Foster Griffin P Robbie Ray SS CJ Abrams,,,
373,5198930269,Emejtg,0,105.55,1B Nolan Schanuel 2B Luis Arraez 3B Caleb Durbin C Gabriel Moreno OF Corbin Carroll OF Dylan Crews OF George Springer P Sonny Gray P JP Sears SS CJ Abrams,,,
374,5198893920,lionfan914,0,105.5,1B Ty France 2B Luis Arraez 3B Manny Machado C Keibert Ruiz OF James Wood OF Dylan Crews OF Jung Hoo Lee P Foster Griffin P JP Sears SS Xander Bogaerts,,,
375,5198791631,jeffylube,0,105.2,1B Bryce Eldridge 2B Ketel Marte 3B Vaughn Grissom C Logan O'Hoppe OF Mike Trout OF George Springer OF Heriberto Hernandez P Dylan Cease P Eury Perez SS Zach Neto,,,
375,5198829174,xXxPLOSIVE,0,105.2,1B Andres Chaparro 2B Jake Cronenworth 3B Vaughn Grissom C James McCann OF James Wood OF Corbin Carroll OF Heriberto Hernandez P Dylan Cease P Eury Perez SS Zach Neto,,,
375,5198906676,joeystorey813,0,105.2,1B Nolan Schanuel 2B Vaughn Grissom 3B Curtis Mead C Logan O'Hoppe OF James Wood OF Jakob Marsee OF Jose Siri P Dylan Cease P Eury Perez SS Zach Neto,,,
378,5198246637,BoSox63,0,105.1,1B Vladimir Guerrero Jr. 2B Anthony Seigler 3B Nolan Arenado C Gabriel Moreno OF Jackson Merrill OF Ceddanne Rafaela OF Daulton Varsho P Dylan Cease P Sonny Gray SS Geraldo Perdomo,,,
378,5198945801,cashceddy77,0,105.1,1B Andres Chaparro 2B Xavier Edwards 3B Manny Machado C Logan O'Hoppe OF Corbin Carroll OF Jo Adell OF Esteury Ruiz P Dylan Cease P Sonny Gray SS Zach Neto,,,
380,5198257934,happyrip,0,105.05,1B Andres Chaparro 2B Nasim Nunez 3B Luis Rengifo C Keibert Ruiz OF James Wood OF Ceddanne Rafaela OF Jo Adell P Dylan Cease P Foster Griffin SS Andres Gimenez,,,
380,5198454194,Wanna_Square_Up1567,0,105.05,1B Bryce Eldridge 2B Luis Arraez 3B Kazuma Okamoto C Daniel Susac OF Heliot Ramos OF Drew Gilbert OF Daulton Varsho P Eury Perez P Robbie Ray SS CJ Abrams,,,
380,5198568490,ivymoose,0,105.05,1B Vladimir Guerrero Jr. 2B Ernie Clement 3B Caleb Durbin C Connor Wong OF Wilyer Abreu OF George Springer OF Daulton Varsho P Eury Perez P Robbie Ray SS Andres Gimenez,,,
380,5198672220,bellsofwar3,0,105.05,1B Ty France 2B Xavier Edwards 3B Manny Machado C Liam Hicks OF Mike Trout OF Griffin Conine OF Ryan Waldschmidt P Dylan Cease P Foster Griffin SS Andres Gimenez,,,
380,5198798021,dreday17,0,105.05,1B Bryce Eldridge 2B Nasim Nunez 3B Vaughn Grissom C Liam Hicks OF Daylen Lile OF Jarren Duran OF Ryan Waldschmidt P Dylan Cease P Foster Griffin SS Otto Lopez,,,
385,5198621462,SLBMLightshow,0,104.95,1B Bryce Eldridge 2B Nasim Nunez 3B Curtis Mead C Gabriel Moreno OF Dylan Crews OF Jacob Young OF Ryan Waldschmidt P Sonny Gray P Robbie Ray SS CJ Abrams,,,
386,5198712835,ibuprofound,0,104.45,1B Andres Chaparro 2B Jake Cronenworth 3B Curtis Mead C Logan O'Hoppe OF James Wood OF Dylan Crews OF Nathan Lukes P Foster Griffin P Sonny Gray SS CJ Abrams,,,
387,5198461982,fortunalux,0,104.35,1B Ty France 2B Ketel Marte 3B Manny Machado C Logan O'Hoppe OF Fernando Tatis Jr. OF Jackson Merrill OF Luis Rengifo P Dylan Cease P Ryan Johnson SS Zach Neto,,,
388,5198744303,Dmerkel1980,0,104.2,1B Kyle Stowers 2B Xavier Edwards 3B Javier Sanoja C James McCann OF Corbin Carroll OF Jackson Merrill OF Heriberto Hernandez P Dylan Cease P Eury Perez SS Otto Lopez,,,
389,5198822442,akknowledge,0,104.1,1B Ty France 2B Vaughn Grissom 3B Luis Rengifo C Freddy Fermin OF Fernando Tatis Jr. OF Mike Trout OF Gavin Sheets P Dylan Cease P Sonny Gray SS Zach Neto,,,
390,5198728278,BleedORANGE,0,103.95,1B Rafael Devers 2B Anthony Seigler 3B Manny Machado C Liam Hicks OF Wilyer Abreu OF Luis Rengifo OF Masataka Yoshida P Sonny Gray P Robbie Ray SS CJ Abrams,,,
391,5198843760,TodFar,0,103.9,1B Bryce Eldridge 2B Jake Cronenworth 3B Curtis Mead C James McCann OF James Wood OF Jackson Merrill OF Jarren Duran P Foster Griffin P Robbie Ray SS Ernie Clement,,,
391,5198868808,Saintfanvega,0,103.9,1B Willson Contreras 2B Jake Cronenworth 3B Javier Sanoja C Liam Hicks OF Dylan Crews OF Ceddanne Rafaela OF Luis Rengifo P Foster Griffin P Robbie Ray SS CJ Abrams,,,
393,5198421578,Stackhouse5310,0,103.6,1B Andres Chaparro 2B Anthony Seigler 3B Casey Schmitt C Keibert Ruiz OF James Wood OF Jung Hoo Lee OF Jose Siri P Sonny Gray P Eury Perez SS CJ Abrams,,,
393,5198648416,Kevten06,0,103.6,1B Andres Chaparro 2B Luis Arraez 3B Curtis Mead C Keibert Ruiz OF Dylan Crews OF Jung Hoo Lee OF Heriberto Hernandez P Sonny Gray P Eury Perez SS CJ Abrams,,,
395,5198617715,rmfeel,0,103.55,1B Kyle Stowers 2B Ketel Marte 3B Nolan Arenado C James McCann OF Corbin Carroll OF Heriberto Hernandez OF Tim Tawa P Dylan Cease P Robbie Ray SS Zach Neto,,,
395,5198721775,joelaaay,0,103.55,1B Tyler Locklear 2B Ketel Marte 3B Nolan Arenado C Gabriel Moreno OF Fernando Tatis Jr. OF Jackson Merrill OF Heriberto Hernandez P Dylan Cease P Robbie Ray SS Javier Sanoja,,,
395,5198818301,Ctracefan,0,103.55,1B Bryce Eldridge 2B Xavier Edwards 3B Curtis Mead C Keibert Ruiz OF Jo Adell OF Heriberto Hernandez OF Griffin Conine P Dylan Cease P Robbie Ray SS Otto Lopez,,,
398,5198506545,tshonts3,0,103.2,1B Andres Chaparro 2B Ketel Marte 3B Curtis Mead C Keibert Ruiz OF Dylan Crews OF Heriberto Hernandez OF Jacob Young P Dylan Cease P Eury Perez SS Geraldo Perdomo,,,
398,5198609506,lichter17,0,103.2,1B Kyle Stowers 2B Xavier Edwards 3B Kazuma Okamoto C Liam Hicks OF Daylen Lile OF Heriberto Hernandez OF Daulton Varsho P Dylan Cease P Eury Perez SS Otto Lopez,,,
398,5198933984,greatko,0,103.2,1B Andres Chaparro 2B Nasim Nunez 3B Javier Sanoja C Liam Hicks OF James Wood OF Heriberto Hernandez OF Jacob Young P Dylan Cease P Eury Perez SS Otto Lopez,,,
401,5198547133,browns1234,0,103.1,1B Ildemaro Vargas 2B Jake Cronenworth 3B Nolan Arenado C Gabriel Moreno OF Corbin Carroll OF Jackson Merrill OF Heriberto Hernandez P Dylan Cease P Sonny Gray SS Geraldo Perdomo,,,
401,5198692145,gupsbroncos,0,103.1,1B Ty France 2B Vaughn Grissom 3B Luis Rengifo C Liam Hicks OF Wilyer Abreu OF Dylan Crews OF Jorge Soler P Dylan Cease P Sonny Gray SS Otto Lopez,,,
403,5198379006,TurdSando,0,103.05,1B Andres Chaparro 2B Nasim Nunez 3B Javier Sanoja C Keibert Ruiz OF James Wood OF Heliot Ramos OF Dylan Crews P Dylan Cease P Foster Griffin SS Andres Gimenez,,,
404,5198404261,Dunn36,0,102.95,1B Ty France 2B Anthony Seigler 3B Curtis Mead C Keibert Ruiz OF James Wood OF Jacob Young OF Yohendrick Pinango P Sonny Gray P Robbie Ray SS CJ Abrams,,,
404,5198829223,Gthitter,0,102.95,1B Rafael Devers 2B Ketel Marte 3B Luis Rengifo C Daniel Susac OF Corbin Carroll OF Heriberto Hernandez OF Masataka Yoshida P Sonny Gray P Robbie Ray SS CJ Abrams,,,
406,5198716782,WharfRatz,0,102.75,1B Andres Chaparro 2B Ildemaro Vargas 3B Casey Schmitt C Gabriel Moreno OF Fernando Tatis Jr. OF Corbin Carroll OF Jackson Merrill P Robbie Ray P Mitch Bratt SS CJ Abrams,,,
407,5198392607,Dmaxz94,0,102.6,1B Rafael Devers 2B Luis Arraez 3B Vaughn Grissom C Daniel Susac OF Mike Trout OF Heliot Ramos OF Jung Hoo Lee P Sonny Gray P Eury Perez SS Zach Neto,,,
408,5198944822,Troha77,0,102.45,1B Rafael Devers 2B Vaughn Grissom 3B Curtis Mead C Liam Hicks OF Jo Adell OF Luis Rengifo OF Masataka Yoshida P Foster Griffin P Sonny Gray SS CJ Abrams,,,
409,5198796185,Henry113,0,102.2,1B Andres Chaparro 2B Ketel Marte 3B Javier Sanoja C Keibert Ruiz OF James Wood OF Jacob Young OF Tim Tawa P Dylan Cease P Eury Perez SS Geraldo Perdomo,,,
409,5198889803,nuffnutz,0,102.2,1B Ty France 2B Ildemaro Vargas 3B Nolan Arenado C Gabriel Moreno OF Corbin Carroll OF Dylan Crews OF Heriberto Hernandez P Dylan Cease P Eury Perez SS Willy Adames,,,
409,5198942309,peteram,0,102.2,1B Vladimir Guerrero Jr. 2B Ildemaro Vargas 3B Nolan Arenado C James McCann OF Fernando Tatis Jr. OF Corbin Carroll OF Heriberto Hernandez P Dylan Cease P Eury Perez SS Andres Gimenez,,,
412,5198848452,eblase,0,102,1B Andres Chaparro 2B Jake Cronenworth 3B Curtis Mead C Keibert Ruiz OF James Wood OF Fernando Tatis Jr. OF Dylan Crews P Robbie Ray P JP Sears SS Otto Lopez,,,
413,5198835665,shadowchuckyrumcy145,0,101.9,1B Rafael Devers 2B Xavier Edwards 3B Luis Rengifo C Keibert Ruiz OF Wilyer Abreu OF Heliot Ramos OF Jackson Merrill P Foster Griffin P Robbie Ray SS Geraldo Perdomo,,,
414,5198942991,Bsmooth,0,101.55,1B Kyle Stowers 2B Vaughn Grissom 3B Curtis Mead C Keibert Ruiz OF James Wood OF Heriberto Hernandez OF Griffin Conine P Dylan Cease P Robbie Ray SS Javier Sanoja,,,
415,5198693897,JacefamouSS,0,101.2,1B Andres Chaparro 2B Vaughn Grissom 3B Nolan Arenado C James McCann OF James Wood OF Corbin Carroll OF Nathan Lukes P Dylan Cease P Eury Perez SS Zach Neto,,,
415,5198703644,MiddleAgeTryHard,0,101.2,1B Bryce Eldridge 2B Xavier Edwards 3B Curtis Mead C Logan O'Hoppe OF Mike Trout OF Heriberto Hernandez OF Jacob Young P Dylan Cease P Eury Perez SS Zach Neto,,,
415,5198734745,schalutz,0,101.2,1B Andres Chaparro 2B Ketel Marte 3B Javier Sanoja C Gabriel Moreno OF Corbin Carroll OF Heriberto Hernandez OF Esteury Ruiz P Dylan Cease P Eury Perez SS Zach Neto,,,
415,5198821635,wesol33,0,101.2,1B Andres Chaparro 2B Ketel Marte 3B Javier Sanoja C Gabriel Moreno OF Corbin Carroll OF Heriberto Hernandez OF Esteury Ruiz P Dylan Cease P Eury Perez SS Zach Neto,,,
415,5198822471,UWAlums03,0,101.2,1B Andres Chaparro 2B Ketel Marte 3B Javier Sanoja C Gabriel Moreno OF Corbin Carroll OF Heriberto Hernandez OF Esteury Ruiz P Dylan Cease P Eury Perez SS Zach Neto,,,
415,5198906961,AJMIII,0,101.2,1B Andres Chaparro 2B Ketel Marte 3B Javier Sanoja C Gabriel Moreno OF Corbin Carroll OF Heriberto Hernandez OF Esteury Ruiz P Dylan Cease P Eury Perez SS Zach Neto,,,
415,5198922018,dehatton85,0,101.2,1B Bryce Eldridge 2B Luis Arraez 3B Vaughn Grissom C Logan O'Hoppe OF Mike Trout OF Heliot Ramos OF Jorge Soler P Dylan Cease P Eury Perez SS Zach Neto,,,
422,5198909321,grundy1102,0,101.1,1B Rafael Devers 2B Vaughn Grissom 3B Javier Sanoja C Keibert Ruiz OF James Wood OF Gavin Sheets OF Griffin Conine P Dylan Cease P Sonny Gray SS Zach Neto,,,
423,5198875335,jayrwebb,0,100.95,1B Ty France 2B Nasim Nunez 3B Casey Schmitt C Gabriel Moreno OF Corbin Carroll OF Luis Rengifo OF Masataka Yoshida P Sonny Gray P Robbie Ray SS CJ Abrams,,,
424,5198921462,juniorb06,0,100.75,1B Ildemaro Vargas 2B Luis Arraez 3B Curtis Mead C Gabriel Moreno OF Jackson Merrill OF Jung Hoo Lee OF Jo Adell P Sonny Gray P Ryan Johnson SS CJ Abrams,,,
425,5198310899,Grinder1961,0,100.45,1B Rafael Devers 2B Luis Arraez 3B Curtis Mead C Logan O'Hoppe OF James Wood OF Jung Hoo Lee OF Jakob Marsee P Foster Griffin P Sonny Gray SS Javier Sanoja,,,
426,5198485553,kafedaiv,0,100.1,1B Bryce Eldridge 2B Ildemaro Vargas 3B Casey Schmitt C Gabriel Moreno OF Corbin Carroll OF Jung Hoo Lee OF Griffin Conine P Dylan Cease P Sonny Gray SS Javier Sanoja,,,
426,5198939947,qbjjj,0,100.1,1B Ty France 2B Anthony Seigler 3B Vaughn Grissom C James McCann OF James Wood OF Fernando Tatis Jr. OF Luis Rengifo P Dylan Cease P Sonny Gray SS Xander Bogaerts,,,
428,5198725058,pepethepatriots,0,99.9,1B Vladimir Guerrero Jr. 2B Xavier Edwards 3B Manny Machado C James McCann OF Heliot Ramos OF Dylan Crews OF George Springer P Foster Griffin P Robbie Ray SS Zach Neto,,,
428,5198761999,Nutzydog,0,99.9,1B Rafael Devers 2B Jake Cronenworth 3B Vaughn Grissom C Liam Hicks OF James Wood OF Heliot Ramos OF Gavin Sheets P Foster Griffin P Robbie Ray SS Geraldo Perdomo,,,
428,5198918917,St.TigerMav,0,99.9,1B Ty France 2B Ernie Clement 3B Kazuma Okamoto C Brandon Valenzuela OF Fernando Tatis Jr. OF Wilyer Abreu OF George Springer P Foster Griffin P Robbie Ray SS Xander Bogaerts,,,
431,5198747642,WHITGAR,0,99.6,1B Ty France 2B Anthony Seigler 3B Curtis Mead C Gabriel Moreno OF Dylan Crews OF Ceddanne Rafaela OF Esteury Ruiz P Sonny Gray P Eury Perez SS CJ Abrams,,,
432,5198665952,nwspring52,0,99.55,1B Rafael Devers 2B Vaughn Grissom 3B Casey Schmitt C Freddy Fermin OF James Wood OF Dylan Crews OF Drew Gilbert P Foster Griffin P Eury Perez SS Otto Lopez,,,
432,5198765955,mgo14,0,99.55,1B Kyle Stowers 2B Ildemaro Vargas 3B Curtis Mead C Liam Hicks OF Dylan Crews OF Heriberto Hernandez OF Gavin Sheets P Dylan Cease P Robbie Ray SS Geraldo Perdomo,,,
432,5198885002,JRBucks34,0,99.55,1B Andres Chaparro 2B Nasim Nunez 3B Nolan Arenado C James McCann OF Fernando Tatis Jr. OF Corbin Carroll OF Heriberto Hernandez P Dylan Cease P Robbie Ray SS Geraldo Perdomo,,,
432,5198892210,jose2669,0,99.55,1B Andres Chaparro 2B Nasim Nunez 3B Nolan Arenado C James McCann OF Fernando Tatis Jr. OF Corbin Carroll OF Heriberto Hernandez P Dylan Cease P Robbie Ray SS Geraldo Perdomo,,,
436,5198904777,Majic09,0,99.45,1B Rafael Devers 2B Ernie Clement 3B Kazuma Okamoto C Gabriel Moreno OF Ceddanne Rafaela OF George Springer OF Heriberto Hernandez P Foster Griffin P Sonny Gray SS Willy Adames,,,
437,5198879728,bigsac7,0,99.35,1B Ildemaro Vargas 2B Xavier Edwards 3B Curtis Mead C Gabriel Moreno OF Mike Trout OF Jackson Merrill OF Nathan Lukes P Dylan Cease P Ryan Johnson SS Zach Neto,,,
437,5198921990,georgepillion,0,99.35,1B Vladimir Guerrero Jr. 2B Ernie Clement 3B Kazuma Okamoto C Brandon Valenzuela OF Mike Trout OF Jo Adell OF Jorge Soler P Dylan Cease P Ryan Johnson SS Zach Neto,,,
439,5198533619,samsli,0,99.2,1B Andres Chaparro 2B Vaughn Grissom 3B Curtis Mead C Keibert Ruiz OF Mike Trout OF Jo Adell OF Jorge Soler P Dylan Cease P Eury Perez SS Zach Neto,,,
439,5198682108,Double_L,0,99.2,1B Andres Chaparro 2B Vaughn Grissom 3B Curtis Mead C Keibert Ruiz OF Mike Trout OF Jo Adell OF Jorge Soler P Dylan Cease P Eury Perez SS Zach Neto,,,
439,5198802005,piratemanatees,0,99.2,1B Andres Chaparro 2B Ketel Marte 3B Nolan Arenado C Gabriel Moreno OF Corbin Carroll OF Daulton Varsho OF Nathan Lukes P Dylan Cease P Eury Perez SS Geraldo Perdomo,,,
439,5198936501,Banamy,0,99.2,1B Tim Tawa 2B Ildemaro Vargas 3B Nolan Arenado C Logan O'Hoppe OF James Wood OF Corbin Carroll OF Nathan Lukes P Dylan Cease P Eury Perez SS Geraldo Perdomo,,,
443,5198687582,jnwallen,0,99.1,1B Andres Chaparro 2B Ketel Marte 3B Nolan Arenado C Gabriel Moreno OF Dylan Crews OF Jacob Young OF Ryan Waldschmidt P Dylan Cease P Sonny Gray SS Geraldo Perdomo,,,
444,5198713806,Sakuraba39,0,99.05,1B Kyle Stowers 2B Xavier Edwards 3B Kazuma Okamoto C Liam Hicks OF Daylen Lile OF Heriberto Hernandez OF Yohendrick Pinango P Dylan Cease P Foster Griffin SS Otto Lopez,,,
444,5198895938,MichaelBayneTech,0,99.05,1B Kyle Stowers 2B Anthony Seigler 3B Nolan Arenado C James McCann OF Fernando Tatis Jr. OF Mike Trout OF Ceddanne Rafaela P Dylan Cease P Foster Griffin SS Andres Gimenez,,,
444,5198928641,SleepyMc,0,99.05,1B Rafael Devers 2B Anthony Seigler 3B Kazuma Okamoto C Keibert Ruiz OF James Wood OF Mike Trout OF Tim Tawa P Eury Perez P Robbie Ray SS Willy Adames,,,
447,5198136538,SliceB,0,98.95,1B Willson Contreras 2B Ernie Clement 3B Caleb Durbin C James McCann OF James Wood OF Masataka Yoshida OF Jose Siri P Sonny Gray P Robbie Ray SS CJ Abrams,,,
447,5198936989,Hapkido,0,98.95,1B Rafael Devers 2B Xavier Edwards 3B Kazuma Okamoto C Logan O'Hoppe OF James Wood OF Heriberto Hernandez OF Yohendrick Pinango P Sonny Gray P Robbie Ray SS CJ Abrams,,,
449,5198499811,Calmax,0,98.899994,1B Ildemaro Vargas 2B Ketel Marte 3B Kazuma Okamoto C Gabriel Moreno OF Corbin Carroll OF George Springer OF Daulton Varsho P Dylan Cease P Mitch Bratt SS Geraldo Perdomo,,,
450,5198789789,Dynistee,0,98.65,1B Vladimir Guerrero Jr. 2B Anthony Seigler 3B Kazuma Okamoto C Gabriel Moreno OF Wilyer Abreu OF Ceddanne Rafaela OF Nathan Lukes P Eury Perez P JP Sears SS CJ Abrams,,,
451,5198613523,Dooch,0,98.6,1B Rafael Devers 2B Ildemaro Vargas 3B Vaughn Grissom C Liam Hicks OF Corbin Carroll OF Dylan Crews OF Jung Hoo Lee P Sonny Gray P Eury Perez SS Otto Lopez,,,
451,5198897427,wilsonmat,0,98.6,1B Andres Chaparro 2B Vaughn Grissom 3B Curtis Mead C Gabriel Moreno OF Heliot Ramos OF Dylan Crews OF Jacob Young P Sonny Gray P Eury Perez SS CJ Abrams,,,
453,5198514197,coastrat69,0,98.05,1B Rafael Devers 2B Luis Arraez 3B Vaughn Grissom C Keibert Ruiz OF James Wood OF Heliot Ramos OF Heriberto Hernandez P Eury Perez P Robbie Ray SS Willy Adames,,,
454,5198786681,JoeNY07,0,97.95,1B Rafael Devers 2B Luis Arraez 3B Kazuma Okamoto C James McCann OF Wilyer Abreu OF Jackson Merrill OF Ceddanne Rafaela P Sonny Gray P Robbie Ray SS Willy Adames,,,
454,5198900644,datyoungreezy,0,97.95,1B Rafael Devers 2B Ketel Marte 3B Curtis Mead C James McCann OF Mike Trout OF Jo Adell OF Daulton Varsho P Sonny Gray P Robbie Ray SS Otto Lopez,,,
456,5198915137,dumbdodger,0,97.6,1B Rafael Devers 2B Luis Arraez 3B Curtis Mead C Gabriel Moreno OF Wilyer Abreu OF Jung Hoo Lee OF Heriberto Hernandez P Sonny Gray P Eury Perez SS Andres Gimenez,,,
457,5198792649,MadRat57,0,97.35,1B Ty France 2B Xavier Edwards 3B Curtis Mead C Liam Hicks OF James Wood OF Jung Hoo Lee OF Heriberto Hernandez P Dylan Cease P Ryan Johnson SS Andruw Monasterio,,,
458,5198748879,colbyhornet,0,97.2,1B Nolan Schanuel 2B Ketel Marte 3B Vaughn Grissom C Keibert Ruiz OF Mike Trout OF Jo Adell OF Daulton Varsho P Dylan Cease P Eury Perez SS Zach Neto,,,
458,5198849119,elisettoon45,0,97.2,1B Bryce Eldridge 2B Xavier Edwards 3B Vaughn Grissom C Logan O'Hoppe OF Mike Trout OF Dylan Crews OF Jo Adell P Dylan Cease P Eury Perez SS Zach Neto,,,
460,5198751929,phfact0r49,0,97.1,1B Nolan Schanuel 2B Jake Cronenworth 3B Javier Sanoja C Freddy Fermin OF Fernando Tatis Jr. OF Corbin Carroll OF Mike Trout P Dylan Cease P Sonny Gray SS Xander Bogaerts,,,
461,5198592896,1tafranks,0,96.95,1B Rafael Devers 2B Anthony Seigler 3B Casey Schmitt C Keibert Ruiz OF Corbin Carroll OF Ceddanne Rafaela OF Jung Hoo Lee P Sonny Gray P Robbie Ray SS Geraldo Perdomo,,,
461,5198694113,skimmer930,0,96.95,1B Rafael Devers 2B Ildemaro Vargas 3B Curtis Mead C Gabriel Moreno OF Corbin Carroll OF Dylan Crews OF Luis Rengifo P Sonny Gray P Robbie Ray SS Willy Adames,,,
461,5198949272,DEEZ.NU.TEES,0,96.95,1B Bryce Eldridge 2B Anthony Seigler 3B Curtis Mead C Gabriel Moreno OF Dylan Crews OF Daylen Lile OF Ryan Waldschmidt P Sonny Gray P Robbie Ray SS CJ Abrams,,,
464,5198818695,KingPin982,0,96.9,1B Bryce Eldridge 2B Nasim Nunez 3B Curtis Mead C Liam Hicks OF Dylan Crews OF Jung Hoo Lee OF Jakob Marsee P Foster Griffin P Robbie Ray SS Otto Lopez,,,
465,5198620893,postalwolf,0,96.6,1B Rafael Devers 2B Anthony Seigler 3B Casey Schmitt C Gabriel Moreno OF Dylan Crews OF Heriberto Hernandez OF Gavin Sheets P Sonny Gray P Eury Perez SS CJ Abrams,,,
466,5198605585,rbassett77,0,96.45,1B Rafael Devers 2B Anthony Seigler 3B Curtis Mead C Logan O'Hoppe OF Mike Trout OF Griffin Conine OF Masataka Yoshida P Foster Griffin P Sonny Gray SS CJ Abrams,,,
467,5198839850,LTLDidUKnow,0,96.2,1B Andres Chaparro 2B Nasim Nunez 3B Curtis Mead C Liam Hicks OF Dylan Crews OF Heriberto Hernandez OF Griffin Conine P Dylan Cease P Eury Perez SS Otto Lopez,,,
468,5198667818,heisenbergthegreat,0,96.149994,1B Ty France 2B Xavier Edwards 3B Jorbit Vivas C Alejandro Kirk OF James Wood OF Corbin Carroll OF Mike Trout P Dylan Cease P JP Sears SS Tsung-Che Cheng,,,
469,5198934009,Martymart33,0,96.05,1B Willson Contreras 2B Vaughn Grissom 3B Caleb Durbin C James McCann OF Fernando Tatis Jr. OF Heriberto Hernandez OF Luis Rengifo P Dylan Cease P Foster Griffin SS Xander Bogaerts,,,
470,5198566514,GillTicket,0,95.95,1B Rafael Devers 2B Nasim Nunez 3B Casey Schmitt C Daniel Susac OF James Wood OF Daylen Lile OF Drew Gilbert P Sonny Gray P Robbie Ray SS Willy Adames,,,
471,5198810790,jradesanmi,0,95.899994,1B Ildemaro Vargas 2B Ketel Marte 3B Nolan Arenado C Gabriel Moreno OF Fernando Tatis Jr. OF Jackson Merrill OF Tim Tawa P Dylan Cease P Mitch Bratt SS Zach Neto,,,
472,5198947950,JordanDaBull,0,95.6,1B Rafael Devers 2B Nasim Nunez 3B Caleb Durbin C Logan O'Hoppe OF James Wood OF Jo Adell OF Ryan Waldschmidt P Sonny Gray P Eury Perez SS CJ Abrams,,,
473,5198359545,J-ROCK1013,0,95.55,1B Andres Chaparro 2B Xavier Edwards 3B Curtis Mead C Logan O'Hoppe OF James Wood OF Griffin Conine OF Esteury Ruiz P Foster Griffin P Eury Perez SS CJ Abrams,,,
473,5198662998,richmondrob7,0,95.55,1B Rafael Devers 2B Vaughn Grissom 3B Curtis Mead C Keibert Ruiz OF James Wood OF Luis Rengifo OF Nathan Lukes P Foster Griffin P Eury Perez SS Zach Neto,,,
473,5198668731,Zschossow22,0,95.55,1B Andres Chaparro 2B Vaughn Grissom 3B Denzer Guzman C Keibert Ruiz OF James Wood OF Mike Trout OF Jose Siri P Foster Griffin P Eury Perez SS CJ Abrams,,,
473,5198869353,gratefuldead23,0,95.55,1B Rafael Devers 2B Xavier Edwards 3B Curtis Mead C Brandon Valenzuela OF Dylan Crews OF Heriberto Hernandez OF Masataka Yoshida P Foster Griffin P Eury Perez SS CJ Abrams,,,
477,5198359039,micahw4,0,95.2,1B Ildemaro Vargas 2B Ketel Marte 3B Javier Sanoja C Gabriel Moreno OF Corbin Carroll OF Heriberto Hernandez OF Esteury Ruiz P Dylan Cease P Eury Perez SS Geraldo Perdomo,,,
477,5198519538,hitmen20002002,0,95.2,1B Kyle Stowers 2B Xavier Edwards 3B Javier Sanoja C Gabriel Moreno OF Heliot Ramos OF Jo Adell OF Heriberto Hernandez P Dylan Cease P Eury Perez SS Otto Lopez,,,
477,5198677540,Mr.TD_AllDay,0,95.2,1B Ildemaro Vargas 2B Ketel Marte 3B Javier Sanoja C Gabriel Moreno OF Corbin Carroll OF Heriberto Hernandez OF Esteury Ruiz P Dylan Cease P Eury Perez SS Geraldo Perdomo,,,
477,5198748268,skinsfan2881,0,95.2,1B Andres Chaparro 2B Xavier Edwards 3B Curtis Mead C Liam Hicks OF James Wood OF Daulton Varsho OF Nathan Lukes P Dylan Cease P Eury Perez SS Javier Sanoja,,,
481,5198725167,bkayjac,0,95.05,1B Andres Chaparro 2B Xavier Edwards 3B Curtis Mead C Liam Hicks OF Dylan Crews OF Daylen Lile OF Heriberto Hernandez P Eury Perez P Robbie Ray SS CJ Abrams,,,
482,5198780272,Nolemmet,0,94.95,1B Andres Chaparro 2B Anthony Seigler 3B Nolan Arenado C Daniel Susac OF James Wood OF Corbin Carroll OF Jacob Young P Sonny Gray P Robbie Ray SS CJ Abrams,,,
483,5198942817,sobhada8,0,94.45,1B Rafael Devers 2B Vaughn Grissom 3B Curtis Mead C Logan O'Hoppe OF Mike Trout OF Jackson Merrill OF Jo Adell P Foster Griffin P Sonny Gray SS Zach Neto,,,
484,5198925365,cubcrazyfool,0,94.2,1B Bryce Eldridge 2B Luis Arraez 3B Caleb Durbin C Logan O'Hoppe OF Mike Trout OF Heliot Ramos OF Masataka Yoshida P Dylan Cease P Eury Perez SS Geraldo Perdomo,,,
485,5198762030,Bombers26,0,94.1,1B Kyle Stowers 2B Xavier Edwards 3B Casey Schmitt C Daniel Susac OF Jakob Marsee OF Heriberto Hernandez OF Drew Gilbert P Dylan Cease P Sonny Gray SS Otto Lopez,,,
486,5198811045,Pojo5,0,94.05,1B Andres Chaparro 2B Ildemaro Vargas 3B Curtis Mead C James McCann OF James Wood OF Dylan Crews OF Heriberto Hernandez P Eury Perez P Robbie Ray SS CJ Abrams,,,
486,5198896750,miked333,0,94.05,1B Andres Chaparro 2B Ildemaro Vargas 3B Curtis Mead C James McCann OF James Wood OF Dylan Crews OF Heriberto Hernandez P Eury Perez P Robbie Ray SS CJ Abrams,,,
486,5198902119,mollyballs,0,94.05,1B Andres Chaparro 2B Ildemaro Vargas 3B Curtis Mead C James McCann OF James Wood OF Dylan Crews OF Griffin Conine P Eury Perez P Robbie Ray SS CJ Abrams,,,
489,5198040767,Jessticular,0,93.95,1B Ty France 2B Jake Cronenworth 3B Casey Schmitt C Keibert Ruiz OF Fernando Tatis Jr. OF Wilyer Abreu OF Jackson Merrill P Sonny Gray P Robbie Ray SS Willy Adames,,,
489,5198296655,Segundo2112,0,93.95,1B Andres Chaparro 2B Xavier Edwards 3B Curtis Mead C Liam Hicks OF Dylan Crews OF Heriberto Hernandez OF Jacob Young P Sonny Gray P Robbie Ray SS CJ Abrams,,,
491,5198807864,brennan_rooks,0,93.9,1B Willson Contreras 2B Luis Arraez 3B Casey Schmitt C Harry Ford OF Dylan Crews OF Jung Hoo Lee OF Heriberto Hernandez P Foster Griffin P Robbie Ray SS Willy Adames,,,
492,5198440616,boneyard2017,0,93.55,1B Andres Chaparro 2B Xavier Edwards 3B Caleb Durbin C James McCann OF James Wood OF Jung Hoo Lee OF Heriberto Hernandez P Foster Griffin P Eury Perez SS CJ Abrams,,,
492,5198884922,Gashouse3501,0,93.55,1B Andres Chaparro 2B Anthony Seigler 3B Curtis Mead C Logan O'Hoppe OF James Wood OF Dylan Crews OF Luis Rengifo P Foster Griffin P Eury Perez SS CJ Abrams,,,
492,5198932247,ddevera76,0,93.55,1B Bryce Eldridge 2B Xavier Edwards 3B Vaughn Grissom C Liam Hicks OF Dylan Crews OF Jung Hoo Lee OF Heriberto Hernandez P Foster Griffin P Eury Perez SS CJ Abrams,,,
495,5198464952,mistertachyon,0,93.1,1B Tim Tawa 2B Vaughn Grissom 3B Nolan Arenado C Gabriel Moreno OF Mike Trout OF Jo Adell OF Jorge Soler P Dylan Cease P Sonny Gray SS Zach Neto,,,
496,5198634445,bbehnke20,0,93.05,1B Kyle Stowers 2B Ildemaro Vargas 3B Nolan Arenado C James McCann OF James Wood OF Heriberto Hernandez OF Tim Tawa P Dylan Cease P Foster Griffin SS Geraldo Perdomo,,,
496,5198735469,chrissyandsnoopy,0,93.05,1B Andres Chaparro 2B Anthony Seigler 3B Curtis Mead C James McCann OF James Wood OF Dylan Crews OF Heriberto Hernandez P Eury Perez P Robbie Ray SS CJ Abrams,,,
498,5198649884,Ibn1031,0,92.6,1B Andres Chaparro 2B Anthony Seigler 3B Caleb Durbin C Keibert Ruiz OF James Wood OF Dylan Crews OF Jung Hoo Lee P Sonny Gray P Eury Perez SS CJ Abrams,,,
499,5198724677,lee__D,0,92.55,1B Rafael Devers 2B Vaughn Grissom 3B Casey Schmitt C Daniel Susac OF Mike Trout OF Jorge Soler OF Jose Siri P Foster Griffin P Eury Perez SS Zach Neto,,,
500,5198502817,eck2b,0,92.45,1B Andres Chaparro 2B Jake Cronenworth 3B Curtis Mead C Logan O'Hoppe OF James Wood OF Dylan Crews OF Masataka Yoshida P Foster Griffin P Sonny Gray SS CJ Abrams,,,
500,5198555348,jeffs4162,0,92.45,1B Rafael Devers 2B Anthony Seigler 3B Casey Schmitt C Keibert Ruiz OF Dylan Crews OF Ceddanne Rafaela OF Jung Hoo Lee P Foster Griffin P Sonny Gray SS Zach Neto,,,
500,5198844725,jholodak,0,92.45,1B Ty France 2B Anthony Seigler 3B Luis Rengifo C Keibert Ruiz OF Fernando Tatis Jr. OF Dylan Crews OF Jo Adell P Foster Griffin P Sonny Gray SS CJ Abrams,,,
500,5198947545,integra91ah,0,92.45,1B Bryce Eldridge 2B Ketel Marte 3B Manny Machado C Daniel Susac OF Jackson Merrill OF Dylan Crews OF Gavin Sheets P Dylan Cease P Randy Vasquez SS Geraldo Perdomo,,,
504,5198501277,Woods24,0,92.2,1B Kyle Stowers 2B Vaughn Grissom 3B Javier Sanoja C Logan O'Hoppe OF James Wood OF Mike Trout OF Heriberto Hernandez P Dylan Cease P Eury Perez SS Zach Neto,,,
504,5198643929,Bazoinkles,0,92.2,1B Kyle Stowers 2B Vaughn Grissom 3B Javier Sanoja C Logan O'Hoppe OF James Wood OF Mike Trout OF Heriberto Hernandez P Dylan Cease P Eury Perez SS Zach Neto,,,
504,5198820596,E-Steelers,0,92.2,1B Andres Chaparro 2B Xavier Edwards 3B Curtis Mead C Liam Hicks OF Dylan Crews OF Daylen Lile OF Heriberto Hernandez P Dylan Cease P Eury Perez SS Javier Sanoja,,,
507,5198519713,houstonjr76,0,92.05,1B Rafael Devers 2B Ketel Marte 3B Nolan Arenado C James McCann OF Corbin Carroll OF Dylan Crews OF Heriberto Hernandez P Eury Perez P Robbie Ray SS Otto Lopez,,,
507,5198646930,Papia27,0,92.05,1B Andres Chaparro 2B Nasim Nunez 3B Curtis Mead C Liam Hicks OF Heliot Ramos OF Dylan Crews OF Masataka Yoshida P Eury Perez P Robbie Ray SS CJ Abrams,,,
509,5198849704,graugspurger,0,91.95,1B Tim Tawa 2B Ildemaro Vargas 3B Javier Sanoja C Keibert Ruiz OF James Wood OF Corbin Carroll OF Nathan Lukes P Sonny Gray P Robbie Ray SS CJ Abrams,,,
510,5198932269,cubsfan08s,0,91.9,1B Vladimir Guerrero Jr. 2B Jake Cronenworth 3B Kazuma Okamoto C Liam Hicks OF Fernando Tatis Jr. OF Heliot Ramos OF Dylan Crews P Foster Griffin P Robbie Ray SS Javier Sanoja,,,
511,5198404581,hightopsfeet,0,91.6,1B Rafael Devers 2B Xavier Edwards 3B Casey Schmitt C Brandon Valenzuela OF Mike Trout OF Jung Hoo Lee OF Heriberto Hernandez P Sonny Gray P Eury Perez SS Otto Lopez,,,
511,5198512917,Trckrdd,0,91.6,1B Rafael Devers 2B Ketel Marte 3B Nolan Arenado C Keibert Ruiz OF Mike Trout OF Jung Hoo Lee OF Heriberto Hernandez P Sonny Gray P Eury Perez SS Otto Lopez,,,
513,5198625757,MasterLaster,0,91.55,1B Andres Chaparro 2B Anthony Seigler 3B Curtis Mead C Daniel Susac OF James Wood OF Heriberto Hernandez OF Jacob Young P Foster Griffin P Eury Perez SS CJ Abrams,,,
514,5198578099,jep4576,0,91.45,1B Ty France 2B Vaughn Grissom 3B Casey Schmitt C Gabriel Moreno OF Ceddanne Rafaela OF Daylen Lile OF Griffin Conine P Foster Griffin P Sonny Gray SS CJ Abrams,,,
515,5198528075,colonelforbin22,0,91.1,1B Andres Chaparro 2B Xavier Edwards 3B Curtis Mead C Liam Hicks OF Dylan Crews OF Heriberto Hernandez OF Jacob Young P Dylan Cease P Sonny Gray SS Javier Sanoja,,,
515,5198648863,Davidd0726,0,91.1,1B Andres Chaparro 2B Anthony Seigler 3B Javier Sanoja C Gabriel Moreno OF Fernando Tatis Jr. OF Jackson Merrill OF Heriberto Hernandez P Dylan Cease P Sonny Gray SS Zach Neto,,,
515,5198774090,jpdavis1982,0,91.1,1B Kyle Stowers 2B Nasim Nunez 3B Javier Sanoja C James McCann OF James Wood OF Dylan Crews OF Drew Gilbert P Dylan Cease P Sonny Gray SS Willy Adames,,,
515,5198857631,grantgoupil,0,91.1,1B Bryce Eldridge 2B Ketel Marte 3B Nolan Arenado C Logan O'Hoppe OF Mike Trout OF Jo Adell OF Jose Siri P Dylan Cease P Sonny Gray SS Zach Neto,,,
519,5198386947,Molloyslugger6,0,90.65,1B Vladimir Guerrero Jr. 2B Xavier Edwards 3B Manny Machado C Gabriel Moreno OF Heliot Ramos OF Jackson Merrill OF Dylan Crews P Eury Perez P JP Sears SS Willy Adames,,,
519,5198674730,willshat,0,90.65,1B Ildemaro Vargas 2B Xavier Edwards 3B Curtis Mead C James McCann OF Mike Trout OF Heliot Ramos OF Dylan Crews P Eury Perez P JP Sears SS CJ Abrams,,,
521,5198947237,Reichle,0,90.6,1B Ty France 2B Ildemaro Vargas 3B Curtis Mead C Gabriel Moreno OF Dylan Crews OF Daylen Lile OF Heriberto Hernandez P Sonny Gray P Eury Perez SS CJ Abrams,,,
522,5198387654,KoopK23,0,90.55,1B Rafael Devers 2B Luis Arraez 3B Kazuma Okamoto C Keibert Ruiz OF Mike Trout OF Dylan Crews OF Yohendrick Pinango P Foster Griffin P Eury Perez SS Zach Neto,,,
522,5198579944,rmprescott,0,90.55,1B Rafael Devers 2B Nasim Nunez 3B Casey Schmitt C Logan O'Hoppe OF James Wood OF Heriberto Hernandez OF Jacob Young P Foster Griffin P Eury Perez SS Zach Neto,,,
522,5198602321,nrlane24,0,90.55,1B Kyle Stowers 2B Xavier Edwards 3B Casey Schmitt C Liam Hicks OF Heliot Ramos OF Jung Hoo Lee OF Jose Siri P Foster Griffin P Eury Perez SS Otto Lopez,,,
525,5198751097,homeyc99,0,90.2,1B Bryce Eldridge 2B Xavier Edwards 3B Luis Rengifo C Daniel Susac OF James Wood OF Heriberto Hernandez OF Griffin Conine P Dylan Cease P Eury Perez SS Otto Lopez,,,
526,5198755443,mjellis11,0,89.899994,1B Ty France 2B Xavier Edwards 3B Manny Machado C Liam Hicks OF Fernando Tatis Jr. OF Heriberto Hernandez OF Gavin Sheets P Dylan Cease P Mitch Bratt SS Otto Lopez,,,
527,5198252559,winningfaith,0,89.799995,1B Rafael Devers 2B Xavier Edwards 3B Javier Sanoja C Keibert Ruiz OF James Wood OF Heriberto Hernandez OF Drew Gilbert P Foster Griffin P Randy Vasquez SS CJ Abrams,,,
528,5198483821,piejah,0,89.75,1B Rafael Devers 2B Ketel Marte 3B Nolan Arenado C Gabriel Moreno OF Fernando Tatis Jr. OF Corbin Carroll OF Jackson Merrill P Robbie Ray P Mitch Bratt SS Xander Bogaerts,,,
529,5198637896,Mannyfresh101,0,89.6,1B Rafael Devers 2B Xavier Edwards 3B Casey Schmitt C Liam Hicks OF Daylen Lile OF Griffin Conine OF Wade Meckler P Sonny Gray P Eury Perez SS CJ Abrams,,,
529,5198773735,toneloc160,0,89.6,1B Andres Chaparro 2B Ketel Marte 3B Curtis Mead C Gabriel Moreno OF Dylan Crews OF Jacob Young OF Esteury Ruiz P Sonny Gray P Eury Perez SS Otto Lopez,,,
531,5198553691,iceit519,0,89.2,1B Bryce Eldridge 2B Ketel Marte 3B Vaughn Grissom C Logan O'Hoppe OF Mike Trout OF Jo Adell OF Heriberto Hernandez P Dylan Cease P Eury Perez SS Zach Neto,,,
531,5198625695,baddestdude,0,89.2,1B Andres Chaparro 2B Xavier Edwards 3B Nolan Arenado C Brandon Valenzuela OF Fernando Tatis Jr. OF Wilyer Abreu OF Jackson Merrill P Dylan Cease P Eury Perez SS Javier Sanoja,,,
531,5198667634,outlawpete5,0,89.2,1B Bryce Eldridge 2B Ketel Marte 3B Vaughn Grissom C Logan O'Hoppe OF Mike Trout OF Jo Adell OF Heriberto Hernandez P Dylan Cease P Eury Perez SS Zach Neto,,,
531,5198915155,trinkle13,0,89.2,1B Nolan Schanuel 2B Vaughn Grissom 3B Nolan Arenado C Gabriel Moreno OF Corbin Carroll OF Jo Adell OF Jorge Soler P Dylan Cease P Eury Perez SS Zach Neto,,,
535,5198216530,Rc3584,0,89.1,1B Ty France 2B Ketel Marte 3B Nolan Arenado C Logan O'Hoppe OF Mike Trout OF Jo Adell OF Jorge Soler P Dylan Cease P Sonny Gray SS Zach Neto,,,
536,5198926492,JMS8168,0,89.05,1B Rafael Devers 2B Xavier Edwards 3B Kazuma Okamoto C Gabriel Moreno OF Mike Trout OF Dylan Crews OF Heriberto Hernandez P Eury Perez P Robbie Ray SS Geraldo Perdomo,,,
536,5198948906,st.louisal,0,89.05,1B Rafael Devers 2B Anthony Seigler 3B Nolan Arenado C Keibert Ruiz OF James Wood OF Mike Trout OF Wilyer Abreu P Eury Perez P Robbie Ray SS Andres Gimenez,,,
538,5198932505,vicwif,0,88.95,1B Andres Chaparro 2B Luis Arraez 3B Curtis Mead C Freddy Fermin OF Fernando Tatis Jr. OF Jorge Soler OF Heriberto Hernandez P Sonny Gray P Robbie Ray SS CJ Abrams,,,
539,5198251863,hasco,0,88.9,1B Bryce Eldridge 2B Xavier Edwards 3B Curtis Mead C Keibert Ruiz OF Dylan Crews OF Heriberto Hernandez OF Gavin Sheets P Foster Griffin P Robbie Ray SS CJ Abrams,,,
539,5198522084,oldfoozer,0,88.9,1B Ty France 2B Anthony Seigler 3B Nolan Arenado C Keibert Ruiz OF James Wood OF Mike Trout OF Jackson Merrill P Foster Griffin P Robbie Ray SS Xander Bogaerts,,,
541,5198481410,Choker12,0,88.45,1B Luis Garcia Jr. 2B Oswald Peraza 3B Connor Norby C Keibert Ruiz OF James Wood OF Esteury Ruiz OF Jose Siri P Foster Griffin P Sonny Gray SS CJ Abrams,,,
542,5198629306,acerun34,0,88.1,1B Andres Chaparro 2B Nasim Nunez 3B Javier Sanoja C Liam Hicks OF Heliot Ramos OF Dylan Crews OF Heriberto Hernandez P Dylan Cease P Sonny Gray SS Otto Lopez,,,
543,5198571366,terpterman,0,88.05,1B Andres Chaparro 2B Anthony Seigler 3B Curtis Mead C Connor Wong OF James Wood OF Dylan Crews OF Heriberto Hernandez P Eury Perez P Robbie Ray SS CJ Abrams,,,
544,5198601407,jimandanne,0,87.95,1B Ty France 2B Xavier Edwards 3B Casey Schmitt C Luis Campusano OF Ceddanne Rafaela OF Daylen Lile OF Jarren Duran P Sonny Gray P Robbie Ray SS CJ Abrams,,,
545,5198853513,Themailman22,0,87.6,1B Andres Chaparro 2B Xavier Edwards 3B Vaughn Grissom C Keibert Ruiz OF James Wood OF Jung Hoo Lee OF Heriberto Hernandez P Sonny Gray P Eury Perez SS CJ Abrams,,,
546,5198727911,dallasmojo505,0,87.55,1B Rafael Devers 2B Nasim Nunez 3B Curtis Mead C Liam Hicks OF Dylan Crews OF Heriberto Hernandez OF Drew Gilbert P Foster Griffin P Eury Perez SS Otto Lopez,,,
546,5198921403,Klangman,0,87.55,1B Rafael Devers 2B Anthony Seigler 3B Casey Schmitt C Gabriel Moreno OF Mike Trout OF Dylan Crews OF Heriberto Hernandez P Foster Griffin P Eury Perez SS Willy Adames,,,
548,5198916709,hcomet,0,87.45,1B Ty France 2B Nasim Nunez 3B Casey Schmitt C James McCann OF Heliot Ramos OF Dylan Crews OF Heriberto Hernandez P Foster Griffin P Sonny Gray SS CJ Abrams,,,
549,5198938955,KGB1480,0,87.299995,1B Rafael Devers 2B Xavier Edwards 3B Manny Machado C James McCann OF Corbin Carroll OF Jackson Merrill OF Jarren Duran P Robbie Ray P Randy Vasquez SS Geraldo Perdomo,,,
550,5198885820,Clippy,0,87.1,1B Ty France 2B Anthony Seigler 3B Casey Schmitt C Liam Hicks OF Ceddanne Rafaela OF Jorge Soler OF Heriberto Hernandez P Dylan Cease P Sonny Gray SS Otto Lopez,,,
551,5198337692,Epatrick10172020,0,87.05,1B Kyle Stowers 2B Xavier Edwards 3B Curtis Mead C Liam Hicks OF Jackson Merrill OF Dylan Crews OF Jacob Young P Eury Perez P Robbie Ray SS Geraldo Perdomo,,,
551,5198712832,ruru10,0,87.05,1B Ty France 2B Ernie Clement 3B Kazuma Okamoto C Brandon Valenzuela OF James Wood OF Mike Trout OF Wilyer Abreu P Eury Perez P Robbie Ray SS Andres Gimenez,,,
551,5198823977,KILLANADZ24,0,87.05,1B Andres Chaparro 2B Nasim Nunez 3B Curtis Mead C James McCann OF James Wood OF Heriberto Hernandez OF Griffin Conine P Eury Perez P Robbie Ray SS CJ Abrams,,,
554,5198876700,Ta388,0,86.95,1B Andres Chaparro 2B Luis Arraez 3B Curtis Mead C Keibert Ruiz OF James Wood OF Heriberto Hernandez OF Jacob Young P Sonny Gray P Robbie Ray SS Otto Lopez,,,
555,5198588998,Mindgame247,0,86.6,1B Andres Chaparro 2B Ildemaro Vargas 3B Curtis Mead C James McCann OF James Wood OF Dylan Crews OF Jose Siri P Sonny Gray P Eury Perez SS CJ Abrams,,,
555,5198606568,SMC330,0,86.6,1B Rafael Devers 2B Ketel Marte 3B Caleb Durbin C Gabriel Moreno OF Corbin Carroll OF Jacob Young OF Jose Siri P Sonny Gray P Eury Perez SS Zach Neto,,,
555,5198947966,GWOODY15,0,86.6,1B Ildemaro Vargas 2B Jake Cronenworth 3B Curtis Mead C Keibert Ruiz OF Fernando Tatis Jr. OF Jarren Duran OF Luis Rengifo P Sonny Gray P Eury Perez SS CJ Abrams,,,
558,5198641226,BallinIsAHabit83,0,86.55,1B Vladimir Guerrero Jr. 2B Anthony Seigler 3B Vaughn Grissom C Gabriel Moreno OF Corbin Carroll OF Dylan Crews OF George Springer P Foster Griffin P Eury Perez SS Geraldo Perdomo,,,
559,5198842413,dealin21,0,86.45,1B Tim Tawa 2B Xavier Edwards 3B Vaughn Grissom C Gabriel Moreno OF Dylan Crews OF Luis Rengifo OF Masataka Yoshida P Foster Griffin P Sonny Gray SS CJ Abrams,,,
559,5198929364,Bcole003,0,86.45,1B Andres Chaparro 2B Xavier Edwards 3B Curtis Mead C Keibert Ruiz OF James Wood OF Jacob Young OF Esteury Ruiz P Foster Griffin P Sonny Gray SS Otto Lopez,,,
561,5198368739,briannedanielle,0,86.2,1B Kyle Stowers 2B Ketel Marte 3B Javier Sanoja C Brandon Valenzuela OF Mike Trout OF Jorge Soler OF Heriberto Hernandez P Dylan Cease P Eury Perez SS Otto Lopez,,,
562,5198949301,coreymdyson,0,86.1,1B Ildemaro Vargas 2B Vaughn Grissom 3B Nolan Arenado C Gabriel Moreno OF Mike Trout OF Jo Adell OF Jorge Soler P Dylan Cease P Sonny Gray SS Zach Neto,,,
563,5198639244,michaelshodson,0,86.05,1B Kyle Stowers 2B Nasim Nunez 3B Curtis Mead C Keibert Ruiz OF James Wood OF Heriberto Hernandez OF Jacob Young P Eury Perez P Robbie Ray SS Otto Lopez,,,
564,5198575012,rwalton78,0,85.9,1B Bryce Eldridge 2B Luis Arraez 3B Luis Rengifo C Gabriel Moreno OF Mike Trout OF Wilyer Abreu OF Masataka Yoshida P Foster Griffin P Robbie Ray SS Otto Lopez,,,
565,5198435623,smw3184,0,85.6,1B Rafael Devers 2B Vaughn Grissom 3B Luis Rengifo C Keibert Ruiz OF Fernando Tatis Jr. OF Dylan Crews OF Ceddanne Rafaela P Sonny Gray P Eury Perez SS Otto Lopez,,,
566,5198710532,collincaleb,0,85.55,1B Kyle Stowers 2B Luis Arraez 3B Curtis Mead C Keibert Ruiz OF Wilyer Abreu OF Dylan Crews OF Esteury Ruiz P Foster Griffin P Eury Perez SS Willy Adames,,,
567,5198689272,timothy.beechler,0,85.35,1B Nolan Schanuel 2B Ketel Marte 3B Manny Machado C Gabriel Moreno OF Mike Trout OF Jorge Soler OF Jose Siri P Dylan Cease P Ryan Johnson SS Zach Neto,,,
568,5198691413,kcinsu,0,85.05,1B Andres Chaparro 2B Jake Cronenworth 3B Curtis Mead C Liam Hicks OF James Wood OF Dylan Crews OF Heriberto Hernandez P Eury Perez P Robbie Ray SS Otto Lopez,,,
569,5198484742,Q33Q,0,84.75,1B Willson Contreras 2B Ildemaro Vargas 3B Vaughn Grissom C Gabriel Moreno OF Corbin Carroll OF Dylan Crews OF Ceddanne Rafaela P Robbie Ray P Mitch Bratt SS CJ Abrams,,,
570,5198661092,smitty42x,0,84.6,1B Rafael Devers 2B Ildemaro Vargas 3B Casey Schmitt C Keibert Ruiz OF James Wood OF Heriberto Hernandez OF Esteury Ruiz P Sonny Gray P Eury Perez SS Willy Adames,,,
571,5198457615,wick.cesar,0,84.5,1B Connor Norby 2B Xavier Edwards 3B Javier Sanoja C Keibert Ruiz OF James Wood OF Jackson Merrill OF Ceddanne Rafaela P Foster Griffin P JP Sears SS CJ Abrams,,,
572,5198651430,slpendy,0,84.05,1B Vladimir Guerrero Jr. 2B Ketel Marte 3B Kazuma Okamoto C Gabriel Moreno OF Corbin Carroll OF Daulton Varsho OF Nathan Lukes P Eury Perez P Robbie Ray SS Geraldo Perdomo,,,
573,5198679934,CrypticalDevelopment,0,83.95,1B Rafael Devers 2B Luis Arraez 3B Nolan Arenado C Gabriel Moreno OF Corbin Carroll OF Jarren Duran OF Ryan Waldschmidt P Sonny Gray P Robbie Ray SS Geraldo Perdomo,,,
573,5198796995,MollyTurk,0,83.95,1B Rafael Devers 2B Luis Arraez 3B Curtis Mead C Daniel Susac OF Wilyer Abreu OF Ceddanne Rafaela OF Jo Adell P Sonny Gray P Robbie Ray SS Xander Bogaerts,,,
573,5198934280,dano27161,0,83.95,1B Vladimir Guerrero Jr. 2B Ernie Clement 3B Casey Schmitt C Logan O'Hoppe OF Fernando Tatis Jr. OF Heliot Ramos OF Jarren Duran P Sonny Gray P Robbie Ray SS Xander Bogaerts,,,
576,5198754139,paintgirl,0,83.899994,1B Ildemaro Vargas 2B Ketel Marte 3B Manny Machado C James McCann OF Fernando Tatis Jr. OF Corbin Carroll OF Luis Rengifo P Dylan Cease P Mitch Bratt SS Geraldo Perdomo,,,
577,5198685371,kristian24,0,83.6,1B Andres Chaparro 2B Ildemaro Vargas 3B Curtis Mead C Gabriel Moreno OF Dylan Crews OF Daylen Lile OF Heriberto Hernandez P Sonny Gray P Eury Perez SS CJ Abrams,,,
577,5198880113,markries,0,83.6,1B Rafael Devers 2B Xavier Edwards 3B Javier Sanoja C Liam Hicks OF Dylan Crews OF Jo Adell OF Heriberto Hernandez P Sonny Gray P Eury Perez SS CJ Abrams,,,
577,5198895285,danielcro,0,83.6,1B Andres Chaparro 2B Xavier Edwards 3B Luis Rengifo C James McCann OF James Wood OF Corbin Carroll OF Jose Siri P Sonny Gray P Eury Perez SS CJ Abrams,,,
577,5198935585,RonSantosCubs10,0,83.6,1B Ildemaro Vargas 2B Xavier Edwards 3B Casey Schmitt C Gabriel Moreno OF Dylan Crews OF Heriberto Hernandez OF Jacob Young P Sonny Gray P Eury Perez SS CJ Abrams,,,
581,5198543334,bell267ben,0,83.55,1B Andres Chaparro 2B Nasim Nunez 3B Javier Sanoja C Liam Hicks OF James Wood OF Heriberto Hernandez OF Jacob Young P Foster Griffin P Eury Perez SS CJ Abrams,,,
581,5198667654,CDA80,0,83.55,1B Bryce Eldridge 2B Ketel Marte 3B Casey Schmitt C James McCann OF Dylan Crews OF Heriberto Hernandez OF Luis Rengifo P Foster Griffin P Eury Perez SS CJ Abrams,,,
581,5198830801,blitzburgh07,0,83.55,1B Rafael Devers 2B Nasim Nunez 3B Curtis Mead C James McCann OF Mike Trout OF Dylan Crews OF Heriberto Hernandez P Foster Griffin P Eury Perez SS Zach Neto,,,
581,5198947554,Val1969,0,83.55,1B Kyle Stowers 2B Ketel Marte 3B Caleb Durbin C Gabriel Moreno OF Mike Trout OF George Springer OF Heriberto Hernandez P Foster Griffin P Eury Perez SS Ernie Clement,,,
585,5198760955,chuckface8,0,83.45,1B Andres Chaparro 2B Jake Cronenworth 3B Curtis Mead C Keibert Ruiz OF James Wood OF Heriberto Hernandez OF Yohendrick Pinango P Foster Griffin P Sonny Gray SS CJ Abrams,,,
585,5198947160,iverson333,0,83.45,1B Ty France 2B Anthony Seigler 3B Manny Machado C Connor Wong OF Fernando Tatis Jr. OF Daylen Lile OF Masataka Yoshida P Foster Griffin P Sonny Gray SS CJ Abrams,,,
587,5198934606,toby2977,0,83.3,1B Rafael Devers 2B Luis Arraez 3B Kazuma Okamoto C Gabriel Moreno OF Mike Trout OF Wilyer Abreu OF Dylan Crews P Sonny Gray P Mitch Bratt SS Otto Lopez,,,
588,5198756136,derekdog,0,83.05,1B Andres Chaparro 2B Luis Arraez 3B Javier Sanoja C Keibert Ruiz OF James Wood OF Heliot Ramos OF Dylan Crews P Eury Perez P Robbie Ray SS Otto Lopez,,,
589,5198788479,jah_586,0,82.9,1B Willson Contreras 2B Ernie Clement 3B Kazuma Okamoto C Connor Wong OF James Wood OF Wilyer Abreu OF Nathan Lukes P Foster Griffin P Robbie Ray SS Andres Gimenez,,,
590,5198635219,kintyre1801,0,82.6,1B Andres Chaparro 2B Ketel Marte 3B Curtis Mead C Daniel Susac OF Jung Hoo Lee OF Jorge Soler OF Heriberto Hernandez P Sonny Gray P Eury Perez SS CJ Abrams,,,
591,5198676157,pug22,0,82.55,1B Rafael Devers 2B Luis Arraez 3B Nolan Arenado C Keibert Ruiz OF James Wood OF Mike Trout OF Jarren Duran P Sonny Gray P JP Sears SS Andruw Monasterio,,,
591,5198791140,dw12290,0,82.55,1B Andres Chaparro 2B Xavier Edwards 3B Javier Sanoja C Liam Hicks OF James Wood OF George Springer OF Yohendrick Pinango P Foster Griffin P Eury Perez SS CJ Abrams,,,
591,5198920752,bigecg26,0,82.55,1B Kyle Stowers 2B Xavier Edwards 3B Curtis Mead C Liam Hicks OF Heriberto Hernandez OF Jacob Young OF Griffin Conine P Foster Griffin P Eury Perez SS CJ Abrams,,,
594,5198347658,owenkoivisto,0,82.45,1B Rafael Devers 2B Nasim Nunez 3B Curtis Mead C Gabriel Moreno OF Daylen Lile OF Jo Adell OF Heriberto Hernandez P Foster Griffin P Sonny Gray SS Willy Adames,,,
594,5198557477,dentiddo,0,82.45,1B Andres Chaparro 2B Anthony Seigler 3B Caleb Durbin C Keibert Ruiz OF James Wood OF Daylen Lile OF Drew Gilbert P Foster Griffin P Sonny Gray SS CJ Abrams,,,
596,5198663826,Bigsacks2414,0,82.2,1B Andres Chaparro 2B Ketel Marte 3B Javier Sanoja C Gabriel Moreno OF Corbin Carroll OF Heriberto Hernandez OF Ryan Waldschmidt P Dylan Cease P Eury Perez SS Geraldo Perdomo,,,
597,5198617526,rsumrall,0,82.05,1B Rafael Devers 2B Anthony Seigler 3B Casey Schmitt C Connor Wong OF Wilyer Abreu OF Ceddanne Rafaela OF Jarren Duran P Eury Perez P Robbie Ray SS Otto Lopez,,,
597,5198904787,sandhillbill,0,82.05,1B Rafael Devers 2B Ketel Marte 3B Nolan Arenado C Liam Hicks OF Jackson Merrill OF Ceddanne Rafaela OF Heriberto Hernandez P Eury Perez P Robbie Ray SS Zach Neto,,,
599,5198814785,rissler40,0,81.6,1B Bryce Eldridge 2B Luis Arraez 3B Curtis Mead C Keibert Ruiz OF Heliot Ramos OF Daylen Lile OF Jung Hoo Lee P Sonny Gray P Eury Perez SS Willy Adames,,,
600,5198889572,steve3258,0,81.55,1B Kyle Stowers 2B Vaughn Grissom 3B Curtis Mead C Logan O'Hoppe OF James Wood OF Daylen Lile OF Jacob Young P Foster Griffin P Eury Perez SS Zach Neto,,,
600,5198938924,vilhmery,0,81.55,1B Kyle Stowers 2B Nasim Nunez 3B Caleb Durbin C Liam Hicks OF Daylen Lile OF Jarren Duran OF Ryan Waldschmidt P Foster Griffin P Eury Perez SS CJ Abrams,,,
602,5198769901,mrclean913,0,81.35,1B Ildemaro Vargas 2B Ketel Marte 3B Nolan Arenado C Gabriel Moreno OF Corbin Carroll OF Jo Adell OF Jose Siri P Dylan Cease P Ryan Johnson SS Zach Neto,,,
603,5198472310,tolson07,0,81.2,1B Ildemaro Vargas 2B Ketel Marte 3B Nolan Arenado C Gabriel Moreno OF Jo Adell OF Jorge Soler OF Jakob Marsee P Dylan Cease P Eury Perez SS Geraldo Perdomo,,,
603,5198945757,Russianduck,0,81.2,1B Andres Chaparro 2B Ketel Marte 3B Curtis Mead C Logan O'Hoppe OF James Wood OF Jorge Soler OF Heriberto Hernandez P Dylan Cease P Eury Perez SS Javier Sanoja,,,
605,5198676785,kevinreider4,0,81.05,1B Andres Chaparro 2B Xavier Edwards 3B Curtis Mead C Liam Hicks OF James Wood OF Heriberto Hernandez OF Esteury Ruiz P Eury Perez P Robbie Ray SS Otto Lopez,,,
606,5198806884,rickpersic,0,80.95,1B Andres Chaparro 2B Xavier Edwards 3B Curtis Mead C Gabriel Moreno OF Jackson Merrill OF Dylan Crews OF Heriberto Hernandez P Sonny Gray P Robbie Ray SS Otto Lopez,,,
607,5198761237,richgee21,0,80.6,1B Rafael Devers 2B Ildemaro Vargas 3B Casey Schmitt C Keibert Ruiz OF Mike Trout OF Dylan Crews OF Jo Adell P Sonny Gray P Eury Perez SS Willy Adames,,,
607,5198784104,drbrow24,0,80.6,1B Andres Chaparro 2B Nasim Nunez 3B Curtis Mead C James McCann OF James Wood OF Tim Tawa OF Ryan Waldschmidt P Sonny Gray P Eury Perez SS CJ Abrams,,,
607,5198854761,Jphat08,0,80.6,1B Andres Chaparro 2B Nasim Nunez 3B Curtis Mead C James McCann OF James Wood OF Tim Tawa OF Ryan Waldschmidt P Sonny Gray P Eury Perez SS CJ Abrams,,,
610,5198785527,sportsfan882,0,80.2,1B Ildemaro Vargas 2B Ketel Marte 3B Nolan Arenado C Gabriel Moreno OF Corbin Carroll OF Jo Adell OF Heriberto Hernandez P Dylan Cease P Eury Perez SS Javier Sanoja,,,
611,5198444780,JDamien2442,0,79.95,1B Ty France 2B Nasim Nunez 3B Casey Schmitt C Gabriel Moreno OF Corbin Carroll OF Dylan Crews OF Masataka Yoshida P Sonny Gray P Robbie Ray SS Otto Lopez,,,
612,5198617449,BearMeltDown,0,79.899994,1B Nolan Schanuel 2B Ketel Marte 3B Vaughn Grissom C Gabriel Moreno OF Corbin Carroll OF Mike Trout OF Jorge Soler P Dylan Cease P Mitch Bratt SS Geraldo Perdomo,,,
613,5198597025,charles52,0,79.6,1B Bryce Eldridge 2B Ernie Clement 3B Curtis Mead C Daniel Susac OF Fernando Tatis Jr. OF Daylen Lile OF Esteury Ruiz P Sonny Gray P Eury Perez SS Zach Neto,,,
614,5198257865,curleeshu,0,79.2,1B Willson Contreras 2B Oswald Peraza 3B Curtis Mead C Liam Hicks OF Gavin Sheets OF Griffin Conine OF Daulton Varsho P Dylan Cease P Eury Perez SS Zach Neto,,,
615,5198549843,JJsBack,0,79.1,1B Kyle Stowers 2B Xavier Edwards 3B Nolan Arenado C Liam Hicks OF Dylan Crews OF Heriberto Hernandez OF Tim Tawa P Dylan Cease P Sonny Gray SS Geraldo Perdomo,,,
616,5198706459,sugewhite41,0,79.05,1B Andres Chaparro 2B Ildemaro Vargas 3B Nolan Arenado C Keibert Ruiz OF James Wood OF Corbin Carroll OF Daylen Lile P Eury Perez P Robbie Ray SS Otto Lopez,,,
617,5198888014,BrocNessMonster,0,78.6,1B Andres Chaparro 2B Vaughn Grissom 3B Curtis Mead C Keibert Ruiz OF Mike Trout OF Jo Adell OF Jorge Soler P Sonny Gray P Eury Perez SS CJ Abrams,,,
617,5198897797,gazmon,0,78.6,1B Rafael Devers 2B Luis Arraez 3B Casey Schmitt C Liam Hicks OF Heliot Ramos OF Heriberto Hernandez OF Tim Tawa P Sonny Gray P Eury Perez SS Willy Adames,,,
619,5198535713,batterylucy,0,78.55,1B Ty France 2B Xavier Edwards 3B Caleb Durbin C James McCann OF James Wood OF Corbin Carroll OF Gavin Sheets P Sonny Gray P JP Sears SS CJ Abrams,,,
619,5198790926,TrappistMonk,0,78.55,1B Andres Chaparro 2B Xavier Edwards 3B Javier Sanoja C Keibert Ruiz OF James Wood OF Daylen Lile OF Heriberto Hernandez P Foster Griffin P Eury Perez SS CJ Abrams,,,
619,5198948546,rooskie09,0,78.55,1B Rafael Devers 2B Xavier Edwards 3B Curtis Mead C Keibert Ruiz OF Heliot Ramos OF Ceddanne Rafaela OF Masataka Yoshida P Foster Griffin P Eury Perez SS Otto Lopez,,,
622,5198809815,matthew2784,0,78.45,1B Rafael Devers 2B Anthony Seigler 3B Javier Sanoja C James McCann OF James Wood OF Heliot Ramos OF Dylan Crews P Foster Griffin P Sonny Gray SS Otto Lopez,,,
623,5198930936,tommydoo8,0,78.2,1B Ty France 2B Jake Cronenworth 3B Kazuma Okamoto C Gabriel Moreno OF Fernando Tatis Jr. OF Corbin Carroll OF Mike Trout P Robbie Ray P Ryan Johnson SS Zach Neto,,,
624,5198880408,thechampkr,0,78.1,1B Ty France 2B Xavier Edwards 3B Javier Sanoja C Freddy Fermin OF Fernando Tatis Jr. OF Heriberto Hernandez OF Griffin Conine P Dylan Cease P Sonny Gray SS Xander Bogaerts,,,
625,5198828002,SpeedRacer101,0,77.95,1B Kyle Stowers 2B Jake Cronenworth 3B Luis Rengifo C Freddy Fermin OF James Wood OF Fernando Tatis Jr. OF Corbin Carroll P Sonny Gray P Robbie Ray SS Xander Bogaerts,,,
626,5198614364,Billdo347,0,77.6,1B Willson Contreras 2B Nasim Nunez 3B Casey Schmitt C Keibert Ruiz OF Dylan Crews OF Daylen Lile OF Jung Hoo Lee P Sonny Gray P Eury Perez SS Willy Adames,,,
626,5198706835,TrojanMom85,0,77.6,1B Bryce Eldridge 2B Nasim Nunez 3B Casey Schmitt C Daniel Susac OF Dylan Crews OF Daylen Lile OF Heriberto Hernandez P Sonny Gray P Eury Perez SS CJ Abrams,,,
626,5198872235,rcounts21,0,77.6,1B Willson Contreras 2B Ketel Marte 3B Luis Rengifo C Gabriel Moreno OF Jacob Young OF Griffin Conine OF Masataka Yoshida P Sonny Gray P Eury Perez SS CJ Abrams,,,
629,5198873647,smclean150,0,77.55,1B Rafael Devers 2B Xavier Edwards 3B Casey Schmitt C James McCann OF James Wood OF Dylan Crews OF Jo Adell P Sonny Gray P JP Sears SS Zach Neto,,,
630,5198475093,ajmack01,0,77.45,1B Ty France 2B Luis Arraez 3B Nolan Arenado C Gabriel Moreno OF Dylan Crews OF Ceddanne Rafaela OF George Springer P Foster Griffin P Sonny Gray SS Geraldo Perdomo,,,
630,5198666004,tfos99,0,77.45,1B Rafael Devers 2B Xavier Edwards 3B Nolan Arenado C Keibert Ruiz OF Jackson Merrill OF Dylan Crews OF Jarren Duran P Foster Griffin P Sonny Gray SS Zach Neto,,,
630,5198694597,gsilkey23,0,77.45,1B Ty France 2B Ketel Marte 3B Luis Rengifo C Keibert Ruiz OF Corbin Carroll OF Heriberto Hernandez OF Masataka Yoshida P Foster Griffin P Sonny Gray SS CJ Abrams,,,
633,5198662502,mlief,0,77.05,1B Rafael Devers 2B Anthony Seigler 3B Curtis Mead C Connor Wong OF James Wood OF Wilyer Abreu OF Masataka Yoshida P Eury Perez P Robbie Ray SS Andruw Monasterio,,,
633,5198861428,kellinator138,0,77.05,1B Bryce Eldridge 2B Luis Arraez 3B Curtis Mead C Gabriel Moreno OF Jackson Merrill OF Ceddanne Rafaela OF Gavin Sheets P Eury Perez P Robbie Ray SS Geraldo Perdomo,,,
635,5198185771,Gergi0618,0,76.6,1B Ildemaro Vargas 2B Luis Arraez 3B Nolan Arenado C Gabriel Moreno OF Mike Trout OF Dylan Crews OF Jung Hoo Lee P Sonny Gray P Eury Perez SS Zach Neto,,,
636,5198598513,7Mary3,0,76.55,1B Andres Chaparro 2B Anthony Seigler 3B Javier Sanoja C Keibert Ruiz OF James Wood OF Mike Trout OF Heriberto Hernandez P Foster Griffin P Eury Perez SS CJ Abrams,,,
636,5198929905,kymcd14,0,76.55,1B Andres Chaparro 2B Luis Arraez 3B Curtis Mead C Keibert Ruiz OF James Wood OF Heriberto Hernandez OF Jacob Young P Foster Griffin P Eury Perez SS Willy Adames,,,
638,5198500790,edward21025,0,76.45,1B Rafael Devers 2B Xavier Edwards 3B Manny Machado C Logan O'Hoppe OF Mike Trout OF Heliot Ramos OF Gavin Sheets P Foster Griffin P Sonny Gray SS Willy Adames,,,
638,5198947013,ashmoredc,0,76.45,1B Rafael Devers 2B Ketel Marte 3B Caleb Durbin C Luis Campusano OF Jarren Duran OF Heriberto Hernandez OF Masataka Yoshida P Foster Griffin P Sonny Gray SS CJ Abrams,,,
640,5198635044,Quivalier,0,75.95,1B Kyle Stowers 2B Xavier Edwards 3B Kazuma Okamoto C Liam Hicks OF Fernando Tatis Jr. OF Jackson Merrill OF George Springer P Eury Perez P Randy Vasquez SS Otto Lopez,,,
641,5198571811,milligolf,0,75.55,1B Vladimir Guerrero Jr. 2B Xavier Edwards 3B Kazuma Okamoto C Liam Hicks OF George Springer OF Heriberto Hernandez OF Griffin Conine P Foster Griffin P Eury Perez SS Otto Lopez,,,
641,5198948162,cutch53,0,75.55,1B Bryce Eldridge 2B Vaughn Grissom 3B Javier Sanoja C Liam Hicks OF James Wood OF Heriberto Hernandez OF Nathan Lukes P Foster Griffin P Eury Perez SS CJ Abrams,,,
643,5198488386,Spukuff,0,75.45,1B Rafael Devers 2B Vaughn Grissom 3B Nolan Arenado C James McCann OF Mike Trout OF Wilyer Abreu OF Dylan Crews P Foster Griffin P Sonny Gray SS Zach Neto,,,
644,5198425868,Boneyball1018,0,75.2,1B Ildemaro Vargas 2B Ketel Marte 3B Curtis Mead C Gabriel Moreno OF Jorge Soler OF Heriberto Hernandez OF Yohendrick Pinango P Dylan Cease P Eury Perez SS Geraldo Perdomo,,,
645,5198705077,rlarson5521,0,74.95,1B Kyle Stowers 2B Luis Arraez 3B Javier Sanoja C Keibert Ruiz OF James Wood OF Corbin Carroll OF Daylen Lile P Sonny Gray P Robbie Ray SS Andres Gimenez,,,
646,5198769390,mrbig91,0,74.6,1B Rafael Devers 2B Xavier Edwards 3B Kazuma Okamoto C James McCann OF Mike Trout OF Jackson Merrill OF Ceddanne Rafaela P Sonny Gray P Eury Perez SS Geraldo Perdomo,,,
646,5198939236,Mike23-DK,0,74.6,1B Willson Contreras 2B Vaughn Grissom 3B Luis Rengifo C Gabriel Moreno OF Dylan Crews OF Ceddanne Rafaela OF Masataka Yoshida P Sonny Gray P Eury Perez SS CJ Abrams,,,
648,5198753680,starmap3333,0,74.55,1B Tim Tawa 2B Xavier Edwards 3B Manny Machado C Liam Hicks OF Jackson Merrill OF Dylan Crews OF Heriberto Hernandez P Foster Griffin P Eury Perez SS Otto Lopez,,,
648,5198809298,jimcon2,0,74.55,1B Rafael Devers 2B Xavier Edwards 3B Casey Schmitt C Liam Hicks OF Heliot Ramos OF Heriberto Hernandez OF Masataka Yoshida P Foster Griffin P Eury Perez SS Otto Lopez,,,
650,5198674062,Bheezy,0,74.45,1B Andres Chaparro 2B Nasim Nunez 3B Curtis Mead C Gabriel Moreno OF Jackson Merrill OF Dylan Crews OF Luis Rengifo P Foster Griffin P Sonny Gray SS Zach Neto,,,
651,5198798887,FunkyKong,0,74.05,1B Ildemaro Vargas 2B Ketel Marte 3B Nolan Arenado C Liam Hicks OF James Wood OF Jung Hoo Lee OF Tim Tawa P Eury Perez P Robbie Ray SS Geraldo Perdomo,,,
652,5198666627,Pittsburghese,0,73.95,1B Ty France 2B Luis Arraez 3B Nolan Arenado C Gabriel Moreno OF James Wood OF Daylen Lile OF Heriberto Hernandez P Sonny Gray P Robbie Ray SS Geraldo Perdomo,,,
652,5198929377,Kramsta21,0,73.95,1B Nolan Schanuel 2B Ernie Clement 3B Casey Schmitt C Brandon Valenzuela OF Mike Trout OF Wilyer Abreu OF Daylen Lile P Sonny Gray P Robbie Ray SS Zach Neto,,,
654,5198934497,thewalrus1,0,73.9,1B Nolan Schanuel 2B Ildemaro Vargas 3B Caleb Durbin C James McCann OF James Wood OF Corbin Carroll OF Jackson Merrill P Foster Griffin P Robbie Ray SS Zach Neto,,,
654,5198934552,bigjpark,0,73.9,1B Ildemaro Vargas 2B Anthony Seigler 3B Vaughn Grissom C Liam Hicks OF James Wood OF Corbin Carroll OF Daulton Varsho P Foster Griffin P Robbie Ray SS Otto Lopez,,,
656,5198745595,hgh13,0,73.45,1B Rafael Devers 2B Vaughn Grissom 3B Caleb Durbin C Liam Hicks OF Mike Trout OF Wilyer Abreu OF Dylan Crews P Foster Griffin P Sonny Gray SS Andruw Monasterio,,,
657,5198819410,Doug1739,0,72.85,1B Andres Chaparro 2B Luis Arraez 3B Nolan Arenado C Gabriel Moreno OF Corbin Carroll OF Mike Trout OF Heriberto Hernandez P Eury Perez P Ryan Johnson SS CJ Abrams,,,
657,5198946904,KOESTUD05,0,72.85,1B Rafael Devers 2B Ketel Marte 3B Curtis Mead C Gabriel Moreno OF Corbin Carroll OF Heriberto Hernandez OF Esteury Ruiz P Eury Perez P Ryan Johnson SS Zach Neto,,,
659,5198739595,blacklabelkk,0,72.6,1B Rafael Devers 2B Vaughn Grissom 3B Curtis Mead C Keibert Ruiz OF Heliot Ramos OF Dylan Crews OF Heriberto Hernandez P Sonny Gray P Eury Perez SS Zach Neto,,,
659,5198876202,Money-Maker-Mooney,0,72.6,1B Willson Contreras 2B Ketel Marte 3B Vaughn Grissom C James McCann OF Corbin Carroll OF Jose Siri OF Yohendrick Pinango P Sonny Gray P Eury Perez SS CJ Abrams,,,
659,5198885876,tjtjtj101,0,72.6,1B Andres Chaparro 2B Nasim Nunez 3B Curtis Mead C Liam Hicks OF Mike Trout OF Dylan Crews OF Jacob Young P Sonny Gray P Eury Perez SS Otto Lopez,,,
659,5198945391,bigbluesucks,0,72.6,1B Kyle Stowers 2B Xavier Edwards 3B Casey Schmitt C Gabriel Moreno OF Ceddanne Rafaela OF Jung Hoo Lee OF Jo Adell P Sonny Gray P Eury Perez SS Otto Lopez,,,
659,5198948893,tbone633,0,72.6,1B Ty France 2B Ildemaro Vargas 3B Nolan Arenado C Gabriel Moreno OF Corbin Carroll OF Ceddanne Rafaela OF Gavin Sheets P Sonny Gray P Eury Perez SS CJ Abrams,,,
664,5198629163,austinj411,0,72.55,1B Andres Chaparro 2B Jake Cronenworth 3B Javier Sanoja C Keibert Ruiz OF Dylan Crews OF Drew Gilbert OF Gavin Sheets P Foster Griffin P Eury Perez SS Willy Adames,,,
665,5198536252,Hlb640,0,72,1B Luis Garcia Jr. 2B Ketel Marte 3B Nolan Arenado C Harry Ford OF Mike Trout OF Wilyer Abreu OF George Springer P Robbie Ray P JP Sears SS Zach Neto,,,
666,5198927078,dougkath,0,71.95,1B Bryce Eldridge 2B Luis Arraez 3B Casey Schmitt C James McCann OF Heliot Ramos OF Jackson Merrill OF Ceddanne Rafaela P Sonny Gray P Robbie Ray SS Geraldo Perdomo,,,
667,5198662528,coleproffer,0,71.6,1B Rafael Devers 2B Xavier Edwards 3B Casey Schmitt C Gabriel Moreno OF Mike Trout OF Jo Adell OF Gavin Sheets P Sonny Gray P Eury Perez SS Xander Bogaerts,,,
668,5198819821,jokerdpo,0,71.55,1B Kyle Stowers 2B Xavier Edwards 3B Curtis Mead C Liam Hicks OF Dylan Crews OF Heriberto Hernandez OF Jacob Young P Foster Griffin P Eury Perez SS Otto Lopez,,,
669,5198391306,yeafool66,0,71.45,1B Ty France 2B Jake Cronenworth 3B Nick Sogard C Keibert Ruiz OF James Wood OF Fernando Tatis Jr. OF Gavin Sheets P Foster Griffin P Sonny Gray SS Otto Lopez,,,
669,5198935632,HorseCollar23,0,71.45,1B Kyle Stowers 2B Vaughn Grissom 3B Curtis Mead C Keibert Ruiz OF James Wood OF Mike Trout OF Esteury Ruiz P Foster Griffin P Sonny Gray SS Javier Sanoja,,,
671,5198904311,DutchMamba,0,71.2,1B Ildemaro Vargas 2B Nasim Nunez 3B Curtis Mead C Gabriel Moreno OF Fernando Tatis Jr. OF Heriberto Hernandez OF Griffin Conine P Robbie Ray P Ryan Johnson SS CJ Abrams,,,
672,5198564474,dogg47,0,71.05,1B Bryce Eldridge 2B Xavier Edwards 3B Curtis Mead C Gabriel Moreno OF Heliot Ramos OF Dylan Crews OF Heriberto Hernandez P Eury Perez P Robbie Ray SS Otto Lopez,,,
673,5198713566,tptoya5827,0,70.85,1B Andres Chaparro 2B Vaughn Grissom 3B Curtis Mead C Gabriel Moreno OF James Wood OF Dylan Crews OF Heriberto Hernandez P Eury Perez P Ryan Johnson SS CJ Abrams,,,
674,5198395361,seiferidjosh80,0,70.6,1B Rafael Devers 2B Ketel Marte 3B Caleb Durbin C Gabriel Moreno OF Dylan Crews OF Daylen Lile OF Heriberto Hernandez P Sonny Gray P Eury Perez SS Zach Neto,,,
674,5198404042,mattped23,0,70.6,1B Andres Chaparro 2B Nasim Nunez 3B Curtis Mead C Liam Hicks OF Dylan Crews OF Jakob Marsee OF Heriberto Hernandez P Sonny Gray P Eury Perez SS CJ Abrams,,,
674,5198799807,deuce6078,0,70.6,1B Kyle Stowers 2B Xavier Edwards 3B Casey Schmitt C Liam Hicks OF Heliot Ramos OF Daylen Lile OF Jung Hoo Lee P Sonny Gray P Eury Perez SS Willy Adames,,,
677,5198681129,kidzero,0,70.55,1B Rafael Devers 2B Anthony Seigler 3B Caleb Durbin C Connor Wong OF James Wood OF Mike Trout OF Jarren Duran P Foster Griffin P Eury Perez SS Andruw Monasterio,,,
678,5198825360,Sean_Flanny,0,69.95,1B Andres Chaparro 2B Anthony Seigler 3B Curtis Mead C Liam Hicks OF Wilyer Abreu OF Jarren Duran OF Masataka Yoshida P Sonny Gray P Robbie Ray SS CJ Abrams,,,
679,5198266633,Dethstar1972,0,69.6,1B Kyle Stowers 2B Xavier Edwards 3B Nolan Arenado C Liam Hicks OF Dylan Crews OF Daylen Lile OF Heriberto Hernandez P Sonny Gray P Eury Perez SS CJ Abrams,,,
679,5198434676,atjones4,0,69.6,1B Rafael Devers 2B Xavier Edwards 3B Curtis Mead C Keibert Ruiz OF Jackson Merrill OF Jarren Duran OF Jorge Soler P Sonny Gray P Eury Perez SS Zach Neto,,,
679,5198646243,Dewaynegeiger,0,69.6,1B Andres Chaparro 2B Vaughn Grissom 3B Curtis Mead C Gabriel Moreno OF Mike Trout OF Dylan Crews OF Jo Adell P Sonny Gray P Eury Perez SS Otto Lopez,,,
682,5198934023,bville262,0,68.95,1B Ty France 2B Ernie Clement 3B Casey Schmitt C Connor Wong OF Fernando Tatis Jr. OF Wilyer Abreu OF Jorge Soler P Sonny Gray P Robbie Ray SS Zach Neto,,,
682,5198939204,DeejR05,0,68.95,1B Ty France 2B Ketel Marte 3B Caleb Durbin C Gabriel Moreno OF Corbin Carroll OF Heliot Ramos OF Dylan Crews P Sonny Gray P Robbie Ray SS Andruw Monasterio,,,
682,5198948580,thesnod,0,68.95,1B Kyle Stowers 2B Ketel Marte 3B Javier Sanoja C Keibert Ruiz OF Fernando Tatis Jr. OF Jackson Merrill OF Heriberto Hernandez P Sonny Gray P Robbie Ray SS Otto Lopez,,,
685,5198947555,jhc1532,0,68.75,1B Rafael Devers 2B Anthony Seigler 3B Casey Schmitt C Liam Hicks OF Corbin Carroll OF Jarren Duran OF Heriberto Hernandez P Sonny Gray P Ryan Johnson SS CJ Abrams,,,
686,5198276282,Schweettaay,0,68.6,1B Willson Contreras 2B Anthony Seigler 3B Casey Schmitt C Gabriel Moreno OF Jorge Soler OF Heriberto Hernandez OF Luis Rengifo P Sonny Gray P Eury Perez SS CJ Abrams,,,
686,5198538019,GreenBayWin77,0,68.6,1B Rafael Devers 2B Vaughn Grissom 3B Curtis Mead C Logan O'Hoppe OF James Wood OF Jo Adell OF Griffin Conine P Sonny Gray P Eury Perez SS Zach Neto,,,
686,5198936960,tfamularo,0,68.6,1B Bryce Eldridge 2B Luis Arraez 3B Nolan Arenado C Gabriel Moreno OF Mike Trout OF Dylan Crews OF Jacob Young P Sonny Gray P Eury Perez SS Zach Neto,,,
689,5198619976,TY54321,0,68.45,1B Kyle Stowers 2B Jake Cronenworth 3B Manny Machado C Freddy Fermin OF Fernando Tatis Jr. OF Heriberto Hernandez OF Gavin Sheets P Foster Griffin P Sonny Gray SS Otto Lopez,,,
689,5198666612,tigobity,0,68.45,1B Ty France 2B Nasim Nunez 3B Vaughn Grissom C Keibert Ruiz OF James Wood OF Jackson Merrill OF Heriberto Hernandez P Foster Griffin P Sonny Gray SS Willy Adames,,,
689,5198947493,TikiT,0,68.45,1B Bryce Eldridge 2B Luis Arraez 3B Casey Schmitt C Keibert Ruiz OF Heliot Ramos OF Heriberto Hernandez OF Nathan Lukes P Foster Griffin P Sonny Gray SS Otto Lopez,,,
692,5198551544,soonerbernie2002,0,68.05,1B Kyle Stowers 2B Nasim Nunez 3B Curtis Mead C Keibert Ruiz OF James Wood OF Heriberto Hernandez OF Griffin Conine P Eury Perez P Robbie Ray SS Otto Lopez,,,
692,5198689842,sboynton10,0,68.05,1B Andres Chaparro 2B Nasim Nunez 3B Nolan Arenado C Keibert Ruiz OF James Wood OF Corbin Carroll OF Daylen Lile P Eury Perez P Robbie Ray SS Geraldo Perdomo,,,
694,5198930563,timothyandstacy,0,67.95,1B Rafael Devers 2B Ketel Marte 3B Caleb Durbin C Gabriel Moreno OF Wilyer Abreu OF Ceddanne Rafaela OF Masataka Yoshida P Sonny Gray P Robbie Ray SS Andruw Monasterio,,,
695,5198774925,boys4,0,67.9,1B Ildemaro Vargas 2B Luis Arraez 3B Nolan Arenado C Gabriel Moreno OF Corbin Carroll OF Heliot Ramos OF Heriberto Hernandez P Foster Griffin P Robbie Ray SS Geraldo Perdomo,,,
695,5198857229,loigwine,0,67.9,1B Kyle Stowers 2B Nasim Nunez 3B Curtis Mead C Connor Wong OF James Wood OF Dylan Crews OF Heriberto Hernandez P Foster Griffin P Robbie Ray SS Willy Adames,,,
697,5198291482,skunkel133,0,67.75,1B Andres Chaparro 2B Jake Cronenworth 3B Curtis Mead C Liam Hicks OF James Wood OF Dylan Crews OF Heriberto Hernandez P Sonny Gray P Ryan Johnson SS CJ Abrams,,,
698,5198734730,meyers2305,0,67.55,1B Willson Contreras 2B Luis Arraez 3B Caleb Durbin C Connor Wong OF Wilyer Abreu OF Heriberto Hernandez OF Masataka Yoshida P Foster Griffin P Eury Perez SS CJ Abrams,,,
698,5198759890,Oxyfide,0,67.55,1B Willson Contreras 2B Luis Urias 3B Curtis Mead C Harry Ford OF Dylan Crews OF Ceddanne Rafaela OF Myles Straw P Foster Griffin P Eury Perez SS CJ Abrams,,,
700,5198942331,tswagener,0,67.45,1B Kyle Stowers 2B Jake Cronenworth 3B Caleb Durbin C Liam Hicks OF James Wood OF Daylen Lile OF Griffin Conine P Foster Griffin P Sonny Gray SS Otto Lopez,,,
701,5198574727,Futterstuff,0,67.05,1B Bryce Eldridge 2B Anthony Seigler 3B Casey Schmitt C Liam Hicks OF Heliot Ramos OF Dylan Crews OF Ceddanne Rafaela P Eury Perez P Robbie Ray SS Otto Lopez,,,
702,5198052639,tjrams123,0,66.95,1B Willson Contreras 2B Anthony Seigler 3B Caleb Durbin C Gabriel Moreno OF Wilyer Abreu OF Heliot Ramos OF Jung Hoo Lee P Sonny Gray P Robbie Ray SS Geraldo Perdomo,,,
703,5198653433,Powell80,0,66.85,1B Andres Chaparro 2B Ketel Marte 3B Curtis Mead C James McCann OF Mike Trout OF Dylan Crews OF Heriberto Hernandez P Eury Perez P Ryan Johnson SS CJ Abrams,,,
704,5198888909,kdog314,0,66.65,1B Kyle Stowers 2B Xavier Edwards 3B Kazuma Okamoto C James McCann OF James Wood OF Wilyer Abreu OF Jackson Merrill P Eury Perez P JP Sears SS Willy Adames,,,
705,5198371085,LOCNOTM,0,66.6,1B Rafael Devers 2B Ketel Marte 3B Nolan Arenado C Gabriel Moreno OF Corbin Carroll OF Heriberto Hernandez OF Jose Siri P Sonny Gray P Eury Perez SS Geraldo Perdomo,,,
705,5198570650,tmanbigdog,0,66.6,1B Rafael Devers 2B Xavier Edwards 3B Nolan Arenado C Keibert Ruiz OF James Wood OF Daylen Lile OF Heriberto Hernandez P Sonny Gray P Eury Perez SS Willy Adames,,,
705,5198662149,ethpix,0,66.6,1B Bryce Eldridge 2B Ildemaro Vargas 3B Casey Schmitt C James McCann OF Corbin Carroll OF Jo Adell OF Heriberto Hernandez P Sonny Gray P Eury Perez SS CJ Abrams,,,
708,5198837895,Koolkeeph1,0,66.45,1B Bryce Eldridge 2B Anthony Seigler 3B Curtis Mead C Liam Hicks OF Mike Trout OF Jakob Marsee OF Jacob Young P Foster Griffin P Sonny Gray SS Otto Lopez,,,
709,5198841059,gredow1979,0,66.05,1B Kyle Stowers 2B Vaughn Grissom 3B Casey Schmitt C James McCann OF Corbin Carroll OF Wilyer Abreu OF Heliot Ramos P Eury Perez P Robbie Ray SS Geraldo Perdomo,,,
710,5198453606,Drepone,0,65.95,1B Ildemaro Vargas 2B Ketel Marte 3B Curtis Mead C Gabriel Moreno OF Corbin Carroll OF Griffin Conine OF Esteury Ruiz P Sonny Gray P Robbie Ray SS Geraldo Perdomo,,,
710,5198623614,tkanne24,0,65.95,1B Bryce Eldridge 2B Ketel Marte 3B Nolan Arenado C Gabriel Moreno OF Corbin Carroll OF Jung Hoo Lee OF Gavin Sheets P Sonny Gray P Robbie Ray SS Geraldo Perdomo,,,
710,5198809209,RedBerts,0,65.95,1B Kyle Stowers 2B Xavier Edwards 3B Nolan Arenado C Liam Hicks OF Corbin Carroll OF Jackson Merrill OF Masataka Yoshida P Sonny Gray P Robbie Ray SS Otto Lopez,,,
713,5198413843,Bgoebert,0,65.6,1B Rafael Devers 2B Ketel Marte 3B Vaughn Grissom C Gabriel Moreno OF Heliot Ramos OF Jo Adell OF Heriberto Hernandez P Sonny Gray P Eury Perez SS Zach Neto,,,
713,5198546803,gelbgelb,0,65.6,1B Bryce Eldridge 2B Ildemaro Vargas 3B Casey Schmitt C Keibert Ruiz OF Corbin Carroll OF Heliot Ramos OF Jung Hoo Lee P Sonny Gray P Eury Perez SS Willy Adames,,,
713,5198693473,jbhguru77,0,65.6,1B Kyle Stowers 2B Xavier Edwards 3B Casey Schmitt C Liam Hicks OF Heliot Ramos OF Jung Hoo Lee OF Heriberto Hernandez P Sonny Gray P Eury Perez SS Otto Lopez,,,
716,5198907033,ellisac1,0,65.55,1B Bryce Eldridge 2B Jake Cronenworth 3B Javier Sanoja C Liam Hicks OF James Wood OF Heriberto Hernandez OF Luis Rengifo P Foster Griffin P Eury Perez SS Otto Lopez,,,
716,5198930502,tkwilliams22,0,65.55,1B Rafael Devers 2B Anthony Seigler 3B Kazuma Okamoto C Liam Hicks OF James Wood OF Ceddanne Rafaela OF Griffin Conine P Foster Griffin P Eury Perez SS Andruw Monasterio,,,
718,5198516952,hammer6286,0,65.45,1B Ty France 2B Ildemaro Vargas 3B Caleb Durbin C Keibert Ruiz OF James Wood OF Dylan Crews OF Jo Adell P Foster Griffin P Sonny Gray SS Otto Lopez,,,
718,5198533312,bookert21,0,65.45,1B Rafael Devers 2B Vaughn Grissom 3B Caleb Durbin C Logan O'Hoppe OF Wilyer Abreu OF Heliot Ramos OF Jarren Duran P Foster Griffin P Sonny Gray SS Zach Neto,,,
718,5198886170,Jaycee37,0,65.45,1B Rafael Devers 2B Xavier Edwards 3B Caleb Durbin C Liam Hicks OF Dylan Crews OF Ceddanne Rafaela OF Heriberto Hernandez P Foster Griffin P Sonny Gray SS Otto Lopez,,,
721,5198895805,Gibbybaby,0,64.95,1B Bryce Eldridge 2B Xavier Edwards 3B Casey Schmitt C James McCann OF James Wood OF Daylen Lile OF Heriberto Hernandez P Sonny Gray P Robbie Ray SS Otto Lopez,,,
721,5198938311,dwman34,0,64.95,1B Ty France 2B Nasim Nunez 3B Luis Rengifo C James McCann OF Fernando Tatis Jr. OF Corbin Carroll OF Wilyer Abreu P Sonny Gray P Robbie Ray SS Geraldo Perdomo,,,
723,5198624829,meitbe2014,0,64.6,1B Andres Chaparro 2B Nasim Nunez 3B Curtis Mead C Liam Hicks OF Dylan Crews OF Heriberto Hernandez OF Jacob Young P Sonny Gray P Eury Perez SS Otto Lopez,,,
724,5198652951,mefahrer,0,64.55,1B Bryce Eldridge 2B Xavier Edwards 3B Nolan Arenado C Keibert Ruiz OF Mike Trout OF Ceddanne Rafaela OF Jung Hoo Lee P Foster Griffin P Eury Perez SS Zach Neto,,,
724,5198921150,Nikko2004,0,64.55,1B Andres Chaparro 2B Luis Arraez 3B Kazuma Okamoto C Gabriel Moreno OF Wilyer Abreu OF Dylan Crews OF Ceddanne Rafaela P Foster Griffin P Eury Perez SS Andruw Monasterio,,,
726,5198598857,Andy41golf,0,64.45,1B Kyle Stowers 2B Xavier Edwards 3B Curtis Mead C Liam Hicks OF Dylan Crews OF Heriberto Hernandez OF Jacob Young P Foster Griffin P Sonny Gray SS Otto Lopez,,,
726,5198636658,MKies816,0,64.45,1B Bryce Eldridge 2B Luis Arraez 3B Casey Schmitt C Daniel Susac OF Corbin Carroll OF Heriberto Hernandez OF Luis Rengifo P Foster Griffin P Sonny Gray SS Otto Lopez,,,
726,5198644283,jmcginn734,0,64.45,1B Bryce Eldridge 2B Anthony Seigler 3B Javier Sanoja C Keibert Ruiz OF James Wood OF Dylan Crews OF Masataka Yoshida P Foster Griffin P Sonny Gray SS CJ Abrams,,,
729,5198467384,AGGIES1515,0,64.05,1B Andres Chaparro 2B Ketel Marte 3B Curtis Mead C Liam Hicks OF Corbin Carroll OF Dylan Crews OF Ryan Waldschmidt P Eury Perez P Robbie Ray SS Xander Bogaerts,,,
729,5198752614,brewcrewaz,0,64.05,1B Kyle Stowers 2B Ketel Marte 3B Casey Schmitt C Liam Hicks OF Heliot Ramos OF Heriberto Hernandez OF Gavin Sheets P Eury Perez P Robbie Ray SS Otto Lopez,,,
729,5198870479,jakethesnake83,0,64.05,1B Kyle Stowers 2B Ildemaro Vargas 3B Curtis Mead C Liam Hicks OF Corbin Carroll OF Dylan Crews OF Heriberto Hernandez P Eury Perez P Robbie Ray SS Willy Adames,,,
729,5198944775,Hilvon,0,64.05,1B Tim Tawa 2B Ketel Marte 3B Nolan Arenado C Gabriel Moreno OF Corbin Carroll OF Heliot Ramos OF Jarren Duran P Eury Perez P Robbie Ray SS Willy Adames,,,
733,5198725658,rbrady78,0,63.95,1B Andres Chaparro 2B Ketel Marte 3B Nolan Arenado C Gabriel Moreno OF Corbin Carroll OF Dylan Crews OF Heriberto Hernandez P Sonny Gray P Robbie Ray SS Otto Lopez,,,
734,5198929873,LAKOBE08,0,63.6,1B Vladimir Guerrero Jr. 2B Anthony Seigler 3B Kazuma Okamoto C Brandon Valenzuela OF Wilyer Abreu OF Jackson Merrill OF Dylan Crews P Sonny Gray P Eury Perez SS Willy Adames,,,
734,5198948867,bobperkins,0,63.6,1B Rafael Devers 2B Anthony Seigler 3B Casey Schmitt C Connor Wong OF James Wood OF Ceddanne Rafaela OF Heriberto Hernandez P Sonny Gray P Eury Perez SS Otto Lopez,,,
736,5198711232,chubbo09,0,63.45,1B Rafael Devers 2B Anthony Seigler 3B Denzer Guzman C Gabriel Moreno OF Mike Trout OF Wilyer Abreu OF Jarren Duran P Foster Griffin P Sonny Gray SS Xander Bogaerts,,,
736,5198741889,SiegFur_1,0,63.45,1B Ty France 2B Xavier Edwards 3B Manny Machado C Gabriel Moreno OF Jackson Merrill OF Ceddanne Rafaela OF Heriberto Hernandez P Foster Griffin P Sonny Gray SS Willy Adames,,,
736,5198935942,Phil8650,0,63.45,1B Ty France 2B Anthony Seigler 3B Luis Rengifo C James McCann OF James Wood OF Corbin Carroll OF Heriberto Hernandez P Foster Griffin P Sonny Gray SS Otto Lopez,,,
736,5198947478,abefroman29,0,63.45,1B Andres Chaparro 2B Jake Cronenworth 3B Kazuma Okamoto C Liam Hicks OF James Wood OF Jo Adell OF Heriberto Hernandez P Foster Griffin P Sonny Gray SS Otto Lopez,,,
740,5198900931,Blackbrandango,0,62.65,1B Ty France 2B Xavier Edwards 3B Casey Schmitt C Keibert Ruiz OF Corbin Carroll OF Mike Trout OF Wilyer Abreu P Eury Perez P JP Sears SS Geraldo Perdomo,,,
741,5198672925,Benski9,0,62.6,1B Tim Tawa 2B Xavier Edwards 3B Vaughn Grissom C Keibert Ruiz OF James Wood OF Mike Trout OF Jacob Young P Sonny Gray P Eury Perez SS Zach Neto,,,
741,5198820814,6ringslater,0,62.6,1B Rafael Devers 2B Xavier Edwards 3B Curtis Mead C Gabriel Moreno OF Heliot Ramos OF Heriberto Hernandez OF Griffin Conine P Sonny Gray P Eury Perez SS Willy Adames,,,
743,5198829884,vcru6969,0,62.55,1B Bryce Eldridge 2B Luis Arraez 3B Casey Schmitt C Logan O'Hoppe OF Mike Trout OF Heliot Ramos OF Jorge Soler P Foster Griffin P Eury Perez SS Zach Neto,,,
744,5198745645,ScarletPirates,0,62.45,1B Ty France 2B Xavier Edwards 3B Manny Machado C Keibert Ruiz OF Mike Trout OF Ceddanne Rafaela OF Daylen Lile P Foster Griffin P Sonny Gray SS Xander Bogaerts,,,
745,5198687476,Patsqueen_5,0,61.85,1B Willson Contreras 2B Ernie Clement 3B Caleb Durbin C Luis Campusano OF James Wood OF Mike Trout OF George Springer P Sonny Gray P Randy Vasquez SS Andruw Monasterio,,,
745,5198813668,br11722,0,61.85,1B Willson Contreras 2B Vaughn Grissom 3B Manny Machado C Keibert Ruiz OF Mike Trout OF Wilyer Abreu OF Jung Hoo Lee P Sonny Gray P Randy Vasquez SS Willy Adames,,,
747,5198653895,Gsmoney2469,0,61.6,1B Ty France 2B Anthony Seigler 3B Nolan Arenado C Liam Hicks OF James Wood OF Heriberto Hernandez OF Griffin Conine P Sonny Gray P Eury Perez SS CJ Abrams,,,
748,5198875248,chr8848,0,61.55,1B Andres Chaparro 2B Nasim Nunez 3B Caleb Durbin C Keibert Ruiz OF James Wood OF Dylan Crews OF Heriberto Hernandez P Foster Griffin P Eury Perez SS Otto Lopez,,,
748,5198900267,chargers18,0,61.55,1B Kyle Stowers 2B Xavier Edwards 3B Kazuma Okamoto C Logan O'Hoppe OF James Wood OF Dylan Crews OF Heriberto Hernandez P Foster Griffin P Eury Perez SS Otto Lopez,,,
750,5198740043,hbuhler,0,61.45,1B Andres Chaparro 2B Xavier Edwards 3B Javier Sanoja C Gabriel Moreno OF James Wood OF Heriberto Hernandez OF Jorge Barrosa P Foster Griffin P Sonny Gray SS CJ Abrams,,,
751,5198731926,lbquadz,0,61.3,1B Kyle Stowers 2B Jake Cronenworth 3B Manny Machado C Liam Hicks OF Fernando Tatis Jr. OF Corbin Carroll OF Jackson Merrill P Sonny Gray P Mitch Bratt SS Xander Bogaerts,,,
752,5198720050,Yooper247,0,61.050003,1B Kyle Stowers 2B Xavier Edwards 3B Nolan Arenado C Liam Hicks OF Corbin Carroll OF Wilyer Abreu OF Ryan Waldschmidt P Eury Perez P Robbie Ray SS Otto Lopez,,,
752,5198802495,rdelaney12,0,61.050003,1B Nolan Schanuel 2B Ildemaro Vargas 3B Nolan Arenado C Gabriel Moreno OF Fernando Tatis Jr. OF Corbin Carroll OF Jo Adell P Eury Perez P Robbie Ray SS Zach Neto,,,
754,5198932473,camben,0,60.6,1B Ty France 2B Vaughn Grissom 3B Curtis Mead C James McCann OF Fernando Tatis Jr. OF Corbin Carroll OF Dylan Crews P Sonny Gray P Eury Perez SS Xander Bogaerts,,,
755,5198653420,coachclt,0,60.55,1B Bryce Eldridge 2B Xavier Edwards 3B Denzer Guzman C Keibert Ruiz OF Mike Trout OF Heliot Ramos OF Dylan Crews P Foster Griffin P Eury Perez SS Otto Lopez,,,
755,5198931766,plan9tor,0,60.55,1B Ty France 2B Xavier Edwards 3B Nolan Arenado C Gabriel Moreno OF Corbin Carroll OF Dylan Crews OF Ceddanne Rafaela P Foster Griffin P Eury Perez SS Willy Adames,,,
755,5198938102,tbdlux,0,60.55,1B Bryce Eldridge 2B Xavier Edwards 3B Curtis Mead C Gabriel Moreno OF Dylan Crews OF Ceddanne Rafaela OF Nathan Lukes P Foster Griffin P Eury Perez SS Willy Adames,,,
758,5198469754,woppen1,0,60.35,1B Vladimir Guerrero Jr. 2B Luis Arraez 3B Manny Machado C Liam Hicks OF Fernando Tatis Jr. OF Corbin Carroll OF Ceddanne Rafaela P JP Sears P Mitch Bratt SS Geraldo Perdomo,,,
759,5198871885,stpetty3,0,60.050003,1B Bryce Eldridge 2B Xavier Edwards 3B Casey Schmitt C Gabriel Moreno OF Wilyer Abreu OF Heliot Ramos OF Dylan Crews P Eury Perez P Robbie Ray SS Javier Sanoja,,,
760,5198943643,Deztructor,0,59.85,1B Rafael Devers 2B Ketel Marte 3B Vaughn Grissom C Gabriel Moreno OF Corbin Carroll OF Dylan Crews OF Ceddanne Rafaela P Eury Perez P Ryan Johnson SS Zach Neto,,,
761,5198227100,theboys511,0,59.6,1B Rafael Devers 2B Xavier Edwards 3B Luis Rengifo C Adrian Del Castillo OF Mike Trout OF Wilyer Abreu OF Jarren Duran P Sonny Gray P Eury Perez SS Zach Neto,,,
761,5198936180,RickSchuler,0,59.6,1B Andres Chaparro 2B Nasim Nunez 3B Javier Sanoja C Liam Hicks OF James Wood OF Jakob Marsee OF Griffin Conine P Sonny Gray P Eury Perez SS CJ Abrams,,,
763,5198842807,JPRut1965,0,59.55,1B Willson Contreras 2B Anthony Seigler 3B Luis Rengifo C Gabriel Moreno OF James Wood OF Heriberto Hernandez OF Tim Tawa P Foster Griffin P Eury Perez SS Willy Adames,,,
763,5198911728,larsoeri,0,59.55,1B Bryce Eldridge 2B Xavier Edwards 3B Denzer Guzman C Keibert Ruiz OF James Wood OF Daylen Lile OF Jakob Marsee P Foster Griffin P Eury Perez SS Otto Lopez,,,
765,5198519293,fantasy_catastrophe,0,59.45,1B Bryce Eldridge 2B Anthony Seigler 3B Caleb Durbin C James McCann OF Corbin Carroll OF Wilyer Abreu OF Heriberto Hernandez P Foster Griffin P Sonny Gray SS CJ Abrams,,,
765,5198608309,SrllA,0,59.45,1B Tim Tawa 2B Anthony Seigler 3B Javier Sanoja C Connor Wong OF James Wood OF Wilyer Abreu OF Jarren Duran P Foster Griffin P Sonny Gray SS CJ Abrams,,,
767,5198926726,semmler72,0,59.050003,1B Andres Chaparro 2B Anthony Seigler 3B Kazuma Okamoto C Gabriel Moreno OF James Wood OF Corbin Carroll OF Heriberto Hernandez P Eury Perez P Robbie Ray SS Geraldo Perdomo,,,
767,5198934948,Puggie555,0,59.050003,1B Andres Chaparro 2B Ildemaro Vargas 3B Nolan Arenado C Gabriel Moreno OF James Wood OF Corbin Carroll OF Heriberto Hernandez P Eury Perez P Robbie Ray SS Zach Neto,,,
769,5198776380,bleeski,0,58.9,1B Willson Contreras 2B Anthony Seigler 3B Kazuma Okamoto C Connor Wong OF James Wood OF Jarren Duran OF Heriberto Hernandez P Foster Griffin P Robbie Ray SS Otto Lopez,,,
770,5198912351,Pluto-T49,0,58.85,1B Kyle Stowers 2B Anthony Seigler 3B Curtis Mead C Liam Hicks OF James Wood OF Dylan Crews OF Yohendrick Pinango P Eury Perez P Ryan Johnson SS CJ Abrams,,,
771,5198453237,CrosseyedandPainless,0,58.8,1B Kyle Stowers 2B Romy Gonzalez 3B Nolan Arenado C Eric Haase OF Heliot Ramos OF Jackson Merrill OF Roman Anthony P JP Sears P Ryan Johnson SS Ernie Clement,,,
772,5198413951,vstar1300,0,58.6,1B Andres Chaparro 2B Xavier Edwards 3B Javier Sanoja C Harry Ford OF James Wood OF Dylan Crews OF Heriberto Hernandez P Sonny Gray P Eury Perez SS CJ Abrams,,,
773,5198785675,phatandy14,0,58.55,1B Andres Chaparro 2B Xavier Edwards 3B Curtis Mead C Liam Hicks OF Heliot Ramos OF Dylan Crews OF Heriberto Hernandez P Foster Griffin P Eury Perez SS Otto Lopez,,,
773,5198935768,Jayboogey,0,58.55,1B Andres Chaparro 2B Xavier Edwards 3B Curtis Mead C Liam Hicks OF Heliot Ramos OF Dylan Crews OF Heriberto Hernandez P Foster Griffin P Eury Perez SS Otto Lopez,,,
775,5198764565,Lowgear51,0,58.45,1B Andres Chaparro 2B Anthony Seigler 3B Caleb Durbin C Connor Wong OF James Wood OF Wilyer Abreu OF Heriberto Hernandez P Foster Griffin P Sonny Gray SS CJ Abrams,,,
775,5198819486,JPME,0,58.45,1B Willson Contreras 2B Anthony Seigler 3B Luis Rengifo C Brandon Valenzuela OF Wilyer Abreu OF Ceddanne Rafaela OF Masataka Yoshida P Foster Griffin P Sonny Gray SS CJ Abrams,,,
775,5198900429,pac12men,0,58.45,1B Rafael Devers 2B Xavier Edwards 3B Kazuma Okamoto C Keibert Ruiz OF Wilyer Abreu OF Ceddanne Rafaela OF Jorge Soler P Foster Griffin P Sonny Gray SS Willy Adames,,,
778,5198696590,bucklosers,0,57.95,1B Ty France 2B Anthony Seigler 3B Kazuma Okamoto C Keibert Ruiz OF James Wood OF Wilyer Abreu OF Jarren Duran P Sonny Gray P Robbie Ray SS Willy Adames,,,
779,5198624455,polksmokes,0,57.6,1B Rafael Devers 2B Ketel Marte 3B Nolan Arenado C Keibert Ruiz OF James Wood OF Dylan Crews OF Heriberto Hernandez P Sonny Gray P Eury Perez SS Javier Sanoja,,,
779,5198890798,jsw1264,0,57.6,1B Ty France 2B Xavier Edwards 3B Curtis Mead C Keibert Ruiz OF Fernando Tatis Jr. OF Corbin Carroll OF Luis Rengifo P Sonny Gray P Eury Perez SS Andruw Monasterio,,,
779,5198921349,blueheaven7,0,57.6,1B Rafael Devers 2B Xavier Edwards 3B Casey Schmitt C Keibert Ruiz OF Corbin Carroll OF Jorge Soler OF Masataka Yoshida P Sonny Gray P Eury Perez SS Zach Neto,,,
782,5198931287,marcus.robinson.hoop,0,57.45,1B Vladimir Guerrero Jr. 2B Anthony Seigler 3B Vaughn Grissom C James McCann OF Ceddanne Rafaela OF Heriberto Hernandez OF Luis Rengifo P Foster Griffin P Sonny Gray SS Xander Bogaerts,,,
783,5198876312,Markfootball1,0,57.050003,1B Bryce Eldridge 2B Ketel Marte 3B Nolan Arenado C Keibert Ruiz OF Corbin Carroll OF Dylan Crews OF Jo Adell P Eury Perez P Robbie Ray SS Geraldo Perdomo,,,
784,5198944960,Mackdawg44,0,56.6,1B Kyle Stowers 2B Xavier Edwards 3B Vaughn Grissom C Liam Hicks OF James Wood OF Heriberto Hernandez OF Jacob Young P Sonny Gray P Eury Perez SS Otto Lopez,,,
785,5198671669,slophound,0,56.55,1B Kyle Stowers 2B Xavier Edwards 3B Caleb Durbin C Liam Hicks OF James Wood OF Heriberto Hernandez OF Nathan Lukes P Foster Griffin P Eury Perez SS Otto Lopez,,,
785,5198877429,reedo714,0,56.55,1B Bryce Eldridge 2B Vaughn Grissom 3B Curtis Mead C Liam Hicks OF Mike Trout OF Dylan Crews OF Griffin Conine P Foster Griffin P Eury Perez SS Willy Adames,,,
785,5198945131,KING-FISH,0,56.55,1B Kyle Stowers 2B Anthony Seigler 3B Curtis Mead C Liam Hicks OF Mike Trout OF Dylan Crews OF Heriberto Hernandez P Foster Griffin P Eury Perez SS Willy Adames,,,
788,5198936415,jklodawizard,0,55.95,1B Bryce Eldridge 2B Xavier Edwards 3B Caleb Durbin C Gabriel Moreno OF Fernando Tatis Jr. OF Heliot Ramos OF Masataka Yoshida P Sonny Gray P Robbie Ray SS Otto Lopez,,,
789,5198158848,Jeff_Walls,0,55.6,1B Andres Chaparro 2B Ketel Marte 3B Nolan Arenado C Gabriel Moreno OF Corbin Carroll OF Dylan Crews OF Jacob Young P Sonny Gray P Eury Perez SS Geraldo Perdomo,,,
790,5198578130,bc4bee,0,55.55,1B Kyle Stowers 2B Xavier Edwards 3B Javier Sanoja C Keibert Ruiz OF James Wood OF Dylan Crews OF Heriberto Hernandez P Foster Griffin P Eury Perez SS Otto Lopez,,,
791,5198358155,jadogogmx,0,55.45,1B Andres Chaparro 2B Nasim Nunez 3B Nolan Arenado C Daniel Susac OF Fernando Tatis Jr. OF Mike Trout OF Dylan Crews P Foster Griffin P Sonny Gray SS Willy Adames,,,
792,5198524804,heathie512,0,55.050003,1B Kyle Stowers 2B Xavier Edwards 3B Curtis Mead C Liam Hicks OF James Wood OF Dylan Crews OF Griffin Conine P Eury Perez P Robbie Ray SS Javier Sanoja,,,
793,5198624764,jmh9987,0,54.95,1B Bryce Eldridge 2B Xavier Edwards 3B Caleb Durbin C Keibert Ruiz OF James Wood OF Ceddanne Rafaela OF Drew Gilbert P Sonny Gray P Robbie Ray SS Otto Lopez,,,
794,5198921809,Usvillan,0,54.9,1B Bryce Eldridge 2B Xavier Edwards 3B Kazuma Okamoto C James McCann OF Mike Trout OF Wilyer Abreu OF Jarren Duran P Foster Griffin P Robbie Ray SS Geraldo Perdomo,,,
795,5198473062,soaks0933,0,54.45,1B Ildemaro Vargas 2B Anthony Seigler 3B Caleb Durbin C Connor Wong OF James Wood OF Wilyer Abreu OF Masataka Yoshida P Foster Griffin P Sonny Gray SS CJ Abrams,,,
795,5198651501,lizardraftqueen,0,54.45,1B Willson Contreras 2B Nasim Nunez 3B Casey Schmitt C Keibert Ruiz OF Dylan Crews OF Ceddanne Rafaela OF Luis Rengifo P Foster Griffin P Sonny Gray SS Andruw Monasterio,,,
797,5198707832,551Saturn,0,54.3,1B Ildemaro Vargas 2B Luis Arraez 3B Vaughn Grissom C Daniel Susac OF James Wood OF Fernando Tatis Jr. OF Mike Trout P Sonny Gray P Mitch Bratt SS Otto Lopez,,,
798,5198916019,BUDBOYZ,0,53.45,1B Nolan Schanuel 2B Vaughn Grissom 3B Denzer Guzman C Logan O'Hoppe OF Fernando Tatis Jr. OF Mike Trout OF Wilyer Abreu P Foster Griffin P Sonny Gray SS Otto Lopez,,,
799,5198893648,Cquick80,0,52.9,1B Bryce Eldridge 2B Xavier Edwards 3B Casey Schmitt C Liam Hicks OF Corbin Carroll OF Heriberto Hernandez OF Griffin Conine P Foster Griffin P Robbie Ray SS Willy Adames,,,
800,5198828775,LesterNygaard,0,52.6,1B Kyle Stowers 2B Anthony Seigler 3B Javier Sanoja C Liam Hicks OF James Wood OF Heriberto Hernandez OF Griffin Conine P Sonny Gray P Eury Perez SS CJ Abrams,,,
800,5198848629,757teaggs,0,52.6,1B Bryce Eldridge 2B Luis Arraez 3B Vaughn Grissom C Gabriel Moreno OF Mike Trout OF Jo Adell OF Jorge Soler P Sonny Gray P Eury Perez SS Zach Neto,,,
802,5198682657,Dodgers_1972,0,52.45,1B Kyle Stowers 2B Nasim Nunez 3B Casey Schmitt C Keibert Ruiz OF James Wood OF Heriberto Hernandez OF Luis Rengifo P Foster Griffin P Sonny Gray SS Xander Bogaerts,,,
803,5198703296,sdot2350,0,52.2,1B Kyle Stowers 2B Xavier Edwards 3B Curtis Mead C Liam Hicks OF James Wood OF Dylan Crews OF Griffin Conine P Robbie Ray P Ryan Johnson SS Otto Lopez,,,
804,5198823123,yankeesa24,0,51.75,1B Kyle Stowers 2B Anthony Seigler 3B Caleb Durbin C Liam Hicks OF James Wood OF Ceddanne Rafaela OF Daylen Lile P Sonny Gray P Ryan Johnson SS CJ Abrams,,,
805,5198511970,bluefalcon67114,0,51.6,1B Andres Chaparro 2B Nasim Nunez 3B Curtis Mead C Liam Hicks OF Mike Trout OF Jo Adell OF Heriberto Hernandez P Sonny Gray P Eury Perez SS Otto Lopez,,,
806,5198898130,lzrosenberg,0,51.55,1B Andres Chaparro 2B Luis Arraez 3B Caleb Durbin C Liam Hicks OF Wilyer Abreu OF Dylan Crews OF Jorge Soler P Foster Griffin P Eury Perez SS Zach Neto,,,
807,5198921208,fullerf54,0,51.45,1B Willson Contreras 2B Xavier Edwards 3B Curtis Mead C Connor Wong OF Heliot Ramos OF Dylan Crews OF Daylen Lile P Foster Griffin P Sonny Gray SS Andruw Monasterio,,,
808,5198925903,bhess777,0,51.050003,1B Willson Contreras 2B Ketel Marte 3B Caleb Durbin C Gabriel Moreno OF Corbin Carroll OF Ryan Waldschmidt OF Masataka Yoshida P Eury Perez P Robbie Ray SS Geraldo Perdomo,,,
809,5198833080,MO-TRUBBLE,0,50.45,1B Andres Chaparro 2B Vaughn Grissom 3B Javier Sanoja C Liam Hicks OF James Wood OF Mike Trout OF Heriberto Hernandez P Foster Griffin P Sonny Gray SS Otto Lopez,,,
810,5198455693,sehanshaw,0,49.95,1B Willson Contreras 2B Ketel Marte 3B Nolan Arenado C James McCann OF Corbin Carroll OF Dylan Crews OF Ceddanne Rafaela P Sonny Gray P Robbie Ray SS Andruw Monasterio,,,
810,5198689736,DariaG,0,49.95,1B Bryce Eldridge 2B Anthony Seigler 3B Casey Schmitt C Gabriel Moreno OF Wilyer Abreu OF Dylan Crews OF Ceddanne Rafaela P Sonny Gray P Robbie Ray SS Geraldo Perdomo,,,
812,5198659321,pete0six,0,49.6,1B Kyle Stowers 2B Ketel Marte 3B Vaughn Grissom C Logan O'Hoppe OF James Wood OF Jo Adell OF Heriberto Hernandez P Sonny Gray P Eury Perez SS Otto Lopez,,,
812,5198939805,lexifaith01,0,49.6,1B Bryce Eldridge 2B Anthony Seigler 3B Caleb Durbin C Connor Wong OF James Wood OF Wilyer Abreu OF Masataka Yoshida P Sonny Gray P Eury Perez SS CJ Abrams,,,
814,5198925882,tjericks01,0,48.95,1B Kyle Stowers 2B Xavier Edwards 3B Vaughn Grissom C Gabriel Moreno OF Corbin Carroll OF Wilyer Abreu OF Masataka Yoshida P Sonny Gray P Robbie Ray SS Geraldo Perdomo,,,
815,5198720813,mallen2010,0,48.6,1B Andres Chaparro 2B Vaughn Grissom 3B Curtis Mead C Logan O'Hoppe OF James Wood OF Mike Trout OF Jorge Soler P Sonny Gray P Eury Perez SS Zach Neto,,,
816,5198534114,Harpua99,0,47.6,1B Willson Contreras 2B Vaughn Grissom 3B Casey Schmitt C Keibert Ruiz OF Ceddanne Rafaela OF Jarren Duran OF Jo Adell P Sonny Gray P Eury Perez SS Otto Lopez,,,
816,5198632120,spabhook,0,47.6,1B Rafael Devers 2B Ildemaro Vargas 3B Caleb Durbin C Liam Hicks OF James Wood OF Wilyer Abreu OF Heriberto Hernandez P Sonny Gray P Eury Perez SS Javier Sanoja,,,
816,5198902835,eebob2072,0,47.6,1B Kyle Stowers 2B Anthony Seigler 3B Curtis Mead C Gabriel Moreno OF Mike Trout OF Dylan Crews OF Heriberto Hernandez P Sonny Gray P Eury Perez SS Geraldo Perdomo,,,
819,5198584496,flowarriors,0,46.6,1B Bryce Eldridge 2B Xavier Edwards 3B Kazuma Okamoto C Luis Campusano OF Heliot Ramos OF Jackson Merrill OF Dylan Crews P Sonny Gray P Eury Perez SS Geraldo Perdomo,,,
819,5198596991,budaman3195,0,46.6,1B Kyle Stowers 2B Xavier Edwards 3B Luis Rengifo C James McCann OF James Wood OF Corbin Carroll OF Mike Trout P Sonny Gray P Eury Perez SS Javier Sanoja,,,
821,5198901001,mbahena1,0,46.55,1B Kyle Stowers 2B Ketel Marte 3B Nolan Arenado C Keibert Ruiz OF Corbin Carroll OF Dylan Crews OF Griffin Conine P Foster Griffin P Eury Perez SS Geraldo Perdomo,,,
822,5198483781,B_Raus4,0,46.45,1B Andres Chaparro 2B Anthony Seigler 3B Curtis Mead C Connor Wong OF James Wood OF Dylan Crews OF Jo Adell P Foster Griffin P Sonny Gray SS Zach Neto,,,
823,5198633794,FantasyGod101,0,45.6,1B Kyle Stowers 2B Nasim Nunez 3B Javier Sanoja C Keibert Ruiz OF James Wood OF Heliot Ramos OF Griffin Conine P Sonny Gray P Eury Perez SS Otto Lopez,,,
823,5198711920,rbird33,0,45.6,1B Andres Chaparro 2B Ketel Marte 3B Javier Sanoja C Harry Ford OF James Wood OF Corbin Carroll OF Esteury Ruiz P Sonny Gray P Eury Perez SS Geraldo Perdomo,,,
825,5198591165,foutah,0,45.55,1B Willson Contreras 2B Ketel Marte 3B Curtis Mead C Liam Hicks OF James Wood OF Tim Tawa OF Masataka Yoshida P Ryan Johnson P Mitch Bratt SS CJ Abrams,,,
826,5198760585,tootie81,0,44.95,1B Bryce Eldridge 2B Xavier Edwards 3B Curtis Mead C Liam Hicks OF Heliot Ramos OF Dylan Crews OF Heriberto Hernandez P Sonny Gray P Robbie Ray SS Javier Sanoja,,,
827,5198861399,sconyers09,0,44.75,1B Andres Chaparro 2B Ildemaro Vargas 3B Curtis Mead C Gabriel Moreno OF James Wood OF Corbin Carroll OF Jacob Young P Sonny Gray P Ryan Johnson SS Zach Neto,,,
828,5198283285,Mark502Blue,0,44.6,1B Willson Contreras 2B Ildemaro Vargas 3B Curtis Mead C Gabriel Moreno OF Jo Adell OF Heriberto Hernandez OF Griffin Conine P Sonny Gray P Eury Perez SS Otto Lopez,,,
828,5198794163,jrevelle3,0,44.6,1B Bryce Eldridge 2B Anthony Seigler 3B Vaughn Grissom C Logan O'Hoppe OF James Wood OF Mike Trout OF Jo Adell P Sonny Gray P Eury Perez SS Zach Neto,,,
830,5198496151,cfritz08,0,44.55,1B Kyle Stowers 2B Ketel Marte 3B Nolan Arenado C Connor Wong OF James Wood OF Daylen Lile OF Jorge Soler P Foster Griffin P Eury Perez SS Geraldo Perdomo,,,
831,5198252161,SkyU27,0,43.6,1B Andres Chaparro 2B Ketel Marte 3B Curtis Mead C Logan O'Hoppe OF Mike Trout OF Jo Adell OF Jorge Soler P Sonny Gray P Eury Perez SS Zach Neto,,,
831,5198326309,jwassil28,0,43.6,1B Andres Chaparro 2B Xavier Edwards 3B Curtis Mead C Liam Hicks OF Mike Trout OF Dylan Crews OF Jo Adell P Sonny Gray P Eury Perez SS Javier Sanoja,,,
831,5198523581,Cantgetright510,0,43.6,1B Bryce Eldridge 2B Vaughn Grissom 3B Casey Schmitt C Gabriel Moreno OF Corbin Carroll OF Jo Adell OF Jorge Soler P Sonny Gray P Eury Perez SS Zach Neto,,,
831,5198785449,mythicalrhymer01,0,43.6,1B Bryce Eldridge 2B Ketel Marte 3B Nolan Arenado C Gabriel Moreno OF Corbin Carroll OF Jo Adell OF Jose Siri P Sonny Gray P Eury Perez SS Geraldo Perdomo,,,
831,5198929602,brielly1972,0,43.6,1B Kyle Stowers 2B Xavier Edwards 3B Kazuma Okamoto C Gabriel Moreno OF Mike Trout OF Jo Adell OF Jorge Soler P Sonny Gray P Eury Perez SS Zach Neto,,,
836,5198883355,cedstoo,0,43.55,1B Kyle Stowers 2B Anthony Seigler 3B Vaughn Grissom C Liam Hicks OF James Wood OF Fernando Tatis Jr. OF Heriberto Hernandez P Foster Griffin P Eury Perez SS Javier Sanoja,,,
836,5198942919,DABears34993,0,43.55,1B Nolan Schanuel 2B Vaughn Grissom 3B Javier Sanoja C Connor Wong OF James Wood OF Mike Trout OF Wilyer Abreu P Foster Griffin P Eury Perez SS Zach Neto,,,
838,5198638137,Dynamike11,0,42.6,1B Kyle Stowers 2B Xavier Edwards 3B Javier Sanoja C Logan O'Hoppe OF James Wood OF Corbin Carroll OF Mike Trout P Sonny Gray P Eury Perez SS Andruw Monasterio,,,
838,5198711458,kidneyman13,0,42.6,1B Ildemaro Vargas 2B Nasim Nunez 3B Casey Schmitt C Gabriel Moreno OF Corbin Carroll OF Dylan Crews OF Griffin Conine P Sonny Gray P Eury Perez SS Geraldo Perdomo,,,
840,5198615956,hoppinball26,0,42.45,1B Nolan Schanuel 2B Nasim Nunez 3B Vaughn Grissom C Keibert Ruiz OF James Wood OF Jo Adell OF Jorge Soler P Foster Griffin P Sonny Gray SS Zach Neto,,,
841,5198921033,Paulith,0,42.2,1B Andres Chaparro 2B Ketel Marte 3B Kazuma Okamoto C Gabriel Moreno OF James Wood OF Fernando Tatis Jr. OF Ceddanne Rafaela P Robbie Ray P Ryan Johnson SS Javier Sanoja,,,
842,5198736857,makaylan,0,41.85,1B Kyle Stowers 2B Xavier Edwards 3B Nolan Arenado C Liam Hicks OF Corbin Carroll OF Mike Trout OF Jackson Merrill P Eury Perez P Ryan Johnson SS Zach Neto,,,
843,5198425818,buxley85,0,41.6,1B Willson Contreras 2B Ildemaro Vargas 3B Casey Schmitt C Gabriel Moreno OF Mike Trout OF Jarren Duran OF Jo Adell P Sonny Gray P Eury Perez SS Javier Sanoja,,,
843,5198922114,tonis7481,0,41.6,1B Kyle Stowers 2B Anthony Seigler 3B Nolan Arenado C Keibert Ruiz OF James Wood OF Mike Trout OF Ceddanne Rafaela P Sonny Gray P Eury Perez SS Andruw Monasterio,,,
845,5198661185,bignasty03,0,40.6,1B Willson Contreras 2B Anthony Seigler 3B Vaughn Grissom C Gabriel Moreno OF Mike Trout OF Wilyer Abreu OF Ceddanne Rafaela P Sonny Gray P Eury Perez SS Andruw Monasterio,,,
846,5198624717,TUNAS,0,40.55,1B Willson Contreras 2B Nasim Nunez 3B Curtis Mead C Connor Wong OF James Wood OF Jarren Duran OF Masataka Yoshida P Foster Griffin P Eury Perez SS Andruw Monasterio,,,
847,5198948956,lonerangerjackers,0,40.25,1B Ildemaro Vargas 2B Ketel Marte 3B Casey Schmitt C Keibert Ruiz OF Mike Trout OF Wilyer Abreu OF Heliot Ramos P Foster Griffin P Mitch Bratt SS Geraldo Perdomo,,,
848,5198458170,lukecappo,0,39.6,1B Willson Contreras 2B Anthony Seigler 3B Curtis Mead C Gabriel Moreno OF Wilyer Abreu OF Dylan Crews OF Masataka Yoshida P Sonny Gray P Eury Perez SS Andruw Monasterio,,,
848,5198695872,Davonne1515,0,39.6,1B Vladimir Guerrero Jr. 2B Anthony Seigler 3B Caleb Durbin C Liam Hicks OF Fernando Tatis Jr. OF Ceddanne Rafaela OF Heriberto Hernandez P Sonny Gray P Eury Perez SS Andruw Monasterio,,,
848,5198700714,rikyrotten,0,39.6,1B Kyle Stowers 2B Ketel Marte 3B Caleb Durbin C James McCann OF James Wood OF Dylan Crews OF Jorge Soler P Sonny Gray P Eury Perez SS Willy Adames,,,
848,5198770425,dingodan39,0,39.6,1B Willson Contreras 2B Xavier Edwards 3B Kazuma Okamoto C Liam Hicks OF Wilyer Abreu OF Jacob Young OF Masataka Yoshida P Sonny Gray P Eury Perez SS Willy Adames,,,
852,5198473944,AverageTuesday,0,39.55,1B Bryce Eldridge 2B Anthony Seigler 3B Casey Schmitt C Connor Wong OF James Wood OF Jarren Duran OF Masataka Yoshida P Foster Griffin P Eury Perez SS Andruw Monasterio,,,
853,5198590435,hbcards,0,39.45,1B Bryce Eldridge 2B Xavier Edwards 3B Casey Schmitt C Liam Hicks OF Heliot Ramos OF Heriberto Hernandez OF Griffin Conine P Foster Griffin P Sonny Gray SS Otto Lopez,,,
854,5198833842,thunderdan63,0,38.85,1B Ildemaro Vargas 2B Nasim Nunez 3B Curtis Mead C Keibert Ruiz OF James Wood OF Mike Trout OF Dylan Crews P Eury Perez P Ryan Johnson SS Geraldo Perdomo,,,
854,5198921732,eracnrobert,0,38.85,1B Nolan Schanuel 2B Vaughn Grissom 3B Kazuma Okamoto C James McCann OF James Wood OF Fernando Tatis Jr. OF Mike Trout P Eury Perez P Ryan Johnson SS Zach Neto,,,
856,5198574831,journey56,0,37.6,1B Andres Chaparro 2B Nasim Nunez 3B Curtis Mead C Logan O'Hoppe OF James Wood OF Wilyer Abreu OF Masataka Yoshida P Sonny Gray P Eury Perez SS Zach Neto,,,
856,5198935061,joe_bob,0,37.6,1B Ty France 2B Xavier Edwards 3B Javier Sanoja C Liam Hicks OF Fernando Tatis Jr. OF Mike Trout OF Griffin Conine P Sonny Gray P Eury Perez SS Zach Neto,,,
858,5198375355,Cfw828,0,37.4,1B Kyle Stowers 2B Ildemaro Vargas 3B Kazuma Okamoto C Gabriel Moreno OF Wilyer Abreu OF Heliot Ramos OF Heriberto Hernandez P Eury Perez P Mitch Bratt SS Zach Neto,,,
859,5198661511,shipmypants,0,36.6,1B Bryce Eldridge 2B Xavier Edwards 3B Javier Sanoja C James McCann OF James Wood OF Corbin Carroll OF Mike Trout P Sonny Gray P Eury Perez SS Andruw Monasterio,,,
860,5198360248,Andrewmorin38,0,36.45,1B Willson Contreras 2B Luis Arraez 3B Caleb Durbin C James McCann OF Wilyer Abreu OF Ceddanne Rafaela OF Masataka Yoshida P Foster Griffin P Sonny Gray SS Zach Neto,,,
861,5198914128,rayray5102,0,35.6,1B Willson Contreras 2B Ketel Marte 3B Caleb Durbin C Gabriel Moreno OF Jarren Duran OF Tim Tawa OF Ryan Waldschmidt P Sonny Gray P Eury Perez SS Geraldo Perdomo,,,
862,5198651222,TunaGuy,0,35.45,1B Willson Contreras 2B Anthony Seigler 3B Caleb Durbin C James McCann OF Mike Trout OF Wilyer Abreu OF Ceddanne Rafaela P Foster Griffin P Sonny Gray SS Xander Bogaerts,,,
862,5198723860,darwinhobb,0,35.45,1B Willson Contreras 2B Anthony Seigler 3B Casey Schmitt C Logan O'Hoppe OF Wilyer Abreu OF Ceddanne Rafaela OF Jarren Duran P Foster Griffin P Sonny Gray SS Willy Adames,,,
864,5198641882,soxf4n,0,34.85,1B Andres Chaparro 2B Ketel Marte 3B Curtis Mead C Gabriel Moreno OF James Wood OF Ceddanne Rafaela OF Tim Tawa P Eury Perez P Ryan Johnson SS Geraldo Perdomo,,,
865,5198501653,NoThought,0,34.6,1B Willson Contreras 2B Anthony Seigler 3B Caleb Durbin C Gabriel Moreno OF Wilyer Abreu OF Ceddanne Rafaela OF Heriberto Hernandez P Sonny Gray P Eury Perez SS Otto Lopez,,,
865,5198629255,bbvmaster,0,34.6,1B Nolan Schanuel 2B Anthony Seigler 3B Casey Schmitt C Keibert Ruiz OF Mike Trout OF Wilyer Abreu OF Roman Anthony P Sonny Gray P Eury Perez SS Geraldo Perdomo,,,
865,5198689011,TheDCarman,0,34.6,1B Willson Contreras 2B Ketel Marte 3B Nolan Arenado C Logan O'Hoppe OF Mike Trout OF Jo Adell OF Jorge Soler P Sonny Gray P Eury Perez SS Zach Neto,,,
868,5198756133,bjpintar,0,33.6,1B Willson Contreras 2B Xavier Edwards 3B Caleb Durbin C James McCann OF James Wood OF Heriberto Hernandez OF Masataka Yoshida P Sonny Gray P Eury Perez SS Otto Lopez,,,
869,5198730162,pat_the_hat2,0,33.4,1B Tim Tawa 2B Ketel Marte 3B Caleb Durbin C Gabriel Moreno OF Corbin Carroll OF Wilyer Abreu OF Jarren Duran P Eury Perez P Mitch Bratt SS Zach Neto,,,
870,5198921288,metsie,0,32.6,1B Bryce Eldridge 2B Xavier Edwards 3B Caleb Durbin C Logan O'Hoppe OF James Wood OF Dylan Crews OF Ceddanne Rafaela P Sonny Gray P Eury Perez SS Zach Neto,,,
871,5198778314,apenn21,0,32.45,1B Andres Chaparro 2B Xavier Edwards 3B Nolan Arenado C Liam Hicks OF Mike Trout OF Wilyer Abreu OF Masataka Yoshida P Foster Griffin P Sonny Gray SS Zach Neto,,,
872,5198584721,swier162,0,31.95,1B Willson Contreras 2B Anthony Seigler 3B Javier Sanoja C Liam Hicks OF Fernando Tatis Jr. OF Wilyer Abreu OF Ceddanne Rafaela P Sonny Gray P Robbie Ray SS Tsung-Che Cheng,,,
873,5198461895,gdubdk,0,31.6,1B Willson Contreras 2B Vaughn Grissom 3B Denzer Guzman C Logan O'Hoppe OF Wilyer Abreu OF Ceddanne Rafaela OF Jo Adell P Sonny Gray P Eury Perez SS Zach Neto,,,
873,5198679321,mgionest,0,31.6,1B Willson Contreras 2B Anthony Seigler 3B Vaughn Grissom C Gabriel Moreno OF Corbin Carroll OF Wilyer Abreu OF Ceddanne Rafaela P Sonny Gray P Eury Perez SS Javier Sanoja,,,
875,5198469586,jaakko,0,31.45,1B Willson Contreras 2B Anthony Seigler 3B Caleb Durbin C Freddy Fermin OF Fernando Tatis Jr. OF Wilyer Abreu OF Jarren Duran P Foster Griffin P Sonny Gray SS Xander Bogaerts,,,
875,5198761962,Cobra777666777,0,31.45,1B Kyle Stowers 2B Anthony Seigler 3B Casey Schmitt C Liam Hicks OF Wilyer Abreu OF Ceddanne Rafaela OF Masataka Yoshida P Foster Griffin P Sonny Gray SS Zach Neto,,,
877,5198757708,Larrymac71Jr,0,31.1,1B Luis Garcia Jr. 2B Ernie Clement 3B Curtis Mead C Jesus Rodriguez OF Corbin Carroll OF Mike Trout OF Ceddanne Rafaela P Ryan Johnson P Randy Vasquez SS Geraldo Perdomo,,,
878,5198944341,coreyscastle120508,0,28.85,1B Kyle Stowers 2B Vaughn Grissom 3B Denzer Guzman C Liam Hicks OF James Wood OF Mike Trout OF Heriberto Hernandez P Eury Perez P Ryan Johnson SS Zach Neto,,,
879,5198938465,kevinmar,0,28.6,1B Willson Contreras 2B Ketel Marte 3B Caleb Durbin C Gabriel Moreno OF Wilyer Abreu OF Dylan Crews OF Masataka Yoshida P Sonny Gray P Eury Perez SS Javier Sanoja,,,
880,5198640334,pipolechap,0,28.55,1B Willson Contreras 2B Nasim Nunez 3B Javier Sanoja C Liam Hicks OF Wilyer Abreu OF Ceddanne Rafaela OF Masataka Yoshida P Foster Griffin P Eury Perez SS Zach Neto,,,
881,5198609856,jsirois4,0,26.6,1B Bryce Eldridge 2B Xavier Edwards 3B Jorbit Vivas C Agustin Ramirez OF James Wood OF Corbin Carroll OF Mike Trout P Sonny Gray P Eury Perez SS Tsung-Che Cheng,,,
882,5198757032,DEMONFIST45,0,26.45,1B Willson Contreras 2B Anthony Seigler 3B Vaughn Grissom C Liam Hicks OF Ceddanne Rafaela OF Jarren Duran OF Heriberto Hernandez P Foster Griffin P Sonny Gray SS Zach Neto,,,
883,5198937290,futball09,0,25.75,1B Willson Contreras 2B Xavier Edwards 3B Curtis Mead C Connor Wong OF Mike Trout OF Dylan Crews OF Jakob Marsee P Sonny Gray P Ryan Johnson SS Zach Neto,,,
884,5198656079,theblackhand666,0,24.25,1B Willson Contreras 2B Anthony Seigler 3B Caleb Durbin C Liam Hicks OF Fernando Tatis Jr. OF Wilyer Abreu OF Ceddanne Rafaela P Foster Griffin P Mitch Bratt SS Zach Neto,,,
885,5198875636,egar15,0,23.75,1B Andres Chaparro 2B Ketel Marte 3B Curtis Mead C Keibert Ruiz OF James Wood OF Dylan Crews OF Jorge Soler P Sonny Gray P Ryan Johnson SS Geraldo Perdomo,,,
886,5198573429,My_sons,0,18.6,1B Ildemaro Vargas 2B Ketel Marte 3B Nolan Arenado C Liam Hicks OF Corbin Carroll OF Ceddanne Rafaela OF Masataka Yoshida P Sonny Gray P Eury Perez SS Geraldo Perdomo,,,
887,5198607470,NO_REGERTZ,0,12.85,1B Willson Contreras 2B Vaughn Grissom 3B Denzer Guzman C Brandon Valenzuela OF Ceddanne Rafaela OF Jorge Soler OF Masataka Yoshida P Eury Perez P Ryan Johnson SS Zach Neto,,,
888,5198447606,dkpackers1,0,0,,,,
888,5198504712,icemike23,0,0,,,,
888,5198638077,JPRC33,0,0,,,,
888,5198740070,kush69,0,0,,,,
