Rank,EntryId,EntryName,TimeRemaining,Points,Lineup,,Player,Roster Position,%Drafted,FPTS
1,5216783702,gamegamer (1/4),0,135.1,1B Joc Pederson 2B Miguel Rojas 3B Max Muncy C Hunter Feduccia OF Mike Trout OF Shohei Ohtani OF Jac Caglianone P Eric Lauer P Cal Quantrill SS Corey Seager,,Eric Lauer,P,77.10%,24.05
1,5216797152,DoloMitex478 (18/20),0,135.1,1B Joc Pederson 2B Miguel Rojas 3B Ezequiel Duran C Hunter Feduccia OF Mike Trout OF Shohei Ohtani OF Evan Carter P Eric Lauer P Cal Quantrill SS Corey Seager,,Cal Quantrill,P,65.21%,17.05
3,5216753385,kbrisacher (11/20),0,130.35,1B Freddie Freeman 2B Miguel Rojas 3B Denzer Guzman C Moises Ballesteros OF Mike Trout OF Shohei Ohtani OF Andy Pages P Eric Lauer P George Klassen SS Mookie Betts,,Shohei Ohtani,OF,60.72%,19
3,5216762195,dogyballs (4/6),0,130.35,1B Nolan Schanuel 2B Miguel Rojas 3B Denzer Guzman C Moises Ballesteros OF Mike Trout OF Shohei Ohtani OF Andy Pages P Eric Lauer P George Klassen SS Corey Seager,,Mike Trout,OF,50.06%,18
5,5216813534,gunner355 (4/4),0,129.35,1B Shohei Ohtani 2B Miguel Rojas 3B Denzer Guzman C Salvador Perez OF Mike Trout OF Kyle Tucker OF Jac Caglianone P Eric Lauer P George Klassen SS Mookie Betts,,Andy Pages,OF,49.94%,3
6,5216787297,DaFamRep (1/2),0,128.35,1B Joc Pederson 2B Vaughn Grissom 3B Ezequiel Duran C Hunter Feduccia OF Mike Trout OF Shohei Ohtani OF Andy Pages P Eric Lauer P George Klassen SS Corey Seager,,Max Muncy,3B,40.97%,0
6,5216803036,bigticket26,0,128.35,1B Freddie Freeman 2B Oswald Peraza 3B Max Muncy C Hunter Feduccia OF Mike Trout OF Shohei Ohtani OF Andy Pages P Eric Lauer P George Klassen SS Corey Seager,,Vaughn Grissom,2B,40.85%,2
6,5216811604,DigitalDreams (3/10),0,128.35,1B Freddie Freeman 2B Oswald Peraza 3B Max Muncy C Hunter Feduccia OF Mike Trout OF Shohei Ohtani OF Andy Pages P Eric Lauer P George Klassen SS Corey Seager,,Ezequiel Duran,3B,38.05%,0
9,5216847548,Tyrronymus,0,128.1,1B Freddie Freeman 2B Miguel Rojas 3B Ezequiel Duran C Hunter Feduccia OF Mike Trout OF Brandon Nimmo OF Shohei Ohtani P Eric Lauer P Cal Quantrill SS Corey Seager,,Brandon Nimmo,OF,37.15%,0
10,5216790434,Fitzoreo (2/2),0,126.350006,1B Freddie Freeman 2B Miguel Rojas 3B Max Muncy C Moises Ballesteros OF Mike Trout OF Shohei Ohtani OF Andy Pages P Eric Lauer P George Klassen SS Corey Seager,,George Klassen,P,36.81%,19.3
11,5216850916,Drepone,0,126.100006,1B Shohei Ohtani 2B Miguel Rojas 3B Ezequiel Duran C Hunter Feduccia OF Mike Trout OF Brandon Nimmo OF Andy Pages P Eric Lauer P Cal Quantrill SS Corey Seager,,Freddie Freeman,1B,33.67%,5
12,5216770334,TSmith12615 (8/20),0,125.350006,1B Freddie Freeman 2B Miguel Rojas 3B Denzer Guzman C Hunter Feduccia OF Mike Trout OF Shohei Ohtani OF Kyle Tucker P Eric Lauer P George Klassen SS Bobby Witt Jr.,,Salvador Perez,C,33.11%,7
13,5216783272,colochini503,0,125.100006,1B Jac Caglianone 2B Miguel Rojas 3B Ezequiel Duran C Hunter Feduccia OF Mike Trout OF Brandon Nimmo OF Shohei Ohtani P Eric Lauer P Cal Quantrill SS Mookie Betts,,Bobby Witt Jr.,SS,32.77%,8
14,5216753418,rb146886 (1/3),0,124.100006,1B Jac Caglianone 2B Miguel Rojas 3B Ezequiel Duran C Salvador Perez OF Mike Trout OF Shohei Ohtani OF Andy Pages P Eric Lauer P Cal Quantrill SS Corey Seager,,Corey Seager,SS,29.52%,22
14,5216760724,DomButt5,0,124.100006,1B Jac Caglianone 2B Miguel Rojas 3B Ezequiel Duran C Salvador Perez OF Mike Trout OF Shohei Ohtani OF Andy Pages P Eric Lauer P Cal Quantrill SS Corey Seager,,Kyle Tucker,OF,27.61%,2
14,5216765763,cj2407 (1/5),0,124.100006,1B Freddie Freeman 2B Nicky Lopez 3B Max Muncy C Hunter Feduccia OF Mike Trout OF Shohei Ohtani OF Andy Pages P Eric Lauer P Cal Quantrill SS Corey Seager,,Miguel Rojas,2B,25.70%,9
14,5216780473,brielly1972 (3/5),0,124.100006,1B Freddie Freeman 2B Miguel Rojas 3B Max Muncy C Moises Ballesteros OF Mike Trout OF Shohei Ohtani OF Andy Pages P Eric Lauer P Cal Quantrill SS Corey Seager,,Jac Caglianone,OF,21.32%,5
14,5216787296,reycito21 (1/4),0,124.100006,1B Freddie Freeman 2B Miguel Rojas 3B Ezequiel Duran C Salvador Perez OF Mike Trout OF Shohei Ohtani OF Andy Pages P Eric Lauer P Cal Quantrill SS Corey Seager,,Shohei Ohtani,1B,20.54%,19
14,5216788535,lenn221 (5/9),0,124.100006,1B Freddie Freeman 2B Miguel Rojas 3B Nick Loftin C Salvador Perez OF Mike Trout OF Shohei Ohtani OF Andy Pages P Eric Lauer P Cal Quantrill SS Corey Seager,,Carter Jensen,C,20.54%,0
20,5216796675,1LOVE (1/3),0,123.350006,1B Jac Caglianone 2B Vaughn Grissom 3B Max Muncy C Hunter Feduccia OF Mike Trout OF Shohei Ohtani OF Andy Pages P Eric Lauer P George Klassen SS Mookie Betts,,Moises Ballesteros,C,19.75%,7
20,5216812853,jpaz,0,123.350006,1B Freddie Freeman 2B Vaughn Grissom 3B Denzer Guzman C Salvador Perez OF Mike Trout OF Teoscar Hernandez OF Shohei Ohtani P Eric Lauer P George Klassen SS Corey Seager,,Nicky Lopez,2B,19.08%,2
20,5216828295,Caryg07 (17/20),0,123.350006,1B Freddie Freeman 2B Miguel Rojas 3B Ezequiel Duran C Moises Ballesteros OF Mike Trout OF Shohei Ohtani OF Andy Pages P Eric Lauer P George Klassen SS Mookie Betts,,Mookie Betts,SS,17.51%,19
20,5216830200,Wanna_Square_Up1567 (12/20),0,123.350006,1B Shohei Ohtani 2B Vaughn Grissom 3B Max Muncy C Hunter Feduccia OF Mike Trout OF Kyle Tucker OF Andy Pages P Eric Lauer P George Klassen SS Corey Seager,,Joc Pederson,1B,17.40%,7
20,5216850007,UWAlums03 (4/5),0,123.350006,1B Shohei Ohtani 2B Vaughn Grissom 3B Max Muncy C Hunter Feduccia OF Mike Trout OF Kyle Tucker OF Andy Pages P Eric Lauer P George Klassen SS Corey Seager,,Zach Neto,SS,15.15%,9
25,5216811081,LoganGrewe50,0,123.100006,1B Freddie Freeman 2B Miguel Rojas 3B Max Muncy C Salvador Perez OF Mike Trout OF Shohei Ohtani OF Kyle Tucker P Eric Lauer P Cal Quantrill SS Corey Seager,,Elias Diaz,C,14.48%,3
26,5216801770,gunner355 (3/4),0,122.350006,1B Jac Caglianone 2B Miguel Rojas 3B Denzer Guzman C Salvador Perez OF Mike Trout OF Shohei Ohtani OF Evan Carter P Eric Lauer P George Klassen SS Zach Neto,,Nick Loftin,3B,11.67%,0
27,5216753419,rb146886 (2/3),0,121.350006,1B Shohei Ohtani 2B Oswald Peraza 3B Max Muncy C Moises Ballesteros OF Mike Trout OF Andy Pages OF Jac Caglianone P Eric Lauer P George Klassen SS Corey Seager,,Oswald Peraza,2B,11.34%,4
27,5216840946,Master2 (4/5),0,121.350006,1B Freddie Freeman 2B Vaughn Grissom 3B Max Muncy C Moises Ballesteros OF Mike Trout OF Shohei Ohtani OF Wade Meckler P Eric Lauer P George Klassen SS Corey Seager,,Mason Black,P,10.77%,3.75
29,5216775457,lenn221 (1/9),0,121.100006,1B Freddie Freeman 2B Miguel Rojas 3B Nick Loftin C Moises Ballesteros OF Mike Trout OF Shohei Ohtani OF Andy Pages P Eric Lauer P Cal Quantrill SS Mookie Betts,,Teoscar Hernandez,OF,10.77%,0
29,5216834760,Huntmiles,0,121.100006,1B Freddie Freeman 2B Miguel Rojas 3B Ezequiel Duran C Salvador Perez OF Mike Trout OF Shohei Ohtani OF Andy Pages P Eric Lauer P Cal Quantrill SS Mookie Betts,,Jake Burger,1B,9.76%,0
29,5216845251,Jimbobwae42,0,121.100006,1B Shohei Ohtani 2B Miguel Rojas 3B Max Muncy C Salvador Perez OF Mike Trout OF Kyle Tucker OF Andy Pages P Eric Lauer P Cal Quantrill SS Corey Seager,,Hunter Feduccia,C,9.20%,14
32,5216757132,Elwaysarmy (15/20),0,120.350006,1B Nolan Schanuel 2B Oswald Peraza 3B Ezequiel Duran C Moises Ballesteros OF Mike Trout OF Shohei Ohtani OF Wade Meckler P Eric Lauer P George Klassen SS Corey Seager,,Wade Meckler,OF,8.53%,5
32,5216828296,Caryg07 (18/20),0,120.350006,1B Shohei Ohtani 2B Vaughn Grissom 3B Max Muncy C Hunter Feduccia OF Mike Trout OF Teoscar Hernandez OF Jac Caglianone P Eric Lauer P George Klassen SS Mookie Betts,,Jac Caglianone,1B,8.31%,5
32,5216840945,Master2 (3/5),0,120.350006,1B Freddie Freeman 2B Oswald Peraza 3B Max Muncy C Moises Ballesteros OF Mike Trout OF Shohei Ohtani OF Kyle Tucker P Eric Lauer P George Klassen SS Corey Seager,,Evan Carter,OF,7.86%,5
32,5216850177,Master2 (5/5),0,120.350006,1B Freddie Freeman 2B Oswald Peraza 3B Max Muncy C Moises Ballesteros OF Mike Trout OF Shohei Ohtani OF Wade Meckler P Eric Lauer P George Klassen SS Mookie Betts,,Nolan Schanuel,1B,5.84%,2
36,5216770344,TSmith12615 (18/20),0,119.350006,1B Freddie Freeman 2B Vaughn Grissom 3B Denzer Guzman C Hunter Feduccia OF Mike Trout OF Shohei Ohtani OF Kyle Tucker P Eric Lauer P George Klassen SS Zach Neto,,Jarred Kelenic,OF,4.94%,0
36,5216787298,DaFamRep (2/2),0,119.350006,1B Shohei Ohtani 2B Vaughn Grissom 3B Max Muncy C Moises Ballesteros OF Mike Trout OF Andy Pages OF Jac Caglianone P Eric Lauer P George Klassen SS Corey Seager,,Josh Lowe,OF,4.71%,0
36,5216811609,DigitalDreams (8/10),0,119.350006,1B Freddie Freeman 2B Vaughn Grissom 3B Ezequiel Duran C Moises Ballesteros OF Mike Trout OF Shohei Ohtani OF Andy Pages P Eric Lauer P George Klassen SS Corey Seager,,Daniel Lynch IV,P,3.82%,3.45
39,5216762820,Csalmon,0,119.100006,1B Freddie Freeman 2B Oswald Peraza 3B Ezequiel Duran C Moises Ballesteros OF Mike Trout OF Shohei Ohtani OF Andy Pages P Eric Lauer P Cal Quantrill SS Corey Seager,,Isaac Collins,OF,3.82%,2
39,5216776026,JohnnyDrama34,0,119.100006,1B Joc Pederson 2B Miguel Rojas 3B Ezequiel Duran C Elias Diaz OF Mike Trout OF Shohei Ohtani OF Andy Pages P Eric Lauer P Cal Quantrill SS Mookie Betts,,Starling Marte,OF,3.70%,3
39,5216797154,DoloMitex478 (20/20),0,119.100006,1B Joc Pederson 2B Miguel Rojas 3B Ezequiel Duran C Elias Diaz OF Mike Trout OF Teoscar Hernandez OF Shohei Ohtani P Eric Lauer P Cal Quantrill SS Corey Seager,,Denzer Guzman,3B,3.48%,7
39,5216822940,mikepats,0,119.100006,1B Joc Pederson 2B Miguel Rojas 3B Ezequiel Duran C Elias Diaz OF Mike Trout OF Shohei Ohtani OF Andy Pages P Eric Lauer P Cal Quantrill SS Mookie Betts,,Tyler Tolbert,SS,1.91%,9
39,5216829972,DaBanker,0,119.100006,1B Joc Pederson 2B Vaughn Grissom 3B Ezequiel Duran C Salvador Perez OF Mike Trout OF Shohei Ohtani OF Andy Pages P Eric Lauer P Cal Quantrill SS Corey Seager,,Salvador Perez,1B,1.57%,7
44,5216753420,rb146886 (3/3),0,118.350006,1B Freddie Freeman 2B Oswald Peraza 3B Max Muncy C Moises Ballesteros OF Mike Trout OF Brandon Nimmo OF Shohei Ohtani P Eric Lauer P George Klassen SS Corey Seager,,Vaughn Grissom,3B,1.46%,2
44,5216775710,dhaval60194 (3/10),0,118.350006,1B Freddie Freeman 2B Oswald Peraza 3B Max Muncy C Moises Ballesteros OF Mike Trout OF Shohei Ohtani OF Andy Pages P Eric Lauer P George Klassen SS Mookie Betts,,Josh Rojas,3B,1.46%,5
44,5216798900,devonnessi,0,118.350006,1B Shohei Ohtani 2B Oswald Peraza 3B Max Muncy C Salvador Perez OF Mike Trout OF Andy Pages OF Jac Caglianone P Eric Lauer P George Klassen SS Mookie Betts,,Tommy Edman,2B,0.11%,0
44,5216840795,Master2 (1/5),0,118.350006,1B Freddie Freeman 2B Vaughn Grissom 3B Max Muncy C Moises Ballesteros OF Mike Trout OF Shohei Ohtani OF Wade Meckler P Eric Lauer P George Klassen SS Mookie Betts,,Wyatt Langford,OF,0.11%,0
44,5216846979,jersey44,0,118.350006,1B Freddie Freeman 2B Oswald Peraza 3B Max Muncy C Moises Ballesteros OF Mike Trout OF Shohei Ohtani OF Andy Pages P Eric Lauer P George Klassen SS Mookie Betts,,Miguel Rojas,SS,0.11%,9
49,5216745702,cardpirate,0,118.100006,1B Jac Caglianone 2B Miguel Rojas 3B Max Muncy C Salvador Perez OF Mike Trout OF Brandon Nimmo OF Shohei Ohtani P Eric Lauer P Cal Quantrill SS Mookie Betts,,Paul Gervase,P,0.11%,0
49,5216767868,pug22 (2/2),0,118.100006,1B Joc Pederson 2B Vaughn Grissom 3B Max Muncy C Salvador Perez OF Mike Trout OF Shohei Ohtani OF Kyle Tucker P Eric Lauer P Cal Quantrill SS Corey Seager,,Nicky Lopez,SS,0.11%,2
49,5216790423,jwsorensen (3/3),0,118.100006,1B Freddie Freeman 2B Nicky Lopez 3B Max Muncy C Hunter Feduccia OF Mike Trout OF Brandon Nimmo OF Shohei Ohtani P Eric Lauer P Cal Quantrill SS Mookie Betts,,Edgardo Henriquez,P,0.11%,0
49,5216808583,ANicolls,0,118.100006,1B Joc Pederson 2B Vaughn Grissom 3B Nick Loftin C Salvador Perez OF Mike Trout OF Shohei Ohtani OF Kyle Tucker P Eric Lauer P Cal Quantrill SS Corey Seager,,Landon Knack,P,0.11%,8.8
49,5216845079,dale3pav (1/2),0,118.100006,1B Joc Pederson 2B Vaughn Grissom 3B Ezequiel Duran C Salvador Perez OF Mike Trout OF Shohei Ohtani OF Kyle Tucker P Eric Lauer P Cal Quantrill SS Corey Seager,,Edwin Diaz,P,0.11%,0
49,5216853791,dale3pav (2/2),0,118.100006,1B Joc Pederson 2B Vaughn Grissom 3B Ezequiel Duran C Salvador Perez OF Mike Trout OF Shohei Ohtani OF Kyle Tucker P Eric Lauer P Cal Quantrill SS Corey Seager,,,
55,5216753448,walterwalleye,0,117.350006,1B Freddie Freeman 2B Oswald Peraza 3B Max Muncy C Salvador Perez OF Mike Trout OF Shohei Ohtani OF Kyle Tucker P Eric Lauer P George Klassen SS Mookie Betts,,,
55,5216798916,mopill,0,117.350006,1B Freddie Freeman 2B Oswald Peraza 3B Vaughn Grissom C Salvador Perez OF Mike Trout OF Brandon Nimmo OF Shohei Ohtani P Eric Lauer P George Klassen SS Mookie Betts,,,
55,5216830207,Wanna_Square_Up1567 (19/20),0,117.350006,1B Salvador Perez 2B Miguel Rojas 3B Max Muncy C Carter Jensen OF Mike Trout OF Shohei Ohtani OF Kyle Tucker P Eric Lauer P George Klassen SS Mookie Betts,,,
55,5216849198,Yamar,0,117.350006,1B Freddie Freeman 2B Oswald Peraza 3B Max Muncy C Moises Ballesteros OF Mike Trout OF Shohei Ohtani OF Kyle Tucker P Eric Lauer P George Klassen SS Mookie Betts,,,
59,5216763414,Cincybengal12 (1/2),0,117.100006,1B Shohei Ohtani 2B Vaughn Grissom 3B Ezequiel Duran C Salvador Perez OF Mike Trout OF Andy Pages OF Jac Caglianone P Eric Lauer P Cal Quantrill SS Corey Seager,,,
59,5216773370,Cincybengal12 (2/2),0,117.100006,1B Shohei Ohtani 2B Vaughn Grissom 3B Ezequiel Duran C Salvador Perez OF Mike Trout OF Andy Pages OF Jac Caglianone P Eric Lauer P Cal Quantrill SS Corey Seager,,,
59,5216787683,Rowdog31 (6/8),0,117.100006,1B Joc Pederson 2B Miguel Rojas 3B Ezequiel Duran C Hunter Feduccia OF Shohei Ohtani OF Kyle Tucker OF Andy Pages P Eric Lauer P Cal Quantrill SS Corey Seager,,,
62,5216757127,Elwaysarmy (10/20),0,116.350006,1B Shohei Ohtani 2B Vaughn Grissom 3B Ezequiel Duran C Moises Ballesteros OF Mike Trout OF Josh Lowe OF Wade Meckler P Eric Lauer P George Klassen SS Corey Seager,,,
62,5216776879,cj2407 (5/5),0,116.350006,1B Freddie Freeman 2B Vaughn Grissom 3B Max Muncy C Moises Ballesteros OF Mike Trout OF Teoscar Hernandez OF Shohei Ohtani P Eric Lauer P George Klassen SS Corey Seager,,,
62,5216778959,BadDaddyMikey,0,116.350006,1B Freddie Freeman 2B Nicky Lopez 3B Max Muncy C Salvador Perez OF Mike Trout OF Shohei Ohtani OF Andy Pages P Eric Lauer P George Klassen SS Mookie Betts,,,
62,5216807160,xaviercortez,0,116.350006,1B Shohei Ohtani 2B Vaughn Grissom 3B Ezequiel Duran C Salvador Perez OF Mike Trout OF Kyle Tucker OF Andy Pages P Eric Lauer P George Klassen SS Corey Seager,,,
62,5216835505,cjweber57,0,116.350006,1B Shohei Ohtani 2B Vaughn Grissom 3B Max Muncy C Moises Ballesteros OF Mike Trout OF Kyle Tucker OF Andy Pages P Eric Lauer P George Klassen SS Corey Seager,,,
62,5216850004,UWAlums03 (1/5),0,116.350006,1B Shohei Ohtani 2B Vaughn Grissom 3B Max Muncy C Moises Ballesteros OF Mike Trout OF Kyle Tucker OF Andy Pages P Eric Lauer P George Klassen SS Corey Seager,,,
68,5216794552,behindbars (3/3),0,116.100006,1B Freddie Freeman 2B Oswald Peraza 3B Max Muncy C Salvador Perez OF Mike Trout OF Brandon Nimmo OF Shohei Ohtani P Eric Lauer P Cal Quantrill SS Corey Seager,,,
68,5216794976,claytankgunner (3/4),0,116.100006,1B Joc Pederson 2B Nicky Lopez 3B Ezequiel Duran C Moises Ballesteros OF Mike Trout OF Brandon Nimmo OF Shohei Ohtani P Eric Lauer P Cal Quantrill SS Corey Seager,,,
68,5216810276,pittjj95 (5/5),0,116.100006,1B Freddie Freeman 2B Oswald Peraza 3B Max Muncy C Salvador Perez OF Mike Trout OF Brandon Nimmo OF Shohei Ohtani P Eric Lauer P Cal Quantrill SS Corey Seager,,,
68,5216828891,withdrawls123,0,116.100006,1B Freddie Freeman 2B Oswald Peraza 3B Ezequiel Duran C Salvador Perez OF Mike Trout OF Shohei Ohtani OF Andy Pages P Eric Lauer P Cal Quantrill SS Mookie Betts,,,
68,5216851948,connch6,0,116.100006,1B Jac Caglianone 2B Nicky Lopez 3B Max Muncy C Salvador Perez OF Mike Trout OF Shohei Ohtani OF Kyle Tucker P Eric Lauer P Cal Quantrill SS Corey Seager,,,
73,5216753361,JJSaenz (8/20),0,115.350006,1B Shohei Ohtani 2B Oswald Peraza 3B Max Muncy C Salvador Perez OF Mike Trout OF Kyle Tucker OF Andy Pages P Eric Lauer P George Klassen SS Mookie Betts,,,
73,5216757195,Ragnor,0,115.350006,1B Freddie Freeman 2B Vaughn Grissom 3B Max Muncy C Moises Ballesteros OF Mike Trout OF Shohei Ohtani OF Kyle Tucker P Eric Lauer P George Klassen SS Mookie Betts,,,
73,5216775074,toby2977,0,115.350006,1B Freddie Freeman 2B Vaughn Grissom 3B Ezequiel Duran C Salvador Perez OF Mike Trout OF Shohei Ohtani OF Kyle Tucker P Eric Lauer P George Klassen SS Mookie Betts,,,
73,5216775713,dhaval60194 (6/10),0,115.350006,1B Freddie Freeman 2B Vaughn Grissom 3B Max Muncy C Moises Ballesteros OF Mike Trout OF Shohei Ohtani OF Kyle Tucker P Eric Lauer P George Klassen SS Mookie Betts,,,
73,5216803591,sellputs (2/3),0,115.350006,1B Freddie Freeman 2B Vaughn Grissom 3B Max Muncy C Moises Ballesteros OF Mike Trout OF Shohei Ohtani OF Kyle Tucker P Eric Lauer P George Klassen SS Mookie Betts,,,
73,5216811598,bisenhow1,0,115.350006,1B Freddie Freeman 2B Miguel Rojas 3B Vaughn Grissom C Moises Ballesteros OF Mike Trout OF Shohei Ohtani OF Andy Pages P Eric Lauer P George Klassen SS Zach Neto,,,
73,5216820570,dryden8 (1/2),0,115.350006,1B Freddie Freeman 2B Vaughn Grissom 3B Max Muncy C Moises Ballesteros OF Mike Trout OF Shohei Ohtani OF Kyle Tucker P Eric Lauer P George Klassen SS Mookie Betts,,,
73,5216826194,artistlife (2/5),0,115.350006,1B Nolan Schanuel 2B Vaughn Grissom 3B Max Muncy C Salvador Perez OF Mike Trout OF Shohei Ohtani OF Jac Caglianone P Eric Lauer P George Klassen SS Mookie Betts,,,
73,5216833210,bwjb7,0,115.350006,1B Freddie Freeman 2B Miguel Rojas 3B Max Muncy C Moises Ballesteros OF Mike Trout OF Shohei Ohtani OF Jac Caglianone P Eric Lauer P George Klassen SS Zach Neto,,,
73,5216845267,kylargent14,0,115.350006,1B Shohei Ohtani 2B Miguel Rojas 3B Vaughn Grissom C Salvador Perez OF Mike Trout OF Andy Pages OF Jac Caglianone P Eric Lauer P George Klassen SS Zach Neto,,,
73,5216849570,kimberlylair,0,115.350006,1B Freddie Freeman 2B Vaughn Grissom 3B Max Muncy C Moises Ballesteros OF Mike Trout OF Shohei Ohtani OF Kyle Tucker P Eric Lauer P George Klassen SS Mookie Betts,,,
84,5216761705,Cxmc_28 (2/4),0,115.100006,1B Shohei Ohtani 2B Miguel Rojas 3B Max Muncy C Salvador Perez OF Mike Trout OF Brandon Nimmo OF Kyle Tucker P Eric Lauer P Cal Quantrill SS Mookie Betts,,,
84,5216784286,BullDawg18,0,115.100006,1B Joc Pederson 2B Miguel Rojas 3B Ezequiel Duran C Hunter Feduccia OF Brandon Nimmo OF Shohei Ohtani OF Andy Pages P Eric Lauer P Cal Quantrill SS Corey Seager,,,
84,5216835086,Toolman521 (1/2),0,115.100006,1B Freddie Freeman 2B Vaughn Grissom 3B Ezequiel Duran C Elias Diaz OF Mike Trout OF Shohei Ohtani OF Jac Caglianone P Eric Lauer P Cal Quantrill SS Corey Seager,,,
84,5216835111,Toolman521 (2/2),0,115.100006,1B Freddie Freeman 2B Vaughn Grissom 3B Ezequiel Duran C Elias Diaz OF Mike Trout OF Shohei Ohtani OF Jac Caglianone P Eric Lauer P Cal Quantrill SS Corey Seager,,,
88,5216770337,TSmith12615 (11/20),0,114.350006,1B Freddie Freeman 2B Vaughn Grissom 3B Denzer Guzman C Moises Ballesteros OF Mike Trout OF Shohei Ohtani OF Wade Meckler P Eric Lauer P George Klassen SS Bobby Witt Jr.,,,
88,5216775716,dhaval60194 (9/10),0,114.350006,1B Freddie Freeman 2B Oswald Peraza 3B Max Muncy C Hunter Feduccia OF Mike Trout OF Shohei Ohtani OF Kyle Tucker P Eric Lauer P George Klassen SS Zach Neto,,,
88,5216821450,chetman5000 (1/3),0,114.350006,1B Joc Pederson 2B Miguel Rojas 3B Max Muncy C Salvador Perez OF Mike Trout OF Shohei Ohtani OF Andy Pages P Eric Lauer P George Klassen SS Bobby Witt Jr.,,,
88,5216850006,UWAlums03 (3/5),0,114.350006,1B Freddie Freeman 2B Oswald Peraza 3B Max Muncy C Hunter Feduccia OF Mike Trout OF Shohei Ohtani OF Kyle Tucker P Eric Lauer P George Klassen SS Zach Neto,,,
88,5216850857,bacs,0,114.350006,1B Salvador Perez 2B Vaughn Grissom 3B Ezequiel Duran C Hunter Feduccia OF Mike Trout OF Shohei Ohtani OF Andy Pages P Eric Lauer P George Klassen SS Bobby Witt Jr.,,,
93,5216768310,ballerzzz (2/2),0,114.100006,1B Freddie Freeman 2B Vaughn Grissom 3B Nick Loftin C Salvador Perez OF Mike Trout OF Shohei Ohtani OF Andy Pages P Eric Lauer P Cal Quantrill SS Mookie Betts,,,
93,5216778425,Arcticmonkeys,0,114.100006,1B Jac Caglianone 2B Miguel Rojas 3B Ezequiel Duran C Carter Jensen OF Mike Trout OF Shohei Ohtani OF Andy Pages P Eric Lauer P Cal Quantrill SS Mookie Betts,,,
93,5216785243,gamegamer (2/4),0,114.100006,1B Shohei Ohtani 2B Miguel Rojas 3B Ezequiel Duran C Hunter Feduccia OF Mike Trout OF Kyle Tucker OF Andy Pages P Eric Lauer P Cal Quantrill SS Bobby Witt Jr.,,,
93,5216791714,cwright94 (2/2),0,114.100006,1B Freddie Freeman 2B Vaughn Grissom 3B Max Muncy C Moises Ballesteros OF Mike Trout OF Brandon Nimmo OF Shohei Ohtani P Eric Lauer P Cal Quantrill SS Corey Seager,,,
93,5216793064,Threewishes4me,0,114.100006,1B Joc Pederson 2B Nicky Lopez 3B Max Muncy C Elias Diaz OF Mike Trout OF Shohei Ohtani OF Jac Caglianone P Eric Lauer P Cal Quantrill SS Mookie Betts,,,
93,5216793067,aktregs,0,114.100006,1B Freddie Freeman 2B Nicky Lopez 3B Ezequiel Duran C Salvador Perez OF Mike Trout OF Shohei Ohtani OF Andy Pages P Eric Lauer P Cal Quantrill SS Mookie Betts,,,
93,5216797618,kbroussard22 (1/2),0,114.100006,1B Jac Caglianone 2B Miguel Rojas 3B Ezequiel Duran C Elias Diaz OF Mike Trout OF Brandon Nimmo OF Shohei Ohtani P Eric Lauer P Cal Quantrill SS Mookie Betts,,,
93,5216800764,ariric864,0,114.100006,1B Shohei Ohtani 2B Vaughn Grissom 3B Max Muncy C Moises Ballesteros OF Mike Trout OF Andy Pages OF Jac Caglianone P Eric Lauer P Cal Quantrill SS Mookie Betts,,,
93,5216800898,PizzaMan19,0,114.100006,1B Jac Caglianone 2B Vaughn Grissom 3B Ezequiel Duran C Salvador Perez OF Mike Trout OF Shohei Ohtani OF Andy Pages P Eric Lauer P Cal Quantrill SS Mookie Betts,,,
93,5216819806,Dunn2pac (1/2),0,114.100006,1B Jac Caglianone 2B Vaughn Grissom 3B Ezequiel Duran C Salvador Perez OF Mike Trout OF Shohei Ohtani OF Andy Pages P Eric Lauer P Cal Quantrill SS Mookie Betts,,,
93,5216821505,GorgeousGoudge,0,114.100006,1B Jac Caglianone 2B Vaughn Grissom 3B Ezequiel Duran C Salvador Perez OF Mike Trout OF Shohei Ohtani OF Andy Pages P Eric Lauer P Cal Quantrill SS Mookie Betts,,,
93,5216829283,Dunn2pac (2/2),0,114.100006,1B Jac Caglianone 2B Vaughn Grissom 3B Ezequiel Duran C Salvador Perez OF Mike Trout OF Shohei Ohtani OF Andy Pages P Eric Lauer P Cal Quantrill SS Mookie Betts,,,
93,5216831630,kevinmar,0,114.100006,1B Freddie Freeman 2B Nicky Lopez 3B Max Muncy C Salvador Perez OF Mike Trout OF Brandon Nimmo OF Shohei Ohtani P Eric Lauer P Cal Quantrill SS Corey Seager,,,
93,5216837324,wavesweb (1/5),0,114.100006,1B Freddie Freeman 2B Miguel Rojas 3B Max Muncy C Hunter Feduccia OF Mike Trout OF Brandon Nimmo OF Shohei Ohtani P Eric Lauer P Cal Quantrill SS Bobby Witt Jr.,,,
93,5216841217,OGRollsBig,0,114.100006,1B Freddie Freeman 2B Miguel Rojas 3B Max Muncy C Hunter Feduccia OF Mike Trout OF Brandon Nimmo OF Shohei Ohtani P Eric Lauer P Cal Quantrill SS Bobby Witt Jr.,,,
93,5216849244,gomezju47,0,114.100006,1B Freddie Freeman 2B Oswald Peraza 3B Max Muncy C Hunter Feduccia OF Mike Trout OF Shohei Ohtani OF Wade Meckler P Eric Lauer P Cal Quantrill SS Bobby Witt Jr.,,,
93,5216800584,reyolivarri,0,114.1,1B Shohei Ohtani 2B Oswald Peraza 3B Vaughn Grissom C Hunter Feduccia OF Mike Trout OF Andy Pages OF Jac Caglianone P Eric Lauer P Cal Quantrill SS Bobby Witt Jr.,,,
110,5216765362,tybry85 (13/20),0,113.350006,1B Shohei Ohtani 2B Vaughn Grissom 3B Max Muncy C Salvador Perez OF Mike Trout OF Kyle Tucker OF Andy Pages P Eric Lauer P George Klassen SS Mookie Betts,,,
110,5216806733,137666 (2/3),0,113.350006,1B Shohei Ohtani 2B Vaughn Grissom 3B Max Muncy C Salvador Perez OF Mike Trout OF Kyle Tucker OF Andy Pages P Eric Lauer P George Klassen SS Mookie Betts,,,
110,5216811603,DigitalDreams (2/10),0,113.350006,1B Freddie Freeman 2B Vaughn Grissom 3B Max Muncy C Salvador Perez OF Mike Trout OF Teoscar Hernandez OF Shohei Ohtani P Eric Lauer P George Klassen SS Mookie Betts,,,
110,5216811610,DigitalDreams (9/10),0,113.350006,1B Freddie Freeman 2B Vaughn Grissom 3B Denzer Guzman C Salvador Perez OF Mike Trout OF Shohei Ohtani OF Andy Pages P Eric Lauer P George Klassen SS Zach Neto,,,
110,5216812097,LAKOBE08,0,113.350006,1B Jac Caglianone 2B Oswald Peraza 3B Ezequiel Duran C Moises Ballesteros OF Mike Trout OF Shohei Ohtani OF Kyle Tucker P Cal Quantrill P George Klassen SS Corey Seager,,,
110,5216821120,jeguega,0,113.350006,1B Freddie Freeman 2B Oswald Peraza 3B Max Muncy C Salvador Perez OF Mike Trout OF Shohei Ohtani OF Jac Caglianone P Cal Quantrill P George Klassen SS Mookie Betts,,,
110,5216826193,artistlife (1/5),0,113.350006,1B Nolan Schanuel 2B Vaughn Grissom 3B Max Muncy C Moises Ballesteros OF Mike Trout OF Shohei Ohtani OF Andy Pages P Eric Lauer P George Klassen SS Mookie Betts,,,
110,5216829865,corcoram,0,113.350006,1B Shohei Ohtani 2B Vaughn Grissom 3B Max Muncy C Salvador Perez OF Mike Trout OF Kyle Tucker OF Andy Pages P Eric Lauer P George Klassen SS Mookie Betts,,,
110,5216833700,bigdaddyfatty (6/6),0,113.350006,1B Shohei Ohtani 2B Vaughn Grissom 3B Max Muncy C Moises Ballesteros OF Mike Trout OF Kyle Tucker OF Andy Pages P Eric Lauer P George Klassen SS Mookie Betts,,,
110,5216850416,DaPharmer,0,113.350006,1B Shohei Ohtani 2B Vaughn Grissom 3B Max Muncy C Salvador Perez OF Mike Trout OF Brandon Nimmo OF Kyle Tucker P Eric Lauer P George Klassen SS Corey Seager,,,
120,5216753363,JJSaenz (10/20),0,113.100006,1B Freddie Freeman 2B Miguel Rojas 3B Ezequiel Duran C Hunter Feduccia OF Brandon Nimmo OF Shohei Ohtani OF Andy Pages P Eric Lauer P Cal Quantrill SS Corey Seager,,,
120,5216791632,Fortworthfan,0,113.100006,1B Joc Pederson 2B Miguel Rojas 3B Ezequiel Duran C Salvador Perez OF Shohei Ohtani OF Andy Pages OF Jac Caglianone P Eric Lauer P Cal Quantrill SS Corey Seager,,,
120,5216800482,mtsaia (1/2),0,113.100006,1B Freddie Freeman 2B Nicky Lopez 3B Max Muncy C Salvador Perez OF Mike Trout OF Shohei Ohtani OF Kyle Tucker P Eric Lauer P Cal Quantrill SS Mookie Betts,,,
120,5216800810,ChipBlunt,0,113.100006,1B Freddie Freeman 2B Vaughn Grissom 3B Ezequiel Duran C Elias Diaz OF Mike Trout OF Shohei Ohtani OF Andy Pages P Eric Lauer P Cal Quantrill SS Corey Seager,,,
120,5216808421,mtsaia (2/2),0,113.100006,1B Freddie Freeman 2B Vaughn Grissom 3B Ezequiel Duran C Salvador Perez OF Mike Trout OF Shohei Ohtani OF Kyle Tucker P Eric Lauer P Cal Quantrill SS Mookie Betts,,,
120,5216835013,louiswat (2/2),0,113.100006,1B Freddie Freeman 2B Nicky Lopez 3B Max Muncy C Elias Diaz OF Mike Trout OF Shohei Ohtani OF Andy Pages P Eric Lauer P Cal Quantrill SS Corey Seager,,,
120,5216835790,Juiceman0710,0,113.100006,1B Jac Caglianone 2B Vaughn Grissom 3B Max Muncy C Salvador Perez OF Mike Trout OF Shohei Ohtani OF Kyle Tucker P Eric Lauer P Cal Quantrill SS Mookie Betts,,,
120,5216850880,jsw1264,0,113.100006,1B Freddie Freeman 2B Miguel Rojas 3B Ezequiel Duran C Salvador Perez OF Mike Trout OF Shohei Ohtani OF Jac Caglianone P Eric Lauer P Cal Quantrill SS Zach Neto,,,
120,5216853355,HockeyGuy420,0,113.100006,1B Freddie Freeman 2B Miguel Rojas 3B Ezequiel Duran C Salvador Perez OF Mike Trout OF Shohei Ohtani OF Jac Caglianone P Eric Lauer P Cal Quantrill SS Zach Neto,,,
129,5216775717,dhaval60194 (10/10),0,112.350006,1B Freddie Freeman 2B Miguel Rojas 3B Max Muncy C Moises Ballesteros OF Mike Trout OF Shohei Ohtani OF Kyle Tucker P Eric Lauer P George Klassen SS Zach Neto,,,
129,5216787626,bushnell242003,0,112.350006,1B Nolan Schanuel 2B Vaughn Grissom 3B Max Muncy C Moises Ballesteros OF Mike Trout OF Shohei Ohtani OF Kyle Tucker P Eric Lauer P George Klassen SS Mookie Betts,,,
129,5216797164,Ickywicky13,0,112.350006,1B Shohei Ohtani 2B Oswald Peraza 3B Max Muncy C Hunter Feduccia OF Mike Trout OF Kyle Tucker OF Andy Pages P Eric Lauer P George Klassen SS Zach Neto,,,
129,5216807982,mowerman0407,0,112.350006,1B Freddie Freeman 2B Vaughn Grissom 3B Nick Loftin C Hunter Feduccia OF Mike Trout OF Shohei Ohtani OF Kyle Tucker P Eric Lauer P George Klassen SS Zach Neto,,,
129,5216820224,NYVinny56 (1/2),0,112.350006,1B Freddie Freeman 2B Vaughn Grissom 3B Max Muncy C Hunter Feduccia OF Mike Trout OF Starling Marte OF Shohei Ohtani P Eric Lauer P George Klassen SS Bobby Witt Jr.,,,
134,5216765149,leopard1 (1/2),0,112.100006,1B Joc Pederson 2B Vaughn Grissom 3B Ezequiel Duran C Carter Jensen OF Mike Trout OF Shohei Ohtani OF Andy Pages P Eric Lauer P Cal Quantrill SS Corey Seager,,,
134,5216781617,oojavi,0,112.100006,1B Jac Caglianone 2B Nicky Lopez 3B Max Muncy C Elias Diaz OF Mike Trout OF Shohei Ohtani OF Kyle Tucker P Eric Lauer P Cal Quantrill SS Corey Seager,,,
134,5216787467,Rowdog31 (4/8),0,112.100006,1B Joc Pederson 2B Nicky Lopez 3B Max Muncy C Hunter Feduccia OF Shohei Ohtani OF Kyle Tucker OF Evan Carter P Eric Lauer P Cal Quantrill SS Corey Seager,,,
134,5216793551,dmartins1,0,112.100006,1B Freddie Freeman 2B Vaughn Grissom 3B Ezequiel Duran C Elias Diaz OF Mike Trout OF Shohei Ohtani OF Jac Caglianone P Eric Lauer P Cal Quantrill SS Mookie Betts,,,
134,5216796263,Richyrich1,0,112.100006,1B Joc Pederson 2B Miguel Rojas 3B Ezequiel Duran C Salvador Perez OF Mike Trout OF Shohei Ohtani OF Andy Pages P Eric Lauer P Cal Quantrill SS Bobby Witt Jr.,,,
134,5216799560,Wineternal,0,112.100006,1B Freddie Freeman 2B Miguel Rojas 3B Nick Loftin C Salvador Perez OF Mike Trout OF Shohei Ohtani OF Jac Caglianone P Eric Lauer P Cal Quantrill SS Bobby Witt Jr.,,,
134,5216812902,torrinstrong,0,112.100006,1B Jake Burger 2B Vaughn Grissom 3B Max Muncy C Salvador Perez OF Mike Trout OF Shohei Ohtani OF Andy Pages P Eric Lauer P Cal Quantrill SS Corey Seager,,,
134,5216825188,trinihector,0,112.100006,1B Shohei Ohtani 2B Miguel Rojas 3B Denzer Guzman C Salvador Perez OF Kyle Tucker OF Andy Pages OF Evan Carter P Eric Lauer P Cal Quantrill SS Mookie Betts,,,
134,5216827653,Barb66,0,112.100006,1B Freddie Freeman 2B Vaughn Grissom 3B Josh Rojas C Carter Jensen OF Mike Trout OF Shohei Ohtani OF Andy Pages P Eric Lauer P Cal Quantrill SS Mookie Betts,,,
134,5216848613,jimrong79,0,112.100006,1B Shohei Ohtani 2B Miguel Rojas 3B Ezequiel Duran C Carter Jensen OF Mike Trout OF Brandon Nimmo OF Andy Pages P Eric Lauer P Cal Quantrill SS Corey Seager,,,
134,5216796275,PatsiesNoMore,0,112.1,1B Jac Caglianone 2B Vaughn Grissom 3B Max Muncy C Hunter Feduccia OF Mike Trout OF Shohei Ohtani OF Wade Meckler P Eric Lauer P Cal Quantrill SS Bobby Witt Jr.,,,
145,5216797153,DoloMitex478 (19/20),0,111.350006,1B Shohei Ohtani 2B Vaughn Grissom 3B Ezequiel Duran C Salvador Perez OF Mike Trout OF Teoscar Hernandez OF Andy Pages P Eric Lauer P George Klassen SS Mookie Betts,,,
145,5216815052,EmeraldReign,0,111.350006,1B Joc Pederson 2B Oswald Peraza 3B Max Muncy C Salvador Perez OF Mike Trout OF Shohei Ohtani OF Jac Caglianone P Eric Lauer P George Klassen SS Bobby Witt Jr.,,,
147,5216800605,TLandry14,0,111.100006,1B Joc Pederson 2B Vaughn Grissom 3B Ezequiel Duran C Carter Jensen OF Mike Trout OF Shohei Ohtani OF Jac Caglianone P Eric Lauer P Cal Quantrill SS Mookie Betts,,,
147,5216805054,rhem007,0,111.100006,1B Shohei Ohtani 2B Vaughn Grissom 3B Ezequiel Duran C Salvador Perez OF Mike Trout OF Kyle Tucker OF Andy Pages P Eric Lauer P Cal Quantrill SS Mookie Betts,,,
147,5216807399,groovecityhacksaw,0,111.100006,1B Jac Caglianone 2B Vaughn Grissom 3B Ezequiel Duran C Salvador Perez OF Mike Trout OF Brandon Nimmo OF Shohei Ohtani P Eric Lauer P Cal Quantrill SS Mookie Betts,,,
147,5216835032,Navare1212 (3/3),0,111.100006,1B Salvador Perez 2B Vaughn Grissom 3B Max Muncy C Carter Jensen OF Mike Trout OF Shohei Ohtani OF Wade Meckler P Eric Lauer P Cal Quantrill SS Mookie Betts,,,
147,5216837327,wavesweb (4/5),0,111.100006,1B Freddie Freeman 2B Nicky Lopez 3B Max Muncy C Hunter Feduccia OF Mike Trout OF Shohei Ohtani OF Andy Pages P Eric Lauer P Cal Quantrill SS Zach Neto,,,
152,5216753364,JJSaenz (11/20),0,110.350006,1B Freddie Freeman 2B Vaughn Grissom 3B Denzer Guzman C Moises Ballesteros OF Mike Trout OF Brandon Nimmo OF Shohei Ohtani P Eric Lauer P George Klassen SS Zach Neto,,,
152,5216753365,JJSaenz (12/20),0,110.350006,1B Shohei Ohtani 2B Miguel Rojas 3B Ezequiel Duran C Hunter Feduccia OF Teoscar Hernandez OF Brandon Nimmo OF Andy Pages P Eric Lauer P George Klassen SS Corey Seager,,,
152,5216753375,kbrisacher (1/20),0,110.350006,1B Shohei Ohtani 2B Vaughn Grissom 3B Max Muncy C Hunter Feduccia OF Mike Trout OF Kyle Tucker OF Andy Pages P Eric Lauer P George Klassen SS Zach Neto,,,
152,5216770342,TSmith12615 (16/20),0,110.350006,1B Freddie Freeman 2B Vaughn Grissom 3B Max Muncy C Hunter Feduccia OF Mike Trout OF Teoscar Hernandez OF Shohei Ohtani P Eric Lauer P George Klassen SS Zach Neto,,,
152,5216775708,dhaval60194 (1/10),0,110.350006,1B Shohei Ohtani 2B Vaughn Grissom 3B Max Muncy C Hunter Feduccia OF Mike Trout OF Kyle Tucker OF Andy Pages P Eric Lauer P George Klassen SS Zach Neto,,,
152,5216775714,dhaval60194 (7/10),0,110.350006,1B Freddie Freeman 2B Vaughn Grissom 3B Max Muncy C Hunter Feduccia OF Mike Trout OF Teoscar Hernandez OF Shohei Ohtani P Eric Lauer P George Klassen SS Zach Neto,,,
152,5216782223,Rickbobbi2,0,110.350006,1B Shohei Ohtani 2B Vaughn Grissom 3B Max Muncy C Hunter Feduccia OF Mike Trout OF Kyle Tucker OF Andy Pages P Eric Lauer P George Klassen SS Zach Neto,,,
152,5216792841,sbochoa (2/2),0,110.350006,1B Jac Caglianone 2B Vaughn Grissom 3B Max Muncy C Hunter Feduccia OF Mike Trout OF Teoscar Hernandez OF Shohei Ohtani P Eric Lauer P George Klassen SS Zach Neto,,,
152,5216796346,Doc_Holliday1851,0,110.350006,1B Freddie Freeman 2B Vaughn Grissom 3B Max Muncy C Hunter Feduccia OF Mike Trout OF Teoscar Hernandez OF Shohei Ohtani P Eric Lauer P George Klassen SS Zach Neto,,,
152,5216825108,TraitorJoes413,0,110.350006,1B Freddie Freeman 2B Oswald Peraza 3B Max Muncy C Moises Ballesteros OF Mike Trout OF Shohei Ohtani OF Wade Meckler P Eric Lauer P George Klassen SS Zach Neto,,,
152,5216827501,JDeLoach15,0,110.350006,1B Shohei Ohtani 2B Nicky Lopez 3B Max Muncy C Elias Diaz OF Mike Trout OF Brandon Nimmo OF Andy Pages P Eric Lauer P George Klassen SS Corey Seager,,,
152,5216830195,Wanna_Square_Up1567 (7/20),0,110.350006,1B Shohei Ohtani 2B Oswald Peraza 3B Denzer Guzman C Moises Ballesteros OF Mike Trout OF Brandon Nimmo OF Andy Pages P Eric Lauer P George Klassen SS Zach Neto,,,
152,5216853398,MOTIVE81,0,110.350006,1B Freddie Freeman 2B Miguel Rojas 3B Ezequiel Duran C Salvador Perez OF Shohei Ohtani OF Kyle Tucker OF Andy Pages P Eric Lauer P George Klassen SS Corey Seager,,,
165,5216753369,JJSaenz (16/20),0,110.100006,1B Joc Pederson 2B Nicky Lopez 3B Max Muncy C Hunter Feduccia OF Shohei Ohtani OF Kyle Tucker OF Andy Pages P Eric Lauer P Cal Quantrill SS Corey Seager,,,
165,5216755826,bthel (1/3),0,110.100006,1B Freddie Freeman 2B Vaughn Grissom 3B Ezequiel Duran C Elias Diaz OF Mike Trout OF Shohei Ohtani OF Andy Pages P Eric Lauer P Cal Quantrill SS Mookie Betts,,,
165,5216763255,vavo27 (1/5),0,110.100006,1B Shohei Ohtani 2B Miguel Rojas 3B Max Muncy C Salvador Perez OF Mike Trout OF Andy Pages OF Wade Meckler P Eric Lauer P Cal Quantrill SS Bobby Witt Jr.,,,
165,5216763256,vavo27 (2/5),0,110.100006,1B Shohei Ohtani 2B Miguel Rojas 3B Max Muncy C Salvador Perez OF Mike Trout OF Andy Pages OF Wade Meckler P Eric Lauer P Cal Quantrill SS Bobby Witt Jr.,,,
165,5216763413,vavo27 (3/5),0,110.100006,1B Shohei Ohtani 2B Miguel Rojas 3B Max Muncy C Salvador Perez OF Mike Trout OF Andy Pages OF Wade Meckler P Eric Lauer P Cal Quantrill SS Bobby Witt Jr.,,,
165,5216763417,vavo27 (4/5),0,110.100006,1B Shohei Ohtani 2B Miguel Rojas 3B Max Muncy C Salvador Perez OF Mike Trout OF Andy Pages OF Wade Meckler P Eric Lauer P Cal Quantrill SS Bobby Witt Jr.,,,
165,5216766713,GameTime2424,0,110.100006,1B Shohei Ohtani 2B Nicky Lopez 3B Max Muncy C Elias Diaz OF Mike Trout OF Kyle Tucker OF Andy Pages P Eric Lauer P Cal Quantrill SS Corey Seager,,,
165,5216767925,Brauner1689 (1/2),0,110.100006,1B Freddie Freeman 2B Nicky Lopez 3B Max Muncy C Elias Diaz OF Mike Trout OF Shohei Ohtani OF Andy Pages P Eric Lauer P Cal Quantrill SS Mookie Betts,,,
165,5216773395,vavo27 (5/5),0,110.100006,1B Shohei Ohtani 2B Miguel Rojas 3B Max Muncy C Salvador Perez OF Mike Trout OF Andy Pages OF Wade Meckler P Eric Lauer P Cal Quantrill SS Bobby Witt Jr.,,,
165,5216777540,sharksbay99 (1/4),0,110.100006,1B Shohei Ohtani 2B Miguel Rojas 3B Nick Loftin C Hunter Feduccia OF Brandon Nimmo OF Andy Pages OF Wade Meckler P Eric Lauer P Cal Quantrill SS Mookie Betts,,,
165,5216779887,Twg13d24,0,110.100006,1B Shohei Ohtani 2B Vaughn Grissom 3B Ezequiel Duran C Carter Jensen OF Mike Trout OF Andy Pages OF Wade Meckler P Eric Lauer P Cal Quantrill SS Corey Seager,,,
165,5216787670,aaronsboys (1/2),0,110.100006,1B Joc Pederson 2B Miguel Rojas 3B Max Muncy C Salvador Perez OF Shohei Ohtani OF Andy Pages OF Jac Caglianone P Eric Lauer P Cal Quantrill SS Mookie Betts,,,
165,5216788559,gregthegifted (1/2),0,110.100006,1B Joc Pederson 2B Miguel Rojas 3B Max Muncy C Salvador Perez OF Shohei Ohtani OF Kyle Tucker OF Andy Pages P Eric Lauer P Cal Quantrill SS Corey Seager,,,
165,5216802605,Bubba2057,0,110.100006,1B Freddie Freeman 2B Nicky Lopez 3B Max Muncy C Elias Diaz OF Mike Trout OF Shohei Ohtani OF Andy Pages P Eric Lauer P Cal Quantrill SS Mookie Betts,,,
165,5216817519,kendog5045,0,110.100006,1B Joc Pederson 2B Miguel Rojas 3B Ezequiel Duran C Salvador Perez OF Brandon Nimmo OF Shohei Ohtani OF Evan Carter P Eric Lauer P Cal Quantrill SS Corey Seager,,,
165,5216828388,sharksbay99 (4/4),0,110.100006,1B Shohei Ohtani 2B Miguel Rojas 3B Nick Loftin C Hunter Feduccia OF Brandon Nimmo OF Andy Pages OF Wade Meckler P Eric Lauer P Cal Quantrill SS Mookie Betts,,,
181,5216755868,TSmith12615 (1/20),0,109.350006,1B Freddie Freeman 2B Oswald Peraza 3B Max Muncy C Moises Ballesteros OF Mike Trout OF Shohei Ohtani OF Wade Meckler P Eric Lauer P George Klassen SS Bobby Witt Jr.,,,
181,5216806761,137666 (3/3),0,109.350006,1B Shohei Ohtani 2B Miguel Rojas 3B Ezequiel Duran C Moises Ballesteros OF Mike Trout OF Kyle Tucker OF Andy Pages P Eric Lauer P George Klassen SS Bobby Witt Jr.,,,
181,5216811606,DigitalDreams (5/10),0,109.350006,1B Freddie Freeman 2B Miguel Rojas 3B Denzer Guzman C Carter Jensen OF Mike Trout OF Teoscar Hernandez OF Shohei Ohtani P Eric Lauer P George Klassen SS Bobby Witt Jr.,,,
184,5216762160,sldice,0,109.100006,1B Shohei Ohtani 2B Nicky Lopez 3B Max Muncy C Salvador Perez OF Mike Trout OF Brandon Nimmo OF Andy Pages P Eric Lauer P Cal Quantrill SS Mookie Betts,,,
184,5216796895,niveknodrog,0,109.100006,1B Shohei Ohtani 2B Vaughn Grissom 3B Max Muncy C Salvador Perez OF Mike Trout OF Brandon Nimmo OF Andy Pages P Eric Lauer P Cal Quantrill SS Mookie Betts,,,
184,5216808101,Bonfire_Villa8 (2/2),0,109.100006,1B Shohei Ohtani 2B Miguel Rojas 3B Max Muncy C Carter Jensen OF Mike Trout OF Brandon Nimmo OF Andy Pages P Eric Lauer P Cal Quantrill SS Mookie Betts,,,
184,5216809982,mg3era,0,109.100006,1B Shohei Ohtani 2B Vaughn Grissom 3B Max Muncy C Salvador Perez OF Mike Trout OF Brandon Nimmo OF Andy Pages P Eric Lauer P Cal Quantrill SS Mookie Betts,,,
184,5216821285,zvolm1012 (3/10),0,109.100006,1B Jake Burger 2B Nicky Lopez 3B Ezequiel Duran C Moises Ballesteros OF Mike Trout OF Brandon Nimmo OF Shohei Ohtani P Eric Lauer P Cal Quantrill SS Corey Seager,,,
189,5216764171,hasco,0,108.350006,1B Joc Pederson 2B Vaughn Grissom 3B Max Muncy C Salvador Perez OF Mike Trout OF Shohei Ohtani OF Andy Pages P Eric Lauer P George Klassen SS Zach Neto,,,
189,5216766906,tonytone1023,0,108.350006,1B Shohei Ohtani 2B Oswald Peraza 3B Max Muncy C Moises Ballesteros OF Mike Trout OF Andy Pages OF Jac Caglianone P Eric Lauer P George Klassen SS Zach Neto,,,
189,5216769427,Ryan2984,0,108.350006,1B Jac Caglianone 2B Oswald Peraza 3B Max Muncy C Carter Jensen OF Mike Trout OF Brandon Nimmo OF Shohei Ohtani P Eric Lauer P George Klassen SS Mookie Betts,,,
189,5216825067,smack152,0,108.350006,1B Shohei Ohtani 2B Vaughn Grissom 3B Ezequiel Duran C Hunter Feduccia OF Mike Trout OF Brandon Nimmo OF Andy Pages P Eric Lauer P George Klassen SS Zach Neto,,,
189,5216828279,Caryg07 (1/20),0,108.350006,1B Nolan Schanuel 2B Oswald Peraza 3B Vaughn Grissom C Moises Ballesteros OF Mike Trout OF Shohei Ohtani OF Jac Caglianone P Eric Lauer P George Klassen SS Bobby Witt Jr.,,,
189,5216828281,Caryg07 (3/20),0,108.350006,1B Freddie Freeman 2B Vaughn Grissom 3B Ezequiel Duran C Moises Ballesteros OF Mike Trout OF Shohei Ohtani OF Wade Meckler P Eric Lauer P George Klassen SS Zach Neto,,,
189,5216834726,Navare1212 (2/3),0,108.350006,1B Jac Caglianone 2B Vaughn Grissom 3B Ezequiel Duran C Salvador Perez OF Mike Trout OF Shohei Ohtani OF Wade Meckler P Eric Lauer P George Klassen SS Zach Neto,,,
196,5216753465,JimAnna,0,108.100006,1B Shohei Ohtani 2B Miguel Rojas 3B Max Muncy C Salvador Perez OF Mike Trout OF Kyle Tucker OF Andy Pages P Eric Lauer P Cal Quantrill SS Zach Neto,,,
196,5216765354,tybry85 (5/20),0,108.100006,1B Freddie Freeman 2B Miguel Rojas 3B Ezequiel Duran C Salvador Perez OF Shohei Ohtani OF Kyle Tucker OF Andy Pages P Eric Lauer P Cal Quantrill SS Corey Seager,,,
196,5216765355,tybry85 (6/20),0,108.100006,1B Joc Pederson 2B Miguel Rojas 3B Ezequiel Duran C Salvador Perez OF Brandon Nimmo OF Shohei Ohtani OF Andy Pages P Eric Lauer P Cal Quantrill SS Corey Seager,,,
196,5216791690,brielly1972 (4/5),0,108.100006,1B Joc Pederson 2B Miguel Rojas 3B Ezequiel Duran C Moises Ballesteros OF Brandon Nimmo OF Shohei Ohtani OF Andy Pages P Eric Lauer P Cal Quantrill SS Corey Seager,,,
196,5216791859,driftingon,0,108.100006,1B Shohei Ohtani 2B Miguel Rojas 3B Max Muncy C Salvador Perez OF Mike Trout OF Kyle Tucker OF Andy Pages P Eric Lauer P Cal Quantrill SS Zach Neto,,,
196,5216792655,lenn221 (7/9),0,108.100006,1B Freddie Freeman 2B Oswald Peraza 3B Vaughn Grissom C Salvador Perez OF Mike Trout OF Shohei Ohtani OF Andy Pages P Eric Lauer P Cal Quantrill SS Zach Neto,,,
196,5216797137,DoloMitex478 (3/20),0,108.100006,1B Joc Pederson 2B Nicky Lopez 3B Ezequiel Duran C Hunter Feduccia OF Brandon Nimmo OF Shohei Ohtani OF Andy Pages P Eric Lauer P Cal Quantrill SS Corey Seager,,,
196,5216812839,thecowboys221,0,108.100006,1B Freddie Freeman 2B Vaughn Grissom 3B Ezequiel Duran C Hunter Feduccia OF Shohei Ohtani OF Kyle Tucker OF Andy Pages P Eric Lauer P Cal Quantrill SS Corey Seager,,,
196,5216837325,wavesweb (2/5),0,108.100006,1B Freddie Freeman 2B Miguel Rojas 3B Max Muncy C Elias Diaz OF Mike Trout OF Shohei Ohtani OF Wade Meckler P Eric Lauer P Cal Quantrill SS Bobby Witt Jr.,,,
196,5216846719,Clink,0,108.100006,1B Shohei Ohtani 2B Vaughn Grissom 3B Max Muncy C Elias Diaz OF Mike Trout OF Brandon Nimmo OF Andy Pages P Eric Lauer P Cal Quantrill SS Corey Seager,,,
196,5216848704,xXxPLOSIVE (1/3),0,108.100006,1B Freddie Freeman 2B Miguel Rojas 3B Ezequiel Duran C Salvador Perez OF Shohei Ohtani OF Kyle Tucker OF Andy Pages P Eric Lauer P Cal Quantrill SS Corey Seager,,,
196,5216848705,xXxPLOSIVE (2/3),0,108.100006,1B Freddie Freeman 2B Miguel Rojas 3B Ezequiel Duran C Salvador Perez OF Shohei Ohtani OF Kyle Tucker OF Andy Pages P Eric Lauer P Cal Quantrill SS Corey Seager,,,
196,5216848706,xXxPLOSIVE (3/3),0,108.100006,1B Freddie Freeman 2B Miguel Rojas 3B Ezequiel Duran C Salvador Perez OF Shohei Ohtani OF Kyle Tucker OF Andy Pages P Eric Lauer P Cal Quantrill SS Corey Seager,,,
209,5216787653,BanecKapital,0,107.350006,1B Freddie Freeman 2B Oswald Peraza 3B Max Muncy C Moises Ballesteros OF Mike Trout OF Shohei Ohtani OF Kyle Tucker P Eric Lauer P George Klassen SS Zach Neto,,,
209,5216803590,sellputs (1/3),0,107.350006,1B Freddie Freeman 2B Oswald Peraza 3B Max Muncy C Moises Ballesteros OF Mike Trout OF Shohei Ohtani OF Kyle Tucker P Eric Lauer P George Klassen SS Zach Neto,,,
209,5216809601,Raxson,0,107.350006,1B Freddie Freeman 2B Oswald Peraza 3B Max Muncy C Moises Ballesteros OF Mike Trout OF Shohei Ohtani OF Kyle Tucker P Eric Lauer P George Klassen SS Zach Neto,,,
209,5216816285,calnuss,0,107.350006,1B Nolan Schanuel 2B Oswald Peraza 3B Max Muncy C Salvador Perez OF Mike Trout OF Shohei Ohtani OF Jac Caglianone P Eric Lauer P George Klassen SS Zach Neto,,,
209,5216818186,mohbah7,0,107.350006,1B Freddie Freeman 2B Oswald Peraza 3B Max Muncy C Moises Ballesteros OF Mike Trout OF Shohei Ohtani OF Kyle Tucker P Eric Lauer P George Klassen SS Zach Neto,,,
209,5216835509,calex943,0,107.350006,1B Shohei Ohtani 2B Oswald Peraza 3B Max Muncy C Salvador Perez OF Mike Trout OF Kyle Tucker OF Jac Caglianone P Eric Lauer P George Klassen SS Zach Neto,,,
215,5216745711,beisbol7,0,107.100006,1B Freddie Freeman 2B Miguel Rojas 3B Vaughn Grissom C Salvador Perez OF Brandon Nimmo OF Shohei Ohtani OF Jac Caglianone P Eric Lauer P Cal Quantrill SS Mookie Betts,,,
215,5216760472,nomoemoney,0,107.100006,1B Joc Pederson 2B Miguel Rojas 3B Max Muncy C Carter Jensen OF Mike Trout OF Shohei Ohtani OF Wade Meckler P Eric Lauer P Cal Quantrill SS Bobby Witt Jr.,,,
215,5216763809,dano27161,0,107.100006,1B Shohei Ohtani 2B Nicky Lopez 3B Ezequiel Duran C Carter Jensen OF Mike Trout OF Kyle Tucker OF Andy Pages P Eric Lauer P Cal Quantrill SS Corey Seager,,,
215,5216770338,TSmith12615 (12/20),0,107.100006,1B Freddie Freeman 2B Nicky Lopez 3B Max Muncy C Hunter Feduccia OF Mike Trout OF Brandon Nimmo OF Shohei Ohtani P Eric Lauer P Cal Quantrill SS Bobby Witt Jr.,,,
215,5216782591,bigdave55er,0,107.100006,1B Jac Caglianone 2B Miguel Rojas 3B Max Muncy C Moises Ballesteros OF Mike Trout OF Brandon Nimmo OF Shohei Ohtani P Eric Lauer P Cal Quantrill SS Bobby Witt Jr.,,,
215,5216790443,raiderz18,0,107.100006,1B Freddie Freeman 2B Vaughn Grissom 3B Nick Loftin C Carter Jensen OF Mike Trout OF Brandon Nimmo OF Shohei Ohtani P Eric Lauer P Cal Quantrill SS Corey Seager,,,
215,5216792095,Bohica_Bruisers9,0,107.100006,1B Jac Caglianone 2B Vaughn Grissom 3B Max Muncy C Elias Diaz OF Mike Trout OF Brandon Nimmo OF Shohei Ohtani P Eric Lauer P Cal Quantrill SS Mookie Betts,,,
215,5216804619,Greed603,0,107.100006,1B Freddie Freeman 2B Vaughn Grissom 3B Max Muncy C Elias Diaz OF Mike Trout OF Brandon Nimmo OF Shohei Ohtani P Eric Lauer P Cal Quantrill SS Mookie Betts,,,
215,5216837326,wavesweb (3/5),0,107.100006,1B Freddie Freeman 2B Nicky Lopez 3B Max Muncy C Hunter Feduccia OF Mike Trout OF Brandon Nimmo OF Shohei Ohtani P Eric Lauer P Cal Quantrill SS Bobby Witt Jr.,,,
215,5216851533,haitiankid79 (2/2),0,107.100006,1B Joc Pederson 2B Miguel Rojas 3B Max Muncy C Salvador Perez OF Brandon Nimmo OF Shohei Ohtani OF Jac Caglianone P Eric Lauer P Cal Quantrill SS Mookie Betts,,,
225,5216753356,JJSaenz (3/20),0,106.350006,1B Shohei Ohtani 2B Miguel Rojas 3B Max Muncy C Moises Ballesteros OF Mike Trout OF Teoscar Hernandez OF Kyle Tucker P Eric Lauer P George Klassen SS Bobby Witt Jr.,,,
225,5216796351,kreller17 (3/10),0,106.350006,1B Freddie Freeman 2B Miguel Rojas 3B Ezequiel Duran C Hunter Feduccia OF Mike Trout OF Isaac Collins OF Andy Pages P Cal Quantrill P George Klassen SS Mookie Betts,,,
225,5216828280,Caryg07 (2/20),0,106.350006,1B Nolan Schanuel 2B Oswald Peraza 3B Max Muncy C Moises Ballesteros OF Mike Trout OF Shohei Ohtani OF Wade Meckler P Eric Lauer P George Klassen SS Bobby Witt Jr.,,,
225,5216830202,Wanna_Square_Up1567 (14/20),0,106.350006,1B Freddie Freeman 2B Miguel Rojas 3B Nick Loftin C Hunter Feduccia OF Shohei Ohtani OF Andy Pages OF Jac Caglianone P Eric Lauer P George Klassen SS Bobby Witt Jr.,,,
225,5216848991,Dr__D,0,106.350006,1B Jac Caglianone 2B Vaughn Grissom 3B Ezequiel Duran C Carter Jensen OF Mike Trout OF Brandon Nimmo OF Shohei Ohtani P Eric Lauer P George Klassen SS Mookie Betts,,,
230,5216753381,kbrisacher (7/20),0,106.100006,1B Joc Pederson 2B Miguel Rojas 3B Max Muncy C Elias Diaz OF Shohei Ohtani OF Kyle Tucker OF Andy Pages P Eric Lauer P Cal Quantrill SS Corey Seager,,,
230,5216765358,tybry85 (9/20),0,106.100006,1B Freddie Freeman 2B Miguel Rojas 3B Max Muncy C Salvador Perez OF Brandon Nimmo OF Shohei Ohtani OF Andy Pages P Eric Lauer P Cal Quantrill SS Corey Seager,,,
230,5216779838,gooey911,0,106.100006,1B Joc Pederson 2B Vaughn Grissom 3B Max Muncy C Moises Ballesteros OF Mike Trout OF Shohei Ohtani OF Andy Pages P Eric Lauer P Cal Quantrill SS Zach Neto,,,
230,5216797146,DoloMitex478 (12/20),0,106.100006,1B Joc Pederson 2B Miguel Rojas 3B Ezequiel Duran C Elias Diaz OF Teoscar Hernandez OF Shohei Ohtani OF Jac Caglianone P Eric Lauer P Cal Quantrill SS Corey Seager,,,
230,5216800783,gunner355 (2/4),0,106.100006,1B Freddie Freeman 2B Nicky Lopez 3B Denzer Guzman C Moises Ballesteros OF Mike Trout OF Kyle Tucker OF Jac Caglianone P Eric Lauer P Cal Quantrill SS Mookie Betts,,,
230,5216813538,GetEmDucky,0,106.100006,1B Jac Caglianone 2B Miguel Rojas 3B Ezequiel Duran C Elias Diaz OF Mike Trout OF Shohei Ohtani OF Andy Pages P Eric Lauer P Cal Quantrill SS Bobby Witt Jr.,,,
230,5216814246,Nvremailme,0,106.100006,1B Joc Pederson 2B Vaughn Grissom 3B Ezequiel Duran C Salvador Perez OF Mike Trout OF Shohei Ohtani OF Andy Pages P Eric Lauer P Cal Quantrill SS Zach Neto,,,
237,5216753382,kbrisacher (8/20),0,105.350006,1B Freddie Freeman 2B Oswald Peraza 3B Denzer Guzman C Hunter Feduccia OF Mike Trout OF Teoscar Hernandez OF Wade Meckler P Eric Lauer P George Klassen SS Zach Neto,,,
237,5216769452,iverson333,0,105.350006,1B Shohei Ohtani 2B Vaughn Grissom 3B Max Muncy C Moises Ballesteros OF Mike Trout OF Kyle Tucker OF Jac Caglianone P Eric Lauer P George Klassen SS Zach Neto,,,
237,5216775712,dhaval60194 (5/10),0,105.350006,1B Shohei Ohtani 2B Oswald Peraza 3B Max Muncy C Moises Ballesteros OF Mike Trout OF Kyle Tucker OF Andy Pages P Eric Lauer P George Klassen SS Zach Neto,,,
237,5216780481,POPPOP750 (1/2),0,105.350006,1B Shohei Ohtani 2B Oswald Peraza 3B Max Muncy C Moises Ballesteros OF Mike Trout OF Kyle Tucker OF Andy Pages P Eric Lauer P George Klassen SS Zach Neto,,,
237,5216785417,budaman3195 (1/3),0,105.350006,1B Shohei Ohtani 2B Vaughn Grissom 3B Ezequiel Duran C Salvador Perez OF Mike Trout OF Andy Pages OF Wade Meckler P Eric Lauer P George Klassen SS Bobby Witt Jr.,,,
237,5216787925,d084288 (2/2),0,105.350006,1B Nolan Schanuel 2B Oswald Peraza 3B Nick Loftin C Moises Ballesteros OF Mike Trout OF Shohei Ohtani OF Andy Pages P Eric Lauer P George Klassen SS Zach Neto,,,
237,5216809952,pittjj95 (3/5),0,105.350006,1B Shohei Ohtani 2B Oswald Peraza 3B Max Muncy C Salvador Perez OF Mike Trout OF Starling Marte OF Andy Pages P Eric Lauer P George Klassen SS Bobby Witt Jr.,,,
237,5216821467,warwick.maulers,0,105.350006,1B Shohei Ohtani 2B Nicky Lopez 3B Ezequiel Duran C Elias Diaz OF Mike Trout OF Andy Pages OF Jac Caglianone P Cal Quantrill P George Klassen SS Mookie Betts,,,
237,5216828285,Caryg07 (7/20),0,105.350006,1B Nolan Schanuel 2B Vaughn Grissom 3B Max Muncy C Salvador Perez OF Mike Trout OF Shohei Ohtani OF Wade Meckler P Eric Lauer P George Klassen SS Zach Neto,,,
237,5216829334,mulle186,0,105.350006,1B Shohei Ohtani 2B Oswald Peraza 3B Max Muncy C Moises Ballesteros OF Mike Trout OF Kyle Tucker OF Andy Pages P Eric Lauer P George Klassen SS Zach Neto,,,
237,5216839363,quiknificent1 (2/2),0,105.350006,1B Salvador Perez 2B Miguel Rojas 3B Denzer Guzman C Moises Ballesteros OF Mike Trout OF Josh Lowe OF Wade Meckler P Eric Lauer P George Klassen SS Tyler Tolbert,,,
237,5216841955,kford23,0,105.350006,1B Freddie Freeman 2B Vaughn Grissom 3B Max Muncy C Salvador Perez OF Mike Trout OF Shohei Ohtani OF Isaac Collins P Eric Lauer P George Klassen SS Zach Neto,,,
237,5216842599,manselmo,0,105.350006,1B Freddie Freeman 2B Miguel Rojas 3B Nick Loftin C Salvador Perez OF Mike Trout OF Shohei Ohtani OF Andy Pages P Cal Quantrill P George Klassen SS Bobby Witt Jr.,,,
250,5216769208,Tall_Texan,0,105.100006,1B Joc Pederson 2B Nicky Lopez 3B Max Muncy C Salvador Perez OF Mike Trout OF Shohei Ohtani OF Andy Pages P Eric Lauer P Cal Quantrill SS Bobby Witt Jr.,,,
250,5216770341,TSmith12615 (15/20),0,105.100006,1B Joc Pederson 2B Miguel Rojas 3B Ezequiel Duran C Moises Ballesteros OF Brandon Nimmo OF Shohei Ohtani OF Jarred Kelenic P Eric Lauer P Cal Quantrill SS Corey Seager,,,
250,5216781616,Mrboldface,0,105.100006,1B Jac Caglianone 2B Miguel Rojas 3B Nick Loftin C Elias Diaz OF Mike Trout OF Shohei Ohtani OF Kyle Tucker P Eric Lauer P Cal Quantrill SS Bobby Witt Jr.,,,
250,5216790368,DanDePo,0,105.100006,1B Joc Pederson 2B Miguel Rojas 3B Max Muncy C Elias Diaz OF Mike Trout OF Brandon Nimmo OF Shohei Ohtani P Eric Lauer P Cal Quantrill SS Bobby Witt Jr.,,,
250,5216797139,DoloMitex478 (5/20),0,105.100006,1B Freddie Freeman 2B Vaughn Grissom 3B Ezequiel Duran C Hunter Feduccia OF Brandon Nimmo OF Shohei Ohtani OF Kyle Tucker P Eric Lauer P Cal Quantrill SS Corey Seager,,,
250,5216800544,pittjj95 (1/5),0,105.100006,1B Shohei Ohtani 2B Miguel Rojas 3B Max Muncy C Moises Ballesteros OF Mike Trout OF Brandon Nimmo OF Andy Pages P Eric Lauer P Cal Quantrill SS Bobby Witt Jr.,,,
250,5216806781,birdsflyinghigh21,0,105.100006,1B Jake Burger 2B Vaughn Grissom 3B Ezequiel Duran C Carter Jensen OF Mike Trout OF Shohei Ohtani OF Andy Pages P Eric Lauer P Cal Quantrill SS Corey Seager,,,
250,5216809597,upsmarc94,0,105.100006,1B Joc Pederson 2B Vaughn Grissom 3B Ezequiel Duran C Salvador Perez OF Mike Trout OF Shohei Ohtani OF Andy Pages P Eric Lauer P Cal Quantrill SS Bobby Witt Jr.,,,
250,5216814257,Titanjeep,0,105.100006,1B Jac Caglianone 2B Nicky Lopez 3B Ezequiel Duran C Salvador Perez OF Mike Trout OF Shohei Ohtani OF Wade Meckler P Eric Lauer P Cal Quantrill SS Bobby Witt Jr.,,,
250,5216828287,Caryg07 (9/20),0,105.100006,1B Jake Burger 2B Vaughn Grissom 3B Max Muncy C Elias Diaz OF Mike Trout OF Brandon Nimmo OF Shohei Ohtani P Eric Lauer P Cal Quantrill SS Corey Seager,,,
250,5216830204,Wanna_Square_Up1567 (16/20),0,105.100006,1B Freddie Freeman 2B Miguel Rojas 3B Max Muncy C Salvador Perez OF Brandon Nimmo OF Shohei Ohtani OF Evan Carter P Eric Lauer P Cal Quantrill SS Mookie Betts,,,
250,5216845288,cosmoney (1/2),0,105.100006,1B Jake Burger 2B Miguel Rojas 3B Ezequiel Duran C Salvador Perez OF Mike Trout OF Shohei Ohtani OF Andy Pages P Eric Lauer P Cal Quantrill SS Bobby Witt Jr.,,,
262,5216796358,kreller17 (10/10),0,104.8,1B Joc Pederson 2B Oswald Peraza 3B Ezequiel Duran C Moises Ballesteros OF Mike Trout OF Brandon Nimmo OF Shohei Ohtani P Eric Lauer P Mason Black SS Corey Seager,,,
263,5216767952,erishute,0,104.350006,1B Nolan Schanuel 2B Vaughn Grissom 3B Ezequiel Duran C Moises Ballesteros OF Mike Trout OF Shohei Ohtani OF Jac Caglianone P Eric Lauer P George Klassen SS Bobby Witt Jr.,,,
263,5216811611,DigitalDreams (10/10),0,104.350006,1B Nolan Schanuel 2B Oswald Peraza 3B Max Muncy C Moises Ballesteros OF Mike Trout OF Shohei Ohtani OF Andy Pages P Eric Lauer P George Klassen SS Bobby Witt Jr.,,,
263,5216822895,BUDBOYZ (1/2),0,104.350006,1B Nolan Schanuel 2B Vaughn Grissom 3B Max Muncy C Moises Ballesteros OF Mike Trout OF Shohei Ohtani OF Wade Meckler P Eric Lauer P George Klassen SS Bobby Witt Jr.,,,
266,5216753354,JJSaenz (1/20),0,104.100006,1B Freddie Freeman 2B Miguel Rojas 3B Ezequiel Duran C Elias Diaz OF Shohei Ohtani OF Evan Carter OF Jarred Kelenic P Eric Lauer P Cal Quantrill SS Corey Seager,,,
266,5216757133,Elwaysarmy (16/20),0,104.100006,1B Joc Pederson 2B Miguel Rojas 3B Ezequiel Duran C Salvador Perez OF Teoscar Hernandez OF Shohei Ohtani OF Kyle Tucker P Eric Lauer P Cal Quantrill SS Mookie Betts,,,
266,5216797136,DoloMitex478 (2/20),0,104.100006,1B Joc Pederson 2B Miguel Rojas 3B Ezequiel Duran C Elias Diaz OF Brandon Nimmo OF Shohei Ohtani OF Andy Pages P Eric Lauer P Cal Quantrill SS Corey Seager,,,
266,5216797140,DoloMitex478 (6/20),0,104.100006,1B Freddie Freeman 2B Nicky Lopez 3B Ezequiel Duran C Salvador Perez OF Shohei Ohtani OF Andy Pages OF Evan Carter P Eric Lauer P Cal Quantrill SS Corey Seager,,,
266,5216797143,DoloMitex478 (9/20),0,104.100006,1B Joc Pederson 2B Miguel Rojas 3B Nick Loftin C Elias Diaz OF Brandon Nimmo OF Shohei Ohtani OF Andy Pages P Eric Lauer P Cal Quantrill SS Corey Seager,,,
266,5216797645,CactusJack52,0,104.100006,1B Freddie Freeman 2B Vaughn Grissom 3B Nick Loftin C Salvador Perez OF Mike Trout OF Shohei Ohtani OF Andy Pages P Eric Lauer P Cal Quantrill SS Zach Neto,,,
266,5216828288,Caryg07 (10/20),0,104.100006,1B Jake Burger 2B Oswald Peraza 3B Ezequiel Duran C Carter Jensen OF Mike Trout OF Brandon Nimmo OF Shohei Ohtani P Eric Lauer P Cal Quantrill SS Corey Seager,,,
266,5216828298,Caryg07 (20/20),0,104.100006,1B Freddie Freeman 2B Miguel Rojas 3B Ezequiel Duran C Elias Diaz OF Shohei Ohtani OF Kyle Tucker OF Andy Pages P Eric Lauer P Cal Quantrill SS Corey Seager,,,
266,5216829867,lg6493,0,104.100006,1B Joc Pederson 2B Miguel Rojas 3B Ezequiel Duran C Elias Diaz OF Brandon Nimmo OF Shohei Ohtani OF Andy Pages P Eric Lauer P Cal Quantrill SS Corey Seager,,,
266,5216833697,bigdaddyfatty (3/6),0,104.100006,1B Freddie Freeman 2B Miguel Rojas 3B Ezequiel Duran C Elias Diaz OF Shohei Ohtani OF Kyle Tucker OF Andy Pages P Eric Lauer P Cal Quantrill SS Corey Seager,,,
266,5216837261,1elkdaking,0,104.100006,1B Freddie Freeman 2B Vaughn Grissom 3B Nick Loftin C Salvador Perez OF Mike Trout OF Shohei Ohtani OF Andy Pages P Eric Lauer P Cal Quantrill SS Zach Neto,,,
266,5216840808,Briguy20181 (3/5),0,104.100006,1B Shohei Ohtani 2B Vaughn Grissom 3B Ezequiel Duran C Carter Jensen OF Mike Trout OF Teoscar Hernandez OF Jac Caglianone P Eric Lauer P Cal Quantrill SS Mookie Betts,,,
266,5216840845,Briguy20181 (4/5),0,104.100006,1B Shohei Ohtani 2B Vaughn Grissom 3B Ezequiel Duran C Carter Jensen OF Mike Trout OF Teoscar Hernandez OF Jac Caglianone P Eric Lauer P Cal Quantrill SS Mookie Betts,,,
266,5216841196,Briguy20181 (5/5),0,104.100006,1B Shohei Ohtani 2B Vaughn Grissom 3B Ezequiel Duran C Carter Jensen OF Mike Trout OF Teoscar Hernandez OF Jac Caglianone P Eric Lauer P Cal Quantrill SS Mookie Betts,,,
266,5216820820,Sceyenceguy,0,104.1,1B Freddie Freeman 2B Miguel Rojas 3B Ezequiel Duran C Hunter Feduccia OF Shohei Ohtani OF Andy Pages OF Jac Caglianone P Eric Lauer P Cal Quantrill SS Bobby Witt Jr.,,,
281,5216792643,reycito21 (3/4),0,103.8,1B Freddie Freeman 2B Vaughn Grissom 3B Ezequiel Duran C Salvador Perez OF Mike Trout OF Shohei Ohtani OF Andy Pages P Eric Lauer P Mason Black SS Corey Seager,,,
282,5216753360,JJSaenz (7/20),0,103.350006,1B Shohei Ohtani 2B Miguel Rojas 3B Max Muncy C Moises Ballesteros OF Teoscar Hernandez OF Brandon Nimmo OF Andy Pages P Eric Lauer P George Klassen SS Corey Seager,,,
282,5216765352,tybry85 (3/20),0,103.350006,1B Shohei Ohtani 2B Vaughn Grissom 3B Ezequiel Duran C Moises Ballesteros OF Mike Trout OF Kyle Tucker OF Andy Pages P Eric Lauer P George Klassen SS Zach Neto,,,
282,5216769209,Brauner1689 (2/2),0,103.350006,1B Freddie Freeman 2B Vaughn Grissom 3B Max Muncy C Moises Ballesteros OF Shohei Ohtani OF Andy Pages OF Wade Meckler P Eric Lauer P George Klassen SS Mookie Betts,,,
282,5216770332,TSmith12615 (6/20),0,103.350006,1B Nolan Schanuel 2B Vaughn Grissom 3B Max Muncy C Moises Ballesteros OF Mike Trout OF Shohei Ohtani OF Andy Pages P Eric Lauer P George Klassen SS Zach Neto,,,
282,5216775709,dhaval60194 (2/10),0,103.350006,1B Freddie Freeman 2B Vaughn Grissom 3B Max Muncy C Moises Ballesteros OF Mike Trout OF Teoscar Hernandez OF Shohei Ohtani P Eric Lauer P George Klassen SS Zach Neto,,,
282,5216788630,reycito21 (2/4),0,103.350006,1B Nolan Schanuel 2B Vaughn Grissom 3B Max Muncy C Salvador Perez OF Mike Trout OF Shohei Ohtani OF Andy Pages P Eric Lauer P George Klassen SS Zach Neto,,,
282,5216823628,FATEFELLSHORT (1/20),0,103.350006,1B Freddie Freeman 2B Vaughn Grissom 3B Max Muncy C Moises Ballesteros OF Shohei Ohtani OF Kyle Tucker OF Andy Pages P Eric Lauer P George Klassen SS Corey Seager,,,
282,5216823629,FATEFELLSHORT (2/20),0,103.350006,1B Freddie Freeman 2B Vaughn Grissom 3B Max Muncy C Moises Ballesteros OF Shohei Ohtani OF Kyle Tucker OF Andy Pages P Eric Lauer P George Klassen SS Corey Seager,,,
282,5216823630,FATEFELLSHORT (3/20),0,103.350006,1B Freddie Freeman 2B Vaughn Grissom 3B Max Muncy C Moises Ballesteros OF Shohei Ohtani OF Kyle Tucker OF Andy Pages P Eric Lauer P George Klassen SS Corey Seager,,,
282,5216823631,FATEFELLSHORT (4/20),0,103.350006,1B Freddie Freeman 2B Vaughn Grissom 3B Max Muncy C Moises Ballesteros OF Shohei Ohtani OF Kyle Tucker OF Andy Pages P Eric Lauer P George Klassen SS Corey Seager,,,
282,5216823632,FATEFELLSHORT (5/20),0,103.350006,1B Freddie Freeman 2B Vaughn Grissom 3B Max Muncy C Moises Ballesteros OF Shohei Ohtani OF Kyle Tucker OF Andy Pages P Eric Lauer P George Klassen SS Corey Seager,,,
282,5216823633,FATEFELLSHORT (6/20),0,103.350006,1B Freddie Freeman 2B Vaughn Grissom 3B Max Muncy C Moises Ballesteros OF Shohei Ohtani OF Kyle Tucker OF Andy Pages P Eric Lauer P George Klassen SS Corey Seager,,,
282,5216823634,FATEFELLSHORT (7/20),0,103.350006,1B Freddie Freeman 2B Vaughn Grissom 3B Max Muncy C Moises Ballesteros OF Shohei Ohtani OF Kyle Tucker OF Andy Pages P Eric Lauer P George Klassen SS Corey Seager,,,
282,5216823635,FATEFELLSHORT (8/20),0,103.350006,1B Freddie Freeman 2B Vaughn Grissom 3B Max Muncy C Moises Ballesteros OF Shohei Ohtani OF Kyle Tucker OF Andy Pages P Eric Lauer P George Klassen SS Corey Seager,,,
282,5216823636,FATEFELLSHORT (9/20),0,103.350006,1B Freddie Freeman 2B Vaughn Grissom 3B Max Muncy C Moises Ballesteros OF Shohei Ohtani OF Kyle Tucker OF Andy Pages P Eric Lauer P George Klassen SS Corey Seager,,,
282,5216823637,FATEFELLSHORT (10/20),0,103.350006,1B Freddie Freeman 2B Vaughn Grissom 3B Max Muncy C Moises Ballesteros OF Shohei Ohtani OF Kyle Tucker OF Andy Pages P Eric Lauer P George Klassen SS Corey Seager,,,
282,5216823638,FATEFELLSHORT (11/20),0,103.350006,1B Freddie Freeman 2B Vaughn Grissom 3B Max Muncy C Moises Ballesteros OF Shohei Ohtani OF Kyle Tucker OF Andy Pages P Eric Lauer P George Klassen SS Corey Seager,,,
282,5216823639,FATEFELLSHORT (12/20),0,103.350006,1B Freddie Freeman 2B Vaughn Grissom 3B Max Muncy C Moises Ballesteros OF Shohei Ohtani OF Kyle Tucker OF Andy Pages P Eric Lauer P George Klassen SS Corey Seager,,,
282,5216823640,FATEFELLSHORT (13/20),0,103.350006,1B Freddie Freeman 2B Vaughn Grissom 3B Max Muncy C Moises Ballesteros OF Shohei Ohtani OF Kyle Tucker OF Andy Pages P Eric Lauer P George Klassen SS Corey Seager,,,
282,5216823641,FATEFELLSHORT (14/20),0,103.350006,1B Freddie Freeman 2B Vaughn Grissom 3B Max Muncy C Moises Ballesteros OF Shohei Ohtani OF Kyle Tucker OF Andy Pages P Eric Lauer P George Klassen SS Corey Seager,,,
282,5216823642,FATEFELLSHORT (15/20),0,103.350006,1B Freddie Freeman 2B Vaughn Grissom 3B Max Muncy C Moises Ballesteros OF Shohei Ohtani OF Kyle Tucker OF Andy Pages P Eric Lauer P George Klassen SS Corey Seager,,,
282,5216823643,FATEFELLSHORT (16/20),0,103.350006,1B Freddie Freeman 2B Vaughn Grissom 3B Max Muncy C Moises Ballesteros OF Shohei Ohtani OF Kyle Tucker OF Andy Pages P Eric Lauer P George Klassen SS Corey Seager,,,
282,5216823644,FATEFELLSHORT (17/20),0,103.350006,1B Freddie Freeman 2B Vaughn Grissom 3B Max Muncy C Moises Ballesteros OF Shohei Ohtani OF Kyle Tucker OF Andy Pages P Eric Lauer P George Klassen SS Corey Seager,,,
282,5216823645,FATEFELLSHORT (18/20),0,103.350006,1B Freddie Freeman 2B Vaughn Grissom 3B Max Muncy C Moises Ballesteros OF Shohei Ohtani OF Kyle Tucker OF Andy Pages P Eric Lauer P George Klassen SS Corey Seager,,,
282,5216823646,FATEFELLSHORT (19/20),0,103.350006,1B Freddie Freeman 2B Vaughn Grissom 3B Max Muncy C Moises Ballesteros OF Shohei Ohtani OF Kyle Tucker OF Andy Pages P Eric Lauer P George Klassen SS Corey Seager,,,
282,5216823647,FATEFELLSHORT (20/20),0,103.350006,1B Freddie Freeman 2B Vaughn Grissom 3B Max Muncy C Moises Ballesteros OF Shohei Ohtani OF Kyle Tucker OF Andy Pages P Eric Lauer P George Klassen SS Corey Seager,,,
282,5216827712,mrvotinh (2/2),0,103.350006,1B Joc Pederson 2B Vaughn Grissom 3B Ezequiel Duran C Carter Jensen OF Mike Trout OF Shohei Ohtani OF Jac Caglianone P Eric Lauer P George Klassen SS Zach Neto,,,
282,5216828058,DeMarcoble1,0,103.350006,1B Freddie Freeman 2B Vaughn Grissom 3B Max Muncy C Moises Ballesteros OF Shohei Ohtani OF Andy Pages OF Jac Caglianone P Eric Lauer P George Klassen SS Mookie Betts,,,
282,5216830192,Wanna_Square_Up1567 (4/20),0,103.350006,1B Freddie Freeman 2B Vaughn Grissom 3B Max Muncy C Moises Ballesteros OF Shohei Ohtani OF Andy Pages OF Jac Caglianone P Eric Lauer P George Klassen SS Mookie Betts,,,
282,5216835839,LadyNoLuck (2/2),0,103.350006,1B Freddie Freeman 2B Vaughn Grissom 3B Max Muncy C Moises Ballesteros OF Shohei Ohtani OF Andy Pages OF Wade Meckler P Eric Lauer P George Klassen SS Mookie Betts,,,
282,5216836482,BUDBOYZ (2/2),0,103.350006,1B Nolan Schanuel 2B Oswald Peraza 3B Max Muncy C Salvador Perez OF Mike Trout OF Shohei Ohtani OF Kyle Tucker P Eric Lauer P George Klassen SS Bobby Witt Jr.,,,
282,5216849597,kendall1145 (2/2),0,103.350006,1B Freddie Freeman 2B Vaughn Grissom 3B Max Muncy C Moises Ballesteros OF Mike Trout OF Brandon Nimmo OF Shohei Ohtani P Eric Lauer P George Klassen SS Zach Neto,,,
314,5216745294,cappncrunch (2/2),0,103.100006,1B Freddie Freeman 2B Miguel Rojas 3B Nick Loftin C Carter Jensen OF Mike Trout OF Shohei Ohtani OF Kyle Tucker P Eric Lauer P Cal Quantrill SS Zach Neto,,,
314,5216753391,kbrisacher (17/20),0,103.100006,1B Freddie Freeman 2B Nicky Lopez 3B Ezequiel Duran C Hunter Feduccia OF Brandon Nimmo OF Shohei Ohtani OF Andy Pages P Eric Lauer P Cal Quantrill SS Mookie Betts,,,
314,5216755870,TSmith12615 (3/20),0,103.100006,1B Jake Burger 2B Miguel Rojas 3B Max Muncy C Salvador Perez OF Shohei Ohtani OF Andy Pages OF Evan Carter P Eric Lauer P Cal Quantrill SS Mookie Betts,,,
314,5216765350,tybry85 (1/20),0,103.100006,1B Shohei Ohtani 2B Miguel Rojas 3B Max Muncy C Salvador Perez OF Brandon Nimmo OF Kyle Tucker OF Andy Pages P Eric Lauer P Cal Quantrill SS Corey Seager,,,
314,5216771201,behindbars (1/3),0,103.100006,1B Nolan Schanuel 2B Vaughn Grissom 3B Max Muncy C Salvador Perez OF Mike Trout OF Shohei Ohtani OF Jac Caglianone P Eric Lauer P Cal Quantrill SS Zach Neto,,,
314,5216777541,sharksbay99 (2/4),0,103.100006,1B Shohei Ohtani 2B Miguel Rojas 3B Ezequiel Duran C Moises Ballesteros OF Brandon Nimmo OF Kyle Tucker OF Andy Pages P Eric Lauer P Cal Quantrill SS Corey Seager,,,
314,5216777578,World_Domination67,0,103.100006,1B Nolan Schanuel 2B Vaughn Grissom 3B Max Muncy C Salvador Perez OF Mike Trout OF Shohei Ohtani OF Jac Caglianone P Eric Lauer P Cal Quantrill SS Zach Neto,,,
314,5216780467,Jramsey7 (1/2),0,103.100006,1B Freddie Freeman 2B Miguel Rojas 3B Vaughn Grissom C Carter Jensen OF Shohei Ohtani OF Andy Pages OF Jac Caglianone P Eric Lauer P Cal Quantrill SS Mookie Betts,,,
314,5216784443,behindbars (2/3),0,103.100006,1B Joc Pederson 2B Vaughn Grissom 3B Josh Rojas C Carter Jensen OF Mike Trout OF Shohei Ohtani OF Andy Pages P Eric Lauer P Cal Quantrill SS Bobby Witt Jr.,,,
314,5216796353,kreller17 (5/10),0,103.100006,1B Joc Pederson 2B Nicky Lopez 3B Max Muncy C Moises Ballesteros OF Brandon Nimmo OF Shohei Ohtani OF Evan Carter P Eric Lauer P Cal Quantrill SS Corey Seager,,,
314,5216800573,JoeKing111,0,103.100006,1B Joc Pederson 2B Miguel Rojas 3B Ezequiel Duran C Carter Jensen OF Brandon Nimmo OF Shohei Ohtani OF Evan Carter P Eric Lauer P Cal Quantrill SS Corey Seager,,,
314,5216821292,zvolm1012 (10/10),0,103.100006,1B Jake Burger 2B Nicky Lopez 3B Max Muncy C Hunter Feduccia OF Brandon Nimmo OF Shohei Ohtani OF Evan Carter P Eric Lauer P Cal Quantrill SS Corey Seager,,,
314,5216828387,sharksbay99 (3/4),0,103.100006,1B Shohei Ohtani 2B Miguel Rojas 3B Ezequiel Duran C Moises Ballesteros OF Brandon Nimmo OF Kyle Tucker OF Andy Pages P Eric Lauer P Cal Quantrill SS Corey Seager,,,
314,5216844110,Roger88 (1/4),0,103.100006,1B Joc Pederson 2B Miguel Rojas 3B Ezequiel Duran C Carter Jensen OF Brandon Nimmo OF Shohei Ohtani OF Jac Caglianone P Eric Lauer P Cal Quantrill SS Corey Seager,,,
328,5216812101,AngerTornado (2/2),0,102.850006,1B Shohei Ohtani 2B Vaughn Grissom 3B Max Muncy C Moises Ballesteros OF Mike Trout OF Kyle Tucker OF Andy Pages P Eric Lauer P Landon Knack SS Mookie Betts,,,
329,5216813545,jttwa1975,0,102.5,1B Freddie Freeman 2B Vaughn Grissom 3B Ezequiel Duran C Salvador Perez OF Mike Trout OF Shohei Ohtani OF Kyle Tucker P Eric Lauer P Daniel Lynch IV SS Corey Seager,,,
330,5216753368,JJSaenz (15/20),0,102.350006,1B Jake Burger 2B Nicky Lopez 3B Ezequiel Duran C Hunter Feduccia OF Brandon Nimmo OF Shohei Ohtani OF Kyle Tucker P Eric Lauer P George Klassen SS Corey Seager,,,
330,5216767872,tinye21,0,102.350006,1B Nolan Schanuel 2B Vaughn Grissom 3B Ezequiel Duran C Moises Ballesteros OF Mike Trout OF Shohei Ohtani OF Kyle Tucker P Eric Lauer P George Klassen SS Zach Neto,,,
330,5216797148,DoloMitex478 (14/20),0,102.350006,1B Joc Pederson 2B Vaughn Grissom 3B Max Muncy C Salvador Perez OF Teoscar Hernandez OF Shohei Ohtani OF Jac Caglianone P Eric Lauer P George Klassen SS Mookie Betts,,,
330,5216806338,1LOVE (3/3),0,102.350006,1B Nolan Schanuel 2B Vaughn Grissom 3B Max Muncy C Salvador Perez OF Mike Trout OF Shohei Ohtani OF Kyle Tucker P Eric Lauer P George Klassen SS Zach Neto,,,
330,5216850131,allanpsmith1583,0,102.350006,1B Shohei Ohtani 2B Oswald Peraza 3B Nick Loftin C Salvador Perez OF Mike Trout OF Brandon Nimmo OF Andy Pages P Eric Lauer P George Klassen SS Bobby Witt Jr.,,,
335,5216761674,rdriser,0,102.100006,1B Nolan Schanuel 2B Oswald Peraza 3B Ezequiel Duran C Salvador Perez OF Mike Trout OF Shohei Ohtani OF Andy Pages P Eric Lauer P Cal Quantrill SS Bobby Witt Jr.,,,
335,5216778686,Rowdog31 (3/8),0,102.100006,1B Joc Pederson 2B Nicky Lopez 3B Max Muncy C Elias Diaz OF Shohei Ohtani OF Andy Pages OF Evan Carter P Eric Lauer P Cal Quantrill SS Corey Seager,,,
335,5216787693,B-R3NT,0,102.100006,1B Joc Pederson 2B Vaughn Grissom 3B Max Muncy C Salvador Perez OF Mike Trout OF Brandon Nimmo OF Shohei Ohtani P Eric Lauer P Cal Quantrill SS Bobby Witt Jr.,,,
335,5216792090,lenn221 (6/9),0,102.100006,1B Freddie Freeman 2B Vaughn Grissom 3B Denzer Guzman C Moises Ballesteros OF Teoscar Hernandez OF Shohei Ohtani OF Kyle Tucker P Eric Lauer P Cal Quantrill SS Mookie Betts,,,
335,5216802585,Briguy20181 (1/5),0,102.100006,1B Shohei Ohtani 2B Vaughn Grissom 3B Ezequiel Duran C Carter Jensen OF Mike Trout OF Teoscar Hernandez OF Andy Pages P Eric Lauer P Cal Quantrill SS Mookie Betts,,,
335,5216812547,Briguy20181 (2/5),0,102.100006,1B Shohei Ohtani 2B Vaughn Grissom 3B Ezequiel Duran C Carter Jensen OF Mike Trout OF Teoscar Hernandez OF Andy Pages P Eric Lauer P Cal Quantrill SS Mookie Betts,,,
335,5216833448,chetman5000 (3/3),0,102.100006,1B Joc Pederson 2B Nicky Lopez 3B Ezequiel Duran C Salvador Perez OF Mike Trout OF Brandon Nimmo OF Shohei Ohtani P Eric Lauer P Cal Quantrill SS Bobby Witt Jr.,,,
335,5216835838,LadyNoLuck (1/2),0,102.100006,1B Freddie Freeman 2B Miguel Rojas 3B Max Muncy C Elias Diaz OF Brandon Nimmo OF Shohei Ohtani OF Andy Pages P Eric Lauer P Cal Quantrill SS Corey Seager,,,
335,5216844945,heat00veride,0,102.100006,1B Freddie Freeman 2B Oswald Peraza 3B Ezequiel Duran C Moises Ballesteros OF Mike Trout OF Brandon Nimmo OF Shohei Ohtani P Eric Lauer P Cal Quantrill SS Bobby Witt Jr.,,,
335,5216833706,golfgolf43 (3/4),0,102.1,1B Freddie Freeman 2B Vaughn Grissom 3B Denzer Guzman C Hunter Feduccia OF Shohei Ohtani OF Kyle Tucker OF Andy Pages P Eric Lauer P Cal Quantrill SS Zach Neto,,,
345,5216753056,DEEZ.NU.TEES,0,101.350006,1B Shohei Ohtani 2B Miguel Rojas 3B Josh Rojas C Elias Diaz OF Mike Trout OF Starling Marte OF Teoscar Hernandez P Cal Quantrill P George Klassen SS Bobby Witt Jr.,,,
345,5216765356,tybry85 (7/20),0,101.350006,1B Shohei Ohtani 2B Vaughn Grissom 3B Max Muncy C Moises Ballesteros OF Mike Trout OF Teoscar Hernandez OF Andy Pages P Eric Lauer P George Klassen SS Zach Neto,,,
345,5216765360,tybry85 (11/20),0,101.350006,1B Shohei Ohtani 2B Vaughn Grissom 3B Max Muncy C Moises Ballesteros OF Mike Trout OF Brandon Nimmo OF Andy Pages P Eric Lauer P George Klassen SS Zach Neto,,,
345,5216765368,tybry85 (19/20),0,101.350006,1B Jake Burger 2B Vaughn Grissom 3B Max Muncy C Moises Ballesteros OF Mike Trout OF Shohei Ohtani OF Andy Pages P Eric Lauer P George Klassen SS Zach Neto,,,
345,5216780459,foutah (1/4),0,101.350006,1B Nolan Schanuel 2B Oswald Peraza 3B Max Muncy C Hunter Feduccia OF Shohei Ohtani OF Isaac Collins OF Evan Carter P Cal Quantrill P George Klassen SS Mookie Betts,,,
345,5216815501,jp023384 (3/3),0,101.350006,1B Shohei Ohtani 2B Vaughn Grissom 3B Max Muncy C Moises Ballesteros OF Mike Trout OF Teoscar Hernandez OF Andy Pages P Eric Lauer P George Klassen SS Zach Neto,,,
345,5216849022,lailaaaaa,0,101.350006,1B Shohei Ohtani 2B Vaughn Grissom 3B Ezequiel Duran C Carter Jensen OF Mike Trout OF Jac Caglianone OF Wade Meckler P Eric Lauer P George Klassen SS Zach Neto,,,
345,5216850008,UWAlums03 (5/5),0,101.350006,1B Shohei Ohtani 2B Vaughn Grissom 3B Max Muncy C Moises Ballesteros OF Mike Trout OF Brandon Nimmo OF Andy Pages P Eric Lauer P George Klassen SS Zach Neto,,,
353,5216755869,TSmith12615 (2/20),0,101.100006,1B Freddie Freeman 2B Vaughn Grissom 3B Ezequiel Duran C Salvador Perez OF Shohei Ohtani OF Kyle Tucker OF Andy Pages P Eric Lauer P Cal Quantrill SS Corey Seager,,,
353,5216761272,Wreckthis74,0,101.100006,1B Shohei Ohtani 2B Vaughn Grissom 3B Ezequiel Duran C Salvador Perez OF Mike Trout OF Kyle Tucker OF Andy Pages P Eric Lauer P Cal Quantrill SS Zach Neto,,,
353,5216761607,sarmy03,0,101.100006,1B Shohei Ohtani 2B Miguel Rojas 3B Ezequiel Duran C Elias Diaz OF Mike Trout OF Brandon Nimmo OF Andy Pages P Eric Lauer P Cal Quantrill SS Bobby Witt Jr.,,,
353,5216765351,tybry85 (2/20),0,101.100006,1B Jake Burger 2B Miguel Rojas 3B Ezequiel Duran C Salvador Perez OF Brandon Nimmo OF Shohei Ohtani OF Andy Pages P Eric Lauer P Cal Quantrill SS Corey Seager,,,
353,5216765556,SteelCurtain945,0,101.100006,1B Joc Pederson 2B Miguel Rojas 3B Ezequiel Duran C Carter Jensen OF Brandon Nimmo OF Shohei Ohtani OF Andy Pages P Eric Lauer P Cal Quantrill SS Corey Seager,,,
353,5216776010,NYCbanker,0,101.100006,1B Joc Pederson 2B Vaughn Grissom 3B Max Muncy C Salvador Perez OF Brandon Nimmo OF Shohei Ohtani OF Andy Pages P Eric Lauer P Cal Quantrill SS Corey Seager,,,
353,5216788150,Lscanson (2/2),0,101.100006,1B Freddie Freeman 2B Miguel Rojas 3B Ezequiel Duran C Carter Jensen OF Shohei Ohtani OF Kyle Tucker OF Andy Pages P Eric Lauer P Cal Quantrill SS Corey Seager,,,
353,5216806670,gregthegifted (2/2),0,101.100006,1B Joc Pederson 2B Vaughn Grissom 3B Max Muncy C Salvador Perez OF Brandon Nimmo OF Shohei Ohtani OF Andy Pages P Eric Lauer P Cal Quantrill SS Corey Seager,,,
353,5216810479,walkertr444,0,101.100006,1B Joc Pederson 2B Oswald Peraza 3B Max Muncy C Elias Diaz OF Brandon Nimmo OF Shohei Ohtani OF Evan Carter P Eric Lauer P Cal Quantrill SS Corey Seager,,,
353,5216812811,TyMan0423,0,101.100006,1B Shohei Ohtani 2B Vaughn Grissom 3B Nick Loftin C Salvador Perez OF Mike Trout OF Brandon Nimmo OF Jac Caglianone P Eric Lauer P Cal Quantrill SS Zach Neto,,,
353,5216824594,kanseahawkfan,0,101.100006,1B Joc Pederson 2B Miguel Rojas 3B Ezequiel Duran C Elias Diaz OF Brandon Nimmo OF Shohei Ohtani OF Andy Pages P Eric Lauer P Cal Quantrill SS Mookie Betts,,,
353,5216839388,rooskie09,0,101.100006,1B Freddie Freeman 2B Vaughn Grissom 3B Ezequiel Duran C Salvador Perez OF Shohei Ohtani OF Kyle Tucker OF Andy Pages P Eric Lauer P Cal Quantrill SS Corey Seager,,,
353,5216842450,MO-TRUBBLE,0,101.100006,1B Freddie Freeman 2B Vaughn Grissom 3B Ezequiel Duran C Salvador Perez OF Shohei Ohtani OF Kyle Tucker OF Andy Pages P Eric Lauer P Cal Quantrill SS Corey Seager,,,
353,5216853068,Roger88 (3/4),0,101.100006,1B Freddie Freeman 2B Miguel Rojas 3B Ezequiel Duran C Carter Jensen OF Brandon Nimmo OF Shohei Ohtani OF Jac Caglianone P Eric Lauer P Cal Quantrill SS Corey Seager,,,
353,5216853075,Roger88 (4/4),0,101.100006,1B Freddie Freeman 2B Nicky Lopez 3B Max Muncy C Salvador Perez OF Shohei Ohtani OF Kyle Tucker OF Andy Pages P Eric Lauer P Cal Quantrill SS Corey Seager,,,
353,5216853306,Bud2323,0,101.100006,1B Shohei Ohtani 2B Vaughn Grissom 3B Ezequiel Duran C Salvador Perez OF Mike Trout OF Kyle Tucker OF Andy Pages P Eric Lauer P Cal Quantrill SS Zach Neto,,,
353,5216805941,1LOVE (2/3),0,101.1,1B Freddie Freeman 2B Miguel Rojas 3B Max Muncy C Hunter Feduccia OF Brandon Nimmo OF Shohei Ohtani OF Jac Caglianone P Eric Lauer P Cal Quantrill SS Bobby Witt Jr.,,,
353,5216852218,jalyn1311 (2/2),0,101.1,1B Shohei Ohtani 2B Vaughn Grissom 3B Ezequiel Duran C Moises Ballesteros OF Mike Trout OF Kyle Tucker OF Andy Pages P Eric Lauer P Cal Quantrill SS Zach Neto,,,
371,5216763738,zachtesky,0,101.05,1B Joc Pederson 2B Nicky Lopez 3B Max Muncy C Salvador Perez OF Mike Trout OF Shohei Ohtani OF Andy Pages P Mason Black P George Klassen SS Corey Seager,,,
372,5216774246,Cory_Hawkins92,0,100.8,1B Joc Pederson 2B Nicky Lopez 3B Ezequiel Duran C Salvador Perez OF Mike Trout OF Shohei Ohtani OF Jac Caglianone P Cal Quantrill P Mason Black SS Corey Seager,,,
372,5216808780,ama170,0,100.8,1B Freddie Freeman 2B Vaughn Grissom 3B Max Muncy C Salvador Perez OF Mike Trout OF Brandon Nimmo OF Shohei Ohtani P Eric Lauer P Mason Black SS Corey Seager,,,
374,5216824868,jonfender202,0,100.5,1B Jac Caglianone 2B Vaughn Grissom 3B Max Muncy C Salvador Perez OF Mike Trout OF Shohei Ohtani OF Andy Pages P Eric Lauer P Daniel Lynch IV SS Mookie Betts,,,
375,5216754362,dpont1,0,100.350006,1B Joc Pederson 2B Vaughn Grissom 3B Max Muncy C Moises Ballesteros OF Mike Trout OF Shohei Ohtani OF Andy Pages P Cal Quantrill P George Klassen SS Bobby Witt Jr.,,,
375,5216757134,Elwaysarmy (17/20),0,100.350006,1B Freddie Freeman 2B Miguel Rojas 3B Nick Loftin C Moises Ballesteros OF Shohei Ohtani OF Isaac Collins OF Andy Pages P Cal Quantrill P George Klassen SS Mookie Betts,,,
375,5216757136,Elwaysarmy (19/20),0,100.350006,1B Salvador Perez 2B Miguel Rojas 3B Nick Loftin C Hunter Feduccia OF Shohei Ohtani OF Kyle Tucker OF Jac Caglianone P Cal Quantrill P George Klassen SS Bobby Witt Jr.,,,
375,5216765901,PBreland42,0,100.350006,1B Freddie Freeman 2B Vaughn Grissom 3B Ezequiel Duran C Salvador Perez OF Mike Trout OF Shohei Ohtani OF Wade Meckler P Cal Quantrill P George Klassen SS Bobby Witt Jr.,,,
375,5216773385,jwsorensen (2/3),0,100.350006,1B Jac Caglianone 2B Vaughn Grissom 3B Nick Loftin C Salvador Perez OF Mike Trout OF Shohei Ohtani OF Evan Carter P Cal Quantrill P George Klassen SS Bobby Witt Jr.,,,
375,5216808790,tigerwoods25 (2/4),0,100.350006,1B Jac Caglianone 2B Vaughn Grissom 3B Nick Loftin C Elias Diaz OF Mike Trout OF Shohei Ohtani OF Kyle Tucker P Eric Lauer P George Klassen SS Bobby Witt Jr.,,,
375,5216809945,pittjj95 (2/5),0,100.350006,1B Shohei Ohtani 2B Nicky Lopez 3B Max Muncy C Moises Ballesteros OF Mike Trout OF Brandon Nimmo OF Andy Pages P Eric Lauer P George Klassen SS Bobby Witt Jr.,,,
375,5216820405,Wanna_Square_Up1567 (1/20),0,100.350006,1B Nolan Schanuel 2B Vaughn Grissom 3B Max Muncy C Salvador Perez OF Mike Trout OF Shohei Ohtani OF Josh Lowe P Eric Lauer P George Klassen SS Zach Neto,,,
375,5216829694,NYVinny56 (2/2),0,100.350006,1B Jac Caglianone 2B Oswald Peraza 3B Ezequiel Duran C Carter Jensen OF Mike Trout OF Starling Marte OF Shohei Ohtani P Eric Lauer P George Klassen SS Bobby Witt Jr.,,,
375,5216839188,rayp80,0,100.350006,1B Jac Caglianone 2B Vaughn Grissom 3B Max Muncy C Salvador Perez OF Shohei Ohtani OF Kyle Tucker OF Andy Pages P Eric Lauer P George Klassen SS Mookie Betts,,,
375,5216848385,cgor14,0,100.350006,1B Freddie Freeman 2B Vaughn Grissom 3B Ezequiel Duran C Salvador Perez OF Shohei Ohtani OF Kyle Tucker OF Andy Pages P Eric Lauer P George Klassen SS Mookie Betts,,,
386,5216759853,tbark13,0,100.100006,1B Joc Pederson 2B Vaughn Grissom 3B Nick Loftin C Carter Jensen OF Mike Trout OF Shohei Ohtani OF Jac Caglianone P Eric Lauer P Cal Quantrill SS Bobby Witt Jr.,,,
386,5216765370,metsie,0,100.100006,1B Shohei Ohtani 2B Oswald Peraza 3B Ezequiel Duran C Salvador Perez OF Mike Trout OF Brandon Nimmo OF Andy Pages P Eric Lauer P Cal Quantrill SS Bobby Witt Jr.,,,
386,5216766915,Bsmooth (1/2),0,100.100006,1B Nolan Schanuel 2B Nicky Lopez 3B Denzer Guzman C Elias Diaz OF Mike Trout OF Brandon Nimmo OF Wade Meckler P Eric Lauer P Cal Quantrill SS Corey Seager,,,
386,5216767643,close462,0,100.100006,1B Shohei Ohtani 2B Nicky Lopez 3B Ezequiel Duran C Elias Diaz OF Mike Trout OF Andy Pages OF Jac Caglianone P Eric Lauer P Cal Quantrill SS Zach Neto,,,
386,5216767959,ballerzzz (1/2),0,100.100006,1B Joc Pederson 2B Vaughn Grissom 3B Ezequiel Duran C Salvador Perez OF Mike Trout OF Brandon Nimmo OF Andy Pages P Eric Lauer P Cal Quantrill SS Corey Seager,,,
386,5216778654,Rowdog31 (1/8),0,100.100006,1B Joc Pederson 2B Nicky Lopez 3B Ezequiel Duran C Salvador Perez OF Brandon Nimmo OF Shohei Ohtani OF Kyle Tucker P Eric Lauer P Cal Quantrill SS Corey Seager,,,
386,5216789526,jc000000,0,100.100006,1B Joc Pederson 2B Nicky Lopez 3B Max Muncy C Salvador Perez OF Shohei Ohtani OF Kyle Tucker OF Andy Pages P Eric Lauer P Cal Quantrill SS Mookie Betts,,,
386,5216794783,justpickingwinners (1/2),0,100.100006,1B Joc Pederson 2B Vaughn Grissom 3B Max Muncy C Salvador Perez OF Brandon Nimmo OF Shohei Ohtani OF Jac Caglianone P Eric Lauer P Cal Quantrill SS Mookie Betts,,,
386,5216795955,justpickingwinners (2/2),0,100.100006,1B Joc Pederson 2B Vaughn Grissom 3B Max Muncy C Salvador Perez OF Brandon Nimmo OF Shohei Ohtani OF Jac Caglianone P Eric Lauer P Cal Quantrill SS Mookie Betts,,,
386,5216803174,arichman77,0,100.100006,1B Salvador Perez 2B Vaughn Grissom 3B Ezequiel Duran C Carter Jensen OF Mike Trout OF Shohei Ohtani OF Wade Meckler P Eric Lauer P Cal Quantrill SS Bobby Witt Jr.,,,
386,5216825359,silverstreak1221,0,100.1,1B Shohei Ohtani 2B Oswald Peraza 3B Ezequiel Duran C Moises Ballesteros OF Mike Trout OF Brandon Nimmo OF Andy Pages P Eric Lauer P Cal Quantrill SS Bobby Witt Jr.,,,
397,5216753370,JJSaenz (17/20),0,99.350006,1B Nolan Schanuel 2B Vaughn Grissom 3B Ezequiel Duran C Salvador Perez OF Mike Trout OF Kyle Tucker OF Andy Pages P Eric Lauer P George Klassen SS Corey Seager,,,
398,5216765756,cgage (1/2),0,99.100006,1B Joc Pederson 2B Vaughn Grissom 3B Ezequiel Duran C Carter Jensen OF Shohei Ohtani OF Andy Pages OF Jac Caglianone P Eric Lauer P Cal Quantrill SS Corey Seager,,,
398,5216776556,cgage (2/2),0,99.100006,1B Joc Pederson 2B Vaughn Grissom 3B Ezequiel Duran C Carter Jensen OF Shohei Ohtani OF Andy Pages OF Jac Caglianone P Eric Lauer P Cal Quantrill SS Corey Seager,,,
398,5216779302,slochowsky1 (2/2),0,99.100006,1B Shohei Ohtani 2B Miguel Rojas 3B Max Muncy C Elias Diaz OF Brandon Nimmo OF Kyle Tucker OF Andy Pages P Eric Lauer P Cal Quantrill SS Corey Seager,,,
398,5216779469,brielly1972 (1/5),0,99.100006,1B Freddie Freeman 2B Vaughn Grissom 3B Max Muncy C Salvador Perez OF Teoscar Hernandez OF Shohei Ohtani OF Andy Pages P Eric Lauer P Cal Quantrill SS Corey Seager,,,
398,5216780979,kisertate123,0,99.100006,1B Jake Burger 2B Miguel Rojas 3B Max Muncy C Elias Diaz OF Shohei Ohtani OF Kyle Tucker OF Andy Pages P Eric Lauer P Cal Quantrill SS Corey Seager,,,
398,5216796352,kreller17 (4/10),0,99.100006,1B Joc Pederson 2B Nicky Lopez 3B Ezequiel Duran C Elias Diaz OF Shohei Ohtani OF Andy Pages OF Evan Carter P Eric Lauer P Cal Quantrill SS Mookie Betts,,,
398,5216801296,nguyenar (1/4),0,99.100006,1B Shohei Ohtani 2B Nicky Lopez 3B Max Muncy C Salvador Perez OF Mike Trout OF Brandon Nimmo OF Andy Pages P Eric Lauer P Cal Quantrill SS Zach Neto,,,
398,5216801315,nguyenar (2/4),0,99.100006,1B Shohei Ohtani 2B Nicky Lopez 3B Max Muncy C Salvador Perez OF Mike Trout OF Brandon Nimmo OF Andy Pages P Eric Lauer P Cal Quantrill SS Zach Neto,,,
398,5216801319,nguyenar (3/4),0,99.100006,1B Shohei Ohtani 2B Nicky Lopez 3B Max Muncy C Salvador Perez OF Mike Trout OF Brandon Nimmo OF Andy Pages P Eric Lauer P Cal Quantrill SS Zach Neto,,,
398,5216812003,nguyenar (4/4),0,99.100006,1B Shohei Ohtani 2B Nicky Lopez 3B Max Muncy C Salvador Perez OF Mike Trout OF Brandon Nimmo OF Andy Pages P Eric Lauer P Cal Quantrill SS Zach Neto,,,
398,5216821283,zvolm1012 (1/10),0,99.100006,1B Shohei Ohtani 2B Miguel Rojas 3B Max Muncy C Elias Diaz OF Brandon Nimmo OF Evan Carter OF Jarred Kelenic P Eric Lauer P Cal Quantrill SS Corey Seager,,,
398,5216828294,Caryg07 (16/20),0,99.100006,1B Freddie Freeman 2B Nicky Lopez 3B Ezequiel Duran C Carter Jensen OF Shohei Ohtani OF Evan Carter OF Jac Caglianone P Eric Lauer P Cal Quantrill SS Corey Seager,,,
398,5216828417,amayen3,0,99.100006,1B Jake Burger 2B Vaughn Grissom 3B Ezequiel Duran C Salvador Perez OF Mike Trout OF Shohei Ohtani OF Andy Pages P Eric Lauer P Cal Quantrill SS Zach Neto,,,
398,5216839732,vblack,0,99.100006,1B Freddie Freeman 2B Miguel Rojas 3B Ezequiel Duran C Carter Jensen OF Brandon Nimmo OF Shohei Ohtani OF Andy Pages P Eric Lauer P Cal Quantrill SS Corey Seager,,,
398,5216841607,tkessel22 (1/3),0,99.100006,1B Shohei Ohtani 2B Vaughn Grissom 3B Max Muncy C Salvador Perez OF Brandon Nimmo OF Andy Pages OF Jac Caglianone P Eric Lauer P Cal Quantrill SS Corey Seager,,,
398,5216841621,tkessel22 (2/3),0,99.100006,1B Shohei Ohtani 2B Vaughn Grissom 3B Max Muncy C Salvador Perez OF Brandon Nimmo OF Andy Pages OF Jac Caglianone P Eric Lauer P Cal Quantrill SS Corey Seager,,,
398,5216843352,gumpbowl,0,99.100006,1B Freddie Freeman 2B Vaughn Grissom 3B Ezequiel Duran C Salvador Perez OF Brandon Nimmo OF Shohei Ohtani OF Andy Pages P Eric Lauer P Cal Quantrill SS Corey Seager,,,
398,5216851447,tkessel22 (3/3),0,99.100006,1B Shohei Ohtani 2B Vaughn Grissom 3B Max Muncy C Salvador Perez OF Brandon Nimmo OF Andy Pages OF Jac Caglianone P Eric Lauer P Cal Quantrill SS Corey Seager,,,
416,5216757564,dlbell5848 (1/5),0,98.8,1B Shohei Ohtani 2B Oswald Peraza 3B Ezequiel Duran C Elias Diaz OF Mike Trout OF Brandon Nimmo OF Evan Carter P Eric Lauer P Mason Black SS Corey Seager,,,
417,5216745511,mktall40 (1/5),0,98.350006,1B Shohei Ohtani 2B Vaughn Grissom 3B Nick Loftin C Salvador Perez OF Mike Trout OF Andy Pages OF Jac Caglianone P Cal Quantrill P George Klassen SS Bobby Witt Jr.,,,
417,5216745659,mktall40 (2/5),0,98.350006,1B Shohei Ohtani 2B Vaughn Grissom 3B Nick Loftin C Salvador Perez OF Mike Trout OF Andy Pages OF Jac Caglianone P Cal Quantrill P George Klassen SS Bobby Witt Jr.,,,
417,5216754308,mktall40 (3/5),0,98.350006,1B Shohei Ohtani 2B Vaughn Grissom 3B Nick Loftin C Salvador Perez OF Mike Trout OF Andy Pages OF Jac Caglianone P Cal Quantrill P George Klassen SS Bobby Witt Jr.,,,
417,5216754360,mktall40 (4/5),0,98.350006,1B Shohei Ohtani 2B Vaughn Grissom 3B Nick Loftin C Salvador Perez OF Mike Trout OF Andy Pages OF Jac Caglianone P Cal Quantrill P George Klassen SS Bobby Witt Jr.,,,
417,5216754665,mktall40 (5/5),0,98.350006,1B Shohei Ohtani 2B Vaughn Grissom 3B Nick Loftin C Salvador Perez OF Mike Trout OF Andy Pages OF Jac Caglianone P Cal Quantrill P George Klassen SS Bobby Witt Jr.,,,
417,5216757118,Elwaysarmy (1/20),0,98.350006,1B Joc Pederson 2B Oswald Peraza 3B Denzer Guzman C Moises Ballesteros OF Mike Trout OF Brandon Nimmo OF Andy Pages P Eric Lauer P George Klassen SS Zach Neto,,,
417,5216770339,TSmith12615 (13/20),0,98.350006,1B Nolan Schanuel 2B Miguel Rojas 3B Max Muncy C Hunter Feduccia OF Shohei Ohtani OF Josh Lowe OF Andy Pages P Eric Lauer P George Klassen SS Bobby Witt Jr.,,,
417,5216830208,Wanna_Square_Up1567 (20/20),0,98.350006,1B Freddie Freeman 2B Miguel Rojas 3B Vaughn Grissom C Salvador Perez OF Shohei Ohtani OF Kyle Tucker OF Andy Pages P Eric Lauer P George Klassen SS Bobby Witt Jr.,,,
425,5216765332,Cxmc_28 (4/4),0,98.100006,1B Shohei Ohtani 2B Oswald Peraza 3B Ezequiel Duran C Salvador Perez OF Teoscar Hernandez OF Brandon Nimmo OF Wade Meckler P Eric Lauer P Cal Quantrill SS Corey Seager,,,
425,5216772816,juiceman1984,0,98.100006,1B Joc Pederson 2B Nicky Lopez 3B Ezequiel Duran C Salvador Perez OF Brandon Nimmo OF Shohei Ohtani OF Andy Pages P Eric Lauer P Cal Quantrill SS Mookie Betts,,,
425,5216775437,emptypockets1,0,98.100006,1B Shohei Ohtani 2B Vaughn Grissom 3B Max Muncy C Salvador Perez OF Kyle Tucker OF Andy Pages OF Jac Caglianone P Eric Lauer P Cal Quantrill SS Mookie Betts,,,
425,5216779742,Ketoman (1/2),0,98.100006,1B Freddie Freeman 2B Vaughn Grissom 3B Ezequiel Duran C Salvador Perez OF Shohei Ohtani OF Kyle Tucker OF Andy Pages P Eric Lauer P Cal Quantrill SS Mookie Betts,,,
425,5216779788,brielly1972 (2/5),0,98.100006,1B Freddie Freeman 2B Vaughn Grissom 3B Ezequiel Duran C Salvador Perez OF Shohei Ohtani OF Kyle Tucker OF Andy Pages P Eric Lauer P Cal Quantrill SS Mookie Betts,,,
425,5216792150,sonnyflip,0,98.100006,1B Freddie Freeman 2B Vaughn Grissom 3B Ezequiel Duran C Salvador Perez OF Mike Trout OF Brandon Nimmo OF Andy Pages P Eric Lauer P Cal Quantrill SS Corey Seager,,,
425,5216797144,DoloMitex478 (10/20),0,98.100006,1B Jake Burger 2B Miguel Rojas 3B Max Muncy C Salvador Perez OF Brandon Nimmo OF Shohei Ohtani OF Jarred Kelenic P Eric Lauer P Cal Quantrill SS Corey Seager,,,
425,5216811940,tjtjtj101,0,98.100006,1B Shohei Ohtani 2B Miguel Rojas 3B Nick Loftin C Carter Jensen OF Mike Trout OF Brandon Nimmo OF Andy Pages P Eric Lauer P Cal Quantrill SS Bobby Witt Jr.,,,
425,5216828283,Caryg07 (5/20),0,98.100006,1B Joc Pederson 2B Vaughn Grissom 3B Ezequiel Duran C Elias Diaz OF Mike Trout OF Brandon Nimmo OF Shohei Ohtani P Eric Lauer P Cal Quantrill SS Bobby Witt Jr.,,,
425,5216742596,joshrh26,0,98.1,1B Nolan Schanuel 2B Miguel Rojas 3B Ezequiel Duran C Hunter Feduccia OF Brandon Nimmo OF Shohei Ohtani OF Jac Caglianone P Eric Lauer P Cal Quantrill SS Bobby Witt Jr.,,,
425,5216804092,fsrocky01,0,98.1,1B Jake Burger 2B Vaughn Grissom 3B Ezequiel Duran C Moises Ballesteros OF Mike Trout OF Shohei Ohtani OF Andy Pages P Eric Lauer P Cal Quantrill SS Bobby Witt Jr.,,,
436,5216745126,bigmo85,0,97.5,1B Jac Caglianone 2B Vaughn Grissom 3B Max Muncy C Moises Ballesteros OF Mike Trout OF Teoscar Hernandez OF Shohei Ohtani P Eric Lauer P Daniel Lynch IV SS Mookie Betts,,,
437,5216753372,JJSaenz (19/20),0,97.350006,1B Freddie Freeman 2B Vaughn Grissom 3B Max Muncy C Elias Diaz OF Teoscar Hernandez OF Shohei Ohtani OF Andy Pages P Eric Lauer P George Klassen SS Corey Seager,,,
437,5216766928,Bsmooth (2/2),0,97.350006,1B Shohei Ohtani 2B Nicky Lopez 3B Vaughn Grissom C Hunter Feduccia OF Brandon Nimmo OF Andy Pages OF Evan Carter P Eric Lauer P George Klassen SS Tyler Tolbert,,,
437,5216799771,sweetdoggg,0,97.350006,1B Shohei Ohtani 2B Oswald Peraza 3B Ezequiel Duran C Salvador Perez OF Mike Trout OF Kyle Tucker OF Andy Pages P Cal Quantrill P George Klassen SS Bobby Witt Jr.,,,
440,5216745293,cappncrunch (1/2),0,97.100006,1B Shohei Ohtani 2B Vaughn Grissom 3B Ezequiel Duran C Salvador Perez OF Mike Trout OF Teoscar Hernandez OF Kyle Tucker P Eric Lauer P Cal Quantrill SS Bobby Witt Jr.,,,
440,5216772999,LUE92,0,97.100006,1B Joc Pederson 2B Vaughn Grissom 3B Ezequiel Duran C Elias Diaz OF Brandon Nimmo OF Shohei Ohtani OF Andy Pages P Eric Lauer P Cal Quantrill SS Corey Seager,,,
440,5216778683,Fitzoreo (1/2),0,97.100006,1B Joc Pederson 2B Nicky Lopez 3B Max Muncy C Elias Diaz OF Brandon Nimmo OF Shohei Ohtani OF Andy Pages P Eric Lauer P Cal Quantrill SS Corey Seager,,,
440,5216779143,brown_007,0,97.100006,1B Freddie Freeman 2B Nicky Lopez 3B Max Muncy C Elias Diaz OF Shohei Ohtani OF Kyle Tucker OF Andy Pages P Eric Lauer P Cal Quantrill SS Corey Seager,,,
440,5216788186,dfresh2270,0,97.100006,1B Jake Burger 2B Vaughn Grissom 3B Ezequiel Duran C Salvador Perez OF Mike Trout OF Shohei Ohtani OF Kyle Tucker P Eric Lauer P Cal Quantrill SS Bobby Witt Jr.,,,
440,5216790401,DaButcher187,0,97.100006,1B Freddie Freeman 2B Miguel Rojas 3B Nick Loftin C Salvador Perez OF Shohei Ohtani OF Andy Pages OF Jac Caglianone P Eric Lauer P Cal Quantrill SS Bobby Witt Jr.,,,
440,5216792080,brielly1972 (5/5),0,97.100006,1B Jake Burger 2B Miguel Rojas 3B Ezequiel Duran C Elias Diaz OF Brandon Nimmo OF Shohei Ohtani OF Andy Pages P Eric Lauer P Cal Quantrill SS Corey Seager,,,
440,5216794975,claytankgunner (2/4),0,97.100006,1B Joc Pederson 2B Vaughn Grissom 3B Ezequiel Duran C Elias Diaz OF Shohei Ohtani OF Andy Pages OF Jarred Kelenic P Eric Lauer P Cal Quantrill SS Corey Seager,,,
440,5216797138,DoloMitex478 (4/20),0,97.100006,1B Jake Burger 2B Miguel Rojas 3B Ezequiel Duran C Elias Diaz OF Brandon Nimmo OF Shohei Ohtani OF Andy Pages P Eric Lauer P Cal Quantrill SS Corey Seager,,,
440,5216814290,golfrunner,0,97.100006,1B Freddie Freeman 2B Nicky Lopez 3B Max Muncy C Elias Diaz OF Shohei Ohtani OF Kyle Tucker OF Andy Pages P Eric Lauer P Cal Quantrill SS Corey Seager,,,
440,5216823982,golfgolf43 (1/4),0,97.100006,1B Joc Pederson 2B Oswald Peraza 3B Ezequiel Duran C Carter Jensen OF Mike Trout OF Brandon Nimmo OF Wade Meckler P Eric Lauer P Cal Quantrill SS Corey Seager,,,
451,5216743852,edking409,0,96.8,1B Shohei Ohtani 2B Vaughn Grissom 3B Max Muncy C Salvador Perez OF Mike Trout OF Andy Pages OF Jac Caglianone P Cal Quantrill P Mason Black SS Corey Seager,,,
452,5216753379,kbrisacher (5/20),0,96.350006,1B Nolan Schanuel 2B Vaughn Grissom 3B Max Muncy C Moises Ballesteros OF Mike Trout OF Teoscar Hernandez OF Wade Meckler P Eric Lauer P George Klassen SS Mookie Betts,,,
452,5216755828,bthel (3/3),0,96.350006,1B Freddie Freeman 2B Miguel Rojas 3B Nick Loftin C Carter Jensen OF Shohei Ohtani OF Andy Pages OF Jac Caglianone P Cal Quantrill P George Klassen SS Mookie Betts,,,
452,5216850005,UWAlums03 (2/5),0,96.350006,1B Shohei Ohtani 2B Vaughn Grissom 3B Nick Loftin C Carter Jensen OF Mike Trout OF Starling Marte OF Andy Pages P Eric Lauer P George Klassen SS Bobby Witt Jr.,,,
452,5216850876,jaysmooth22,0,96.350006,1B Freddie Freeman 2B Oswald Peraza 3B Ezequiel Duran C Carter Jensen OF Mike Trout OF Shohei Ohtani OF Jac Caglianone P Cal Quantrill P George Klassen SS Tyler Tolbert,,,
456,5216755528,the4amigos,0,96.100006,1B Shohei Ohtani 2B Miguel Rojas 3B Max Muncy C Carter Jensen OF Brandon Nimmo OF Kyle Tucker OF Andy Pages P Eric Lauer P Cal Quantrill SS Corey Seager,,,
456,5216757122,Elwaysarmy (5/20),0,96.100006,1B Joc Pederson 2B Vaughn Grissom 3B Max Muncy C Carter Jensen OF Shohei Ohtani OF Evan Carter OF Jarred Kelenic P Eric Lauer P Cal Quantrill SS Corey Seager,,,
456,5216760531,lcollins1961,0,96.100006,1B Freddie Freeman 2B Nicky Lopez 3B Ezequiel Duran C Elias Diaz OF Mike Trout OF Brandon Nimmo OF Shohei Ohtani P Eric Lauer P Cal Quantrill SS Bobby Witt Jr.,,,
456,5216762244,blitzburgh07,0,96.100006,1B Freddie Freeman 2B Nicky Lopez 3B Ezequiel Duran C Elias Diaz OF Mike Trout OF Brandon Nimmo OF Shohei Ohtani P Eric Lauer P Cal Quantrill SS Bobby Witt Jr.,,,
456,5216765363,tybry85 (14/20),0,96.100006,1B Shohei Ohtani 2B Nicky Lopez 3B Ezequiel Duran C Salvador Perez OF Brandon Nimmo OF Kyle Tucker OF Andy Pages P Eric Lauer P Cal Quantrill SS Corey Seager,,,
456,5216765366,tybry85 (17/20),0,96.100006,1B Shohei Ohtani 2B Miguel Rojas 3B Max Muncy C Carter Jensen OF Brandon Nimmo OF Kyle Tucker OF Andy Pages P Eric Lauer P Cal Quantrill SS Corey Seager,,,
456,5216776886,divertimhall (1/2),0,96.100006,1B Joc Pederson 2B Miguel Rojas 3B Max Muncy C Salvador Perez OF Brandon Nimmo OF Shohei Ohtani OF Jac Caglianone P Eric Lauer P Cal Quantrill SS Bobby Witt Jr.,,,
456,5216787924,d084288 (1/2),0,96.100006,1B Joc Pederson 2B Vaughn Grissom 3B Ezequiel Duran C Carter Jensen OF Brandon Nimmo OF Shohei Ohtani OF Evan Carter P Eric Lauer P Cal Quantrill SS Corey Seager,,,
456,5216792670,FoxyGrandpa252 (11/20),0,96.100006,1B Joc Pederson 2B Nicky Lopez 3B Max Muncy C Elias Diaz OF Brandon Nimmo OF Shohei Ohtani OF Evan Carter P Eric Lauer P Cal Quantrill SS Mookie Betts,,,
456,5216808241,btaaffe5 (1/2),0,96.100006,1B Shohei Ohtani 2B Miguel Rojas 3B Max Muncy C Carter Jensen OF Brandon Nimmo OF Kyle Tucker OF Andy Pages P Eric Lauer P Cal Quantrill SS Corey Seager,,,
456,5216808594,btaaffe5 (2/2),0,96.100006,1B Shohei Ohtani 2B Miguel Rojas 3B Max Muncy C Carter Jensen OF Brandon Nimmo OF Kyle Tucker OF Andy Pages P Eric Lauer P Cal Quantrill SS Corey Seager,,,
456,5216815899,Habersham1275H,0,96.100006,1B Shohei Ohtani 2B Vaughn Grissom 3B Ezequiel Duran C Elias Diaz OF Mike Trout OF Brandon Nimmo OF Jac Caglianone P Eric Lauer P Cal Quantrill SS Bobby Witt Jr.,,,
456,5216818528,WileyBoyz,0,96.100006,1B Joc Pederson 2B Miguel Rojas 3B Max Muncy C Salvador Perez OF Brandon Nimmo OF Shohei Ohtani OF Jac Caglianone P Eric Lauer P Cal Quantrill SS Bobby Witt Jr.,,,
456,5216821284,zvolm1012 (2/10),0,96.100006,1B Jake Burger 2B Vaughn Grissom 3B Ezequiel Duran C Moises Ballesteros OF Brandon Nimmo OF Shohei Ohtani OF Evan Carter P Eric Lauer P Cal Quantrill SS Corey Seager,,,
456,5216821286,zvolm1012 (4/10),0,96.100006,1B Jake Burger 2B Vaughn Grissom 3B Ezequiel Duran C Salvador Perez OF Brandon Nimmo OF Shohei Ohtani OF Evan Carter P Eric Lauer P Cal Quantrill SS Corey Seager,,,
456,5216821289,zvolm1012 (7/10),0,96.100006,1B Jake Burger 2B Nicky Lopez 3B Max Muncy C Salvador Perez OF Brandon Nimmo OF Shohei Ohtani OF Evan Carter P Eric Lauer P Cal Quantrill SS Corey Seager,,,
456,5216841187,GammaDaFrat,0,96.100006,1B Freddie Freeman 2B Vaughn Grissom 3B Nick Loftin C Elias Diaz OF Mike Trout OF Brandon Nimmo OF Shohei Ohtani P Eric Lauer P Cal Quantrill SS Bobby Witt Jr.,,,
456,5216850882,DudaYouUggla,0,96.100006,1B Shohei Ohtani 2B Miguel Rojas 3B Max Muncy C Carter Jensen OF Brandon Nimmo OF Kyle Tucker OF Andy Pages P Eric Lauer P Cal Quantrill SS Corey Seager,,,
456,5216852791,Grassman6921,0,96.100006,1B Freddie Freeman 2B Miguel Rojas 3B Ezequiel Duran C Carter Jensen OF Brandon Nimmo OF Shohei Ohtani OF Andy Pages P Eric Lauer P Cal Quantrill SS Mookie Betts,,,
456,5216770343,TSmith12615 (17/20),0,96.1,1B Joc Pederson 2B Miguel Rojas 3B Ezequiel Duran C Moises Ballesteros OF Teoscar Hernandez OF Shohei Ohtani OF Jac Caglianone P Eric Lauer P Cal Quantrill SS Bobby Witt Jr.,,,
456,5216778967,dougiefreshinthehous,0,96.1,1B Shohei Ohtani 2B Oswald Peraza 3B Max Muncy C Hunter Feduccia OF Kyle Tucker OF Andy Pages OF Jac Caglianone P Eric Lauer P Cal Quantrill SS Bobby Witt Jr.,,,
456,5216839172,quiknificent1 (1/2),0,96.1,1B Freddie Freeman 2B Miguel Rojas 3B Max Muncy C Hunter Feduccia OF Teoscar Hernandez OF Evan Carter OF Jarred Kelenic P Eric Lauer P Cal Quantrill SS Corey Seager,,,
478,5216796349,kreller17 (1/10),0,95.8,1B Jake Burger 2B Nicky Lopez 3B Ezequiel Duran C Moises Ballesteros OF Mike Trout OF Brandon Nimmo OF Shohei Ohtani P Eric Lauer P Mason Black SS Corey Seager,,,
479,5216753367,JJSaenz (14/20),0,95.350006,1B Jake Burger 2B Vaughn Grissom 3B Ezequiel Duran C Elias Diaz OF Mike Trout OF Kyle Tucker OF Wade Meckler P Eric Lauer P George Klassen SS Corey Seager,,,
479,5216757566,dlbell5848 (3/5),0,95.350006,1B Shohei Ohtani 2B Vaughn Grissom 3B Max Muncy C Hunter Feduccia OF Teoscar Hernandez OF Brandon Nimmo OF Jac Caglianone P Cal Quantrill P George Klassen SS Mookie Betts,,,
479,5216785404,gamegamer (3/4),0,95.350006,1B Shohei Ohtani 2B Nicky Lopez 3B Nick Loftin C Carter Jensen OF Mike Trout OF Kyle Tucker OF Andy Pages P Eric Lauer P George Klassen SS Bobby Witt Jr.,,,
479,5216797694,Slim1042,0,95.350006,1B Jake Burger 2B Miguel Rojas 3B Denzer Guzman C Moises Ballesteros OF Kyle Tucker OF Josh Lowe OF Evan Carter P Eric Lauer P George Klassen SS Corey Seager,,,
479,5216808211,Billyhill9,0,95.350006,1B Nolan Schanuel 2B Vaughn Grissom 3B Ezequiel Duran C Salvador Perez OF Mike Trout OF Shohei Ohtani OF Andy Pages P Cal Quantrill P George Klassen SS Bobby Witt Jr.,,,
479,5216811605,DigitalDreams (4/10),0,95.350006,1B Freddie Freeman 2B Miguel Rojas 3B Ezequiel Duran C Carter Jensen OF Shohei Ohtani OF Kyle Tucker OF Jac Caglianone P Cal Quantrill P George Klassen SS Mookie Betts,,,
479,5216817628,saints_fan3209,0,95.350006,1B Jake Burger 2B Vaughn Grissom 3B Nick Loftin C Carter Jensen OF Mike Trout OF Shohei Ohtani OF Wade Meckler P Eric Lauer P George Klassen SS Bobby Witt Jr.,,,
479,5216821709,Piratess24,0,95.350006,1B Freddie Freeman 2B Vaughn Grissom 3B Max Muncy C Carter Jensen OF Mike Trout OF Brandon Nimmo OF Jac Caglianone P Eric Lauer P George Klassen SS Corey Seager,,,
487,5216761560,Shapscott-1,0,95.100006,1B Jake Burger 2B Vaughn Grissom 3B Ezequiel Duran C Elias Diaz OF Mike Trout OF Shohei Ohtani OF Andy Pages P Eric Lauer P Cal Quantrill SS Zach Neto,,,
487,5216765367,tybry85 (18/20),0,95.100006,1B Freddie Freeman 2B Vaughn Grissom 3B Ezequiel Duran C Elias Diaz OF Brandon Nimmo OF Shohei Ohtani OF Andy Pages P Eric Lauer P Cal Quantrill SS Corey Seager,,,
487,5216768677,Schweettaay,0,95.100006,1B Joc Pederson 2B Vaughn Grissom 3B Ezequiel Duran C Carter Jensen OF Mike Trout OF Teoscar Hernandez OF Shohei Ohtani P Eric Lauer P Cal Quantrill SS Bobby Witt Jr.,,,
487,5216782393,sbochoa (1/2),0,95.100006,1B Jac Caglianone 2B Vaughn Grissom 3B Max Muncy C Elias Diaz OF Brandon Nimmo OF Shohei Ohtani OF Andy Pages P Eric Lauer P Cal Quantrill SS Corey Seager,,,
487,5216799481,brummond17,0,95.100006,1B Shohei Ohtani 2B Vaughn Grissom 3B Ezequiel Duran C Elias Diaz OF Brandon Nimmo OF Andy Pages OF Jac Caglianone P Eric Lauer P Cal Quantrill SS Corey Seager,,,
487,5216799813,coacht528,0,95.100006,1B Freddie Freeman 2B Nicky Lopez 3B Max Muncy C Elias Diaz OF Brandon Nimmo OF Shohei Ohtani OF Andy Pages P Eric Lauer P Cal Quantrill SS Corey Seager,,,
487,5216803166,bdubya3,0,95.100006,1B Shohei Ohtani 2B Vaughn Grissom 3B Max Muncy C Salvador Perez OF Mike Trout OF Brandon Nimmo OF Jarred Kelenic P Eric Lauer P Cal Quantrill SS Bobby Witt Jr.,,,
487,5216804419,justincab65,0,95.100006,1B Jake Burger 2B Vaughn Grissom 3B Max Muncy C Elias Diaz OF Mike Trout OF Shohei Ohtani OF Andy Pages P Eric Lauer P Cal Quantrill SS Zach Neto,,,
487,5216804832,drunkdwarf,0,95.100006,1B Freddie Freeman 2B Vaughn Grissom 3B Max Muncy C Salvador Perez OF Brandon Nimmo OF Shohei Ohtani OF Kyle Tucker P Eric Lauer P Cal Quantrill SS Mookie Betts,,,
487,5216813495,jakeup417 (1/2),0,95.100006,1B Freddie Freeman 2B Nicky Lopez 3B Ezequiel Duran C Elias Diaz OF Brandon Nimmo OF Shohei Ohtani OF Andy Pages P Eric Lauer P Cal Quantrill SS Corey Seager,,,
487,5216818177,sopolis,0,95.100006,1B Freddie Freeman 2B Nicky Lopez 3B Ezequiel Duran C Elias Diaz OF Brandon Nimmo OF Shohei Ohtani OF Andy Pages P Eric Lauer P Cal Quantrill SS Corey Seager,,,
487,5216819818,wedemboyzz,0,95.100006,1B Joc Pederson 2B Nicky Lopez 3B Max Muncy C Carter Jensen OF Mike Trout OF Brandon Nimmo OF Shohei Ohtani P Eric Lauer P Cal Quantrill SS Bobby Witt Jr.,,,
487,5216830190,Wanna_Square_Up1567 (2/20),0,95.100006,1B Jake Burger 2B Nicky Lopez 3B Max Muncy C Elias Diaz OF Shohei Ohtani OF Andy Pages OF Evan Carter P Eric Lauer P Cal Quantrill SS Corey Seager,,,
487,5216848140,twinsfan5,0,95.100006,1B Freddie Freeman 2B Nicky Lopez 3B Ezequiel Duran C Elias Diaz OF Shohei Ohtani OF Andy Pages OF Jarred Kelenic P Eric Lauer P Cal Quantrill SS Corey Seager,,,
487,5216757135,Elwaysarmy (18/20),0,95.1,1B Joc Pederson 2B Miguel Rojas 3B Max Muncy C Moises Ballesteros OF Shohei Ohtani OF Andy Pages OF Jarred Kelenic P Eric Lauer P Cal Quantrill SS Zach Neto,,,
502,5216757567,dlbell5848 (4/5),0,94.8,1B Joc Pederson 2B Vaughn Grissom 3B Ezequiel Duran C Moises Ballesteros OF Mike Trout OF Shohei Ohtani OF Wade Meckler P Eric Lauer P Mason Black SS Zach Neto,,,
503,5216765768,cj2407 (2/5),0,94.5,1B Jake Burger 2B Vaughn Grissom 3B Ezequiel Duran C Elias Diaz OF Mike Trout OF Shohei Ohtani OF Andy Pages P Eric Lauer P Daniel Lynch IV SS Corey Seager,,,
504,5216753366,JJSaenz (13/20),0,94.350006,1B Jac Caglianone 2B Miguel Rojas 3B Nick Loftin C Hunter Feduccia OF Teoscar Hernandez OF Shohei Ohtani OF Andy Pages P Cal Quantrill P George Klassen SS Bobby Witt Jr.,,,
504,5216753388,kbrisacher (14/20),0,94.350006,1B Shohei Ohtani 2B Miguel Rojas 3B Max Muncy C Carter Jensen OF Starling Marte OF Andy Pages OF Jac Caglianone P Cal Quantrill P George Klassen SS Mookie Betts,,,
504,5216787955,JoshuaGabby (2/2),0,94.350006,1B Joc Pederson 2B Nicky Lopez 3B Ezequiel Duran C Elias Diaz OF Mike Trout OF Brandon Nimmo OF Shohei Ohtani P Cal Quantrill P George Klassen SS Zach Neto,,,
504,5216795495,budaman3195 (2/3),0,94.350006,1B Shohei Ohtani 2B Oswald Peraza 3B Max Muncy C Salvador Perez OF Mike Trout OF Brandon Nimmo OF Kyle Tucker P Cal Quantrill P George Klassen SS Bobby Witt Jr.,,,
504,5216796550,budaman3195 (3/3),0,94.350006,1B Shohei Ohtani 2B Oswald Peraza 3B Max Muncy C Salvador Perez OF Mike Trout OF Brandon Nimmo OF Kyle Tucker P Cal Quantrill P George Klassen SS Bobby Witt Jr.,,,
504,5216835515,jeron19940,0,94.350006,1B Freddie Freeman 2B Oswald Peraza 3B Max Muncy C Moises Ballesteros OF Shohei Ohtani OF Andy Pages OF Wade Meckler P Eric Lauer P George Klassen SS Bobby Witt Jr.,,,
510,5216757121,Elwaysarmy (4/20),0,94.100006,1B Shohei Ohtani 2B Vaughn Grissom 3B Ezequiel Duran C Moises Ballesteros OF Brandon Nimmo OF Andy Pages OF Jarred Kelenic P Eric Lauer P Cal Quantrill SS Corey Seager,,,
510,5216770303,jwsorensen (1/3),0,94.100006,1B Jake Burger 2B Miguel Rojas 3B Ezequiel Duran C Elias Diaz OF Teoscar Hernandez OF Brandon Nimmo OF Shohei Ohtani P Eric Lauer P Cal Quantrill SS Corey Seager,,,
510,5216800956,chuckbsme,0,94.100006,1B Joc Pederson 2B Nicky Lopez 3B Max Muncy C Carter Jensen OF Brandon Nimmo OF Shohei Ohtani OF Andy Pages P Eric Lauer P Cal Quantrill SS Corey Seager,,,
510,5216817607,jonchill,0,94.100006,1B Shohei Ohtani 2B Nicky Lopez 3B Max Muncy C Elias Diaz OF Mike Trout OF Brandon Nimmo OF Andy Pages P Eric Lauer P Cal Quantrill SS Bobby Witt Jr.,,,
510,5216844106,stramo88,0,94.100006,1B Joc Pederson 2B Miguel Rojas 3B Ezequiel Duran C Salvador Perez OF Brandon Nimmo OF Shohei Ohtani OF Andy Pages P Eric Lauer P Cal Quantrill SS Bobby Witt Jr.,,,
510,5216850138,whodatwedat21 (3/3),0,94.100006,1B Freddie Freeman 2B Nicky Lopez 3B Max Muncy C Elias Diaz OF Brandon Nimmo OF Shohei Ohtani OF Kyle Tucker P Eric Lauer P Cal Quantrill SS Corey Seager,,,
510,5216850865,henley45,0,94.100006,1B Joc Pederson 2B Vaughn Grissom 3B Max Muncy C Carter Jensen OF Brandon Nimmo OF Shohei Ohtani OF Andy Pages P Eric Lauer P Cal Quantrill SS Corey Seager,,,
510,5216851993,jakehammer911,0,94.100006,1B Freddie Freeman 2B Nicky Lopez 3B Ezequiel Duran C Carter Jensen OF Shohei Ohtani OF Andy Pages OF Jac Caglianone P Eric Lauer P Cal Quantrill SS Mookie Betts,,,
510,5216797135,DoloMitex478 (1/20),0,94.1,1B Jake Burger 2B Miguel Rojas 3B Ezequiel Duran C Hunter Feduccia OF Brandon Nimmo OF Shohei Ohtani OF Andy Pages P Eric Lauer P Cal Quantrill SS Bobby Witt Jr.,,,
510,5216821155,zombiedaddy,0,94.1,1B Freddie Freeman 2B Nicky Lopez 3B Ezequiel Duran C Hunter Feduccia OF Brandon Nimmo OF Shohei Ohtani OF Wade Meckler P Eric Lauer P Cal Quantrill SS Bobby Witt Jr.,,,
520,5216780461,foutah (3/4),0,93.350006,1B Shohei Ohtani 2B Vaughn Grissom 3B Max Muncy C Carter Jensen OF Mike Trout OF Evan Carter OF Wade Meckler P Cal Quantrill P George Klassen SS Bobby Witt Jr.,,,
520,5216809957,pittjj95 (4/5),0,93.350006,1B Shohei Ohtani 2B Nicky Lopez 3B Max Muncy C Salvador Perez OF Mike Trout OF Brandon Nimmo OF Andy Pages P Cal Quantrill P George Klassen SS Bobby Witt Jr.,,,
520,5216811608,DigitalDreams (7/10),0,93.350006,1B Shohei Ohtani 2B Vaughn Grissom 3B Max Muncy C Carter Jensen OF Mike Trout OF Kyle Tucker OF Josh Lowe P Eric Lauer P George Klassen SS Zach Neto,,,
520,5216837117,Blocktrruck,0,93.350006,1B Freddie Freeman 2B Oswald Peraza 3B Ezequiel Duran C Salvador Perez OF Mike Trout OF Andy Pages OF Jac Caglianone P Eric Lauer P George Klassen SS Bobby Witt Jr.,,,
520,5216850855,kville304,0,93.350006,1B Nolan Schanuel 2B Miguel Rojas 3B Max Muncy C Moises Ballesteros OF Shohei Ohtani OF Kyle Tucker OF Andy Pages P Eric Lauer P George Klassen SS Bobby Witt Jr.,,,
525,5216778673,Rowdog31 (2/8),0,93.100006,1B Jake Burger 2B Nicky Lopez 3B Ezequiel Duran C Moises Ballesteros OF Brandon Nimmo OF Shohei Ohtani OF Kyle Tucker P Eric Lauer P Cal Quantrill SS Corey Seager,,,
525,5216797552,hawk35,0,93.100006,1B Joc Pederson 2B Vaughn Grissom 3B Ezequiel Duran C Carter Jensen OF Shohei Ohtani OF Kyle Tucker OF Andy Pages P Eric Lauer P Cal Quantrill SS Mookie Betts,,,
525,5216797943,CBATTS,0,93.100006,1B Joc Pederson 2B Miguel Rojas 3B Max Muncy C Salvador Perez OF Teoscar Hernandez OF Shohei Ohtani OF Kyle Tucker P Eric Lauer P Cal Quantrill SS Bobby Witt Jr.,,,
525,5216846944,neversummer (1/20),0,93.100006,1B Freddie Freeman 2B Nicky Lopez 3B Ezequiel Duran C Carter Jensen OF Mike Trout OF Shohei Ohtani OF Josh Lowe P Eric Lauer P Cal Quantrill SS Bobby Witt Jr.,,,
525,5216846945,neversummer (2/20),0,93.100006,1B Freddie Freeman 2B Nicky Lopez 3B Ezequiel Duran C Carter Jensen OF Mike Trout OF Shohei Ohtani OF Josh Lowe P Eric Lauer P Cal Quantrill SS Bobby Witt Jr.,,,
525,5216846946,neversummer (3/20),0,93.100006,1B Freddie Freeman 2B Nicky Lopez 3B Ezequiel Duran C Carter Jensen OF Mike Trout OF Shohei Ohtani OF Josh Lowe P Eric Lauer P Cal Quantrill SS Bobby Witt Jr.,,,
525,5216846947,neversummer (4/20),0,93.100006,1B Freddie Freeman 2B Nicky Lopez 3B Ezequiel Duran C Carter Jensen OF Mike Trout OF Shohei Ohtani OF Josh Lowe P Eric Lauer P Cal Quantrill SS Bobby Witt Jr.,,,
525,5216846948,neversummer (5/20),0,93.100006,1B Freddie Freeman 2B Nicky Lopez 3B Ezequiel Duran C Carter Jensen OF Mike Trout OF Shohei Ohtani OF Josh Lowe P Eric Lauer P Cal Quantrill SS Bobby Witt Jr.,,,
525,5216846949,neversummer (6/20),0,93.100006,1B Freddie Freeman 2B Nicky Lopez 3B Ezequiel Duran C Carter Jensen OF Mike Trout OF Shohei Ohtani OF Josh Lowe P Eric Lauer P Cal Quantrill SS Bobby Witt Jr.,,,
525,5216846950,neversummer (7/20),0,93.100006,1B Freddie Freeman 2B Nicky Lopez 3B Ezequiel Duran C Carter Jensen OF Mike Trout OF Shohei Ohtani OF Josh Lowe P Eric Lauer P Cal Quantrill SS Bobby Witt Jr.,,,
525,5216846951,neversummer (8/20),0,93.100006,1B Freddie Freeman 2B Nicky Lopez 3B Ezequiel Duran C Carter Jensen OF Mike Trout OF Shohei Ohtani OF Josh Lowe P Eric Lauer P Cal Quantrill SS Bobby Witt Jr.,,,
525,5216846952,neversummer (9/20),0,93.100006,1B Freddie Freeman 2B Nicky Lopez 3B Ezequiel Duran C Carter Jensen OF Mike Trout OF Shohei Ohtani OF Josh Lowe P Eric Lauer P Cal Quantrill SS Bobby Witt Jr.,,,
525,5216846953,neversummer (10/20),0,93.100006,1B Freddie Freeman 2B Nicky Lopez 3B Ezequiel Duran C Carter Jensen OF Mike Trout OF Shohei Ohtani OF Josh Lowe P Eric Lauer P Cal Quantrill SS Bobby Witt Jr.,,,
525,5216846954,neversummer (11/20),0,93.100006,1B Freddie Freeman 2B Nicky Lopez 3B Ezequiel Duran C Carter Jensen OF Mike Trout OF Shohei Ohtani OF Josh Lowe P Eric Lauer P Cal Quantrill SS Bobby Witt Jr.,,,
525,5216846955,neversummer (12/20),0,93.100006,1B Freddie Freeman 2B Nicky Lopez 3B Ezequiel Duran C Carter Jensen OF Mike Trout OF Shohei Ohtani OF Josh Lowe P Eric Lauer P Cal Quantrill SS Bobby Witt Jr.,,,
525,5216846956,neversummer (13/20),0,93.100006,1B Freddie Freeman 2B Nicky Lopez 3B Ezequiel Duran C Carter Jensen OF Mike Trout OF Shohei Ohtani OF Josh Lowe P Eric Lauer P Cal Quantrill SS Bobby Witt Jr.,,,
525,5216846957,neversummer (14/20),0,93.100006,1B Freddie Freeman 2B Nicky Lopez 3B Ezequiel Duran C Carter Jensen OF Mike Trout OF Shohei Ohtani OF Josh Lowe P Eric Lauer P Cal Quantrill SS Bobby Witt Jr.,,,
525,5216846958,neversummer (15/20),0,93.100006,1B Freddie Freeman 2B Nicky Lopez 3B Ezequiel Duran C Carter Jensen OF Mike Trout OF Shohei Ohtani OF Josh Lowe P Eric Lauer P Cal Quantrill SS Bobby Witt Jr.,,,
525,5216846959,neversummer (16/20),0,93.100006,1B Freddie Freeman 2B Nicky Lopez 3B Ezequiel Duran C Carter Jensen OF Mike Trout OF Shohei Ohtani OF Josh Lowe P Eric Lauer P Cal Quantrill SS Bobby Witt Jr.,,,
525,5216846960,neversummer (17/20),0,93.100006,1B Freddie Freeman 2B Nicky Lopez 3B Ezequiel Duran C Carter Jensen OF Mike Trout OF Shohei Ohtani OF Josh Lowe P Eric Lauer P Cal Quantrill SS Bobby Witt Jr.,,,
525,5216846961,neversummer (18/20),0,93.100006,1B Freddie Freeman 2B Nicky Lopez 3B Ezequiel Duran C Carter Jensen OF Mike Trout OF Shohei Ohtani OF Josh Lowe P Eric Lauer P Cal Quantrill SS Bobby Witt Jr.,,,
525,5216846962,neversummer (19/20),0,93.100006,1B Freddie Freeman 2B Nicky Lopez 3B Ezequiel Duran C Carter Jensen OF Mike Trout OF Shohei Ohtani OF Josh Lowe P Eric Lauer P Cal Quantrill SS Bobby Witt Jr.,,,
525,5216846963,neversummer (20/20),0,93.100006,1B Freddie Freeman 2B Nicky Lopez 3B Ezequiel Duran C Carter Jensen OF Mike Trout OF Shohei Ohtani OF Josh Lowe P Eric Lauer P Cal Quantrill SS Bobby Witt Jr.,,,
525,5216752642,difomoneycash,0,93.1,1B Freddie Freeman 2B Miguel Rojas 3B Max Muncy C Elias Diaz OF Shohei Ohtani OF Andy Pages OF Wade Meckler P Eric Lauer P Cal Quantrill SS Bobby Witt Jr.,,,
525,5216787691,Rowdog31 (7/8),0,93.1,1B Jake Burger 2B Miguel Rojas 3B Max Muncy C Hunter Feduccia OF Shohei Ohtani OF Kyle Tucker OF Jarred Kelenic P Eric Lauer P Cal Quantrill SS Bobby Witt Jr.,,,
525,5216807116,kbroussard22 (2/2),0,93.1,1B Freddie Freeman 2B Vaughn Grissom 3B Max Muncy C Hunter Feduccia OF Mike Trout OF Brandon Nimmo OF Jac Caglianone P Eric Lauer P Cal Quantrill SS Bobby Witt Jr.,,,
525,5216834462,drblindinc,0,93.1,1B Shohei Ohtani 2B Oswald Peraza 3B Nick Loftin C Carter Jensen OF Mike Trout OF Andy Pages OF Jarred Kelenic P Eric Lauer P Cal Quantrill SS Bobby Witt Jr.,,,
552,5216844928,RasEmeru,0,92.8,1B Jake Burger 2B Vaughn Grissom 3B Max Muncy C Salvador Perez OF Mike Trout OF Teoscar Hernandez OF Shohei Ohtani P Eric Lauer P Mason Black SS Mookie Betts,,,
553,5216755827,bthel (2/3),0,92.350006,1B Freddie Freeman 2B Vaughn Grissom 3B Max Muncy C Moises Ballesteros OF Mike Trout OF Andy Pages OF Wade Meckler P Eric Lauer P George Klassen SS Zach Neto,,,
553,5216763711,ZIBANENASTY93,0,92.350006,1B Freddie Freeman 2B Miguel Rojas 3B Nick Loftin C Salvador Perez OF Shohei Ohtani OF Andy Pages OF Jac Caglianone P Cal Quantrill P George Klassen SS Bobby Witt Jr.,,,
553,5216764068,Ray31200,0,92.350006,1B Nolan Schanuel 2B Vaughn Grissom 3B Denzer Guzman C Moises Ballesteros OF Teoscar Hernandez OF Shohei Ohtani OF Andy Pages P Eric Lauer P George Klassen SS Zach Neto,,,
553,5216765361,tybry85 (12/20),0,92.350006,1B Freddie Freeman 2B Miguel Rojas 3B Nick Loftin C Salvador Perez OF Shohei Ohtani OF Andy Pages OF Jac Caglianone P Cal Quantrill P George Klassen SS Bobby Witt Jr.,,,
553,5216766510,shawncass77,0,92.350006,1B Shohei Ohtani 2B Nicky Lopez 3B Ezequiel Duran C Carter Jensen OF Mike Trout OF Brandon Nimmo OF Kyle Tucker P Eric Lauer P George Klassen SS Bobby Witt Jr.,,,
553,5216770340,TSmith12615 (14/20),0,92.350006,1B Freddie Freeman 2B Vaughn Grissom 3B Max Muncy C Moises Ballesteros OF Mike Trout OF Andy Pages OF Wade Meckler P Eric Lauer P George Klassen SS Zach Neto,,,
553,5216775715,dhaval60194 (8/10),0,92.350006,1B Freddie Freeman 2B Oswald Peraza 3B Max Muncy C Moises Ballesteros OF Shohei Ohtani OF Kyle Tucker OF Andy Pages P Eric Lauer P George Klassen SS Zach Neto,,,
553,5216791609,deedee04,0,92.350006,1B Freddie Freeman 2B Miguel Rojas 3B Nick Loftin C Salvador Perez OF Shohei Ohtani OF Andy Pages OF Jac Caglianone P Cal Quantrill P George Klassen SS Bobby Witt Jr.,,,
553,5216798656,genosucks1,0,92.350006,1B Freddie Freeman 2B Vaughn Grissom 3B Max Muncy C Elias Diaz OF Shohei Ohtani OF Andy Pages OF Jac Caglianone P Cal Quantrill P George Klassen SS Mookie Betts,,,
553,5216826196,artistlife (4/5),0,92.350006,1B Freddie Freeman 2B Miguel Rojas 3B Nick Loftin C Salvador Perez OF Shohei Ohtani OF Andy Pages OF Jac Caglianone P Cal Quantrill P George Klassen SS Bobby Witt Jr.,,,
553,5216828297,Caryg07 (19/20),0,92.350006,1B Joc Pederson 2B Vaughn Grissom 3B Max Muncy C Moises Ballesteros OF Shohei Ohtani OF Kyle Tucker OF Andy Pages P Eric Lauer P George Klassen SS Zach Neto,,,
564,5216760473,letmewinpls (1/3),0,92.100006,1B Freddie Freeman 2B Nicky Lopez 3B Max Muncy C Elias Diaz OF Brandon Nimmo OF Shohei Ohtani OF Andy Pages P Eric Lauer P Cal Quantrill SS Mookie Betts,,,
564,5216765359,tybry85 (10/20),0,92.100006,1B Shohei Ohtani 2B Vaughn Grissom 3B Ezequiel Duran C Elias Diaz OF Brandon Nimmo OF Kyle Tucker OF Andy Pages P Eric Lauer P Cal Quantrill SS Corey Seager,,,
564,5216768560,letmewinpls (2/3),0,92.100006,1B Freddie Freeman 2B Nicky Lopez 3B Max Muncy C Elias Diaz OF Brandon Nimmo OF Shohei Ohtani OF Andy Pages P Eric Lauer P Cal Quantrill SS Mookie Betts,,,
564,5216769441,letmewinpls (3/3),0,92.100006,1B Freddie Freeman 2B Nicky Lopez 3B Max Muncy C Elias Diaz OF Brandon Nimmo OF Shohei Ohtani OF Andy Pages P Eric Lauer P Cal Quantrill SS Mookie Betts,,,
564,5216770721,garc805334,0,92.100006,1B Joc Pederson 2B Tommy Edman 3B Max Muncy C Elias Diaz OF Shohei Ohtani OF Andy Pages OF Wyatt Langford P Eric Lauer P Cal Quantrill SS Mookie Betts,,,
564,5216797141,DoloMitex478 (7/20),0,92.100006,1B Nolan Schanuel 2B Nicky Lopez 3B Ezequiel Duran C Elias Diaz OF Brandon Nimmo OF Shohei Ohtani OF Andy Pages P Eric Lauer P Cal Quantrill SS Corey Seager,,,
564,5216805304,Claylyn1,0,92.100006,1B Jake Burger 2B Vaughn Grissom 3B Max Muncy C Salvador Perez OF Mike Trout OF Shohei Ohtani OF Andy Pages P Eric Lauer P Cal Quantrill SS Nicky Lopez,,,
564,5216828865,ceelo1976,0,92.100006,1B Freddie Freeman 2B Vaughn Grissom 3B Ezequiel Duran C Elias Diaz OF Teoscar Hernandez OF Brandon Nimmo OF Shohei Ohtani P Eric Lauer P Cal Quantrill SS Corey Seager,,,
564,5216742066,holdmhigh707,0,92.1,1B Freddie Freeman 2B Nicky Lopez 3B Max Muncy C Hunter Feduccia OF Brandon Nimmo OF Shohei Ohtani OF Andy Pages P Eric Lauer P Cal Quantrill SS Bobby Witt Jr.,,,
564,5216755871,TSmith12615 (4/20),0,92.1,1B Salvador Perez 2B Miguel Rojas 3B Max Muncy C Elias Diaz OF Shohei Ohtani OF Kyle Tucker OF Andy Pages P Eric Lauer P Cal Quantrill SS Bobby Witt Jr.,,,
564,5216776583,leopard1 (2/2),0,92.1,1B Nolan Schanuel 2B Oswald Peraza 3B Ezequiel Duran C Carter Jensen OF Mike Trout OF Brandon Nimmo OF Shohei Ohtani P Eric Lauer P Cal Quantrill SS Bobby Witt Jr.,,,
564,5216790385,snipedanglecelly (1/2),0,92.1,1B Joc Pederson 2B Miguel Rojas 3B Max Muncy C Elias Diaz OF Mike Trout OF Teoscar Hernandez OF Evan Carter P Eric Lauer P Cal Quantrill SS Zach Neto,,,
564,5216845289,cosmoney (2/2),0,92.1,1B Jake Burger 2B Miguel Rojas 3B Max Muncy C Salvador Perez OF Shohei Ohtani OF Andy Pages OF Wade Meckler P Eric Lauer P Cal Quantrill SS Bobby Witt Jr.,,,
577,5216796063,claytankgunner (4/4),0,91.8,1B Joc Pederson 2B Oswald Peraza 3B Nick Loftin C Salvador Perez OF Brandon Nimmo OF Shohei Ohtani OF Evan Carter P Eric Lauer P Mason Black SS Corey Seager,,,
578,5216757579,NasiBoi,0,91.350006,1B Joc Pederson 2B Miguel Rojas 3B Max Muncy C Salvador Perez OF Brandon Nimmo OF Shohei Ohtani OF Jac Caglianone P Cal Quantrill P George Klassen SS Bobby Witt Jr.,,,
578,5216828293,Caryg07 (15/20),0,91.350006,1B Jac Caglianone 2B Vaughn Grissom 3B Denzer Guzman C Carter Jensen OF Mike Trout OF Andy Pages OF Wade Meckler P Eric Lauer P George Klassen SS Bobby Witt Jr.,,,
580,5216752875,NITEMARE1993,0,91.100006,1B Freddie Freeman 2B Nicky Lopez 3B Ezequiel Duran C Carter Jensen OF Shohei Ohtani OF Kyle Tucker OF Andy Pages P Eric Lauer P Cal Quantrill SS Mookie Betts,,,
580,5216782590,eviled1964,0,91.100006,1B Freddie Freeman 2B Vaughn Grissom 3B Ezequiel Duran C Carter Jensen OF Brandon Nimmo OF Shohei Ohtani OF Kyle Tucker P Eric Lauer P Cal Quantrill SS Corey Seager,,,
580,5216786300,mammen,0,91.100006,1B Freddie Freeman 2B Vaughn Grissom 3B Ezequiel Duran C Carter Jensen OF Brandon Nimmo OF Shohei Ohtani OF Kyle Tucker P Eric Lauer P Cal Quantrill SS Corey Seager,,,
580,5216793584,Beastcall,0,91.100006,1B Joc Pederson 2B Miguel Rojas 3B Max Muncy C Salvador Perez OF Brandon Nimmo OF Andy Pages OF Jac Caglianone P Eric Lauer P Cal Quantrill SS Mookie Betts,,,
580,5216797522,137666 (1/3),0,91.100006,1B Freddie Freeman 2B Miguel Rojas 3B Ezequiel Duran C Salvador Perez OF Brandon Nimmo OF Shohei Ohtani OF Kyle Tucker P Eric Lauer P Cal Quantrill SS Bobby Witt Jr.,,,
580,5216800572,rudeboychucky35,0,91.100006,1B Freddie Freeman 2B Nicky Lopez 3B Max Muncy C Carter Jensen OF Brandon Nimmo OF Shohei Ohtani OF Kyle Tucker P Eric Lauer P Cal Quantrill SS Corey Seager,,,
580,5216820635,ncpackfan30,0,91.100006,1B Jac Caglianone 2B Vaughn Grissom 3B Max Muncy C Carter Jensen OF Mike Trout OF Brandon Nimmo OF Andy Pages P Eric Lauer P Cal Quantrill SS Corey Seager,,,
580,5216821291,zvolm1012 (9/10),0,91.100006,1B Jake Burger 2B Oswald Peraza 3B Ezequiel Duran C Elias Diaz OF Brandon Nimmo OF Shohei Ohtani OF Kyle Tucker P Eric Lauer P Cal Quantrill SS Corey Seager,,,
580,5216832143,jakeup417 (2/2),0,91.100006,1B Freddie Freeman 2B Nicky Lopez 3B Max Muncy C Carter Jensen OF Brandon Nimmo OF Shohei Ohtani OF Jac Caglianone P Eric Lauer P Cal Quantrill SS Mookie Betts,,,
580,5216838584,jgudda6 (1/2),0,91.100006,1B Shohei Ohtani 2B Vaughn Grissom 3B Ezequiel Duran C Carter Jensen OF Brandon Nimmo OF Kyle Tucker OF Jac Caglianone P Eric Lauer P Cal Quantrill SS Corey Seager,,,
580,5216850199,JustinAngelo1,0,91.100006,1B Joc Pederson 2B Nicky Lopez 3B Ezequiel Duran C Carter Jensen OF Brandon Nimmo OF Shohei Ohtani OF Andy Pages P Eric Lauer P Cal Quantrill SS Mookie Betts,,,
580,5216836958,golfgolf43 (4/4),0,91.1,1B Jac Caglianone 2B Nicky Lopez 3B Max Muncy C Carter Jensen OF Shohei Ohtani OF Kyle Tucker OF Andy Pages P Eric Lauer P Cal Quantrill SS Mookie Betts,,,
592,5216798915,Randyzz,0,91.05,1B Shohei Ohtani 2B Oswald Peraza 3B Max Muncy C Carter Jensen OF Mike Trout OF Kyle Tucker OF Jac Caglianone P Eric Lauer P Paul Gervase SS Mookie Betts,,,
593,5216753098,eric1192,0,90.350006,1B Jac Caglianone 2B Miguel Rojas 3B Nick Loftin C Salvador Perez OF Starling Marte OF Shohei Ohtani OF Andy Pages P Cal Quantrill P George Klassen SS Bobby Witt Jr.,,,
593,5216757568,dlbell5848 (5/5),0,90.350006,1B Jac Caglianone 2B Miguel Rojas 3B Nick Loftin C Salvador Perez OF Starling Marte OF Shohei Ohtani OF Andy Pages P Cal Quantrill P George Klassen SS Bobby Witt Jr.,,,
593,5216770333,TSmith12615 (7/20),0,90.350006,1B Freddie Freeman 2B Miguel Rojas 3B Max Muncy C Salvador Perez OF Starling Marte OF Shohei Ohtani OF Andy Pages P Cal Quantrill P George Klassen SS Bobby Witt Jr.,,,
593,5216830198,Wanna_Square_Up1567 (10/20),0,90.350006,1B Freddie Freeman 2B Miguel Rojas 3B Nick Loftin C Salvador Perez OF Shohei Ohtani OF Kyle Tucker OF Andy Pages P Cal Quantrill P George Klassen SS Zach Neto,,,
597,5216762196,dogyballs (5/6),0,90.100006,1B Joc Pederson 2B Miguel Rojas 3B Ezequiel Duran C Salvador Perez OF Mike Trout OF Teoscar Hernandez OF Brandon Nimmo P Eric Lauer P Cal Quantrill SS Bobby Witt Jr.,,,
597,5216791087,JKnox20,0,90.100006,1B Freddie Freeman 2B Vaughn Grissom 3B Max Muncy C Carter Jensen OF Mike Trout OF Brandon Nimmo OF Jac Caglianone P Eric Lauer P Cal Quantrill SS Mookie Betts,,,
597,5216821288,zvolm1012 (6/10),0,90.100006,1B Jake Burger 2B Vaughn Grissom 3B Ezequiel Duran C Elias Diaz OF Brandon Nimmo OF Shohei Ohtani OF Andy Pages P Eric Lauer P Cal Quantrill SS Corey Seager,,,
597,5216765755,serenityf1234,0,90.1,1B Shohei Ohtani 2B Vaughn Grissom 3B Ezequiel Duran C Carter Jensen OF Mike Trout OF Brandon Nimmo OF Isaac Collins P Eric Lauer P Cal Quantrill SS Bobby Witt Jr.,,,
597,5216768784,underdogz2K15,0,90.1,1B Joc Pederson 2B Miguel Rojas 3B Ezequiel Duran C Hunter Feduccia OF Teoscar Hernandez OF Brandon Nimmo OF Jarred Kelenic P Eric Lauer P Cal Quantrill SS Mookie Betts,,,
597,5216792087,NeoIamthefkng1NeoIam,0,90.1,1B Joc Pederson 2B Miguel Rojas 3B Ezequiel Duran C Elias Diaz OF Brandon Nimmo OF Shohei Ohtani OF Andy Pages P Eric Lauer P Cal Quantrill SS Bobby Witt Jr.,,,
597,5216803592,sellputs (3/3),0,90.1,1B Joc Pederson 2B Miguel Rojas 3B Max Muncy C Elias Diaz OF Brandon Nimmo OF Shohei Ohtani OF Andy Pages P Eric Lauer P Cal Quantrill SS Bobby Witt Jr.,,,
597,5216828290,Caryg07 (12/20),0,90.1,1B Joc Pederson 2B Miguel Rojas 3B Max Muncy C Elias Diaz OF Brandon Nimmo OF Shohei Ohtani OF Andy Pages P Eric Lauer P Cal Quantrill SS Bobby Witt Jr.,,,
605,5216771877,jrow01,0,89.8,1B Joc Pederson 2B Vaughn Grissom 3B Ezequiel Duran C Moises Ballesteros OF Mike Trout OF Brandon Nimmo OF Shohei Ohtani P Eric Lauer P Mason Black SS Zach Neto,,,
606,5216753357,JJSaenz (4/20),0,89.350006,1B Freddie Freeman 2B Oswald Peraza 3B Denzer Guzman C Carter Jensen OF Mike Trout OF Josh Lowe OF Andy Pages P Eric Lauer P George Klassen SS Zach Neto,,,
606,5216753362,JJSaenz (9/20),0,89.350006,1B Freddie Freeman 2B Vaughn Grissom 3B Max Muncy C Moises Ballesteros OF Mike Trout OF Kyle Tucker OF Andy Pages P Eric Lauer P George Klassen SS Zach Neto,,,
606,5216753378,kbrisacher (4/20),0,89.350006,1B Freddie Freeman 2B Miguel Rojas 3B Nick Loftin C Salvador Perez OF Shohei Ohtani OF Kyle Tucker OF Andy Pages P Cal Quantrill P George Klassen SS Bobby Witt Jr.,,,
606,5216755887,Twiddy-Bird,0,89.350006,1B Jake Burger 2B Oswald Peraza 3B Ezequiel Duran C Moises Ballesteros OF Shohei Ohtani OF Kyle Tucker OF Jac Caglianone P Eric Lauer P George Klassen SS Tyler Tolbert,,,
606,5216757565,dlbell5848 (2/5),0,89.350006,1B Freddie Freeman 2B Miguel Rojas 3B Nick Loftin C Salvador Perez OF Shohei Ohtani OF Kyle Tucker OF Andy Pages P Cal Quantrill P George Klassen SS Bobby Witt Jr.,,,
606,5216765353,tybry85 (4/20),0,89.350006,1B Shohei Ohtani 2B Miguel Rojas 3B Nick Loftin C Salvador Perez OF Kyle Tucker OF Andy Pages OF Jac Caglianone P Cal Quantrill P George Klassen SS Bobby Witt Jr.,,,
606,5216765364,tybry85 (15/20),0,89.350006,1B Freddie Freeman 2B Vaughn Grissom 3B Max Muncy C Moises Ballesteros OF Mike Trout OF Kyle Tucker OF Andy Pages P Eric Lauer P George Klassen SS Zach Neto,,,
606,5216770346,TSmith12615 (20/20),0,89.350006,1B Freddie Freeman 2B Miguel Rojas 3B Max Muncy C Salvador Perez OF Shohei Ohtani OF Isaac Collins OF Andy Pages P Cal Quantrill P George Klassen SS Bobby Witt Jr.,,,
606,5216779930,Edozer,0,89.350006,1B Freddie Freeman 2B Miguel Rojas 3B Max Muncy C Salvador Perez OF Teoscar Hernandez OF Shohei Ohtani OF Jac Caglianone P Cal Quantrill P George Klassen SS Bobby Witt Jr.,,,
606,5216792527,qsmack69,0,89.350006,1B Joc Pederson 2B Miguel Rojas 3B Max Muncy C Carter Jensen OF Brandon Nimmo OF Shohei Ohtani OF Andy Pages P Eric Lauer P George Klassen SS Bobby Witt Jr.,,,
606,5216792678,FoxyGrandpa252 (19/20),0,89.350006,1B Jac Caglianone 2B Miguel Rojas 3B Nick Loftin C Salvador Perez OF Shohei Ohtani OF Isaac Collins OF Andy Pages P Cal Quantrill P George Klassen SS Bobby Witt Jr.,,,
606,5216826195,artistlife (3/5),0,89.350006,1B Freddie Freeman 2B Vaughn Grissom 3B Max Muncy C Hunter Feduccia OF Teoscar Hernandez OF Shohei Ohtani OF Jac Caglianone P Cal Quantrill P George Klassen SS Bobby Witt Jr.,,,
606,5216828284,Caryg07 (6/20),0,89.350006,1B Shohei Ohtani 2B Miguel Rojas 3B Nick Loftin C Salvador Perez OF Kyle Tucker OF Andy Pages OF Jac Caglianone P Cal Quantrill P George Klassen SS Bobby Witt Jr.,,,
606,5216830196,Wanna_Square_Up1567 (8/20),0,89.350006,1B Freddie Freeman 2B Vaughn Grissom 3B Max Muncy C Hunter Feduccia OF Teoscar Hernandez OF Shohei Ohtani OF Jac Caglianone P Cal Quantrill P George Klassen SS Bobby Witt Jr.,,,
606,5216833699,bigdaddyfatty (5/6),0,89.350006,1B Freddie Freeman 2B Miguel Rojas 3B Nick Loftin C Salvador Perez OF Shohei Ohtani OF Kyle Tucker OF Andy Pages P Cal Quantrill P George Klassen SS Bobby Witt Jr.,,,
606,5216840265,jalyn1311 (1/2),0,89.350006,1B Jac Caglianone 2B Vaughn Grissom 3B Max Muncy C Salvador Perez OF Mike Trout OF Kyle Tucker OF Andy Pages P Eric Lauer P George Klassen SS Zach Neto,,,
622,5216757120,Elwaysarmy (3/20),0,89.100006,1B Jake Burger 2B Nicky Lopez 3B Nick Loftin C Carter Jensen OF Brandon Nimmo OF Shohei Ohtani OF Evan Carter P Eric Lauer P Cal Quantrill SS Corey Seager,,,
622,5216795769,aaronsboys (2/2),0,89.100006,1B Joc Pederson 2B Miguel Rojas 3B Ezequiel Duran C Salvador Perez OF Brandon Nimmo OF Andy Pages OF Jarred Kelenic P Eric Lauer P Cal Quantrill SS Corey Seager,,,
622,5216796671,lenn221 (8/9),0,89.100006,1B Jake Burger 2B Vaughn Grissom 3B Ezequiel Duran C Carter Jensen OF Brandon Nimmo OF Shohei Ohtani OF Wade Meckler P Eric Lauer P Cal Quantrill SS Corey Seager,,,
622,5216753355,JJSaenz (2/20),0,89.1,1B Joc Pederson 2B Nicky Lopez 3B Max Muncy C Salvador Perez OF Brandon Nimmo OF Shohei Ohtani OF Evan Carter P Eric Lauer P Cal Quantrill SS Bobby Witt Jr.,,,
622,5216791776,dawizanator,0,89.1,1B Jake Burger 2B Miguel Rojas 3B Ezequiel Duran C Salvador Perez OF Brandon Nimmo OF Shohei Ohtani OF Jac Caglianone P Eric Lauer P Cal Quantrill SS Bobby Witt Jr.,,,
622,5216792667,FoxyGrandpa252 (8/20),0,89.1,1B Joc Pederson 2B Nicky Lopez 3B Ezequiel Duran C Hunter Feduccia OF Teoscar Hernandez OF Brandon Nimmo OF Andy Pages P Eric Lauer P Cal Quantrill SS Corey Seager,,,
622,5216804595,cliffordgibbs61 (1/3),0,89.1,1B Shohei Ohtani 2B Vaughn Grissom 3B Ezequiel Duran C Carter Jensen OF Brandon Nimmo OF Andy Pages OF Jac Caglianone P Eric Lauer P Cal Quantrill SS Mookie Betts,,,
622,5216804602,cliffordgibbs61 (2/3),0,89.1,1B Shohei Ohtani 2B Vaughn Grissom 3B Ezequiel Duran C Carter Jensen OF Brandon Nimmo OF Andy Pages OF Jac Caglianone P Eric Lauer P Cal Quantrill SS Mookie Betts,,,
622,5216811607,DigitalDreams (6/10),0,89.1,1B Freddie Freeman 2B Miguel Rojas 3B Max Muncy C Carter Jensen OF Starling Marte OF Shohei Ohtani OF Andy Pages P Eric Lauer P Cal Quantrill SS Zach Neto,,,
622,5216814292,cliffordgibbs61 (3/3),0,89.1,1B Shohei Ohtani 2B Vaughn Grissom 3B Ezequiel Duran C Carter Jensen OF Brandon Nimmo OF Andy Pages OF Jac Caglianone P Eric Lauer P Cal Quantrill SS Mookie Betts,,,
622,5216822878,jama9964,0,89.1,1B Jake Burger 2B Vaughn Grissom 3B Ezequiel Duran C Carter Jensen OF Mike Trout OF Brandon Nimmo OF Shohei Ohtani P Eric Lauer P Cal Quantrill SS Zach Neto,,,
633,5216760668,bleeski,0,88.8,1B Joc Pederson 2B Vaughn Grissom 3B Ezequiel Duran C Moises Ballesteros OF Mike Trout OF Brandon Nimmo OF Evan Carter P Eric Lauer P Mason Black SS Corey Seager,,,
633,5216833698,bigdaddyfatty (4/6),0,88.8,1B Joc Pederson 2B Vaughn Grissom 3B Ezequiel Duran C Moises Ballesteros OF Mike Trout OF Brandon Nimmo OF Evan Carter P Eric Lauer P Mason Black SS Corey Seager,,,
633,5216850435,twis334,0,88.8,1B Shohei Ohtani 2B Vaughn Grissom 3B Ezequiel Duran C Carter Jensen OF Mike Trout OF Teoscar Hernandez OF Andy Pages P Eric Lauer P Mason Black SS Mookie Betts,,,
636,5216775711,dhaval60194 (4/10),0,88.350006,1B Freddie Freeman 2B Vaughn Grissom 3B Max Muncy C Moises Ballesteros OF Teoscar Hernandez OF Shohei Ohtani OF Andy Pages P Eric Lauer P George Klassen SS Zach Neto,,,
636,5216791833,POPPOP750 (2/2),0,88.350006,1B Freddie Freeman 2B Vaughn Grissom 3B Ezequiel Duran C Salvador Perez OF Mike Trout OF Kyle Tucker OF Andy Pages P Eric Lauer P George Klassen SS Bobby Witt Jr.,,,
636,5216820588,relentless404,0,88.350006,1B Freddie Freeman 2B Miguel Rojas 3B Max Muncy C Salvador Perez OF Mike Trout OF Brandon Nimmo OF Jac Caglianone P Cal Quantrill P George Klassen SS Bobby Witt Jr.,,,
636,5216830203,Wanna_Square_Up1567 (15/20),0,88.350006,1B Freddie Freeman 2B Oswald Peraza 3B Max Muncy C Elias Diaz OF Shohei Ohtani OF Kyle Tucker OF Andy Pages P Eric Lauer P George Klassen SS Zach Neto,,,
640,5216757125,Elwaysarmy (8/20),0,88.1,1B Jake Burger 2B Miguel Rojas 3B Ezequiel Duran C Elias Diaz OF Shohei Ohtani OF Kyle Tucker OF Evan Carter P Eric Lauer P Cal Quantrill SS Zach Neto,,,
640,5216770731,b2o0b0e2s,0,88.1,1B Jac Caglianone 2B Miguel Rojas 3B Ezequiel Duran C Carter Jensen OF Shohei Ohtani OF Kyle Tucker OF Andy Pages P Eric Lauer P Cal Quantrill SS Zach Neto,,,
640,5216794872,jj47012,0,88.1,1B Shohei Ohtani 2B Vaughn Grissom 3B Nick Loftin C Carter Jensen OF Mike Trout OF Teoscar Hernandez OF Brandon Nimmo P Eric Lauer P Cal Quantrill SS Bobby Witt Jr.,,,
643,5216765369,tybry85 (20/20),0,87.350006,1B Salvador Perez 2B Miguel Rojas 3B Ezequiel Duran C Carter Jensen OF Shohei Ohtani OF Andy Pages OF Jac Caglianone P Cal Quantrill P George Klassen SS Bobby Witt Jr.,,,
643,5216765787,cj2407 (3/5),0,87.350006,1B Freddie Freeman 2B Oswald Peraza 3B Nick Loftin C Salvador Perez OF Shohei Ohtani OF Andy Pages OF Jac Caglianone P Cal Quantrill P George Klassen SS Bobby Witt Jr.,,,
643,5216784480,mistertachyon,0,87.350006,1B Freddie Freeman 2B Nicky Lopez 3B Ezequiel Duran C Elias Diaz OF Teoscar Hernandez OF Brandon Nimmo OF Shohei Ohtani P Cal Quantrill P George Klassen SS Corey Seager,,,
643,5216815138,jholse,0,87.350006,1B Joc Pederson 2B Vaughn Grissom 3B Max Muncy C Salvador Perez OF Shohei Ohtani OF Andy Pages OF Jac Caglianone P Cal Quantrill P George Klassen SS Bobby Witt Jr.,,,
643,5216817133,mrvotinh (1/2),0,87.350006,1B Freddie Freeman 2B Vaughn Grissom 3B Ezequiel Duran C Carter Jensen OF Shohei Ohtani OF Andy Pages OF Jarred Kelenic P Cal Quantrill P George Klassen SS Corey Seager,,,
648,5216797150,DoloMitex478 (16/20),0,87.100006,1B Jake Burger 2B Nicky Lopez 3B Nick Loftin C Carter Jensen OF Starling Marte OF Brandon Nimmo OF Shohei Ohtani P Eric Lauer P Cal Quantrill SS Corey Seager,,,
648,5216819126,giantsfan3800,0,87.100006,1B Shohei Ohtani 2B Vaughn Grissom 3B Max Muncy C Carter Jensen OF Teoscar Hernandez OF Brandon Nimmo OF Andy Pages P Eric Lauer P Cal Quantrill SS Corey Seager,,,
648,5216797142,DoloMitex478 (8/20),0,87.1,1B Jake Burger 2B Nicky Lopez 3B Ezequiel Duran C Hunter Feduccia OF Brandon Nimmo OF Shohei Ohtani OF Andy Pages P Eric Lauer P Cal Quantrill SS Bobby Witt Jr.,,,
648,5216809595,Yvettem36,0,87.1,1B Joc Pederson 2B Vaughn Grissom 3B Max Muncy C Elias Diaz OF Mike Trout OF Andy Pages OF Jac Caglianone P Eric Lauer P Cal Quantrill SS Bobby Witt Jr.,,,
652,5216815263,hgh13,0,86.8,1B Freddie Freeman 2B Vaughn Grissom 3B Ezequiel Duran C Moises Ballesteros OF Mike Trout OF Brandon Nimmo OF Shohei Ohtani P Eric Lauer P Mason Black SS Bobby Witt Jr.,,,
653,5216757795,or3oluvr,0,86.350006,1B Shohei Ohtani 2B Oswald Peraza 3B Josh Rojas C Moises Ballesteros OF Teoscar Hernandez OF Isaac Collins OF Wade Meckler P Cal Quantrill P George Klassen SS Bobby Witt Jr.,,,
653,5216826197,artistlife (5/5),0,86.350006,1B Freddie Freeman 2B Vaughn Grissom 3B Nick Loftin C Carter Jensen OF Shohei Ohtani OF Kyle Tucker OF Andy Pages P Cal Quantrill P George Klassen SS Mookie Betts,,,
655,5216753386,kbrisacher (12/20),0,86.1,1B Jake Burger 2B Nicky Lopez 3B Max Muncy C Hunter Feduccia OF Brandon Nimmo OF Kyle Tucker OF Evan Carter P Eric Lauer P Cal Quantrill SS Corey Seager,,,
655,5216755872,TSmith12615 (5/20),0,86.1,1B Freddie Freeman 2B Nicky Lopez 3B Max Muncy C Elias Diaz OF Shohei Ohtani OF Andy Pages OF Evan Carter P Eric Lauer P Cal Quantrill SS Bobby Witt Jr.,,,
655,5216762192,dogyballs (1/6),0,86.1,1B Joc Pederson 2B Miguel Rojas 3B Ezequiel Duran C Moises Ballesteros OF Teoscar Hernandez OF Brandon Nimmo OF Jarred Kelenic P Eric Lauer P Cal Quantrill SS Corey Seager,,,
655,5216786038,lenn221 (3/9),0,86.1,1B Jake Burger 2B Miguel Rojas 3B Vaughn Grissom C Salvador Perez OF Mike Trout OF Brandon Nimmo OF Josh Lowe P Eric Lauer P Cal Quantrill SS Zach Neto,,,
659,5216789569,Ketoman (2/2),0,86.05,1B Jac Caglianone 2B Vaughn Grissom 3B Max Muncy C Carter Jensen OF Mike Trout OF Brandon Nimmo OF Shohei Ohtani P Mason Black P George Klassen SS Mookie Betts,,,
659,5216849026,John-Mo,0,86.05,1B Freddie Freeman 2B Vaughn Grissom 3B Nick Loftin C Salvador Perez OF Mike Trout OF Shohei Ohtani OF Andy Pages P Mason Black P George Klassen SS Zach Neto,,,
661,5216815078,Rocchalk,0,85.75,1B Shohei Ohtani 2B Nicky Lopez 3B Max Muncy C Salvador Perez OF Mike Trout OF Andy Pages OF Jac Caglianone P Daniel Lynch IV P George Klassen SS Tyler Tolbert,,,
662,5216830454,Isoprophy02,0,85.5,1B Joc Pederson 2B Miguel Rojas 3B Max Muncy C Hunter Feduccia OF Shohei Ohtani OF Andy Pages OF Jac Caglianone P Cal Quantrill P Daniel Lynch IV SS Bobby Witt Jr.,,,
663,5216787727,Lscanson (1/2),0,85.350006,1B Freddie Freeman 2B Vaughn Grissom 3B Max Muncy C Carter Jensen OF Shohei Ohtani OF Kyle Tucker OF Jac Caglianone P Eric Lauer P George Klassen SS Miguel Rojas,,,
663,5216800663,Bonfire_Villa8 (1/2),0,85.350006,1B Jac Caglianone 2B Miguel Rojas 3B Max Muncy C Elias Diaz OF Shohei Ohtani OF Kyle Tucker OF Andy Pages P Cal Quantrill P George Klassen SS Bobby Witt Jr.,,,
663,5216828282,Caryg07 (4/20),0,85.350006,1B Freddie Freeman 2B Miguel Rojas 3B Nick Loftin C Carter Jensen OF Starling Marte OF Shohei Ohtani OF Jac Caglianone P Cal Quantrill P George Klassen SS Bobby Witt Jr.,,,
663,5216828291,Caryg07 (13/20),0,85.350006,1B Freddie Freeman 2B Oswald Peraza 3B Max Muncy C Carter Jensen OF Shohei Ohtani OF Josh Lowe OF Wade Meckler P Eric Lauer P George Klassen SS Zach Neto,,,
667,5216753376,kbrisacher (2/20),0,85.1,1B Freddie Freeman 2B Miguel Rojas 3B Ezequiel Duran C Elias Diaz OF Teoscar Hernandez OF Brandon Nimmo OF Evan Carter P Eric Lauer P Cal Quantrill SS Corey Seager,,,
667,5216771095,korvac,0,85.1,1B Freddie Freeman 2B Vaughn Grissom 3B Ezequiel Duran C Moises Ballesteros OF Brandon Nimmo OF Shohei Ohtani OF Andy Pages P Eric Lauer P Cal Quantrill SS Bobby Witt Jr.,,,
667,5216779927,lenn221 (2/9),0,85.1,1B Joc Pederson 2B Miguel Rojas 3B Ezequiel Duran C Carter Jensen OF Teoscar Hernandez OF Brandon Nimmo OF Shohei Ohtani P Eric Lauer P Cal Quantrill SS Zach Neto,,,
667,5216790308,utahshane,0,85.1,1B Jac Caglianone 2B Vaughn Grissom 3B Ezequiel Duran C Salvador Perez OF Brandon Nimmo OF Shohei Ohtani OF Andy Pages P Eric Lauer P Cal Quantrill SS Bobby Witt Jr.,,,
667,5216795297,mbs1973,0,85.1,1B Freddie Freeman 2B Nicky Lopez 3B Ezequiel Duran C Salvador Perez OF Brandon Nimmo OF Shohei Ohtani OF Andy Pages P Eric Lauer P Cal Quantrill SS Bobby Witt Jr.,,,
667,5216797578,mistafletch40,0,85.1,1B Shohei Ohtani 2B Vaughn Grissom 3B Ezequiel Duran C Salvador Perez OF Brandon Nimmo OF Andy Pages OF Jac Caglianone P Eric Lauer P Cal Quantrill SS Bobby Witt Jr.,,,
667,5216808791,tigerwoods25 (3/4),0,85.1,1B Freddie Freeman 2B Miguel Rojas 3B Ezequiel Duran C Carter Jensen OF Brandon Nimmo OF Shohei Ohtani OF Kyle Tucker P Eric Lauer P Cal Quantrill SS Zach Neto,,,
667,5216810483,bigwill_70,0,85.1,1B Freddie Freeman 2B Vaughn Grissom 3B Ezequiel Duran C Salvador Perez OF Brandon Nimmo OF Shohei Ohtani OF Kyle Tucker P Eric Lauer P Cal Quantrill SS Zach Neto,,,
667,5216821287,zvolm1012 (5/10),0,85.1,1B Jake Burger 2B Miguel Rojas 3B Ezequiel Duran C Elias Diaz OF Brandon Nimmo OF Shohei Ohtani OF Evan Carter P Eric Lauer P Cal Quantrill SS Bobby Witt Jr.,,,
667,5216847472,thinman2001,0,85.1,1B Freddie Freeman 2B Nicky Lopez 3B Ezequiel Duran C Salvador Perez OF Brandon Nimmo OF Shohei Ohtani OF Andy Pages P Eric Lauer P Cal Quantrill SS Bobby Witt Jr.,,,
677,5216753389,kbrisacher (15/20),0,84.8,1B Joc Pederson 2B Vaughn Grissom 3B Ezequiel Duran C Elias Diaz OF Mike Trout OF Brandon Nimmo OF Wade Meckler P Eric Lauer P Mason Black SS Corey Seager,,,
678,5216757126,Elwaysarmy (9/20),0,84.350006,1B Nolan Schanuel 2B Oswald Peraza 3B Nick Loftin C Moises Ballesteros OF Mike Trout OF Kyle Tucker OF Jarred Kelenic P Eric Lauer P George Klassen SS Bobby Witt Jr.,,,
678,5216757137,Elwaysarmy (20/20),0,84.350006,1B Nolan Schanuel 2B Miguel Rojas 3B Nick Loftin C Salvador Perez OF Teoscar Hernandez OF Shohei Ohtani OF Andy Pages P Cal Quantrill P George Klassen SS Bobby Witt Jr.,,,
678,5216776586,cj2407 (4/5),0,84.350006,1B Freddie Freeman 2B Vaughn Grissom 3B Max Muncy C Moises Ballesteros OF Teoscar Hernandez OF Brandon Nimmo OF Shohei Ohtani P Eric Lauer P George Klassen SS Bobby Witt Jr.,,,
678,5216808131,andersad31,0,84.350006,1B Shohei Ohtani 2B Miguel Rojas 3B Ezequiel Duran C Salvador Perez OF Teoscar Hernandez OF Kyle Tucker OF Andy Pages P Cal Quantrill P George Klassen SS Bobby Witt Jr.,,,
678,5216828289,Caryg07 (11/20),0,84.350006,1B Freddie Freeman 2B Vaughn Grissom 3B Josh Rojas C Carter Jensen OF Shohei Ohtani OF Andy Pages OF Jac Caglianone P Cal Quantrill P George Klassen SS Tyler Tolbert,,,
678,5216840944,Master2 (2/5),0,84.350006,1B Salvador Perez 2B Miguel Rojas 3B Max Muncy C Carter Jensen OF Teoscar Hernandez OF Shohei Ohtani OF Jac Caglianone P Cal Quantrill P George Klassen SS Bobby Witt Jr.,,,
684,5216755269,TannehillWithDoubt,0,84.1,1B Jake Burger 2B Vaughn Grissom 3B Ezequiel Duran C Moises Ballesteros OF Shohei Ohtani OF Kyle Tucker OF Jac Caglianone P Eric Lauer P Cal Quantrill SS Bobby Witt Jr.,,,
684,5216772113,babz56,0,84.1,1B Freddie Freeman 2B Vaughn Grissom 3B Ezequiel Duran C Salvador Perez OF Mike Trout OF Brandon Nimmo OF Andy Pages P Eric Lauer P Cal Quantrill SS Bobby Witt Jr.,,,
684,5216813494,Retrovirus301,0,84.1,1B Joc Pederson 2B Nicky Lopez 3B Ezequiel Duran C Moises Ballesteros OF Brandon Nimmo OF Shohei Ohtani OF Jarred Kelenic P Eric Lauer P Cal Quantrill SS Bobby Witt Jr.,,,
687,5216779301,slochowsky1 (1/2),0,84.05,1B Jac Caglianone 2B Vaughn Grissom 3B Denzer Guzman C Carter Jensen OF Mike Trout OF Shohei Ohtani OF Kyle Tucker P Mason Black P George Klassen SS Bobby Witt Jr.,,,
688,5216779273,ttownresider36088,0,83.75,1B Jac Caglianone 2B Vaughn Grissom 3B Ezequiel Duran C Salvador Perez OF Mike Trout OF Shohei Ohtani OF Kyle Tucker P Daniel Lynch IV P George Klassen SS Bobby Witt Jr.,,,
689,5216753359,JJSaenz (6/20),0,83.350006,1B Shohei Ohtani 2B Miguel Rojas 3B Nick Loftin C Carter Jensen OF Isaac Collins OF Andy Pages OF Jac Caglianone P Cal Quantrill P George Klassen SS Tyler Tolbert,,,
689,5216805711,BeeGizzle72,0,83.350006,1B Shohei Ohtani 2B Miguel Rojas 3B Max Muncy C Carter Jensen OF Starling Marte OF Andy Pages OF Jac Caglianone P Cal Quantrill P George Klassen SS Bobby Witt Jr.,,,
689,5216829053,dominicsc,0,83.350006,1B Shohei Ohtani 2B Nicky Lopez 3B Ezequiel Duran C Elias Diaz OF Brandon Nimmo OF Andy Pages OF Jac Caglianone P Eric Lauer P George Klassen SS Bobby Witt Jr.,,,
689,5216830201,Wanna_Square_Up1567 (13/20),0,83.350006,1B Shohei Ohtani 2B Oswald Peraza 3B Max Muncy C Carter Jensen OF Teoscar Hernandez OF Isaac Collins OF Andy Pages P Cal Quantrill P George Klassen SS Mookie Betts,,,
693,5216768557,auburnwe10,0,83.1,1B Jake Burger 2B Vaughn Grissom 3B Max Muncy C Salvador Perez OF Shohei Ohtani OF Kyle Tucker OF Andy Pages P Eric Lauer P Cal Quantrill SS Zach Neto,,,
693,5216779473,Joeseppie,0,83.1,1B Shohei Ohtani 2B Miguel Rojas 3B Nick Loftin C Elias Diaz OF Brandon Nimmo OF Andy Pages OF Jarred Kelenic P Eric Lauer P Cal Quantrill SS Bobby Witt Jr.,,,
693,5216791628,bsoleim,0,83.1,1B Nolan Schanuel 2B Nicky Lopez 3B Max Muncy C Elias Diaz OF Mike Trout OF Andy Pages OF Jac Caglianone P Eric Lauer P Cal Quantrill SS Zach Neto,,,
693,5216792673,FoxyGrandpa252 (14/20),0,83.1,1B Jake Burger 2B Nicky Lopez 3B Ezequiel Duran C Hunter Feduccia OF Kyle Tucker OF Evan Carter OF Jarred Kelenic P Eric Lauer P Cal Quantrill SS Mookie Betts,,,
693,5216802545,Rockwitme74,0,83.1,1B Nolan Schanuel 2B Vaughn Grissom 3B Max Muncy C Salvador Perez OF Mike Trout OF Brandon Nimmo OF Jac Caglianone P Eric Lauer P Cal Quantrill SS Bobby Witt Jr.,,,
693,5216812171,Patsfan4life1,0,83.1,1B Jac Caglianone 2B Vaughn Grissom 3B Max Muncy C Salvador Perez OF Mike Trout OF Brandon Nimmo OF Kyle Tucker P Eric Lauer P Cal Quantrill SS Bobby Witt Jr.,,,
693,5216813108,3Debo0401,0,83.1,1B Shohei Ohtani 2B Vaughn Grissom 3B Ezequiel Duran C Salvador Perez OF Brandon Nimmo OF Kyle Tucker OF Andy Pages P Eric Lauer P Cal Quantrill SS Zach Neto,,,
693,5216830197,Wanna_Square_Up1567 (9/20),0,83.1,1B Joc Pederson 2B Nicky Lopez 3B Ezequiel Duran C Elias Diaz OF Brandon Nimmo OF Shohei Ohtani OF Kyle Tucker P Eric Lauer P Cal Quantrill SS Zach Neto,,,
693,5216836722,richab2994,0,83.1,1B Joc Pederson 2B Oswald Peraza 3B Nick Loftin C Moises Ballesteros OF Teoscar Hernandez OF Jac Caglianone OF Jarred Kelenic P Eric Lauer P Cal Quantrill SS Mookie Betts,,,
702,5216791456,Mr.Chief,0,83.05,1B Shohei Ohtani 2B Vaughn Grissom 3B Ezequiel Duran C Moises Ballesteros OF Mike Trout OF Teoscar Hernandez OF Jac Caglianone P Mason Black P George Klassen SS Zach Neto,,,
702,5216812100,AngerTornado (1/2),0,83.05,1B Shohei Ohtani 2B Vaughn Grissom 3B Max Muncy C Moises Ballesteros OF Mike Trout OF Kyle Tucker OF Andy Pages P Eric Lauer P Edgardo Henriquez SS Bobby Witt Jr.,,,
704,5216757119,Elwaysarmy (2/20),0,82.8,1B Jake Burger 2B Nicky Lopez 3B Josh Rojas C Salvador Perez OF Shohei Ohtani OF Isaac Collins OF Evan Carter P Cal Quantrill P Mason Black SS Corey Seager,,,
705,5216763788,leaf42901 (1/2),0,82.5,1B Joc Pederson 2B Vaughn Grissom 3B Ezequiel Duran C Salvador Perez OF Brandon Nimmo OF Shohei Ohtani OF Jac Caglianone P Cal Quantrill P Daniel Lynch IV SS Corey Seager,,,
706,5216762193,dogyballs (2/6),0,82.35,1B Jac Caglianone 2B Miguel Rojas 3B Max Muncy C Carter Jensen OF Starling Marte OF Shohei Ohtani OF Isaac Collins P Cal Quantrill P George Klassen SS Bobby Witt Jr.,,,
706,5216765357,tybry85 (8/20),0,82.35,1B Shohei Ohtani 2B Vaughn Grissom 3B Nick Loftin C Salvador Perez OF Kyle Tucker OF Andy Pages OF Jac Caglianone P Cal Quantrill P George Klassen SS Bobby Witt Jr.,,,
706,5216765365,tybry85 (16/20),0,82.35,1B Shohei Ohtani 2B Miguel Rojas 3B Nick Loftin C Carter Jensen OF Kyle Tucker OF Andy Pages OF Jac Caglianone P Cal Quantrill P George Klassen SS Bobby Witt Jr.,,,
706,5216787894,Rowdog31 (8/8),0,82.35,1B Shohei Ohtani 2B Miguel Rojas 3B Max Muncy C Salvador Perez OF Teoscar Hernandez OF Brandon Nimmo OF Kyle Tucker P Cal Quantrill P George Klassen SS Tyler Tolbert,,,
706,5216838224,TeamPop (1/2),0,82.35,1B Freddie Freeman 2B Vaughn Grissom 3B Ezequiel Duran C Carter Jensen OF Brandon Nimmo OF Shohei Ohtani OF Evan Carter P Eric Lauer P George Klassen SS Bobby Witt Jr.,,,
706,5216849777,b35groomes (1/2),0,82.35,1B Jac Caglianone 2B Miguel Rojas 3B Nick Loftin C Carter Jensen OF Shohei Ohtani OF Kyle Tucker OF Andy Pages P Cal Quantrill P George Klassen SS Bobby Witt Jr.,,,
706,5216850015,b35groomes (2/2),0,82.35,1B Jac Caglianone 2B Miguel Rojas 3B Nick Loftin C Carter Jensen OF Shohei Ohtani OF Kyle Tucker OF Andy Pages P Cal Quantrill P George Klassen SS Bobby Witt Jr.,,,
713,5216828286,Caryg07 (8/20),0,82.1,1B Joc Pederson 2B Nicky Lopez 3B Ezequiel Duran C Carter Jensen OF Brandon Nimmo OF Shohei Ohtani OF Jac Caglianone P Eric Lauer P Cal Quantrill SS Bobby Witt Jr.,,,
713,5216829973,dryden8 (2/2),0,82.1,1B Nolan Schanuel 2B Vaughn Grissom 3B Ezequiel Duran C Salvador Perez OF Brandon Nimmo OF Shohei Ohtani OF Andy Pages P Eric Lauer P Cal Quantrill SS Bobby Witt Jr.,,,
713,5216830206,Wanna_Square_Up1567 (18/20),0,82.1,1B Freddie Freeman 2B Oswald Peraza 3B Ezequiel Duran C Elias Diaz OF Kyle Tucker OF Evan Carter OF Jarred Kelenic P Eric Lauer P Cal Quantrill SS Corey Seager,,,
716,5216745708,BadMOFO55,0,81.8,1B Joc Pederson 2B Vaughn Grissom 3B Ezequiel Duran C Carter Jensen OF Mike Trout OF Brandon Nimmo OF Wade Meckler P Eric Lauer P Mason Black SS Corey Seager,,,
716,5216813709,albie4 (1/2),0,81.8,1B Shohei Ohtani 2B Miguel Rojas 3B Nick Loftin C Moises Ballesteros OF Brandon Nimmo OF Kyle Tucker OF Jac Caglianone P Cal Quantrill P Mason Black SS Mookie Betts,,,
716,5216814242,albie4 (2/2),0,81.8,1B Shohei Ohtani 2B Miguel Rojas 3B Nick Loftin C Moises Ballesteros OF Brandon Nimmo OF Kyle Tucker OF Jac Caglianone P Cal Quantrill P Mason Black SS Mookie Betts,,,
719,5216836308,belgiummob,0,81.5,1B Joc Pederson 2B Vaughn Grissom 3B Max Muncy C Salvador Perez OF Mike Trout OF Brandon Nimmo OF Shohei Ohtani P Cal Quantrill P Daniel Lynch IV SS Bobby Witt Jr.,,,
720,5216816286,Harie1932H,0,81.35,1B Freddie Freeman 2B Vaughn Grissom 3B Max Muncy C Carter Jensen OF Teoscar Hernandez OF Brandon Nimmo OF Shohei Ohtani P Cal Quantrill P George Klassen SS Mookie Betts,,,
721,5216780462,foutah (4/4),0,81.1,1B Freddie Freeman 2B Miguel Rojas 3B Ezequiel Duran C Salvador Perez OF Kyle Tucker OF Andy Pages OF Jac Caglianone P Eric Lauer P Cal Quantrill SS Zach Neto,,,
721,5216821951,Johnson4life83,0,81.1,1B Freddie Freeman 2B Nicky Lopez 3B Ezequiel Duran C Elias Diaz OF Brandon Nimmo OF Shohei Ohtani OF Andy Pages P Eric Lauer P Cal Quantrill SS Bobby Witt Jr.,,,
721,5216844226,haitiankid79 (1/2),0,81.1,1B Jake Burger 2B Miguel Rojas 3B Max Muncy C Carter Jensen OF Mike Trout OF Kyle Tucker OF Andy Pages P Eric Lauer P Cal Quantrill SS Bobby Witt Jr.,,,
724,5216773358,JoshuaGabby (1/2),0,80.8,1B Jac Caglianone 2B Miguel Rojas 3B Max Muncy C Hunter Feduccia OF Starling Marte OF Brandon Nimmo OF Andy Pages P Eric Lauer P Mason Black SS Mookie Betts,,,
724,5216797151,DoloMitex478 (17/20),0,80.8,1B Jac Caglianone 2B Nicky Lopez 3B Ezequiel Duran C Salvador Perez OF Brandon Nimmo OF Shohei Ohtani OF Wade Meckler P Cal Quantrill P Mason Black SS Corey Seager,,,
726,5216757130,Elwaysarmy (13/20),0,80.35,1B Nolan Schanuel 2B Vaughn Grissom 3B Max Muncy C Moises Ballesteros OF Mike Trout OF Teoscar Hernandez OF Josh Lowe P Eric Lauer P George Klassen SS Bobby Witt Jr.,,,
726,5216758252,Frenchy0721,0,80.35,1B Freddie Freeman 2B Miguel Rojas 3B Nick Loftin C Carter Jensen OF Teoscar Hernandez OF Shohei Ohtani OF Andy Pages P Cal Quantrill P George Klassen SS Bobby Witt Jr.,,,
726,5216779923,Blackbeards_Delight,0,80.35,1B Shohei Ohtani 2B Miguel Rojas 3B Max Muncy C Carter Jensen OF Starling Marte OF Kyle Tucker OF Andy Pages P Cal Quantrill P George Klassen SS Bobby Witt Jr.,,,
726,5216791178,snipedanglecelly (2/2),0,80.35,1B Freddie Freeman 2B Oswald Peraza 3B Nick Loftin C Salvador Perez OF Kyle Tucker OF Isaac Collins OF Wade Meckler P Cal Quantrill P George Klassen SS Mookie Betts,,,
726,5216835488,Voidgg,0,80.35,1B Freddie Freeman 2B Nicky Lopez 3B Max Muncy C Salvador Perez OF Teoscar Hernandez OF Shohei Ohtani OF Andy Pages P Cal Quantrill P George Klassen SS Bobby Witt Jr.,,,
731,5216756894,anthonyspop,0,80.1,1B Jake Burger 2B Vaughn Grissom 3B Ezequiel Duran C Salvador Perez OF Brandon Nimmo OF Shohei Ohtani OF Andy Pages P Eric Lauer P Cal Quantrill SS Bobby Witt Jr.,,,
731,5216768688,mrvegasjs,0,80.1,1B Freddie Freeman 2B Nicky Lopez 3B Ezequiel Duran C Elias Diaz OF Mike Trout OF Brandon Nimmo OF Andy Pages P Eric Lauer P Cal Quantrill SS Bobby Witt Jr.,,,
731,5216787633,divertimhall (2/2),0,80.1,1B Freddie Freeman 2B Vaughn Grissom 3B Ezequiel Duran C Carter Jensen OF Mike Trout OF Brandon Nimmo OF Jac Caglianone P Eric Lauer P Cal Quantrill SS Zach Neto,,,
731,5216835469,JWatty,0,80.1,1B Shohei Ohtani 2B Vaughn Grissom 3B Ezequiel Duran C Carter Jensen OF Brandon Nimmo OF Jac Caglianone OF Wade Meckler P Eric Lauer P Cal Quantrill SS Bobby Witt Jr.,,,
731,5216837328,wavesweb (5/5),0,80.1,1B Freddie Freeman 2B Miguel Rojas 3B Max Muncy C Salvador Perez OF Kyle Tucker OF Andy Pages OF Jac Caglianone P Eric Lauer P Cal Quantrill SS Bobby Witt Jr.,,,
731,5216846778,FunkMotor,0,80.1,1B Jake Burger 2B Vaughn Grissom 3B Ezequiel Duran C Salvador Perez OF Brandon Nimmo OF Shohei Ohtani OF Andy Pages P Eric Lauer P Cal Quantrill SS Bobby Witt Jr.,,,
737,5216837062,quintrail,0,79.75,1B Shohei Ohtani 2B Miguel Rojas 3B Max Muncy C Carter Jensen OF Teoscar Hernandez OF Isaac Collins OF Evan Carter P Daniel Lynch IV P George Klassen SS Corey Seager,,,
738,5216762141,pug22 (1/2),0,79.35,1B Jake Burger 2B Vaughn Grissom 3B Max Muncy C Salvador Perez OF Teoscar Hernandez OF Shohei Ohtani OF Jarred Kelenic P Eric Lauer P George Klassen SS Bobby Witt Jr.,,,
738,5216811602,DigitalDreams (1/10),0,79.35,1B Freddie Freeman 2B Miguel Rojas 3B Max Muncy C Carter Jensen OF Brandon Nimmo OF Shohei Ohtani OF Isaac Collins P Cal Quantrill P George Klassen SS Bobby Witt Jr.,,,
738,5216816543,codyreich1,0,79.35,1B Freddie Freeman 2B Vaughn Grissom 3B Ezequiel Duran C Carter Jensen OF Shohei Ohtani OF Andy Pages OF Jac Caglianone P Cal Quantrill P George Klassen SS Tyler Tolbert,,,
741,5216789335,FlyingCows33,0,79.1,1B Nolan Schanuel 2B Nicky Lopez 3B Ezequiel Duran C Salvador Perez OF Teoscar Hernandez OF Brandon Nimmo OF Shohei Ohtani P Eric Lauer P Cal Quantrill SS Bobby Witt Jr.,,,
742,5216792139,jhc1532,0,78.8,1B Freddie Freeman 2B Vaughn Grissom 3B Nick Loftin C Elias Diaz OF Mike Trout OF Shohei Ohtani OF Andy Pages P Cal Quantrill P Mason Black SS Bobby Witt Jr.,,,
743,5216796350,kreller17 (2/10),0,78.35,1B Freddie Freeman 2B Nicky Lopez 3B Max Muncy C Elias Diaz OF Kyle Tucker OF Andy Pages OF Evan Carter P Cal Quantrill P George Klassen SS Corey Seager,,,
744,5216757123,Elwaysarmy (6/20),0,78.1,1B Shohei Ohtani 2B Nicky Lopez 3B Max Muncy C Elias Diaz OF Brandon Nimmo OF Evan Carter OF Jarred Kelenic P Eric Lauer P Cal Quantrill SS Bobby Witt Jr.,,,
744,5216761706,Cxmc_28 (3/4),0,78.1,1B Jac Caglianone 2B Vaughn Grissom 3B Nick Loftin C Carter Jensen OF Mike Trout OF Teoscar Hernandez OF Andy Pages P Eric Lauer P Cal Quantrill SS Tyler Tolbert,,,
744,5216814748,Clippy,0,78.1,1B Freddie Freeman 2B Vaughn Grissom 3B Ezequiel Duran C Carter Jensen OF Mike Trout OF Brandon Nimmo OF Andy Pages P Eric Lauer P Cal Quantrill SS Zach Neto,,,
744,5216848648,TeamPop (2/2),0,78.1,1B Jake Burger 2B Vaughn Grissom 3B Max Muncy C Elias Diaz OF Shohei Ohtani OF Kyle Tucker OF Andy Pages P Eric Lauer P Cal Quantrill SS Bobby Witt Jr.,,,
748,5216765405,Gezzy38 (1/2),0,77.5,1B Shohei Ohtani 2B Nicky Lopez 3B Ezequiel Duran C Carter Jensen OF Mike Trout OF Brandon Nimmo OF Andy Pages P Eric Lauer P Daniel Lynch IV SS Bobby Witt Jr.,,,
748,5216765572,Gezzy38 (2/2),0,77.5,1B Shohei Ohtani 2B Nicky Lopez 3B Ezequiel Duran C Carter Jensen OF Mike Trout OF Brandon Nimmo OF Andy Pages P Eric Lauer P Daniel Lynch IV SS Bobby Witt Jr.,,,
748,5216768269,Iamthejoeman (1/2),0,77.5,1B Joc Pederson 2B Vaughn Grissom 3B Ezequiel Duran C Salvador Perez OF Brandon Nimmo OF Shohei Ohtani OF Jarred Kelenic P Cal Quantrill P Daniel Lynch IV SS Corey Seager,,,
748,5216768303,Iamthejoeman (2/2),0,77.5,1B Joc Pederson 2B Vaughn Grissom 3B Ezequiel Duran C Salvador Perez OF Brandon Nimmo OF Shohei Ohtani OF Jarred Kelenic P Cal Quantrill P Daniel Lynch IV SS Corey Seager,,,
752,5216817056,louiswat (1/2),0,77.35,1B Jac Caglianone 2B Oswald Peraza 3B Max Muncy C Carter Jensen OF Brandon Nimmo OF Shohei Ohtani OF Wade Meckler P Cal Quantrill P George Klassen SS Bobby Witt Jr.,,,
752,5216830191,Wanna_Square_Up1567 (3/20),0,77.35,1B Shohei Ohtani 2B Miguel Rojas 3B Ezequiel Duran C Carter Jensen OF Teoscar Hernandez OF Kyle Tucker OF Andy Pages P Cal Quantrill P George Klassen SS Bobby Witt Jr.,,,
754,5216762194,dogyballs (3/6),0,77.1,1B Joc Pederson 2B Nicky Lopez 3B Nick Loftin C Elias Diaz OF Brandon Nimmo OF Wade Meckler OF Jarred Kelenic P Eric Lauer P Cal Quantrill SS Mookie Betts,,,
754,5216821290,zvolm1012 (8/10),0,77.1,1B Jake Burger 2B Nicky Lopez 3B Ezequiel Duran C Salvador Perez OF Brandon Nimmo OF Shohei Ohtani OF Jarred Kelenic P Eric Lauer P Cal Quantrill SS Bobby Witt Jr.,,,
756,5216753393,kbrisacher (19/20),0,77.05,1B Jac Caglianone 2B Vaughn Grissom 3B Denzer Guzman C Moises Ballesteros OF Mike Trout OF Isaac Collins OF Wade Meckler P Mason Black P George Klassen SS Bobby Witt Jr.,,,
757,5216792665,FoxyGrandpa252 (6/20),0,76.8,1B Jake Burger 2B Vaughn Grissom 3B Denzer Guzman C Elias Diaz OF Mike Trout OF Evan Carter OF Wade Meckler P Eric Lauer P Mason Black SS Zach Neto,,,
758,5216761704,Cxmc_28 (1/4),0,76.5,1B Jake Burger 2B Oswald Peraza 3B Ezequiel Duran C Moises Ballesteros OF Mike Trout OF Brandon Nimmo OF Wade Meckler P Cal Quantrill P Daniel Lynch IV SS Corey Seager,,,
759,5216849532,nickkluger,0,76.1,1B Jac Caglianone 2B Vaughn Grissom 3B Max Muncy C Carter Jensen OF Teoscar Hernandez OF Brandon Nimmo OF Shohei Ohtani P Eric Lauer P Cal Quantrill SS Zach Neto,,,
760,5216792662,FoxyGrandpa252 (3/20),0,75.8,1B Joc Pederson 2B Oswald Peraza 3B Denzer Guzman C Elias Diaz OF Brandon Nimmo OF Josh Lowe OF Evan Carter P Eric Lauer P Mason Black SS Corey Seager,,,
760,5216792663,FoxyGrandpa252 (4/20),0,75.8,1B Joc Pederson 2B Nicky Lopez 3B Ezequiel Duran C Moises Ballesteros OF Mike Trout OF Brandon Nimmo OF Evan Carter P Eric Lauer P Mason Black SS Zach Neto,,,
760,5216797145,DoloMitex478 (11/20),0,75.8,1B Joc Pederson 2B Nicky Lopez 3B Ezequiel Duran C Salvador Perez OF Brandon Nimmo OF Shohei Ohtani OF Evan Carter P Eric Lauer P Mason Black SS Bobby Witt Jr.,,,
763,5216827021,xman901,0,75.5,1B Jac Caglianone 2B Vaughn Grissom 3B Max Muncy C Elias Diaz OF Mike Trout OF Brandon Nimmo OF Shohei Ohtani P Cal Quantrill P Daniel Lynch IV SS Bobby Witt Jr.,,,
764,5216753392,kbrisacher (18/20),0,75.35,1B Freddie Freeman 2B Miguel Rojas 3B Max Muncy C Moises Ballesteros OF Teoscar Hernandez OF Kyle Tucker OF Josh Lowe P Eric Lauer P George Klassen SS Zach Neto,,,
764,5216757131,Elwaysarmy (14/20),0,75.35,1B Salvador Perez 2B Vaughn Grissom 3B Nick Loftin C Carter Jensen OF Starling Marte OF Shohei Ohtani OF Josh Lowe P Cal Quantrill P George Klassen SS Bobby Witt Jr.,,,
764,5216764721,hammomark,0,75.35,1B Shohei Ohtani 2B Vaughn Grissom 3B Max Muncy C Carter Jensen OF Brandon Nimmo OF Josh Lowe OF Andy Pages P Eric Lauer P George Klassen SS Bobby Witt Jr.,,,
764,5216805334,Jramsey7 (2/2),0,75.35,1B Nolan Schanuel 2B Vaughn Grissom 3B Nick Loftin C Carter Jensen OF Shohei Ohtani OF Andy Pages OF Jac Caglianone P Cal Quantrill P George Klassen SS Bobby Witt Jr.,,,
764,5216846800,whodatwedat21 (1/3),0,75.35,1B Freddie Freeman 2B Miguel Rojas 3B Max Muncy C Salvador Perez OF Kyle Tucker OF Andy Pages OF Jac Caglianone P Cal Quantrill P George Klassen SS Bobby Witt Jr.,,,
769,5216792668,FoxyGrandpa252 (9/20),0,75.1,1B Jake Burger 2B Miguel Rojas 3B Max Muncy C Elias Diaz OF Teoscar Hernandez OF Brandon Nimmo OF Jarred Kelenic P Eric Lauer P Cal Quantrill SS Corey Seager,,,
769,5216794974,claytankgunner (1/4),0,75.1,1B Jake Burger 2B Nicky Lopez 3B Ezequiel Duran C Elias Diaz OF Shohei Ohtani OF Kyle Tucker OF Jarred Kelenic P Eric Lauer P Cal Quantrill SS Bobby Witt Jr.,,,
769,5216818403,popcornluv,0,75.1,1B Shohei Ohtani 2B Vaughn Grissom 3B Nick Loftin C Carter Jensen OF Brandon Nimmo OF Kyle Tucker OF Andy Pages P Eric Lauer P Cal Quantrill SS Bobby Witt Jr.,,,
769,5216825126,jenerickpt,0,75.1,1B Freddie Freeman 2B Vaughn Grissom 3B Max Muncy C Carter Jensen OF Brandon Nimmo OF Andy Pages OF Jac Caglianone P Eric Lauer P Cal Quantrill SS Mookie Betts,,,
773,5216817114,Beastly888 (1/2),0,74.8,1B Jac Caglianone 2B Vaughn Grissom 3B Ezequiel Duran C Carter Jensen OF Mike Trout OF Shohei Ohtani OF Isaac Collins P Cal Quantrill P Mason Black SS Bobby Witt Jr.,,,
773,5216827461,Beastly888 (2/2),0,74.8,1B Jac Caglianone 2B Vaughn Grissom 3B Ezequiel Duran C Carter Jensen OF Mike Trout OF Shohei Ohtani OF Isaac Collins P Cal Quantrill P Mason Black SS Bobby Witt Jr.,,,
775,5216799407,Tappin26,0,74.35,1B Jac Caglianone 2B Nicky Lopez 3B Max Muncy C Carter Jensen OF Brandon Nimmo OF Shohei Ohtani OF Andy Pages P Cal Quantrill P George Klassen SS Zach Neto,,,
776,5216785112,bryan7739,0,74.1,1B Freddie Freeman 2B Vaughn Grissom 3B Max Muncy C Salvador Perez OF Kyle Tucker OF Andy Pages OF Jac Caglianone P Eric Lauer P Cal Quantrill SS Zach Neto,,,
777,5216767897,robertdoty,0,73.8,1B Jac Caglianone 2B Vaughn Grissom 3B Max Muncy C Carter Jensen OF Mike Trout OF Brandon Nimmo OF Kyle Tucker P Eric Lauer P Mason Black SS Mookie Betts,,,
778,5216821451,chetman5000 (2/3),0,73.75,1B Jake Burger 2B Vaughn Grissom 3B Max Muncy C Carter Jensen OF Shohei Ohtani OF Andy Pages OF Jac Caglianone P Daniel Lynch IV P George Klassen SS Corey Seager,,,
779,5216753373,JJSaenz (20/20),0,73.35,1B Freddie Freeman 2B Miguel Rojas 3B Nick Loftin C Salvador Perez OF Starling Marte OF Brandon Nimmo OF Jac Caglianone P Cal Quantrill P George Klassen SS Bobby Witt Jr.,,,
779,5216816572,gamegamer (4/4),0,73.35,1B Jac Caglianone 2B Vaughn Grissom 3B Nick Loftin C Carter Jensen OF Teoscar Hernandez OF Shohei Ohtani OF Andy Pages P Cal Quantrill P George Klassen SS Bobby Witt Jr.,,,
781,5216792677,FoxyGrandpa252 (18/20),0,73.05,1B Nolan Schanuel 2B Vaughn Grissom 3B Josh Rojas C Moises Ballesteros OF Mike Trout OF Isaac Collins OF Jac Caglianone P Mason Black P George Klassen SS Zach Neto,,,
782,5216808666,tigerwoods25 (1/4),0,72.5,1B Jake Burger 2B Nicky Lopez 3B Max Muncy C Moises Ballesteros OF Teoscar Hernandez OF Shohei Ohtani OF Jac Caglianone P Cal Quantrill P Daniel Lynch IV SS Mookie Betts,,,
782,5216808792,tigerwoods25 (4/4),0,72.5,1B Jake Burger 2B Nicky Lopez 3B Max Muncy C Moises Ballesteros OF Teoscar Hernandez OF Shohei Ohtani OF Jac Caglianone P Cal Quantrill P Daniel Lynch IV SS Mookie Betts,,,
784,5216792676,FoxyGrandpa252 (17/20),0,72.05,1B Nolan Schanuel 2B Oswald Peraza 3B Josh Rojas C Salvador Perez OF Mike Trout OF Josh Lowe OF Wade Meckler P Mason Black P George Klassen SS Bobby Witt Jr.,,,
785,5216822871,EJGUN60,0,71.8,1B Jac Caglianone 2B Miguel Rojas 3B Max Muncy C Salvador Perez OF Brandon Nimmo OF Shohei Ohtani OF Andy Pages P Cal Quantrill P Mason Black SS Bobby Witt Jr.,,,
786,5216800275,42NEXTONEdj,0,71.75,1B Shohei Ohtani 2B Oswald Peraza 3B Max Muncy C Carter Jensen OF Mike Trout OF Teoscar Hernandez OF Brandon Nimmo P Daniel Lynch IV P George Klassen SS Bobby Witt Jr.,,,
787,5216753371,JJSaenz (18/20),0,71.5,1B Jake Burger 2B Nicky Lopez 3B Ezequiel Duran C Carter Jensen OF Mike Trout OF Brandon Nimmo OF Kyle Tucker P Eric Lauer P Daniel Lynch IV SS Corey Seager,,,
788,5216820220,lenn221 (9/9),0,71.2,1B Nolan Schanuel 2B Vaughn Grissom 3B Denzer Guzman C Salvador Perez OF Mike Trout OF Brandon Nimmo OF Shohei Ohtani P Daniel Lynch IV P Mason Black SS Zach Neto,,,
789,5216793839,reycito21 (4/4),0,70.8,1B Joc Pederson 2B Vaughn Grissom 3B Ezequiel Duran C Carter Jensen OF Shohei Ohtani OF Kyle Tucker OF Jac Caglianone P Eric Lauer P Mason Black SS Bobby Witt Jr.,,,
789,5216849448,whodatwedat21 (2/3),0,70.8,1B Joc Pederson 2B Vaughn Grissom 3B Ezequiel Duran C Moises Ballesteros OF Mike Trout OF Brandon Nimmo OF Jarred Kelenic P Eric Lauer P Mason Black SS Zach Neto,,,
789,5216853067,Roger88 (2/4),0,70.8,1B Salvador Perez 2B Miguel Rojas 3B Ezequiel Duran C Carter Jensen OF Shohei Ohtani OF Kyle Tucker OF Jac Caglianone P Cal Quantrill P Mason Black SS Bobby Witt Jr.,,,
789,5216853841,ivymoose (8/8),0,70.8,1B Joc Pederson 2B Vaughn Grissom 3B Ezequiel Duran C Moises Ballesteros OF Brandon Nimmo OF Wade Meckler OF Jarred Kelenic P Eric Lauer P Mason Black SS Corey Seager,,,
793,5216770335,TSmith12615 (9/20),0,70.35,1B Freddie Freeman 2B Vaughn Grissom 3B Max Muncy C Salvador Perez OF Teoscar Hernandez OF Kyle Tucker OF Andy Pages P Eric Lauer P George Klassen SS Bobby Witt Jr.,,,
794,5216753358,JJSaenz (5/20),0,70.1,1B Jake Burger 2B Vaughn Grissom 3B Ezequiel Duran C Carter Jensen OF Brandon Nimmo OF Jac Caglianone OF Jarred Kelenic P Eric Lauer P Cal Quantrill SS Corey Seager,,,
795,5216757129,Elwaysarmy (12/20),0,70.05,1B Shohei Ohtani 2B Vaughn Grissom 3B Nick Loftin C Salvador Perez OF Starling Marte OF Isaac Collins OF Jac Caglianone P Mason Black P George Klassen SS Zach Neto,,,
795,5216792666,FoxyGrandpa252 (7/20),0,70.05,1B Joc Pederson 2B Vaughn Grissom 3B Nick Loftin C Salvador Perez OF Mike Trout OF Starling Marte OF Isaac Collins P Mason Black P George Klassen SS Bobby Witt Jr.,,,
795,5216833696,bigdaddyfatty (2/6),0,70.05,1B Nolan Schanuel 2B Vaughn Grissom 3B Nick Loftin C Salvador Perez OF Mike Trout OF Jac Caglianone OF Wade Meckler P Mason Black P George Klassen SS Bobby Witt Jr.,,,
798,5216787672,Rowdog31 (5/8),0,69.8,1B Joc Pederson 2B Nicky Lopez 3B Ezequiel Duran C Salvador Perez OF Mike Trout OF Brandon Nimmo OF Jarred Kelenic P Eric Lauer P Mason Black SS Bobby Witt Jr.,,,
798,5216797147,DoloMitex478 (13/20),0,69.8,1B Shohei Ohtani 2B Vaughn Grissom 3B Josh Rojas C Salvador Perez OF Brandon Nimmo OF Andy Pages OF Jac Caglianone P Cal Quantrill P Mason Black SS Bobby Witt Jr.,,,
800,5216833187,meitbe2014,0,69.1,1B Joc Pederson 2B Vaughn Grissom 3B Ezequiel Duran C Elias Diaz OF Brandon Nimmo OF Andy Pages OF Jac Caglianone P Eric Lauer P Cal Quantrill SS Bobby Witt Jr.,,,
801,5216815500,jp023384 (2/3),0,69.05,1B Salvador Perez 2B Vaughn Grissom 3B Nick Loftin C Carter Jensen OF Mike Trout OF Jac Caglianone OF Wade Meckler P Mason Black P George Klassen SS Zach Neto,,,
802,5216853834,ivymoose (1/8),0,68.8,1B Joc Pederson 2B Nicky Lopez 3B Nick Loftin C Salvador Perez OF Brandon Nimmo OF Evan Carter OF Jac Caglianone P Cal Quantrill P Mason Black SS Corey Seager,,,
803,5216796354,kreller17 (6/10),0,68.75,1B Nolan Schanuel 2B Oswald Peraza 3B Max Muncy C Salvador Perez OF Mike Trout OF Isaac Collins OF Wade Meckler P Daniel Lynch IV P George Klassen SS Bobby Witt Jr.,,,
804,5216829915,leaf42901 (2/2),0,68.5,1B Joc Pederson 2B Vaughn Grissom 3B Nick Loftin C Salvador Perez OF Brandon Nimmo OF Shohei Ohtani OF Jac Caglianone P Cal Quantrill P Daniel Lynch IV SS Bobby Witt Jr.,,,
805,5216801211,sergiop369,0,68.1,1B Jac Caglianone 2B Nicky Lopez 3B Ezequiel Duran C Salvador Perez OF Brandon Nimmo OF Kyle Tucker OF Andy Pages P Eric Lauer P Cal Quantrill SS Bobby Witt Jr.,,,
805,5216830193,Wanna_Square_Up1567 (5/20),0,68.1,1B Freddie Freeman 2B Vaughn Grissom 3B Max Muncy C Salvador Perez OF Teoscar Hernandez OF Kyle Tucker OF Andy Pages P Eric Lauer P Cal Quantrill SS Bobby Witt Jr.,,,
805,5216852616,WPalmer2014,0,68.1,1B Freddie Freeman 2B Vaughn Grissom 3B Max Muncy C Salvador Perez OF Brandon Nimmo OF Kyle Tucker OF Andy Pages P Eric Lauer P Cal Quantrill SS Bobby Witt Jr.,,,
808,5216825209,Navare1212 (1/3),0,68.05,1B Nolan Schanuel 2B Vaughn Grissom 3B Ezequiel Duran C Moises Ballesteros OF Mike Trout OF Isaac Collins OF Jac Caglianone P Mason Black P George Klassen SS Zach Neto,,,
809,5216828292,Caryg07 (14/20),0,67.35,1B Freddie Freeman 2B Vaughn Grissom 3B Max Muncy C Salvador Perez OF Kyle Tucker OF Isaac Collins OF Jac Caglianone P Cal Quantrill P George Klassen SS Bobby Witt Jr.,,,
810,5216792051,Batman3838,0,67.2,1B Shohei Ohtani 2B Vaughn Grissom 3B Ezequiel Duran C Moises Ballesteros OF Mike Trout OF Starling Marte OF Andy Pages P Daniel Lynch IV P Mason Black SS Bobby Witt Jr.,,,
811,5216830194,Wanna_Square_Up1567 (6/20),0,67.05,1B Nolan Schanuel 2B Oswald Peraza 3B Vaughn Grissom C Carter Jensen OF Mike Trout OF Jac Caglianone OF Wade Meckler P Mason Black P George Klassen SS Bobby Witt Jr.,,,
812,5216825858,JeffreyG33 (3/4),0,66.8,1B Joc Pederson 2B Miguel Rojas 3B Nick Loftin C Moises Ballesteros OF Brandon Nimmo OF Kyle Tucker OF Wade Meckler P Eric Lauer P Mason Black SS Tyler Tolbert,,,
812,5216833695,bigdaddyfatty (1/6),0,66.8,1B Joc Pederson 2B Nicky Lopez 3B Ezequiel Duran C Salvador Perez OF Starling Marte OF Brandon Nimmo OF Jac Caglianone P Cal Quantrill P Mason Black SS Corey Seager,,,
812,5216853838,ivymoose (5/8),0,66.8,1B Joc Pederson 2B Nicky Lopez 3B Ezequiel Duran C Salvador Perez OF Starling Marte OF Brandon Nimmo OF Jac Caglianone P Cal Quantrill P Mason Black SS Corey Seager,,,
815,5216765316,thegoose555,0,66.5,1B Shohei Ohtani 2B Vaughn Grissom 3B Ezequiel Duran C Salvador Perez OF Kyle Tucker OF Andy Pages OF Jac Caglianone P Cal Quantrill P Daniel Lynch IV SS Bobby Witt Jr.,,,
816,5216770336,TSmith12615 (10/20),0,66.35,1B Freddie Freeman 2B Miguel Rojas 3B Max Muncy C Carter Jensen OF Teoscar Hernandez OF Andy Pages OF Jac Caglianone P Cal Quantrill P George Klassen SS Bobby Witt Jr.,,,
816,5216770345,TSmith12615 (19/20),0,66.35,1B Freddie Freeman 2B Miguel Rojas 3B Max Muncy C Carter Jensen OF Teoscar Hernandez OF Andy Pages OF Jac Caglianone P Cal Quantrill P George Klassen SS Bobby Witt Jr.,,,
818,5216849594,kendall1145 (1/2),0,66.2,1B Jac Caglianone 2B Vaughn Grissom 3B Max Muncy C Salvador Perez OF Mike Trout OF Brandon Nimmo OF Shohei Ohtani P Daniel Lynch IV P Mason Black SS Bobby Witt Jr.,,,
819,5216773463,sikwitit317,0,66.1,1B Joc Pederson 2B Vaughn Grissom 3B Max Muncy C Elias Diaz OF Brandon Nimmo OF Jac Caglianone OF Jarred Kelenic P Eric Lauer P Cal Quantrill SS Bobby Witt Jr.,,,
820,5216792664,FoxyGrandpa252 (5/20),0,65.8,1B Joc Pederson 2B Nicky Lopez 3B Josh Rojas C Salvador Perez OF Brandon Nimmo OF Isaac Collins OF Jarred Kelenic P Cal Quantrill P Mason Black SS Corey Seager,,,
821,5216787660,lenn221 (4/9),0,65.35,1B Jac Caglianone 2B Vaughn Grissom 3B Max Muncy C Moises Ballesteros OF Starling Marte OF Kyle Tucker OF Isaac Collins P Cal Quantrill P George Klassen SS Bobby Witt Jr.,,,
822,5216792674,FoxyGrandpa252 (15/20),0,64.8,1B Jake Burger 2B Oswald Peraza 3B Josh Rojas C Elias Diaz OF Evan Carter OF Jac Caglianone OF Jarred Kelenic P Cal Quantrill P Mason Black SS Corey Seager,,,
822,5216825857,JeffreyG33 (2/4),0,64.8,1B Joc Pederson 2B Miguel Rojas 3B Nick Loftin C Moises Ballesteros OF Teoscar Hernandez OF Brandon Nimmo OF Wade Meckler P Eric Lauer P Mason Black SS Tyler Tolbert,,,
824,5216840821,Arkell,0,64.35,1B Jake Burger 2B Vaughn Grissom 3B Ezequiel Duran C Carter Jensen OF Teoscar Hernandez OF Kyle Tucker OF Jac Caglianone P Cal Quantrill P George Klassen SS Mookie Betts,,,
825,5216825259,Trumpspade,0,64.05,1B Nolan Schanuel 2B Vaughn Grissom 3B Ezequiel Duran C Moises Ballesteros OF Mike Trout OF Teoscar Hernandez OF Andy Pages P Edwin Diaz P Eric Lauer SS Bobby Witt Jr.,,,
826,5216800639,jayballin08,0,63.8,1B Jac Caglianone 2B Oswald Peraza 3B Ezequiel Duran C Salvador Perez OF Teoscar Hernandez OF Brandon Nimmo OF Shohei Ohtani P Cal Quantrill P Mason Black SS Bobby Witt Jr.,,,
826,5216830205,Wanna_Square_Up1567 (17/20),0,63.8,1B Joc Pederson 2B Nicky Lopez 3B Nick Loftin C Carter Jensen OF Mike Trout OF Starling Marte OF Jac Caglianone P Cal Quantrill P Mason Black SS Bobby Witt Jr.,,,
828,5216757128,Elwaysarmy (11/20),0,63.35,1B Jac Caglianone 2B Vaughn Grissom 3B Nick Loftin C Salvador Perez OF Starling Marte OF Kyle Tucker OF Josh Lowe P Cal Quantrill P George Klassen SS Bobby Witt Jr.,,,
829,5216753384,kbrisacher (10/20),0,61.8,1B Joc Pederson 2B Nicky Lopez 3B Nick Loftin C Carter Jensen OF Starling Marte OF Isaac Collins OF Jac Caglianone P Cal Quantrill P Mason Black SS Corey Seager,,,
829,5216757124,Elwaysarmy (7/20),0,61.8,1B Jake Burger 2B Nicky Lopez 3B Ezequiel Duran C Salvador Perez OF Brandon Nimmo OF Shohei Ohtani OF Evan Carter P Cal Quantrill P Mason Black SS Bobby Witt Jr.,,,
829,5216792152,AMBets15,0,61.8,1B Joc Pederson 2B Nicky Lopez 3B Ezequiel Duran C Salvador Perez OF Teoscar Hernandez OF Brandon Nimmo OF Andy Pages P Cal Quantrill P Mason Black SS Corey Seager,,,
829,5216833913,labeau,0,61.8,1B Jake Burger 2B Nicky Lopez 3B Nick Loftin C Salvador Perez OF Brandon Nimmo OF Shohei Ohtani OF Jac Caglianone P Cal Quantrill P Mason Black SS Bobby Witt Jr.,,,
829,5216853835,ivymoose (2/8),0,61.8,1B Jake Burger 2B Nicky Lopez 3B Nick Loftin C Salvador Perez OF Brandon Nimmo OF Evan Carter OF Jac Caglianone P Cal Quantrill P Mason Black SS Corey Seager,,,
834,5216783896,VampGhost,0,61.5,1B Jac Caglianone 2B Oswald Peraza 3B Max Muncy C Elias Diaz OF Teoscar Hernandez OF Kyle Tucker OF Wade Meckler P Cal Quantrill P Daniel Lynch IV SS Corey Seager,,,
835,5216841176,jgudda6 (2/2),0,61.1,1B Jac Caglianone 2B Nicky Lopez 3B Ezequiel Duran C Carter Jensen OF Brandon Nimmo OF Kyle Tucker OF Andy Pages P Eric Lauer P Cal Quantrill SS Bobby Witt Jr.,,,
836,5216753394,kbrisacher (20/20),0,60.05,1B Salvador Perez 2B Oswald Peraza 3B Josh Rojas C Moises Ballesteros OF Starling Marte OF Josh Lowe OF Isaac Collins P Mason Black P George Klassen SS Tyler Tolbert,,,
837,5216756823,Bentoni,0,59.5,1B Freddie Freeman 2B Vaughn Grissom 3B Nick Loftin C Carter Jensen OF Brandon Nimmo OF Shohei Ohtani OF Jac Caglianone P Cal Quantrill P Daniel Lynch IV SS Bobby Witt Jr.,,,
838,5216782179,cwright94 (1/2),0,59.2,1B Shohei Ohtani 2B Vaughn Grissom 3B Ezequiel Duran C Carter Jensen OF Mike Trout OF Brandon Nimmo OF Jac Caglianone P Daniel Lynch IV P Mason Black SS Bobby Witt Jr.,,,
839,5216753390,kbrisacher (16/20),0,58.8,1B Jake Burger 2B Vaughn Grissom 3B Denzer Guzman C Elias Diaz OF Josh Lowe OF Evan Carter OF Wade Meckler P Eric Lauer P Mason Black SS Zach Neto,,,
839,5216792661,FoxyGrandpa252 (2/20),0,58.8,1B Jake Burger 2B Vaughn Grissom 3B Ezequiel Duran C Moises Ballesteros OF Brandon Nimmo OF Josh Lowe OF Jarred Kelenic P Eric Lauer P Mason Black SS Corey Seager,,,
839,5216822450,JeffreyG33 (1/4),0,58.8,1B Joc Pederson 2B Oswald Peraza 3B Ezequiel Duran C Moises Ballesteros OF Teoscar Hernandez OF Kyle Tucker OF Isaac Collins P Eric Lauer P Mason Black SS Tyler Tolbert,,,
842,5216753380,kbrisacher (6/20),0,57.8,1B Joc Pederson 2B Nicky Lopez 3B Ezequiel Duran C Moises Ballesteros OF Brandon Nimmo OF Josh Lowe OF Evan Carter P Eric Lauer P Mason Black SS Zach Neto,,,
843,5216792679,FoxyGrandpa252 (20/20),0,57.2,1B Jake Burger 2B Nicky Lopez 3B Nick Loftin C Elias Diaz OF Mike Trout OF Brandon Nimmo OF Wade Meckler P Daniel Lynch IV P Mason Black SS Corey Seager,,,
844,5216753377,kbrisacher (3/20),0,57.05,1B Nolan Schanuel 2B Oswald Peraza 3B Nick Loftin C Salvador Perez OF Starling Marte OF Jac Caglianone OF Wade Meckler P Mason Black P George Klassen SS Bobby Witt Jr.,,,
845,5216830199,Wanna_Square_Up1567 (11/20),0,56.8,1B Jake Burger 2B Vaughn Grissom 3B Ezequiel Duran C Salvador Perez OF Brandon Nimmo OF Jac Caglianone OF Jarred Kelenic P Cal Quantrill P Mason Black SS Corey Seager,,,
845,5216833464,JeffreyG33 (4/4),0,56.8,1B Joc Pederson 2B Vaughn Grissom 3B Ezequiel Duran C Moises Ballesteros OF Teoscar Hernandez OF Kyle Tucker OF Isaac Collins P Eric Lauer P Mason Black SS Tyler Tolbert,,,
845,5216853836,ivymoose (3/8),0,56.8,1B Jake Burger 2B Nicky Lopez 3B Nick Loftin C Salvador Perez OF Brandon Nimmo OF Jac Caglianone OF Jarred Kelenic P Cal Quantrill P Mason Black SS Corey Seager,,,
848,5216780460,foutah (2/4),0,56.2,1B Jake Burger 2B Nicky Lopez 3B Vaughn Grissom C Elias Diaz OF Mike Trout OF Brandon Nimmo OF Kyle Tucker P Daniel Lynch IV P Mason Black SS Corey Seager,,,
849,5216792672,FoxyGrandpa252 (13/20),0,54.8,1B Jake Burger 2B Nicky Lopez 3B Ezequiel Duran C Carter Jensen OF Starling Marte OF Isaac Collins OF Evan Carter P Cal Quantrill P Mason Black SS Corey Seager,,,
849,5216853839,ivymoose (6/8),0,54.8,1B Joc Pederson 2B Nicky Lopez 3B Nick Loftin C Salvador Perez OF Brandon Nimmo OF Evan Carter OF Jac Caglianone P Cal Quantrill P Mason Black SS Bobby Witt Jr.,,,
851,5216825151,golfgolf43 (2/4),0,54.2,1B Jac Caglianone 2B Vaughn Grissom 3B Nick Loftin C Salvador Perez OF Starling Marte OF Shohei Ohtani OF Andy Pages P Daniel Lynch IV P Mason Black SS Bobby Witt Jr.,,,
852,5216853840,ivymoose (7/8),0,53.8,1B Jake Burger 2B Nicky Lopez 3B Nick Loftin C Salvador Perez OF Brandon Nimmo OF Isaac Collins OF Jarred Kelenic P Cal Quantrill P Mason Black SS Corey Seager,,,
853,5216796356,kreller17 (8/10),0,52.8,1B Joc Pederson 2B Vaughn Grissom 3B Ezequiel Duran C Salvador Perez OF Brandon Nimmo OF Andy Pages OF Evan Carter P Cal Quantrill P Mason Black SS Bobby Witt Jr.,,,
854,5216796355,kreller17 (7/10),0,51.5,1B Freddie Freeman 2B Nicky Lopez 3B Nick Loftin C Elias Diaz OF Andy Pages OF Evan Carter OF Jac Caglianone P Cal Quantrill P Daniel Lynch IV SS Bobby Witt Jr.,,,
855,5216753387,kbrisacher (13/20),0,51.05,1B Nolan Schanuel 2B Vaughn Grissom 3B Denzer Guzman C Carter Jensen OF Starling Marte OF Josh Lowe OF Jac Caglianone P Mason Black P George Klassen SS Zach Neto,,,
856,5216792675,FoxyGrandpa252 (16/20),0,50.8,1B Nolan Schanuel 2B Oswald Peraza 3B Ezequiel Duran C Elias Diaz OF Brandon Nimmo OF Wade Meckler OF Jarred Kelenic P Eric Lauer P Mason Black SS Zach Neto,,,
857,5216792671,FoxyGrandpa252 (12/20),0,50.05,1B Salvador Perez 2B Oswald Peraza 3B Nick Loftin C Carter Jensen OF Josh Lowe OF Isaac Collins OF Jac Caglianone P Mason Black P George Klassen SS Zach Neto,,,
858,5216792669,FoxyGrandpa252 (10/20),0,49.8,1B Joc Pederson 2B Nicky Lopez 3B Ezequiel Duran C Elias Diaz OF Starling Marte OF Brandon Nimmo OF Jac Caglianone P Cal Quantrill P Mason Black SS Tyler Tolbert,,,
858,5216815499,jp023384 (1/3),0,49.8,1B Jac Caglianone 2B Nicky Lopez 3B Ezequiel Duran C Salvador Perez OF Brandon Nimmo OF Isaac Collins OF Evan Carter P Cal Quantrill P Mason Black SS Bobby Witt Jr.,,,
860,5216753383,kbrisacher (9/20),0,47.8,1B Jake Burger 2B Nicky Lopez 3B Ezequiel Duran C Salvador Perez OF Brandon Nimmo OF Evan Carter OF Jac Caglianone P Cal Quantrill P Mason Black SS Bobby Witt Jr.,,,
860,5216792660,FoxyGrandpa252 (1/20),0,47.8,1B Jake Burger 2B Nicky Lopez 3B Nick Loftin C Salvador Perez OF Brandon Nimmo OF Evan Carter OF Jac Caglianone P Cal Quantrill P Mason Black SS Bobby Witt Jr.,,,
860,5216796357,kreller17 (9/10),0,47.8,1B Jake Burger 2B Nicky Lopez 3B Max Muncy C Salvador Perez OF Brandon Nimmo OF Evan Carter OF Jac Caglianone P Cal Quantrill P Mason Black SS Bobby Witt Jr.,,,
860,5216797149,DoloMitex478 (15/20),0,47.8,1B Jake Burger 2B Vaughn Grissom 3B Ezequiel Duran C Salvador Perez OF Brandon Nimmo OF Evan Carter OF Jac Caglianone P Cal Quantrill P Mason Black SS Bobby Witt Jr.,,,
860,5216853837,ivymoose (4/8),0,47.8,1B Jake Burger 2B Nicky Lopez 3B Nick Loftin C Salvador Perez OF Brandon Nimmo OF Evan Carter OF Jac Caglianone P Cal Quantrill P Mason Black SS Bobby Witt Jr.,,,
865,5216762197,dogyballs (6/6),0,41.8,1B Jake Burger 2B Nicky Lopez 3B Josh Rojas C Carter Jensen OF Brandon Nimmo OF Evan Carter OF Jarred Kelenic P Cal Quantrill P Mason Black SS Tyler Tolbert,,,
866,5216756856,Rich4585,0,0,,,,
866,5216761318,MonkeyKing121,0,0,,,,
866,5216784088,DutchMamba,0,0,,,,
866,5216791749,sgiptnur357 (1/2),0,0,,,,
866,5216791844,sgiptnur357 (2/2),0,0,,,,
866,5216796064,BSteelz34,0,0,,,,
866,5216799807,gunner355 (1/4),0,0,,,,
866,5216814278,Jungleboy513,0,0,,,,
866,5216820230,LolaMae01,0,0,,,,
866,5216821036,IChuckUpDaDeuces (1/15),0,0,,,,
866,5216821037,IChuckUpDaDeuces (2/15),0,0,,,,
866,5216821038,IChuckUpDaDeuces (3/15),0,0,,,,
866,5216821039,IChuckUpDaDeuces (4/15),0,0,,,,
866,5216821040,IChuckUpDaDeuces (5/15),0,0,,,,
866,5216825089,souge369,0,0,,,,
866,5216828324,Ship1992,0,0,,,,
866,5216832161,IChuckUpDaDeuces (6/15),0,0,,,,
866,5216832162,IChuckUpDaDeuces (7/15),0,0,,,,
866,5216832163,IChuckUpDaDeuces (8/15),0,0,,,,
866,5216832164,IChuckUpDaDeuces (9/15),0,0,,,,
866,5216832165,IChuckUpDaDeuces (10/15),0,0,,,,
866,5216832166,IChuckUpDaDeuces (11/15),0,0,,,,
866,5216832167,IChuckUpDaDeuces (12/15),0,0,,,,
866,5216832168,IChuckUpDaDeuces (13/15),0,0,,,,
866,5216832169,IChuckUpDaDeuces (14/15),0,0,,,,
866,5216832170,IChuckUpDaDeuces (15/15),0,0,,,,
