Rank,EntryId,EntryName,TimeRemaining,Points,Lineup,,Player,Roster Position,%Drafted,FPTS
1,5200764551,USMBrad14 (1/20),0,80.85,CPT Tyler Mahle UTIL Brandon Sproat UTIL Luis Arraez UTIL Andrew Vaughn UTIL Jesus Rodriguez UTIL Grant McCray,,Cooper Pratt,UTIL,36.80%,2
1,5200948444,Ezilodi (10/20),0,80.85,CPT Tyler Mahle UTIL Brandon Sproat UTIL Luis Arraez UTIL Andrew Vaughn UTIL Jesus Rodriguez UTIL Grant McCray,,Rafael Devers,UTIL,33.10%,2
3,5199997484,Schoey17 (1/9),0,78.85,CPT Tyler Mahle UTIL Brandon Sproat UTIL Luis Arraez UTIL Willy Adames UTIL Drew Gilbert UTIL Grant McCray,,Andrew Vaughn,UTIL,31.75%,5
3,5200258817,ivymoose (20/20),0,78.85,CPT Tyler Mahle UTIL Brandon Sproat UTIL Luis Arraez UTIL Jesus Rodriguez UTIL Drew Gilbert UTIL Grant McCray,,Brice Turang,UTIL,30.57%,0
3,5200359218,MoneyRamirez (3/20),0,78.85,CPT Tyler Mahle UTIL Brandon Sproat UTIL Luis Arraez UTIL Willy Adames UTIL Drew Gilbert UTIL Grant McCray,,Brandon Sproat,UTIL,30.03%,12.1
3,5200398810,Fuzz988 (1/20),0,78.85,CPT Tyler Mahle UTIL Brandon Sproat UTIL Luis Arraez UTIL Willy Adames UTIL Drew Gilbert UTIL Grant McCray,,Jackson Chourio,UTIL,28.34%,3
3,5200445724,73pd2x (4/20),0,78.85,CPT Tyler Mahle UTIL Brandon Sproat UTIL Luis Arraez UTIL Willy Adames UTIL Drew Gilbert UTIL Grant McCray,,Grant McCray,UTIL,25.23%,16
3,5200501773,briguy13 (1/20),0,78.85,CPT Tyler Mahle UTIL Brandon Sproat UTIL Luis Arraez UTIL Willy Adames UTIL Drew Gilbert UTIL Grant McCray,,Drew Gilbert,UTIL,25.06%,3
3,5200638736,bellsofwar3 (1/20),0,78.85,CPT Tyler Mahle UTIL Brandon Sproat UTIL Luis Arraez UTIL Willy Adames UTIL Drew Gilbert UTIL Grant McCray,,Christian Yelich,UTIL,24.89%,0
3,5200720630,mrclean913 (1/20),0,78.85,CPT Tyler Mahle UTIL Brandon Sproat UTIL Luis Arraez UTIL Willy Adames UTIL Drew Gilbert UTIL Grant McCray,,Luis Arraez,UTIL,24.81%,10
3,5200745618,shanemoore27 (1/20),0,78.85,CPT Tyler Mahle UTIL Brandon Sproat UTIL Luis Arraez UTIL Willy Adames UTIL Drew Gilbert UTIL Grant McCray,,Tyler Mahle,UTIL,24.81%,20.5
3,5200867040,cwthrow24 (16/20),0,78.85,CPT Tyler Mahle UTIL Brandon Sproat UTIL Luis Arraez UTIL Willy Adames UTIL Drew Gilbert UTIL Grant McCray,,Joey Ortiz,UTIL,24.43%,0
3,5200913764,PokerChump (2/20),0,78.85,CPT Tyler Mahle UTIL Brandon Sproat UTIL Luis Arraez UTIL Willy Adames UTIL Drew Gilbert UTIL Grant McCray,,Brandon Sproat,CPT,24.01%,18.15
3,5200947607,kylhub10 (4/20),0,78.85,CPT Tyler Mahle UTIL Brandon Sproat UTIL Luis Arraez UTIL Willy Adames UTIL Drew Gilbert UTIL Grant McCray,,William Contreras,UTIL,23.93%,0
3,5200947620,kylhub10 (17/20),0,78.85,CPT Tyler Mahle UTIL Brandon Sproat UTIL Luis Arraez UTIL Willy Adames UTIL Drew Gilbert UTIL Grant McCray,,Bryce Eldridge,UTIL,23.34%,2
16,5200262010,Sammy.Boy (6/20),0,77.85,CPT Tyler Mahle UTIL Brandon Sproat UTIL Heliot Ramos UTIL Willy Adames UTIL Jesus Rodriguez UTIL Grant McCray,,Jake Bauers,UTIL,21.87%,3
16,5200419341,KGould86 (6/20),0,77.85,CPT Tyler Mahle UTIL Brandon Sproat UTIL Heliot Ramos UTIL Willy Adames UTIL Jesus Rodriguez UTIL Grant McCray,,Casey Schmitt,UTIL,18.04%,3
16,5200422675,deathmetalbob,0,77.85,CPT Tyler Mahle UTIL Brandon Sproat UTIL Heliot Ramos UTIL Willy Adames UTIL Jesus Rodriguez UTIL Grant McCray,,Garrett Mitchell,UTIL,17.28%,0
16,5200445728,73pd2x (8/20),0,77.85,CPT Tyler Mahle UTIL Brandon Sproat UTIL Heliot Ramos UTIL Willy Adames UTIL Jesus Rodriguez UTIL Grant McCray,,Tyler Mahle,CPT,17.12%,30.75
16,5200717720,JaserD (6/20),0,77.85,CPT Tyler Mahle UTIL Brandon Sproat UTIL Heliot Ramos UTIL Willy Adames UTIL Jesus Rodriguez UTIL Grant McCray,,Heliot Ramos,UTIL,16.78%,5
16,5200933295,Edgitt116 (7/12),0,77.85,CPT Tyler Mahle UTIL Brandon Sproat UTIL Heliot Ramos UTIL Willy Adames UTIL Jesus Rodriguez UTIL Grant McCray,,Willy Adames,UTIL,16.32%,7
22,5200359220,MoneyRamirez (5/20),0,75.85,CPT Tyler Mahle UTIL Brandon Sproat UTIL Willy Adames UTIL Jesus Rodriguez UTIL Drew Gilbert UTIL Grant McCray,,Jesus Rodriguez,UTIL,13.29%,7
23,5200745630,shanemoore27 (13/20),0,75.6,CPT Luis Arraez UTIL Brandon Sproat UTIL Tyler Mahle UTIL Heliot Ramos UTIL Jesus Rodriguez UTIL Grant McCray,,Rafael Devers,CPT,7.53%,3
24,5200567890,Flash788 (5/9),0,75.1,CPT Tyler Mahle UTIL Brandon Sproat UTIL Casey Schmitt UTIL Willy Adames UTIL Grant McCray UTIL Erik Miller,,Jake Bauers,CPT,7.53%,4.5
25,5200418886,whoisjohngalt420 (12/20),0,74.85,CPT Tyler Mahle UTIL Brandon Sproat UTIL Rafael Devers UTIL Willy Adames UTIL Jesus Rodriguez UTIL Grant McCray,,Brice Turang,CPT,6.81%,0
25,5200516921,SpeedRacer101 (7/20),0,74.85,CPT Tyler Mahle UTIL Brandon Sproat UTIL Willy Adames UTIL Bryce Eldridge UTIL Jesus Rodriguez UTIL Grant McCray,,Christian Yelich,CPT,5.97%,0
25,5200524089,austin60915 (12/20),0,74.85,CPT Tyler Mahle UTIL Brandon Sproat UTIL Rafael Devers UTIL Willy Adames UTIL Jesus Rodriguez UTIL Grant McCray,,Jackson Chourio,CPT,5.68%,4.5
25,5200553166,georgeconfused (5/6),0,74.85,CPT Tyler Mahle UTIL Brandon Sproat UTIL Rafael Devers UTIL Willy Adames UTIL Jesus Rodriguez UTIL Grant McCray,,Cooper Pratt,CPT,3.74%,3
25,5200811517,grantgoupil (18/20),0,74.85,CPT Tyler Mahle UTIL Brandon Sproat UTIL Rafael Devers UTIL Willy Adames UTIL Jesus Rodriguez UTIL Grant McCray,,Luis Arraez,CPT,2.99%,15
25,5200934088,UniversalFriend (16/20),0,74.85,CPT Tyler Mahle UTIL Brandon Sproat UTIL Willy Adames UTIL Bryce Eldridge UTIL Jesus Rodriguez UTIL Grant McCray,,Casey Schmitt,CPT,2.82%,4.5
31,5200840604,pat_the_hat2 (13/20),0,74.65,CPT Brandon Sproat UTIL Tyler Mahle UTIL Luis Arraez UTIL Willy Adames UTIL Drew Gilbert UTIL Grant McCray,,Andrew Vaughn,CPT,2.73%,7.5
32,5200419337,KGould86 (2/20),0,73.85,CPT Tyler Mahle UTIL Brandon Sproat UTIL Luis Arraez UTIL Bryce Eldridge UTIL Drew Gilbert UTIL Grant McCray,,William Contreras,CPT,2.31%,0
32,5200445737,73pd2x (17/20),0,73.85,CPT Tyler Mahle UTIL Brandon Sproat UTIL Heliot Ramos UTIL Willy Adames UTIL Drew Gilbert UTIL Grant McCray,,Bryce Eldridge,CPT,2.19%,3
32,5200524079,austin60915 (2/20),0,73.85,CPT Tyler Mahle UTIL Brandon Sproat UTIL Luis Arraez UTIL Bryce Eldridge UTIL Drew Gilbert UTIL Grant McCray,,Willy Adames,CPT,1.60%,10.5
32,5200586692,LOCNOTM (10/20),0,73.85,CPT Tyler Mahle UTIL Brandon Sproat UTIL Heliot Ramos UTIL Willy Adames UTIL Drew Gilbert UTIL Grant McCray,,Garrett Mitchell,CPT,1.51%,0
32,5200641282,floydian80 (12/20),0,73.85,CPT Tyler Mahle UTIL Brandon Sproat UTIL Luis Arraez UTIL Bryce Eldridge UTIL Drew Gilbert UTIL Grant McCray,,Heliot Ramos,CPT,1.39%,7.5
32,5200641288,floydian80 (18/20),0,73.85,CPT Tyler Mahle UTIL Brandon Sproat UTIL Casey Schmitt UTIL Andrew Vaughn UTIL Jesus Rodriguez UTIL Grant McCray,,Joey Ortiz,CPT,1.09%,0
32,5200717696,JaserD (1/20),0,73.85,CPT Tyler Mahle UTIL Brandon Sproat UTIL Luis Arraez UTIL Bryce Eldridge UTIL Drew Gilbert UTIL Grant McCray,,Grant McCray,CPT,0.84%,24
32,5200754058,colbyhornet (3/20),0,73.85,CPT Tyler Mahle UTIL Brandon Sproat UTIL Luis Arraez UTIL Bryce Eldridge UTIL Drew Gilbert UTIL Grant McCray,,Trevor Megill,UTIL,0.67%,0
32,5200754067,colbyhornet (12/20),0,73.85,CPT Tyler Mahle UTIL Brandon Sproat UTIL Luis Arraez UTIL Cooper Pratt UTIL Drew Gilbert UTIL Grant McCray,,Gary Sanchez,UTIL,0.59%,0
32,5200925564,terminator31 (4/20),0,73.85,CPT Tyler Mahle UTIL Brandon Sproat UTIL Heliot Ramos UTIL Willy Adames UTIL Drew Gilbert UTIL Grant McCray,,Drew Gilbert,CPT,0.59%,4.5
32,5200933290,Edgitt116 (2/12),0,73.85,CPT Tyler Mahle UTIL Brandon Sproat UTIL Luis Arraez UTIL Bryce Eldridge UTIL Drew Gilbert UTIL Grant McCray,,David Hamilton,UTIL,0.46%,0
32,5200964028,nolanmt,0,73.85,CPT Tyler Mahle UTIL Brandon Sproat UTIL Luis Arraez UTIL Bryce Eldridge UTIL Drew Gilbert UTIL Grant McCray,,Aaron Ashby,UTIL,0.46%,0
32,5200971904,Mige1 (13/20),0,73.85,CPT Tyler Mahle UTIL Brandon Sproat UTIL Luis Arraez UTIL Bryce Eldridge UTIL Drew Gilbert UTIL Grant McCray,,Jesus Rodriguez,CPT,0.38%,10.5
45,5200359226,MoneyRamirez (11/20),0,73.75,CPT Tyler Mahle UTIL Jackson Chourio UTIL Luis Arraez UTIL Willy Adames UTIL Jesus Rodriguez UTIL Grant McCray,,Luis Lara,UTIL,0.34%,0
45,5200877100,ATremor (2/2),0,73.75,CPT Tyler Mahle UTIL Jackson Chourio UTIL Luis Arraez UTIL Willy Adames UTIL Jesus Rodriguez UTIL Grant McCray,,Eric Haase,UTIL,0.25%,0
47,5200472717,rsumrall (5/20),0,72.85,CPT Tyler Mahle UTIL Brandon Sproat UTIL Heliot Ramos UTIL Bryce Eldridge UTIL Jesus Rodriguez UTIL Grant McCray,,Blake Perkins,UTIL,0.17%,0
47,5200484951,wcs1109 (11/20),0,72.85,CPT Tyler Mahle UTIL Brandon Sproat UTIL Heliot Ramos UTIL Bryce Eldridge UTIL Jesus Rodriguez UTIL Grant McCray,,Erik Miller,UTIL,0.17%,6.25
47,5200626451,gwatts77 (6/20),0,72.85,CPT Tyler Mahle UTIL Brandon Sproat UTIL William Contreras UTIL Willy Adames UTIL Jesus Rodriguez UTIL Grant McCray,,Luis Lara,CPT,0.13%,0
47,5200697163,kbrisacher (19/20),0,72.85,CPT Tyler Mahle UTIL Brandon Sproat UTIL Garrett Mitchell UTIL Willy Adames UTIL Jesus Rodriguez UTIL Grant McCray,,Drew Cavanaugh,UTIL,0.13%,0
47,5200811506,grantgoupil (7/20),0,72.85,CPT Tyler Mahle UTIL Brandon Sproat UTIL Heliot Ramos UTIL Bryce Eldridge UTIL Jesus Rodriguez UTIL Grant McCray,,Sam Hentges,UTIL,0.13%,4.25
47,5200857582,KelvinDubs (12/20),0,72.85,CPT Tyler Mahle UTIL Brandon Sproat UTIL Garrett Mitchell UTIL Willy Adames UTIL Jesus Rodriguez UTIL Grant McCray,,Abner Uribe,UTIL,0.13%,0
47,5200913765,PokerChump (3/20),0,72.85,CPT Tyler Mahle UTIL Brandon Sproat UTIL Heliot Ramos UTIL Bryce Eldridge UTIL Jesus Rodriguez UTIL Grant McCray,,Jason Foley,UTIL,0.08%,0
47,5200929452,KingTerryPegula (15/20),0,72.85,CPT Tyler Mahle UTIL Brandon Sproat UTIL Heliot Ramos UTIL Bryce Eldridge UTIL Jesus Rodriguez UTIL Grant McCray,,Jeferson Quero,UTIL,0.04%,0
47,5200971894,Mige1 (3/20),0,72.85,CPT Tyler Mahle UTIL Brandon Sproat UTIL Heliot Ramos UTIL Bryce Eldridge UTIL Jesus Rodriguez UTIL Grant McCray,,Christian Koss,UTIL,0.04%,7
56,5200262015,Sammy.Boy (11/20),0,71.85,CPT Tyler Mahle UTIL Brandon Sproat UTIL Jake Bauers UTIL Willy Adames UTIL Drew Gilbert UTIL Grant McCray,,Tyler Black,UTIL,0.04%,0
56,5200472732,rsumrall (20/20),0,71.85,CPT Tyler Mahle UTIL Brandon Sproat UTIL Jake Bauers UTIL Willy Adames UTIL Drew Gilbert UTIL Grant McCray,,Jung Hoo Lee,UTIL,0.04%,0
56,5200626454,gwatts77 (9/20),0,71.85,CPT Tyler Mahle UTIL Brandon Sproat UTIL Jake Bauers UTIL Willy Adames UTIL Drew Gilbert UTIL Grant McCray,,Garrett Stallings,UTIL,0.04%,5.9
56,5200764553,USMBrad14 (3/20),0,71.85,CPT Tyler Mahle UTIL Brandon Sproat UTIL Casey Schmitt UTIL Jesus Rodriguez UTIL Drew Gilbert UTIL Grant McCray,,Daniel Susac,UTIL,0.04%,0
56,5200931141,WVD365,0,71.85,CPT Tyler Mahle UTIL Brandon Sproat UTIL Jake Bauers UTIL Willy Adames UTIL Drew Gilbert UTIL Grant McCray,,Grant Anderson,UTIL,0.04%,0
56,5200948991,JJSaenz (2/20),0,71.85,CPT Tyler Mahle UTIL Brandon Sproat UTIL Luis Arraez UTIL Joey Ortiz UTIL Drew Gilbert UTIL Grant McCray,,Jonah Cox,UTIL,0.04%,0
56,5200949009,JJSaenz (20/20),0,71.85,CPT Tyler Mahle UTIL Brandon Sproat UTIL Jake Bauers UTIL Willy Adames UTIL Drew Gilbert UTIL Grant McCray,,Jerar Encarnacion,UTIL,0.04%,0
56,5200969215,jeffmorris007 (3/20),0,71.85,CPT Tyler Mahle UTIL Brandon Sproat UTIL Jake Bauers UTIL Willy Adames UTIL Drew Gilbert UTIL Grant McCray,,Jared Oliva,UTIL,0.04%,0
64,5200359225,MoneyRamirez (10/20),0,71.75,CPT Tyler Mahle UTIL Jackson Chourio UTIL Luis Arraez UTIL Heliot Ramos UTIL Jesus Rodriguez UTIL Grant McCray,,Diego Cartaya,UTIL,0.04%,0
65,5200857588,KelvinDubs (18/20),0,71.6,CPT Grant McCray UTIL Brandon Sproat UTIL Tyler Mahle UTIL Casey Schmitt UTIL Luis Arraez UTIL Bryce Eldridge,,Sal Frelick,UTIL,0.04%,0
66,5200420126,meodette (4/5),0,70.85,CPT Tyler Mahle UTIL Brandon Sproat UTIL Rafael Devers UTIL Willy Adames UTIL Drew Gilbert UTIL Grant McCray,,,
66,5200445736,73pd2x (16/20),0,70.85,CPT Tyler Mahle UTIL Brandon Sproat UTIL Rafael Devers UTIL Willy Adames UTIL Drew Gilbert UTIL Grant McCray,,,
66,5200586693,LOCNOTM (11/20),0,70.85,CPT Tyler Mahle UTIL Brandon Sproat UTIL Luis Arraez UTIL Bryce Eldridge UTIL Joey Ortiz UTIL Grant McCray,,,
66,5200586698,LOCNOTM (16/20),0,70.85,CPT Tyler Mahle UTIL Brandon Sproat UTIL Rafael Devers UTIL Willy Adames UTIL Drew Gilbert UTIL Grant McCray,,,
66,5200626464,gwatts77 (19/20),0,70.85,CPT Tyler Mahle UTIL Brandon Sproat UTIL Luis Arraez UTIL Bryce Eldridge UTIL Joey Ortiz UTIL Grant McCray,,,
66,5200947628,EasyGene2,0,70.85,CPT Tyler Mahle UTIL Brandon Sproat UTIL Luis Arraez UTIL Bryce Eldridge UTIL Joey Ortiz UTIL Grant McCray,,,
66,5200947733,tpyo (9/20),0,70.85,CPT Tyler Mahle UTIL Brandon Sproat UTIL Luis Arraez UTIL Bryce Eldridge UTIL Joey Ortiz UTIL Grant McCray,,,
73,5200472725,rsumrall (13/20),0,70.75,CPT Tyler Mahle UTIL Brice Turang UTIL Luis Arraez UTIL Willy Adames UTIL Jesus Rodriguez UTIL Grant McCray,,,
73,5200929449,KingTerryPegula (12/20),0,70.75,CPT Tyler Mahle UTIL Brice Turang UTIL Luis Arraez UTIL Willy Adames UTIL Jesus Rodriguez UTIL Grant McCray,,,
75,5200917657,fantasyheaven (17/20),0,70.6,CPT Luis Arraez UTIL Brandon Sproat UTIL Tyler Mahle UTIL William Contreras UTIL Jesus Rodriguez UTIL Grant McCray,,,
76,5200330959,tbjones2121 (5/20),0,69.85,CPT Tyler Mahle UTIL Brandon Sproat UTIL Rafael Devers UTIL Bryce Eldridge UTIL Jesus Rodriguez UTIL Grant McCray,,,
76,5200347343,mythicalrhymer01 (2/3),0,69.85,CPT Tyler Mahle UTIL Brandon Sproat UTIL Rafael Devers UTIL Bryce Eldridge UTIL Jesus Rodriguez UTIL Grant McCray,,,
76,5200445731,73pd2x (11/20),0,69.85,CPT Tyler Mahle UTIL Brandon Sproat UTIL Rafael Devers UTIL Bryce Eldridge UTIL Jesus Rodriguez UTIL Grant McCray,,,
76,5200638755,bellsofwar3 (20/20),0,69.85,CPT Tyler Mahle UTIL Brandon Sproat UTIL Jackson Chourio UTIL Andrew Vaughn UTIL Drew Gilbert UTIL Grant McCray,,,
76,5200853585,Chilaxen (2/6),0,69.85,CPT Tyler Mahle UTIL Brandon Sproat UTIL Rafael Devers UTIL Bryce Eldridge UTIL Jesus Rodriguez UTIL Grant McCray,,,
81,5200913776,PokerChump (14/20),0,69.65,CPT Brandon Sproat UTIL Tyler Mahle UTIL Jake Bauers UTIL Andrew Vaughn UTIL Jesus Rodriguez UTIL Grant McCray,,,
81,5200973042,Messmer57 (5/5),0,69.65,CPT Brandon Sproat UTIL Tyler Mahle UTIL Luis Arraez UTIL Andrew Vaughn UTIL Joey Ortiz UTIL Grant McCray,,,
83,5200934111,ballgame1881 (20/20),0,69.5,CPT Grant McCray UTIL Tyler Mahle UTIL Jackson Chourio UTIL Luis Arraez UTIL Heliot Ramos UTIL Willy Adames,,,
84,5200359219,MoneyRamirez (4/20),0,68.85,CPT Tyler Mahle UTIL Brandon Sproat UTIL Heliot Ramos UTIL Rafael Devers UTIL Drew Gilbert UTIL Grant McCray,,,
84,5200430831,meodette (5/5),0,68.85,CPT Tyler Mahle UTIL Brandon Sproat UTIL Heliot Ramos UTIL Rafael Devers UTIL Drew Gilbert UTIL Grant McCray,,,
84,5200485139,wcs1109 (17/20),0,68.85,CPT Tyler Mahle UTIL Brandon Sproat UTIL Heliot Ramos UTIL Rafael Devers UTIL Drew Gilbert UTIL Grant McCray,,,
84,5200516925,SpeedRacer101 (11/20),0,68.85,CPT Tyler Mahle UTIL Brandon Sproat UTIL Heliot Ramos UTIL Rafael Devers UTIL Drew Gilbert UTIL Grant McCray,,,
84,5200536112,Skipper55 (3/20),0,68.85,CPT Tyler Mahle UTIL Brandon Sproat UTIL Heliot Ramos UTIL Rafael Devers UTIL Drew Gilbert UTIL Grant McCray,,,
84,5200536119,Skipper55 (10/20),0,68.85,CPT Tyler Mahle UTIL Brandon Sproat UTIL Casey Schmitt UTIL Andrew Vaughn UTIL Cooper Pratt UTIL Grant McCray,,,
84,5200536122,Skipper55 (13/20),0,68.85,CPT Tyler Mahle UTIL Brandon Sproat UTIL Heliot Ramos UTIL Bryce Eldridge UTIL Drew Gilbert UTIL Grant McCray,,,
84,5200764557,USMBrad14 (7/20),0,68.85,CPT Tyler Mahle UTIL Brandon Sproat UTIL Heliot Ramos UTIL Rafael Devers UTIL Drew Gilbert UTIL Grant McCray,,,
84,5200811512,grantgoupil (13/20),0,68.85,CPT Tyler Mahle UTIL Brandon Sproat UTIL Casey Schmitt UTIL Jesus Rodriguez UTIL Joey Ortiz UTIL Grant McCray,,,
84,5200853589,Chilaxen (6/6),0,68.85,CPT Tyler Mahle UTIL Brandon Sproat UTIL William Contreras UTIL Willy Adames UTIL Drew Gilbert UTIL Grant McCray,,,
84,5200929457,KingTerryPegula (20/20),0,68.85,CPT Tyler Mahle UTIL Brandon Sproat UTIL William Contreras UTIL Willy Adames UTIL Drew Gilbert UTIL Grant McCray,,,
84,5200930059,ballgame1881 (3/20),0,68.85,CPT Tyler Mahle UTIL Brandon Sproat UTIL Heliot Ramos UTIL Rafael Devers UTIL Drew Gilbert UTIL Grant McCray,,,
84,5200947726,tpyo (2/20),0,68.85,CPT Tyler Mahle UTIL Brandon Sproat UTIL Jake Bauers UTIL Andrew Vaughn UTIL Cooper Pratt UTIL Grant McCray,,,
84,5200969219,jeffmorris007 (7/20),0,68.85,CPT Tyler Mahle UTIL Brandon Sproat UTIL Heliot Ramos UTIL Rafael Devers UTIL Drew Gilbert UTIL Grant McCray,,,
84,5200971897,Mige1 (6/20),0,68.85,CPT Tyler Mahle UTIL Brandon Sproat UTIL Heliot Ramos UTIL Rafael Devers UTIL Drew Gilbert UTIL Grant McCray,,,
99,5200419346,KGould86 (11/20),0,68.75,CPT Tyler Mahle UTIL Luis Arraez UTIL Jake Bauers UTIL Rafael Devers UTIL Willy Adames UTIL Grant McCray,,,
99,5200524094,austin60915 (17/20),0,68.75,CPT Tyler Mahle UTIL Luis Arraez UTIL Jake Bauers UTIL Rafael Devers UTIL Willy Adames UTIL Grant McCray,,,
99,5200913772,PokerChump (10/20),0,68.75,CPT Tyler Mahle UTIL Jackson Chourio UTIL Luis Arraez UTIL Rafael Devers UTIL Jesus Rodriguez UTIL Grant McCray,,,
102,5200567892,Flash788 (7/9),0,68.1,CPT Tyler Mahle UTIL Brandon Sproat UTIL Luis Arraez UTIL Cooper Pratt UTIL Jesus Rodriguez UTIL Erik Miller,,,
103,5200553159,georgeconfused (4/6),0,67.85,CPT Tyler Mahle UTIL Brandon Sproat UTIL Willy Adames UTIL Bryce Eldridge UTIL Joey Ortiz UTIL Grant McCray,,,
103,5200626455,gwatts77 (10/20),0,67.85,CPT Tyler Mahle UTIL Brandon Sproat UTIL Heliot Ramos UTIL Bryce Eldridge UTIL Cooper Pratt UTIL Grant McCray,,,
103,5200785154,wano0916 (17/20),0,67.85,CPT Tyler Mahle UTIL Brandon Sproat UTIL Heliot Ramos UTIL Bryce Eldridge UTIL Cooper Pratt UTIL Grant McCray,,,
103,5200867031,cwthrow24 (7/20),0,67.85,CPT Tyler Mahle UTIL Brandon Sproat UTIL Heliot Ramos UTIL Bryce Eldridge UTIL Cooper Pratt UTIL Grant McCray,,,
103,5200975529,D_MAGS,0,67.85,CPT Tyler Mahle UTIL Brandon Sproat UTIL Brice Turang UTIL Cooper Pratt UTIL Jesus Rodriguez UTIL Grant McCray,,,
108,5200501781,briguy13 (9/20),0,67.65,CPT Brandon Sproat UTIL Tyler Mahle UTIL Jake Bauers UTIL Willy Adames UTIL Drew Gilbert UTIL Grant McCray,,,
109,5200489059,Nikfairy,0,67.6,CPT Luis Arraez UTIL Brandon Sproat UTIL Tyler Mahle UTIL Rafael Devers UTIL Cooper Pratt UTIL Grant McCray,,,
109,5200894141,Heaven2010 (6/18),0,67.6,CPT Luis Arraez UTIL Brandon Sproat UTIL Tyler Mahle UTIL Rafael Devers UTIL Cooper Pratt UTIL Grant McCray,,,
109,5200947731,tpyo (7/20),0,67.6,CPT Luis Arraez UTIL Brandon Sproat UTIL Tyler Mahle UTIL Rafael Devers UTIL Cooper Pratt UTIL Grant McCray,,,
112,5199997487,Schoey17 (4/9),0,66.85,CPT Tyler Mahle UTIL Brandon Sproat UTIL Casey Schmitt UTIL Bryce Eldridge UTIL Drew Gilbert UTIL Grant McCray,,,
112,5200335809,crushing182,0,66.85,CPT Tyler Mahle UTIL Brandon Sproat UTIL Jake Bauers UTIL Bryce Eldridge UTIL Drew Gilbert UTIL Grant McCray,,,
112,5200359217,MoneyRamirez (2/20),0,66.85,CPT Tyler Mahle UTIL Brandon Sproat UTIL Casey Schmitt UTIL Bryce Eldridge UTIL Drew Gilbert UTIL Grant McCray,,,
112,5200398827,Fuzz988 (18/20),0,66.85,CPT Tyler Mahle UTIL Brandon Sproat UTIL Heliot Ramos UTIL William Contreras UTIL Drew Gilbert UTIL Grant McCray,,,
112,5200418892,whoisjohngalt420 (18/20),0,66.85,CPT Tyler Mahle UTIL Brandon Sproat UTIL Casey Schmitt UTIL Bryce Eldridge UTIL Drew Gilbert UTIL Grant McCray,,,
112,5200445722,73pd2x (2/20),0,66.85,CPT Tyler Mahle UTIL Brandon Sproat UTIL Casey Schmitt UTIL Bryce Eldridge UTIL Drew Gilbert UTIL Grant McCray,,,
112,5200516931,SpeedRacer101 (17/20),0,66.85,CPT Tyler Mahle UTIL Brandon Sproat UTIL Casey Schmitt UTIL Bryce Eldridge UTIL Drew Gilbert UTIL Grant McCray,,,
112,5200536124,Skipper55 (15/20),0,66.85,CPT Tyler Mahle UTIL Brandon Sproat UTIL Brice Turang UTIL Andrew Vaughn UTIL Drew Gilbert UTIL Grant McCray,,,
112,5200586685,LOCNOTM (3/20),0,66.85,CPT Tyler Mahle UTIL Brandon Sproat UTIL Heliot Ramos UTIL William Contreras UTIL Drew Gilbert UTIL Grant McCray,,,
112,5200586686,LOCNOTM (4/20),0,66.85,CPT Tyler Mahle UTIL Brandon Sproat UTIL Jackson Chourio UTIL Cooper Pratt UTIL Drew Gilbert UTIL Grant McCray,,,
112,5200626446,gwatts77 (1/20),0,66.85,CPT Tyler Mahle UTIL Brandon Sproat UTIL Heliot Ramos UTIL William Contreras UTIL Drew Gilbert UTIL Grant McCray,,,
112,5200676165,goheelz1 (3/6),0,66.85,CPT Tyler Mahle UTIL Brandon Sproat UTIL Casey Schmitt UTIL Andrew Vaughn UTIL Joey Ortiz UTIL Grant McCray,,,
112,5200697146,kbrisacher (2/20),0,66.85,CPT Tyler Mahle UTIL Brandon Sproat UTIL Heliot Ramos UTIL William Contreras UTIL Drew Gilbert UTIL Grant McCray,,,
112,5200720636,mrclean913 (7/20),0,66.85,CPT Tyler Mahle UTIL Brandon Sproat UTIL Casey Schmitt UTIL Bryce Eldridge UTIL Drew Gilbert UTIL Grant McCray,,,
112,5200745620,shanemoore27 (3/20),0,66.85,CPT Tyler Mahle UTIL Brandon Sproat UTIL Casey Schmitt UTIL Bryce Eldridge UTIL Drew Gilbert UTIL Grant McCray,,,
112,5200754066,colbyhornet (11/20),0,66.85,CPT Tyler Mahle UTIL Brandon Sproat UTIL Jake Bauers UTIL Bryce Eldridge UTIL Drew Gilbert UTIL Grant McCray,,,
112,5200785155,wano0916 (18/20),0,66.85,CPT Tyler Mahle UTIL Brandon Sproat UTIL Heliot Ramos UTIL William Contreras UTIL Drew Gilbert UTIL Grant McCray,,,
112,5200857574,KelvinDubs (4/20),0,66.85,CPT Tyler Mahle UTIL Brandon Sproat UTIL Casey Schmitt UTIL Bryce Eldridge UTIL Drew Gilbert UTIL Grant McCray,,,
112,5200920178,noehg26,0,66.85,CPT Tyler Mahle UTIL Brandon Sproat UTIL Casey Schmitt UTIL Bryce Eldridge UTIL Drew Gilbert UTIL Grant McCray,,,
112,5200925578,terminator31 (18/20),0,66.85,CPT Tyler Mahle UTIL Brandon Sproat UTIL Heliot Ramos UTIL William Contreras UTIL Drew Gilbert UTIL Grant McCray,,,
112,5200929446,KingTerryPegula (9/20),0,66.85,CPT Tyler Mahle UTIL Brandon Sproat UTIL Casey Schmitt UTIL Bryce Eldridge UTIL Drew Gilbert UTIL Grant McCray,,,
112,5200934074,UniversalFriend (2/20),0,66.85,CPT Tyler Mahle UTIL Brandon Sproat UTIL Casey Schmitt UTIL Bryce Eldridge UTIL Drew Gilbert UTIL Grant McCray,,,
112,5200974894,hart132,0,66.85,CPT Tyler Mahle UTIL Brandon Sproat UTIL Casey Schmitt UTIL Bryce Eldridge UTIL Drew Gilbert UTIL Grant McCray,,,
135,5200414463,az350z (3/20),0,66.75,CPT Tyler Mahle UTIL Luis Arraez UTIL Jake Bauers UTIL Heliot Ramos UTIL Bryce Eldridge UTIL Grant McCray,,,
135,5200426998,Orangechocolate70 (5/12),0,66.75,CPT Tyler Mahle UTIL Casey Schmitt UTIL Luis Arraez UTIL Rafael Devers UTIL Andrew Vaughn UTIL Grant McCray,,,
135,5200638739,bellsofwar3 (4/20),0,66.75,CPT Tyler Mahle UTIL Luis Arraez UTIL Jake Bauers UTIL Heliot Ramos UTIL Bryce Eldridge UTIL Grant McCray,,,
135,5200697162,kbrisacher (18/20),0,66.75,CPT Tyler Mahle UTIL Casey Schmitt UTIL Luis Arraez UTIL Rafael Devers UTIL Andrew Vaughn UTIL Grant McCray,,,
135,5200913775,PokerChump (13/20),0,66.75,CPT Tyler Mahle UTIL Luis Arraez UTIL Jake Bauers UTIL Heliot Ramos UTIL Bryce Eldridge UTIL Grant McCray,,,
140,5200419352,KGould86 (17/20),0,66.65,CPT Brandon Sproat UTIL Tyler Mahle UTIL Jackson Chourio UTIL Cooper Pratt UTIL Jesus Rodriguez UTIL Grant McCray,,,
140,5200720646,mrclean913 (17/20),0,66.65,CPT Brandon Sproat UTIL Tyler Mahle UTIL Jackson Chourio UTIL Cooper Pratt UTIL Jesus Rodriguez UTIL Grant McCray,,,
140,5200947734,tpyo (10/20),0,66.65,CPT Brandon Sproat UTIL Tyler Mahle UTIL Heliot Ramos UTIL Willy Adames UTIL Joey Ortiz UTIL Grant McCray,,,
143,5200957673,rick052954 (5/10),0,66.6,CPT Grant McCray UTIL Brandon Sproat UTIL Tyler Mahle UTIL Jackson Chourio UTIL Brice Turang UTIL Jesus Rodriguez,,,
143,5200978390,EEErhino,0,66.6,CPT Rafael Devers UTIL Brandon Sproat UTIL Tyler Mahle UTIL Luis Arraez UTIL Andrew Vaughn UTIL Grant McCray,,,
145,5199997490,Schoey17 (7/9),0,65.85,CPT Tyler Mahle UTIL Brandon Sproat UTIL Rafael Devers UTIL Bryce Eldridge UTIL Drew Gilbert UTIL Grant McCray,,,
145,5200330971,tbjones2121 (17/20),0,65.85,CPT Tyler Mahle UTIL Brandon Sproat UTIL Heliot Ramos UTIL Rafael Devers UTIL Joey Ortiz UTIL Grant McCray,,,
145,5200445727,73pd2x (7/20),0,65.85,CPT Tyler Mahle UTIL Brandon Sproat UTIL Heliot Ramos UTIL Bryce Eldridge UTIL Joey Ortiz UTIL Grant McCray,,,
145,5200445732,73pd2x (12/20),0,65.85,CPT Tyler Mahle UTIL Brandon Sproat UTIL Rafael Devers UTIL Bryce Eldridge UTIL Drew Gilbert UTIL Grant McCray,,,
145,5200475592,jhbecerra (3/20),0,65.85,CPT Tyler Mahle UTIL Brandon Sproat UTIL Christian Yelich UTIL Andrew Vaughn UTIL Cooper Pratt UTIL Grant McCray,,,
145,5200475593,jhbecerra (4/20),0,65.85,CPT Tyler Mahle UTIL Brandon Sproat UTIL William Contreras UTIL Andrew Vaughn UTIL Cooper Pratt UTIL Grant McCray,,,
145,5200485706,wcs1109 (20/20),0,65.85,CPT Tyler Mahle UTIL Brandon Sproat UTIL Rafael Devers UTIL Bryce Eldridge UTIL Drew Gilbert UTIL Grant McCray,,,
145,5200524087,austin60915 (10/20),0,65.85,CPT Tyler Mahle UTIL Brandon Sproat UTIL Heliot Ramos UTIL Rafael Devers UTIL Joey Ortiz UTIL Grant McCray,,,
145,5200536128,Skipper55 (19/20),0,65.85,CPT Tyler Mahle UTIL Brandon Sproat UTIL Heliot Ramos UTIL Rafael Devers UTIL Joey Ortiz UTIL Grant McCray,,,
145,5200586690,LOCNOTM (8/20),0,65.85,CPT Tyler Mahle UTIL Brandon Sproat UTIL Heliot Ramos UTIL Rafael Devers UTIL Joey Ortiz UTIL Grant McCray,,,
145,5200638745,bellsofwar3 (10/20),0,65.85,CPT Tyler Mahle UTIL Brandon Sproat UTIL Heliot Ramos UTIL Rafael Devers UTIL Joey Ortiz UTIL Grant McCray,,,
145,5200745624,shanemoore27 (7/20),0,65.85,CPT Tyler Mahle UTIL Brandon Sproat UTIL Heliot Ramos UTIL Rafael Devers UTIL Joey Ortiz UTIL Grant McCray,,,
145,5200870835,rexa (8/11),0,65.85,CPT Tyler Mahle UTIL Brandon Sproat UTIL Christian Yelich UTIL Andrew Vaughn UTIL Cooper Pratt UTIL Grant McCray,,,
145,5200876581,rexa (11/11),0,65.85,CPT Tyler Mahle UTIL Brandon Sproat UTIL Christian Yelich UTIL Andrew Vaughn UTIL Cooper Pratt UTIL Grant McCray,,,
145,5200925577,terminator31 (17/20),0,65.85,CPT Tyler Mahle UTIL Brandon Sproat UTIL Heliot Ramos UTIL Rafael Devers UTIL Joey Ortiz UTIL Grant McCray,,,
145,5200929441,KingTerryPegula (4/20),0,65.85,CPT Tyler Mahle UTIL Brandon Sproat UTIL Garrett Mitchell UTIL Bryce Eldridge UTIL Andrew Vaughn UTIL Grant McCray,,,
145,5200948995,JJSaenz (6/20),0,65.85,CPT Tyler Mahle UTIL Brandon Sproat UTIL Heliot Ramos UTIL Rafael Devers UTIL Joey Ortiz UTIL Grant McCray,,,
162,5200536181,SaintWaveCubPel84,0,65.65,CPT Brandon Sproat UTIL Tyler Mahle UTIL Jackson Chourio UTIL Andrew Vaughn UTIL Drew Gilbert UTIL Grant McCray,,,
162,5200558452,CMoehring34,0,65.65,CPT Brandon Sproat UTIL Tyler Mahle UTIL Jackson Chourio UTIL Andrew Vaughn UTIL Drew Gilbert UTIL Grant McCray,,,
162,5200805339,Cooltom2769,0,65.65,CPT Brandon Sproat UTIL Tyler Mahle UTIL Rafael Devers UTIL Bryce Eldridge UTIL Jesus Rodriguez UTIL Grant McCray,,,
162,5200925569,terminator31 (9/20),0,65.65,CPT Brandon Sproat UTIL Tyler Mahle UTIL Rafael Devers UTIL Bryce Eldridge UTIL Jesus Rodriguez UTIL Grant McCray,,,
166,5200641278,floydian80 (8/20),0,65.6,CPT Grant McCray UTIL Brandon Sproat UTIL Tyler Mahle UTIL Christian Yelich UTIL Rafael Devers UTIL Willy Adames,,,
167,5200969227,jeffmorris007 (15/20),0,65.5,CPT Grant McCray UTIL Tyler Mahle UTIL Jackson Chourio UTIL Casey Schmitt UTIL Luis Arraez UTIL Heliot Ramos,,,
168,5200475595,jhbecerra (6/20),0,65.1,CPT Jackson Chourio UTIL Brandon Sproat UTIL Tyler Mahle UTIL Andrew Vaughn UTIL Jesus Rodriguez UTIL Grant McCray,,,
169,5200258810,ivymoose (13/20),0,64.85,CPT Tyler Mahle UTIL Brandon Sproat UTIL Luis Arraez UTIL Cooper Pratt UTIL Jesus Rodriguez UTIL Drew Gilbert,,,
169,5200330969,tbjones2121 (15/20),0,64.85,CPT Tyler Mahle UTIL Brandon Sproat UTIL Jake Bauers UTIL Garrett Mitchell UTIL Drew Gilbert UTIL Grant McCray,,,
169,5200398814,Fuzz988 (5/20),0,64.85,CPT Tyler Mahle UTIL Brandon Sproat UTIL Jake Bauers UTIL Garrett Mitchell UTIL Drew Gilbert UTIL Grant McCray,,,
169,5200524082,austin60915 (5/20),0,64.85,CPT Tyler Mahle UTIL Brandon Sproat UTIL Luis Arraez UTIL Cooper Pratt UTIL Jesus Rodriguez UTIL Drew Gilbert,,,
169,5200536125,Skipper55 (16/20),0,64.85,CPT Tyler Mahle UTIL Brandon Sproat UTIL Rafael Devers UTIL Bryce Eldridge UTIL Cooper Pratt UTIL Grant McCray,,,
169,5200586688,LOCNOTM (6/20),0,64.85,CPT Tyler Mahle UTIL Brandon Sproat UTIL Rafael Devers UTIL Bryce Eldridge UTIL Cooper Pratt UTIL Grant McCray,,,
169,5200586694,LOCNOTM (12/20),0,64.85,CPT Tyler Mahle UTIL Brandon Sproat UTIL Jackson Chourio UTIL Joey Ortiz UTIL Drew Gilbert UTIL Grant McCray,,,
169,5200626453,gwatts77 (8/20),0,64.85,CPT Tyler Mahle UTIL Brandon Sproat UTIL Luis Arraez UTIL Cooper Pratt UTIL Jesus Rodriguez UTIL Drew Gilbert,,,
169,5200697147,kbrisacher (3/20),0,64.85,CPT Tyler Mahle UTIL Brandon Sproat UTIL Rafael Devers UTIL Bryce Eldridge UTIL Cooper Pratt UTIL Grant McCray,,,
169,5200840594,pat_the_hat2 (3/20),0,64.85,CPT Tyler Mahle UTIL Brandon Sproat UTIL Jake Bauers UTIL Garrett Mitchell UTIL Drew Gilbert UTIL Grant McCray,,,
169,5200860484,ed8802,0,64.85,CPT Tyler Mahle UTIL Brandon Sproat UTIL Rafael Devers UTIL Bryce Eldridge UTIL Cooper Pratt UTIL Grant McCray,,,
169,5200913770,PokerChump (8/20),0,64.85,CPT Tyler Mahle UTIL Brandon Sproat UTIL Luis Arraez UTIL Cooper Pratt UTIL Jesus Rodriguez UTIL Drew Gilbert,,,
169,5200963691,louiswat (2/2),0,64.85,CPT Tyler Mahle UTIL Brandon Sproat UTIL Luis Arraez UTIL Cooper Pratt UTIL Jesus Rodriguez UTIL Drew Gilbert,,,
169,5200971892,Mige1 (1/20),0,64.85,CPT Tyler Mahle UTIL Brandon Sproat UTIL Luis Arraez UTIL Cooper Pratt UTIL Jesus Rodriguez UTIL Drew Gilbert,,,
169,5200985006,shantae1111 (4/4),0,64.85,CPT Tyler Mahle UTIL Brandon Sproat UTIL Rafael Devers UTIL Bryce Eldridge UTIL Cooper Pratt UTIL Grant McCray,,,
184,5200414471,az350z (11/20),0,64.75,CPT Tyler Mahle UTIL Jackson Chourio UTIL Luis Arraez UTIL Garrett Mitchell UTIL Andrew Vaughn UTIL Grant McCray,,,
185,5200441483,purebutter80,0,64.65,CPT Brandon Sproat UTIL Tyler Mahle UTIL Heliot Ramos UTIL Rafael Devers UTIL Drew Gilbert UTIL Grant McCray,,,
185,5200486411,FoxyGrandpa252 (3/8),0,64.65,CPT Brandon Sproat UTIL Tyler Mahle UTIL Jake Bauers UTIL Andrew Vaughn UTIL Cooper Pratt UTIL Grant McCray,,,
185,5200764558,USMBrad14 (8/20),0,64.65,CPT Brandon Sproat UTIL Tyler Mahle UTIL Jake Bauers UTIL Andrew Vaughn UTIL Cooper Pratt UTIL Grant McCray,,,
188,5200957443,rick052954 (1/10),0,64.6,CPT Grant McCray UTIL Brandon Sproat UTIL Tyler Mahle UTIL Jake Bauers UTIL Heliot Ramos UTIL William Contreras,,,
188,5200957670,rick052954 (2/10),0,64.6,CPT Grant McCray UTIL Brandon Sproat UTIL Tyler Mahle UTIL Jackson Chourio UTIL Casey Schmitt UTIL Cooper Pratt,,,
190,5200931408,saints_fan3209,0,64.1,CPT Willy Adames UTIL Brandon Sproat UTIL Tyler Mahle UTIL Jackson Chourio UTIL Cooper Pratt UTIL Grant McCray,,,
191,5200201464,jrushing24,0,63.85,CPT Tyler Mahle UTIL Brandon Sproat UTIL William Contreras UTIL Rafael Devers UTIL Drew Gilbert UTIL Grant McCray,,,
191,5200343853,kreller17 (5/20),0,63.85,CPT Tyler Mahle UTIL Brandon Sproat UTIL Jake Bauers UTIL Bryce Eldridge UTIL Joey Ortiz UTIL Grant McCray,,,
191,5200343864,kreller17 (16/20),0,63.85,CPT Tyler Mahle UTIL Brandon Sproat UTIL William Contreras UTIL Rafael Devers UTIL Drew Gilbert UTIL Grant McCray,,,
191,5200438484,md061491,0,63.85,CPT Tyler Mahle UTIL Brandon Sproat UTIL Jackson Chourio UTIL Cooper Pratt UTIL Joey Ortiz UTIL Grant McCray,,,
191,5200491651,jsamtoy (4/20),0,63.85,CPT Tyler Mahle UTIL Brandon Sproat UTIL Willy Adames UTIL Andrew Vaughn UTIL Cooper Pratt UTIL Jesus Rodriguez,,,
191,5200522224,TinyGiant99 (1/5),0,63.85,CPT Tyler Mahle UTIL Brandon Sproat UTIL Jackson Chourio UTIL Cooper Pratt UTIL Joey Ortiz UTIL Grant McCray,,,
191,5200586699,LOCNOTM (17/20),0,63.85,CPT Tyler Mahle UTIL Brandon Sproat UTIL Rafael Devers UTIL Garrett Mitchell UTIL Drew Gilbert UTIL Grant McCray,,,
191,5200627262,Captgrif (2/5),0,63.85,CPT Tyler Mahle UTIL Brandon Sproat UTIL Willy Adames UTIL Andrew Vaughn UTIL Cooper Pratt UTIL Jesus Rodriguez,,,
191,5200963787,Captgrif (3/5),0,63.85,CPT Tyler Mahle UTIL Brandon Sproat UTIL Willy Adames UTIL Andrew Vaughn UTIL Cooper Pratt UTIL Jesus Rodriguez,,,
200,5200491657,jsamtoy (10/20),0,63.75,CPT Tyler Mahle UTIL Luis Arraez UTIL Heliot Ramos UTIL Rafael Devers UTIL Garrett Mitchell UTIL Grant McCray,,,
200,5200720643,mrclean913 (14/20),0,63.75,CPT Tyler Mahle UTIL Luis Arraez UTIL Jake Bauers UTIL Rafael Devers UTIL Bryce Eldridge UTIL Grant McCray,,,
200,5200754061,colbyhornet (6/20),0,63.75,CPT Tyler Mahle UTIL Luis Arraez UTIL Heliot Ramos UTIL William Contreras UTIL Rafael Devers UTIL Grant McCray,,,
200,5200811514,grantgoupil (15/20),0,63.75,CPT Tyler Mahle UTIL Luis Arraez UTIL Jake Bauers UTIL Rafael Devers UTIL Bryce Eldridge UTIL Grant McCray,,,
200,5200857572,KelvinDubs (2/20),0,63.75,CPT Tyler Mahle UTIL Luis Arraez UTIL Heliot Ramos UTIL William Contreras UTIL Rafael Devers UTIL Grant McCray,,,
200,5200867034,cwthrow24 (10/20),0,63.75,CPT Tyler Mahle UTIL Luis Arraez UTIL Heliot Ramos UTIL William Contreras UTIL Rafael Devers UTIL Grant McCray,,,
206,5200536127,Skipper55 (18/20),0,63.65,CPT Brandon Sproat UTIL Tyler Mahle UTIL William Contreras UTIL Willy Adames UTIL Cooper Pratt UTIL Grant McCray,,,
206,5200840595,pat_the_hat2 (4/20),0,63.65,CPT Brandon Sproat UTIL Tyler Mahle UTIL William Contreras UTIL Willy Adames UTIL Cooper Pratt UTIL Grant McCray,,,
208,5200418882,whoisjohngalt420 (8/20),0,62.85,CPT Tyler Mahle UTIL Brandon Sproat UTIL Heliot Ramos UTIL Andrew Vaughn UTIL Jesus Rodriguez UTIL Drew Gilbert,,,
208,5200445734,73pd2x (14/20),0,62.85,CPT Tyler Mahle UTIL Brandon Sproat UTIL Rafael Devers UTIL Garrett Mitchell UTIL Cooper Pratt UTIL Grant McCray,,,
208,5200516928,SpeedRacer101 (14/20),0,62.85,CPT Tyler Mahle UTIL Brandon Sproat UTIL Luis Arraez UTIL Jesus Rodriguez UTIL Joey Ortiz UTIL Drew Gilbert,,,
208,5200545278,charlesrayallday,0,62.85,CPT Tyler Mahle UTIL Brandon Sproat UTIL Rafael Devers UTIL Bryce Eldridge UTIL Joey Ortiz UTIL Grant McCray,,,
208,5200586696,LOCNOTM (14/20),0,62.85,CPT Tyler Mahle UTIL Brandon Sproat UTIL William Contreras UTIL Bryce Eldridge UTIL Cooper Pratt UTIL Grant McCray,,,
208,5200626448,gwatts77 (3/20),0,62.85,CPT Tyler Mahle UTIL Brandon Sproat UTIL Heliot Ramos UTIL Andrew Vaughn UTIL Jesus Rodriguez UTIL Drew Gilbert,,,
208,5200840605,pat_the_hat2 (14/20),0,62.85,CPT Tyler Mahle UTIL Brandon Sproat UTIL William Contreras UTIL Bryce Eldridge UTIL Cooper Pratt UTIL Grant McCray,,,
208,5200907583,YuNasty,0,62.85,CPT Tyler Mahle UTIL Brandon Sproat UTIL Rafael Devers UTIL Garrett Mitchell UTIL Cooper Pratt UTIL Grant McCray,,,
208,5200948451,Ezilodi (17/20),0,62.85,CPT Tyler Mahle UTIL Brandon Sproat UTIL Garrett Mitchell UTIL Bryce Eldridge UTIL Cooper Pratt UTIL Grant McCray,,,
217,5200359221,MoneyRamirez (6/20),0,62.75,CPT Tyler Mahle UTIL Jackson Chourio UTIL Casey Schmitt UTIL Willy Adames UTIL Drew Gilbert UTIL Grant McCray,,,
218,5200398821,Fuzz988 (12/20),0,62.65,CPT Brandon Sproat UTIL Tyler Mahle UTIL Christian Yelich UTIL Andrew Vaughn UTIL Drew Gilbert UTIL Grant McCray,,,
218,5200440525,foutah (1/6),0,62.65,CPT Brandon Sproat UTIL Tyler Mahle UTIL Brice Turang UTIL Andrew Vaughn UTIL Drew Gilbert UTIL Grant McCray,,,
218,5200567886,Flash788 (1/9),0,62.65,CPT Brandon Sproat UTIL Tyler Mahle UTIL Jackson Chourio UTIL Andrew Vaughn UTIL Grant McCray UTIL Trevor Megill,,,
218,5200720642,mrclean913 (13/20),0,62.65,CPT Brandon Sproat UTIL Tyler Mahle UTIL Brice Turang UTIL Andrew Vaughn UTIL Drew Gilbert UTIL Grant McCray,,,
218,5200811510,grantgoupil (11/20),0,62.65,CPT Brandon Sproat UTIL Tyler Mahle UTIL Brice Turang UTIL Andrew Vaughn UTIL Drew Gilbert UTIL Grant McCray,,,
218,5200980214,tidechaser101 (1/20),0,62.65,CPT Brandon Sproat UTIL Tyler Mahle UTIL Brice Turang UTIL Andrew Vaughn UTIL Drew Gilbert UTIL Grant McCray,,,
218,5200980215,tidechaser101 (2/20),0,62.65,CPT Brandon Sproat UTIL Tyler Mahle UTIL Brice Turang UTIL Andrew Vaughn UTIL Drew Gilbert UTIL Grant McCray,,,
218,5200980216,tidechaser101 (3/20),0,62.65,CPT Brandon Sproat UTIL Tyler Mahle UTIL Brice Turang UTIL Andrew Vaughn UTIL Drew Gilbert UTIL Grant McCray,,,
218,5200980217,tidechaser101 (4/20),0,62.65,CPT Brandon Sproat UTIL Tyler Mahle UTIL Brice Turang UTIL Andrew Vaughn UTIL Drew Gilbert UTIL Grant McCray,,,
218,5200980218,tidechaser101 (5/20),0,62.65,CPT Brandon Sproat UTIL Tyler Mahle UTIL Brice Turang UTIL Andrew Vaughn UTIL Drew Gilbert UTIL Grant McCray,,,
218,5200980219,tidechaser101 (6/20),0,62.65,CPT Brandon Sproat UTIL Tyler Mahle UTIL Brice Turang UTIL Andrew Vaughn UTIL Drew Gilbert UTIL Grant McCray,,,
218,5200980220,tidechaser101 (7/20),0,62.65,CPT Brandon Sproat UTIL Tyler Mahle UTIL Brice Turang UTIL Andrew Vaughn UTIL Drew Gilbert UTIL Grant McCray,,,
218,5200980221,tidechaser101 (8/20),0,62.65,CPT Brandon Sproat UTIL Tyler Mahle UTIL Brice Turang UTIL Andrew Vaughn UTIL Drew Gilbert UTIL Grant McCray,,,
218,5200980222,tidechaser101 (9/20),0,62.65,CPT Brandon Sproat UTIL Tyler Mahle UTIL Brice Turang UTIL Andrew Vaughn UTIL Drew Gilbert UTIL Grant McCray,,,
218,5200980223,tidechaser101 (10/20),0,62.65,CPT Brandon Sproat UTIL Tyler Mahle UTIL Brice Turang UTIL Andrew Vaughn UTIL Drew Gilbert UTIL Grant McCray,,,
218,5200980224,tidechaser101 (11/20),0,62.65,CPT Brandon Sproat UTIL Tyler Mahle UTIL Brice Turang UTIL Andrew Vaughn UTIL Drew Gilbert UTIL Grant McCray,,,
218,5200980225,tidechaser101 (12/20),0,62.65,CPT Brandon Sproat UTIL Tyler Mahle UTIL Brice Turang UTIL Andrew Vaughn UTIL Drew Gilbert UTIL Grant McCray,,,
218,5200980226,tidechaser101 (13/20),0,62.65,CPT Brandon Sproat UTIL Tyler Mahle UTIL Brice Turang UTIL Andrew Vaughn UTIL Drew Gilbert UTIL Grant McCray,,,
218,5200980227,tidechaser101 (14/20),0,62.65,CPT Brandon Sproat UTIL Tyler Mahle UTIL Brice Turang UTIL Andrew Vaughn UTIL Drew Gilbert UTIL Grant McCray,,,
218,5200980228,tidechaser101 (15/20),0,62.65,CPT Brandon Sproat UTIL Tyler Mahle UTIL Brice Turang UTIL Andrew Vaughn UTIL Drew Gilbert UTIL Grant McCray,,,
218,5200980229,tidechaser101 (16/20),0,62.65,CPT Brandon Sproat UTIL Tyler Mahle UTIL Brice Turang UTIL Andrew Vaughn UTIL Drew Gilbert UTIL Grant McCray,,,
218,5200980230,tidechaser101 (17/20),0,62.65,CPT Brandon Sproat UTIL Tyler Mahle UTIL Brice Turang UTIL Andrew Vaughn UTIL Drew Gilbert UTIL Grant McCray,,,
218,5200980231,tidechaser101 (18/20),0,62.65,CPT Brandon Sproat UTIL Tyler Mahle UTIL Brice Turang UTIL Andrew Vaughn UTIL Drew Gilbert UTIL Grant McCray,,,
218,5200980232,tidechaser101 (19/20),0,62.65,CPT Brandon Sproat UTIL Tyler Mahle UTIL Brice Turang UTIL Andrew Vaughn UTIL Drew Gilbert UTIL Grant McCray,,,
218,5200987395,tidechaser101 (20/20),0,62.65,CPT Brandon Sproat UTIL Tyler Mahle UTIL Brice Turang UTIL Andrew Vaughn UTIL Drew Gilbert UTIL Grant McCray,,,
243,5200212754,THEACTIONONE (2/2),0,61.85,CPT Tyler Mahle UTIL Brandon Sproat UTIL Luis Arraez UTIL Rafael Devers UTIL Christian Koss UTIL Tyler Black,,,
244,5199997488,Schoey17 (5/9),0,61.75,CPT Tyler Mahle UTIL Casey Schmitt UTIL Heliot Ramos UTIL William Contreras UTIL Willy Adames UTIL Grant McCray,,,
244,5200253040,FesterBlack,0,61.75,CPT Tyler Mahle UTIL Luis Arraez UTIL Jake Bauers UTIL Rafael Devers UTIL Garrett Mitchell UTIL Grant McCray,,,
244,5200262024,Sammy.Boy (20/20),0,61.75,CPT Tyler Mahle UTIL Casey Schmitt UTIL Heliot Ramos UTIL William Contreras UTIL Willy Adames UTIL Grant McCray,,,
244,5200330961,tbjones2121 (7/20),0,61.75,CPT Tyler Mahle UTIL Luis Arraez UTIL Heliot Ramos UTIL Willy Adames UTIL Cooper Pratt UTIL Jesus Rodriguez,,,
244,5200418878,whoisjohngalt420 (4/20),0,61.75,CPT Tyler Mahle UTIL Casey Schmitt UTIL Heliot Ramos UTIL William Contreras UTIL Willy Adames UTIL Grant McCray,,,
244,5200472720,rsumrall (8/20),0,61.75,CPT Tyler Mahle UTIL Casey Schmitt UTIL Heliot Ramos UTIL William Contreras UTIL Willy Adames UTIL Grant McCray,,,
244,5200739221,curly82 (2/15),0,61.75,CPT Tyler Mahle UTIL Jackson Chourio UTIL Luis Arraez UTIL William Contreras UTIL Cooper Pratt UTIL Grant McCray,,,
244,5200811515,grantgoupil (16/20),0,61.75,CPT Tyler Mahle UTIL Luis Arraez UTIL Heliot Ramos UTIL Willy Adames UTIL Cooper Pratt UTIL Jesus Rodriguez,,,
244,5200948997,JJSaenz (8/20),0,61.75,CPT Tyler Mahle UTIL Jackson Chourio UTIL Casey Schmitt UTIL Bryce Eldridge UTIL Jesus Rodriguez UTIL Grant McCray,,,
244,5200976017,Alancey (1/5),0,61.75,CPT Tyler Mahle UTIL Brice Turang UTIL Luis Arraez UTIL Jake Bauers UTIL Cooper Pratt UTIL Grant McCray,,,
254,5200216161,leesho,0,61.65,CPT Brandon Sproat UTIL Tyler Mahle UTIL Christian Yelich UTIL Andrew Vaughn UTIL Cooper Pratt UTIL Grant McCray,,,
254,5200262023,Sammy.Boy (19/20),0,61.65,CPT Brandon Sproat UTIL Tyler Mahle UTIL Christian Yelich UTIL Andrew Vaughn UTIL Cooper Pratt UTIL Grant McCray,,,
254,5200330962,tbjones2121 (8/20),0,61.65,CPT Brandon Sproat UTIL Tyler Mahle UTIL Christian Yelich UTIL Andrew Vaughn UTIL Cooper Pratt UTIL Grant McCray,,,
254,5200343852,kreller17 (4/20),0,61.65,CPT Brandon Sproat UTIL Tyler Mahle UTIL Christian Yelich UTIL Andrew Vaughn UTIL Cooper Pratt UTIL Grant McCray,,,
254,5200359229,MoneyRamirez (14/20),0,61.65,CPT Brandon Sproat UTIL Tyler Mahle UTIL Christian Yelich UTIL Andrew Vaughn UTIL Cooper Pratt UTIL Grant McCray,,,
254,5200383039,Turbofurbo,0,61.65,CPT Brandon Sproat UTIL Tyler Mahle UTIL Christian Yelich UTIL Andrew Vaughn UTIL Cooper Pratt UTIL Grant McCray,,,
254,5200398826,Fuzz988 (17/20),0,61.65,CPT Brandon Sproat UTIL Tyler Mahle UTIL William Contreras UTIL Andrew Vaughn UTIL Cooper Pratt UTIL Grant McCray,,,
254,5200414103,luckychuck,0,61.65,CPT Brandon Sproat UTIL Tyler Mahle UTIL Christian Yelich UTIL Andrew Vaughn UTIL Cooper Pratt UTIL Grant McCray,,,
254,5200430338,jhbecerra (1/20),0,61.65,CPT Brandon Sproat UTIL Tyler Mahle UTIL Christian Yelich UTIL Andrew Vaughn UTIL Cooper Pratt UTIL Grant McCray,,,
254,5200475591,jhbecerra (2/20),0,61.65,CPT Brandon Sproat UTIL Tyler Mahle UTIL William Contreras UTIL Andrew Vaughn UTIL Cooper Pratt UTIL Grant McCray,,,
254,5200481327,heybert711 (1/20),0,61.65,CPT Brandon Sproat UTIL Tyler Mahle UTIL Christian Yelich UTIL Andrew Vaughn UTIL Cooper Pratt UTIL Grant McCray,,,
254,5200524084,austin60915 (7/20),0,61.65,CPT Brandon Sproat UTIL Tyler Mahle UTIL Christian Yelich UTIL Andrew Vaughn UTIL Cooper Pratt UTIL Grant McCray,,,
254,5200526528,SpeedRacer101 (20/20),0,61.65,CPT Brandon Sproat UTIL Tyler Mahle UTIL Christian Yelich UTIL Andrew Vaughn UTIL Cooper Pratt UTIL Grant McCray,,,
254,5200586695,LOCNOTM (13/20),0,61.65,CPT Brandon Sproat UTIL Tyler Mahle UTIL Christian Yelich UTIL Andrew Vaughn UTIL Cooper Pratt UTIL Grant McCray,,,
254,5200638748,bellsofwar3 (13/20),0,61.65,CPT Brandon Sproat UTIL Tyler Mahle UTIL Christian Yelich UTIL Andrew Vaughn UTIL Cooper Pratt UTIL Grant McCray,,,
254,5200717722,JaserD (8/20),0,61.65,CPT Brandon Sproat UTIL Tyler Mahle UTIL Christian Yelich UTIL Andrew Vaughn UTIL Cooper Pratt UTIL Grant McCray,,,
254,5200895108,dallascowboys4225,0,61.65,CPT Brandon Sproat UTIL Tyler Mahle UTIL Rafael Devers UTIL Bryce Eldridge UTIL Drew Gilbert UTIL Grant McCray,,,
254,5200913781,PokerChump (19/20),0,61.65,CPT Brandon Sproat UTIL Tyler Mahle UTIL Christian Yelich UTIL Andrew Vaughn UTIL Cooper Pratt UTIL Grant McCray,,,
254,5200934087,UniversalFriend (15/20),0,61.65,CPT Brandon Sproat UTIL Tyler Mahle UTIL Christian Yelich UTIL Andrew Vaughn UTIL Cooper Pratt UTIL Grant McCray,,,
254,5200947613,kylhub10 (10/20),0,61.65,CPT Brandon Sproat UTIL Tyler Mahle UTIL Christian Yelich UTIL Andrew Vaughn UTIL Cooper Pratt UTIL Grant McCray,,,
254,5200949520,coolsouthernbrees (1/18),0,61.65,CPT Brandon Sproat UTIL Tyler Mahle UTIL Christian Yelich UTIL Andrew Vaughn UTIL Cooper Pratt UTIL Grant McCray,,,
254,5200971911,Mige1 (20/20),0,61.65,CPT Brandon Sproat UTIL Tyler Mahle UTIL Christian Yelich UTIL Andrew Vaughn UTIL Cooper Pratt UTIL Grant McCray,,,
254,5200984924,AGGIES1515 (2/2),0,61.65,CPT Brandon Sproat UTIL Tyler Mahle UTIL Christian Yelich UTIL Andrew Vaughn UTIL Cooper Pratt UTIL Grant McCray,,,
254,5200988283,texansl,0,61.65,CPT Brandon Sproat UTIL Tyler Mahle UTIL Christian Yelich UTIL Andrew Vaughn UTIL Cooper Pratt UTIL Grant McCray,,,
278,5200641272,floydian80 (2/20),0,61.6,CPT Grant McCray UTIL Brandon Sproat UTIL Tyler Mahle UTIL Heliot Ramos UTIL William Contreras UTIL Garrett Mitchell,,,
278,5200901875,1biglife (4/7),0,61.6,CPT Grant McCray UTIL Brandon Sproat UTIL Tyler Mahle UTIL Casey Schmitt UTIL William Contreras UTIL Rafael Devers,,,
280,5200947616,kylhub10 (13/20),0,61.5,CPT Luis Arraez UTIL Tyler Mahle UTIL Jackson Chourio UTIL Brice Turang UTIL Jesus Rodriguez UTIL Grant McCray,,,
281,5200426999,Orangechocolate70 (6/12),0,61.1,CPT Casey Schmitt UTIL Brandon Sproat UTIL Tyler Mahle UTIL Heliot Ramos UTIL Drew Gilbert UTIL Grant McCray,,,
281,5200959812,Mr.luckyGuy (4/4),0,61.1,CPT Jesus Rodriguez UTIL Brandon Sproat UTIL Tyler Mahle UTIL Christian Yelich UTIL Cooper Pratt UTIL Grant McCray,,,
281,5200961493,Flash788 (8/9),0,61.1,CPT Tyler Mahle UTIL Brandon Sproat UTIL Casey Schmitt UTIL Cooper Pratt UTIL Jesus Rodriguez UTIL Erik Miller,,,
284,5200472727,rsumrall (15/20),0,60.85,CPT Tyler Mahle UTIL Brandon Sproat UTIL William Contreras UTIL Rafael Devers UTIL Joey Ortiz UTIL Grant McCray,,,
284,5200586702,LOCNOTM (20/20),0,60.85,CPT Tyler Mahle UTIL Brandon Sproat UTIL William Contreras UTIL Rafael Devers UTIL Joey Ortiz UTIL Grant McCray,,,
284,5200731075,realchad (1/2),0,60.85,CPT Tyler Mahle UTIL Brandon Sproat UTIL Brice Turang UTIL Cooper Pratt UTIL Joey Ortiz UTIL Grant McCray,,,
287,5200262006,Sammy.Boy (2/20),0,60.75,CPT Tyler Mahle UTIL Luis Arraez UTIL William Contreras UTIL Rafael Devers UTIL Bryce Eldridge UTIL Grant McCray,,,
287,5200330956,tbjones2121 (2/20),0,60.75,CPT Tyler Mahle UTIL Jackson Chourio UTIL Casey Schmitt UTIL Heliot Ramos UTIL Drew Gilbert UTIL Grant McCray,,,
287,5200638747,bellsofwar3 (12/20),0,60.75,CPT Tyler Mahle UTIL Jackson Chourio UTIL Luis Arraez UTIL Willy Adames UTIL Jesus Rodriguez UTIL Drew Gilbert,,,
287,5200641285,floydian80 (15/20),0,60.75,CPT Tyler Mahle UTIL Jackson Chourio UTIL Luis Arraez UTIL Willy Adames UTIL Jesus Rodriguez UTIL Drew Gilbert,,,
287,5200697159,kbrisacher (15/20),0,60.75,CPT Tyler Mahle UTIL Christian Yelich UTIL Heliot Ramos UTIL Rafael Devers UTIL Willy Adames UTIL Grant McCray,,,
287,5200951161,tilig2016 (1/2),0,60.75,CPT Tyler Mahle UTIL Luis Arraez UTIL William Contreras UTIL Rafael Devers UTIL Bryce Eldridge UTIL Grant McCray,,,
287,5200971902,Mige1 (11/20),0,60.75,CPT Tyler Mahle UTIL Jackson Chourio UTIL Luis Arraez UTIL Willy Adames UTIL Jesus Rodriguez UTIL Drew Gilbert,,,
294,5200802413,Orangechocolate70 (12/12),0,60.65,CPT Brandon Sproat UTIL Tyler Mahle UTIL Jake Bauers UTIL Garrett Mitchell UTIL Drew Gilbert UTIL Grant McCray,,,
294,5200937271,Devon_g117 (2/2),0,60.65,CPT Brandon Sproat UTIL Tyler Mahle UTIL Jake Bauers UTIL Garrett Mitchell UTIL Drew Gilbert UTIL Grant McCray,,,
296,5200475599,jhbecerra (10/20),0,60.6,CPT Brice Turang UTIL Brandon Sproat UTIL Tyler Mahle UTIL Andrew Vaughn UTIL Jesus Rodriguez UTIL Grant McCray,,,
296,5200897818,jesusreyes2955 (2/2),0,60.6,CPT Rafael Devers UTIL Brandon Sproat UTIL Tyler Mahle UTIL Willy Adames UTIL Bryce Eldridge UTIL Grant McCray,,,
298,5200327725,gbadertscher (3/7),0,60.1,CPT Jackson Chourio UTIL Brandon Sproat UTIL Tyler Mahle UTIL Andrew Vaughn UTIL Cooper Pratt UTIL Grant McCray,,,
298,5200475594,jhbecerra (5/20),0,60.1,CPT Jackson Chourio UTIL Brandon Sproat UTIL Tyler Mahle UTIL Andrew Vaughn UTIL Cooper Pratt UTIL Grant McCray,,,
298,5200475605,jhbecerra (16/20),0,60.1,CPT Jake Bauers UTIL Brandon Sproat UTIL Tyler Mahle UTIL Rafael Devers UTIL Andrew Vaughn UTIL Grant McCray,,,
301,5200764562,USMBrad14 (12/20),0,60,CPT Heliot Ramos UTIL Tyler Mahle UTIL Casey Schmitt UTIL Luis Arraez UTIL Jake Bauers UTIL Grant McCray,,,
302,5200419351,KGould86 (16/20),0,59.85,CPT Tyler Mahle UTIL Brandon Sproat UTIL Rafael Devers UTIL Andrew Vaughn UTIL Jesus Rodriguez UTIL Drew Gilbert,,,
302,5200445729,73pd2x (9/20),0,59.85,CPT Tyler Mahle UTIL Brandon Sproat UTIL Heliot Ramos UTIL Cooper Pratt UTIL Jesus Rodriguez UTIL Drew Gilbert,,,
302,5200524097,austin60915 (20/20),0,59.85,CPT Tyler Mahle UTIL Brandon Sproat UTIL Rafael Devers UTIL Andrew Vaughn UTIL Jesus Rodriguez UTIL Drew Gilbert,,,
302,5200697150,kbrisacher (6/20),0,59.85,CPT Tyler Mahle UTIL Brandon Sproat UTIL Rafael Devers UTIL Andrew Vaughn UTIL Jesus Rodriguez UTIL Drew Gilbert,,,
302,5200720641,mrclean913 (12/20),0,59.85,CPT Tyler Mahle UTIL Brandon Sproat UTIL Heliot Ramos UTIL Cooper Pratt UTIL Jesus Rodriguez UTIL Drew Gilbert,,,
302,5200798695,AbeFlores07 (2/2),0,59.85,CPT Tyler Mahle UTIL Brandon Sproat UTIL Rafael Devers UTIL Andrew Vaughn UTIL Jesus Rodriguez UTIL Drew Gilbert,,,
302,5200933291,Edgitt116 (3/12),0,59.85,CPT Tyler Mahle UTIL Brandon Sproat UTIL Rafael Devers UTIL Andrew Vaughn UTIL Jesus Rodriguez UTIL Drew Gilbert,,,
309,5200359224,MoneyRamirez (9/20),0,59.75,CPT Tyler Mahle UTIL Luis Arraez UTIL Heliot Ramos UTIL Bryce Eldridge UTIL Andrew Vaughn UTIL Jesus Rodriguez,,,
309,5200419338,KGould86 (3/20),0,59.75,CPT Tyler Mahle UTIL Luis Arraez UTIL Heliot Ramos UTIL Rafael Devers UTIL Andrew Vaughn UTIL Jesus Rodriguez,,,
309,5200524092,austin60915 (15/20),0,59.75,CPT Tyler Mahle UTIL Luis Arraez UTIL Heliot Ramos UTIL Bryce Eldridge UTIL Andrew Vaughn UTIL Jesus Rodriguez,,,
309,5200538467,mjrlaw23 (4/20),0,59.75,CPT Tyler Mahle UTIL Luis Arraez UTIL Heliot Ramos UTIL Rafael Devers UTIL Andrew Vaughn UTIL Jesus Rodriguez,,,
309,5200553169,georgeconfused (6/6),0,59.75,CPT Tyler Mahle UTIL Casey Schmitt UTIL Luis Arraez UTIL Willy Adames UTIL Cooper Pratt UTIL Jesus Rodriguez,,,
309,5200638738,bellsofwar3 (3/20),0,59.75,CPT Tyler Mahle UTIL Luis Arraez UTIL Heliot Ramos UTIL Rafael Devers UTIL Andrew Vaughn UTIL Jesus Rodriguez,,,
309,5200717718,JaserD (4/20),0,59.75,CPT Tyler Mahle UTIL Luis Arraez UTIL Heliot Ramos UTIL Rafael Devers UTIL Andrew Vaughn UTIL Jesus Rodriguez,,,
309,5200757283,45dojo (4/8),0,59.75,CPT Tyler Mahle UTIL Casey Schmitt UTIL Luis Arraez UTIL Willy Adames UTIL Cooper Pratt UTIL Jesus Rodriguez,,,
309,5200835833,sbolomo (3/20),0,59.75,CPT Tyler Mahle UTIL Luis Arraez UTIL Heliot Ramos UTIL Rafael Devers UTIL Andrew Vaughn UTIL Jesus Rodriguez,,,
309,5200916302,fantasyheaven (5/20),0,59.75,CPT Tyler Mahle UTIL Luis Arraez UTIL Heliot Ramos UTIL Bryce Eldridge UTIL Andrew Vaughn UTIL Jesus Rodriguez,,,
319,5200205895,aramisj22,0,59.65,CPT Brandon Sproat UTIL Tyler Mahle UTIL Brice Turang UTIL Andrew Vaughn UTIL Joey Ortiz UTIL Grant McCray,,,
319,5200262018,Sammy.Boy (14/20),0,59.65,CPT Brandon Sproat UTIL Tyler Mahle UTIL Jackson Chourio UTIL Cooper Pratt UTIL Joey Ortiz UTIL Grant McCray,,,
319,5200359227,MoneyRamirez (12/20),0,59.65,CPT Brandon Sproat UTIL Tyler Mahle UTIL Jackson Chourio UTIL Cooper Pratt UTIL Joey Ortiz UTIL Grant McCray,,,
319,5200359228,MoneyRamirez (13/20),0,59.65,CPT Brandon Sproat UTIL Tyler Mahle UTIL Brice Turang UTIL Andrew Vaughn UTIL Joey Ortiz UTIL Grant McCray,,,
319,5200418875,whoisjohngalt420 (1/20),0,59.65,CPT Brandon Sproat UTIL Tyler Mahle UTIL Jackson Chourio UTIL Cooper Pratt UTIL Joey Ortiz UTIL Grant McCray,,,
319,5200418889,whoisjohngalt420 (15/20),0,59.65,CPT Brandon Sproat UTIL Tyler Mahle UTIL Brice Turang UTIL Andrew Vaughn UTIL Joey Ortiz UTIL Grant McCray,,,
319,5200419349,KGould86 (14/20),0,59.65,CPT Brandon Sproat UTIL Tyler Mahle UTIL Brice Turang UTIL Andrew Vaughn UTIL Joey Ortiz UTIL Grant McCray,,,
319,5200426993,Orangechocolate70 (1/12),0,59.65,CPT Brandon Sproat UTIL Tyler Mahle UTIL Jackson Chourio UTIL Cooper Pratt UTIL Joey Ortiz UTIL Grant McCray,,,
319,5200485123,wcs1109 (16/20),0,59.65,CPT Brandon Sproat UTIL Tyler Mahle UTIL Jackson Chourio UTIL Cooper Pratt UTIL Joey Ortiz UTIL Grant McCray,,,
319,5200501791,briguy13 (19/20),0,59.65,CPT Brandon Sproat UTIL Tyler Mahle UTIL Jackson Chourio UTIL Cooper Pratt UTIL Joey Ortiz UTIL Grant McCray,,,
319,5200579052,vstar1300 (2/7),0,59.65,CPT Brandon Sproat UTIL Tyler Mahle UTIL Jake Bauers UTIL Bryce Eldridge UTIL Joey Ortiz UTIL Grant McCray,,,
319,5200626447,gwatts77 (2/20),0,59.65,CPT Brandon Sproat UTIL Tyler Mahle UTIL Brice Turang UTIL Andrew Vaughn UTIL Joey Ortiz UTIL Grant McCray,,,
319,5200664336,fullerf54 (20/20),0,59.65,CPT Brandon Sproat UTIL Tyler Mahle UTIL Jackson Chourio UTIL Cooper Pratt UTIL Joey Ortiz UTIL Grant McCray,,,
319,5200764554,USMBrad14 (4/20),0,59.65,CPT Brandon Sproat UTIL Tyler Mahle UTIL Brice Turang UTIL Andrew Vaughn UTIL Joey Ortiz UTIL Grant McCray,,,
319,5200840598,pat_the_hat2 (7/20),0,59.65,CPT Brandon Sproat UTIL Tyler Mahle UTIL Willy Adames UTIL Andrew Vaughn UTIL Cooper Pratt UTIL Jesus Rodriguez,,,
319,5200857578,KelvinDubs (8/20),0,59.65,CPT Brandon Sproat UTIL Tyler Mahle UTIL Jackson Chourio UTIL Cooper Pratt UTIL Joey Ortiz UTIL Grant McCray,,,
319,5200871872,trappwimm80 (20/20),0,59.65,CPT Brandon Sproat UTIL Tyler Mahle UTIL Jackson Chourio UTIL Cooper Pratt UTIL Joey Ortiz UTIL Grant McCray,,,
319,5200925575,terminator31 (15/20),0,59.65,CPT Brandon Sproat UTIL Tyler Mahle UTIL Christian Yelich UTIL Andrew Vaughn UTIL Joey Ortiz UTIL Grant McCray,,,
319,5200934075,UniversalFriend (3/20),0,59.65,CPT Brandon Sproat UTIL Tyler Mahle UTIL Jackson Chourio UTIL Cooper Pratt UTIL Joey Ortiz UTIL Grant McCray,,,
319,5200942259,DumpRich,0,59.65,CPT Brandon Sproat UTIL Tyler Mahle UTIL William Contreras UTIL Rafael Devers UTIL Drew Gilbert UTIL Grant McCray,,,
319,5200969216,jeffmorris007 (4/20),0,59.65,CPT Brandon Sproat UTIL Tyler Mahle UTIL Jackson Chourio UTIL Cooper Pratt UTIL Joey Ortiz UTIL Grant McCray,,,
319,5200971895,Mige1 (4/20),0,59.65,CPT Brandon Sproat UTIL Tyler Mahle UTIL Brice Turang UTIL Andrew Vaughn UTIL Joey Ortiz UTIL Grant McCray,,,
319,5200977947,shantae1111 (2/4),0,59.65,CPT Brandon Sproat UTIL Tyler Mahle UTIL Jackson Chourio UTIL Cooper Pratt UTIL Joey Ortiz UTIL Grant McCray,,,
319,5200984826,krydarx,0,59.65,CPT Brandon Sproat UTIL Tyler Mahle UTIL Willy Adames UTIL Andrew Vaughn UTIL Cooper Pratt UTIL Jesus Rodriguez,,,
343,5200522226,TinyGiant99 (3/5),0,59.6,CPT Rafael Devers UTIL Brandon Sproat UTIL Tyler Mahle UTIL Jake Bauers UTIL Andrew Vaughn UTIL Grant McCray,,,
343,5200934876,Jakal-1,0,59.6,CPT Grant McCray UTIL Brandon Sproat UTIL Tyler Mahle UTIL Jackson Chourio UTIL Brice Turang UTIL Joey Ortiz,,,
343,5200947732,tpyo (8/20),0,59.6,CPT Rafael Devers UTIL Brandon Sproat UTIL Tyler Mahle UTIL Casey Schmitt UTIL Andrew Vaughn UTIL Grant McCray,,,
343,5200969228,jeffmorris007 (16/20),0,59.6,CPT Grant McCray UTIL Brandon Sproat UTIL Tyler Mahle UTIL Jackson Chourio UTIL Brice Turang UTIL Joey Ortiz,,,
347,5200440526,foutah (2/6),0,58.85,CPT Tyler Mahle UTIL Brandon Sproat UTIL Bryce Eldridge UTIL Andrew Vaughn UTIL Cooper Pratt UTIL Jesus Rodriguez,,,
347,5200477345,wcs1109 (7/20),0,58.85,CPT Tyler Mahle UTIL Brandon Sproat UTIL Bryce Eldridge UTIL Andrew Vaughn UTIL Cooper Pratt UTIL Jesus Rodriguez,,,
347,5200947743,tpyo (19/20),0,58.85,CPT Tyler Mahle UTIL Brandon Sproat UTIL William Contreras UTIL Garrett Mitchell UTIL Joey Ortiz UTIL Grant McCray,,,
347,5200963789,Captgrif (5/5),0,58.85,CPT Tyler Mahle UTIL Brandon Sproat UTIL Bryce Eldridge UTIL Andrew Vaughn UTIL Cooper Pratt UTIL Jesus Rodriguez,,,
351,5200626459,gwatts77 (14/20),0,58.75,CPT Tyler Mahle UTIL Christian Yelich UTIL Casey Schmitt UTIL Willy Adames UTIL Bryce Eldridge UTIL Grant McCray,,,
351,5200933294,Edgitt116 (6/12),0,58.75,CPT Tyler Mahle UTIL Luis Arraez UTIL Jake Bauers UTIL Heliot Ramos UTIL Jesus Rodriguez UTIL Drew Gilbert,,,
353,5200503847,JERKER19,0,58.65,CPT Brandon Sproat UTIL Tyler Mahle UTIL Rafael Devers UTIL Garrett Mitchell UTIL Cooper Pratt UTIL Grant McCray,,,
353,5200869914,rexa (1/11),0,58.65,CPT Brandon Sproat UTIL Tyler Mahle UTIL Rafael Devers UTIL Garrett Mitchell UTIL Cooper Pratt UTIL Grant McCray,,,
353,5200869922,rexa (2/11),0,58.65,CPT Brandon Sproat UTIL Tyler Mahle UTIL Rafael Devers UTIL Garrett Mitchell UTIL Cooper Pratt UTIL Grant McCray,,,
353,5200875933,rexa (9/11),0,58.65,CPT Brandon Sproat UTIL Tyler Mahle UTIL Rafael Devers UTIL Garrett Mitchell UTIL Cooper Pratt UTIL Grant McCray,,,
357,5200870016,rexa (3/11),0,58.6,CPT Grant McCray UTIL Brandon Sproat UTIL Tyler Mahle UTIL Brice Turang UTIL Christian Yelich UTIL Cooper Pratt,,,
357,5200870185,rexa (4/11),0,58.6,CPT Grant McCray UTIL Brandon Sproat UTIL Tyler Mahle UTIL Brice Turang UTIL Christian Yelich UTIL Cooper Pratt,,,
357,5200876156,rexa (10/11),0,58.6,CPT Grant McCray UTIL Brandon Sproat UTIL Tyler Mahle UTIL Brice Turang UTIL Christian Yelich UTIL Cooper Pratt,,,
357,5200947738,tpyo (14/20),0,58.6,CPT Rafael Devers UTIL Brandon Sproat UTIL Tyler Mahle UTIL Garrett Mitchell UTIL Willy Adames UTIL Grant McCray,,,
357,5200957674,rick052954 (6/10),0,58.6,CPT Grant McCray UTIL Brandon Sproat UTIL Tyler Mahle UTIL Brice Turang UTIL Rafael Devers UTIL Garrett Mitchell,,,
362,5200885787,Heaven2010 (2/18),0,58.1,CPT Jackson Chourio UTIL Brandon Sproat UTIL Tyler Mahle UTIL Andrew Vaughn UTIL Joey Ortiz UTIL Grant McCray,,,
362,5200957044,Heaven2010 (17/18),0,58.1,CPT Jackson Chourio UTIL Brandon Sproat UTIL Tyler Mahle UTIL Andrew Vaughn UTIL Joey Ortiz UTIL Grant McCray,,,
364,5200459757,TurtlePunch (1/2),0,57.85,CPT Tyler Mahle UTIL Brandon Sproat UTIL Luis Arraez UTIL Cooper Pratt UTIL Joey Ortiz UTIL Drew Gilbert,,,
365,5200258813,ivymoose (16/20),0,57.75,CPT Tyler Mahle UTIL Casey Schmitt UTIL Jake Bauers UTIL Rafael Devers UTIL Drew Gilbert UTIL Grant McCray,,,
365,5200419344,KGould86 (9/20),0,57.75,CPT Tyler Mahle UTIL Brice Turang UTIL Luis Arraez UTIL Willy Adames UTIL Jesus Rodriguez UTIL Drew Gilbert,,,
365,5200472713,rsumrall (1/20),0,57.75,CPT Tyler Mahle UTIL Jackson Chourio UTIL Casey Schmitt UTIL Rafael Devers UTIL Drew Gilbert UTIL Grant McCray,,,
365,5200476826,wcs1109 (2/20),0,57.75,CPT Tyler Mahle UTIL Jackson Chourio UTIL Casey Schmitt UTIL Rafael Devers UTIL Drew Gilbert UTIL Grant McCray,,,
365,5200840609,pat_the_hat2 (18/20),0,57.75,CPT Tyler Mahle UTIL Jackson Chourio UTIL Brice Turang UTIL Heliot Ramos UTIL Drew Gilbert UTIL Grant McCray,,,
370,5200754072,colbyhornet (17/20),0,57.65,CPT Brandon Sproat UTIL Tyler Mahle UTIL Luis Arraez UTIL Cooper Pratt UTIL Jesus Rodriguez UTIL Trevor Megill,,,
370,5200960046,maalston92 (3/3),0,57.65,CPT Brandon Sproat UTIL Tyler Mahle UTIL Willy Adames UTIL Andrew Vaughn UTIL Jesus Rodriguez UTIL Joey Ortiz,,,
372,5200739224,curly82 (5/15),0,57.1,CPT Casey Schmitt UTIL Brandon Sproat UTIL Tyler Mahle UTIL Rafael Devers UTIL Cooper Pratt UTIL Grant McCray,,,
372,5200813058,doubleracer,0,57.1,CPT Casey Schmitt UTIL Brandon Sproat UTIL Tyler Mahle UTIL Rafael Devers UTIL Cooper Pratt UTIL Grant McCray,,,
372,5200893834,Heaven2010 (5/18),0,57.1,CPT Casey Schmitt UTIL Brandon Sproat UTIL Tyler Mahle UTIL Rafael Devers UTIL Cooper Pratt UTIL Grant McCray,,,
372,5200895202,Heaven2010 (7/18),0,57.1,CPT Jake Bauers UTIL Brandon Sproat UTIL Tyler Mahle UTIL Rafael Devers UTIL Cooper Pratt UTIL Grant McCray,,,
372,5200951169,Heaven2010 (16/18),0,57.1,CPT Jake Bauers UTIL Brandon Sproat UTIL Tyler Mahle UTIL Rafael Devers UTIL Cooper Pratt UTIL Grant McCray,,,
377,5200895794,hoppinball26 (4/5),0,57,CPT Heliot Ramos UTIL Tyler Mahle UTIL Casey Schmitt UTIL Luis Arraez UTIL William Contreras UTIL Grant McCray,,,
377,5200925571,terminator31 (11/20),0,57,CPT Heliot Ramos UTIL Tyler Mahle UTIL Casey Schmitt UTIL Luis Arraez UTIL William Contreras UTIL Grant McCray,,,
379,5200262016,Sammy.Boy (12/20),0,56.75,CPT Tyler Mahle UTIL Luis Arraez UTIL Heliot Ramos UTIL Rafael Devers UTIL Cooper Pratt UTIL Jesus Rodriguez,,,
379,5200414044,Goatheadfunk,0,56.75,CPT Tyler Mahle UTIL Luis Arraez UTIL Garrett Mitchell UTIL Willy Adames UTIL Bryce Eldridge UTIL Jesus Rodriguez,,,
379,5200418883,whoisjohngalt420 (9/20),0,56.75,CPT Tyler Mahle UTIL Casey Schmitt UTIL Jake Bauers UTIL Rafael Devers UTIL Bryce Eldridge UTIL Grant McCray,,,
379,5200717724,JaserD (10/20),0,56.75,CPT Tyler Mahle UTIL Casey Schmitt UTIL Jake Bauers UTIL Rafael Devers UTIL Bryce Eldridge UTIL Grant McCray,,,
379,5200720648,mrclean913 (19/20),0,56.75,CPT Tyler Mahle UTIL Luis Arraez UTIL Garrett Mitchell UTIL Willy Adames UTIL Bryce Eldridge UTIL Jesus Rodriguez,,,
379,5200764555,USMBrad14 (5/20),0,56.75,CPT Tyler Mahle UTIL Luis Arraez UTIL Garrett Mitchell UTIL Willy Adames UTIL Bryce Eldridge UTIL Jesus Rodriguez,,,
379,5200811503,grantgoupil (4/20),0,56.75,CPT Tyler Mahle UTIL Luis Arraez UTIL Rafael Devers UTIL Bryce Eldridge UTIL Andrew Vaughn UTIL Jesus Rodriguez,,,
379,5200835832,sbolomo (2/20),0,56.75,CPT Tyler Mahle UTIL Luis Arraez UTIL Heliot Ramos UTIL Rafael Devers UTIL Cooper Pratt UTIL Jesus Rodriguez,,,
379,5200835835,sbolomo (5/20),0,56.75,CPT Tyler Mahle UTIL Luis Arraez UTIL Rafael Devers UTIL Bryce Eldridge UTIL Andrew Vaughn UTIL Jesus Rodriguez,,,
379,5200835840,sbolomo (10/20),0,56.75,CPT Tyler Mahle UTIL Casey Schmitt UTIL Jake Bauers UTIL Rafael Devers UTIL Bryce Eldridge UTIL Grant McCray,,,
379,5200895725,hoppinball26 (2/5),0,56.75,CPT Tyler Mahle UTIL Casey Schmitt UTIL William Contreras UTIL Rafael Devers UTIL Andrew Vaughn UTIL Grant McCray,,,
379,5200913782,PokerChump (20/20),0,56.75,CPT Tyler Mahle UTIL Luis Arraez UTIL Garrett Mitchell UTIL Willy Adames UTIL Bryce Eldridge UTIL Jesus Rodriguez,,,
391,5199997489,Schoey17 (6/9),0,56.65,CPT Brandon Sproat UTIL Tyler Mahle UTIL Brice Turang UTIL Cooper Pratt UTIL Joey Ortiz UTIL Grant McCray,,,
391,5200398829,Fuzz988 (20/20),0,56.65,CPT Brandon Sproat UTIL Tyler Mahle UTIL Brice Turang UTIL Cooper Pratt UTIL Joey Ortiz UTIL Grant McCray,,,
391,5200501784,briguy13 (12/20),0,56.65,CPT Brandon Sproat UTIL Tyler Mahle UTIL William Contreras UTIL Rafael Devers UTIL Joey Ortiz UTIL Grant McCray,,,
391,5200522227,TinyGiant99 (4/5),0,56.65,CPT Brandon Sproat UTIL Tyler Mahle UTIL William Contreras UTIL Rafael Devers UTIL Joey Ortiz UTIL Grant McCray,,,
391,5200524088,austin60915 (11/20),0,56.65,CPT Brandon Sproat UTIL Tyler Mahle UTIL Brice Turang UTIL Cooper Pratt UTIL Joey Ortiz UTIL Grant McCray,,,
391,5200536118,Skipper55 (9/20),0,56.65,CPT Brandon Sproat UTIL Tyler Mahle UTIL William Contreras UTIL Rafael Devers UTIL Joey Ortiz UTIL Grant McCray,,,
397,5200475602,jhbecerra (13/20),0,56.6,CPT Rafael Devers UTIL Brandon Sproat UTIL Tyler Mahle UTIL William Contreras UTIL Andrew Vaughn UTIL Grant McCray,,,
397,5200905319,Heaven2010 (11/18),0,56.6,CPT Cooper Pratt UTIL Brandon Sproat UTIL Tyler Mahle UTIL Jackson Chourio UTIL Rafael Devers UTIL Grant McCray,,,
397,5200957216,Heaven2010 (18/18),0,56.6,CPT Cooper Pratt UTIL Brandon Sproat UTIL Tyler Mahle UTIL Jackson Chourio UTIL Rafael Devers UTIL Grant McCray,,,
397,5200969230,jeffmorris007 (18/20),0,56.6,CPT William Contreras UTIL Brandon Sproat UTIL Tyler Mahle UTIL Jake Bauers UTIL Andrew Vaughn UTIL Grant McCray,,,
397,5200981279,mr2eleven211,0,56.6,CPT Rafael Devers UTIL Brandon Sproat UTIL Tyler Mahle UTIL Jake Bauers UTIL Cooper Pratt UTIL Grant McCray,,,
402,5200641275,floydian80 (5/20),0,56.5,CPT Joey Ortiz UTIL Tyler Mahle UTIL Casey Schmitt UTIL Luis Arraez UTIL Willy Adames UTIL Grant McCray,,,
403,5200900566,Levijr,0,56.15,CPT Brandon Sproat UTIL Luis Arraez UTIL Heliot Ramos UTIL William Contreras UTIL Willy Adames UTIL Grant McCray,,,
404,5200475606,jhbecerra (17/20),0,56.1,CPT Andrew Vaughn UTIL Brandon Sproat UTIL Tyler Mahle UTIL Christian Yelich UTIL William Contreras UTIL Grant McCray,,,
404,5200475607,jhbecerra (18/20),0,56.1,CPT Andrew Vaughn UTIL Brandon Sproat UTIL Tyler Mahle UTIL Brice Turang UTIL William Contreras UTIL Grant McCray,,,
404,5200567891,Flash788 (6/9),0,56.1,CPT Tyler Mahle UTIL Brandon Sproat UTIL Rafael Devers UTIL Bryce Eldridge UTIL Drew Gilbert UTIL Erik Miller,,,
407,5200657715,fullerf54 (16/20),0,55.85,CPT Tyler Mahle UTIL Brandon Sproat UTIL Casey Schmitt UTIL Jesus Rodriguez UTIL Joey Ortiz UTIL Drew Gilbert,,,
407,5200955942,coolsouthernbrees (3/18),0,55.85,CPT Tyler Mahle UTIL Brandon Sproat UTIL Casey Schmitt UTIL Jesus Rodriguez UTIL Joey Ortiz UTIL Drew Gilbert,,,
409,5200524083,austin60915 (6/20),0,55.75,CPT Tyler Mahle UTIL Casey Schmitt UTIL Luis Arraez UTIL Heliot Ramos UTIL Jesus Rodriguez UTIL Joey Ortiz,,,
409,5200653136,fullerf54 (9/20),0,55.75,CPT Tyler Mahle UTIL Casey Schmitt UTIL Luis Arraez UTIL Willy Adames UTIL Andrew Vaughn UTIL Joey Ortiz,,,
409,5200835837,sbolomo (7/20),0,55.75,CPT Tyler Mahle UTIL Luis Arraez UTIL Heliot Ramos UTIL Rafael Devers UTIL Andrew Vaughn UTIL Drew Gilbert,,,
409,5200867026,cwthrow24 (2/20),0,55.75,CPT Tyler Mahle UTIL Christian Yelich UTIL Heliot Ramos UTIL Rafael Devers UTIL Bryce Eldridge UTIL Grant McCray,,,
409,5200871863,trappwimm80 (11/20),0,55.75,CPT Tyler Mahle UTIL Casey Schmitt UTIL Luis Arraez UTIL Heliot Ramos UTIL Jesus Rodriguez UTIL Joey Ortiz,,,
409,5200913766,PokerChump (4/20),0,55.75,CPT Tyler Mahle UTIL Casey Schmitt UTIL Luis Arraez UTIL Heliot Ramos UTIL Jesus Rodriguez UTIL Joey Ortiz,,,
409,5200948990,JJSaenz (1/20),0,55.75,CPT Tyler Mahle UTIL Heliot Ramos UTIL William Contreras UTIL Rafael Devers UTIL Bryce Eldridge UTIL Grant McCray,,,
409,5200951155,Kevin1957,0,55.75,CPT Tyler Mahle UTIL Casey Schmitt UTIL Luis Arraez UTIL Willy Adames UTIL Andrew Vaughn UTIL Joey Ortiz,,,
417,5200538469,mjrlaw23 (6/20),0,55.65,CPT Brandon Sproat UTIL Tyler Mahle UTIL Heliot Ramos UTIL Cooper Pratt UTIL Jesus Rodriguez UTIL Drew Gilbert,,,
418,5200475597,jhbecerra (8/20),0,55.6,CPT Christian Yelich UTIL Brandon Sproat UTIL Tyler Mahle UTIL Andrew Vaughn UTIL Cooper Pratt UTIL Grant McCray,,,
418,5200475598,jhbecerra (9/20),0,55.6,CPT Brice Turang UTIL Brandon Sproat UTIL Tyler Mahle UTIL Andrew Vaughn UTIL Cooper Pratt UTIL Grant McCray,,,
418,5200475601,jhbecerra (12/20),0,55.6,CPT William Contreras UTIL Brandon Sproat UTIL Tyler Mahle UTIL Christian Yelich UTIL Jesus Rodriguez UTIL Grant McCray,,,
418,5200563342,termayf1,0,55.6,CPT Christian Yelich UTIL Brandon Sproat UTIL Tyler Mahle UTIL Willy Adames UTIL Joey Ortiz UTIL Grant McCray,,,
418,5200882423,Heaven2010 (1/18),0,55.6,CPT Brice Turang UTIL Brandon Sproat UTIL Tyler Mahle UTIL Willy Adames UTIL Joey Ortiz UTIL Grant McCray,,,
418,5200950994,Heaven2010 (15/18),0,55.6,CPT Brice Turang UTIL Brandon Sproat UTIL Tyler Mahle UTIL Willy Adames UTIL Joey Ortiz UTIL Grant McCray,,,
424,5200975780,namebran26 (4/8),0,55.5,CPT Rafael Devers UTIL Tyler Mahle UTIL Casey Schmitt UTIL Luis Arraez UTIL Jake Bauers UTIL Grant McCray,,,
425,5200475604,jhbecerra (15/20),0,55.1,CPT Jake Bauers UTIL Brandon Sproat UTIL Tyler Mahle UTIL William Contreras UTIL Cooper Pratt UTIL Grant McCray,,,
425,5200888036,84flipmode (2/20),0,55.1,CPT Jake Bauers UTIL Brandon Sproat UTIL Tyler Mahle UTIL Rafael Devers UTIL Joey Ortiz UTIL Grant McCray,,,
427,5200414469,az350z (9/20),0,54.9,CPT Brandon Sproat UTIL Tyler Mahle UTIL Rafael Devers UTIL Willy Adames UTIL Drew Gilbert UTIL Sam Hentges,,,
428,5200151901,rodh73,0,54.85,CPT Tyler Mahle UTIL Brandon Sproat UTIL Bryce Eldridge UTIL Andrew Vaughn UTIL Cooper Pratt UTIL Drew Gilbert,,,
428,5200296894,Hinkle76 (7/10),0,54.85,CPT Tyler Mahle UTIL Brandon Sproat UTIL Willy Adames UTIL Bryce Eldridge UTIL Joey Ortiz UTIL Drew Gilbert,,,
428,5200330966,tbjones2121 (12/20),0,54.85,CPT Tyler Mahle UTIL Brandon Sproat UTIL Willy Adames UTIL Bryce Eldridge UTIL Joey Ortiz UTIL Drew Gilbert,,,
428,5200445738,73pd2x (18/20),0,54.85,CPT Tyler Mahle UTIL Brandon Sproat UTIL Bryce Eldridge UTIL Jesus Rodriguez UTIL Joey Ortiz UTIL Drew Gilbert,,,
428,5200485703,wcs1109 (19/20),0,54.85,CPT Tyler Mahle UTIL Brandon Sproat UTIL Rafael Devers UTIL Andrew Vaughn UTIL Cooper Pratt UTIL Drew Gilbert,,,
428,5200586683,LOCNOTM (1/20),0,54.85,CPT Tyler Mahle UTIL Brandon Sproat UTIL Rafael Devers UTIL Andrew Vaughn UTIL Cooper Pratt UTIL Drew Gilbert,,,
428,5200586697,LOCNOTM (15/20),0,54.85,CPT Tyler Mahle UTIL Brandon Sproat UTIL Bryce Eldridge UTIL Andrew Vaughn UTIL Cooper Pratt UTIL Drew Gilbert,,,
428,5200601182,Natalie0080,0,54.85,CPT Tyler Mahle UTIL Brandon Sproat UTIL Rafael Devers UTIL Andrew Vaughn UTIL Cooper Pratt UTIL Drew Gilbert,,,
428,5200638751,bellsofwar3 (16/20),0,54.85,CPT Tyler Mahle UTIL Brandon Sproat UTIL Casey Schmitt UTIL Cooper Pratt UTIL Jesus Rodriguez UTIL Aaron Ashby,,,
428,5200697154,kbrisacher (10/20),0,54.85,CPT Tyler Mahle UTIL Brandon Sproat UTIL Willy Adames UTIL Bryce Eldridge UTIL Joey Ortiz UTIL Drew Gilbert,,,
428,5200754068,colbyhornet (13/20),0,54.85,CPT Tyler Mahle UTIL Brandon Sproat UTIL Heliot Ramos UTIL Andrew Vaughn UTIL Cooper Pratt UTIL Aaron Ashby,,,
428,5200882383,criticalmass048 (3/5),0,54.85,CPT Tyler Mahle UTIL Brandon Sproat UTIL Rafael Devers UTIL Andrew Vaughn UTIL Cooper Pratt UTIL Drew Gilbert,,,
428,5200934082,UniversalFriend (10/20),0,54.85,CPT Tyler Mahle UTIL Brandon Sproat UTIL Willy Adames UTIL Bryce Eldridge UTIL Joey Ortiz UTIL Drew Gilbert,,,
441,5200347344,mythicalrhymer01 (3/3),0,54.75,CPT Tyler Mahle UTIL Luis Arraez UTIL Heliot Ramos UTIL Rafael Devers UTIL Jesus Rodriguez UTIL Joey Ortiz,,,
441,5200865460,james2958 (2/2),0,54.75,CPT Tyler Mahle UTIL Christian Yelich UTIL Casey Schmitt UTIL Jake Bauers UTIL Cooper Pratt UTIL Grant McCray,,,
441,5200889561,84flipmode (6/20),0,54.75,CPT Tyler Mahle UTIL Christian Yelich UTIL Jake Bauers UTIL Bryce Eldridge UTIL Drew Gilbert UTIL Grant McCray,,,
441,5200925562,terminator31 (2/20),0,54.75,CPT Tyler Mahle UTIL Jackson Chourio UTIL Christian Yelich UTIL Rafael Devers UTIL Drew Gilbert UTIL Grant McCray,,,
441,5200971898,Mige1 (7/20),0,54.75,CPT Tyler Mahle UTIL Casey Schmitt UTIL Luis Arraez UTIL Bryce Eldridge UTIL Cooper Pratt UTIL Jesus Rodriguez,,,
441,5200983937,austinjflores2 (2/3),0,54.75,CPT Tyler Mahle UTIL Luis Arraez UTIL William Contreras UTIL Rafael Devers UTIL Andrew Vaughn UTIL Jesus Rodriguez,,,
447,5200313416,sauce834,0,54.65,CPT Brandon Sproat UTIL Tyler Mahle UTIL Bryce Eldridge UTIL Andrew Vaughn UTIL Cooper Pratt UTIL Jesus Rodriguez,,,
447,5200359231,MoneyRamirez (16/20),0,54.65,CPT Brandon Sproat UTIL Tyler Mahle UTIL William Contreras UTIL Garrett Mitchell UTIL Joey Ortiz UTIL Grant McCray,,,
447,5200697149,kbrisacher (5/20),0,54.65,CPT Brandon Sproat UTIL Tyler Mahle UTIL William Contreras UTIL Garrett Mitchell UTIL Joey Ortiz UTIL Grant McCray,,,
447,5200968048,Midkid_440,0,54.65,CPT Brandon Sproat UTIL Tyler Mahle UTIL Bryce Eldridge UTIL Andrew Vaughn UTIL Cooper Pratt UTIL Jesus Rodriguez,,,
451,5200407879,jsimoniette23 (2/2),0,54.6,CPT Luis Arraez UTIL Brandon Sproat UTIL Tyler Mahle UTIL Andrew Vaughn UTIL Cooper Pratt UTIL Joey Ortiz,,,
451,5200491427,Barb66,0,54.6,CPT Luis Arraez UTIL Brandon Sproat UTIL Tyler Mahle UTIL Andrew Vaughn UTIL Cooper Pratt UTIL Joey Ortiz,,,
451,5200909565,1BIGFISH,0,54.6,CPT Bryce Eldridge UTIL Brandon Sproat UTIL Tyler Mahle UTIL Brice Turang UTIL Drew Gilbert UTIL Grant McCray,,,
451,5200947742,tpyo (18/20),0,54.6,CPT Luis Arraez UTIL Brandon Sproat UTIL Tyler Mahle UTIL Andrew Vaughn UTIL Cooper Pratt UTIL Joey Ortiz,,,
451,5200966762,JeffreyG33,0,54.6,CPT Rafael Devers UTIL Brandon Sproat UTIL Tyler Mahle UTIL Jackson Chourio UTIL Joey Ortiz UTIL Grant McCray,,,
451,5200969431,geebabyouttowin,0,54.6,CPT Rafael Devers UTIL Brandon Sproat UTIL Tyler Mahle UTIL Jackson Chourio UTIL Joey Ortiz UTIL Grant McCray,,,
457,5200641290,floydian80 (20/20),0,54.5,CPT Rafael Devers UTIL Tyler Mahle UTIL Luis Arraez UTIL Jake Bauers UTIL Bryce Eldridge UTIL Grant McCray,,,
458,5200066239,leelee620,0,53.85,CPT Tyler Mahle UTIL Brandon Sproat UTIL Rafael Devers UTIL Cooper Pratt UTIL Jesus Rodriguez UTIL Joey Ortiz,,,
458,5200486409,FoxyGrandpa252 (1/8),0,53.85,CPT Tyler Mahle UTIL Brandon Sproat UTIL Casey Schmitt UTIL Andrew Vaughn UTIL Drew Gilbert UTIL Aaron Ashby,,,
460,5200348457,bluefan62 (2/4),0,53.75,CPT Tyler Mahle UTIL Casey Schmitt UTIL Luis Arraez UTIL Bryce Eldridge UTIL Andrew Vaughn UTIL Drew Gilbert,,,
460,5200419345,KGould86 (10/20),0,53.75,CPT Tyler Mahle UTIL Casey Schmitt UTIL Luis Arraez UTIL Heliot Ramos UTIL Cooper Pratt UTIL Drew Gilbert,,,
460,5200472729,rsumrall (17/20),0,53.75,CPT Tyler Mahle UTIL Casey Schmitt UTIL Luis Arraez UTIL Heliot Ramos UTIL Cooper Pratt UTIL Drew Gilbert,,,
460,5200536113,Skipper55 (4/20),0,53.75,CPT Tyler Mahle UTIL Casey Schmitt UTIL Luis Arraez UTIL Heliot Ramos UTIL Cooper Pratt UTIL Drew Gilbert,,,
460,5200626458,gwatts77 (13/20),0,53.75,CPT Tyler Mahle UTIL Casey Schmitt UTIL Luis Arraez UTIL Heliot Ramos UTIL Cooper Pratt UTIL Drew Gilbert,,,
460,5200811504,grantgoupil (5/20),0,53.75,CPT Tyler Mahle UTIL Casey Schmitt UTIL Luis Arraez UTIL Heliot Ramos UTIL Cooper Pratt UTIL Drew Gilbert,,,
460,5200835834,sbolomo (4/20),0,53.75,CPT Tyler Mahle UTIL Luis Arraez UTIL Rafael Devers UTIL Bryce Eldridge UTIL Cooper Pratt UTIL Jesus Rodriguez,,,
460,5200851565,EmeraldReign (1/3),0,53.75,CPT Tyler Mahle UTIL Casey Schmitt UTIL William Contreras UTIL Rafael Devers UTIL Bryce Eldridge UTIL Grant McCray,,,
460,5200929455,KingTerryPegula (18/20),0,53.75,CPT Tyler Mahle UTIL Casey Schmitt UTIL Luis Arraez UTIL Heliot Ramos UTIL Cooper Pratt UTIL Drew Gilbert,,,
460,5200934081,UniversalFriend (9/20),0,53.75,CPT Tyler Mahle UTIL Casey Schmitt UTIL Luis Arraez UTIL Heliot Ramos UTIL Cooper Pratt UTIL Drew Gilbert,,,
470,5200811511,grantgoupil (12/20),0,53.65,CPT Brandon Sproat UTIL Tyler Mahle UTIL Jake Bauers UTIL Cooper Pratt UTIL Jesus Rodriguez UTIL Drew Gilbert,,,
471,5200327729,gbadertscher (7/7),0,53.6,CPT Rafael Devers UTIL Brandon Sproat UTIL Tyler Mahle UTIL Christian Yelich UTIL Cooper Pratt UTIL Grant McCray,,,
471,5200475603,jhbecerra (14/20),0,53.6,CPT Rafael Devers UTIL Brandon Sproat UTIL Tyler Mahle UTIL Christian Yelich UTIL Cooper Pratt UTIL Grant McCray,,,
471,5200475608,jhbecerra (19/20),0,53.6,CPT Garrett Mitchell UTIL Brandon Sproat UTIL Tyler Mahle UTIL Christian Yelich UTIL Andrew Vaughn UTIL Grant McCray,,,
471,5200475609,jhbecerra (20/20),0,53.6,CPT Garrett Mitchell UTIL Brandon Sproat UTIL Tyler Mahle UTIL William Contreras UTIL Andrew Vaughn UTIL Grant McCray,,,
471,5200527323,sfjm35,0,53.6,CPT Rafael Devers UTIL Brandon Sproat UTIL Tyler Mahle UTIL Brice Turang UTIL Cooper Pratt UTIL Grant McCray,,,
471,5200764939,msshj08 (5/8),0,53.6,CPT Cooper Pratt UTIL Brandon Sproat UTIL Tyler Mahle UTIL Brice Turang UTIL Rafael Devers UTIL Grant McCray,,,
471,5200889937,Heaven2010 (4/18),0,53.6,CPT Rafael Devers UTIL Brandon Sproat UTIL Tyler Mahle UTIL Brice Turang UTIL Cooper Pratt UTIL Grant McCray,,,
471,5200895687,Heaven2010 (8/18),0,53.6,CPT Rafael Devers UTIL Brandon Sproat UTIL Tyler Mahle UTIL Christian Yelich UTIL Cooper Pratt UTIL Grant McCray,,,
471,5200895720,Heaven2010 (9/18),0,53.6,CPT Rafael Devers UTIL Brandon Sproat UTIL Tyler Mahle UTIL Brice Turang UTIL Cooper Pratt UTIL Grant McCray,,,
471,5200895758,Heaven2010 (10/18),0,53.6,CPT Rafael Devers UTIL Brandon Sproat UTIL Tyler Mahle UTIL Christian Yelich UTIL Cooper Pratt UTIL Grant McCray,,,
471,5200947735,tpyo (11/20),0,53.6,CPT Christian Yelich UTIL Brandon Sproat UTIL Tyler Mahle UTIL Rafael Devers UTIL Drew Gilbert UTIL Grant McCray,,,
482,5200968625,jas0309,0,53.15,CPT Brandon Sproat UTIL Jackson Chourio UTIL Casey Schmitt UTIL Luis Arraez UTIL Drew Gilbert UTIL Grant McCray,,,
483,5200398816,Fuzz988 (7/20),0,53.1,CPT Jesus Rodriguez UTIL Brandon Sproat UTIL Tyler Mahle UTIL Heliot Ramos UTIL William Contreras UTIL Andrew Vaughn,,,
483,5200917655,fantasyheaven (15/20),0,53.1,CPT Andrew Vaughn UTIL Brandon Sproat UTIL Tyler Mahle UTIL Casey Schmitt UTIL Willy Adames UTIL Drew Gilbert,,,
483,5200948439,Ezilodi (5/20),0,53.1,CPT Willy Adames UTIL Brandon Sproat UTIL Tyler Mahle UTIL Christian Yelich UTIL Jesus Rodriguez UTIL Drew Gilbert,,,
483,5200957676,rick052954 (8/10),0,53.1,CPT Andrew Vaughn UTIL Brandon Sproat UTIL Tyler Mahle UTIL Luis Arraez UTIL Garrett Mitchell UTIL Drew Gilbert,,,
483,5200981361,Sgt-Dan,0,53.1,CPT Casey Schmitt UTIL Brandon Sproat UTIL Tyler Mahle UTIL William Contreras UTIL Joey Ortiz UTIL Grant McCray,,,
488,5200897734,teran36,0,53,CPT Jackson Chourio UTIL Tyler Mahle UTIL Christian Yelich UTIL Luis Arraez UTIL Cooper Pratt UTIL Grant McCray,,,
489,5200398828,Fuzz988 (19/20),0,52.85,CPT Tyler Mahle UTIL Brandon Sproat UTIL William Contreras UTIL Andrew Vaughn UTIL Cooper Pratt UTIL Drew Gilbert,,,
489,5200522225,TinyGiant99 (2/5),0,52.85,CPT Tyler Mahle UTIL Brandon Sproat UTIL William Contreras UTIL Andrew Vaughn UTIL Cooper Pratt UTIL Drew Gilbert,,,
489,5200586689,LOCNOTM (7/20),0,52.85,CPT Tyler Mahle UTIL Brandon Sproat UTIL William Contreras UTIL Andrew Vaughn UTIL Cooper Pratt UTIL Drew Gilbert,,,
489,5200949007,JJSaenz (18/20),0,52.85,CPT Tyler Mahle UTIL Brandon Sproat UTIL Heliot Ramos UTIL Cooper Pratt UTIL Joey Ortiz UTIL Drew Gilbert,,,
489,5200949008,JJSaenz (19/20),0,52.85,CPT Tyler Mahle UTIL Brandon Sproat UTIL William Contreras UTIL Andrew Vaughn UTIL Cooper Pratt UTIL Drew Gilbert,,,
489,5200962145,tangocash519 (1/2),0,52.85,CPT Tyler Mahle UTIL Brandon Sproat UTIL William Contreras UTIL Andrew Vaughn UTIL Cooper Pratt UTIL Drew Gilbert,,,
495,5200194284,Tburke34 (1/2),0,52.75,CPT Tyler Mahle UTIL Casey Schmitt UTIL Luis Arraez UTIL Garrett Mitchell UTIL Cooper Pratt UTIL Jesus Rodriguez,,,
495,5200406421,Grit7880 (1/3),0,52.75,CPT Tyler Mahle UTIL Casey Schmitt UTIL Luis Arraez UTIL Rafael Devers UTIL Jesus Rodriguez UTIL Joey Ortiz,,,
495,5200486414,FoxyGrandpa252 (6/8),0,52.75,CPT Tyler Mahle UTIL Luis Arraez UTIL Rafael Devers UTIL Garrett Mitchell UTIL Willy Adames UTIL Drew Gilbert,,,
495,5200491666,jsamtoy (19/20),0,52.75,CPT Tyler Mahle UTIL Brice Turang UTIL Luis Arraez UTIL Rafael Devers UTIL Jesus Rodriguez UTIL Drew Gilbert,,,
495,5200720634,mrclean913 (5/20),0,52.75,CPT Tyler Mahle UTIL Luis Arraez UTIL Heliot Ramos UTIL Rafael Devers UTIL Cooper Pratt UTIL Drew Gilbert,,,
495,5200754059,colbyhornet (4/20),0,52.75,CPT Tyler Mahle UTIL Christian Yelich UTIL Luis Arraez UTIL Rafael Devers UTIL Jesus Rodriguez UTIL Drew Gilbert,,,
495,5200835831,sbolomo (1/20),0,52.75,CPT Tyler Mahle UTIL Brice Turang UTIL Luis Arraez UTIL Rafael Devers UTIL Jesus Rodriguez UTIL Drew Gilbert,,,
495,5200835836,sbolomo (6/20),0,52.75,CPT Tyler Mahle UTIL Luis Arraez UTIL Heliot Ramos UTIL Rafael Devers UTIL Cooper Pratt UTIL Drew Gilbert,,,
495,5200933357,Edgitt116 (9/12),0,52.75,CPT Tyler Mahle UTIL Casey Schmitt UTIL Luis Arraez UTIL Rafael Devers UTIL Jesus Rodriguez UTIL Joey Ortiz,,,
495,5200988383,Ronboi28 (2/2),0,52.75,CPT Tyler Mahle UTIL Brice Turang UTIL Christian Yelich UTIL Casey Schmitt UTIL Drew Gilbert UTIL Grant McCray,,,
505,5200258804,ivymoose (7/20),0,52.65,CPT Brandon Sproat UTIL Tyler Mahle UTIL Willy Adames UTIL Andrew Vaughn UTIL Cooper Pratt UTIL Joey Ortiz,,,
505,5200536114,Skipper55 (5/20),0,52.65,CPT Brandon Sproat UTIL Tyler Mahle UTIL Willy Adames UTIL Andrew Vaughn UTIL Cooper Pratt UTIL Joey Ortiz,,,
505,5200599084,bettering1 (1/2),0,52.65,CPT Brandon Sproat UTIL Tyler Mahle UTIL Rafael Devers UTIL Andrew Vaughn UTIL Jesus Rodriguez UTIL Joey Ortiz,,,
505,5200619072,Captgrif (1/5),0,52.65,CPT Brandon Sproat UTIL Tyler Mahle UTIL Rafael Devers UTIL Andrew Vaughn UTIL Jesus Rodriguez UTIL Joey Ortiz,,,
505,5200840592,pat_the_hat2 (1/20),0,52.65,CPT Brandon Sproat UTIL Tyler Mahle UTIL Rafael Devers UTIL Andrew Vaughn UTIL Jesus Rodriguez UTIL Joey Ortiz,,,
505,5200975547,Jayda2108,0,52.65,CPT Brandon Sproat UTIL Tyler Mahle UTIL Heliot Ramos UTIL Cooper Pratt UTIL Jesus Rodriguez UTIL Joey Ortiz,,,
511,5200959168,maalston92 (1/3),0,52.6,CPT Christian Yelich UTIL Brandon Sproat UTIL Tyler Mahle UTIL Bryce Eldridge UTIL Cooper Pratt UTIL Grant McCray,,,
512,5200516932,SpeedRacer101 (18/20),0,52.5,CPT Rafael Devers UTIL Tyler Mahle UTIL Jackson Chourio UTIL Luis Arraez UTIL William Contreras UTIL Grant McCray,,,
512,5200897429,84flipmode (19/20),0,52.5,CPT Luis Arraez UTIL Tyler Mahle UTIL Jake Bauers UTIL Bryce Eldridge UTIL Andrew Vaughn UTIL Jesus Rodriguez,,,
512,5200907340,barney_g (4/5),0,52.5,CPT Luis Arraez UTIL Tyler Mahle UTIL Casey Schmitt UTIL Bryce Eldridge UTIL Andrew Vaughn UTIL Jesus Rodriguez,,,
515,5200440530,foutah (6/6),0,52.1,CPT Willy Adames UTIL Brandon Sproat UTIL Tyler Mahle UTIL Bryce Eldridge UTIL Andrew Vaughn UTIL Cooper Pratt,,,
516,5200387000,pwsk77,0,51.85,CPT Tyler Mahle UTIL Brandon Sproat UTIL Rafael Devers UTIL Andrew Vaughn UTIL Cooper Pratt UTIL Joey Ortiz,,,
516,5200579060,vstar1300 (3/7),0,51.85,CPT Tyler Mahle UTIL Brandon Sproat UTIL Rafael Devers UTIL Andrew Vaughn UTIL Cooper Pratt UTIL Joey Ortiz,,,
516,5200840601,pat_the_hat2 (10/20),0,51.85,CPT Tyler Mahle UTIL Brandon Sproat UTIL Bryce Eldridge UTIL Andrew Vaughn UTIL Cooper Pratt UTIL Joey Ortiz,,,
516,5200929451,KingTerryPegula (14/20),0,51.85,CPT Tyler Mahle UTIL Brandon Sproat UTIL Rafael Devers UTIL Andrew Vaughn UTIL Cooper Pratt UTIL Joey Ortiz,,,
516,5200948996,JJSaenz (7/20),0,51.85,CPT Tyler Mahle UTIL Brandon Sproat UTIL Garrett Mitchell UTIL Cooper Pratt UTIL Jesus Rodriguez UTIL Joey Ortiz,,,
521,5200299380,mjrjohnson,0,51.75,CPT Tyler Mahle UTIL Jackson Chourio UTIL Rafael Devers UTIL Willy Adames UTIL Cooper Pratt UTIL Jesus Rodriguez,,,
521,5200398822,Fuzz988 (13/20),0,51.75,CPT Tyler Mahle UTIL Jake Bauers UTIL Rafael Devers UTIL Willy Adames UTIL Bryce Eldridge UTIL Jesus Rodriguez,,,
521,5200538465,mjrlaw23 (2/20),0,51.75,CPT Tyler Mahle UTIL Jake Bauers UTIL Rafael Devers UTIL Willy Adames UTIL Bryce Eldridge UTIL Jesus Rodriguez,,,
521,5200552340,Aoteoroa (3/6),0,51.75,CPT Tyler Mahle UTIL Casey Schmitt UTIL Rafael Devers UTIL Willy Adames UTIL Cooper Pratt UTIL Jesus Rodriguez,,,
521,5200552915,Aoteoroa (4/6),0,51.75,CPT Tyler Mahle UTIL Casey Schmitt UTIL Rafael Devers UTIL Willy Adames UTIL Cooper Pratt UTIL Jesus Rodriguez,,,
521,5200586431,twfreng,0,51.75,CPT Tyler Mahle UTIL Heliot Ramos UTIL Garrett Mitchell UTIL Willy Adames UTIL Bryce Eldridge UTIL Jesus Rodriguez,,,
521,5200965576,rams779 (5/7),0,51.75,CPT Tyler Mahle UTIL Luis Arraez UTIL Rafael Devers UTIL Bryce Eldridge UTIL Andrew Vaughn UTIL Cooper Pratt,,,
528,5200887363,joeydileo,0,51.6,CPT Christian Yelich UTIL Brandon Sproat UTIL Tyler Mahle UTIL William Contreras UTIL Drew Gilbert UTIL Grant McCray,,,
528,5200947737,tpyo (13/20),0,51.6,CPT Rafael Devers UTIL Brandon Sproat UTIL Tyler Mahle UTIL Willy Adames UTIL Cooper Pratt UTIL Jesus Rodriguez,,,
530,5200951594,rams779 (2/7),0,51.5,CPT Luis Arraez UTIL Tyler Mahle UTIL Rafael Devers UTIL Willy Adames UTIL Bryce Eldridge UTIL Andrew Vaughn,,,
531,5200592464,WallyGB (1/14),0,51.1,CPT Willy Adames UTIL Brandon Sproat UTIL Tyler Mahle UTIL Casey Schmitt UTIL Cooper Pratt UTIL Drew Gilbert,,,
531,5200593583,WallyGB (2/14),0,51.1,CPT Willy Adames UTIL Brandon Sproat UTIL Tyler Mahle UTIL Casey Schmitt UTIL Cooper Pratt UTIL Drew Gilbert,,,
533,5200888922,84flipmode (5/20),0,51,CPT Casey Schmitt UTIL Tyler Mahle UTIL Jackson Chourio UTIL Heliot Ramos UTIL Cooper Pratt UTIL Grant McCray,,,
533,5200948437,Ezilodi (3/20),0,51,CPT Casey Schmitt UTIL Tyler Mahle UTIL Jake Bauers UTIL Heliot Ramos UTIL Bryce Eldridge UTIL Grant McCray,,,
535,5200426995,Orangechocolate70 (3/12),0,50.85,CPT Tyler Mahle UTIL Brandon Sproat UTIL Casey Schmitt UTIL Cooper Pratt UTIL Joey Ortiz UTIL Drew Gilbert,,,
535,5200840607,pat_the_hat2 (16/20),0,50.85,CPT Tyler Mahle UTIL Brandon Sproat UTIL Jake Bauers UTIL Andrew Vaughn UTIL Joey Ortiz UTIL Aaron Ashby,,,
537,5200359222,MoneyRamirez (7/20),0,50.75,CPT Tyler Mahle UTIL Casey Schmitt UTIL Rafael Devers UTIL Willy Adames UTIL Andrew Vaughn UTIL Drew Gilbert,,,
537,5200717721,JaserD (7/20),0,50.75,CPT Tyler Mahle UTIL Casey Schmitt UTIL Luis Arraez UTIL Rafael Devers UTIL Cooper Pratt UTIL Drew Gilbert,,,
537,5200835839,sbolomo (9/20),0,50.75,CPT Tyler Mahle UTIL Casey Schmitt UTIL Luis Arraez UTIL Rafael Devers UTIL Cooper Pratt UTIL Drew Gilbert,,,
537,5200867028,cwthrow24 (4/20),0,50.75,CPT Tyler Mahle UTIL Brice Turang UTIL Casey Schmitt UTIL Willy Adames UTIL Jesus Rodriguez UTIL Drew Gilbert,,,
537,5200916303,fantasyheaven (6/20),0,50.75,CPT Tyler Mahle UTIL Casey Schmitt UTIL Rafael Devers UTIL Willy Adames UTIL Andrew Vaughn UTIL Drew Gilbert,,,
537,5200945795,bleeski,0,50.75,CPT Tyler Mahle UTIL Casey Schmitt UTIL Luis Arraez UTIL Rafael Devers UTIL Cooper Pratt UTIL Drew Gilbert,,,
537,5200956866,coolsouthernbrees (5/18),0,50.75,CPT Tyler Mahle UTIL Casey Schmitt UTIL Luis Arraez UTIL Rafael Devers UTIL Cooper Pratt UTIL Drew Gilbert,,,
537,5200959501,tilig2016 (2/2),0,50.75,CPT Tyler Mahle UTIL Christian Yelich UTIL William Contreras UTIL Rafael Devers UTIL Bryce Eldridge UTIL Grant McCray,,,
545,5200161037,charleso83 (2/2),0,50.65,CPT Brandon Sproat UTIL Tyler Mahle UTIL Rafael Devers UTIL Andrew Vaughn UTIL Cooper Pratt UTIL Drew Gilbert,,,
545,5200258800,ivymoose (3/20),0,50.65,CPT Brandon Sproat UTIL Tyler Mahle UTIL William Contreras UTIL Andrew Vaughn UTIL Jesus Rodriguez UTIL Joey Ortiz,,,
545,5200327727,gbadertscher (5/7),0,50.65,CPT Brandon Sproat UTIL Tyler Mahle UTIL Rafael Devers UTIL Andrew Vaughn UTIL Cooper Pratt UTIL Drew Gilbert,,,
545,5200343866,kreller17 (18/20),0,50.65,CPT Brandon Sproat UTIL Tyler Mahle UTIL William Contreras UTIL Andrew Vaughn UTIL Jesus Rodriguez UTIL Joey Ortiz,,,
545,5200372319,apforadori (1/3),0,50.65,CPT Brandon Sproat UTIL Tyler Mahle UTIL Rafael Devers UTIL Andrew Vaughn UTIL Cooper Pratt UTIL Drew Gilbert,,,
545,5200399805,srushing29,0,50.65,CPT Brandon Sproat UTIL Tyler Mahle UTIL Bryce Eldridge UTIL Andrew Vaughn UTIL Cooper Pratt UTIL Drew Gilbert,,,
545,5200419339,KGould86 (4/20),0,50.65,CPT Brandon Sproat UTIL Tyler Mahle UTIL Jake Bauers UTIL Cooper Pratt UTIL Jesus Rodriguez UTIL Joey Ortiz,,,
545,5200485685,wcs1109 (18/20),0,50.65,CPT Brandon Sproat UTIL Tyler Mahle UTIL Rafael Devers UTIL Andrew Vaughn UTIL Cooper Pratt UTIL Drew Gilbert,,,
545,5200586691,LOCNOTM (9/20),0,50.65,CPT Brandon Sproat UTIL Tyler Mahle UTIL Rafael Devers UTIL Andrew Vaughn UTIL Cooper Pratt UTIL Drew Gilbert,,,
545,5200626452,gwatts77 (7/20),0,50.65,CPT Brandon Sproat UTIL Tyler Mahle UTIL Jake Bauers UTIL Cooper Pratt UTIL Jesus Rodriguez UTIL Joey Ortiz,,,
545,5200632419,RYates32,0,50.65,CPT Brandon Sproat UTIL Tyler Mahle UTIL William Contreras UTIL Andrew Vaughn UTIL Jesus Rodriguez UTIL Joey Ortiz,,,
545,5200717723,JaserD (9/20),0,50.65,CPT Brandon Sproat UTIL Tyler Mahle UTIL Jake Bauers UTIL Cooper Pratt UTIL Jesus Rodriguez UTIL Joey Ortiz,,,
545,5200745626,shanemoore27 (9/20),0,50.65,CPT Brandon Sproat UTIL Tyler Mahle UTIL Jake Bauers UTIL Cooper Pratt UTIL Jesus Rodriguez UTIL Joey Ortiz,,,
545,5200871085,LALA420,0,50.65,CPT Brandon Sproat UTIL Tyler Mahle UTIL Jake Bauers UTIL Cooper Pratt UTIL Jesus Rodriguez UTIL Joey Ortiz,,,
545,5200882381,criticalmass048 (1/5),0,50.65,CPT Brandon Sproat UTIL Tyler Mahle UTIL Rafael Devers UTIL Andrew Vaughn UTIL Cooper Pratt UTIL Drew Gilbert,,,
545,5200898013,brainwelling,0,50.65,CPT Brandon Sproat UTIL Tyler Mahle UTIL Rafael Devers UTIL Andrew Vaughn UTIL Cooper Pratt UTIL Drew Gilbert,,,
545,5200925576,terminator31 (16/20),0,50.65,CPT Brandon Sproat UTIL Tyler Mahle UTIL Rafael Devers UTIL Andrew Vaughn UTIL Cooper Pratt UTIL Drew Gilbert,,,
545,5200948992,JJSaenz (3/20),0,50.65,CPT Brandon Sproat UTIL Tyler Mahle UTIL Rafael Devers UTIL Andrew Vaughn UTIL Cooper Pratt UTIL Drew Gilbert,,,
545,5200969226,jeffmorris007 (14/20),0,50.65,CPT Brandon Sproat UTIL Tyler Mahle UTIL William Contreras UTIL Andrew Vaughn UTIL Jesus Rodriguez UTIL Joey Ortiz,,,
545,5200971899,Mige1 (8/20),0,50.65,CPT Brandon Sproat UTIL Tyler Mahle UTIL Jake Bauers UTIL Cooper Pratt UTIL Jesus Rodriguez UTIL Joey Ortiz,,,
565,5200475600,jhbecerra (11/20),0,50.6,CPT William Contreras UTIL Brandon Sproat UTIL Tyler Mahle UTIL Christian Yelich UTIL Cooper Pratt UTIL Grant McCray,,,
565,5200887477,Heaven2010 (3/18),0,50.6,CPT Christian Yelich UTIL Brandon Sproat UTIL Tyler Mahle UTIL Rafael Devers UTIL Joey Ortiz UTIL Grant McCray,,,
565,5200892138,jesusreyes2955 (1/2),0,50.6,CPT Rafael Devers UTIL Brandon Sproat UTIL Tyler Mahle UTIL Heliot Ramos UTIL Jesus Rodriguez UTIL Drew Gilbert,,,
565,5200950978,Heaven2010 (14/18),0,50.6,CPT Christian Yelich UTIL Brandon Sproat UTIL Tyler Mahle UTIL Rafael Devers UTIL Joey Ortiz UTIL Grant McCray,,,
569,5200944146,ThaWaveeGod20,0,50.15,CPT Brandon Sproat UTIL Jackson Chourio UTIL Luis Arraez UTIL Jake Bauers UTIL Joey Ortiz UTIL Grant McCray,,,
570,5200948442,Ezilodi (8/20),0,50.1,CPT Heliot Ramos UTIL Brandon Sproat UTIL Tyler Mahle UTIL Bryce Eldridge UTIL Andrew Vaughn UTIL Drew Gilbert,,,
571,5200491654,jsamtoy (7/20),0,50,CPT Casey Schmitt UTIL Tyler Mahle UTIL Christian Yelich UTIL Rafael Devers UTIL Willy Adames UTIL Grant McCray,,,
571,5200501776,briguy13 (4/20),0,50,CPT Heliot Ramos UTIL Tyler Mahle UTIL Brice Turang UTIL Luis Arraez UTIL Andrew Vaughn UTIL Jesus Rodriguez,,,
571,5200745635,shanemoore27 (18/20),0,50,CPT Willy Adames UTIL Tyler Mahle UTIL Christian Yelich UTIL Luis Arraez UTIL Rafael Devers UTIL Jesus Rodriguez,,,
571,5200969224,jeffmorris007 (12/20),0,50,CPT Heliot Ramos UTIL Tyler Mahle UTIL Luis Arraez UTIL Jake Bauers UTIL Bryce Eldridge UTIL Jesus Rodriguez,,,
571,5200986499,wwc951 (5/7),0,50,CPT Willy Adames UTIL Tyler Mahle UTIL Luis Arraez UTIL Rafael Devers UTIL Bryce Eldridge UTIL Andrew Vaughn,,,
576,5200638743,bellsofwar3 (8/20),0,49.9,CPT Brandon Sproat UTIL Tyler Mahle UTIL William Contreras UTIL Andrew Vaughn UTIL Cooper Pratt UTIL Sam Hentges,,,
576,5200754065,colbyhornet (10/20),0,49.9,CPT Brandon Sproat UTIL Tyler Mahle UTIL William Contreras UTIL Andrew Vaughn UTIL Cooper Pratt UTIL Sam Hentges,,,
578,5200486416,FoxyGrandpa252 (8/8),0,49.85,CPT Tyler Mahle UTIL Brandon Sproat UTIL Rafael Devers UTIL Bryce Eldridge UTIL Drew Gilbert UTIL Aaron Ashby,,,
578,5200867037,cwthrow24 (13/20),0,49.85,CPT Tyler Mahle UTIL Brandon Sproat UTIL Garrett Mitchell UTIL Andrew Vaughn UTIL Cooper Pratt UTIL Joey Ortiz,,,
580,5200653424,fullerf54 (10/20),0,49.75,CPT Tyler Mahle UTIL Casey Schmitt UTIL Luis Arraez UTIL Jake Bauers UTIL Joey Ortiz UTIL Drew Gilbert,,,
580,5200960621,CaliBurritoLp,0,49.75,CPT Tyler Mahle UTIL Casey Schmitt UTIL Rafael Devers UTIL Willy Adames UTIL Andrew Vaughn UTIL Cooper Pratt,,,
582,5199997492,Schoey17 (9/9),0,49.65,CPT Brandon Sproat UTIL Tyler Mahle UTIL Jake Bauers UTIL Andrew Vaughn UTIL Joey Ortiz UTIL Drew Gilbert,,,
582,5200359230,MoneyRamirez (15/20),0,49.65,CPT Brandon Sproat UTIL Tyler Mahle UTIL Jake Bauers UTIL Andrew Vaughn UTIL Joey Ortiz UTIL Drew Gilbert,,,
582,5200626450,gwatts77 (5/20),0,49.65,CPT Brandon Sproat UTIL Tyler Mahle UTIL Jake Bauers UTIL Andrew Vaughn UTIL Joey Ortiz UTIL Drew Gilbert,,,
582,5200776439,Lowgear51,0,49.65,CPT Brandon Sproat UTIL Tyler Mahle UTIL Jake Bauers UTIL Andrew Vaughn UTIL Joey Ortiz UTIL Drew Gilbert,,,
582,5200857590,KelvinDubs (20/20),0,49.65,CPT Brandon Sproat UTIL Tyler Mahle UTIL Jake Bauers UTIL Andrew Vaughn UTIL Joey Ortiz UTIL Drew Gilbert,,,
582,5200867032,cwthrow24 (8/20),0,49.65,CPT Brandon Sproat UTIL Tyler Mahle UTIL Jake Bauers UTIL Andrew Vaughn UTIL Joey Ortiz UTIL Drew Gilbert,,,
582,5200949003,JJSaenz (14/20),0,49.65,CPT Brandon Sproat UTIL Tyler Mahle UTIL Jake Bauers UTIL Andrew Vaughn UTIL Joey Ortiz UTIL Drew Gilbert,,,
582,5200963788,Captgrif (4/5),0,49.65,CPT Brandon Sproat UTIL Tyler Mahle UTIL Rafael Devers UTIL Cooper Pratt UTIL Jesus Rodriguez UTIL Joey Ortiz,,,
590,5200947740,tpyo (16/20),0,49.6,CPT Bryce Eldridge UTIL Brandon Sproat UTIL Tyler Mahle UTIL Rafael Devers UTIL Andrew Vaughn UTIL Jesus Rodriguez,,,
590,5200982813,Alancey (3/5),0,49.6,CPT Rafael Devers UTIL Brandon Sproat UTIL Tyler Mahle UTIL Bryce Eldridge UTIL Andrew Vaughn UTIL Jesus Rodriguez,,,
592,5200476870,wcs1109 (4/20),0,49.5,CPT Luis Arraez UTIL Tyler Mahle UTIL Heliot Ramos UTIL William Contreras UTIL Bryce Eldridge UTIL Jesus Rodriguez,,,
592,5200516923,SpeedRacer101 (9/20),0,49.5,CPT Luis Arraez UTIL Tyler Mahle UTIL Heliot Ramos UTIL William Contreras UTIL Bryce Eldridge UTIL Jesus Rodriguez,,,
594,5200506605,Thirtywater,0,49.15,CPT Brandon Sproat UTIL Brice Turang UTIL Luis Arraez UTIL Jake Bauers UTIL Cooper Pratt UTIL Grant McCray,,,
594,5200857589,KelvinDubs (19/20),0,49.15,CPT Brandon Sproat UTIL Brice Turang UTIL Luis Arraez UTIL Jake Bauers UTIL Cooper Pratt UTIL Grant McCray,,,
596,5200948449,Ezilodi (15/20),0,49.1,CPT Drew Gilbert UTIL Brandon Sproat UTIL Tyler Mahle UTIL Brice Turang UTIL Heliot Ramos UTIL Jesus Rodriguez,,,
597,5200501775,briguy13 (3/20),0,49,CPT Willy Adames UTIL Tyler Mahle UTIL Jackson Chourio UTIL Luis Arraez UTIL Bryce Eldridge UTIL Drew Gilbert,,,
597,5200501783,briguy13 (11/20),0,49,CPT Jesus Rodriguez UTIL Tyler Mahle UTIL Casey Schmitt UTIL Luis Arraez UTIL Heliot Ramos UTIL Garrett Mitchell,,,
597,5200606037,WallyGB (11/14),0,49,CPT Willy Adames UTIL Tyler Mahle UTIL Casey Schmitt UTIL Luis Arraez UTIL Heliot Ramos UTIL Joey Ortiz,,,
597,5200606072,WallyGB (12/14),0,49,CPT Willy Adames UTIL Tyler Mahle UTIL Casey Schmitt UTIL Luis Arraez UTIL Heliot Ramos UTIL Joey Ortiz,,,
597,5200871870,trappwimm80 (18/20),0,49,CPT Jesus Rodriguez UTIL Tyler Mahle UTIL Casey Schmitt UTIL Luis Arraez UTIL Jake Bauers UTIL Rafael Devers,,,
597,5200948452,Ezilodi (18/20),0,49,CPT Casey Schmitt UTIL Tyler Mahle UTIL Luis Arraez UTIL Willy Adames UTIL Andrew Vaughn UTIL Cooper Pratt,,,
603,5200754073,colbyhornet (18/20),0,48.85,CPT Tyler Mahle UTIL Brandon Sproat UTIL Jackson Chourio UTIL Joey Ortiz UTIL Drew Gilbert UTIL Aaron Ashby,,,
604,5200262008,Sammy.Boy (4/20),0,48.75,CPT Tyler Mahle UTIL Casey Schmitt UTIL Heliot Ramos UTIL Rafael Devers UTIL Andrew Vaughn UTIL Drew Gilbert,,,
604,5200262013,Sammy.Boy (9/20),0,48.75,CPT Tyler Mahle UTIL Jackson Chourio UTIL Casey Schmitt UTIL Bryce Eldridge UTIL Jesus Rodriguez UTIL Drew Gilbert,,,
604,5200296893,Hinkle76 (6/10),0,48.75,CPT Tyler Mahle UTIL Heliot Ramos UTIL Rafael Devers UTIL Willy Adames UTIL Bryce Eldridge UTIL Cooper Pratt,,,
604,5200343855,kreller17 (7/20),0,48.75,CPT Tyler Mahle UTIL Casey Schmitt UTIL Heliot Ramos UTIL Rafael Devers UTIL Andrew Vaughn UTIL Drew Gilbert,,,
604,5200414480,az350z (20/20),0,48.75,CPT Tyler Mahle UTIL Jackson Chourio UTIL Garrett Mitchell UTIL Willy Adames UTIL Andrew Vaughn UTIL Drew Gilbert,,,
604,5200477590,wcs1109 (9/20),0,48.75,CPT Tyler Mahle UTIL Casey Schmitt UTIL Heliot Ramos UTIL Rafael Devers UTIL Andrew Vaughn UTIL Drew Gilbert,,,
604,5200638750,bellsofwar3 (15/20),0,48.75,CPT Tyler Mahle UTIL Brice Turang UTIL Luis Arraez UTIL Heliot Ramos UTIL Joey Ortiz UTIL Drew Gilbert,,,
604,5200857580,KelvinDubs (10/20),0,48.75,CPT Tyler Mahle UTIL Casey Schmitt UTIL Heliot Ramos UTIL Rafael Devers UTIL Andrew Vaughn UTIL Drew Gilbert,,,
604,5200857585,KelvinDubs (15/20),0,48.75,CPT Tyler Mahle UTIL Jackson Chourio UTIL Jake Bauers UTIL Bryce Eldridge UTIL Jesus Rodriguez UTIL Drew Gilbert,,,
604,5200867036,cwthrow24 (12/20),0,48.75,CPT Tyler Mahle UTIL Jackson Chourio UTIL Casey Schmitt UTIL Bryce Eldridge UTIL Jesus Rodriguez UTIL Drew Gilbert,,,
604,5200929439,KingTerryPegula (2/20),0,48.75,CPT Tyler Mahle UTIL Casey Schmitt UTIL Heliot Ramos UTIL Rafael Devers UTIL Andrew Vaughn UTIL Drew Gilbert,,,
604,5200934076,UniversalFriend (4/20),0,48.75,CPT Tyler Mahle UTIL Casey Schmitt UTIL Heliot Ramos UTIL Rafael Devers UTIL Andrew Vaughn UTIL Drew Gilbert,,,
604,5200969217,jeffmorris007 (5/20),0,48.75,CPT Tyler Mahle UTIL Jackson Chourio UTIL Casey Schmitt UTIL Bryce Eldridge UTIL Jesus Rodriguez UTIL Drew Gilbert,,,
617,5199997491,Schoey17 (8/9),0,48.65,CPT Brandon Sproat UTIL Tyler Mahle UTIL Garrett Mitchell UTIL Andrew Vaughn UTIL Cooper Pratt UTIL Drew Gilbert,,,
617,5200291456,okelly36 (1/2),0,48.65,CPT Brandon Sproat UTIL Tyler Mahle UTIL William Contreras UTIL Andrew Vaughn UTIL Cooper Pratt UTIL Drew Gilbert,,,
617,5200330955,tbjones2121 (1/20),0,48.65,CPT Brandon Sproat UTIL Tyler Mahle UTIL William Contreras UTIL Andrew Vaughn UTIL Cooper Pratt UTIL Drew Gilbert,,,
617,5200360040,Foleyface,0,48.65,CPT Brandon Sproat UTIL Tyler Mahle UTIL William Contreras UTIL Andrew Vaughn UTIL Cooper Pratt UTIL Drew Gilbert,,,
617,5200420124,meodette (2/5),0,48.65,CPT Brandon Sproat UTIL Tyler Mahle UTIL Garrett Mitchell UTIL Andrew Vaughn UTIL Cooper Pratt UTIL Drew Gilbert,,,
617,5200445725,73pd2x (5/20),0,48.65,CPT Brandon Sproat UTIL Tyler Mahle UTIL Garrett Mitchell UTIL Andrew Vaughn UTIL Cooper Pratt UTIL Drew Gilbert,,,
617,5200485106,wcs1109 (15/20),0,48.65,CPT Brandon Sproat UTIL Tyler Mahle UTIL William Contreras UTIL Andrew Vaughn UTIL Cooper Pratt UTIL Drew Gilbert,,,
617,5200522228,TinyGiant99 (5/5),0,48.65,CPT Brandon Sproat UTIL Tyler Mahle UTIL William Contreras UTIL Andrew Vaughn UTIL Cooper Pratt UTIL Drew Gilbert,,,
617,5200586701,LOCNOTM (19/20),0,48.65,CPT Brandon Sproat UTIL Tyler Mahle UTIL Garrett Mitchell UTIL Andrew Vaughn UTIL Cooper Pratt UTIL Drew Gilbert,,,
617,5200733630,bennybenny420,0,48.65,CPT Brandon Sproat UTIL Tyler Mahle UTIL Garrett Mitchell UTIL Andrew Vaughn UTIL Cooper Pratt UTIL Drew Gilbert,,,
617,5200745633,shanemoore27 (16/20),0,48.65,CPT Brandon Sproat UTIL Tyler Mahle UTIL William Contreras UTIL Andrew Vaughn UTIL Cooper Pratt UTIL Drew Gilbert,,,
617,5200754060,colbyhornet (5/20),0,48.65,CPT Brandon Sproat UTIL Tyler Mahle UTIL William Contreras UTIL Andrew Vaughn UTIL Cooper Pratt UTIL Drew Gilbert,,,
617,5200867025,cwthrow24 (1/20),0,48.65,CPT Brandon Sproat UTIL Tyler Mahle UTIL William Contreras UTIL Andrew Vaughn UTIL Cooper Pratt UTIL Drew Gilbert,,,
617,5200882385,criticalmass048 (5/5),0,48.65,CPT Brandon Sproat UTIL Tyler Mahle UTIL William Contreras UTIL Andrew Vaughn UTIL Cooper Pratt UTIL Drew Gilbert,,,
617,5200925574,terminator31 (14/20),0,48.65,CPT Brandon Sproat UTIL Tyler Mahle UTIL Garrett Mitchell UTIL Andrew Vaughn UTIL Cooper Pratt UTIL Drew Gilbert,,,
617,5200930973,L053R666,0,48.65,CPT Brandon Sproat UTIL Tyler Mahle UTIL William Contreras UTIL Andrew Vaughn UTIL Cooper Pratt UTIL Drew Gilbert,,,
617,5200934078,UniversalFriend (6/20),0,48.65,CPT Brandon Sproat UTIL Tyler Mahle UTIL William Contreras UTIL Andrew Vaughn UTIL Cooper Pratt UTIL Drew Gilbert,,,
617,5200949242,xXxPLOSIVE (5/5),0,48.65,CPT Brandon Sproat UTIL Tyler Mahle UTIL William Contreras UTIL Andrew Vaughn UTIL Cooper Pratt UTIL Drew Gilbert,,,
635,5200475596,jhbecerra (7/20),0,48.6,CPT Christian Yelich UTIL Brandon Sproat UTIL Tyler Mahle UTIL William Contreras UTIL Joey Ortiz UTIL Grant McCray,,,
635,5200742516,LJC74,0,48.6,CPT Christian Yelich UTIL Brandon Sproat UTIL Tyler Mahle UTIL William Contreras UTIL Joey Ortiz UTIL Grant McCray,,,
637,5200785150,wano0916 (13/20),0,48.5,CPT Luis Arraez UTIL Tyler Mahle UTIL Jackson Chourio UTIL Rafael Devers UTIL Andrew Vaughn UTIL Drew Gilbert,,,
638,5200963131,THATBOYWILL,0,48.15,CPT Brandon Sproat UTIL Christian Yelich UTIL Heliot Ramos UTIL Rafael Devers UTIL Willy Adames UTIL Grant McCray,,,
639,5200893911,84flipmode (13/20),0,48.1,CPT Jesus Rodriguez UTIL Brandon Sproat UTIL Tyler Mahle UTIL Jake Bauers UTIL Garrett Mitchell UTIL Cooper Pratt,,,
639,5200957677,rick052954 (9/10),0,48.1,CPT Jesus Rodriguez UTIL Brandon Sproat UTIL Tyler Mahle UTIL Christian Yelich UTIL Heliot Ramos UTIL Joey Ortiz,,,
639,5200963244,Dirkdynasty (6/6),0,48.1,CPT Willy Adames UTIL Brandon Sproat UTIL Tyler Mahle UTIL Jake Bauers UTIL Cooper Pratt UTIL Joey Ortiz,,,
642,5200871868,trappwimm80 (16/20),0,48,CPT Willy Adames UTIL Tyler Mahle UTIL Casey Schmitt UTIL Luis Arraez UTIL Rafael Devers UTIL Cooper Pratt,,,
642,5200958297,Dirkdynasty (4/6),0,48,CPT Willy Adames UTIL Tyler Mahle UTIL Casey Schmitt UTIL Luis Arraez UTIL Rafael Devers UTIL Cooper Pratt,,,
644,5200388053,jimbo484848,0,47.85,CPT Tyler Mahle UTIL Brandon Sproat UTIL Christian Yelich UTIL Cooper Pratt UTIL Joey Ortiz UTIL Drew Gilbert,,,
644,5200586700,LOCNOTM (18/20),0,47.85,CPT Tyler Mahle UTIL Brandon Sproat UTIL William Contreras UTIL Cooper Pratt UTIL Joey Ortiz UTIL Drew Gilbert,,,
644,5200588232,elpedro02007 (2/2),0,47.85,CPT Tyler Mahle UTIL Brandon Sproat UTIL Garrett Mitchell UTIL Bryce Eldridge UTIL Joey Ortiz UTIL Drew Gilbert,,,
644,5200922001,couragej1,0,47.85,CPT Tyler Mahle UTIL Brandon Sproat UTIL Garrett Mitchell UTIL Bryce Eldridge UTIL Joey Ortiz UTIL Drew Gilbert,,,
644,5200933369,psully123 (3/4),0,47.85,CPT Tyler Mahle UTIL Brandon Sproat UTIL Christian Yelich UTIL Cooper Pratt UTIL Joey Ortiz UTIL Drew Gilbert,,,
649,5200258805,ivymoose (8/20),0,47.75,CPT Tyler Mahle UTIL Casey Schmitt UTIL Rafael Devers UTIL Willy Adames UTIL Cooper Pratt UTIL Drew Gilbert,,,
649,5200262021,Sammy.Boy (17/20),0,47.75,CPT Tyler Mahle UTIL Luis Arraez UTIL Rafael Devers UTIL Garrett Mitchell UTIL Bryce Eldridge UTIL Drew Gilbert,,,
649,5200418876,whoisjohngalt420 (2/20),0,47.75,CPT Tyler Mahle UTIL Luis Arraez UTIL Rafael Devers UTIL Garrett Mitchell UTIL Bryce Eldridge UTIL Drew Gilbert,,,
649,5200472715,rsumrall (3/20),0,47.75,CPT Tyler Mahle UTIL Heliot Ramos UTIL William Contreras UTIL Rafael Devers UTIL Willy Adames UTIL Drew Gilbert,,,
649,5200650255,fullerf54 (4/20),0,47.75,CPT Tyler Mahle UTIL Casey Schmitt UTIL Luis Arraez UTIL Rafael Devers UTIL Cooper Pratt UTIL Joey Ortiz,,,
649,5200697157,kbrisacher (13/20),0,47.75,CPT Tyler Mahle UTIL Luis Arraez UTIL Rafael Devers UTIL Garrett Mitchell UTIL Bryce Eldridge UTIL Drew Gilbert,,,
649,5200811505,grantgoupil (6/20),0,47.75,CPT Tyler Mahle UTIL Jake Bauers UTIL Rafael Devers UTIL Willy Adames UTIL Bryce Eldridge UTIL Drew Gilbert,,,
649,5200835838,sbolomo (8/20),0,47.75,CPT Tyler Mahle UTIL Luis Arraez UTIL Rafael Devers UTIL Garrett Mitchell UTIL Bryce Eldridge UTIL Drew Gilbert,,,
649,5200901868,1biglife (2/7),0,47.75,CPT Tyler Mahle UTIL Casey Schmitt UTIL Heliot Ramos UTIL Rafael Devers UTIL Jesus Rodriguez UTIL Joey Ortiz,,,
649,5200929443,KingTerryPegula (6/20),0,47.75,CPT Tyler Mahle UTIL Heliot Ramos UTIL William Contreras UTIL Rafael Devers UTIL Willy Adames UTIL Drew Gilbert,,,
649,5200971910,Mige1 (19/20),0,47.75,CPT Tyler Mahle UTIL Jake Bauers UTIL Rafael Devers UTIL Willy Adames UTIL Bryce Eldridge UTIL Drew Gilbert,,,
660,5200251975,rajonrondough,0,47.65,CPT Brandon Sproat UTIL Tyler Mahle UTIL Rafael Devers UTIL Andrew Vaughn UTIL Cooper Pratt UTIL Joey Ortiz,,,
660,5200258801,ivymoose (4/20),0,47.65,CPT Brandon Sproat UTIL Tyler Mahle UTIL Bryce Eldridge UTIL Andrew Vaughn UTIL Cooper Pratt UTIL Joey Ortiz,,,
660,5200316786,Albqhokie,0,47.65,CPT Brandon Sproat UTIL Tyler Mahle UTIL Rafael Devers UTIL Andrew Vaughn UTIL Cooper Pratt UTIL Joey Ortiz,,,
660,5200327726,gbadertscher (4/7),0,47.65,CPT Brandon Sproat UTIL Tyler Mahle UTIL Rafael Devers UTIL Andrew Vaughn UTIL Cooper Pratt UTIL Joey Ortiz,,,
660,5200374390,apforadori (3/3),0,47.65,CPT Brandon Sproat UTIL Tyler Mahle UTIL Rafael Devers UTIL Andrew Vaughn UTIL Cooper Pratt UTIL Joey Ortiz,,,
660,5200393925,bcarbaugh,0,47.65,CPT Brandon Sproat UTIL Tyler Mahle UTIL Rafael Devers UTIL Andrew Vaughn UTIL Cooper Pratt UTIL Joey Ortiz,,,
660,5200398825,Fuzz988 (16/20),0,47.65,CPT Brandon Sproat UTIL Tyler Mahle UTIL Rafael Devers UTIL Andrew Vaughn UTIL Cooper Pratt UTIL Joey Ortiz,,,
660,5200428027,Johnnyw21,0,47.65,CPT Brandon Sproat UTIL Tyler Mahle UTIL Rafael Devers UTIL Andrew Vaughn UTIL Cooper Pratt UTIL Joey Ortiz,,,
660,5200445723,73pd2x (3/20),0,47.65,CPT Brandon Sproat UTIL Tyler Mahle UTIL Bryce Eldridge UTIL Andrew Vaughn UTIL Cooper Pratt UTIL Joey Ortiz,,,
660,5200484984,wcs1109 (13/20),0,47.65,CPT Brandon Sproat UTIL Tyler Mahle UTIL Rafael Devers UTIL Andrew Vaughn UTIL Cooper Pratt UTIL Joey Ortiz,,,
660,5200490450,heybert711 (2/20),0,47.65,CPT Brandon Sproat UTIL Tyler Mahle UTIL Rafael Devers UTIL Andrew Vaughn UTIL Cooper Pratt UTIL Joey Ortiz,,,
660,5200524095,austin60915 (18/20),0,47.65,CPT Brandon Sproat UTIL Tyler Mahle UTIL Garrett Mitchell UTIL Cooper Pratt UTIL Jesus Rodriguez UTIL Joey Ortiz,,,
660,5200538470,mjrlaw23 (7/20),0,47.65,CPT Brandon Sproat UTIL Tyler Mahle UTIL Bryce Eldridge UTIL Andrew Vaughn UTIL Cooper Pratt UTIL Joey Ortiz,,,
660,5200586687,LOCNOTM (5/20),0,47.65,CPT Brandon Sproat UTIL Tyler Mahle UTIL Bryce Eldridge UTIL Andrew Vaughn UTIL Cooper Pratt UTIL Joey Ortiz,,,
660,5200588231,elpedro02007 (1/2),0,47.65,CPT Brandon Sproat UTIL Tyler Mahle UTIL Rafael Devers UTIL Andrew Vaughn UTIL Cooper Pratt UTIL Joey Ortiz,,,
660,5200598896,diamondd669,0,47.65,CPT Brandon Sproat UTIL Tyler Mahle UTIL Rafael Devers UTIL Andrew Vaughn UTIL Cooper Pratt UTIL Joey Ortiz,,,
660,5200626465,gwatts77 (20/20),0,47.65,CPT Brandon Sproat UTIL Tyler Mahle UTIL Rafael Devers UTIL Andrew Vaughn UTIL Cooper Pratt UTIL Joey Ortiz,,,
660,5200627075,mjj792 (2/2),0,47.65,CPT Brandon Sproat UTIL Tyler Mahle UTIL Rafael Devers UTIL Andrew Vaughn UTIL Cooper Pratt UTIL Joey Ortiz,,,
660,5200638740,bellsofwar3 (5/20),0,47.65,CPT Brandon Sproat UTIL Tyler Mahle UTIL Rafael Devers UTIL Andrew Vaughn UTIL Cooper Pratt UTIL Joey Ortiz,,,
660,5200697145,kbrisacher (1/20),0,47.65,CPT Brandon Sproat UTIL Tyler Mahle UTIL Rafael Devers UTIL Andrew Vaughn UTIL Cooper Pratt UTIL Joey Ortiz,,,
660,5200715777,jpbugeater (1/3),0,47.65,CPT Brandon Sproat UTIL Tyler Mahle UTIL Rafael Devers UTIL Andrew Vaughn UTIL Cooper Pratt UTIL Joey Ortiz,,,
660,5200715778,jpbugeater (2/3),0,47.65,CPT Brandon Sproat UTIL Tyler Mahle UTIL Rafael Devers UTIL Andrew Vaughn UTIL Cooper Pratt UTIL Joey Ortiz,,,
660,5200715779,jpbugeater (3/3),0,47.65,CPT Brandon Sproat UTIL Tyler Mahle UTIL Rafael Devers UTIL Andrew Vaughn UTIL Cooper Pratt UTIL Joey Ortiz,,,
660,5200720640,mrclean913 (11/20),0,47.65,CPT Brandon Sproat UTIL Tyler Mahle UTIL Rafael Devers UTIL Andrew Vaughn UTIL Cooper Pratt UTIL Joey Ortiz,,,
660,5200925579,terminator31 (19/20),0,47.65,CPT Brandon Sproat UTIL Tyler Mahle UTIL Bryce Eldridge UTIL Andrew Vaughn UTIL Cooper Pratt UTIL Joey Ortiz,,,
660,5200948693,javier1331 (1/2),0,47.65,CPT Brandon Sproat UTIL Tyler Mahle UTIL Bryce Eldridge UTIL Andrew Vaughn UTIL Cooper Pratt UTIL Joey Ortiz,,,
660,5200949238,xXxPLOSIVE (1/5),0,47.65,CPT Brandon Sproat UTIL Tyler Mahle UTIL Rafael Devers UTIL Andrew Vaughn UTIL Cooper Pratt UTIL Joey Ortiz,,,
660,5200949239,xXxPLOSIVE (2/5),0,47.65,CPT Brandon Sproat UTIL Tyler Mahle UTIL Bryce Eldridge UTIL Andrew Vaughn UTIL Cooper Pratt UTIL Joey Ortiz,,,
660,5200950653,louiswat (1/2),0,47.65,CPT Brandon Sproat UTIL Tyler Mahle UTIL Rafael Devers UTIL Andrew Vaughn UTIL Cooper Pratt UTIL Joey Ortiz,,,
660,5200954857,Lamine224,0,47.65,CPT Brandon Sproat UTIL Tyler Mahle UTIL Rafael Devers UTIL Andrew Vaughn UTIL Cooper Pratt UTIL Joey Ortiz,,,
660,5200966653,Csalmon (2/2),0,47.65,CPT Brandon Sproat UTIL Tyler Mahle UTIL Rafael Devers UTIL Andrew Vaughn UTIL Cooper Pratt UTIL Joey Ortiz,,,
691,5200414475,az350z (15/20),0,47.6,CPT Joey Ortiz UTIL Brandon Sproat UTIL Tyler Mahle UTIL Casey Schmitt UTIL Willy Adames UTIL Andrew Vaughn,,,
691,5200838728,ERTapia,0,47.6,CPT William Contreras UTIL Brandon Sproat UTIL Tyler Mahle UTIL Willy Adames UTIL Andrew Vaughn UTIL Drew Gilbert,,,
691,5200948500,broncossb (12/17),0,47.6,CPT Willy Adames UTIL Brandon Sproat UTIL Jackson Chourio UTIL Casey Schmitt UTIL Drew Gilbert UTIL Grant McCray,,,
691,5200962094,darryl8282,0,47.6,CPT Joey Ortiz UTIL Brandon Sproat UTIL Tyler Mahle UTIL Luis Arraez UTIL Jake Bauers UTIL Cooper Pratt,,,
691,5200981208,ehouston92,0,47.6,CPT Joey Ortiz UTIL Brandon Sproat UTIL Tyler Mahle UTIL Luis Arraez UTIL Jake Bauers UTIL Cooper Pratt,,,
696,5200626460,gwatts77 (15/20),0,47.5,CPT Rafael Devers UTIL Tyler Mahle UTIL Brice Turang UTIL Casey Schmitt UTIL Heliot Ramos UTIL Grant McCray,,,
696,5200930072,ballgame1881 (16/20),0,47.5,CPT Rafael Devers UTIL Tyler Mahle UTIL Brice Turang UTIL Casey Schmitt UTIL Heliot Ramos UTIL Grant McCray,,,
698,5200206500,THEACTIONONE (1/2),0,47.1,CPT Jake Bauers UTIL Brandon Sproat UTIL Tyler Mahle UTIL Luis Arraez UTIL Luis Lara UTIL Jeferson Quero,,,
698,5200407861,jsimoniette23 (1/2),0,47.1,CPT Jackson Chourio UTIL Brandon Sproat UTIL Tyler Mahle UTIL Jesus Rodriguez UTIL Joey Ortiz UTIL Drew Gilbert,,,
698,5200641274,floydian80 (4/20),0,47.1,CPT Grant McCray UTIL Brandon Sproat UTIL Jackson Chourio UTIL Brice Turang UTIL Jake Bauers UTIL Andrew Vaughn,,,
698,5200739222,curly82 (3/15),0,47.1,CPT Jake Bauers UTIL Brandon Sproat UTIL Tyler Mahle UTIL Andrew Vaughn UTIL Cooper Pratt UTIL Drew Gilbert,,,
698,5200871827,RangerFan2023,0,47.1,CPT Brice Turang UTIL Brandon Sproat UTIL Luis Arraez UTIL Rafael Devers UTIL Willy Adames UTIL Grant McCray,,,
703,5200717726,JaserD (12/20),0,47,CPT Heliot Ramos UTIL Tyler Mahle UTIL Luis Arraez UTIL Garrett Mitchell UTIL Bryce Eldridge UTIL Jesus Rodriguez,,,
703,5200745622,shanemoore27 (5/20),0,47,CPT Heliot Ramos UTIL Tyler Mahle UTIL Luis Arraez UTIL Rafael Devers UTIL Bryce Eldridge UTIL Andrew Vaughn,,,
703,5200754062,colbyhornet (7/20),0,47,CPT Heliot Ramos UTIL Tyler Mahle UTIL Luis Arraez UTIL Rafael Devers UTIL Garrett Mitchell UTIL Jesus Rodriguez,,,
703,5200908084,yanksfan941 (6/6),0,47,CPT Heliot Ramos UTIL Tyler Mahle UTIL Luis Arraez UTIL Rafael Devers UTIL Bryce Eldridge UTIL Andrew Vaughn,,,
707,5200298668,cubcrazyfool,0,46.75,CPT Tyler Mahle UTIL Rafael Devers UTIL Garrett Mitchell UTIL Willy Adames UTIL Bryce Eldridge UTIL Andrew Vaughn,,,
707,5200720633,mrclean913 (4/20),0,46.75,CPT Tyler Mahle UTIL Heliot Ramos UTIL Rafael Devers UTIL Garrett Mitchell UTIL Bryce Eldridge UTIL Jesus Rodriguez,,,
709,5200162305,mjj792 (1/2),0,46.65,CPT Brandon Sproat UTIL Tyler Mahle UTIL Casey Schmitt UTIL Cooper Pratt UTIL Joey Ortiz UTIL Drew Gilbert,,,
709,5200258798,ivymoose (1/20),0,46.65,CPT Brandon Sproat UTIL Tyler Mahle UTIL William Contreras UTIL Andrew Vaughn UTIL Joey Ortiz UTIL Drew Gilbert,,,
709,5200452040,dtm615,0,46.65,CPT Brandon Sproat UTIL Tyler Mahle UTIL Casey Schmitt UTIL Cooper Pratt UTIL Joey Ortiz UTIL Drew Gilbert,,,
709,5200524078,austin60915 (1/20),0,46.65,CPT Brandon Sproat UTIL Tyler Mahle UTIL Jake Bauers UTIL Andrew Vaughn UTIL Trevor Megill UTIL Aaron Ashby,,,
709,5200536117,Skipper55 (8/20),0,46.65,CPT Brandon Sproat UTIL Tyler Mahle UTIL William Contreras UTIL Andrew Vaughn UTIL Joey Ortiz UTIL Drew Gilbert,,,
709,5200567889,Flash788 (4/9),0,46.65,CPT Brandon Sproat UTIL Tyler Mahle UTIL Jake Bauers UTIL Andrew Vaughn UTIL Joey Ortiz UTIL Trevor Megill,,,
709,5200586684,LOCNOTM (2/20),0,46.65,CPT Brandon Sproat UTIL Tyler Mahle UTIL William Contreras UTIL Andrew Vaughn UTIL Joey Ortiz UTIL Drew Gilbert,,,
709,5200720632,mrclean913 (3/20),0,46.65,CPT Brandon Sproat UTIL Tyler Mahle UTIL Jake Bauers UTIL Andrew Vaughn UTIL Joey Ortiz UTIL Trevor Megill,,,
709,5200753933,colbyhornet (1/20),0,46.65,CPT Brandon Sproat UTIL Tyler Mahle UTIL Jake Bauers UTIL Andrew Vaughn UTIL Joey Ortiz UTIL Trevor Megill,,,
709,5200790034,AbeFlores07 (1/2),0,46.65,CPT Brandon Sproat UTIL Tyler Mahle UTIL Jake Bauers UTIL Cooper Pratt UTIL Joey Ortiz UTIL Drew Gilbert,,,
709,5200913774,PokerChump (12/20),0,46.65,CPT Brandon Sproat UTIL Tyler Mahle UTIL Jake Bauers UTIL Cooper Pratt UTIL Joey Ortiz UTIL Drew Gilbert,,,
709,5200925573,terminator31 (13/20),0,46.65,CPT Brandon Sproat UTIL Tyler Mahle UTIL Casey Schmitt UTIL Cooper Pratt UTIL Joey Ortiz UTIL Drew Gilbert,,,
709,5200933289,Edgitt116 (1/12),0,46.65,CPT Brandon Sproat UTIL Tyler Mahle UTIL Jake Bauers UTIL Andrew Vaughn UTIL Joey Ortiz UTIL Trevor Megill,,,
709,5200949000,JJSaenz (11/20),0,46.65,CPT Brandon Sproat UTIL Tyler Mahle UTIL Garrett Mitchell UTIL Andrew Vaughn UTIL Joey Ortiz UTIL Drew Gilbert,,,
723,5200757280,45dojo (1/8),0,46.6,CPT Joey Ortiz UTIL Brandon Sproat UTIL Tyler Mahle UTIL Christian Yelich UTIL Willy Adames UTIL Jesus Rodriguez,,,
723,5200977149,lefty4523chef,0,46.6,CPT Bryce Eldridge UTIL Brandon Sproat UTIL Tyler Mahle UTIL Jake Bauers UTIL Andrew Vaughn UTIL Drew Gilbert,,,
725,5200908160,jerbear603,0,46.15,CPT Brandon Sproat UTIL Casey Schmitt UTIL Luis Arraez UTIL Heliot Ramos UTIL Jesus Rodriguez UTIL Drew Gilbert,,,
725,5200916731,shantae1111 (1/4),0,46.15,CPT Brandon Sproat UTIL Jackson Chourio UTIL Christian Yelich UTIL Rafael Devers UTIL Jesus Rodriguez UTIL Grant McCray,,,
725,5200927475,bigy0ker,0,46.15,CPT Brandon Sproat UTIL Jackson Chourio UTIL Brice Turang UTIL Willy Adames UTIL Cooper Pratt UTIL Grant McCray,,,
725,5200981198,jd_1973,0,46.15,CPT Brandon Sproat UTIL Jackson Chourio UTIL Brice Turang UTIL Willy Adames UTIL Cooper Pratt UTIL Grant McCray,,,
725,5200984934,shantae1111 (3/4),0,46.15,CPT Brandon Sproat UTIL Jackson Chourio UTIL Christian Yelich UTIL Rafael Devers UTIL Jesus Rodriguez UTIL Grant McCray,,,
730,5200538471,mjrlaw23 (8/20),0,46.1,CPT Andrew Vaughn UTIL Brandon Sproat UTIL Tyler Mahle UTIL Jake Bauers UTIL Garrett Mitchell UTIL Drew Gilbert,,,
730,5200913057,Claylyn1,0,46.1,CPT Casey Schmitt UTIL Brandon Sproat UTIL Tyler Mahle UTIL David Hamilton UTIL Cooper Pratt UTIL Jesus Rodriguez,,,
732,5200614778,sisterflight (2/2),0,46,CPT Casey Schmitt UTIL Tyler Mahle UTIL Luis Arraez UTIL Rafael Devers UTIL Cooper Pratt UTIL Jesus Rodriguez,,,
733,5200398820,Fuzz988 (11/20),0,45.75,CPT Tyler Mahle UTIL Jackson Chourio UTIL William Contreras UTIL Rafael Devers UTIL Jesus Rodriguez UTIL Drew Gilbert,,,
733,5200538468,mjrlaw23 (5/20),0,45.75,CPT Tyler Mahle UTIL Christian Yelich UTIL Casey Schmitt UTIL Rafael Devers UTIL Jesus Rodriguez UTIL Drew Gilbert,,,
733,5200626456,gwatts77 (11/20),0,45.75,CPT Tyler Mahle UTIL Casey Schmitt UTIL William Contreras UTIL Willy Adames UTIL Bryce Eldridge UTIL Drew Gilbert,,,
733,5200697164,kbrisacher (20/20),0,45.75,CPT Tyler Mahle UTIL Casey Schmitt UTIL Heliot Ramos UTIL Rafael Devers UTIL Cooper Pratt UTIL Drew Gilbert,,,
737,5200343856,kreller17 (8/20),0,45.65,CPT Brandon Sproat UTIL Tyler Mahle UTIL Garrett Mitchell UTIL Andrew Vaughn UTIL Cooper Pratt UTIL Joey Ortiz,,,
737,5200347342,mythicalrhymer01 (1/3),0,45.65,CPT Brandon Sproat UTIL Tyler Mahle UTIL Garrett Mitchell UTIL Andrew Vaughn UTIL Cooper Pratt UTIL Trevor Megill,,,
737,5200359216,MoneyRamirez (1/20),0,45.65,CPT Brandon Sproat UTIL Tyler Mahle UTIL Garrett Mitchell UTIL Andrew Vaughn UTIL Cooper Pratt UTIL Joey Ortiz,,,
737,5200419336,KGould86 (1/20),0,45.65,CPT Brandon Sproat UTIL Tyler Mahle UTIL Garrett Mitchell UTIL Andrew Vaughn UTIL Cooper Pratt UTIL Joey Ortiz,,,
737,5200485096,wcs1109 (14/20),0,45.65,CPT Brandon Sproat UTIL Tyler Mahle UTIL Garrett Mitchell UTIL Andrew Vaughn UTIL Cooper Pratt UTIL Joey Ortiz,,,
737,5200486412,FoxyGrandpa252 (4/8),0,45.65,CPT Brandon Sproat UTIL Tyler Mahle UTIL Garrett Mitchell UTIL Andrew Vaughn UTIL Cooper Pratt UTIL Jason Foley,,,
737,5200501788,briguy13 (16/20),0,45.65,CPT Brandon Sproat UTIL Tyler Mahle UTIL Garrett Mitchell UTIL Andrew Vaughn UTIL Cooper Pratt UTIL Joey Ortiz,,,
737,5200552358,georgeconfused (2/6),0,45.65,CPT Brandon Sproat UTIL Tyler Mahle UTIL Garrett Mitchell UTIL Andrew Vaughn UTIL Cooper Pratt UTIL Joey Ortiz,,,
737,5200638742,bellsofwar3 (7/20),0,45.65,CPT Brandon Sproat UTIL Tyler Mahle UTIL Brice Turang UTIL Jesus Rodriguez UTIL Joey Ortiz UTIL Aaron Ashby,,,
737,5200641281,floydian80 (11/20),0,45.65,CPT Brandon Sproat UTIL Tyler Mahle UTIL Garrett Mitchell UTIL Andrew Vaughn UTIL Cooper Pratt UTIL Joey Ortiz,,,
737,5200656842,fullerf54 (15/20),0,45.65,CPT Brandon Sproat UTIL Tyler Mahle UTIL Garrett Mitchell UTIL Andrew Vaughn UTIL Cooper Pratt UTIL Joey Ortiz,,,
737,5200717716,JaserD (2/20),0,45.65,CPT Brandon Sproat UTIL Tyler Mahle UTIL Garrett Mitchell UTIL Andrew Vaughn UTIL Cooper Pratt UTIL Joey Ortiz,,,
737,5200717717,JaserD (3/20),0,45.65,CPT Brandon Sproat UTIL Tyler Mahle UTIL Brice Turang UTIL Jesus Rodriguez UTIL Joey Ortiz UTIL Abner Uribe,,,
737,5200745619,shanemoore27 (2/20),0,45.65,CPT Brandon Sproat UTIL Tyler Mahle UTIL Garrett Mitchell UTIL Andrew Vaughn UTIL Cooper Pratt UTIL Joey Ortiz,,,
737,5200754057,colbyhornet (2/20),0,45.65,CPT Brandon Sproat UTIL Tyler Mahle UTIL Garrett Mitchell UTIL Andrew Vaughn UTIL Cooper Pratt UTIL Joey Ortiz,,,
737,5200766226,tiffwilso,0,45.65,CPT Brandon Sproat UTIL Tyler Mahle UTIL William Contreras UTIL David Hamilton UTIL Jesus Rodriguez UTIL Luis Lara,,,
737,5200811500,grantgoupil (1/20),0,45.65,CPT Brandon Sproat UTIL Tyler Mahle UTIL William Contreras UTIL Andrew Vaughn UTIL Cooper Pratt UTIL Trevor Megill,,,
737,5200811502,grantgoupil (3/20),0,45.65,CPT Brandon Sproat UTIL Tyler Mahle UTIL Garrett Mitchell UTIL Andrew Vaughn UTIL Cooper Pratt UTIL Joey Ortiz,,,
737,5200857571,KelvinDubs (1/20),0,45.65,CPT Brandon Sproat UTIL Tyler Mahle UTIL Garrett Mitchell UTIL Andrew Vaughn UTIL Cooper Pratt UTIL Joey Ortiz,,,
737,5200913763,PokerChump (1/20),0,45.65,CPT Brandon Sproat UTIL Tyler Mahle UTIL Garrett Mitchell UTIL Andrew Vaughn UTIL Cooper Pratt UTIL Joey Ortiz,,,
737,5200925530,terminator31 (1/20),0,45.65,CPT Brandon Sproat UTIL Tyler Mahle UTIL Garrett Mitchell UTIL Andrew Vaughn UTIL Cooper Pratt UTIL Joey Ortiz,,,
737,5200930057,ballgame1881 (1/20),0,45.65,CPT Brandon Sproat UTIL Tyler Mahle UTIL Garrett Mitchell UTIL Andrew Vaughn UTIL Cooper Pratt UTIL Joey Ortiz,,,
737,5200949240,xXxPLOSIVE (3/5),0,45.65,CPT Brandon Sproat UTIL Tyler Mahle UTIL Garrett Mitchell UTIL Andrew Vaughn UTIL Cooper Pratt UTIL Joey Ortiz,,,
737,5200968332,Flash788 (9/9),0,45.65,CPT Brandon Sproat UTIL Tyler Mahle UTIL William Contreras UTIL Andrew Vaughn UTIL Cooper Pratt UTIL Trevor Megill,,,
737,5200971893,Mige1 (2/20),0,45.65,CPT Brandon Sproat UTIL Tyler Mahle UTIL Garrett Mitchell UTIL Andrew Vaughn UTIL Cooper Pratt UTIL Joey Ortiz,,,
762,5200478236,Dmerkel1980,0,45.6,CPT Cooper Pratt UTIL Brandon Sproat UTIL Tyler Mahle UTIL Christian Yelich UTIL Willy Adames UTIL Drew Gilbert,,,
762,5200491655,jsamtoy (8/20),0,45.6,CPT Garrett Mitchell UTIL Brandon Sproat UTIL Tyler Mahle UTIL Jake Bauers UTIL Jesus Rodriguez UTIL Drew Gilbert,,,
762,5200594640,WallyGB (3/14),0,45.6,CPT Cooper Pratt UTIL Brandon Sproat UTIL Tyler Mahle UTIL Casey Schmitt UTIL Willy Adames UTIL Joey Ortiz,,,
762,5200594830,WallyGB (4/14),0,45.6,CPT Cooper Pratt UTIL Brandon Sproat UTIL Tyler Mahle UTIL Casey Schmitt UTIL Willy Adames UTIL Joey Ortiz,,,
762,5200739228,curly82 (9/15),0,45.6,CPT Heliot Ramos UTIL Brandon Sproat UTIL Casey Schmitt UTIL William Contreras UTIL Willy Adames UTIL Grant McCray,,,
762,5200944475,teddrott (2/2),0,45.6,CPT Jackson Chourio UTIL Brandon Sproat UTIL Christian Yelich UTIL Luis Arraez UTIL Drew Gilbert UTIL Grant McCray,,,
762,5200957675,rick052954 (7/10),0,45.6,CPT Cooper Pratt UTIL Brandon Sproat UTIL Tyler Mahle UTIL Casey Schmitt UTIL Garrett Mitchell UTIL Jesus Rodriguez,,,
762,5200986918,slappy88,0,45.6,CPT Cooper Pratt UTIL Brandon Sproat UTIL Tyler Mahle UTIL Jake Bauers UTIL Bryce Eldridge UTIL Andrew Vaughn,,,
762,5200986923,Biscuits209 (3/4),0,45.6,CPT Jackson Chourio UTIL Brandon Sproat UTIL Jake Bauers UTIL Heliot Ramos UTIL Andrew Vaughn UTIL Grant McCray,,,
771,5200472724,rsumrall (12/20),0,45.5,CPT Bryce Eldridge UTIL Tyler Mahle UTIL Luis Arraez UTIL Heliot Ramos UTIL Rafael Devers UTIL Andrew Vaughn,,,
771,5200486413,FoxyGrandpa252 (5/8),0,45.5,CPT Rafael Devers UTIL Tyler Mahle UTIL Luis Arraez UTIL Heliot Ramos UTIL William Contreras UTIL Jesus Rodriguez,,,
771,5200913777,PokerChump (15/20),0,45.5,CPT Rafael Devers UTIL Tyler Mahle UTIL Luis Arraez UTIL Heliot Ramos UTIL Bryce Eldridge UTIL Andrew Vaughn,,,
771,5200930252,unkdunk69 (2/2),0,45.5,CPT Rafael Devers UTIL Tyler Mahle UTIL Luis Arraez UTIL Heliot Ramos UTIL Bryce Eldridge UTIL Andrew Vaughn,,,
771,5200977169,steven246,0,45.5,CPT Bryce Eldridge UTIL Tyler Mahle UTIL Luis Arraez UTIL Heliot Ramos UTIL Rafael Devers UTIL Andrew Vaughn,,,
776,5200095764,oscarquintanilla58 (1/4),0,45.15,CPT Brandon Sproat UTIL Jackson Chourio UTIL Jake Bauers UTIL Garrett Mitchell UTIL Andrew Vaughn UTIL Grant McCray,,,
776,5200095768,oscarquintanilla58 (2/4),0,45.15,CPT Brandon Sproat UTIL Jackson Chourio UTIL Jake Bauers UTIL Garrett Mitchell UTIL Andrew Vaughn UTIL Grant McCray,,,
776,5200258811,ivymoose (14/20),0,45.15,CPT Brandon Sproat UTIL Jackson Chourio UTIL Jake Bauers UTIL Garrett Mitchell UTIL Andrew Vaughn UTIL Grant McCray,,,
776,5200262007,Sammy.Boy (3/20),0,45.15,CPT Brandon Sproat UTIL Jackson Chourio UTIL Jake Bauers UTIL Garrett Mitchell UTIL Andrew Vaughn UTIL Grant McCray,,,
776,5200491658,jsamtoy (11/20),0,45.15,CPT Brandon Sproat UTIL Jackson Chourio UTIL Jake Bauers UTIL Garrett Mitchell UTIL Andrew Vaughn UTIL Grant McCray,,,
776,5200697160,kbrisacher (16/20),0,45.15,CPT Brandon Sproat UTIL Jackson Chourio UTIL Jake Bauers UTIL Garrett Mitchell UTIL Andrew Vaughn UTIL Grant McCray,,,
776,5200720645,mrclean913 (16/20),0,45.15,CPT Brandon Sproat UTIL Jackson Chourio UTIL Jake Bauers UTIL Garrett Mitchell UTIL Andrew Vaughn UTIL Grant McCray,,,
776,5200974140,AGGIES1515 (1/2),0,45.15,CPT Brandon Sproat UTIL Jackson Chourio UTIL Brice Turang UTIL Heliot Ramos UTIL Drew Gilbert UTIL Grant McCray,,,
784,5200491659,jsamtoy (12/20),0,45.1,CPT Andrew Vaughn UTIL Brandon Sproat UTIL Tyler Mahle UTIL Jake Bauers UTIL Bryce Eldridge UTIL Joey Ortiz,,,
784,5200695723,Runninrebel02 (2/14),0,45.1,CPT Andrew Vaughn UTIL Brandon Sproat UTIL Tyler Mahle UTIL Christian Yelich UTIL Bryce Eldridge UTIL Drew Gilbert,,,
786,5200888301,84flipmode (3/20),0,45,CPT Drew Gilbert UTIL Tyler Mahle UTIL Casey Schmitt UTIL Jake Bauers UTIL Willy Adames UTIL Jesus Rodriguez,,,
787,5200419340,KGould86 (5/20),0,44.75,CPT Tyler Mahle UTIL Casey Schmitt UTIL Rafael Devers UTIL Willy Adames UTIL Bryce Eldridge UTIL Joey Ortiz,,,
787,5200472719,rsumrall (7/20),0,44.75,CPT Tyler Mahle UTIL Casey Schmitt UTIL Rafael Devers UTIL Bryce Eldridge UTIL Jesus Rodriguez UTIL Joey Ortiz,,,
787,5200536938,KevinLeonK3 (1/2),0,44.75,CPT Tyler Mahle UTIL Casey Schmitt UTIL Rafael Devers UTIL Willy Adames UTIL Bryce Eldridge UTIL Joey Ortiz,,,
787,5200676163,goheelz1 (1/6),0,44.75,CPT Tyler Mahle UTIL Christian Yelich UTIL Rafael Devers UTIL Willy Adames UTIL Bryce Eldridge UTIL Drew Gilbert,,,
787,5200853587,Chilaxen (4/6),0,44.75,CPT Tyler Mahle UTIL Heliot Ramos UTIL William Contreras UTIL Rafael Devers UTIL Andrew Vaughn UTIL Cooper Pratt,,,
787,5200857577,KelvinDubs (7/20),0,44.75,CPT Tyler Mahle UTIL Christian Yelich UTIL Rafael Devers UTIL Willy Adames UTIL Bryce Eldridge UTIL Drew Gilbert,,,
787,5200916304,fantasyheaven (7/20),0,44.75,CPT Tyler Mahle UTIL Casey Schmitt UTIL Rafael Devers UTIL Willy Adames UTIL Bryce Eldridge UTIL Joey Ortiz,,,
787,5200947608,kylhub10 (5/20),0,44.75,CPT Tyler Mahle UTIL Casey Schmitt UTIL Rafael Devers UTIL Willy Adames UTIL Bryce Eldridge UTIL Joey Ortiz,,,
787,5200953970,Apocalypse91351,0,44.75,CPT Tyler Mahle UTIL Casey Schmitt UTIL Rafael Devers UTIL Willy Adames UTIL Bryce Eldridge UTIL Joey Ortiz,,,
787,5200960085,pisco80 (5/10),0,44.75,CPT Tyler Mahle UTIL Jackson Chourio UTIL Rafael Devers UTIL Willy Adames UTIL Cooper Pratt UTIL Joey Ortiz,,,
787,5200962412,Messmer57 (2/5),0,44.75,CPT Tyler Mahle UTIL Casey Schmitt UTIL Rafael Devers UTIL Bryce Eldridge UTIL Jesus Rodriguez UTIL Joey Ortiz,,,
787,5200971182,kstarr1989,0,44.75,CPT Tyler Mahle UTIL Jackson Chourio UTIL Rafael Devers UTIL Garrett Mitchell UTIL Cooper Pratt UTIL Jesus Rodriguez,,,
787,5200977678,BigPapaPuffy,0,44.75,CPT Tyler Mahle UTIL Christian Yelich UTIL Rafael Devers UTIL Willy Adames UTIL Andrew Vaughn UTIL Joey Ortiz,,,
787,5200980751,leborunner,0,44.75,CPT Tyler Mahle UTIL Jake Bauers UTIL Garrett Mitchell UTIL Willy Adames UTIL Bryce Eldridge UTIL Cooper Pratt,,,
787,5200983584,Getman,0,44.75,CPT Tyler Mahle UTIL Casey Schmitt UTIL Rafael Devers UTIL Willy Adames UTIL Bryce Eldridge UTIL Joey Ortiz,,,
802,5200259265,jsh1122 (1/20),0,44.6,CPT Jake Bauers UTIL Brandon Sproat UTIL Brice Turang UTIL Luis Arraez UTIL Bryce Eldridge UTIL Grant McCray,,,
802,5200268568,jsh1122 (2/20),0,44.6,CPT Jake Bauers UTIL Brandon Sproat UTIL Brice Turang UTIL Luis Arraez UTIL Bryce Eldridge UTIL Grant McCray,,,
802,5200268569,jsh1122 (3/20),0,44.6,CPT Jake Bauers UTIL Brandon Sproat UTIL Brice Turang UTIL Luis Arraez UTIL Bryce Eldridge UTIL Grant McCray,,,
802,5200268570,jsh1122 (4/20),0,44.6,CPT Jake Bauers UTIL Brandon Sproat UTIL Brice Turang UTIL Luis Arraez UTIL Bryce Eldridge UTIL Grant McCray,,,
802,5200268571,jsh1122 (5/20),0,44.6,CPT Jake Bauers UTIL Brandon Sproat UTIL Brice Turang UTIL Luis Arraez UTIL Bryce Eldridge UTIL Grant McCray,,,
802,5200268572,jsh1122 (6/20),0,44.6,CPT Jake Bauers UTIL Brandon Sproat UTIL Brice Turang UTIL Luis Arraez UTIL Bryce Eldridge UTIL Grant McCray,,,
802,5200268573,jsh1122 (7/20),0,44.6,CPT Jake Bauers UTIL Brandon Sproat UTIL Brice Turang UTIL Luis Arraez UTIL Bryce Eldridge UTIL Grant McCray,,,
802,5200268574,jsh1122 (8/20),0,44.6,CPT Jake Bauers UTIL Brandon Sproat UTIL Brice Turang UTIL Luis Arraez UTIL Bryce Eldridge UTIL Grant McCray,,,
802,5200268575,jsh1122 (9/20),0,44.6,CPT Jake Bauers UTIL Brandon Sproat UTIL Brice Turang UTIL Luis Arraez UTIL Bryce Eldridge UTIL Grant McCray,,,
802,5200268576,jsh1122 (10/20),0,44.6,CPT Jake Bauers UTIL Brandon Sproat UTIL Brice Turang UTIL Luis Arraez UTIL Bryce Eldridge UTIL Grant McCray,,,
802,5200268577,jsh1122 (11/20),0,44.6,CPT Jake Bauers UTIL Brandon Sproat UTIL Brice Turang UTIL Luis Arraez UTIL Bryce Eldridge UTIL Grant McCray,,,
802,5200268578,jsh1122 (12/20),0,44.6,CPT Jake Bauers UTIL Brandon Sproat UTIL Brice Turang UTIL Luis Arraez UTIL Bryce Eldridge UTIL Grant McCray,,,
802,5200268579,jsh1122 (13/20),0,44.6,CPT Jake Bauers UTIL Brandon Sproat UTIL Brice Turang UTIL Luis Arraez UTIL Bryce Eldridge UTIL Grant McCray,,,
802,5200268580,jsh1122 (14/20),0,44.6,CPT Jake Bauers UTIL Brandon Sproat UTIL Brice Turang UTIL Luis Arraez UTIL Bryce Eldridge UTIL Grant McCray,,,
802,5200268581,jsh1122 (15/20),0,44.6,CPT Jake Bauers UTIL Brandon Sproat UTIL Brice Turang UTIL Luis Arraez UTIL Bryce Eldridge UTIL Grant McCray,,,
802,5200268582,jsh1122 (16/20),0,44.6,CPT Jake Bauers UTIL Brandon Sproat UTIL Brice Turang UTIL Luis Arraez UTIL Bryce Eldridge UTIL Grant McCray,,,
802,5200268583,jsh1122 (17/20),0,44.6,CPT Jake Bauers UTIL Brandon Sproat UTIL Brice Turang UTIL Luis Arraez UTIL Bryce Eldridge UTIL Grant McCray,,,
802,5200268584,jsh1122 (18/20),0,44.6,CPT Jake Bauers UTIL Brandon Sproat UTIL Brice Turang UTIL Luis Arraez UTIL Bryce Eldridge UTIL Grant McCray,,,
802,5200268585,jsh1122 (19/20),0,44.6,CPT Jake Bauers UTIL Brandon Sproat UTIL Brice Turang UTIL Luis Arraez UTIL Bryce Eldridge UTIL Grant McCray,,,
802,5200268586,jsh1122 (20/20),0,44.6,CPT Jake Bauers UTIL Brandon Sproat UTIL Brice Turang UTIL Luis Arraez UTIL Bryce Eldridge UTIL Grant McCray,,,
802,5200709513,gojasgo,0,44.6,CPT Brice Turang UTIL Brandon Sproat UTIL Tyler Mahle UTIL Cooper Pratt UTIL Jesus Rodriguez UTIL Drew Gilbert,,,
802,5200757282,45dojo (3/8),0,44.6,CPT Rafael Devers UTIL Brandon Sproat UTIL Tyler Mahle UTIL Willy Adames UTIL Cooper Pratt UTIL Joey Ortiz,,,
802,5200801751,JRock1025,0,44.6,CPT Rafael Devers UTIL Brandon Sproat UTIL Tyler Mahle UTIL Garrett Mitchell UTIL Cooper Pratt UTIL Jesus Rodriguez,,,
802,5200917656,fantasyheaven (16/20),0,44.6,CPT Bryce Eldridge UTIL Brandon Sproat UTIL Tyler Mahle UTIL Rafael Devers UTIL Andrew Vaughn UTIL Cooper Pratt,,,
802,5200947739,tpyo (15/20),0,44.6,CPT Brice Turang UTIL Brandon Sproat UTIL Tyler Mahle UTIL Cooper Pratt UTIL Jesus Rodriguez UTIL Drew Gilbert,,,
802,5200961395,JMoneyMakerJones (2/2),0,44.6,CPT Bryce Eldridge UTIL Brandon Sproat UTIL Tyler Mahle UTIL Rafael Devers UTIL Andrew Vaughn UTIL Cooper Pratt,,,
802,5200988382,Ronboi28 (1/2),0,44.6,CPT Jackson Chourio UTIL Brandon Sproat UTIL Luis Arraez UTIL William Contreras UTIL Cooper Pratt UTIL Grant McCray,,,
829,5200894145,84flipmode (14/20),0,44.5,CPT Luis Arraez UTIL Tyler Mahle UTIL William Contreras UTIL Rafael Devers UTIL Willy Adames UTIL Joey Ortiz,,,
829,5200961094,JMoneyMakerJones (1/2),0,44.5,CPT Rafael Devers UTIL Tyler Mahle UTIL Jackson Chourio UTIL Brice Turang UTIL Bryce Eldridge UTIL Grant McCray,,,
831,5200556341,joeyolipripper,0,44.15,CPT Brandon Sproat UTIL Luis Arraez UTIL Rafael Devers UTIL Willy Adames UTIL Andrew Vaughn UTIL Cooper Pratt,,,
831,5200899730,zachisdamuckinfan,0,44.15,CPT Brandon Sproat UTIL Brice Turang UTIL Christian Yelich UTIL Luis Arraez UTIL Joey Ortiz UTIL Grant McCray,,,
831,5200948993,JJSaenz (4/20),0,44.15,CPT Brandon Sproat UTIL Jackson Chourio UTIL Christian Yelich UTIL Andrew Vaughn UTIL Cooper Pratt UTIL Grant McCray,,,
834,5200406424,Grit7880 (3/3),0,44.1,CPT Rafael Devers UTIL Brandon Sproat UTIL Christian Yelich UTIL Luis Arraez UTIL Jake Bauers UTIL Grant McCray,,,
834,5200802410,Orangechocolate70 (10/12),0,44.1,CPT Jake Bauers UTIL Brandon Sproat UTIL Tyler Mahle UTIL Bryce Eldridge UTIL Cooper Pratt UTIL Drew Gilbert,,,
834,5200882384,criticalmass048 (4/5),0,44.1,CPT Andrew Vaughn UTIL Brandon Sproat UTIL Tyler Mahle UTIL Rafael Devers UTIL Garrett Mitchell UTIL Cooper Pratt,,,
834,5200905550,TravisChil,0,44.1,CPT Jake Bauers UTIL Brandon Sproat UTIL Tyler Mahle UTIL Andrew Vaughn UTIL Cooper Pratt UTIL Joey Ortiz,,,
838,5200658284,WAZZU1994,0,44,CPT Willy Adames UTIL Tyler Mahle UTIL Jackson Chourio UTIL Heliot Ramos UTIL Andrew Vaughn UTIL Joey Ortiz,,,
838,5200907306,1biglife (7/7),0,44,CPT Casey Schmitt UTIL Tyler Mahle UTIL Brice Turang UTIL Willy Adames UTIL Andrew Vaughn UTIL Jesus Rodriguez,,,
838,5200933292,Edgitt116 (4/12),0,44,CPT Heliot Ramos UTIL Tyler Mahle UTIL Luis Arraez UTIL Rafael Devers UTIL Bryce Eldridge UTIL Cooper Pratt,,,
841,5200258809,ivymoose (12/20),0,43.75,CPT Tyler Mahle UTIL Casey Schmitt UTIL Heliot Ramos UTIL Rafael Devers UTIL Joey Ortiz UTIL Drew Gilbert,,,
841,5200427001,Orangechocolate70 (8/12),0,43.75,CPT Tyler Mahle UTIL Rafael Devers UTIL Garrett Mitchell UTIL Willy Adames UTIL Bryce Eldridge UTIL Cooper Pratt,,,
841,5200937493,riotive (1/3),0,43.75,CPT Tyler Mahle UTIL Jackson Chourio UTIL Christian Yelich UTIL Willy Adames UTIL Joey Ortiz UTIL Drew Gilbert,,,
844,5200262005,Sammy.Boy (1/20),0,43.65,CPT Brandon Sproat UTIL Tyler Mahle UTIL Christian Yelich UTIL Cooper Pratt UTIL Joey Ortiz UTIL Drew Gilbert,,,
844,5200398824,Fuzz988 (15/20),0,43.65,CPT Brandon Sproat UTIL Tyler Mahle UTIL Christian Yelich UTIL Cooper Pratt UTIL Joey Ortiz UTIL Drew Gilbert,,,
844,5200418879,whoisjohngalt420 (5/20),0,43.65,CPT Brandon Sproat UTIL Tyler Mahle UTIL Christian Yelich UTIL Cooper Pratt UTIL Joey Ortiz UTIL Drew Gilbert,,,
844,5200476795,wcs1109 (1/20),0,43.65,CPT Brandon Sproat UTIL Tyler Mahle UTIL Christian Yelich UTIL Cooper Pratt UTIL Joey Ortiz UTIL Drew Gilbert,,,
844,5200552356,georgeconfused (1/6),0,43.65,CPT Brandon Sproat UTIL Tyler Mahle UTIL Christian Yelich UTIL Cooper Pratt UTIL Joey Ortiz UTIL Drew Gilbert,,,
844,5200567887,Flash788 (2/9),0,43.65,CPT Brandon Sproat UTIL Tyler Mahle UTIL Brice Turang UTIL Cooper Pratt UTIL Drew Gilbert UTIL Trevor Megill,,,
844,5200626449,gwatts77 (4/20),0,43.65,CPT Brandon Sproat UTIL Tyler Mahle UTIL Christian Yelich UTIL Cooper Pratt UTIL Joey Ortiz UTIL Drew Gilbert,,,
844,5200638752,bellsofwar3 (17/20),0,43.65,CPT Brandon Sproat UTIL Tyler Mahle UTIL Garrett Mitchell UTIL Bryce Eldridge UTIL Joey Ortiz UTIL Drew Gilbert,,,
844,5200641286,floydian80 (16/20),0,43.65,CPT Brandon Sproat UTIL Tyler Mahle UTIL Christian Yelich UTIL Cooper Pratt UTIL Joey Ortiz UTIL Drew Gilbert,,,
844,5200720631,mrclean913 (2/20),0,43.65,CPT Brandon Sproat UTIL Tyler Mahle UTIL Christian Yelich UTIL Cooper Pratt UTIL Joey Ortiz UTIL Drew Gilbert,,,
844,5200754063,colbyhornet (8/20),0,43.65,CPT Brandon Sproat UTIL Tyler Mahle UTIL Brice Turang UTIL Cooper Pratt UTIL Drew Gilbert UTIL Aaron Ashby,,,
844,5200840597,pat_the_hat2 (6/20),0,43.65,CPT Brandon Sproat UTIL Tyler Mahle UTIL Garrett Mitchell UTIL Bryce Eldridge UTIL Joey Ortiz UTIL Drew Gilbert,,,
844,5200853532,Chilaxen (1/6),0,43.65,CPT Brandon Sproat UTIL Tyler Mahle UTIL William Contreras UTIL David Hamilton UTIL Cooper Pratt UTIL Drew Gilbert,,,
844,5200857584,KelvinDubs (14/20),0,43.65,CPT Brandon Sproat UTIL Tyler Mahle UTIL Christian Yelich UTIL Cooper Pratt UTIL Joey Ortiz UTIL Drew Gilbert,,,
844,5200929438,KingTerryPegula (1/20),0,43.65,CPT Brandon Sproat UTIL Tyler Mahle UTIL Christian Yelich UTIL Cooper Pratt UTIL Joey Ortiz UTIL Drew Gilbert,,,
844,5200933296,Edgitt116 (8/12),0,43.65,CPT Brandon Sproat UTIL Tyler Mahle UTIL Christian Yelich UTIL Cooper Pratt UTIL Joey Ortiz UTIL Drew Gilbert,,,
844,5200960428,RaymondAnthonyPablo,0,43.65,CPT Brandon Sproat UTIL Tyler Mahle UTIL Christian Yelich UTIL Cooper Pratt UTIL Joey Ortiz UTIL Drew Gilbert,,,
861,5200374388,apforadori (2/3),0,43.6,CPT Rafael Devers UTIL Brandon Sproat UTIL Tyler Mahle UTIL Garrett Mitchell UTIL Andrew Vaughn UTIL Drew Gilbert,,,
861,5200414465,az350z (5/20),0,43.6,CPT Bryce Eldridge UTIL Brandon Sproat UTIL Tyler Mahle UTIL Casey Schmitt UTIL Cooper Pratt UTIL Drew Gilbert,,,
861,5200957671,rick052954 (3/10),0,43.6,CPT Cooper Pratt UTIL Brandon Sproat UTIL Tyler Mahle UTIL Jackson Chourio UTIL Bryce Eldridge UTIL Drew Gilbert,,,
861,5200978854,Draycooper21,0,43.6,CPT Rafael Devers UTIL Brandon Sproat UTIL Tyler Mahle UTIL Garrett Mitchell UTIL Andrew Vaughn UTIL Drew Gilbert,,,
865,5200802409,Orangechocolate70 (9/12),0,43.5,CPT Rafael Devers UTIL Tyler Mahle UTIL Casey Schmitt UTIL Luis Arraez UTIL Willy Adames UTIL Joey Ortiz,,,
865,5200835855,jack.1234 (1/4),0,43.5,CPT Luis Arraez UTIL Tyler Mahle UTIL Casey Schmitt UTIL Heliot Ramos UTIL David Hamilton UTIL Drew Cavanaugh,,,
865,5200940729,Factors52 (2/4),0,43.5,CPT Rafael Devers UTIL Tyler Mahle UTIL Casey Schmitt UTIL Luis Arraez UTIL Andrew Vaughn UTIL Cooper Pratt,,,
865,5200947615,kylhub10 (12/20),0,43.5,CPT Bryce Eldridge UTIL Tyler Mahle UTIL Luis Arraez UTIL Heliot Ramos UTIL William Contreras UTIL Andrew Vaughn,,,
869,5200641271,floydian80 (1/20),0,43,CPT Jesus Rodriguez UTIL Tyler Mahle UTIL Jackson Chourio UTIL Heliot Ramos UTIL Rafael Devers UTIL Bryce Eldridge,,,
869,5200754071,colbyhornet (16/20),0,43,CPT Heliot Ramos UTIL Tyler Mahle UTIL Casey Schmitt UTIL Luis Arraez UTIL Bryce Eldridge UTIL Joey Ortiz,,,
869,5200785146,wano0916 (9/20),0,43,CPT Heliot Ramos UTIL Tyler Mahle UTIL Jackson Chourio UTIL Rafael Devers UTIL Willy Adames UTIL Drew Gilbert,,,
869,5200871866,trappwimm80 (14/20),0,43,CPT Heliot Ramos UTIL Tyler Mahle UTIL Casey Schmitt UTIL Luis Arraez UTIL Bryce Eldridge UTIL Joey Ortiz,,,
869,5200871871,trappwimm80 (19/20),0,43,CPT Drew Gilbert UTIL Tyler Mahle UTIL Casey Schmitt UTIL Luis Arraez UTIL Jake Bauers UTIL Rafael Devers,,,
869,5200894430,84flipmode (15/20),0,43,CPT Heliot Ramos UTIL Tyler Mahle UTIL Casey Schmitt UTIL Jake Bauers UTIL Cooper Pratt UTIL Jesus Rodriguez,,,
875,5200258806,ivymoose (9/20),0,42.75,CPT Tyler Mahle UTIL Casey Schmitt UTIL Rafael Devers UTIL Bryce Eldridge UTIL Cooper Pratt UTIL Drew Gilbert,,,
875,5200330973,tbjones2121 (19/20),0,42.75,CPT Tyler Mahle UTIL Casey Schmitt UTIL Rafael Devers UTIL Bryce Eldridge UTIL Cooper Pratt UTIL Drew Gilbert,,,
875,5200934090,UniversalFriend (18/20),0,42.75,CPT Tyler Mahle UTIL Casey Schmitt UTIL Rafael Devers UTIL Bryce Eldridge UTIL Cooper Pratt UTIL Drew Gilbert,,,
875,5200953957,brown_007,0,42.75,CPT Tyler Mahle UTIL Jackson Chourio UTIL Brice Turang UTIL Cooper Pratt UTIL Jesus Rodriguez UTIL Joey Ortiz,,,
879,5200428028,Hotdogfatboy (4/4),0,42.6,CPT Bryce Eldridge UTIL Brandon Sproat UTIL Tyler Mahle UTIL Christian Yelich UTIL Jesus Rodriguez UTIL Joey Ortiz,,,
879,5200828723,jos0093,0,42.6,CPT Cooper Pratt UTIL Brandon Sproat UTIL Tyler Mahle UTIL William Contreras UTIL Rafael Devers UTIL Andrew Vaughn,,,
879,5200882382,criticalmass048 (2/5),0,42.6,CPT Cooper Pratt UTIL Brandon Sproat UTIL Tyler Mahle UTIL William Contreras UTIL Rafael Devers UTIL Andrew Vaughn,,,
879,5200925570,terminator31 (10/20),0,42.6,CPT Cooper Pratt UTIL Brandon Sproat UTIL Tyler Mahle UTIL Brice Turang UTIL Willy Adames UTIL Joey Ortiz,,,
879,5200930254,Richchrys24 (2/5),0,42.6,CPT Christian Yelich UTIL Brandon Sproat UTIL Tyler Mahle UTIL Jesus Rodriguez UTIL Joey Ortiz UTIL Drew Gilbert,,,
879,5200947725,tpyo (1/20),0,42.6,CPT Rafael Devers UTIL Brandon Sproat UTIL Tyler Mahle UTIL Heliot Ramos UTIL Cooper Pratt UTIL Joey Ortiz,,,
879,5200950511,flypaperpayne,0,42.6,CPT William Contreras UTIL Brandon Sproat UTIL Tyler Mahle UTIL Bryce Eldridge UTIL Andrew Vaughn UTIL Drew Gilbert,,,
886,5200398813,Fuzz988 (4/20),0,42.5,CPT Bryce Eldridge UTIL Tyler Mahle UTIL Luis Arraez UTIL Heliot Ramos UTIL Rafael Devers UTIL Cooper Pratt,,,
886,5200418891,whoisjohngalt420 (17/20),0,42.5,CPT Rafael Devers UTIL Tyler Mahle UTIL Luis Arraez UTIL Heliot Ramos UTIL Bryce Eldridge UTIL Cooper Pratt,,,
886,5200419355,KGould86 (20/20),0,42.5,CPT Rafael Devers UTIL Tyler Mahle UTIL Luis Arraez UTIL Heliot Ramos UTIL Bryce Eldridge UTIL Cooper Pratt,,,
886,5200524080,austin60915 (3/20),0,42.5,CPT Rafael Devers UTIL Tyler Mahle UTIL Luis Arraez UTIL Heliot Ramos UTIL Bryce Eldridge UTIL Cooper Pratt,,,
886,5200811501,grantgoupil (2/20),0,42.5,CPT Rafael Devers UTIL Tyler Mahle UTIL Luis Arraez UTIL Heliot Ramos UTIL Bryce Eldridge UTIL Cooper Pratt,,,
886,5200840610,pat_the_hat2 (19/20),0,42.5,CPT Brice Turang UTIL Tyler Mahle UTIL Luis Arraez UTIL Rafael Devers UTIL Jesus Rodriguez UTIL Drew Gilbert,,,
886,5200845369,jnathng,0,42.5,CPT Rafael Devers UTIL Tyler Mahle UTIL Christian Yelich UTIL Luis Arraez UTIL Bryce Eldridge UTIL Jesus Rodriguez,,,
886,5200871865,trappwimm80 (13/20),0,42.5,CPT Luis Arraez UTIL Tyler Mahle UTIL Casey Schmitt UTIL Rafael Devers UTIL Bryce Eldridge UTIL Joey Ortiz,,,
886,5200912376,killbill92321,0,42.5,CPT Bryce Eldridge UTIL Tyler Mahle UTIL Christian Yelich UTIL Luis Arraez UTIL Willy Adames UTIL Cooper Pratt,,,
886,5200930071,ballgame1881 (15/20),0,42.5,CPT Rafael Devers UTIL Tyler Mahle UTIL Luis Arraez UTIL Willy Adames UTIL Bryce Eldridge UTIL Joey Ortiz,,,
886,5200954650,Laylakuf,0,42.5,CPT Rafael Devers UTIL Tyler Mahle UTIL Luis Arraez UTIL Heliot Ramos UTIL Bryce Eldridge UTIL Cooper Pratt,,,
886,5200968653,Falcons-21,0,42.5,CPT Rafael Devers UTIL Tyler Mahle UTIL Christian Yelich UTIL Luis Arraez UTIL Bryce Eldridge UTIL Jesus Rodriguez,,,
886,5200971901,Mige1 (10/20),0,42.5,CPT Rafael Devers UTIL Tyler Mahle UTIL Christian Yelich UTIL Luis Arraez UTIL Bryce Eldridge UTIL Jesus Rodriguez,,,
899,5200258814,ivymoose (17/20),0,42.15,CPT Brandon Sproat UTIL Jackson Chourio UTIL William Contreras UTIL Garrett Mitchell UTIL Andrew Vaughn UTIL Grant McCray,,,
899,5200330974,tbjones2121 (20/20),0,42.15,CPT Brandon Sproat UTIL Brice Turang UTIL Jake Bauers UTIL William Contreras UTIL Andrew Vaughn UTIL Grant McCray,,,
899,5200359234,MoneyRamirez (19/20),0,42.15,CPT Brandon Sproat UTIL Brice Turang UTIL Jake Bauers UTIL William Contreras UTIL Andrew Vaughn UTIL Grant McCray,,,
899,5200417230,Hotdogfatboy (1/4),0,42.15,CPT Brandon Sproat UTIL Brice Turang UTIL Jake Bauers UTIL William Contreras UTIL Andrew Vaughn UTIL Grant McCray,,,
899,5200418877,whoisjohngalt420 (3/20),0,42.15,CPT Brandon Sproat UTIL Brice Turang UTIL Jake Bauers UTIL William Contreras UTIL Andrew Vaughn UTIL Grant McCray,,,
899,5200419342,KGould86 (7/20),0,42.15,CPT Brandon Sproat UTIL Brice Turang UTIL Jake Bauers UTIL William Contreras UTIL Andrew Vaughn UTIL Grant McCray,,,
899,5200472726,rsumrall (14/20),0,42.15,CPT Brandon Sproat UTIL Brice Turang UTIL Jake Bauers UTIL William Contreras UTIL Andrew Vaughn UTIL Grant McCray,,,
899,5200536120,Skipper55 (11/20),0,42.15,CPT Brandon Sproat UTIL Christian Yelich UTIL Jake Bauers UTIL William Contreras UTIL Andrew Vaughn UTIL Grant McCray,,,
899,5200638746,bellsofwar3 (11/20),0,42.15,CPT Brandon Sproat UTIL Brice Turang UTIL Jake Bauers UTIL William Contreras UTIL Andrew Vaughn UTIL Grant McCray,,,
899,5200642421,cabrera,0,42.15,CPT Brandon Sproat UTIL Jackson Chourio UTIL Brice Turang UTIL Rafael Devers UTIL Drew Gilbert UTIL Grant McCray,,,
899,5200717719,JaserD (5/20),0,42.15,CPT Brandon Sproat UTIL Brice Turang UTIL Jake Bauers UTIL William Contreras UTIL Andrew Vaughn UTIL Grant McCray,,,
899,5200835845,sbolomo (15/20),0,42.15,CPT Brandon Sproat UTIL Brice Turang UTIL Jake Bauers UTIL Garrett Mitchell UTIL Andrew Vaughn UTIL Grant McCray,,,
899,5200835848,sbolomo (18/20),0,42.15,CPT Brandon Sproat UTIL Brice Turang UTIL Jake Bauers UTIL William Contreras UTIL Andrew Vaughn UTIL Grant McCray,,,
899,5200913768,PokerChump (6/20),0,42.15,CPT Brandon Sproat UTIL Brice Turang UTIL Jake Bauers UTIL William Contreras UTIL Andrew Vaughn UTIL Grant McCray,,,
899,5200929447,KingTerryPegula (10/20),0,42.15,CPT Brandon Sproat UTIL Christian Yelich UTIL Jake Bauers UTIL William Contreras UTIL Andrew Vaughn UTIL Grant McCray,,,
899,5200930058,ballgame1881 (2/20),0,42.15,CPT Brandon Sproat UTIL Jackson Chourio UTIL William Contreras UTIL Garrett Mitchell UTIL Andrew Vaughn UTIL Grant McCray,,,
899,5200948448,Ezilodi (14/20),0,42.15,CPT Brandon Sproat UTIL Christian Yelich UTIL Jake Bauers UTIL William Contreras UTIL Andrew Vaughn UTIL Grant McCray,,,
899,5200949005,JJSaenz (16/20),0,42.15,CPT Brandon Sproat UTIL Jackson Chourio UTIL Jake Bauers UTIL William Contreras UTIL Cooper Pratt UTIL Grant McCray,,,
899,5200949006,JJSaenz (17/20),0,42.15,CPT Brandon Sproat UTIL Brice Turang UTIL Jake Bauers UTIL Garrett Mitchell UTIL Andrew Vaughn UTIL Grant McCray,,,
899,5200953253,kylhub10 (20/20),0,42.15,CPT Brandon Sproat UTIL Brice Turang UTIL Jake Bauers UTIL William Contreras UTIL Andrew Vaughn UTIL Grant McCray,,,
899,5200956228,coolsouthernbrees (4/18),0,42.15,CPT Brandon Sproat UTIL Jackson Chourio UTIL Jake Bauers UTIL William Contreras UTIL Cooper Pratt UTIL Grant McCray,,,
899,5200971896,Mige1 (5/20),0,42.15,CPT Brandon Sproat UTIL Brice Turang UTIL Jake Bauers UTIL William Contreras UTIL Andrew Vaughn UTIL Grant McCray,,,
899,5200987054,Aslayday (2/4),0,42.15,CPT Brandon Sproat UTIL Jackson Chourio UTIL Brice Turang UTIL Rafael Devers UTIL Drew Gilbert UTIL Grant McCray,,,
922,5200431907,Devon_g117 (1/2),0,42.1,CPT Jake Bauers UTIL Brandon Sproat UTIL Tyler Mahle UTIL Rafael Devers UTIL Joey Ortiz UTIL Drew Gilbert,,,
922,5200947736,tpyo (12/20),0,42.1,CPT Jackson Chourio UTIL Brandon Sproat UTIL Tyler Mahle UTIL Cooper Pratt UTIL Joey Ortiz UTIL Drew Gilbert,,,
922,5200977918,zacfab9,0,42.1,CPT Jackson Chourio UTIL Brandon Sproat UTIL Tyler Mahle UTIL Cooper Pratt UTIL Joey Ortiz UTIL Drew Gilbert,,,
925,5200971903,Mige1 (12/20),0,42,CPT Heliot Ramos UTIL Tyler Mahle UTIL Luis Arraez UTIL Rafael Devers UTIL Garrett Mitchell UTIL Cooper Pratt,,,
926,5200973782,rootie8715,0,41.75,CPT Tyler Mahle UTIL Brice Turang UTIL Rafael Devers UTIL Bryce Eldridge UTIL Andrew Vaughn UTIL Cooper Pratt,,,
927,5200486410,FoxyGrandpa252 (2/8),0,41.65,CPT Brandon Sproat UTIL Tyler Mahle UTIL Jackson Chourio UTIL Trevor Megill UTIL Abner Uribe UTIL Aaron Ashby,,,
928,5200497955,byronwallace,0,41.6,CPT Rafael Devers UTIL Brandon Sproat UTIL Tyler Mahle UTIL Jake Bauers UTIL Joey Ortiz UTIL Drew Gilbert,,,
928,5200802412,Orangechocolate70 (11/12),0,41.6,CPT Andrew Vaughn UTIL Brandon Sproat UTIL Jackson Chourio UTIL Brice Turang UTIL Jake Bauers UTIL Grant McCray,,,
928,5200867043,cwthrow24 (19/20),0,41.6,CPT Rafael Devers UTIL Brandon Sproat UTIL Tyler Mahle UTIL Casey Schmitt UTIL Joey Ortiz UTIL Drew Gilbert,,,
928,5200947728,tpyo (4/20),0,41.6,CPT Brice Turang UTIL Brandon Sproat UTIL Tyler Mahle UTIL Cooper Pratt UTIL Jesus Rodriguez UTIL Joey Ortiz,,,
928,5200950547,Asottman,0,41.6,CPT Rafael Devers UTIL Brandon Sproat UTIL Tyler Mahle UTIL Jake Bauers UTIL Joey Ortiz UTIL Drew Gilbert,,,
928,5200964058,macattack3286 (2/3),0,41.6,CPT Joey Ortiz UTIL Brandon Sproat UTIL Tyler Mahle UTIL Rafael Devers UTIL Garrett Mitchell UTIL Willy Adames,,,
934,5200501786,briguy13 (14/20),0,41.5,CPT Bryce Eldridge UTIL Tyler Mahle UTIL Luis Arraez UTIL Heliot Ramos UTIL William Contreras UTIL Drew Gilbert,,,
934,5200871867,trappwimm80 (15/20),0,41.5,CPT Rafael Devers UTIL Tyler Mahle UTIL Casey Schmitt UTIL Luis Arraez UTIL Heliot Ramos UTIL Blake Perkins,,,
934,5200894516,84flipmode (16/20),0,41.5,CPT Rafael Devers UTIL Tyler Mahle UTIL Brice Turang UTIL Bryce Eldridge UTIL Joey Ortiz UTIL Grant McCray,,,
934,5200985811,Runninrebel02 (11/14),0,41.5,CPT Bryce Eldridge UTIL Tyler Mahle UTIL Brice Turang UTIL Luis Arraez UTIL Heliot Ramos UTIL Drew Gilbert,,,
938,5200327724,gbadertscher (2/7),0,41.15,CPT Brandon Sproat UTIL Jackson Chourio UTIL Christian Yelich UTIL Rafael Devers UTIL Cooper Pratt UTIL Grant McCray,,,
938,5200439154,rkjniner (1/2),0,41.15,CPT Brandon Sproat UTIL Jackson Chourio UTIL Christian Yelich UTIL Rafael Devers UTIL Cooper Pratt UTIL Grant McCray,,,
938,5200599730,Blazers75,0,41.15,CPT Brandon Sproat UTIL Brice Turang UTIL Christian Yelich UTIL Heliot Ramos UTIL Cooper Pratt UTIL Grant McCray,,,
938,5200898923,dgotti30,0,41.15,CPT Brandon Sproat UTIL Heliot Ramos UTIL Rafael Devers UTIL Willy Adames UTIL Bryce Eldridge UTIL Jesus Rodriguez,,,
938,5200934119,U4real,0,41.15,CPT Brandon Sproat UTIL Brice Turang UTIL Casey Schmitt UTIL Rafael Devers UTIL Cooper Pratt UTIL Grant McCray,,,
938,5200976383,Alancey (2/5),0,41.15,CPT Brandon Sproat UTIL Jackson Chourio UTIL Christian Yelich UTIL Rafael Devers UTIL Cooper Pratt UTIL Grant McCray,,,
938,5200979137,Biscuits209 (2/4),0,41.15,CPT Brandon Sproat UTIL Jackson Chourio UTIL Christian Yelich UTIL Bryce Eldridge UTIL Cooper Pratt UTIL Grant McCray,,,
945,5200491653,jsamtoy (6/20),0,41.1,CPT Brice Turang UTIL Brandon Sproat UTIL Jackson Chourio UTIL Jake Bauers UTIL Jesus Rodriguez UTIL Grant McCray,,,
945,5200811519,grantgoupil (20/20),0,41.1,CPT Brice Turang UTIL Brandon Sproat UTIL Jackson Chourio UTIL Jake Bauers UTIL Jesus Rodriguez UTIL Grant McCray,,,
945,5200953252,crackhead9,0,41.1,CPT Luis Arraez UTIL Brandon Sproat UTIL Jackson Chourio UTIL Rafael Devers UTIL Cooper Pratt UTIL Jesus Rodriguez,,,
945,5200957678,rick052954 (10/10),0,41.1,CPT Drew Gilbert UTIL Brandon Sproat UTIL Tyler Mahle UTIL Brice Turang UTIL Rafael Devers UTIL Cooper Pratt,,,
949,5200957911,Dirkdynasty (3/6),0,41,CPT Jake Bauers UTIL Tyler Mahle UTIL Jackson Chourio UTIL Casey Schmitt UTIL Jesus Rodriguez UTIL Drew Gilbert,,,
950,5200359223,MoneyRamirez (8/20),0,40.75,CPT Tyler Mahle UTIL Casey Schmitt UTIL Rafael Devers UTIL Garrett Mitchell UTIL Bryce Eldridge UTIL Drew Gilbert,,,
950,5200426848,joe_mac10,0,40.75,CPT Tyler Mahle UTIL Jackson Chourio UTIL Brice Turang UTIL Andrew Vaughn UTIL Cooper Pratt UTIL Joey Ortiz,,,
950,5200638737,bellsofwar3 (2/20),0,40.75,CPT Tyler Mahle UTIL Casey Schmitt UTIL Rafael Devers UTIL Garrett Mitchell UTIL Bryce Eldridge UTIL Drew Gilbert,,,
950,5200641276,floydian80 (6/20),0,40.75,CPT Tyler Mahle UTIL Casey Schmitt UTIL Rafael Devers UTIL Garrett Mitchell UTIL Bryce Eldridge UTIL Drew Gilbert,,,
950,5200846142,jaydrafted (2/2),0,40.75,CPT Tyler Mahle UTIL Jackson Chourio UTIL William Contreras UTIL Bryce Eldridge UTIL Andrew Vaughn UTIL Joey Ortiz,,,
950,5200859445,fireball43 (1/3),0,40.75,CPT Tyler Mahle UTIL Casey Schmitt UTIL Rafael Devers UTIL Garrett Mitchell UTIL Bryce Eldridge UTIL Drew Gilbert,,,
950,5200913767,PokerChump (5/20),0,40.75,CPT Tyler Mahle UTIL Casey Schmitt UTIL Rafael Devers UTIL Garrett Mitchell UTIL Bryce Eldridge UTIL Drew Gilbert,,,
950,5200933136,cootiie959 (3/3),0,40.75,CPT Tyler Mahle UTIL Heliot Ramos UTIL William Contreras UTIL Rafael Devers UTIL Garrett Mitchell UTIL Drew Gilbert,,,
950,5200948454,Ezilodi (20/20),0,40.75,CPT Tyler Mahle UTIL Heliot Ramos UTIL William Contreras UTIL Rafael Devers UTIL Garrett Mitchell UTIL Drew Gilbert,,,
959,5200414461,az350z (1/20),0,40.65,CPT Brandon Sproat UTIL Tyler Mahle UTIL Christian Yelich UTIL Cooper Pratt UTIL Joey Ortiz UTIL Trevor Megill,,,
959,5200486415,FoxyGrandpa252 (7/8),0,40.65,CPT Brandon Sproat UTIL Tyler Mahle UTIL Christian Yelich UTIL Cooper Pratt UTIL Joey Ortiz UTIL Trevor Megill,,,
959,5200491652,jsamtoy (5/20),0,40.65,CPT Brandon Sproat UTIL Tyler Mahle UTIL Christian Yelich UTIL Cooper Pratt UTIL Joey Ortiz UTIL Grant Anderson,,,
959,5200567888,Flash788 (3/9),0,40.65,CPT Brandon Sproat UTIL Tyler Mahle UTIL Christian Yelich UTIL Cooper Pratt UTIL Joey Ortiz UTIL Trevor Megill,,,
959,5200764552,USMBrad14 (2/20),0,40.65,CPT Brandon Sproat UTIL Tyler Mahle UTIL Christian Yelich UTIL Cooper Pratt UTIL Joey Ortiz UTIL Trevor Megill,,,
964,5200403731,goofybh207 (3/3),0,40.6,CPT Cooper Pratt UTIL Brandon Sproat UTIL Tyler Mahle UTIL William Contreras UTIL Garrett Mitchell UTIL Andrew Vaughn,,,
964,5200538473,mjrlaw23 (10/20),0,40.6,CPT Joey Ortiz UTIL Brandon Sproat UTIL Tyler Mahle UTIL Jackson Chourio UTIL Rafael Devers UTIL Drew Gilbert,,,
964,5200662326,Zenplayer1 (5/5),0,40.6,CPT Cooper Pratt UTIL Brandon Sproat UTIL Tyler Mahle UTIL Christian Yelich UTIL Rafael Devers UTIL Drew Gilbert,,,
964,5200844062,juzaro,0,40.6,CPT Jake Bauers UTIL Brandon Sproat UTIL Jackson Chourio UTIL Christian Yelich UTIL Andrew Vaughn UTIL Grant McCray,,,
964,5200903596,Lynette55 (1/3),0,40.6,CPT Cooper Pratt UTIL Brandon Sproat UTIL Tyler Mahle UTIL Jake Bauers UTIL Rafael Devers UTIL Joey Ortiz,,,
964,5200903627,Lynette55 (3/3),0,40.6,CPT Cooper Pratt UTIL Brandon Sproat UTIL Tyler Mahle UTIL Jake Bauers UTIL Rafael Devers UTIL Joey Ortiz,,,
964,5200926672,Q33Q (2/2),0,40.6,CPT Cooper Pratt UTIL Brandon Sproat UTIL Tyler Mahle UTIL Jake Bauers UTIL Rafael Devers UTIL Joey Ortiz,,,
964,5200947727,tpyo (3/20),0,40.6,CPT Rafael Devers UTIL Brandon Sproat UTIL Tyler Mahle UTIL Garrett Mitchell UTIL Andrew Vaughn UTIL Joey Ortiz,,,
964,5200947729,tpyo (5/20),0,40.6,CPT Bryce Eldridge UTIL Brandon Sproat UTIL Tyler Mahle UTIL Jake Bauers UTIL Cooper Pratt UTIL Joey Ortiz,,,
964,5200949241,xXxPLOSIVE (4/5),0,40.6,CPT Cooper Pratt UTIL Brandon Sproat UTIL Tyler Mahle UTIL Jake Bauers UTIL Rafael Devers UTIL Joey Ortiz,,,
964,5200949984,snipedanglecelly (1/3),0,40.6,CPT Rafael Devers UTIL Brandon Sproat UTIL Tyler Mahle UTIL William Contreras UTIL Cooper Pratt UTIL Drew Gilbert,,,
964,5200955828,faseone01,0,40.6,CPT Jackson Chourio UTIL Brandon Sproat UTIL Brice Turang UTIL Heliot Ramos UTIL Drew Gilbert UTIL Grant McCray,,,
964,5200957672,rick052954 (4/10),0,40.6,CPT Joey Ortiz UTIL Brandon Sproat UTIL Tyler Mahle UTIL Jackson Chourio UTIL Rafael Devers UTIL Drew Gilbert,,,
964,5200969229,jeffmorris007 (17/20),0,40.6,CPT Garrett Mitchell UTIL Brandon Sproat UTIL Tyler Mahle UTIL William Contreras UTIL Andrew Vaughn UTIL Drew Gilbert,,,
964,5200975781,namebran26 (5/8),0,40.6,CPT Christian Yelich UTIL Brandon Sproat UTIL Tyler Mahle UTIL Andrew Vaughn UTIL Joey Ortiz UTIL Drew Gilbert,,,
979,5200296896,Hinkle76 (9/10),0,40.5,CPT Rafael Devers UTIL Tyler Mahle UTIL Casey Schmitt UTIL Luis Arraez UTIL Bryce Eldridge UTIL Cooper Pratt,,,
979,5200340278,Kep1215,0,40.5,CPT Bryce Eldridge UTIL Tyler Mahle UTIL Casey Schmitt UTIL Luis Arraez UTIL Rafael Devers UTIL Cooper Pratt,,,
979,5200745625,shanemoore27 (8/20),0,40.5,CPT Rafael Devers UTIL Tyler Mahle UTIL Casey Schmitt UTIL Luis Arraez UTIL Bryce Eldridge UTIL Cooper Pratt,,,
979,5200871869,trappwimm80 (17/20),0,40.5,CPT Bryce Eldridge UTIL Tyler Mahle UTIL Casey Schmitt UTIL Luis Arraez UTIL Rafael Devers UTIL Cooper Pratt,,,
979,5200952086,Marque88,0,40.5,CPT Cooper Pratt UTIL Tyler Mahle UTIL Jackson Chourio UTIL Luis Arraez UTIL Rafael Devers UTIL Bryce Eldridge,,,
979,5200958994,tdavis96,0,40.5,CPT Rafael Devers UTIL Tyler Mahle UTIL Luis Arraez UTIL Heliot Ramos UTIL Garrett Mitchell UTIL Cooper Pratt,,,
985,5200343862,kreller17 (14/20),0,40.15,CPT Brandon Sproat UTIL Jackson Chourio UTIL Christian Yelich UTIL William Contreras UTIL Drew Gilbert UTIL Grant McCray,,,
985,5200648896,fullerf54 (2/20),0,40.15,CPT Brandon Sproat UTIL Jackson Chourio UTIL Brice Turang UTIL William Contreras UTIL Drew Gilbert UTIL Grant McCray,,,
985,5200649152,fullerf54 (3/20),0,40.15,CPT Brandon Sproat UTIL Brice Turang UTIL Christian Yelich UTIL Jake Bauers UTIL Drew Gilbert UTIL Grant McCray,,,
985,5200986500,wwc951 (6/7),0,40.15,CPT Brandon Sproat UTIL Jake Bauers UTIL William Contreras UTIL Willy Adames UTIL Andrew Vaughn UTIL Jesus Rodriguez,,,
989,5200714481,dom63,0,40.1,CPT Jake Bauers UTIL Brandon Sproat UTIL Tyler Mahle UTIL Garrett Mitchell UTIL Joey Ortiz UTIL Drew Gilbert,,,
989,5200857102,BakeIt.MakeIt,0,40.1,CPT Luis Arraez UTIL Brandon Sproat UTIL Jackson Chourio UTIL Bryce Eldridge UTIL Andrew Vaughn UTIL Drew Gilbert,,,
989,5200887404,84flipmode (1/20),0,40.1,CPT Christian Yelich UTIL Brandon Sproat UTIL Luis Arraez UTIL Rafael Devers UTIL Garrett Mitchell UTIL Grant McCray,,,
989,5200931531,ncpackfan30,0,40.1,CPT Luis Arraez UTIL Brandon Sproat UTIL Jackson Chourio UTIL Rafael Devers UTIL Andrew Vaughn UTIL Drew Gilbert,,,
989,5200947741,tpyo (17/20),0,40.1,CPT Jake Bauers UTIL Brandon Sproat UTIL Tyler Mahle UTIL Garrett Mitchell UTIL Joey Ortiz UTIL Drew Gilbert,,,
994,5200258803,ivymoose (6/20),0,40,CPT Casey Schmitt UTIL Tyler Mahle UTIL Luis Arraez UTIL William Contreras UTIL Bryce Eldridge UTIL Drew Gilbert,,,
994,5200708766,Thomdril_terlanis,0,40,CPT Grant McCray UTIL Jackson Chourio UTIL Brice Turang UTIL Christian Yelich UTIL Casey Schmitt UTIL Luis Arraez,,,
994,5200785147,wano0916 (10/20),0,40,CPT Drew Gilbert UTIL Tyler Mahle UTIL Jackson Chourio UTIL Casey Schmitt UTIL Rafael Devers UTIL Willy Adames,,,
994,5200930075,ballgame1881 (19/20),0,40,CPT Heliot Ramos UTIL Tyler Mahle UTIL William Contreras UTIL Willy Adames UTIL Bryce Eldridge UTIL Drew Gilbert,,,
994,5200939117,Ducha23 (1/5),0,40,CPT Luis Arraez UTIL Jackson Chourio UTIL Christian Yelich UTIL Casey Schmitt UTIL Jake Bauers UTIL Grant McCray,,,
994,5200947614,kylhub10 (11/20),0,40,CPT Grant McCray UTIL Jackson Chourio UTIL Brice Turang UTIL Christian Yelich UTIL Casey Schmitt UTIL Luis Arraez,,,
994,5200948446,Ezilodi (12/20),0,40,CPT Willy Adames UTIL Tyler Mahle UTIL Brice Turang UTIL Rafael Devers UTIL Bryce Eldridge UTIL Andrew Vaughn,,,
1001,5200691611,kellydjk (1/4),0,39.75,CPT Tyler Mahle UTIL Garrett Mitchell UTIL Willy Adames UTIL Bryce Eldridge UTIL Gary Sanchez UTIL Eric Haase,,,
1001,5200842596,jaydrafted (1/2),0,39.75,CPT Tyler Mahle UTIL Jackson Chourio UTIL Jake Bauers UTIL William Contreras UTIL Joey Ortiz UTIL Drew Gilbert,,,
1003,5200311253,beautifulchaos01,0,39.6,CPT Luis Lara UTIL Brandon Sproat UTIL Tyler Mahle UTIL Jake Bauers UTIL Rafael Devers UTIL Cooper Pratt,,,
1003,5200538472,mjrlaw23 (9/20),0,39.6,CPT Joey Ortiz UTIL Brandon Sproat UTIL Tyler Mahle UTIL Brice Turang UTIL Garrett Mitchell UTIL Jesus Rodriguez,,,
1005,5200330963,tbjones2121 (9/20),0,39.5,CPT Rafael Devers UTIL Tyler Mahle UTIL Casey Schmitt UTIL Luis Arraez UTIL William Contreras UTIL Drew Gilbert,,,
1005,5200343849,kreller17 (1/20),0,39.5,CPT Rafael Devers UTIL Tyler Mahle UTIL Casey Schmitt UTIL Luis Arraez UTIL William Contreras UTIL Drew Gilbert,,,
1005,5200501790,briguy13 (18/20),0,39.5,CPT Rafael Devers UTIL Tyler Mahle UTIL Casey Schmitt UTIL Luis Arraez UTIL William Contreras UTIL Drew Gilbert,,,
1005,5200685694,PurpleReign1313 (2/2),0,39.5,CPT Rafael Devers UTIL Tyler Mahle UTIL Casey Schmitt UTIL Luis Arraez UTIL William Contreras UTIL Drew Gilbert,,,
1005,5200865217,Besoyan77,0,39.5,CPT Rafael Devers UTIL Tyler Mahle UTIL Casey Schmitt UTIL Luis Arraez UTIL William Contreras UTIL Drew Gilbert,,,
1005,5200959811,Mr.luckyGuy (3/4),0,39.5,CPT Jesus Rodriguez UTIL Jackson Chourio UTIL Luis Arraez UTIL William Contreras UTIL Garrett Mitchell UTIL Grant McCray,,,
1011,5200476852,wcs1109 (3/20),0,39.15,CPT Brandon Sproat UTIL Brice Turang UTIL William Contreras UTIL Garrett Mitchell UTIL Andrew Vaughn UTIL Grant McCray,,,
1011,5200491649,jsamtoy (2/20),0,39.15,CPT Brandon Sproat UTIL Jackson Chourio UTIL Christian Yelich UTIL Garrett Mitchell UTIL Cooper Pratt UTIL Grant McCray,,,
1011,5200536129,Skipper55 (20/20),0,39.15,CPT Brandon Sproat UTIL Jackson Chourio UTIL Christian Yelich UTIL Garrett Mitchell UTIL Cooper Pratt UTIL Grant McCray,,,
1011,5200764560,USMBrad14 (10/20),0,39.15,CPT Brandon Sproat UTIL Brice Turang UTIL Christian Yelich UTIL Garrett Mitchell UTIL Andrew Vaughn UTIL Grant McCray,,,
1011,5200835847,sbolomo (17/20),0,39.15,CPT Brandon Sproat UTIL Brice Turang UTIL Jake Bauers UTIL William Contreras UTIL Cooper Pratt UTIL Grant McCray,,,
1011,5200853586,Chilaxen (3/6),0,39.15,CPT Brandon Sproat UTIL Jackson Chourio UTIL Christian Yelich UTIL Garrett Mitchell UTIL Cooper Pratt UTIL Grant McCray,,,
1011,5200859427,EmeraldReign (2/3),0,39.15,CPT Brandon Sproat UTIL Brice Turang UTIL Christian Yelich UTIL Garrett Mitchell UTIL Andrew Vaughn UTIL Grant McCray,,,
1011,5200871038,ATremor (1/2),0,39.15,CPT Brandon Sproat UTIL Jackson Chourio UTIL Brice Turang UTIL Bryce Eldridge UTIL Joey Ortiz UTIL Grant McCray,,,
1011,5200947611,kylhub10 (8/20),0,39.15,CPT Brandon Sproat UTIL Jackson Chourio UTIL Christian Yelich UTIL Cooper Pratt UTIL Joey Ortiz UTIL Grant McCray,,,
1020,5200908376,24Radar4urass.24,0,39.1,CPT Luis Arraez UTIL Brandon Sproat UTIL Jackson Chourio UTIL Willy Adames UTIL Cooper Pratt UTIL Luis Lara,,,
1020,5200984560,Striker15 (5/5),0,39.1,CPT Grant McCray UTIL Brandon Sproat UTIL Jackson Chourio UTIL Brice Turang UTIL Christian Yelich UTIL Garrett Mitchell,,,
1022,5200414474,az350z (14/20),0,39.05,CPT Brandon Sproat UTIL Luis Arraez UTIL Jake Bauers UTIL William Contreras UTIL Cooper Pratt UTIL Garrett Stallings,,,
1023,5200414478,az350z (18/20),0,39,CPT Casey Schmitt UTIL Tyler Mahle UTIL Heliot Ramos UTIL William Contreras UTIL Bryce Eldridge UTIL Jesus Rodriguez,,,
1023,5200720639,mrclean913 (10/20),0,39,CPT Casey Schmitt UTIL Tyler Mahle UTIL Luis Arraez UTIL Rafael Devers UTIL Bryce Eldridge UTIL Joey Ortiz,,,
1023,5200720649,mrclean913 (20/20),0,39,CPT Willy Adames UTIL Tyler Mahle UTIL Brice Turang UTIL Casey Schmitt UTIL Rafael Devers UTIL Drew Gilbert,,,
1023,5200871864,trappwimm80 (12/20),0,39,CPT Casey Schmitt UTIL Tyler Mahle UTIL Luis Arraez UTIL Rafael Devers UTIL Bryce Eldridge UTIL Joey Ortiz,,,
1023,5200907214,yanksfan941 (3/6),0,39,CPT Casey Schmitt UTIL Tyler Mahle UTIL Heliot Ramos UTIL Rafael Devers UTIL Willy Adames UTIL Joey Ortiz,,,
1023,5200947730,tpyo (6/20),0,39,CPT Jake Bauers UTIL Tyler Mahle UTIL Jackson Chourio UTIL Rafael Devers UTIL Cooper Pratt UTIL Jesus Rodriguez,,,
1029,5200698194,Thurxa11,0,38.65,CPT Brandon Sproat UTIL Tyler Mahle UTIL Jonah Cox UTIL Jerar Encarnacion UTIL Jared Oliva UTIL Diego Cartaya,,,
1030,5200871861,trappwimm80 (9/20),0,38.6,CPT Andrew Vaughn UTIL Brandon Sproat UTIL Jackson Chourio UTIL Brice Turang UTIL Christian Yelich UTIL Grant McCray,,,
1030,5200930441,Richchrys24 (4/5),0,38.6,CPT Heliot Ramos UTIL Brandon Sproat UTIL Luis Arraez UTIL Garrett Mitchell UTIL Willy Adames UTIL Cooper Pratt,,,
1030,5200947606,kylhub10 (3/20),0,38.6,CPT Andrew Vaughn UTIL Brandon Sproat UTIL Jackson Chourio UTIL Brice Turang UTIL Christian Yelich UTIL Grant McCray,,,
1030,5200975777,namebran26 (1/8),0,38.6,CPT Andrew Vaughn UTIL Brandon Sproat UTIL Jackson Chourio UTIL Brice Turang UTIL Christian Yelich UTIL Grant McCray,,,
1030,5200978861,303Nandy,0,38.6,CPT Cooper Pratt UTIL Brandon Sproat UTIL Tyler Mahle UTIL Jake Bauers UTIL William Contreras UTIL Joey Ortiz,,,
1035,5200538466,mjrlaw23 (3/20),0,38.5,CPT Rafael Devers UTIL Tyler Mahle UTIL Brice Turang UTIL Heliot Ramos UTIL Willy Adames UTIL Drew Gilbert,,,
1035,5200538477,mjrlaw23 (14/20),0,38.5,CPT Cooper Pratt UTIL Tyler Mahle UTIL Christian Yelich UTIL Jake Bauers UTIL Heliot Ramos UTIL Willy Adames,,,
1035,5200764559,USMBrad14 (9/20),0,38.5,CPT Rafael Devers UTIL Tyler Mahle UTIL Brice Turang UTIL Luis Arraez UTIL Bryce Eldridge UTIL Drew Gilbert,,,
1035,5200891659,martini13,0,38.5,CPT Bryce Eldridge UTIL Tyler Mahle UTIL Casey Schmitt UTIL Heliot Ramos UTIL Rafael Devers UTIL Andrew Vaughn,,,
1035,5200893607,derekburrell (2/2),0,38.5,CPT Rafael Devers UTIL Tyler Mahle UTIL Casey Schmitt UTIL Heliot Ramos UTIL Andrew Vaughn UTIL Cooper Pratt,,,
1035,5200916219,fantasyheaven (1/20),0,38.5,CPT Bryce Eldridge UTIL Tyler Mahle UTIL Casey Schmitt UTIL Heliot Ramos UTIL Rafael Devers UTIL Andrew Vaughn,,,
1035,5200916299,fantasyheaven (2/20),0,38.5,CPT Rafael Devers UTIL Tyler Mahle UTIL Casey Schmitt UTIL Heliot Ramos UTIL Bryce Eldridge UTIL Andrew Vaughn,,,
1035,5200930074,ballgame1881 (18/20),0,38.5,CPT Bryce Eldridge UTIL Tyler Mahle UTIL Casey Schmitt UTIL Heliot Ramos UTIL Rafael Devers UTIL Andrew Vaughn,,,
1035,5200948498,broncossb (10/17),0,38.5,CPT Heliot Ramos UTIL Jackson Chourio UTIL Brice Turang UTIL Luis Arraez UTIL Bryce Eldridge UTIL Grant McCray,,,
1035,5200976359,Bo-Jackson (2/2),0,38.5,CPT Rafael Devers UTIL Tyler Mahle UTIL Casey Schmitt UTIL William Contreras UTIL Willy Adames UTIL Andrew Vaughn,,,
1035,5200978582,tdog90,0,38.5,CPT Rafael Devers UTIL Tyler Mahle UTIL Christian Yelich UTIL Luis Arraez UTIL Bryce Eldridge UTIL Drew Gilbert,,,
1046,5200327723,gbadertscher (1/7),0,38.15,CPT Brandon Sproat UTIL Brice Turang UTIL Christian Yelich UTIL Rafael Devers UTIL Cooper Pratt UTIL Grant McCray,,,
1046,5200445733,73pd2x (13/20),0,38.15,CPT Brandon Sproat UTIL Jackson Chourio UTIL Jake Bauers UTIL Andrew Vaughn UTIL Cooper Pratt UTIL Jesus Rodriguez,,,
1046,5200939753,Bmajik216,0,38.15,CPT Brandon Sproat UTIL Christian Yelich UTIL Rafael Devers UTIL Garrett Mitchell UTIL Bryce Eldridge UTIL Grant McCray,,,
1046,5200947612,kylhub10 (9/20),0,38.15,CPT Brandon Sproat UTIL Brice Turang UTIL Christian Yelich UTIL Rafael Devers UTIL Cooper Pratt UTIL Grant McCray,,,
1046,5200965392,pfanbel,0,38.15,CPT Brandon Sproat UTIL Jackson Chourio UTIL Luis Arraez UTIL Andrew Vaughn UTIL Cooper Pratt UTIL Joey Ortiz,,,
1046,5200983349,Alancey (4/5),0,38.15,CPT Brandon Sproat UTIL Brice Turang UTIL Christian Yelich UTIL Rafael Devers UTIL Cooper Pratt UTIL Grant McCray,,,
1052,5200408362,david197576,0,38.1,CPT Brice Turang UTIL Brandon Sproat UTIL Casey Schmitt UTIL Garrett Mitchell UTIL Willy Adames UTIL Grant McCray,,,
1053,5200745634,shanemoore27 (17/20),0,38,CPT Drew Gilbert UTIL Tyler Mahle UTIL Jackson Chourio UTIL Casey Schmitt UTIL Heliot Ramos UTIL Rafael Devers,,,
1053,5200785148,wano0916 (11/20),0,38,CPT Drew Gilbert UTIL Tyler Mahle UTIL Jackson Chourio UTIL Casey Schmitt UTIL Heliot Ramos UTIL Rafael Devers,,,
1053,5200985812,Runninrebel02 (12/14),0,38,CPT Drew Gilbert UTIL Tyler Mahle UTIL Jackson Chourio UTIL Casey Schmitt UTIL Heliot Ramos UTIL Rafael Devers,,,
1053,5200986498,wwc951 (4/7),0,38,CPT Willy Adames UTIL Tyler Mahle UTIL Casey Schmitt UTIL Garrett Mitchell UTIL Bryce Eldridge UTIL Cooper Pratt,,,
1057,5200662975,LiminalPockets,0,37.75,CPT Tyler Mahle UTIL Christian Yelich UTIL Jake Bauers UTIL Rafael Devers UTIL Cooper Pratt UTIL Joey Ortiz,,,
1057,5200862192,TxRkStarr1,0,37.75,CPT Tyler Mahle UTIL Christian Yelich UTIL Rafael Devers UTIL Gary Sanchez UTIL Andrew Vaughn UTIL David Hamilton,,,
1057,5200960075,pisco80 (3/10),0,37.75,CPT Tyler Mahle UTIL Christian Yelich UTIL Jake Bauers UTIL Rafael Devers UTIL Cooper Pratt UTIL Joey Ortiz,,,
1060,5200398812,Fuzz988 (3/20),0,37.6,CPT Jackson Chourio UTIL Brandon Sproat UTIL Christian Yelich UTIL William Contreras UTIL Andrew Vaughn UTIL Grant McCray,,,
1060,5200739234,curly82 (15/15),0,37.6,CPT Andrew Vaughn UTIL Brandon Sproat UTIL Brice Turang UTIL William Contreras UTIL Rafael Devers UTIL Grant McCray,,,
1060,5200745632,shanemoore27 (15/20),0,37.6,CPT Jackson Chourio UTIL Brandon Sproat UTIL Brice Turang UTIL Garrett Mitchell UTIL Andrew Vaughn UTIL Grant McCray,,,
1060,5200871857,trappwimm80 (5/20),0,37.6,CPT Jake Bauers UTIL Brandon Sproat UTIL Jackson Chourio UTIL Brice Turang UTIL Cooper Pratt UTIL Grant McCray,,,
1060,5200897369,Grampa55,0,37.6,CPT Joey Ortiz UTIL Brandon Sproat UTIL Tyler Mahle UTIL Christian Yelich UTIL Garrett Mitchell UTIL Andrew Vaughn,,,
1060,5200947605,kylhub10 (2/20),0,37.6,CPT Jackson Chourio UTIL Brandon Sproat UTIL Christian Yelich UTIL William Contreras UTIL Andrew Vaughn UTIL Grant McCray,,,
1060,5200947744,tpyo (20/20),0,37.6,CPT Rafael Devers UTIL Brandon Sproat UTIL Tyler Mahle UTIL William Contreras UTIL Cooper Pratt UTIL Joey Ortiz,,,
1060,5200967286,mrgolfnmore,0,37.6,CPT Cooper Pratt UTIL Brandon Sproat UTIL Tyler Mahle UTIL Christian Yelich UTIL Rafael Devers UTIL Joey Ortiz,,,
1060,5200973770,Striker15 (2/5),0,37.6,CPT Jake Bauers UTIL Brandon Sproat UTIL Jackson Chourio UTIL Brice Turang UTIL Cooper Pratt UTIL Grant McCray,,,
1060,5200985813,Runninrebel02 (13/14),0,37.6,CPT Jackson Chourio UTIL Brandon Sproat UTIL Christian Yelich UTIL William Contreras UTIL Andrew Vaughn UTIL Grant McCray,,,
1060,5200985814,Runninrebel02 (14/14),0,37.6,CPT Jackson Chourio UTIL Brandon Sproat UTIL Brice Turang UTIL Garrett Mitchell UTIL Andrew Vaughn UTIL Grant McCray,,,
1071,5200343854,kreller17 (6/20),0,37.5,CPT Rafael Devers UTIL Tyler Mahle UTIL Casey Schmitt UTIL Jake Bauers UTIL Heliot Ramos UTIL Drew Gilbert,,,
1071,5200501777,briguy13 (5/20),0,37.5,CPT Bryce Eldridge UTIL Tyler Mahle UTIL Casey Schmitt UTIL Jake Bauers UTIL Heliot Ramos UTIL Drew Gilbert,,,
1071,5200869718,EmeraldReign (3/3),0,37.5,CPT Cooper Pratt UTIL Tyler Mahle UTIL Brice Turang UTIL Luis Arraez UTIL Rafael Devers UTIL Bryce Eldridge,,,
1071,5200957349,coolsouthernbrees (6/18),0,37.5,CPT Bryce Eldridge UTIL Tyler Mahle UTIL Heliot Ramos UTIL William Contreras UTIL Rafael Devers UTIL Willy Adames,,,
1075,5200258812,ivymoose (15/20),0,37.15,CPT Brandon Sproat UTIL Jackson Chourio UTIL Christian Yelich UTIL Garrett Mitchell UTIL Joey Ortiz UTIL Grant McCray,,,
1075,5200258816,ivymoose (19/20),0,37.15,CPT Brandon Sproat UTIL Brice Turang UTIL Christian Yelich UTIL Jake Bauers UTIL Joey Ortiz UTIL Grant McCray,,,
1075,5200262009,Sammy.Boy (5/20),0,37.15,CPT Brandon Sproat UTIL Jackson Chourio UTIL Brice Turang UTIL William Contreras UTIL Joey Ortiz UTIL Grant McCray,,,
1075,5200343863,kreller17 (15/20),0,37.15,CPT Brandon Sproat UTIL Brice Turang UTIL Christian Yelich UTIL Jake Bauers UTIL Joey Ortiz UTIL Grant McCray,,,
1075,5200359233,MoneyRamirez (18/20),0,37.15,CPT Brandon Sproat UTIL Jackson Chourio UTIL Brice Turang UTIL William Contreras UTIL Joey Ortiz UTIL Grant McCray,,,
1075,5200472714,rsumrall (2/20),0,37.15,CPT Brandon Sproat UTIL Jackson Chourio UTIL Brice Turang UTIL William Contreras UTIL Joey Ortiz UTIL Grant McCray,,,
1075,5200501779,briguy13 (7/20),0,37.15,CPT Brandon Sproat UTIL Jackson Chourio UTIL Brice Turang UTIL William Contreras UTIL Joey Ortiz UTIL Grant McCray,,,
1075,5200552361,georgeconfused (3/6),0,37.15,CPT Brandon Sproat UTIL Brice Turang UTIL Christian Yelich UTIL Jake Bauers UTIL Joey Ortiz UTIL Grant McCray,,,
1075,5200626461,gwatts77 (16/20),0,37.15,CPT Brandon Sproat UTIL Jackson Chourio UTIL Brice Turang UTIL William Contreras UTIL Joey Ortiz UTIL Grant McCray,,,
1075,5200695724,Runninrebel02 (3/14),0,37.15,CPT Brandon Sproat UTIL Jackson Chourio UTIL Brice Turang UTIL William Contreras UTIL Joey Ortiz UTIL Grant McCray,,,
1075,5200754064,colbyhornet (9/20),0,37.15,CPT Brandon Sproat UTIL Brice Turang UTIL Christian Yelich UTIL Jake Bauers UTIL Joey Ortiz UTIL Grant McCray,,,
1075,5200835850,sbolomo (20/20),0,37.15,CPT Brandon Sproat UTIL Brice Turang UTIL Christian Yelich UTIL Jake Bauers UTIL Joey Ortiz UTIL Grant McCray,,,
1075,5200857573,KelvinDubs (3/20),0,37.15,CPT Brandon Sproat UTIL Jackson Chourio UTIL Brice Turang UTIL William Contreras UTIL Joey Ortiz UTIL Grant McCray,,,
1075,5200867027,cwthrow24 (3/20),0,37.15,CPT Brandon Sproat UTIL Jackson Chourio UTIL Brice Turang UTIL William Contreras UTIL Joey Ortiz UTIL Grant McCray,,,
1075,5200901871,1biglife (3/7),0,37.15,CPT Brandon Sproat UTIL Jackson Chourio UTIL Christian Yelich UTIL William Contreras UTIL Joey Ortiz UTIL Grant McCray,,,
1075,5200929440,KingTerryPegula (3/20),0,37.15,CPT Brandon Sproat UTIL Jackson Chourio UTIL Brice Turang UTIL William Contreras UTIL Joey Ortiz UTIL Grant McCray,,,
1075,5200934077,UniversalFriend (5/20),0,37.15,CPT Brandon Sproat UTIL Jackson Chourio UTIL Brice Turang UTIL William Contreras UTIL Joey Ortiz UTIL Grant McCray,,,
1075,5200943025,riotive (3/3),0,37.15,CPT Brandon Sproat UTIL Jackson Chourio UTIL Rafael Devers UTIL Willy Adames UTIL Jesus Rodriguez UTIL Joey Ortiz,,,
1075,5200944361,teddrott (1/2),0,37.15,CPT Brandon Sproat UTIL Brice Turang UTIL Christian Yelich UTIL Jake Bauers UTIL Joey Ortiz UTIL Grant McCray,,,
1075,5200969213,jeffmorris007 (1/20),0,37.15,CPT Brandon Sproat UTIL Brice Turang UTIL Christian Yelich UTIL Jake Bauers UTIL Joey Ortiz UTIL Grant McCray,,,
1075,5200982755,nunndoo,0,37.15,CPT Brandon Sproat UTIL Heliot Ramos UTIL William Contreras UTIL Willy Adames UTIL Andrew Vaughn UTIL Cooper Pratt,,,
1096,5200186776,liz0003,0,37.1,CPT Casey Schmitt UTIL Brandon Sproat UTIL Tyler Mahle UTIL Gary Sanchez UTIL Luis Lara UTIL Joey Ortiz,,,
1096,5200871860,trappwimm80 (8/20),0,37.1,CPT Cooper Pratt UTIL Brandon Sproat UTIL Jackson Chourio UTIL Brice Turang UTIL Jake Bauers UTIL Grant McCray,,,
1098,5200310639,pdaly1998,0,37,CPT Jake Bauers UTIL Tyler Mahle UTIL Casey Schmitt UTIL Rafael Devers UTIL Willy Adames UTIL Joey Ortiz,,,
1098,5200524091,austin60915 (14/20),0,37,CPT Willy Adames UTIL Tyler Mahle UTIL Brice Turang UTIL Casey Schmitt UTIL Garrett Mitchell UTIL Drew Gilbert,,,
1098,5200745629,shanemoore27 (12/20),0,37,CPT Casey Schmitt UTIL Tyler Mahle UTIL Christian Yelich UTIL Willy Adames UTIL Bryce Eldridge UTIL Drew Gilbert,,,
1098,5200916300,fantasyheaven (3/20),0,37,CPT Heliot Ramos UTIL Tyler Mahle UTIL Casey Schmitt UTIL Rafael Devers UTIL Bryce Eldridge UTIL Cooper Pratt,,,
1098,5200962067,tfsmith10 (2/2),0,37,CPT Jackson Chourio UTIL Tyler Mahle UTIL Heliot Ramos UTIL Rafael Devers UTIL Andrew Vaughn UTIL Joey Ortiz,,,
1103,5200864119,fireball43 (3/3),0,36.6,CPT Jackson Chourio UTIL Brandon Sproat UTIL Luis Arraez UTIL William Contreras UTIL Jesus Rodriguez UTIL Drew Gilbert,,,
1103,5200886753,cwade720,0,36.6,CPT Luis Lara UTIL Brandon Sproat UTIL Tyler Mahle UTIL Christian Yelich UTIL Rafael Devers UTIL Cooper Pratt,,,
1103,5200950669,Heaven2010 (12/18),0,36.6,CPT William Contreras UTIL Brandon Sproat UTIL Tyler Mahle UTIL Rafael Devers UTIL Cooper Pratt UTIL Joey Ortiz,,,
1103,5200950696,Heaven2010 (13/18),0,36.6,CPT William Contreras UTIL Brandon Sproat UTIL Tyler Mahle UTIL Rafael Devers UTIL Cooper Pratt UTIL Joey Ortiz,,,
1107,5200525950,ling4662,0,36.5,CPT Rafael Devers UTIL Tyler Mahle UTIL Christian Yelich UTIL Casey Schmitt UTIL Willy Adames UTIL Drew Gilbert,,,
1107,5200978150,1LOVE (1/2),0,36.5,CPT Jake Bauers UTIL Jackson Chourio UTIL Brice Turang UTIL Casey Schmitt UTIL Luis Arraez UTIL Grant McCray,,,
1109,5200343868,kreller17 (20/20),0,36.15,CPT Brandon Sproat UTIL Jackson Chourio UTIL Jake Bauers UTIL Andrew Vaughn UTIL Jesus Rodriguez UTIL Joey Ortiz,,,
1109,5200348456,bluefan62 (1/4),0,36.15,CPT Brandon Sproat UTIL Brice Turang UTIL Christian Yelich UTIL William Contreras UTIL Cooper Pratt UTIL Grant McCray,,,
1109,5200641280,floydian80 (10/20),0,36.15,CPT Brandon Sproat UTIL Brice Turang UTIL Christian Yelich UTIL William Contreras UTIL Cooper Pratt UTIL Grant McCray,,,
1109,5200642076,fullerf54 (1/20),0,36.15,CPT Brandon Sproat UTIL Jackson Chourio UTIL Brice Turang UTIL Andrew Vaughn UTIL Jesus Rodriguez UTIL Drew Gilbert,,,
1109,5200697151,kbrisacher (7/20),0,36.15,CPT Brandon Sproat UTIL Brice Turang UTIL Christian Yelich UTIL William Contreras UTIL Cooper Pratt UTIL Grant McCray,,,
1109,5200739226,curly82 (7/15),0,36.15,CPT Brandon Sproat UTIL Jackson Chourio UTIL Heliot Ramos UTIL Andrew Vaughn UTIL Cooper Pratt UTIL Drew Gilbert,,,
1109,5200745623,shanemoore27 (6/20),0,36.15,CPT Brandon Sproat UTIL Brice Turang UTIL Christian Yelich UTIL William Contreras UTIL Cooper Pratt UTIL Grant McCray,,,
1109,5200811508,grantgoupil (9/20),0,36.15,CPT Brandon Sproat UTIL Brice Turang UTIL Christian Yelich UTIL William Contreras UTIL Cooper Pratt UTIL Grant McCray,,,
1109,5200916306,fantasyheaven (9/20),0,36.15,CPT Brandon Sproat UTIL Luis Arraez UTIL Jake Bauers UTIL Garrett Mitchell UTIL Andrew Vaughn UTIL Joey Ortiz,,,
1109,5200988275,Jimbobwae42,0,36.15,CPT Brandon Sproat UTIL Brice Turang UTIL Christian Yelich UTIL William Contreras UTIL Cooper Pratt UTIL Grant McCray,,,
1119,5200695726,Runninrebel02 (5/14),0,36.1,CPT Brice Turang UTIL Brandon Sproat UTIL Christian Yelich UTIL Jake Bauers UTIL Andrew Vaughn UTIL Grant McCray,,,
1119,5200802819,unkdunk69 (1/2),0,36.1,CPT Christian Yelich UTIL Brandon Sproat UTIL Brice Turang UTIL Jake Bauers UTIL Andrew Vaughn UTIL Grant McCray,,,
1119,5200871858,trappwimm80 (6/20),0,36.1,CPT William Contreras UTIL Brandon Sproat UTIL Jackson Chourio UTIL Brice Turang UTIL Andrew Vaughn UTIL Grant McCray,,,
1119,5200895759,hoppinball26 (3/5),0,36.1,CPT Cooper Pratt UTIL Brandon Sproat UTIL Jackson Chourio UTIL Luis Arraez UTIL Jake Bauers UTIL Andrew Vaughn,,,
1119,5200940636,Factors52 (1/4),0,36.1,CPT Brice Turang UTIL Brandon Sproat UTIL Jackson Chourio UTIL Garrett Mitchell UTIL Andrew Vaughn UTIL Grant McCray,,,
1124,5200440528,foutah (4/6),0,36,CPT Casey Schmitt UTIL Tyler Mahle UTIL Heliot Ramos UTIL Rafael Devers UTIL Bryce Eldridge UTIL Cooper Pratt,,,
1124,5200611554,likwitdagod,0,36,CPT Luis Arraez UTIL Jackson Chourio UTIL Brice Turang UTIL Christian Yelich UTIL Rafael Devers UTIL Grant McCray,,,
1124,5200839664,pbrk11,0,36,CPT Casey Schmitt UTIL Tyler Mahle UTIL Rafael Devers UTIL Bryce Eldridge UTIL Andrew Vaughn UTIL Cooper Pratt,,,
1124,5200916301,fantasyheaven (4/20),0,36,CPT Casey Schmitt UTIL Tyler Mahle UTIL Heliot Ramos UTIL Rafael Devers UTIL Bryce Eldridge UTIL Cooper Pratt,,,
1124,5200930975,soonercub,0,36,CPT Christian Yelich UTIL Jackson Chourio UTIL Brice Turang UTIL Luis Arraez UTIL Willy Adames UTIL Grant McCray,,,
1124,5200983209,49andahalf,0,36,CPT Andrew Vaughn UTIL Tyler Mahle UTIL Brice Turang UTIL Casey Schmitt UTIL Jake Bauers UTIL Cooper Pratt,,,
1130,5200303476,woefy08 (1/2),0,35.6,CPT Jake Bauers UTIL Brandon Sproat UTIL Luis Arraez UTIL Rafael Devers UTIL Andrew Vaughn UTIL Cooper Pratt,,,
1130,5200368710,benkimpap,0,35.6,CPT Jake Bauers UTIL Brandon Sproat UTIL Luis Arraez UTIL Rafael Devers UTIL Andrew Vaughn UTIL Cooper Pratt,,,
1130,5200785145,wano0916 (8/20),0,35.6,CPT Jake Bauers UTIL Brandon Sproat UTIL Jackson Chourio UTIL William Contreras UTIL Garrett Mitchell UTIL Grant McCray,,,
1130,5200829788,battleb1015 (1/2),0,35.6,CPT Jake Bauers UTIL Brandon Sproat UTIL Luis Arraez UTIL Rafael Devers UTIL Andrew Vaughn UTIL Cooper Pratt,,,
1130,5200857586,KelvinDubs (16/20),0,35.6,CPT Jackson Chourio UTIL Brandon Sproat UTIL Brice Turang UTIL Jake Bauers UTIL Joey Ortiz UTIL Grant McCray,,,
1130,5200913779,PokerChump (17/20),0,35.6,CPT Jake Bauers UTIL Brandon Sproat UTIL Jackson Chourio UTIL William Contreras UTIL Garrett Mitchell UTIL Grant McCray,,,
1130,5200930064,ballgame1881 (8/20),0,35.6,CPT Jake Bauers UTIL Brandon Sproat UTIL Jackson Chourio UTIL William Contreras UTIL Garrett Mitchell UTIL Grant McCray,,,
1130,5200947617,kylhub10 (14/20),0,35.6,CPT Jake Bauers UTIL Brandon Sproat UTIL Jackson Chourio UTIL William Contreras UTIL Garrett Mitchell UTIL Grant McCray,,,
1130,5200980685,Runninrebel02 (9/14),0,35.6,CPT Jake Bauers UTIL Brandon Sproat UTIL Jackson Chourio UTIL William Contreras UTIL Garrett Mitchell UTIL Grant McCray,,,
1139,5200414467,az350z (7/20),0,35.5,CPT Rafael Devers UTIL Tyler Mahle UTIL Jackson Chourio UTIL Garrett Mitchell UTIL Bryce Eldridge UTIL Jesus Rodriguez,,,
1139,5200538464,mjrlaw23 (1/20),0,35.5,CPT Rafael Devers UTIL Tyler Mahle UTIL Casey Schmitt UTIL Heliot Ramos UTIL Bryce Eldridge UTIL Cooper Pratt,,,
1139,5200595324,upon1time,0,35.5,CPT Rafael Devers UTIL Tyler Mahle UTIL Christian Yelich UTIL Jake Bauers UTIL Bryce Eldridge UTIL Jesus Rodriguez,,,
1139,5200729305,mcgoch,0,35.5,CPT Rafael Devers UTIL Tyler Mahle UTIL Christian Yelich UTIL Luis Arraez UTIL Bryce Eldridge UTIL Joey Ortiz,,,
1139,5200785153,wano0916 (16/20),0,35.5,CPT Cooper Pratt UTIL Tyler Mahle UTIL Christian Yelich UTIL Luis Arraez UTIL William Contreras UTIL Rafael Devers,,,
1139,5200867041,cwthrow24 (17/20),0,35.5,CPT Rafael Devers UTIL Tyler Mahle UTIL Casey Schmitt UTIL Heliot Ramos UTIL Bryce Eldridge UTIL Cooper Pratt,,,
1139,5200890212,84flipmode (7/20),0,35.5,CPT Bryce Eldridge UTIL Tyler Mahle UTIL Brice Turang UTIL Heliot Ramos UTIL Garrett Mitchell UTIL Jesus Rodriguez,,,
1139,5200947585,cherry69141,0,35.5,CPT Christian Yelich UTIL Tyler Mahle UTIL Luis Arraez UTIL Jake Bauers UTIL Cooper Pratt UTIL Joey Ortiz,,,
1139,5200948502,broncossb (14/17),0,35.5,CPT Jesus Rodriguez UTIL Jackson Chourio UTIL Brice Turang UTIL Luis Arraez UTIL Heliot Ramos UTIL Willy Adames,,,
1139,5200987003,LoganWolf,0,35.5,CPT Joey Ortiz UTIL Tyler Mahle UTIL Christian Yelich UTIL Luis Arraez UTIL Jake Bauers UTIL Rafael Devers,,,
1149,5200418887,whoisjohngalt420 (13/20),0,35.15,CPT Brandon Sproat UTIL Luis Arraez UTIL William Contreras UTIL Garrett Mitchell UTIL Andrew Vaughn UTIL Cooper Pratt,,,
1149,5200516924,SpeedRacer101 (10/20),0,35.15,CPT Brandon Sproat UTIL Jake Bauers UTIL William Contreras UTIL Willy Adames UTIL Andrew Vaughn UTIL Cooper Pratt,,,
1149,5200697161,kbrisacher (17/20),0,35.15,CPT Brandon Sproat UTIL Jake Bauers UTIL William Contreras UTIL Willy Adames UTIL Andrew Vaughn UTIL Cooper Pratt,,,
1149,5200720647,mrclean913 (18/20),0,35.15,CPT Brandon Sproat UTIL Luis Arraez UTIL William Contreras UTIL Garrett Mitchell UTIL Andrew Vaughn UTIL Cooper Pratt,,,
1149,5200945022,BIGHEC24,0,35.15,CPT Brandon Sproat UTIL Christian Yelich UTIL Luis Arraez UTIL Garrett Mitchell UTIL Jesus Rodriguez UTIL Joey Ortiz,,,
1149,5200981306,elvi1,0,35.15,CPT Brandon Sproat UTIL Luis Arraez UTIL William Contreras UTIL Garrett Mitchell UTIL Andrew Vaughn UTIL Cooper Pratt,,,
1155,5200262019,Sammy.Boy (15/20),0,35,CPT Casey Schmitt UTIL Tyler Mahle UTIL Jake Bauers UTIL Rafael Devers UTIL Bryce Eldridge UTIL Drew Gilbert,,,
1155,5200739231,curly82 (12/15),0,35,CPT Grant McCray UTIL Casey Schmitt UTIL William Contreras UTIL Garrett Mitchell UTIL Andrew Vaughn UTIL Drew Gilbert,,,
1157,5200884555,stupid58,0,34.75,CPT Tyler Mahle UTIL Brice Turang UTIL William Contreras UTIL Bryce Eldridge UTIL David Hamilton UTIL Cooper Pratt,,,
1158,5200330972,tbjones2121 (18/20),0,34.6,CPT Jackson Chourio UTIL Brandon Sproat UTIL Brice Turang UTIL Garrett Mitchell UTIL Cooper Pratt UTIL Grant McCray,,,
1158,5200472721,rsumrall (9/20),0,34.6,CPT Jackson Chourio UTIL Brandon Sproat UTIL Brice Turang UTIL William Contreras UTIL Cooper Pratt UTIL Grant McCray,,,
1158,5200739225,curly82 (6/15),0,34.6,CPT Andrew Vaughn UTIL Brandon Sproat UTIL Jake Bauers UTIL Heliot Ramos UTIL William Contreras UTIL Willy Adames,,,
1158,5200871854,trappwimm80 (2/20),0,34.6,CPT Jackson Chourio UTIL Brandon Sproat UTIL Brice Turang UTIL William Contreras UTIL Cooper Pratt UTIL Grant McCray,,,
1158,5200890667,hoppinball26 (1/5),0,34.6,CPT Joey Ortiz UTIL Brandon Sproat UTIL Tyler Mahle UTIL Brice Turang UTIL Garrett Mitchell UTIL Cooper Pratt,,,
1158,5200930060,ballgame1881 (4/20),0,34.6,CPT Jackson Chourio UTIL Brandon Sproat UTIL Brice Turang UTIL William Contreras UTIL Cooper Pratt UTIL Grant McCray,,,
1158,5200934084,UniversalFriend (12/20),0,34.6,CPT Jackson Chourio UTIL Brandon Sproat UTIL Christian Yelich UTIL William Contreras UTIL Cooper Pratt UTIL Grant McCray,,,
1158,5200957711,Dirkdynasty (2/6),0,34.6,CPT Casey Schmitt UTIL Brandon Sproat UTIL Luis Arraez UTIL Jake Bauers UTIL Andrew Vaughn UTIL Joey Ortiz,,,
1166,5200419354,KGould86 (19/20),0,34.15,CPT Brandon Sproat UTIL Brice Turang UTIL Christian Yelich UTIL Garrett Mitchell UTIL Joey Ortiz UTIL Grant McCray,,,
1166,5200850484,BassPhenix,0,34.15,CPT Brandon Sproat UTIL Rafael Devers UTIL Garrett Mitchell UTIL Willy Adames UTIL Bryce Eldridge UTIL Andrew Vaughn,,,
1166,5200863053,Azstud999,0,34.15,CPT Brandon Sproat UTIL Heliot Ramos UTIL Rafael Devers UTIL Willy Adames UTIL Bryce Eldridge UTIL Luis Lara,,,
1169,5200704434,brianlah64,0,34.1,CPT Brice Turang UTIL Brandon Sproat UTIL Jackson Chourio UTIL Christian Yelich UTIL Drew Gilbert UTIL Grant McCray,,,
1169,5200870265,rexa (5/11),0,34.1,CPT Brice Turang UTIL Brandon Sproat UTIL Jackson Chourio UTIL Christian Yelich UTIL Drew Gilbert UTIL Grant McCray,,,
1169,5200870275,rexa (6/11),0,34.1,CPT Brice Turang UTIL Brandon Sproat UTIL Jackson Chourio UTIL Christian Yelich UTIL Drew Gilbert UTIL Grant McCray,,,
1169,5200870285,rexa (7/11),0,34.1,CPT Brice Turang UTIL Brandon Sproat UTIL Jackson Chourio UTIL Christian Yelich UTIL Drew Gilbert UTIL Grant McCray,,,
1169,5200887893,derekburrell (1/2),0,34.1,CPT Christian Yelich UTIL Brandon Sproat UTIL Jackson Chourio UTIL Brice Turang UTIL Drew Gilbert UTIL Grant McCray,,,
1169,5200960583,Csalmon (1/2),0,34.1,CPT Christian Yelich UTIL Brandon Sproat UTIL Luis Arraez UTIL Garrett Mitchell UTIL Andrew Vaughn UTIL Jesus Rodriguez,,,
1169,5200962096,avengers7,0,34.1,CPT Christian Yelich UTIL Brandon Sproat UTIL Jake Bauers UTIL Willy Adames UTIL Andrew Vaughn UTIL Jesus Rodriguez,,,
1176,5200840611,pat_the_hat2 (20/20),0,34,CPT Casey Schmitt UTIL Tyler Mahle UTIL Christian Yelich UTIL Rafael Devers UTIL Andrew Vaughn UTIL Cooper Pratt,,,
1176,5200930073,ballgame1881 (17/20),0,34,CPT Casey Schmitt UTIL Tyler Mahle UTIL Heliot Ramos UTIL Rafael Devers UTIL Bryce Eldridge UTIL Joey Ortiz,,,
1176,5200941958,riotive (2/3),0,34,CPT Jackson Chourio UTIL Tyler Mahle UTIL William Contreras UTIL Rafael Devers UTIL Jesus Rodriguez UTIL Joey Ortiz,,,
1179,5200419353,KGould86 (18/20),0,33.6,CPT Jake Bauers UTIL Brandon Sproat UTIL Luis Arraez UTIL William Contreras UTIL Andrew Vaughn UTIL Cooper Pratt,,,
1179,5200476913,wcs1109 (5/20),0,33.6,CPT Jake Bauers UTIL Brandon Sproat UTIL Jackson Chourio UTIL Willy Adames UTIL Andrew Vaughn UTIL Cooper Pratt,,,
1179,5200484971,wcs1109 (12/20),0,33.6,CPT Jake Bauers UTIL Brandon Sproat UTIL Luis Arraez UTIL William Contreras UTIL Andrew Vaughn UTIL Cooper Pratt,,,
1179,5200538475,mjrlaw23 (12/20),0,33.6,CPT Jake Bauers UTIL Brandon Sproat UTIL Jackson Chourio UTIL Bryce Eldridge UTIL Andrew Vaughn UTIL Jesus Rodriguez,,,
1179,5200811509,grantgoupil (10/20),0,33.6,CPT Jake Bauers UTIL Brandon Sproat UTIL Luis Arraez UTIL William Contreras UTIL Andrew Vaughn UTIL Cooper Pratt,,,
1179,5200898022,theebozzfdc (3/4),0,33.6,CPT Jake Bauers UTIL Brandon Sproat UTIL Christian Yelich UTIL Heliot Ramos UTIL Andrew Vaughn UTIL Jesus Rodriguez,,,
1179,5200929442,KingTerryPegula (5/20),0,33.6,CPT Jake Bauers UTIL Brandon Sproat UTIL Jackson Chourio UTIL Willy Adames UTIL Andrew Vaughn UTIL Cooper Pratt,,,
1186,5200374372,flashinthepan,0,33.5,CPT Christian Yelich UTIL Tyler Mahle UTIL Brice Turang UTIL Luis Arraez UTIL Joey Ortiz UTIL Drew Gilbert,,,
1186,5200465886,mbrummy1,0,33.5,CPT Cooper Pratt UTIL Tyler Mahle UTIL Jackson Chourio UTIL Heliot Ramos UTIL Rafael Devers UTIL Garrett Mitchell,,,
1186,5200599438,WallyGB (7/14),0,33.5,CPT Willy Adames UTIL Jackson Chourio UTIL Brice Turang UTIL Casey Schmitt UTIL Luis Arraez UTIL Jesus Rodriguez,,,
1186,5200599451,WallyGB (8/14),0,33.5,CPT Willy Adames UTIL Jackson Chourio UTIL Brice Turang UTIL Casey Schmitt UTIL Luis Arraez UTIL Jesus Rodriguez,,,
1186,5200785149,wano0916 (12/20),0,33.5,CPT Rafael Devers UTIL Tyler Mahle UTIL Casey Schmitt UTIL William Contreras UTIL Bryce Eldridge UTIL Andrew Vaughn,,,
1186,5200835119,Bo-Jackson (1/2),0,33.5,CPT Rafael Devers UTIL Tyler Mahle UTIL Casey Schmitt UTIL William Contreras UTIL Bryce Eldridge UTIL Andrew Vaughn,,,
1186,5200897713,84flipmode (20/20),0,33.5,CPT Bryce Eldridge UTIL Tyler Mahle UTIL Christian Yelich UTIL Casey Schmitt UTIL Willy Adames UTIL Joey Ortiz,,,
1186,5200917720,achamp4real (2/7),0,33.5,CPT Cooper Pratt UTIL Tyler Mahle UTIL Jackson Chourio UTIL Heliot Ramos UTIL William Contreras UTIL Bryce Eldridge,,,
1186,5200917723,achamp4real (5/7),0,33.5,CPT Cooper Pratt UTIL Tyler Mahle UTIL Jackson Chourio UTIL Heliot Ramos UTIL William Contreras UTIL Bryce Eldridge,,,
1186,5200951349,Kennymac48 (2/3),0,33.5,CPT Casey Schmitt UTIL Jackson Chourio UTIL Brice Turang UTIL Luis Arraez UTIL William Contreras UTIL Grant McCray,,,
1186,5200987635,Biscuits209 (4/4),0,33.5,CPT Rafael Devers UTIL Tyler Mahle UTIL Christian Yelich UTIL Casey Schmitt UTIL Willy Adames UTIL Joey Ortiz,,,
1197,5200130623,lroddy,0,33.15,CPT Brandon Sproat UTIL Brice Turang UTIL Luis Arraez UTIL Rafael Devers UTIL Joey Ortiz UTIL Drew Gilbert,,,
1197,5200343860,kreller17 (12/20),0,33.15,CPT Brandon Sproat UTIL Jackson Chourio UTIL Brice Turang UTIL Andrew Vaughn UTIL Jesus Rodriguez UTIL Joey Ortiz,,,
1197,5200345688,jeremykarle (2/10),0,33.15,CPT Brandon Sproat UTIL Casey Schmitt UTIL Jake Bauers UTIL Willy Adames UTIL Cooper Pratt UTIL Joey Ortiz,,,
1197,5200368676,MoneyRamirez (20/20),0,33.15,CPT Brandon Sproat UTIL Jake Bauers UTIL Heliot Ramos UTIL Garrett Mitchell UTIL Andrew Vaughn UTIL Cooper Pratt,,,
1197,5200419350,KGould86 (15/20),0,33.15,CPT Brandon Sproat UTIL Jake Bauers UTIL Heliot Ramos UTIL Garrett Mitchell UTIL Andrew Vaughn UTIL Cooper Pratt,,,
1197,5200491665,jsamtoy (18/20),0,33.15,CPT Brandon Sproat UTIL Jackson Chourio UTIL Christian Yelich UTIL Andrew Vaughn UTIL Jesus Rodriguez UTIL Joey Ortiz,,,
1197,5200524085,austin60915 (8/20),0,33.15,CPT Brandon Sproat UTIL Jackson Chourio UTIL Brice Turang UTIL Andrew Vaughn UTIL Jesus Rodriguez UTIL Joey Ortiz,,,
1197,5200524086,austin60915 (9/20),0,33.15,CPT Brandon Sproat UTIL Luis Arraez UTIL Jake Bauers UTIL Garrett Mitchell UTIL Cooper Pratt UTIL Joey Ortiz,,,
1197,5200536116,Skipper55 (7/20),0,33.15,CPT Brandon Sproat UTIL Jackson Chourio UTIL Garrett Mitchell UTIL Willy Adames UTIL Andrew Vaughn UTIL Joey Ortiz,,,
1197,5200626457,gwatts77 (12/20),0,33.15,CPT Brandon Sproat UTIL Jake Bauers UTIL Heliot Ramos UTIL Garrett Mitchell UTIL Andrew Vaughn UTIL Cooper Pratt,,,
1197,5200626463,gwatts77 (18/20),0,33.15,CPT Brandon Sproat UTIL Jackson Chourio UTIL Garrett Mitchell UTIL Willy Adames UTIL Andrew Vaughn UTIL Joey Ortiz,,,
1197,5200720635,mrclean913 (6/20),0,33.15,CPT Brandon Sproat UTIL Jackson Chourio UTIL Brice Turang UTIL Andrew Vaughn UTIL Jesus Rodriguez UTIL Joey Ortiz,,,
1197,5200754074,colbyhornet (19/20),0,33.15,CPT Brandon Sproat UTIL Jackson Chourio UTIL Garrett Mitchell UTIL Willy Adames UTIL Andrew Vaughn UTIL Joey Ortiz,,,
1197,5200764564,USMBrad14 (14/20),0,33.15,CPT Brandon Sproat UTIL Luis Arraez UTIL William Contreras UTIL Garrett Mitchell UTIL Andrew Vaughn UTIL Joey Ortiz,,,
1197,5200835842,sbolomo (12/20),0,33.15,CPT Brandon Sproat UTIL Jake Bauers UTIL Heliot Ramos UTIL Garrett Mitchell UTIL Andrew Vaughn UTIL Cooper Pratt,,,
1197,5200835849,sbolomo (19/20),0,33.15,CPT Brandon Sproat UTIL Jackson Chourio UTIL Brice Turang UTIL Andrew Vaughn UTIL Jesus Rodriguez UTIL Joey Ortiz,,,
1197,5200884773,tybry85 (14/20),0,33.15,CPT Brandon Sproat UTIL Jackson Chourio UTIL Rafael Devers UTIL Bryce Eldridge UTIL Andrew Vaughn UTIL Drew Gilbert,,,
1197,5200913771,PokerChump (9/20),0,33.15,CPT Brandon Sproat UTIL Jackson Chourio UTIL Brice Turang UTIL Andrew Vaughn UTIL Jesus Rodriguez UTIL Joey Ortiz,,,
1197,5200913773,PokerChump (11/20),0,33.15,CPT Brandon Sproat UTIL Jake Bauers UTIL Heliot Ramos UTIL Garrett Mitchell UTIL Andrew Vaughn UTIL Cooper Pratt,,,
1197,5200916305,fantasyheaven (8/20),0,33.15,CPT Brandon Sproat UTIL Jake Bauers UTIL Heliot Ramos UTIL Garrett Mitchell UTIL Andrew Vaughn UTIL Cooper Pratt,,,
1197,5200941418,Jonzee1428,0,33.15,CPT Brandon Sproat UTIL Casey Schmitt UTIL Luis Arraez UTIL Garrett Mitchell UTIL Cooper Pratt UTIL Joey Ortiz,,,
1197,5200969214,jeffmorris007 (2/20),0,33.15,CPT Brandon Sproat UTIL Jackson Chourio UTIL Brice Turang UTIL Andrew Vaughn UTIL Jesus Rodriguez UTIL Joey Ortiz,,,
1197,5200969218,jeffmorris007 (6/20),0,33.15,CPT Brandon Sproat UTIL Jackson Chourio UTIL Garrett Mitchell UTIL Willy Adames UTIL Andrew Vaughn UTIL Joey Ortiz,,,
1220,5200330958,tbjones2121 (4/20),0,33.1,CPT Brice Turang UTIL Brandon Sproat UTIL Christian Yelich UTIL William Contreras UTIL Andrew Vaughn UTIL Grant McCray,,,
1220,5200757284,45dojo (5/8),0,33.1,CPT Cooper Pratt UTIL Brandon Sproat UTIL Christian Yelich UTIL Luis Arraez UTIL Jake Bauers UTIL Andrew Vaughn,,,
1220,5200871855,trappwimm80 (3/20),0,33.1,CPT Brice Turang UTIL Brandon Sproat UTIL Jackson Chourio UTIL William Contreras UTIL Cooper Pratt UTIL Grant McCray,,,
1220,5200879925,Monkeezgrissom (2/2),0,33.1,CPT Christian Yelich UTIL Brandon Sproat UTIL Brice Turang UTIL Jake Bauers UTIL Cooper Pratt UTIL Grant McCray,,,
1220,5200930066,ballgame1881 (10/20),0,33.1,CPT Brice Turang UTIL Brandon Sproat UTIL Jackson Chourio UTIL William Contreras UTIL Cooper Pratt UTIL Grant McCray,,,
1220,5200947180,achamp4real (6/7),0,33.1,CPT Christian Yelich UTIL Brandon Sproat UTIL Brice Turang UTIL Casey Schmitt UTIL Cooper Pratt UTIL Grant McCray,,,
1226,5200522282,djaxx39,0,33,CPT Luis Arraez UTIL Christian Yelich UTIL Casey Schmitt UTIL Jake Bauers UTIL Willy Adames UTIL Andrew Vaughn,,,
1226,5200967098,coolsouthernbrees (13/18),0,33,CPT Luis Arraez UTIL Jackson Chourio UTIL Casey Schmitt UTIL Heliot Ramos UTIL William Contreras UTIL Jesus Rodriguez,,,
1228,5200414472,az350z (12/20),0,32.6,CPT Garrett Mitchell UTIL Brandon Sproat UTIL Tyler Mahle UTIL Christian Yelich UTIL Joey Ortiz UTIL Aaron Ashby,,,
1228,5200414479,az350z (19/20),0,32.6,CPT Willy Adames UTIL Brandon Sproat UTIL Casey Schmitt UTIL Jake Bauers UTIL Rafael Devers UTIL Cooper Pratt,,,
1228,5200427000,Orangechocolate70 (7/12),0,32.6,CPT Jackson Chourio UTIL Brandon Sproat UTIL Willy Adames UTIL Bryce Eldridge UTIL Andrew Vaughn UTIL Cooper Pratt,,,
1228,5200867039,cwthrow24 (15/20),0,32.6,CPT Jake Bauers UTIL Brandon Sproat UTIL Brice Turang UTIL William Contreras UTIL Garrett Mitchell UTIL Grant McCray,,,
1228,5200890894,84flipmode (8/20),0,32.6,CPT Andrew Vaughn UTIL Brandon Sproat UTIL Casey Schmitt UTIL Luis Arraez UTIL William Contreras UTIL Joey Ortiz,,,
1228,5200947618,kylhub10 (15/20),0,32.6,CPT Jake Bauers UTIL Brandon Sproat UTIL Brice Turang UTIL William Contreras UTIL Garrett Mitchell UTIL Grant McCray,,,
1228,5200950709,bassman1955 (2/2),0,32.6,CPT Jake Bauers UTIL Brandon Sproat UTIL Heliot Ramos UTIL Rafael Devers UTIL Willy Adames UTIL Cooper Pratt,,,
1235,5200022163,ATXPackersFan,0,32.5,CPT Rafael Devers UTIL Tyler Mahle UTIL Brice Turang UTIL William Contreras UTIL Willy Adames UTIL Cooper Pratt,,,
1235,5200840602,pat_the_hat2 (11/20),0,32.5,CPT Rafael Devers UTIL Tyler Mahle UTIL Brice Turang UTIL Heliot Ramos UTIL Bryce Eldridge UTIL Cooper Pratt,,,
1235,5200857587,KelvinDubs (17/20),0,32.5,CPT Rafael Devers UTIL Tyler Mahle UTIL Brice Turang UTIL William Contreras UTIL Willy Adames UTIL Cooper Pratt,,,
1235,5200885432,Young_flubs (6/6),0,32.5,CPT Andrew Vaughn UTIL Jackson Chourio UTIL Luis Arraez UTIL Jake Bauers UTIL Rafael Devers UTIL Willy Adames,,,
1235,5200892066,84flipmode (11/20),0,32.5,CPT Rafael Devers UTIL Tyler Mahle UTIL Brice Turang UTIL Willy Adames UTIL Bryce Eldridge UTIL Joey Ortiz,,,
1240,5200516930,SpeedRacer101 (16/20),0,32.15,CPT Brandon Sproat UTIL Brice Turang UTIL Christian Yelich UTIL Andrew Vaughn UTIL Cooper Pratt UTIL Jesus Rodriguez,,,
1240,5200542356,Aoteoroa (1/6),0,32.15,CPT Brandon Sproat UTIL Brice Turang UTIL Christian Yelich UTIL Andrew Vaughn UTIL Cooper Pratt UTIL Jesus Rodriguez,,,
1240,5200551791,Aoteoroa (2/6),0,32.15,CPT Brandon Sproat UTIL Brice Turang UTIL Christian Yelich UTIL Andrew Vaughn UTIL Cooper Pratt UTIL Jesus Rodriguez,,,
1240,5200884766,tybry85 (7/20),0,32.15,CPT Brandon Sproat UTIL Heliot Ramos UTIL William Contreras UTIL Rafael Devers UTIL Andrew Vaughn UTIL Cooper Pratt,,,
1240,5200960083,pisco80 (4/10),0,32.15,CPT Brandon Sproat UTIL Jackson Chourio UTIL Rafael Devers UTIL Willy Adames UTIL Cooper Pratt UTIL Joey Ortiz,,,
1245,5200208452,Exotic2021,0,32.1,CPT Luis Lara UTIL Brandon Sproat UTIL Christian Yelich UTIL Luis Arraez UTIL Jake Bauers UTIL Willy Adames,,,
1245,5200332133,garverx,0,32.1,CPT Brice Turang UTIL Brandon Sproat UTIL Luis Arraez UTIL Rafael Devers UTIL Andrew Vaughn UTIL Drew Gilbert,,,
1245,5200634004,FRANKLIFE83,0,32.1,CPT Cooper Pratt UTIL Brandon Sproat UTIL Christian Yelich UTIL Luis Arraez UTIL Rafael Devers UTIL Andrew Vaughn,,,
1245,5200947619,kylhub10 (16/20),0,32.1,CPT Garrett Mitchell UTIL Brandon Sproat UTIL Luis Arraez UTIL Jake Bauers UTIL Andrew Vaughn UTIL Cooper Pratt,,,
1245,5200967490,jrschopp,0,32.1,CPT Joey Ortiz UTIL Brandon Sproat UTIL Jackson Chourio UTIL Luis Arraez UTIL William Contreras UTIL Willy Adames,,,
1245,5200978385,Biscuits209 (1/4),0,32.1,CPT Brice Turang UTIL Brandon Sproat UTIL Luis Arraez UTIL Rafael Devers UTIL Andrew Vaughn UTIL Drew Gilbert,,,
1245,5200981380,meatball13,0,32.1,CPT Joey Ortiz UTIL Brandon Sproat UTIL Brice Turang UTIL Luis Arraez UTIL Jake Bauers UTIL Willy Adames,,,
1252,5200555139,Dierickx24,0,32,CPT Luis Arraez UTIL Jackson Chourio UTIL Brice Turang UTIL Willy Adames UTIL Bryce Eldridge UTIL Andrew Vaughn,,,
1252,5200678978,Mr.luckyGuy (2/4),0,32,CPT Bryce Eldridge UTIL Jackson Chourio UTIL Brice Turang UTIL Christian Yelich UTIL Luis Arraez UTIL Grant McCray,,,
1252,5200907834,yanksfan941 (4/6),0,32,CPT Luis Arraez UTIL Jackson Chourio UTIL Jake Bauers UTIL Rafael Devers UTIL Bryce Eldridge UTIL Jesus Rodriguez,,,
1252,5200945693,CBarbarian (2/5),0,32,CPT Brice Turang UTIL Jackson Chourio UTIL Casey Schmitt UTIL Luis Arraez UTIL William Contreras UTIL Grant McCray,,,
1252,5200945695,CBarbarian (4/5),0,32,CPT Luis Arraez UTIL Jackson Chourio UTIL Casey Schmitt UTIL Jake Bauers UTIL Heliot Ramos UTIL Drew Gilbert,,,
1252,5200948497,broncossb (9/17),0,32,CPT Luis Arraez UTIL Jackson Chourio UTIL Brice Turang UTIL Heliot Ramos UTIL Bryce Eldridge UTIL Jesus Rodriguez,,,
1252,5200949288,Modern11 (2/4),0,32,CPT Jackson Chourio UTIL Tyler Mahle UTIL Brice Turang UTIL Bryce Eldridge UTIL Cooper Pratt UTIL Drew Gilbert,,,
1252,5200968632,Bears7381 (2/2),0,32,CPT Luis Arraez UTIL Jake Bauers UTIL Heliot Ramos UTIL William Contreras UTIL Rafael Devers UTIL Willy Adames,,,
1252,5200973257,coolsouthernbrees (18/18),0,32,CPT Bryce Eldridge UTIL Brice Turang UTIL Casey Schmitt UTIL Luis Arraez UTIL William Contreras UTIL Grant McCray,,,
1252,5200973849,Stephenlewis15 (2/2),0,32,CPT Luis Arraez UTIL Casey Schmitt UTIL Heliot Ramos UTIL William Contreras UTIL Rafael Devers UTIL Willy Adames,,,
1262,5200538474,mjrlaw23 (11/20),0,31.6,CPT Jake Bauers UTIL Brandon Sproat UTIL Casey Schmitt UTIL Heliot Ramos UTIL Andrew Vaughn UTIL Cooper Pratt,,,
1262,5200595611,WallyGB (5/14),0,31.6,CPT Andrew Vaughn UTIL Brandon Sproat UTIL Jackson Chourio UTIL Brice Turang UTIL Willy Adames UTIL Cooper Pratt,,,
1262,5200604097,WallyGB (9/14),0,31.6,CPT Andrew Vaughn UTIL Brandon Sproat UTIL Jackson Chourio UTIL Brice Turang UTIL Willy Adames UTIL Cooper Pratt,,,
1262,5200895813,hoppinball26 (5/5),0,31.6,CPT Andrew Vaughn UTIL Brandon Sproat UTIL Jackson Chourio UTIL Christian Yelich UTIL Willy Adames UTIL Cooper Pratt,,,
1266,5200534035,TigerLoose (2/2),0,31.5,CPT Jake Bauers UTIL Jackson Chourio UTIL Luis Arraez UTIL Bryce Eldridge UTIL Andrew Vaughn UTIL Jesus Rodriguez,,,
1266,5200695727,Runninrebel02 (6/14),0,31.5,CPT Rafael Devers UTIL Tyler Mahle UTIL Brice Turang UTIL Casey Schmitt UTIL Bryce Eldridge UTIL Drew Gilbert,,,
1266,5200936234,Clippy (3/8),0,31.5,CPT Jackson Chourio UTIL Luis Arraez UTIL Jake Bauers UTIL Rafael Devers UTIL Willy Adames UTIL Andrew Vaughn,,,
1266,5200945705,Clippy (7/8),0,31.5,CPT Jackson Chourio UTIL Luis Arraez UTIL Jake Bauers UTIL Rafael Devers UTIL Willy Adames UTIL Andrew Vaughn,,,
1266,5200968412,coolsouthernbrees (15/18),0,31.5,CPT Heliot Ramos UTIL Christian Yelich UTIL Luis Arraez UTIL Rafael Devers UTIL Willy Adames UTIL Andrew Vaughn,,,
1266,5200986902,batemo,0,31.5,CPT Rafael Devers UTIL Tyler Mahle UTIL Christian Yelich UTIL Heliot Ramos UTIL William Contreras UTIL Drew Gilbert,,,
1272,5200262012,Sammy.Boy (8/20),0,31.15,CPT Brandon Sproat UTIL Jackson Chourio UTIL Brice Turang UTIL Andrew Vaughn UTIL Cooper Pratt UTIL Drew Gilbert,,,
1272,5200287426,briannedanielle,0,31.15,CPT Brandon Sproat UTIL Jackson Chourio UTIL William Contreras UTIL Bryce Eldridge UTIL Andrew Vaughn UTIL Drew Gilbert,,,
1272,5200336126,nycgator12,0,31.15,CPT Brandon Sproat UTIL Jackson Chourio UTIL William Contreras UTIL Bryce Eldridge UTIL Andrew Vaughn UTIL Drew Gilbert,,,
1272,5200356265,angeltea,0,31.15,CPT Brandon Sproat UTIL Christian Yelich UTIL Luis Arraez UTIL Jung Hoo Lee UTIL Drew Gilbert UTIL Drew Cavanaugh,,,
1272,5200378078,1dominators (1/2),0,31.15,CPT Brandon Sproat UTIL Jackson Chourio UTIL Brice Turang UTIL Andrew Vaughn UTIL Cooper Pratt UTIL Drew Gilbert,,,
1272,5200386426,1dominators (2/2),0,31.15,CPT Brandon Sproat UTIL Jackson Chourio UTIL Brice Turang UTIL Andrew Vaughn UTIL Cooper Pratt UTIL Drew Gilbert,,,
1272,5200403729,goofybh207 (1/3),0,31.15,CPT Brandon Sproat UTIL Jackson Chourio UTIL Brice Turang UTIL Andrew Vaughn UTIL Cooper Pratt UTIL Drew Gilbert,,,
1272,5200406422,Grit7880 (2/3),0,31.15,CPT Brandon Sproat UTIL Jackson Chourio UTIL Brice Turang UTIL Andrew Vaughn UTIL Cooper Pratt UTIL Drew Gilbert,,,
1272,5200419343,KGould86 (8/20),0,31.15,CPT Brandon Sproat UTIL Jackson Chourio UTIL Brice Turang UTIL Andrew Vaughn UTIL Cooper Pratt UTIL Drew Gilbert,,,
1272,5200420123,meodette (1/5),0,31.15,CPT Brandon Sproat UTIL Jackson Chourio UTIL Brice Turang UTIL Andrew Vaughn UTIL Cooper Pratt UTIL Drew Gilbert,,,
1272,5200445740,73pd2x (20/20),0,31.15,CPT Brandon Sproat UTIL Jackson Chourio UTIL Brice Turang UTIL Andrew Vaughn UTIL Cooper Pratt UTIL Drew Gilbert,,,
1272,5200466452,terryf20,0,31.15,CPT Brandon Sproat UTIL Jackson Chourio UTIL Brice Turang UTIL Andrew Vaughn UTIL Cooper Pratt UTIL Drew Gilbert,,,
1272,5200536111,Skipper55 (2/20),0,31.15,CPT Brandon Sproat UTIL Jackson Chourio UTIL Brice Turang UTIL Andrew Vaughn UTIL Cooper Pratt UTIL Drew Gilbert,,,
1272,5200536939,KevinLeonK3 (2/2),0,31.15,CPT Brandon Sproat UTIL Jackson Chourio UTIL Brice Turang UTIL Andrew Vaughn UTIL Cooper Pratt UTIL Drew Gilbert,,,
1272,5200638741,bellsofwar3 (6/20),0,31.15,CPT Brandon Sproat UTIL Jackson Chourio UTIL Brice Turang UTIL Andrew Vaughn UTIL Cooper Pratt UTIL Drew Gilbert,,,
1272,5200652101,Zenplayer1 (3/5),0,31.15,CPT Brandon Sproat UTIL Jackson Chourio UTIL Brice Turang UTIL Andrew Vaughn UTIL Cooper Pratt UTIL Drew Gilbert,,,
1272,5200853588,Chilaxen (5/6),0,31.15,CPT Brandon Sproat UTIL Jackson Chourio UTIL Brice Turang UTIL Andrew Vaughn UTIL Cooper Pratt UTIL Drew Gilbert,,,
1272,5200871853,trappwimm80 (1/20),0,31.15,CPT Brandon Sproat UTIL Jackson Chourio UTIL Brice Turang UTIL Andrew Vaughn UTIL Cooper Pratt UTIL Drew Gilbert,,,
1272,5200884771,tybry85 (12/20),0,31.15,CPT Brandon Sproat UTIL Jackson Chourio UTIL William Contreras UTIL Bryce Eldridge UTIL Andrew Vaughn UTIL Drew Gilbert,,,
1272,5200929453,KingTerryPegula (16/20),0,31.15,CPT Brandon Sproat UTIL Jackson Chourio UTIL Brice Turang UTIL Andrew Vaughn UTIL Cooper Pratt UTIL Drew Gilbert,,,
1272,5200929456,KingTerryPegula (19/20),0,31.15,CPT Brandon Sproat UTIL Jake Bauers UTIL Heliot Ramos UTIL Garrett Mitchell UTIL Andrew Vaughn UTIL Joey Ortiz,,,
1272,5200933358,Edgitt116 (10/12),0,31.15,CPT Brandon Sproat UTIL Jackson Chourio UTIL Brice Turang UTIL Andrew Vaughn UTIL Cooper Pratt UTIL Drew Gilbert,,,
1272,5200950579,heldt117,0,31.15,CPT Brandon Sproat UTIL Jackson Chourio UTIL Christian Yelich UTIL Andrew Vaughn UTIL Cooper Pratt UTIL Drew Gilbert,,,
1272,5200969221,jeffmorris007 (9/20),0,31.15,CPT Brandon Sproat UTIL Jackson Chourio UTIL Brice Turang UTIL Andrew Vaughn UTIL Cooper Pratt UTIL Drew Gilbert,,,
1272,5200971909,Mige1 (18/20),0,31.15,CPT Brandon Sproat UTIL Jackson Chourio UTIL Brice Turang UTIL Andrew Vaughn UTIL Cooper Pratt UTIL Drew Gilbert,,,
1297,5200343858,kreller17 (10/20),0,31.1,CPT Christian Yelich UTIL Brandon Sproat UTIL Jackson Chourio UTIL Brice Turang UTIL Joey Ortiz UTIL Grant McCray,,,
1297,5200414468,az350z (8/20),0,31.1,CPT Brice Turang UTIL Brandon Sproat UTIL Christian Yelich UTIL Casey Schmitt UTIL Joey Ortiz UTIL Grant McCray,,,
1297,5200420125,meodette (3/5),0,31.1,CPT Christian Yelich UTIL Brandon Sproat UTIL Jackson Chourio UTIL Brice Turang UTIL Joey Ortiz UTIL Grant McCray,,,
1297,5200426994,Orangechocolate70 (2/12),0,31.1,CPT Christian Yelich UTIL Brandon Sproat UTIL Jackson Chourio UTIL Brice Turang UTIL Joey Ortiz UTIL Grant McCray,,,
1297,5200491660,jsamtoy (13/20),0,31.1,CPT Christian Yelich UTIL Brandon Sproat UTIL Jackson Chourio UTIL Brice Turang UTIL Joey Ortiz UTIL Grant McCray,,,
1297,5200785142,wano0916 (5/20),0,31.1,CPT Christian Yelich UTIL Brandon Sproat UTIL Jackson Chourio UTIL Brice Turang UTIL Joey Ortiz UTIL Grant McCray,,,
1297,5200871856,trappwimm80 (4/20),0,31.1,CPT Christian Yelich UTIL Brandon Sproat UTIL Jackson Chourio UTIL Brice Turang UTIL Joey Ortiz UTIL Grant McCray,,,
1297,5200947604,kylhub10 (1/20),0,31.1,CPT Christian Yelich UTIL Brandon Sproat UTIL Jackson Chourio UTIL Brice Turang UTIL Joey Ortiz UTIL Grant McCray,,,
1297,5200968148,domxsans,0,31.1,CPT Christian Yelich UTIL Brandon Sproat UTIL Jackson Chourio UTIL Brice Turang UTIL Joey Ortiz UTIL Grant McCray,,,
1306,5200423587,124337,0,31,CPT Brice Turang UTIL Jackson Chourio UTIL Christian Yelich UTIL Luis Arraez UTIL Rafael Devers UTIL Grant McCray,,,
1306,5200490453,heybert711 (5/20),0,31,CPT Christian Yelich UTIL Jackson Chourio UTIL Brice Turang UTIL Luis Arraez UTIL Rafael Devers UTIL Grant McCray,,,
1306,5200715274,stew7777,0,31,CPT Andrew Vaughn UTIL Tyler Mahle UTIL Christian Yelich UTIL Casey Schmitt UTIL William Contreras UTIL Gary Sanchez,,,
1306,5200746923,JCarrier77 (1/2),0,31,CPT Rafael Devers UTIL Casey Schmitt UTIL Luis Arraez UTIL Jake Bauers UTIL Heliot Ramos UTIL Willy Adames,,,
1306,5200746954,JCarrier77 (2/2),0,31,CPT Rafael Devers UTIL Casey Schmitt UTIL Luis Arraez UTIL Jake Bauers UTIL Heliot Ramos UTIL Willy Adames,,,
1306,5200833729,NavinRJ1972,0,31,CPT Rafael Devers UTIL Jackson Chourio UTIL Luis Arraez UTIL Jake Bauers UTIL Willy Adames UTIL Andrew Vaughn,,,
1306,5200925566,terminator31 (6/20),0,31,CPT Casey Schmitt UTIL Tyler Mahle UTIL William Contreras UTIL Rafael Devers UTIL Bryce Eldridge UTIL Cooper Pratt,,,
1306,5200945694,CBarbarian (3/5),0,31,CPT Christian Yelich UTIL Jackson Chourio UTIL Brice Turang UTIL Luis Arraez UTIL Bryce Eldridge UTIL Grant McCray,,,
1306,5200948441,Ezilodi (7/20),0,31,CPT Casey Schmitt UTIL Tyler Mahle UTIL William Contreras UTIL Rafael Devers UTIL Bryce Eldridge UTIL Cooper Pratt,,,
1315,5200303083,booman1201 (1/2),0,30.6,CPT Heliot Ramos UTIL Brandon Sproat UTIL Rafael Devers UTIL Willy Adames UTIL Bryce Eldridge UTIL Eric Haase,,,
1315,5200303236,booman1201 (2/2),0,30.6,CPT Heliot Ramos UTIL Brandon Sproat UTIL Rafael Devers UTIL Willy Adames UTIL Bryce Eldridge UTIL Eric Haase,,,
1315,5200343851,kreller17 (3/20),0,30.6,CPT Jackson Chourio UTIL Brandon Sproat UTIL Brice Turang UTIL Andrew Vaughn UTIL Cooper Pratt UTIL Jesus Rodriguez,,,
1315,5200440527,foutah (3/6),0,30.6,CPT Jake Bauers UTIL Brandon Sproat UTIL Luis Arraez UTIL Garrett Mitchell UTIL Bryce Eldridge UTIL Cooper Pratt,,,
1315,5200888814,84flipmode (4/20),0,30.6,CPT Casey Schmitt UTIL Brandon Sproat UTIL Rafael Devers UTIL Garrett Mitchell UTIL Andrew Vaughn UTIL Jesus Rodriguez,,,
1315,5200936938,Ckraska,0,30.6,CPT Jackson Chourio UTIL Brandon Sproat UTIL Garrett Mitchell UTIL Willy Adames UTIL Andrew Vaughn UTIL Cooper Pratt,,,
1315,5200961609,willyjoe69,0,30.6,CPT Jackson Chourio UTIL Brandon Sproat UTIL Christian Yelich UTIL Willy Adames UTIL Jesus Rodriguez UTIL Joey Ortiz,,,
1315,5200972880,Frehr,0,30.6,CPT Jackson Chourio UTIL Brandon Sproat UTIL Garrett Mitchell UTIL Willy Adames UTIL Andrew Vaughn UTIL Cooper Pratt,,,
1323,5200370221,kadence22,0,30.5,CPT Willy Adames UTIL Jackson Chourio UTIL Brice Turang UTIL Luis Arraez UTIL Rafael Devers UTIL Andrew Vaughn,,,
1323,5200930065,ballgame1881 (9/20),0,30.5,CPT Jake Bauers UTIL Jackson Chourio UTIL Heliot Ramos UTIL William Contreras UTIL Rafael Devers UTIL Grant McCray,,,
1323,5200949287,Modern11 (1/4),0,30.5,CPT Brice Turang UTIL Tyler Mahle UTIL Jackson Chourio UTIL Bryce Eldridge UTIL Cooper Pratt UTIL Drew Gilbert,,,
1326,5200262014,Sammy.Boy (10/20),0,30.15,CPT Brandon Sproat UTIL Jake Bauers UTIL Garrett Mitchell UTIL Bryce Eldridge UTIL Andrew Vaughn UTIL Cooper Pratt,,,
1326,5200305270,woefy08 (2/2),0,30.15,CPT Brandon Sproat UTIL Jackson Chourio UTIL Rafael Devers UTIL Andrew Vaughn UTIL Cooper Pratt UTIL Joey Ortiz,,,
1326,5200330964,tbjones2121 (10/20),0,30.15,CPT Brandon Sproat UTIL Jackson Chourio UTIL William Contreras UTIL Willy Adames UTIL Cooper Pratt UTIL Joey Ortiz,,,
1326,5200330970,tbjones2121 (16/20),0,30.15,CPT Brandon Sproat UTIL Heliot Ramos UTIL William Contreras UTIL Garrett Mitchell UTIL Andrew Vaughn UTIL Cooper Pratt,,,
1326,5200359232,MoneyRamirez (17/20),0,30.15,CPT Brandon Sproat UTIL Jackson Chourio UTIL Christian Yelich UTIL Cooper Pratt UTIL Jesus Rodriguez UTIL Joey Ortiz,,,
1326,5200378096,jeeck665,0,30.15,CPT Brandon Sproat UTIL Jackson Chourio UTIL Brice Turang UTIL Cooper Pratt UTIL Jesus Rodriguez UTIL Luis Lara,,,
1326,5200524093,austin60915 (16/20),0,30.15,CPT Brandon Sproat UTIL Jake Bauers UTIL William Contreras UTIL Bryce Eldridge UTIL Andrew Vaughn UTIL Cooper Pratt,,,
1326,5200638744,bellsofwar3 (9/20),0,30.15,CPT Brandon Sproat UTIL Christian Yelich UTIL Luis Arraez UTIL Garrett Mitchell UTIL Cooper Pratt UTIL Joey Ortiz,,,
1326,5200644281,dxhoon,0,30.15,CPT Brandon Sproat UTIL Jake Bauers UTIL William Contreras UTIL Rafael Devers UTIL Andrew Vaughn UTIL Cooper Pratt,,,
1326,5200652094,Zenplayer1 (2/5),0,30.15,CPT Brandon Sproat UTIL Christian Yelich UTIL Luis Arraez UTIL Garrett Mitchell UTIL Cooper Pratt UTIL Joey Ortiz,,,
1326,5200697153,kbrisacher (9/20),0,30.15,CPT Brandon Sproat UTIL Christian Yelich UTIL Luis Arraez UTIL Garrett Mitchell UTIL Cooper Pratt UTIL Joey Ortiz,,,
1326,5200720638,mrclean913 (9/20),0,30.15,CPT Brandon Sproat UTIL Jake Bauers UTIL Rafael Devers UTIL Garrett Mitchell UTIL Andrew Vaughn UTIL Cooper Pratt,,,
1326,5200745637,shanemoore27 (20/20),0,30.15,CPT Brandon Sproat UTIL Christian Yelich UTIL Luis Arraez UTIL Garrett Mitchell UTIL Cooper Pratt UTIL Joey Ortiz,,,
1326,5200764563,USMBrad14 (13/20),0,30.15,CPT Brandon Sproat UTIL Jackson Chourio UTIL Brice Turang UTIL Cooper Pratt UTIL Jesus Rodriguez UTIL Joey Ortiz,,,
1326,5200835844,sbolomo (14/20),0,30.15,CPT Brandon Sproat UTIL Jake Bauers UTIL Rafael Devers UTIL Garrett Mitchell UTIL Andrew Vaughn UTIL Cooper Pratt,,,
1326,5200884775,tybry85 (16/20),0,30.15,CPT Brandon Sproat UTIL Jackson Chourio UTIL Rafael Devers UTIL Bryce Eldridge UTIL Andrew Vaughn UTIL Joey Ortiz,,,
1326,5200884777,tybry85 (18/20),0,30.15,CPT Brandon Sproat UTIL Heliot Ramos UTIL William Contreras UTIL Rafael Devers UTIL Bryce Eldridge UTIL Drew Gilbert,,,
1326,5200916307,fantasyheaven (10/20),0,30.15,CPT Brandon Sproat UTIL Jackson Chourio UTIL Christian Yelich UTIL Cooper Pratt UTIL Jesus Rodriguez UTIL Joey Ortiz,,,
1326,5200917753,Csand816,0,30.15,CPT Brandon Sproat UTIL Brice Turang UTIL Heliot Ramos UTIL Garrett Mitchell UTIL Jesus Rodriguez UTIL Joey Ortiz,,,
1326,5200925604,badgermann,0,30.15,CPT Brandon Sproat UTIL Jackson Chourio UTIL Garrett Mitchell UTIL Willy Adames UTIL Cooper Pratt UTIL Joey Ortiz,,,
1326,5200933359,Edgitt116 (11/12),0,30.15,CPT Brandon Sproat UTIL Jake Bauers UTIL Rafael Devers UTIL Garrett Mitchell UTIL Andrew Vaughn UTIL Cooper Pratt,,,
1326,5200934080,UniversalFriend (8/20),0,30.15,CPT Brandon Sproat UTIL Jackson Chourio UTIL William Contreras UTIL Willy Adames UTIL Cooper Pratt UTIL Joey Ortiz,,,
1326,5200947609,kylhub10 (6/20),0,30.15,CPT Brandon Sproat UTIL Jackson Chourio UTIL Christian Yelich UTIL Cooper Pratt UTIL Jesus Rodriguez UTIL Joey Ortiz,,,
1326,5200962105,Messmer57 (1/5),0,30.15,CPT Brandon Sproat UTIL Heliot Ramos UTIL William Contreras UTIL Garrett Mitchell UTIL Andrew Vaughn UTIL Cooper Pratt,,,
1326,5200978901,ebrown_ua (1/5),0,30.15,CPT Brandon Sproat UTIL Jake Bauers UTIL William Contreras UTIL Rafael Devers UTIL Andrew Vaughn UTIL Cooper Pratt,,,
1326,5200981424,ZuluTango82 (4/7),0,30.15,CPT Brandon Sproat UTIL Jake Bauers UTIL William Contreras UTIL Garrett Mitchell UTIL Cooper Pratt UTIL Jesus Rodriguez,,,
1352,5200538478,mjrlaw23 (15/20),0,30.1,CPT Bryce Eldridge UTIL Brandon Sproat UTIL Casey Schmitt UTIL William Contreras UTIL Willy Adames UTIL Andrew Vaughn,,,
1352,5200884776,tybry85 (17/20),0,30.1,CPT Rafael Devers UTIL Brandon Sproat UTIL Jackson Chourio UTIL Heliot Ramos UTIL Andrew Vaughn UTIL Cooper Pratt,,,
1352,5200903625,Lynette55 (2/3),0,30.1,CPT Cooper Pratt UTIL Brandon Sproat UTIL Luis Arraez UTIL Jake Bauers UTIL Rafael Devers UTIL Joey Ortiz,,,
1352,5200907294,1biglife (6/7),0,30.1,CPT Brice Turang UTIL Brandon Sproat UTIL William Contreras UTIL Rafael Devers UTIL Garrett Mitchell UTIL Grant McCray,,,
1352,5200936850,lhajbox,0,30.1,CPT William Contreras UTIL Brandon Sproat UTIL Jackson Chourio UTIL Luis Arraez UTIL Andrew Vaughn UTIL Joey Ortiz,,,
1352,5200957412,diemaker55,0,30.1,CPT Rafael Devers UTIL Brandon Sproat UTIL Brice Turang UTIL Luis Arraez UTIL Bryce Eldridge UTIL Drew Gilbert,,,
1352,5200984861,Alancey (5/5),0,30.1,CPT Brice Turang UTIL Brandon Sproat UTIL Christian Yelich UTIL Rafael Devers UTIL Gary Sanchez UTIL Grant McCray,,,
1359,5200185810,jon12win,0,30,CPT Brice Turang UTIL Jackson Chourio UTIL Casey Schmitt UTIL Jake Bauers UTIL Heliot Ramos UTIL Grant McCray,,,
1359,5200216873,spittlerfam1,0,30,CPT Luis Arraez UTIL Jackson Chourio UTIL Heliot Ramos UTIL William Contreras UTIL Willy Adames UTIL Gary Sanchez,,,
1359,5200309301,kenread133,0,30,CPT Luis Arraez UTIL Jackson Chourio UTIL Brice Turang UTIL Christian Yelich UTIL Andrew Vaughn UTIL Jesus Rodriguez,,,
1359,5200500605,Young_flubs (1/6),0,30,CPT Luis Arraez UTIL Jackson Chourio UTIL Jake Bauers UTIL Rafael Devers UTIL Andrew Vaughn UTIL Cooper Pratt,,,
1359,5200717730,JaserD (16/20),0,30,CPT Rafael Devers UTIL Luis Arraez UTIL Jake Bauers UTIL Heliot Ramos UTIL Willy Adames UTIL Bryce Eldridge,,,
1364,5200414470,az350z (10/20),0,29.6,CPT Andrew Vaughn UTIL Brandon Sproat UTIL Brice Turang UTIL Jake Bauers UTIL Heliot Ramos UTIL Cooper Pratt,,,
1364,5200925572,terminator31 (12/20),0,29.6,CPT Jackson Chourio UTIL Brandon Sproat UTIL Heliot Ramos UTIL Garrett Mitchell UTIL Andrew Vaughn UTIL Drew Gilbert,,,
1364,5200955886,nickkluger,0,29.6,CPT Willy Adames UTIL Brandon Sproat UTIL Christian Yelich UTIL Casey Schmitt UTIL Bryce Eldridge UTIL Cooper Pratt,,,
1364,5200974901,igshark,0,29.6,CPT Jake Bauers UTIL Brandon Sproat UTIL Luis Arraez UTIL William Contreras UTIL Garrett Mitchell UTIL Drew Gilbert,,,
1364,5200978396,ccraftman,0,29.6,CPT Andrew Vaughn UTIL Brandon Sproat UTIL Jackson Chourio UTIL Christian Yelich UTIL William Contreras UTIL Jesus Rodriguez,,,
1369,5200512727,fordman889,0,29.5,CPT Jake Bauers UTIL Brice Turang UTIL Casey Schmitt UTIL Luis Arraez UTIL Willy Adames UTIL Andrew Vaughn,,,
1369,5200845404,jack.1234 (3/4),0,29.5,CPT Casey Schmitt UTIL Jackson Chourio UTIL Luis Arraez UTIL William Contreras UTIL Willy Adames UTIL Andrew Vaughn,,,
1371,5200258815,ivymoose (18/20),0,29.15,CPT Brandon Sproat UTIL Jackson Chourio UTIL Brice Turang UTIL Andrew Vaughn UTIL Joey Ortiz UTIL Drew Gilbert,,,
1371,5200502114,Kool198,0,29.15,CPT Brandon Sproat UTIL Jake Bauers UTIL William Contreras UTIL Garrett Mitchell UTIL Andrew Vaughn UTIL Drew Gilbert,,,
1371,5200536115,Skipper55 (6/20),0,29.15,CPT Brandon Sproat UTIL Jackson Chourio UTIL Christian Yelich UTIL Andrew Vaughn UTIL Joey Ortiz UTIL Drew Gilbert,,,
1371,5200536121,Skipper55 (12/20),0,29.15,CPT Brandon Sproat UTIL Jackson Chourio UTIL Brice Turang UTIL Andrew Vaughn UTIL Joey Ortiz UTIL Drew Gilbert,,,
1371,5200697158,kbrisacher (14/20),0,29.15,CPT Brandon Sproat UTIL Jackson Chourio UTIL Brice Turang UTIL Andrew Vaughn UTIL Joey Ortiz UTIL Drew Gilbert,,,
1371,5200810858,oscarquintanilla58 (3/4),0,29.15,CPT Brandon Sproat UTIL Jackson Chourio UTIL Brice Turang UTIL Andrew Vaughn UTIL Joey Ortiz UTIL Drew Gilbert,,,
1371,5200810866,oscarquintanilla58 (4/4),0,29.15,CPT Brandon Sproat UTIL Jackson Chourio UTIL Brice Turang UTIL Andrew Vaughn UTIL Joey Ortiz UTIL Drew Gilbert,,,
1371,5200854376,AndreJC3,0,29.15,CPT Brandon Sproat UTIL Christian Yelich UTIL Rafael Devers UTIL Willy Adames UTIL Cooper Pratt UTIL Joey Ortiz,,,
1371,5200884739,tybry85 (1/20),0,29.15,CPT Brandon Sproat UTIL Christian Yelich UTIL Rafael Devers UTIL Bryce Eldridge UTIL Andrew Vaughn UTIL Cooper Pratt,,,
1371,5200884779,tybry85 (20/20),0,29.15,CPT Brandon Sproat UTIL William Contreras UTIL Rafael Devers UTIL Bryce Eldridge UTIL Andrew Vaughn UTIL Cooper Pratt,,,
1371,5200948999,JJSaenz (10/20),0,29.15,CPT Brandon Sproat UTIL Jackson Chourio UTIL Brice Turang UTIL Andrew Vaughn UTIL Joey Ortiz UTIL Drew Gilbert,,,
1382,5200430779,Littlebilly65 (2/2),0,29.1,CPT Christian Yelich UTIL Brandon Sproat UTIL Casey Schmitt UTIL Willy Adames UTIL Andrew Vaughn UTIL Cooper Pratt,,,
1382,5200491664,jsamtoy (17/20),0,29.1,CPT William Contreras UTIL Brandon Sproat UTIL Christian Yelich UTIL Luis Arraez UTIL Andrew Vaughn UTIL Cooper Pratt,,,
1382,5200681060,PurpleReign1313 (1/2),0,29.1,CPT Brice Turang UTIL Brandon Sproat UTIL Jackson Chourio UTIL Andrew Vaughn UTIL Cooper Pratt UTIL Jesus Rodriguez,,,
1382,5200811271,jenn1008,0,29.1,CPT Brice Turang UTIL Brandon Sproat UTIL Jake Bauers UTIL Bryce Eldridge UTIL Andrew Vaughn UTIL Jesus Rodriguez,,,
1382,5200895730,84flipmode (17/20),0,29.1,CPT William Contreras UTIL Brandon Sproat UTIL Luis Arraez UTIL Garrett Mitchell UTIL Andrew Vaughn UTIL Cooper Pratt,,,
1382,5200964331,johnblum91,0,29.1,CPT Christian Yelich UTIL Brandon Sproat UTIL Luis Arraez UTIL Rafael Devers UTIL Andrew Vaughn UTIL Joey Ortiz,,,
1388,5200414404,squeels1111 (1/2),0,29,CPT Brice Turang UTIL Jackson Chourio UTIL Christian Yelich UTIL Luis Arraez UTIL Joey Ortiz UTIL Grant McCray,,,
1388,5200588205,vstar1300 (7/7),0,29,CPT Luis Arraez UTIL Brice Turang UTIL Jake Bauers UTIL Rafael Devers UTIL Willy Adames UTIL Bryce Eldridge,,,
1388,5200678977,Mr.luckyGuy (1/4),0,29,CPT Luis Arraez UTIL Jackson Chourio UTIL William Contreras UTIL Rafael Devers UTIL Cooper Pratt UTIL Jesus Rodriguez,,,
1388,5200792544,jeremykarle (5/10),0,29,CPT Luis Arraez UTIL Brice Turang UTIL Casey Schmitt UTIL Willy Adames UTIL Bryce Eldridge UTIL Cooper Pratt,,,
1388,5200859853,fireball43 (2/3),0,29,CPT Luis Arraez UTIL Christian Yelich UTIL Casey Schmitt UTIL Rafael Devers UTIL Willy Adames UTIL Bryce Eldridge,,,
1388,5200881537,Vtown788 (2/2),0,29,CPT Cooper Pratt UTIL Jackson Chourio UTIL Casey Schmitt UTIL Luis Arraez UTIL Jake Bauers UTIL Willy Adames,,,
1388,5200884752,Young_flubs (5/6),0,29,CPT Rafael Devers UTIL Jackson Chourio UTIL Luis Arraez UTIL Jake Bauers UTIL Heliot Ramos UTIL Andrew Vaughn,,,
1388,5200911205,62caddyconvert (1/2),0,29,CPT Luis Arraez UTIL Brice Turang UTIL Jake Bauers UTIL Rafael Devers UTIL Willy Adames UTIL Bryce Eldridge,,,
1388,5200980976,ebrown_ua (2/5),0,29,CPT Bryce Eldridge UTIL Jackson Chourio UTIL Luis Arraez UTIL Jake Bauers UTIL Heliot Ramos UTIL Andrew Vaughn,,,
1397,5200398819,Fuzz988 (10/20),0,28.6,CPT Jake Bauers UTIL Brandon Sproat UTIL Brice Turang UTIL Luis Arraez UTIL Cooper Pratt UTIL Joey Ortiz,,,
1397,5200414462,az350z (2/20),0,28.6,CPT Jake Bauers UTIL Brandon Sproat UTIL Brice Turang UTIL Garrett Mitchell UTIL Andrew Vaughn UTIL Jesus Rodriguez,,,
1397,5200524081,austin60915 (4/20),0,28.6,CPT Jake Bauers UTIL Brandon Sproat UTIL Brice Turang UTIL William Contreras UTIL Andrew Vaughn UTIL Jesus Rodriguez,,,
1397,5200538479,mjrlaw23 (16/20),0,28.6,CPT Willy Adames UTIL Brandon Sproat UTIL Christian Yelich UTIL Casey Schmitt UTIL Garrett Mitchell UTIL Drew Gilbert,,,
1397,5200717728,JaserD (14/20),0,28.6,CPT Jake Bauers UTIL Brandon Sproat UTIL Jackson Chourio UTIL Willy Adames UTIL Cooper Pratt UTIL Joey Ortiz,,,
1397,5200717729,JaserD (15/20),0,28.6,CPT Jake Bauers UTIL Brandon Sproat UTIL Christian Yelich UTIL Heliot Ramos UTIL Andrew Vaughn UTIL Cooper Pratt,,,
1397,5200720637,mrclean913 (8/20),0,28.6,CPT Jake Bauers UTIL Brandon Sproat UTIL Brice Turang UTIL William Contreras UTIL Andrew Vaughn UTIL Jesus Rodriguez,,,
1397,5200757281,45dojo (2/8),0,28.6,CPT Jake Bauers UTIL Brandon Sproat UTIL Christian Yelich UTIL Luis Arraez UTIL Cooper Pratt UTIL Joey Ortiz,,,
1397,5200785152,wano0916 (15/20),0,28.6,CPT Andrew Vaughn UTIL Brandon Sproat UTIL Brice Turang UTIL Heliot Ramos UTIL Rafael Devers UTIL Bryce Eldridge,,,
1397,5200806659,1420miles,0,28.6,CPT Jake Bauers UTIL Brandon Sproat UTIL Brice Turang UTIL Luis Arraez UTIL Cooper Pratt UTIL Joey Ortiz,,,
1397,5200811516,grantgoupil (17/20),0,28.6,CPT Jackson Chourio UTIL Brandon Sproat UTIL Luis Arraez UTIL Garrett Mitchell UTIL Cooper Pratt UTIL Joey Ortiz,,,
1397,5200857576,KelvinDubs (6/20),0,28.6,CPT Jake Bauers UTIL Brandon Sproat UTIL Brice Turang UTIL William Contreras UTIL Andrew Vaughn UTIL Jesus Rodriguez,,,
1397,5200925565,terminator31 (5/20),0,28.6,CPT Jake Bauers UTIL Brandon Sproat UTIL Christian Yelich UTIL Heliot Ramos UTIL Andrew Vaughn UTIL Cooper Pratt,,,
1397,5200933293,Edgitt116 (5/12),0,28.6,CPT Jake Bauers UTIL Brandon Sproat UTIL Brice Turang UTIL William Contreras UTIL Andrew Vaughn UTIL Jesus Rodriguez,,,
1397,5200934091,UniversalFriend (19/20),0,28.6,CPT Jake Bauers UTIL Brandon Sproat UTIL Jackson Chourio UTIL William Contreras UTIL Cooper Pratt UTIL Jesus Rodriguez,,,
1397,5200971907,Mige1 (16/20),0,28.6,CPT Jake Bauers UTIL Brandon Sproat UTIL William Contreras UTIL Garrett Mitchell UTIL Willy Adames UTIL Andrew Vaughn,,,
1413,5200420298,2boys2girls (2/2),0,28.5,CPT Casey Schmitt UTIL Luis Arraez UTIL Heliot Ramos UTIL William Contreras UTIL Rafael Devers UTIL Willy Adames,,,
1413,5200500606,Young_flubs (2/6),0,28.5,CPT Casey Schmitt UTIL Jackson Chourio UTIL Luis Arraez UTIL Rafael Devers UTIL Willy Adames UTIL Cooper Pratt,,,
1413,5200764767,msshj08 (1/8),0,28.5,CPT Rafael Devers UTIL Tyler Mahle UTIL Jackson Chourio UTIL Brice Turang UTIL Cooper Pratt UTIL Joey Ortiz,,,
1413,5200785151,wano0916 (14/20),0,28.5,CPT Cooper Pratt UTIL Tyler Mahle UTIL Christian Yelich UTIL Casey Schmitt UTIL Rafael Devers UTIL Garrett Mitchell,,,
1413,5200891881,jack.1234 (4/4),0,28.5,CPT Willy Adames UTIL Christian Yelich UTIL Casey Schmitt UTIL Luis Arraez UTIL Jake Bauers UTIL Bryce Eldridge,,,
1413,5200948435,Ezilodi (1/20),0,28.5,CPT Jake Bauers UTIL Brice Turang UTIL Luis Arraez UTIL Heliot Ramos UTIL Rafael Devers UTIL Jesus Rodriguez,,,
1413,5200953504,dfowler222,0,28.5,CPT Casey Schmitt UTIL Luis Arraez UTIL Heliot Ramos UTIL William Contreras UTIL Rafael Devers UTIL Willy Adames,,,
1413,5200953966,1kilo,0,28.5,CPT Jackson Chourio UTIL Brice Turang UTIL Casey Schmitt UTIL Jake Bauers UTIL Rafael Devers UTIL Grant McCray,,,
1413,5200965404,pisco80 (10/10),0,28.5,CPT Willy Adames UTIL Jackson Chourio UTIL Christian Yelich UTIL Casey Schmitt UTIL Luis Arraez UTIL Cooper Pratt,,,
1422,5199997486,Schoey17 (3/9),0,28.15,CPT Brandon Sproat UTIL Jake Bauers UTIL William Contreras UTIL Rafael Devers UTIL Andrew Vaughn UTIL Joey Ortiz,,,
1422,5200262022,Sammy.Boy (18/20),0,28.15,CPT Brandon Sproat UTIL Jake Bauers UTIL William Contreras UTIL Rafael Devers UTIL Andrew Vaughn UTIL Joey Ortiz,,,
1422,5200432757,Pkash99,0,28.15,CPT Brandon Sproat UTIL Brice Turang UTIL Casey Schmitt UTIL Bryce Eldridge UTIL Cooper Pratt UTIL Drew Gilbert,,,
1422,5200445721,73pd2x (1/20),0,28.15,CPT Brandon Sproat UTIL Jake Bauers UTIL William Contreras UTIL Rafael Devers UTIL Andrew Vaughn UTIL Joey Ortiz,,,
1422,5200472723,rsumrall (11/20),0,28.15,CPT Brandon Sproat UTIL Christian Yelich UTIL Jake Bauers UTIL William Contreras UTIL Jesus Rodriguez UTIL Joey Ortiz,,,
1422,5200501785,briguy13 (13/20),0,28.15,CPT Brandon Sproat UTIL Christian Yelich UTIL Jake Bauers UTIL Bryce Eldridge UTIL Andrew Vaughn UTIL Joey Ortiz,,,
1422,5200516918,SpeedRacer101 (4/20),0,28.15,CPT Brandon Sproat UTIL Christian Yelich UTIL Jake Bauers UTIL Bryce Eldridge UTIL Andrew Vaughn UTIL Joey Ortiz,,,
1422,5200638749,bellsofwar3 (14/20),0,28.15,CPT Brandon Sproat UTIL Brice Turang UTIL Jake Bauers UTIL Garrett Mitchell UTIL Jesus Rodriguez UTIL Joey Ortiz,,,
1422,5200697155,kbrisacher (11/20),0,28.15,CPT Brandon Sproat UTIL Christian Yelich UTIL Jake Bauers UTIL Bryce Eldridge UTIL Andrew Vaughn UTIL Joey Ortiz,,,
1422,5200835843,sbolomo (13/20),0,28.15,CPT Brandon Sproat UTIL Brice Turang UTIL Jake Bauers UTIL Garrett Mitchell UTIL Jesus Rodriguez UTIL Joey Ortiz,,,
1422,5200848281,jsw1264,0,28.15,CPT Brandon Sproat UTIL Casey Schmitt UTIL Jake Bauers UTIL Rafael Devers UTIL Cooper Pratt UTIL Joey Ortiz,,,
1422,5200912435,dolan21,0,28.15,CPT Brandon Sproat UTIL Christian Yelich UTIL William Contreras UTIL Rafael Devers UTIL Andrew Vaughn UTIL Drew Gilbert,,,
1422,5200925568,terminator31 (8/20),0,28.15,CPT Brandon Sproat UTIL Christian Yelich UTIL Jake Bauers UTIL Bryce Eldridge UTIL Andrew Vaughn UTIL Joey Ortiz,,,
1422,5200926723,Torchman94,0,28.15,CPT Brandon Sproat UTIL Casey Schmitt UTIL William Contreras UTIL Andrew Vaughn UTIL Cooper Pratt UTIL Joey Ortiz,,,
1422,5200934083,UniversalFriend (11/20),0,28.15,CPT Brandon Sproat UTIL Christian Yelich UTIL Jake Bauers UTIL William Contreras UTIL Jesus Rodriguez UTIL Joey Ortiz,,,
1422,5200969232,jeffmorris007 (20/20),0,28.15,CPT Brandon Sproat UTIL Christian Yelich UTIL Jake Bauers UTIL Bryce Eldridge UTIL Andrew Vaughn UTIL Joey Ortiz,,,
1438,5200266270,K2thaU2thaB2thaA,0,28.1,CPT Cooper Pratt UTIL Brandon Sproat UTIL Jackson Chourio UTIL Christian Yelich UTIL Luis Arraez UTIL Joey Ortiz,,,
1438,5200405776,sharksbay99 (3/3),0,28.1,CPT Christian Yelich UTIL Brandon Sproat UTIL Heliot Ramos UTIL Bryce Eldridge UTIL Cooper Pratt UTIL Jesus Rodriguez,,,
1438,5200476488,DarcieH,0,28.1,CPT Brice Turang UTIL Brandon Sproat UTIL Christian Yelich UTIL Willy Adames UTIL Cooper Pratt UTIL Jesus Rodriguez,,,
1438,5200516916,SpeedRacer101 (2/20),0,28.1,CPT William Contreras UTIL Brandon Sproat UTIL Brice Turang UTIL Christian Yelich UTIL Garrett Mitchell UTIL Grant McCray,,,
1438,5200801530,Alex_Bader,0,28.1,CPT Cooper Pratt UTIL Brandon Sproat UTIL Jackson Chourio UTIL Brice Turang UTIL Luis Arraez UTIL Joey Ortiz,,,
1438,5200883465,1917JARHEAD,0,28.1,CPT Cooper Pratt UTIL Brandon Sproat UTIL Jackson Chourio UTIL Christian Yelich UTIL Heliot Ramos UTIL Andrew Vaughn,,,
1438,5200888938,wiltodd,0,28.1,CPT Rafael Devers UTIL Brandon Sproat UTIL Luis Arraez UTIL Jake Bauers UTIL William Contreras UTIL Joey Ortiz,,,
1438,5200980684,Runninrebel02 (8/14),0,28.1,CPT William Contreras UTIL Brandon Sproat UTIL Brice Turang UTIL Christian Yelich UTIL Garrett Mitchell UTIL Grant McCray,,,
1438,5200981422,ZuluTango82 (2/7),0,28.1,CPT Cooper Pratt UTIL Brandon Sproat UTIL Jackson Chourio UTIL Jake Bauers UTIL Garrett Mitchell UTIL Willy Adames,,,
1447,5200459496,cheezdawg,0,28,CPT Bryce Eldridge UTIL Jackson Chourio UTIL Brice Turang UTIL Luis Arraez UTIL Willy Adames UTIL Andrew Vaughn,,,
1447,5200544127,macattack3286 (1/3),0,28,CPT Luis Arraez UTIL Jackson Chourio UTIL Christian Yelich UTIL Casey Schmitt UTIL Willy Adames UTIL Joey Ortiz,,,
1447,5200588190,vstar1300 (6/7),0,28,CPT Bryce Eldridge UTIL Jackson Chourio UTIL Luis Arraez UTIL Jake Bauers UTIL Rafael Devers UTIL Willy Adames,,,
1447,5200722811,tman116,0,28,CPT Christian Yelich UTIL Casey Schmitt UTIL Luis Arraez UTIL Jake Bauers UTIL Willy Adames UTIL Andrew Vaughn,,,
1447,5200775421,Rgietzen09,0,28,CPT Luis Arraez UTIL Christian Yelich UTIL Casey Schmitt UTIL Jake Bauers UTIL Bryce Eldridge UTIL Andrew Vaughn,,,
1447,5200800796,supercatdondada,0,28,CPT Rafael Devers UTIL Christian Yelich UTIL Casey Schmitt UTIL Luis Arraez UTIL Willy Adames UTIL Andrew Vaughn,,,
1447,5200807238,tam92267,0,28,CPT Brice Turang UTIL Jackson Chourio UTIL Luis Arraez UTIL Jake Bauers UTIL Andrew Vaughn UTIL Jesus Rodriguez,,,
1447,5200891403,richats,0,28,CPT William Contreras UTIL Jackson Chourio UTIL Luis Arraez UTIL Jake Bauers UTIL Willy Adames UTIL Andrew Vaughn,,,
1447,5200901577,Dwain1117,0,28,CPT Luis Arraez UTIL Jackson Chourio UTIL Brice Turang UTIL Casey Schmitt UTIL Andrew Vaughn UTIL Cooper Pratt,,,
1447,5200948489,broncossb (1/17),0,28,CPT Brice Turang UTIL Jackson Chourio UTIL Luis Arraez UTIL Jake Bauers UTIL Andrew Vaughn UTIL Jesus Rodriguez,,,
1447,5200956873,kramah1969,0,28,CPT William Contreras UTIL Jackson Chourio UTIL Luis Arraez UTIL Jake Bauers UTIL Heliot Ramos UTIL Jesus Rodriguez,,,
1447,5200966719,MShields52,0,28,CPT Luis Arraez UTIL Jackson Chourio UTIL Brice Turang UTIL Casey Schmitt UTIL Andrew Vaughn UTIL Cooper Pratt,,,
1447,5200968315,dionysus425 (2/2),0,28,CPT Luis Arraez UTIL Brice Turang UTIL Casey Schmitt UTIL Jake Bauers UTIL Bryce Eldridge UTIL Andrew Vaughn,,,
1447,5200986496,wwc951 (2/7),0,28,CPT Rafael Devers UTIL Jackson Chourio UTIL Christian Yelich UTIL Luis Arraez UTIL Willy Adames UTIL Andrew Vaughn,,,
1461,5200516929,SpeedRacer101 (15/20),0,27.6,CPT Jake Bauers UTIL Brandon Sproat UTIL Jackson Chourio UTIL William Contreras UTIL Andrew Vaughn UTIL Drew Gilbert,,,
1461,5200840992,StonzMVP,0,27.6,CPT Andrew Vaughn UTIL Brandon Sproat UTIL Brice Turang UTIL Casey Schmitt UTIL Jake Bauers UTIL Cooper Pratt,,,
1461,5200884763,tybry85 (4/20),0,27.6,CPT Jackson Chourio UTIL Brandon Sproat UTIL Rafael Devers UTIL Bryce Eldridge UTIL Andrew Vaughn UTIL Cooper Pratt,,,
1461,5200948453,Ezilodi (19/20),0,27.6,CPT Jake Bauers UTIL Brandon Sproat UTIL Jackson Chourio UTIL William Contreras UTIL Andrew Vaughn UTIL Drew Gilbert,,,
1461,5200948994,JJSaenz (5/20),0,27.6,CPT Jake Bauers UTIL Brandon Sproat UTIL Christian Yelich UTIL Casey Schmitt UTIL Andrew Vaughn UTIL Drew Gilbert,,,
1466,5200663673,fullerf54 (19/20),0,27.5,CPT Casey Schmitt UTIL Luis Arraez UTIL Jake Bauers UTIL Heliot Ramos UTIL William Contreras UTIL Andrew Vaughn,,,
1466,5200879648,jeremykarle (8/10),0,27.5,CPT Willy Adames UTIL Jackson Chourio UTIL Brice Turang UTIL Luis Arraez UTIL Bryce Eldridge UTIL Cooper Pratt,,,
1468,5200315142,RamsRuleRamsRule,0,27.15,CPT Brandon Sproat UTIL Brice Turang UTIL William Contreras UTIL Garrett Mitchell UTIL Cooper Pratt UTIL Jesus Rodriguez,,,
1468,5200343859,kreller17 (11/20),0,27.15,CPT Brandon Sproat UTIL Christian Yelich UTIL Garrett Mitchell UTIL Willy Adames UTIL Cooper Pratt UTIL Joey Ortiz,,,
1468,5200419348,KGould86 (13/20),0,27.15,CPT Brandon Sproat UTIL Brice Turang UTIL William Contreras UTIL Garrett Mitchell UTIL Cooper Pratt UTIL Jesus Rodriguez,,,
1468,5200429458,joelorr,0,27.15,CPT Brandon Sproat UTIL Brice Turang UTIL Christian Yelich UTIL Willy Adames UTIL Cooper Pratt UTIL Daniel Susac,,,
1468,5200445730,73pd2x (10/20),0,27.15,CPT Brandon Sproat UTIL Jackson Chourio UTIL Jake Bauers UTIL Garrett Mitchell UTIL Joey Ortiz UTIL Drew Gilbert,,,
1468,5200691613,kellydjk (3/4),0,27.15,CPT Brandon Sproat UTIL Garrett Mitchell UTIL Willy Adames UTIL Bryce Eldridge UTIL Gary Sanchez UTIL Eric Haase,,,
1468,5200697152,kbrisacher (8/20),0,27.15,CPT Brandon Sproat UTIL Brice Turang UTIL Garrett Mitchell UTIL Bryce Eldridge UTIL Andrew Vaughn UTIL Cooper Pratt,,,
1468,5200884762,tybry85 (3/20),0,27.15,CPT Brandon Sproat UTIL Christian Yelich UTIL William Contreras UTIL Bryce Eldridge UTIL Andrew Vaughn UTIL Cooper Pratt,,,
1468,5200913780,PokerChump (18/20),0,27.15,CPT Brandon Sproat UTIL Christian Yelich UTIL William Contreras UTIL Garrett Mitchell UTIL Cooper Pratt UTIL Jesus Rodriguez,,,
1468,5200929444,KingTerryPegula (7/20),0,27.15,CPT Brandon Sproat UTIL Brice Turang UTIL William Contreras UTIL Garrett Mitchell UTIL Cooper Pratt UTIL Jesus Rodriguez,,,
1468,5200947925,structurelars,0,27.15,CPT Brandon Sproat UTIL William Contreras UTIL Rafael Devers UTIL Garrett Mitchell UTIL Willy Adames UTIL Joey Ortiz,,,
1468,5200971908,Mige1 (17/20),0,27.15,CPT Brandon Sproat UTIL Christian Yelich UTIL William Contreras UTIL Garrett Mitchell UTIL Cooper Pratt UTIL Jesus Rodriguez,,,
1480,5200414464,az350z (4/20),0,27.1,CPT Cooper Pratt UTIL Brandon Sproat UTIL Jackson Chourio UTIL William Contreras UTIL Rafael Devers UTIL Willy Adames,,,
1480,5200829789,battleb1015 (2/2),0,27.1,CPT Cooper Pratt UTIL Brandon Sproat UTIL Brice Turang UTIL Jake Bauers UTIL Rafael Devers UTIL Willy Adames,,,
1480,5200891371,84flipmode (10/20),0,27.1,CPT Garrett Mitchell UTIL Brandon Sproat UTIL Christian Yelich UTIL Luis Arraez UTIL Rafael Devers UTIL Drew Gilbert,,,
1480,5200930069,ballgame1881 (13/20),0,27.1,CPT Garrett Mitchell UTIL Brandon Sproat UTIL Jackson Chourio UTIL Heliot Ramos UTIL Andrew Vaughn UTIL Cooper Pratt,,,
1480,5200946526,ohairyone (2/3),0,27.1,CPT Cooper Pratt UTIL Brandon Sproat UTIL Jackson Chourio UTIL Brice Turang UTIL Bryce Eldridge UTIL Jesus Rodriguez,,,
1485,5200418925,Raiderblue,0,27,CPT Luis Arraez UTIL Brice Turang UTIL Jake Bauers UTIL Rafael Devers UTIL Bryce Eldridge UTIL Andrew Vaughn,,,
1485,5200739227,curly82 (8/15),0,27,CPT Luis Arraez UTIL Jackson Chourio UTIL Christian Yelich UTIL William Contreras UTIL Willy Adames UTIL Cooper Pratt,,,
1485,5200956124,snipedanglecelly (3/3),0,27,CPT Luis Arraez UTIL Christian Yelich UTIL Jake Bauers UTIL William Contreras UTIL Willy Adames UTIL Bryce Eldridge,,,
1485,5200961645,tfsmith10 (1/2),0,27,CPT Luis Arraez UTIL Casey Schmitt UTIL Heliot Ramos UTIL William Contreras UTIL Rafael Devers UTIL Bryce Eldridge,,,
1485,5200979170,mjkelly727,0,27,CPT Luis Arraez UTIL Brice Turang UTIL Christian Yelich UTIL Heliot Ramos UTIL Bryce Eldridge UTIL Andrew Vaughn,,,
1490,5200313390,millerjt7 (2/4),0,26.6,CPT Andrew Vaughn UTIL Brandon Sproat UTIL Casey Schmitt UTIL William Contreras UTIL Rafael Devers UTIL Bryce Eldridge,,,
1490,5200754075,colbyhornet (20/20),0,26.6,CPT Jake Bauers UTIL Brandon Sproat UTIL Brice Turang UTIL Heliot Ramos UTIL Andrew Vaughn UTIL Joey Ortiz,,,
1490,5200764565,USMBrad14 (15/20),0,26.6,CPT Jackson Chourio UTIL Brandon Sproat UTIL Jake Bauers UTIL Bryce Eldridge UTIL Andrew Vaughn UTIL Joey Ortiz,,,
1490,5200785143,wano0916 (6/20),0,26.6,CPT Jackson Chourio UTIL Brandon Sproat UTIL Jake Bauers UTIL William Contreras UTIL Jesus Rodriguez UTIL Joey Ortiz,,,
1490,5200811507,grantgoupil (8/20),0,26.6,CPT Jake Bauers UTIL Brandon Sproat UTIL Brice Turang UTIL Heliot Ramos UTIL Andrew Vaughn UTIL Joey Ortiz,,,
1490,5200857581,KelvinDubs (11/20),0,26.6,CPT Jake Bauers UTIL Brandon Sproat UTIL Jackson Chourio UTIL Heliot Ramos UTIL Cooper Pratt UTIL Joey Ortiz,,,
1490,5200867042,cwthrow24 (18/20),0,26.6,CPT Jackson Chourio UTIL Brandon Sproat UTIL Brice Turang UTIL Andrew Vaughn UTIL Cooper Pratt UTIL Drew Gilbert,,,
1490,5200884770,tybry85 (11/20),0,26.6,CPT Jackson Chourio UTIL Brandon Sproat UTIL William Contreras UTIL Rafael Devers UTIL Andrew Vaughn UTIL Drew Gilbert,,,
1490,5200884772,tybry85 (13/20),0,26.6,CPT Andrew Vaughn UTIL Brandon Sproat UTIL Jackson Chourio UTIL Rafael Devers UTIL Garrett Mitchell UTIL Bryce Eldridge,,,
1490,5200984367,austinjflores2 (3/3),0,26.6,CPT Jackson Chourio UTIL Brandon Sproat UTIL Brice Turang UTIL Jesus Rodriguez UTIL Joey Ortiz UTIL Drew Gilbert,,,
1500,5200717734,JaserD (20/20),0,26.5,CPT Jake Bauers UTIL Brice Turang UTIL Luis Arraez UTIL Heliot Ramos UTIL William Contreras UTIL Jesus Rodriguez,,,
1500,5200757287,45dojo (8/8),0,26.5,CPT Jake Bauers UTIL Brice Turang UTIL Casey Schmitt UTIL Luis Arraez UTIL Willy Adames UTIL Cooper Pratt,,,
1500,5200782264,JoeNY07 (1/5),0,26.5,CPT Jake Bauers UTIL Jackson Chourio UTIL Luis Arraez UTIL Garrett Mitchell UTIL Willy Adames UTIL Bryce Eldridge,,,
1500,5200792570,cwh2638 (1/2),0,26.5,CPT Casey Schmitt UTIL Luis Arraez UTIL Jake Bauers UTIL Rafael Devers UTIL Garrett Mitchell UTIL Willy Adames,,,
1500,5200801477,cwh2638 (2/2),0,26.5,CPT Jackson Chourio UTIL Brice Turang UTIL Casey Schmitt UTIL Luis Arraez UTIL Cooper Pratt UTIL Jesus Rodriguez,,,
1500,5200816054,BChad24,0,26.5,CPT Willy Adames UTIL Jackson Chourio UTIL Casey Schmitt UTIL Heliot Ramos UTIL William Contreras UTIL Andrew Vaughn,,,
1500,5200880960,Young_flubs (4/6),0,26.5,CPT Jackson Chourio UTIL Luis Arraez UTIL Jake Bauers UTIL Rafael Devers UTIL Andrew Vaughn UTIL Cooper Pratt,,,
1500,5200889781,Raiders4Life202 (1/2),0,26.5,CPT Jake Bauers UTIL Jackson Chourio UTIL Christian Yelich UTIL Luis Arraez UTIL Willy Adames UTIL Cooper Pratt,,,
1500,5200927748,cootiie959 (2/3),0,26.5,CPT Casey Schmitt UTIL Luis Arraez UTIL Jake Bauers UTIL Rafael Devers UTIL Garrett Mitchell UTIL Willy Adames,,,
1500,5200930510,PEANUT1FFQ (2/2),0,26.5,CPT Jackson Chourio UTIL Casey Schmitt UTIL Jake Bauers UTIL Willy Adames UTIL Cooper Pratt UTIL Jesus Rodriguez,,,
1510,5200258799,ivymoose (2/20),0,26.15,CPT Brandon Sproat UTIL Christian Yelich UTIL William Contreras UTIL Garrett Mitchell UTIL Andrew Vaughn UTIL Drew Gilbert,,,
1510,5200258802,ivymoose (5/20),0,26.15,CPT Brandon Sproat UTIL Jackson Chourio UTIL Brice Turang UTIL Cooper Pratt UTIL Joey Ortiz UTIL Drew Gilbert,,,
1510,5200258808,ivymoose (11/20),0,26.15,CPT Brandon Sproat UTIL Brice Turang UTIL William Contreras UTIL Garrett Mitchell UTIL Andrew Vaughn UTIL Drew Gilbert,,,
1510,5200262017,Sammy.Boy (13/20),0,26.15,CPT Brandon Sproat UTIL Brice Turang UTIL William Contreras UTIL Garrett Mitchell UTIL Andrew Vaughn UTIL Drew Gilbert,,,
1510,5200309071,rhalpern15,0,26.15,CPT Brandon Sproat UTIL Jackson Chourio UTIL Brice Turang UTIL David Hamilton UTIL Cooper Pratt UTIL Drew Gilbert,,,
1510,5200313391,millerjt7 (3/4),0,26.15,CPT Brandon Sproat UTIL Christian Yelich UTIL Casey Schmitt UTIL Rafael Devers UTIL Joey Ortiz UTIL Drew Gilbert,,,
1510,5200343861,kreller17 (13/20),0,26.15,CPT Brandon Sproat UTIL Christian Yelich UTIL William Contreras UTIL Garrett Mitchell UTIL Andrew Vaughn UTIL Drew Gilbert,,,
1510,5200343865,kreller17 (17/20),0,26.15,CPT Brandon Sproat UTIL Jackson Chourio UTIL William Contreras UTIL Garrett Mitchell UTIL Cooper Pratt UTIL Drew Gilbert,,,
1510,5200398817,Fuzz988 (8/20),0,26.15,CPT Brandon Sproat UTIL Casey Schmitt UTIL William Contreras UTIL Garrett Mitchell UTIL Andrew Vaughn UTIL Joey Ortiz,,,
1510,5200418884,whoisjohngalt420 (10/20),0,26.15,CPT Brandon Sproat UTIL Christian Yelich UTIL Jake Bauers UTIL William Contreras UTIL Cooper Pratt UTIL Drew Gilbert,,,
1510,5200445726,73pd2x (6/20),0,26.15,CPT Brandon Sproat UTIL Christian Yelich UTIL William Contreras UTIL Garrett Mitchell UTIL Andrew Vaughn UTIL Drew Gilbert,,,
1510,5200516919,SpeedRacer101 (5/20),0,26.15,CPT Brandon Sproat UTIL Brice Turang UTIL William Contreras UTIL Garrett Mitchell UTIL Andrew Vaughn UTIL Drew Gilbert,,,
1510,5200524096,austin60915 (19/20),0,26.15,CPT Brandon Sproat UTIL Christian Yelich UTIL William Contreras UTIL Garrett Mitchell UTIL Andrew Vaughn UTIL Drew Gilbert,,,
1510,5200638753,bellsofwar3 (18/20),0,26.15,CPT Brandon Sproat UTIL Christian Yelich UTIL Jake Bauers UTIL William Contreras UTIL Cooper Pratt UTIL Drew Gilbert,,,
1510,5200697148,kbrisacher (4/20),0,26.15,CPT Brandon Sproat UTIL Christian Yelich UTIL William Contreras UTIL Garrett Mitchell UTIL Andrew Vaughn UTIL Drew Gilbert,,,
1510,5200835841,sbolomo (11/20),0,26.15,CPT Brandon Sproat UTIL Brice Turang UTIL Jake Bauers UTIL Garrett Mitchell UTIL Cooper Pratt UTIL Drew Gilbert,,,
1510,5200845655,RGeiser,0,26.15,CPT Brandon Sproat UTIL Brice Turang UTIL William Contreras UTIL Garrett Mitchell UTIL Andrew Vaughn UTIL Drew Gilbert,,,
1510,5200855629,psully123 (1/4),0,26.15,CPT Brandon Sproat UTIL Christian Yelich UTIL Jake Bauers UTIL William Contreras UTIL Cooper Pratt UTIL Drew Gilbert,,,
1510,5200857579,KelvinDubs (9/20),0,26.15,CPT Brandon Sproat UTIL Christian Yelich UTIL William Contreras UTIL Garrett Mitchell UTIL Andrew Vaughn UTIL Drew Gilbert,,,
1510,5200867035,cwthrow24 (11/20),0,26.15,CPT Brandon Sproat UTIL Christian Yelich UTIL Jake Bauers UTIL William Contreras UTIL Cooper Pratt UTIL Drew Gilbert,,,
1510,5200902621,yanksfan941 (1/6),0,26.15,CPT Brandon Sproat UTIL Christian Yelich UTIL William Contreras UTIL Garrett Mitchell UTIL Andrew Vaughn UTIL Drew Gilbert,,,
1510,5200913778,PokerChump (16/20),0,26.15,CPT Brandon Sproat UTIL Casey Schmitt UTIL Jake Bauers UTIL William Contreras UTIL Cooper Pratt UTIL Joey Ortiz,,,
1510,5200918493,MiKeyTheGuy69,0,26.15,CPT Brandon Sproat UTIL Brice Turang UTIL Jake Bauers UTIL Rafael Devers UTIL Joey Ortiz UTIL Drew Gilbert,,,
1510,5200934085,UniversalFriend (13/20),0,26.15,CPT Brandon Sproat UTIL Casey Schmitt UTIL Jake Bauers UTIL Garrett Mitchell UTIL Cooper Pratt UTIL Joey Ortiz,,,
1510,5200934089,UniversalFriend (17/20),0,26.15,CPT Brandon Sproat UTIL Brice Turang UTIL Jake Bauers UTIL Garrett Mitchell UTIL Cooper Pratt UTIL Drew Gilbert,,,
1510,5200943926,dmasech,0,26.15,CPT Brandon Sproat UTIL Christian Yelich UTIL Jake Bauers UTIL Garrett Mitchell UTIL Cooper Pratt UTIL Drew Gilbert,,,
1510,5200947610,kylhub10 (7/20),0,26.15,CPT Brandon Sproat UTIL Jackson Chourio UTIL Christian Yelich UTIL Cooper Pratt UTIL Joey Ortiz UTIL Drew Gilbert,,,
1510,5200969223,jeffmorris007 (11/20),0,26.15,CPT Brandon Sproat UTIL Brice Turang UTIL William Contreras UTIL Garrett Mitchell UTIL Andrew Vaughn UTIL Drew Gilbert,,,
1510,5200971900,Mige1 (9/20),0,26.15,CPT Brandon Sproat UTIL Brice Turang UTIL Jake Bauers UTIL Garrett Mitchell UTIL Cooper Pratt UTIL Drew Gilbert,,,
1539,5200424372,AverillsAvengers,0,26.1,CPT Cooper Pratt UTIL Brandon Sproat UTIL Jackson Chourio UTIL Casey Schmitt UTIL William Contreras UTIL Andrew Vaughn,,,
1539,5200457574,darndingaling,0,26.1,CPT William Contreras UTIL Brandon Sproat UTIL Christian Yelich UTIL Willy Adames UTIL Bryce Eldridge UTIL Andrew Vaughn,,,
1539,5200538476,mjrlaw23 (13/20),0,26.1,CPT Garrett Mitchell UTIL Brandon Sproat UTIL Jake Bauers UTIL Willy Adames UTIL Bryce Eldridge UTIL Cooper Pratt,,,
1539,5200676168,goheelz1 (6/6),0,26.1,CPT Christian Yelich UTIL Brandon Sproat UTIL Willy Adames UTIL Andrew Vaughn UTIL Cooper Pratt UTIL Joey Ortiz,,,
1539,5200679597,skibumb124,0,26.1,CPT Cooper Pratt UTIL Brandon Sproat UTIL Brice Turang UTIL Casey Schmitt UTIL Jake Bauers UTIL Andrew Vaughn,,,
1539,5200840600,pat_the_hat2 (9/20),0,26.1,CPT Rafael Devers UTIL Brandon Sproat UTIL Jackson Chourio UTIL Christian Yelich UTIL Andrew Vaughn UTIL Drew Gilbert,,,
1539,5200923805,Bvannoy08,0,26.1,CPT William Contreras UTIL Brandon Sproat UTIL Rafael Devers UTIL Garrett Mitchell UTIL Willy Adames UTIL Andrew Vaughn,,,
1546,5200490459,heybert711 (11/20),0,26,CPT Christian Yelich UTIL Luis Arraez UTIL Heliot Ramos UTIL Rafael Devers UTIL Willy Adames UTIL Bryce Eldridge,,,
1546,5200501933,Young_flubs (3/6),0,26,CPT Cooper Pratt UTIL Jackson Chourio UTIL Casey Schmitt UTIL Luis Arraez UTIL Rafael Devers UTIL Andrew Vaughn,,,
1546,5200678058,ERBeck9 (3/3),0,26,CPT Rafael Devers UTIL Casey Schmitt UTIL Luis Arraez UTIL Jake Bauers UTIL Heliot Ramos UTIL Bryce Eldridge,,,
1546,5200764568,USMBrad14 (18/20),0,26,CPT Bryce Eldridge UTIL Casey Schmitt UTIL Luis Arraez UTIL Jake Bauers UTIL Heliot Ramos UTIL Rafael Devers,,,
1546,5200928173,nuni0214 (1/2),0,26,CPT Brice Turang UTIL Jackson Chourio UTIL Christian Yelich UTIL Garrett Mitchell UTIL Willy Adames UTIL Grant McCray,,,
1546,5200948447,Ezilodi (13/20),0,26,CPT Luis Arraez UTIL Jackson Chourio UTIL Christian Yelich UTIL Casey Schmitt UTIL Bryce Eldridge UTIL Drew Gilbert,,,
1546,5200984858,Indiana__Bones (2/2),0,26,CPT Rafael Devers UTIL Jackson Chourio UTIL Casey Schmitt UTIL Luis Arraez UTIL Bryce Eldridge UTIL Andrew Vaughn,,,
1553,5200317216,handsomehearted2,0,25.6,CPT Jake Bauers UTIL Brandon Sproat UTIL Brice Turang UTIL Rafael Devers UTIL Andrew Vaughn UTIL Cooper Pratt,,,
1553,5200641284,floydian80 (14/20),0,25.6,CPT Jake Bauers UTIL Brandon Sproat UTIL William Contreras UTIL Garrett Mitchell UTIL Willy Adames UTIL Cooper Pratt,,,
1553,5200708799,Lundelius,0,25.6,CPT Jackson Chourio UTIL Brandon Sproat UTIL William Contreras UTIL Bryce Eldridge UTIL Andrew Vaughn UTIL Cooper Pratt,,,
1553,5200884761,tybry85 (2/20),0,25.6,CPT Jackson Chourio UTIL Brandon Sproat UTIL William Contreras UTIL Bryce Eldridge UTIL Andrew Vaughn UTIL Cooper Pratt,,,
1553,5200933923,megaruler,0,25.6,CPT Andrew Vaughn UTIL Brandon Sproat UTIL Jackson Chourio UTIL Brice Turang UTIL William Contreras UTIL Drew Gilbert,,,
1553,5200975778,namebran26 (2/8),0,25.6,CPT Jake Bauers UTIL Brandon Sproat UTIL Christian Yelich UTIL Rafael Devers UTIL Andrew Vaughn UTIL Cooper Pratt,,,
1559,5200295961,Hinkle76 (2/10),0,25.5,CPT Jake Bauers UTIL Jackson Chourio UTIL Brice Turang UTIL Christian Yelich UTIL Rafael Devers UTIL Grant McCray,,,
1559,5200414466,az350z (6/20),0,25.5,CPT Heliot Ramos UTIL Brice Turang UTIL Luis Arraez UTIL Jake Bauers UTIL William Contreras UTIL Andrew Vaughn,,,
1559,5200835454,GSlam,0,25.5,CPT Willy Adames UTIL Brice Turang UTIL Casey Schmitt UTIL Luis Arraez UTIL Rafael Devers UTIL Garrett Mitchell,,,
1559,5200840596,pat_the_hat2 (5/20),0,25.5,CPT Jackson Chourio UTIL Brice Turang UTIL Christian Yelich UTIL Heliot Ramos UTIL William Contreras UTIL Grant McCray,,,
1559,5200936458,BryceSpangler,0,25.5,CPT Jake Bauers UTIL Jackson Chourio UTIL Brice Turang UTIL Christian Yelich UTIL Rafael Devers UTIL Grant McCray,,,
1559,5200962576,coolsouthernbrees (10/18),0,25.5,CPT Willy Adames UTIL Jackson Chourio UTIL Brice Turang UTIL Casey Schmitt UTIL Bryce Eldridge UTIL Jesus Rodriguez,,,
1559,5200982818,Striker15 (4/5),0,25.5,CPT Jackson Chourio UTIL Brice Turang UTIL Christian Yelich UTIL Jake Bauers UTIL Rafael Devers UTIL Grant McCray,,,
1559,5200984974,1LOVE (2/2),0,25.5,CPT Jake Bauers UTIL Jackson Chourio UTIL Brice Turang UTIL Christian Yelich UTIL Rafael Devers UTIL Grant McCray,,,
1567,5200258807,ivymoose (10/20),0,25.15,CPT Brandon Sproat UTIL Christian Yelich UTIL Heliot Ramos UTIL Garrett Mitchell UTIL Cooper Pratt UTIL Joey Ortiz,,,
1567,5200262020,Sammy.Boy (16/20),0,25.15,CPT Brandon Sproat UTIL Christian Yelich UTIL Heliot Ramos UTIL William Contreras UTIL Cooper Pratt UTIL Joey Ortiz,,,
1567,5200330957,tbjones2121 (3/20),0,25.15,CPT Brandon Sproat UTIL Jackson Chourio UTIL Rafael Devers UTIL Garrett Mitchell UTIL Cooper Pratt UTIL Joey Ortiz,,,
1567,5200343867,kreller17 (19/20),0,25.15,CPT Brandon Sproat UTIL Brice Turang UTIL William Contreras UTIL Rafael Devers UTIL Cooper Pratt UTIL Drew Gilbert,,,
1567,5200390971,Rleone.1,0,25.15,CPT Brandon Sproat UTIL Jackson Chourio UTIL Rafael Devers UTIL Garrett Mitchell UTIL Cooper Pratt UTIL Joey Ortiz,,,
1567,5200418881,whoisjohngalt420 (7/20),0,25.15,CPT Brandon Sproat UTIL Jackson Chourio UTIL Rafael Devers UTIL Garrett Mitchell UTIL Cooper Pratt UTIL Joey Ortiz,,,
1567,5200418893,whoisjohngalt420 (19/20),0,25.15,CPT Brandon Sproat UTIL Christian Yelich UTIL Heliot Ramos UTIL Garrett Mitchell UTIL Cooper Pratt UTIL Joey Ortiz,,,
1567,5200501778,briguy13 (6/20),0,25.15,CPT Brandon Sproat UTIL Christian Yelich UTIL Heliot Ramos UTIL Garrett Mitchell UTIL Cooper Pratt UTIL Joey Ortiz,,,
1567,5200504012,Buck-E-Badger,0,25.15,CPT Brandon Sproat UTIL Brice Turang UTIL Rafael Devers UTIL Garrett Mitchell UTIL Andrew Vaughn UTIL Joey Ortiz,,,
1567,5200516926,SpeedRacer101 (12/20),0,25.15,CPT Brandon Sproat UTIL Christian Yelich UTIL Heliot Ramos UTIL Garrett Mitchell UTIL Cooper Pratt UTIL Joey Ortiz,,,
1567,5200524090,austin60915 (13/20),0,25.15,CPT Brandon Sproat UTIL Brice Turang UTIL Rafael Devers UTIL Garrett Mitchell UTIL Andrew Vaughn UTIL Joey Ortiz,,,
1567,5200536126,Skipper55 (17/20),0,25.15,CPT Brandon Sproat UTIL Brice Turang UTIL Jake Bauers UTIL Bryce Eldridge UTIL Cooper Pratt UTIL Joey Ortiz,,,
1567,5200611291,Racer08865,0,25.15,CPT Brandon Sproat UTIL Christian Yelich UTIL Jake Bauers UTIL Rafael Devers UTIL Cooper Pratt UTIL Joey Ortiz,,,
1567,5200638754,bellsofwar3 (19/20),0,25.15,CPT Brandon Sproat UTIL Brice Turang UTIL Heliot Ramos UTIL Garrett Mitchell UTIL Cooper Pratt UTIL Joey Ortiz,,,
1567,5200641277,floydian80 (7/20),0,25.15,CPT Brandon Sproat UTIL Christian Yelich UTIL Rafael Devers UTIL Garrett Mitchell UTIL Andrew Vaughn UTIL Joey Ortiz,,,
1567,5200676164,goheelz1 (2/6),0,25.15,CPT Brandon Sproat UTIL Christian Yelich UTIL Jake Bauers UTIL Rafael Devers UTIL Cooper Pratt UTIL Joey Ortiz,,,
1567,5200697156,kbrisacher (12/20),0,25.15,CPT Brandon Sproat UTIL Jackson Chourio UTIL William Contreras UTIL Bryce Eldridge UTIL Cooper Pratt UTIL Joey Ortiz,,,
1567,5200764561,USMBrad14 (11/20),0,25.15,CPT Brandon Sproat UTIL Jackson Chourio UTIL Rafael Devers UTIL Garrett Mitchell UTIL Cooper Pratt UTIL Joey Ortiz,,,
1567,5200795781,Watchib,0,25.15,CPT Brandon Sproat UTIL Jackson Chourio UTIL William Contreras UTIL Bryce Eldridge UTIL Cooper Pratt UTIL Joey Ortiz,,,
1567,5200811513,grantgoupil (14/20),0,25.15,CPT Brandon Sproat UTIL Christian Yelich UTIL Heliot Ramos UTIL Garrett Mitchell UTIL Cooper Pratt UTIL Joey Ortiz,,,
1567,5200867029,cwthrow24 (5/20),0,25.15,CPT Brandon Sproat UTIL Jackson Chourio UTIL Rafael Devers UTIL Garrett Mitchell UTIL Cooper Pratt UTIL Joey Ortiz,,,
1567,5200905791,TexasHeat12,0,25.15,CPT Brandon Sproat UTIL Christian Yelich UTIL Jake Bauers UTIL Rafael Devers UTIL Cooper Pratt UTIL Joey Ortiz,,,
1567,5200905827,yougotcropdusted (1/3),0,25.15,CPT Brandon Sproat UTIL Jackson Chourio UTIL Rafael Devers UTIL Garrett Mitchell UTIL Cooper Pratt UTIL Joey Ortiz,,,
1567,5200905828,yougotcropdusted (2/3),0,25.15,CPT Brandon Sproat UTIL Jackson Chourio UTIL Rafael Devers UTIL Garrett Mitchell UTIL Cooper Pratt UTIL Joey Ortiz,,,
1567,5200905829,yougotcropdusted (3/3),0,25.15,CPT Brandon Sproat UTIL Jackson Chourio UTIL Rafael Devers UTIL Garrett Mitchell UTIL Cooper Pratt UTIL Joey Ortiz,,,
1567,5200916503,lisa1209,0,25.15,CPT Brandon Sproat UTIL Christian Yelich UTIL Jake Bauers UTIL Rafael Devers UTIL Cooper Pratt UTIL Joey Ortiz,,,
1567,5200925580,terminator31 (20/20),0,25.15,CPT Brandon Sproat UTIL Jackson Chourio UTIL William Contreras UTIL Bryce Eldridge UTIL Cooper Pratt UTIL Joey Ortiz,,,
1567,5200929448,KingTerryPegula (11/20),0,25.15,CPT Brandon Sproat UTIL Jackson Chourio UTIL Rafael Devers UTIL Garrett Mitchell UTIL Cooper Pratt UTIL Joey Ortiz,,,
1567,5200960073,pisco80 (2/10),0,25.15,CPT Brandon Sproat UTIL Christian Yelich UTIL Jake Bauers UTIL Rafael Devers UTIL Cooper Pratt UTIL Joey Ortiz,,,
1567,5200960896,rams779 (4/7),0,25.15,CPT Brandon Sproat UTIL Christian Yelich UTIL William Contreras UTIL Rafael Devers UTIL Andrew Vaughn UTIL Joey Ortiz,,,
1567,5200971906,Mige1 (15/20),0,25.15,CPT Brandon Sproat UTIL Jackson Chourio UTIL Rafael Devers UTIL Garrett Mitchell UTIL Cooper Pratt UTIL Joey Ortiz,,,
1598,5200277344,bnasty32,0,25.1,CPT Cooper Pratt UTIL Brandon Sproat UTIL Jackson Chourio UTIL Brice Turang UTIL Rafael Devers UTIL Andrew Vaughn,,,
1598,5200295960,Hinkle76 (1/10),0,25.1,CPT Brice Turang UTIL Brandon Sproat UTIL Jackson Chourio UTIL Andrew Vaughn UTIL Cooper Pratt UTIL Drew Gilbert,,,
1598,5200501789,briguy13 (17/20),0,25.1,CPT William Contreras UTIL Brandon Sproat UTIL Casey Schmitt UTIL Jake Bauers UTIL Andrew Vaughn UTIL Cooper Pratt,,,
1598,5200625385,shuzz32420,0,25.1,CPT Cooper Pratt UTIL Brandon Sproat UTIL Christian Yelich UTIL Jake Bauers UTIL William Contreras UTIL Willy Adames,,,
1598,5200855851,jimmiyzap,0,25.1,CPT Brice Turang UTIL Brandon Sproat UTIL Jake Bauers UTIL Rafael Devers UTIL Andrew Vaughn UTIL Drew Gilbert,,,
1598,5200884765,tybry85 (6/20),0,25.1,CPT Rafael Devers UTIL Brandon Sproat UTIL Jackson Chourio UTIL William Contreras UTIL Andrew Vaughn UTIL Cooper Pratt,,,
1598,5200983313,Tburke34 (2/2),0,25.1,CPT Cooper Pratt UTIL Brandon Sproat UTIL Jackson Chourio UTIL Brice Turang UTIL Rafael Devers UTIL Andrew Vaughn,,,
1605,5200348441,Cambriaguru,0,25,CPT Luis Arraez UTIL Jackson Chourio UTIL Brice Turang UTIL Christian Yelich UTIL Andrew Vaughn UTIL Cooper Pratt,,,
1605,5200396711,Zmoney526,0,25,CPT Christian Yelich UTIL Luis Arraez UTIL Jake Bauers UTIL Heliot Ramos UTIL Rafael Devers UTIL Andrew Vaughn,,,
1605,5200448154,BrooCroo (2/4),0,25,CPT Luis Arraez UTIL Jackson Chourio UTIL Brice Turang UTIL Heliot Ramos UTIL Rafael Devers UTIL Joey Ortiz,,,
1605,5200672405,ERBeck9 (2/3),0,25,CPT Luis Arraez UTIL Jackson Chourio UTIL Brice Turang UTIL Christian Yelich UTIL Andrew Vaughn UTIL Cooper Pratt,,,
1605,5200737279,chapster76,0,25,CPT Luis Arraez UTIL Brice Turang UTIL Jake Bauers UTIL William Contreras UTIL Rafael Devers UTIL Andrew Vaughn,,,
1605,5200836839,jack.1234 (2/4),0,25,CPT Brice Turang UTIL Casey Schmitt UTIL Luis Arraez UTIL Garrett Mitchell UTIL Willy Adames UTIL Andrew Vaughn,,,
1605,5200867456,VSANCHEZ24,0,25,CPT Luis Arraez UTIL Jackson Chourio UTIL Christian Yelich UTIL Heliot Ramos UTIL Rafael Devers UTIL Joey Ortiz,,,
1605,5200888565,therealjtmoney420,0,25,CPT Jackson Chourio UTIL Tyler Mahle UTIL Gary Sanchez UTIL David Hamilton UTIL Luis Lara UTIL Blake Perkins,,,
1605,5200895313,Raiders4Life202 (2/2),0,25,CPT Luis Arraez UTIL Jackson Chourio UTIL Christian Yelich UTIL Jake Bauers UTIL Bryce Eldridge UTIL Cooper Pratt,,,
1605,5200897793,cep1exg,0,25,CPT Luis Arraez UTIL Jackson Chourio UTIL Casey Schmitt UTIL William Contreras UTIL Bryce Eldridge UTIL Cooper Pratt,,,
1605,5200927094,Badseed66,0,25,CPT Brice Turang UTIL Jackson Chourio UTIL Casey Schmitt UTIL Luis Arraez UTIL Cooper Pratt UTIL Jesus Rodriguez,,,
1605,5200934682,PatAngeArmetta2019,0,25,CPT Rafael Devers UTIL Jackson Chourio UTIL Brice Turang UTIL Christian Yelich UTIL Casey Schmitt UTIL Grant McCray,,,
1605,5200941081,CashMoneyClassic,0,25,CPT Luis Arraez UTIL Jackson Chourio UTIL Jake Bauers UTIL William Contreras UTIL Rafael Devers UTIL Cooper Pratt,,,
1605,5200954649,Titans510,0,25,CPT Rafael Devers UTIL Brice Turang UTIL Luis Arraez UTIL Heliot Ramos UTIL William Contreras UTIL Willy Adames,,,
1605,5200971432,Messmer57 (4/5),0,25,CPT Christian Yelich UTIL Luis Arraez UTIL Jake Bauers UTIL Heliot Ramos UTIL Garrett Mitchell UTIL Jesus Rodriguez,,,
1605,5200983913,Indiana__Bones (1/2),0,25,CPT Luis Arraez UTIL Casey Schmitt UTIL Jake Bauers UTIL William Contreras UTIL Rafael Devers UTIL Bryce Eldridge,,,
1621,5200418890,whoisjohngalt420 (16/20),0,24.6,CPT Jackson Chourio UTIL Brandon Sproat UTIL Jake Bauers UTIL William Contreras UTIL Cooper Pratt UTIL Drew Gilbert,,,
1621,5200516915,SpeedRacer101 (1/20),0,24.6,CPT Jake Bauers UTIL Brandon Sproat UTIL Brice Turang UTIL William Contreras UTIL Andrew Vaughn UTIL Drew Gilbert,,,
1621,5200641287,floydian80 (17/20),0,24.6,CPT Andrew Vaughn UTIL Brandon Sproat UTIL Jackson Chourio UTIL William Contreras UTIL Garrett Mitchell UTIL Bryce Eldridge,,,
1621,5200739232,curly82 (13/15),0,24.6,CPT Jackson Chourio UTIL Brandon Sproat UTIL William Contreras UTIL Garrett Mitchell UTIL Andrew Vaughn UTIL Drew Gilbert,,,
1621,5200764937,msshj08 (3/8),0,24.6,CPT Jake Bauers UTIL Brandon Sproat UTIL Jackson Chourio UTIL William Contreras UTIL Cooper Pratt UTIL Drew Gilbert,,,
1621,5200764938,msshj08 (4/8),0,24.6,CPT Jake Bauers UTIL Brandon Sproat UTIL Jackson Chourio UTIL William Contreras UTIL Cooper Pratt UTIL Drew Gilbert,,,
1621,5200764940,msshj08 (6/8),0,24.6,CPT Jake Bauers UTIL Brandon Sproat UTIL Jackson Chourio UTIL William Contreras UTIL Cooper Pratt UTIL Drew Gilbert,,,
1621,5200840603,pat_the_hat2 (12/20),0,24.6,CPT Drew Gilbert UTIL Brandon Sproat UTIL Jackson Chourio UTIL Jake Bauers UTIL William Contreras UTIL Rafael Devers,,,
1621,5200848486,msshj08 (7/8),0,24.6,CPT Jake Bauers UTIL Brandon Sproat UTIL Jackson Chourio UTIL William Contreras UTIL Cooper Pratt UTIL Drew Gilbert,,,
1621,5200848487,msshj08 (8/8),0,24.6,CPT Jake Bauers UTIL Brandon Sproat UTIL Jackson Chourio UTIL William Contreras UTIL Cooper Pratt UTIL Drew Gilbert,,,
1621,5200928685,psully123 (2/4),0,24.6,CPT Jackson Chourio UTIL Brandon Sproat UTIL Jake Bauers UTIL William Contreras UTIL Cooper Pratt UTIL Drew Gilbert,,,
1621,5200939277,rancidrancid78,0,24.6,CPT Drew Gilbert UTIL Brandon Sproat UTIL Jackson Chourio UTIL Brice Turang UTIL William Contreras UTIL Andrew Vaughn,,,
1621,5200948440,Ezilodi (6/20),0,24.6,CPT Jake Bauers UTIL Brandon Sproat UTIL Christian Yelich UTIL William Contreras UTIL Andrew Vaughn UTIL Drew Gilbert,,,
1621,5200955585,RobD513,0,24.6,CPT Jake Bauers UTIL Brandon Sproat UTIL Casey Schmitt UTIL William Contreras UTIL Bryce Eldridge UTIL Drew Gilbert,,,
1621,5200968023,Bohica2014 (1/4),0,24.6,CPT Andrew Vaughn UTIL Brandon Sproat UTIL Jackson Chourio UTIL William Contreras UTIL Garrett Mitchell UTIL Bryce Eldridge,,,
1621,5200968126,Bohica2014 (2/4),0,24.6,CPT Andrew Vaughn UTIL Brandon Sproat UTIL Jackson Chourio UTIL William Contreras UTIL Garrett Mitchell UTIL Bryce Eldridge,,,
1621,5200968132,Bohica2014 (3/4),0,24.6,CPT Andrew Vaughn UTIL Brandon Sproat UTIL Jackson Chourio UTIL William Contreras UTIL Garrett Mitchell UTIL Bryce Eldridge,,,
1621,5200968312,Bohica2014 (4/4),0,24.6,CPT Andrew Vaughn UTIL Brandon Sproat UTIL Jackson Chourio UTIL William Contreras UTIL Garrett Mitchell UTIL Bryce Eldridge,,,
1639,5200296897,Hinkle76 (10/10),0,24.5,CPT Willy Adames UTIL Brice Turang UTIL Christian Yelich UTIL Luis Arraez UTIL Rafael Devers UTIL Bryce Eldridge,,,
1639,5200417231,Hotdogfatboy (2/4),0,24.5,CPT Jackson Chourio UTIL Christian Yelich UTIL Luis Arraez UTIL Heliot Ramos UTIL Rafael Devers UTIL Drew Gilbert,,,
1639,5200422584,lango22,0,24.5,CPT Jake Bauers UTIL Brice Turang UTIL Casey Schmitt UTIL Luis Arraez UTIL Bryce Eldridge UTIL Andrew Vaughn,,,
1639,5200834030,marcusbond,0,24.5,CPT Casey Schmitt UTIL Brice Turang UTIL Luis Arraez UTIL Jake Bauers UTIL Bryce Eldridge UTIL Andrew Vaughn,,,
1639,5200930061,ballgame1881 (5/20),0,24.5,CPT Jackson Chourio UTIL Brice Turang UTIL William Contreras UTIL Rafael Devers UTIL Bryce Eldridge UTIL Grant McCray,,,
1639,5200936763,phfact0r49,0,24.5,CPT Jackson Chourio UTIL Brice Turang UTIL Luis Arraez UTIL Jake Bauers UTIL Andrew Vaughn UTIL Cooper Pratt,,,
1639,5200958300,MilkMonet (1/3),0,24.5,CPT Casey Schmitt UTIL Luis Arraez UTIL Jake Bauers UTIL William Contreras UTIL Garrett Mitchell UTIL Willy Adames,,,
1646,5200414476,az350z (16/20),0,24.15,CPT Brandon Sproat UTIL Jackson Chourio UTIL Christian Yelich UTIL Garrett Mitchell UTIL Drew Gilbert UTIL Jason Foley,,,
1646,5200453761,noahmenapace,0,24.15,CPT Brandon Sproat UTIL William Contreras UTIL Rafael Devers UTIL Garrett Mitchell UTIL Bryce Eldridge UTIL Cooper Pratt,,,
1646,5200764556,USMBrad14 (6/20),0,24.15,CPT Brandon Sproat UTIL Brice Turang UTIL Jake Bauers UTIL Garrett Mitchell UTIL Joey Ortiz UTIL Drew Gilbert,,,
1646,5200835846,sbolomo (16/20),0,24.15,CPT Brandon Sproat UTIL Brice Turang UTIL Jake Bauers UTIL William Contreras UTIL Joey Ortiz UTIL Drew Gilbert,,,
1646,5200884768,tybry85 (9/20),0,24.15,CPT Brandon Sproat UTIL William Contreras UTIL Rafael Devers UTIL Garrett Mitchell UTIL Bryce Eldridge UTIL Cooper Pratt,,,
1646,5200959169,maalston92 (2/3),0,24.15,CPT Brandon Sproat UTIL Brice Turang UTIL Jake Bauers UTIL William Contreras UTIL Joey Ortiz UTIL Drew Gilbert,,,
1652,5200438799,star_chopp,0,24.1,CPT Christian Yelich UTIL Brandon Sproat UTIL Jake Bauers UTIL Rafael Devers UTIL Andrew Vaughn UTIL Cooper Pratt,,,
1652,5200472728,rsumrall (16/20),0,24.1,CPT Christian Yelich UTIL Brandon Sproat UTIL Jackson Chourio UTIL Willy Adames UTIL Cooper Pratt UTIL Joey Ortiz,,,
1652,5200717727,JaserD (13/20),0,24.1,CPT Brice Turang UTIL Brandon Sproat UTIL Heliot Ramos UTIL Garrett Mitchell UTIL Andrew Vaughn UTIL Cooper Pratt,,,
1652,5200745631,shanemoore27 (14/20),0,24.1,CPT Christian Yelich UTIL Brandon Sproat UTIL Jake Bauers UTIL Rafael Devers UTIL Andrew Vaughn UTIL Cooper Pratt,,,
1652,5200785144,wano0916 (7/20),0,24.1,CPT Brice Turang UTIL Brandon Sproat UTIL Jake Bauers UTIL William Contreras UTIL Cooper Pratt UTIL Jesus Rodriguez,,,
1652,5200827484,fredsleafs88,0,24.1,CPT Christian Yelich UTIL Brandon Sproat UTIL Jake Bauers UTIL Rafael Devers UTIL Andrew Vaughn UTIL Cooper Pratt,,,
1652,5200867038,cwthrow24 (14/20),0,24.1,CPT Christian Yelich UTIL Brandon Sproat UTIL Jackson Chourio UTIL Willy Adames UTIL Cooper Pratt UTIL Joey Ortiz,,,
1652,5200871859,trappwimm80 (7/20),0,24.1,CPT Garrett Mitchell UTIL Brandon Sproat UTIL Jackson Chourio UTIL Christian Yelich UTIL Cooper Pratt UTIL Jesus Rodriguez,,,
1652,5200871862,trappwimm80 (10/20),0,24.1,CPT Cooper Pratt UTIL Brandon Sproat UTIL Jackson Chourio UTIL Brice Turang UTIL Jake Bauers UTIL Drew Gilbert,,,
1652,5200884774,tybry85 (15/20),0,24.1,CPT William Contreras UTIL Brandon Sproat UTIL Jackson Chourio UTIL Rafael Devers UTIL Andrew Vaughn UTIL Cooper Pratt,,,
1652,5200907341,barney_g (5/5),0,24.1,CPT William Contreras UTIL Brandon Sproat UTIL Heliot Ramos UTIL Garrett Mitchell UTIL Andrew Vaughn UTIL Cooper Pratt,,,
1652,5200930062,ballgame1881 (6/20),0,24.1,CPT William Contreras UTIL Brandon Sproat UTIL Jackson Chourio UTIL Rafael Devers UTIL Andrew Vaughn UTIL Cooper Pratt,,,
1652,5200948443,Ezilodi (9/20),0,24.1,CPT Christian Yelich UTIL Brandon Sproat UTIL Luis Arraez UTIL Garrett Mitchell UTIL Cooper Pratt UTIL Joey Ortiz,,,
1665,5200299567,MAX2112,0,24,CPT Christian Yelich UTIL Jackson Chourio UTIL Brice Turang UTIL Casey Schmitt UTIL Rafael Devers UTIL Grant McCray,,,
1665,5200553822,Aoteoroa (5/6),0,24,CPT Cooper Pratt UTIL Jackson Chourio UTIL Brice Turang UTIL Luis Arraez UTIL Jake Bauers UTIL Heliot Ramos,,,
1665,5200562634,Aoteoroa (6/6),0,24,CPT Cooper Pratt UTIL Jackson Chourio UTIL Brice Turang UTIL Luis Arraez UTIL Jake Bauers UTIL Heliot Ramos,,,
1665,5200766126,thembones1970,0,24,CPT Cooper Pratt UTIL Jackson Chourio UTIL Brice Turang UTIL Luis Arraez UTIL Jake Bauers UTIL Heliot Ramos,,,
1665,5200891697,themeek43,0,24,CPT Rafael Devers UTIL Jackson Chourio UTIL Casey Schmitt UTIL Luis Arraez UTIL Jake Bauers UTIL Cooper Pratt,,,
1665,5200904541,rnenn30,0,24,CPT Luis Arraez UTIL Jackson Chourio UTIL Brice Turang UTIL Jake Bauers UTIL Garrett Mitchell UTIL Drew Gilbert,,,
1665,5200919247,marshall70 (2/3),0,24,CPT Christian Yelich UTIL Brice Turang UTIL Luis Arraez UTIL Rafael Devers UTIL Willy Adames UTIL Andrew Vaughn,,,
1665,5200920040,PlayMakrz (2/2),0,24,CPT Luis Arraez UTIL Jackson Chourio UTIL Christian Yelich UTIL Casey Schmitt UTIL Garrett Mitchell UTIL Drew Gilbert,,,
1665,5200930067,ballgame1881 (11/20),0,24,CPT Christian Yelich UTIL Jackson Chourio UTIL Brice Turang UTIL Heliot Ramos UTIL William Contreras UTIL Grant McCray,,,
1665,5200935131,Jen207,0,24,CPT Luis Arraez UTIL Christian Yelich UTIL Heliot Ramos UTIL William Contreras UTIL Rafael Devers UTIL Bryce Eldridge,,,
1665,5200954529,rams779 (3/7),0,24,CPT Luis Arraez UTIL Christian Yelich UTIL Heliot Ramos UTIL William Contreras UTIL Rafael Devers UTIL Bryce Eldridge,,,
1665,5200978816,pepsiman34,0,24,CPT Brice Turang UTIL Luis Arraez UTIL Jake Bauers UTIL Rafael Devers UTIL Willy Adames UTIL Cooper Pratt,,,
1677,5200296890,Hinkle76 (3/10),0,23.6,CPT Jake Bauers UTIL Brandon Sproat UTIL Brice Turang UTIL Rafael Devers UTIL Andrew Vaughn UTIL Joey Ortiz,,,
1677,5200403730,goofybh207 (2/3),0,23.6,CPT Andrew Vaughn UTIL Brandon Sproat UTIL Brice Turang UTIL Christian Yelich UTIL Rafael Devers UTIL Cooper Pratt,,,
1677,5200501780,briguy13 (8/20),0,23.6,CPT Jackson Chourio UTIL Brandon Sproat UTIL Jake Bauers UTIL Rafael Devers UTIL Cooper Pratt UTIL Joey Ortiz,,,
1677,5200538482,mjrlaw23 (19/20),0,23.6,CPT Jake Bauers UTIL Brandon Sproat UTIL Christian Yelich UTIL Rafael Devers UTIL Andrew Vaughn UTIL Joey Ortiz,,,
1677,5200542703,WHITGAR,0,23.6,CPT Andrew Vaughn UTIL Brandon Sproat UTIL Brice Turang UTIL William Contreras UTIL Rafael Devers UTIL Bryce Eldridge,,,
1677,5200745627,shanemoore27 (10/20),0,23.6,CPT Jake Bauers UTIL Brandon Sproat UTIL William Contreras UTIL Garrett Mitchell UTIL Bryce Eldridge UTIL Andrew Vaughn,,,
1677,5200754069,colbyhornet (14/20),0,23.6,CPT Jake Bauers UTIL Brandon Sproat UTIL Brice Turang UTIL Christian Yelich UTIL Jesus Rodriguez UTIL Joey Ortiz,,,
1677,5200764936,msshj08 (2/8),0,23.6,CPT Jackson Chourio UTIL Brandon Sproat UTIL Jake Bauers UTIL Rafael Devers UTIL Cooper Pratt UTIL Joey Ortiz,,,
1677,5200884769,tybry85 (10/20),0,23.6,CPT Andrew Vaughn UTIL Brandon Sproat UTIL Brice Turang UTIL William Contreras UTIL Rafael Devers UTIL Bryce Eldridge,,,
1677,5200948984,corndog7,0,23.6,CPT Jake Bauers UTIL Brandon Sproat UTIL Casey Schmitt UTIL Rafael Devers UTIL Bryce Eldridge UTIL Joey Ortiz,,,
1677,5200971905,Mige1 (14/20),0,23.6,CPT Jake Bauers UTIL Brandon Sproat UTIL Brice Turang UTIL Christian Yelich UTIL Jesus Rodriguez UTIL Joey Ortiz,,,
1688,5200368595,AACCEE14,0,23.5,CPT Jake Bauers UTIL Brice Turang UTIL Luis Arraez UTIL William Contreras UTIL Willy Adames UTIL Bryce Eldridge,,,
1688,5200739233,curly82 (14/15),0,23.5,CPT Casey Schmitt UTIL Brice Turang UTIL Heliot Ramos UTIL Rafael Devers UTIL Willy Adames UTIL Andrew Vaughn,,,
1688,5200867030,cwthrow24 (6/20),0,23.5,CPT Andrew Vaughn UTIL Jackson Chourio UTIL Christian Yelich UTIL Luis Arraez UTIL Jake Bauers UTIL William Contreras,,,
1688,5200891216,84flipmode (9/20),0,23.5,CPT Jackson Chourio UTIL Jake Bauers UTIL Heliot Ramos UTIL Willy Adames UTIL Bryce Eldridge UTIL Cooper Pratt,,,
1688,5200895199,bsoleim,0,23.5,CPT Jake Bauers UTIL Brice Turang UTIL Luis Arraez UTIL Rafael Devers UTIL Andrew Vaughn UTIL Cooper Pratt,,,
1688,5200916755,coca-cola14 (1/2),0,23.5,CPT Jake Bauers UTIL Brice Turang UTIL Luis Arraez UTIL William Contreras UTIL Willy Adames UTIL Bryce Eldridge,,,
1688,5200925653,crookedzebra,0,23.5,CPT Casey Schmitt UTIL Brice Turang UTIL Luis Arraez UTIL Heliot Ramos UTIL Bryce Eldridge UTIL Cooper Pratt,,,
1688,5200948494,broncossb (6/17),0,23.5,CPT Andrew Vaughn UTIL Casey Schmitt UTIL Luis Arraez UTIL Jake Bauers UTIL William Contreras UTIL Garrett Mitchell,,,
1688,5200966693,coolsouthernbrees (12/18),0,23.5,CPT Casey Schmitt UTIL Luis Arraez UTIL William Contreras UTIL Rafael Devers UTIL Garrett Mitchell UTIL Willy Adames,,,
1688,5200969220,jeffmorris007 (8/20),0,23.5,CPT Jake Bauers UTIL Jackson Chourio UTIL Brice Turang UTIL Christian Yelich UTIL William Contreras UTIL Grant McCray,,,
1688,5200986501,wwc951 (7/7),0,23.5,CPT Heliot Ramos UTIL Jackson Chourio UTIL Brice Turang UTIL Jake Bauers UTIL Jesus Rodriguez UTIL Drew Gilbert,,,
1699,5199997485,Schoey17 (2/9),0,23.15,CPT Brandon Sproat UTIL Brice Turang UTIL William Contreras UTIL Garrett Mitchell UTIL Cooper Pratt UTIL Drew Gilbert,,,
1699,5200398823,Fuzz988 (14/20),0,23.15,CPT Brandon Sproat UTIL Brice Turang UTIL William Contreras UTIL Garrett Mitchell UTIL Cooper Pratt UTIL Drew Gilbert,,,
1699,5200445739,73pd2x (19/20),0,23.15,CPT Brandon Sproat UTIL Brice Turang UTIL William Contreras UTIL Garrett Mitchell UTIL Cooper Pratt UTIL Drew Gilbert,,,
1699,5200848207,dwayne1218,0,23.15,CPT Brandon Sproat UTIL Brice Turang UTIL Christian Yelich UTIL Bryce Eldridge UTIL Joey Ortiz UTIL Drew Gilbert,,,
1699,5200917614,chetpancakes (1/2),0,23.15,CPT Brandon Sproat UTIL Brice Turang UTIL Christian Yelich UTIL Cooper Pratt UTIL Joey Ortiz UTIL Drew Gilbert,,,
1699,5200924140,chetpancakes (2/2),0,23.15,CPT Brandon Sproat UTIL Brice Turang UTIL Christian Yelich UTIL Cooper Pratt UTIL Joey Ortiz UTIL Drew Gilbert,,,
1705,5200663259,fullerf54 (18/20),0,23.1,CPT Christian Yelich UTIL Brandon Sproat UTIL Jackson Chourio UTIL Heliot Ramos UTIL Joey Ortiz UTIL Drew Gilbert,,,
1706,5200083036,danny6687,0,23,CPT Luis Arraez UTIL Brice Turang UTIL Casey Schmitt UTIL Jake Bauers UTIL Garrett Mitchell UTIL Cooper Pratt,,,
1706,5200213330,SliceB,0,23,CPT Brice Turang UTIL Jackson Chourio UTIL Luis Arraez UTIL Jake Bauers UTIL Andrew Vaughn UTIL Cooper Pratt,,,
1706,5200231978,MikeeesPicks,0,23,CPT Brice Turang UTIL Jackson Chourio UTIL Heliot Ramos UTIL Willy Adames UTIL Andrew Vaughn UTIL Drew Gilbert,,,
1706,5200490452,heybert711 (4/20),0,23,CPT Rafael Devers UTIL Jackson Chourio UTIL Christian Yelich UTIL Luis Arraez UTIL Bryce Eldridge UTIL Andrew Vaughn,,,
1706,5200490454,heybert711 (6/20),0,23,CPT Bryce Eldridge UTIL Christian Yelich UTIL Casey Schmitt UTIL Luis Arraez UTIL Heliot Ramos UTIL Rafael Devers,,,
1706,5200663001,fullerf54 (17/20),0,23,CPT Christian Yelich UTIL Jackson Chourio UTIL Casey Schmitt UTIL Luis Arraez UTIL Andrew Vaughn UTIL Cooper Pratt,,,
1706,5200716202,BSteelz34 (2/3),0,23,CPT Rafael Devers UTIL Jackson Chourio UTIL Brice Turang UTIL Luis Arraez UTIL William Contreras UTIL Jesus Rodriguez,,,
1706,5200727657,bassman1955 (1/2),0,23,CPT Rafael Devers UTIL Christian Yelich UTIL Casey Schmitt UTIL Luis Arraez UTIL Garrett Mitchell UTIL Willy Adames,,,
1706,5200840606,pat_the_hat2 (15/20),0,23,CPT William Contreras UTIL Jackson Chourio UTIL Casey Schmitt UTIL Luis Arraez UTIL Heliot Ramos UTIL Cooper Pratt,,,
1706,5200865419,james2958 (1/2),0,23,CPT Cooper Pratt UTIL Jackson Chourio UTIL Christian Yelich UTIL Luis Arraez UTIL Heliot Ramos UTIL Bryce Eldridge,,,
1706,5200871510,sanleecar,0,23,CPT Christian Yelich UTIL Jackson Chourio UTIL Casey Schmitt UTIL Luis Arraez UTIL Andrew Vaughn UTIL Cooper Pratt,,,
1706,5200893010,bjcarstereo72,0,23,CPT Christian Yelich UTIL Jackson Chourio UTIL Casey Schmitt UTIL Luis Arraez UTIL Andrew Vaughn UTIL Cooper Pratt,,,
1706,5200918457,marshall70 (1/3),0,23,CPT Luis Arraez UTIL Brice Turang UTIL Christian Yelich UTIL Jake Bauers UTIL Rafael Devers UTIL Drew Gilbert,,,
1706,5200923351,NYUBALL,0,23,CPT Rafael Devers UTIL Jackson Chourio UTIL Christian Yelich UTIL Luis Arraez UTIL Heliot Ramos UTIL Cooper Pratt,,,
1706,5200948492,broncossb (4/17),0,23,CPT William Contreras UTIL Brice Turang UTIL Luis Arraez UTIL Jake Bauers UTIL Heliot Ramos UTIL Andrew Vaughn,,,
1706,5200948503,broncossb (15/17),0,23,CPT Bryce Eldridge UTIL Christian Yelich UTIL Casey Schmitt UTIL Luis Arraez UTIL Heliot Ramos UTIL Cooper Pratt,,,
1706,5200949002,JJSaenz (13/20),0,23,CPT Rafael Devers UTIL Luis Arraez UTIL Heliot Ramos UTIL William Contreras UTIL Garrett Mitchell UTIL Andrew Vaughn,,,
1706,5200959781,BigHopper0066 (1/3),0,23,CPT Rafael Devers UTIL Jackson Chourio UTIL Brice Turang UTIL Luis Arraez UTIL Heliot Ramos UTIL Cooper Pratt,,,
1706,5200959782,BigHopper0066 (2/3),0,23,CPT Rafael Devers UTIL Jackson Chourio UTIL Brice Turang UTIL Luis Arraez UTIL Heliot Ramos UTIL Cooper Pratt,,,
1706,5200959783,BigHopper0066 (3/3),0,23,CPT Rafael Devers UTIL Jackson Chourio UTIL Brice Turang UTIL Luis Arraez UTIL Heliot Ramos UTIL Cooper Pratt,,,
1706,5200961689,coolsouthernbrees (9/18),0,23,CPT Rafael Devers UTIL Casey Schmitt UTIL Jake Bauers UTIL Heliot Ramos UTIL Willy Adames UTIL Cooper Pratt,,,
1706,5200968622,rams779 (7/7),0,23,CPT Rafael Devers UTIL Christian Yelich UTIL Luis Arraez UTIL Heliot Ramos UTIL William Contreras UTIL Andrew Vaughn,,,
1728,5200330960,tbjones2121 (6/20),0,22.6,CPT Jake Bauers UTIL Brandon Sproat UTIL Jackson Chourio UTIL Christian Yelich UTIL Joey Ortiz UTIL Drew Gilbert,,,
1728,5200419347,KGould86 (12/20),0,22.6,CPT Jake Bauers UTIL Brandon Sproat UTIL Jackson Chourio UTIL Christian Yelich UTIL Joey Ortiz UTIL Drew Gilbert,,,
1728,5200472718,rsumrall (6/20),0,22.6,CPT Jake Bauers UTIL Brandon Sproat UTIL Jackson Chourio UTIL Christian Yelich UTIL Joey Ortiz UTIL Drew Gilbert,,,
1728,5200536123,Skipper55 (14/20),0,22.6,CPT Jake Bauers UTIL Brandon Sproat UTIL Jackson Chourio UTIL Christian Yelich UTIL Joey Ortiz UTIL Drew Gilbert,,,
1728,5200956149,broncossb (17/17),0,22.6,CPT Jackson Chourio UTIL Brandon Sproat UTIL Jake Bauers UTIL William Contreras UTIL Joey Ortiz UTIL Drew Gilbert,,,
1733,5200418482,rlwestjr,0,22.5,CPT Andrew Vaughn UTIL Brice Turang UTIL Christian Yelich UTIL Luis Arraez UTIL Jake Bauers UTIL Rafael Devers,,,
1733,5200716201,BSteelz34 (1/3),0,22.5,CPT Andrew Vaughn UTIL Jackson Chourio UTIL Brice Turang UTIL Christian Yelich UTIL Heliot Ramos UTIL Willy Adames,,,
1733,5200853462,daliki,0,22.5,CPT Jake Bauers UTIL Jackson Chourio UTIL Casey Schmitt UTIL Luis Arraez UTIL Gary Sanchez UTIL Cooper Pratt,,,
1733,5200937497,torogi99,0,22.5,CPT Willy Adames UTIL Jackson Chourio UTIL Brice Turang UTIL Heliot Ramos UTIL Rafael Devers UTIL Bryce Eldridge,,,
1733,5200945696,CBarbarian (5/5),0,22.5,CPT Casey Schmitt UTIL Jackson Chourio UTIL Brice Turang UTIL Luis Arraez UTIL Bryce Eldridge UTIL Drew Gilbert,,,
1733,5200958608,thediestlers,0,22.5,CPT Andrew Vaughn UTIL Jackson Chourio UTIL Brice Turang UTIL Christian Yelich UTIL Luis Arraez UTIL Cooper Pratt,,,
1733,5200958988,kyan1981,0,22.5,CPT Jackson Chourio UTIL Christian Yelich UTIL Luis Arraez UTIL Jake Bauers UTIL Bryce Eldridge UTIL Drew Gilbert,,,
1733,5200981425,ZuluTango82 (5/7),0,22.5,CPT Andrew Vaughn UTIL Brice Turang UTIL Luis Arraez UTIL Jake Bauers UTIL Garrett Mitchell UTIL Bryce Eldridge,,,
1733,5200981427,ZuluTango82 (7/7),0,22.5,CPT Drew Gilbert UTIL Brice Turang UTIL Casey Schmitt UTIL Luis Arraez UTIL Heliot Ramos UTIL Garrett Mitchell,,,
1742,5200262011,Sammy.Boy (7/20),0,22.15,CPT Brandon Sproat UTIL Christian Yelich UTIL William Contreras UTIL Rafael Devers UTIL Cooper Pratt UTIL Joey Ortiz,,,
1742,5200398811,Fuzz988 (2/20),0,22.15,CPT Brandon Sproat UTIL Brice Turang UTIL William Contreras UTIL Rafael Devers UTIL Cooper Pratt UTIL Joey Ortiz,,,
1742,5200508752,bilnuts,0,22.15,CPT Brandon Sproat UTIL Brice Turang UTIL William Contreras UTIL Rafael Devers UTIL Cooper Pratt UTIL Joey Ortiz,,,
1742,5200926074,ABNormal,0,22.15,CPT Brandon Sproat UTIL Brice Turang UTIL Rafael Devers UTIL Garrett Mitchell UTIL Cooper Pratt UTIL Joey Ortiz,,,
1746,5200343850,kreller17 (2/20),0,22.1,CPT William Contreras UTIL Brandon Sproat UTIL Jackson Chourio UTIL Christian Yelich UTIL Jesus Rodriguez UTIL Joey Ortiz,,,
1746,5200414477,az350z (17/20),0,22.1,CPT Christian Yelich UTIL Brandon Sproat UTIL Brice Turang UTIL Luis Arraez UTIL Joey Ortiz UTIL Abner Uribe,,,
1746,5200501782,briguy13 (10/20),0,22.1,CPT Garrett Mitchell UTIL Brandon Sproat UTIL Jake Bauers UTIL William Contreras UTIL Rafael Devers UTIL Andrew Vaughn,,,
1746,5200626462,gwatts77 (17/20),0,22.1,CPT William Contreras UTIL Brandon Sproat UTIL Jackson Chourio UTIL Garrett Mitchell UTIL Willy Adames UTIL Joey Ortiz,,,
1746,5200717725,JaserD (11/20),0,22.1,CPT Garrett Mitchell UTIL Brandon Sproat UTIL Jake Bauers UTIL William Contreras UTIL Rafael Devers UTIL Andrew Vaughn,,,
1746,5200811518,grantgoupil (19/20),0,22.1,CPT Garrett Mitchell UTIL Brandon Sproat UTIL Jake Bauers UTIL William Contreras UTIL Rafael Devers UTIL Andrew Vaughn,,,
1746,5200857575,KelvinDubs (5/20),0,22.1,CPT Christian Yelich UTIL Brandon Sproat UTIL Jackson Chourio UTIL Rafael Devers UTIL Cooper Pratt UTIL Drew Gilbert,,,
1746,5200884764,tybry85 (5/20),0,22.1,CPT Bryce Eldridge UTIL Brandon Sproat UTIL Christian Yelich UTIL William Contreras UTIL Rafael Devers UTIL Andrew Vaughn,,,
1746,5200884767,tybry85 (8/20),0,22.1,CPT Rafael Devers UTIL Brandon Sproat UTIL Christian Yelich UTIL Garrett Mitchell UTIL Bryce Eldridge UTIL Andrew Vaughn,,,
1746,5200908083,yanksfan941 (5/6),0,22.1,CPT Christian Yelich UTIL Brandon Sproat UTIL Jackson Chourio UTIL Rafael Devers UTIL Cooper Pratt UTIL Drew Gilbert,,,
1746,5200925563,terminator31 (3/20),0,22.1,CPT William Contreras UTIL Brandon Sproat UTIL Jackson Chourio UTIL Brice Turang UTIL Jesus Rodriguez UTIL Joey Ortiz,,,
1746,5200930070,ballgame1881 (14/20),0,22.1,CPT Joey Ortiz UTIL Brandon Sproat UTIL Jackson Chourio UTIL Brice Turang UTIL Rafael Devers UTIL Andrew Vaughn,,,
1758,5200356242,Jamiejimmy64,0,22,CPT Brice Turang UTIL Jackson Chourio UTIL Christian Yelich UTIL Jake Bauers UTIL William Contreras UTIL Grant McCray,,,
1758,5200400199,BIGDADDY10000,0,22,CPT Brice Turang UTIL Jackson Chourio UTIL Christian Yelich UTIL Jake Bauers UTIL William Contreras UTIL Grant McCray,,,
1758,5200420297,2boys2girls (1/2),0,22,CPT Brice Turang UTIL Jackson Chourio UTIL Christian Yelich UTIL Jake Bauers UTIL William Contreras UTIL Grant McCray,,,
1758,5200422396,graugspurger,0,22,CPT Brice Turang UTIL Jackson Chourio UTIL Christian Yelich UTIL Jake Bauers UTIL William Contreras UTIL Grant McCray,,,
1758,5200458571,ecaz,0,22,CPT Christian Yelich UTIL Jackson Chourio UTIL Luis Arraez UTIL Rafael Devers UTIL Bryce Eldridge UTIL Andrew Vaughn,,,
1758,5200490451,heybert711 (3/20),0,22,CPT Christian Yelich UTIL Jackson Chourio UTIL Luis Arraez UTIL Rafael Devers UTIL Bryce Eldridge UTIL Andrew Vaughn,,,
1758,5200579024,vstar1300 (1/7),0,22,CPT Christian Yelich UTIL Jackson Chourio UTIL Brice Turang UTIL Jake Bauers UTIL William Contreras UTIL Grant McCray,,,
1758,5200588163,vstar1300 (5/7),0,22,CPT Rafael Devers UTIL Brice Turang UTIL Christian Yelich UTIL Luis Arraez UTIL Willy Adames UTIL Bryce Eldridge,,,
1758,5200606027,bettering1 (2/2),0,22,CPT Luis Arraez UTIL Jackson Chourio UTIL Brice Turang UTIL Rafael Devers UTIL Garrett Mitchell UTIL Cooper Pratt,,,
1758,5200643877,ubetirake,0,22,CPT Christian Yelich UTIL Brice Turang UTIL Luis Arraez UTIL Jake Bauers UTIL Willy Adames UTIL Cooper Pratt,,,
1758,5200783561,JoeNY07 (2/5),0,22,CPT Christian Yelich UTIL Casey Schmitt UTIL Luis Arraez UTIL Garrett Mitchell UTIL Willy Adames UTIL Bryce Eldridge,,,
1758,5200783688,JoeNY07 (5/5),0,22,CPT William Contreras UTIL Jackson Chourio UTIL Brice Turang UTIL Christian Yelich UTIL Jake Bauers UTIL Grant McCray,,,
1758,5200835023,viking60,0,22,CPT Christian Yelich UTIL Brice Turang UTIL Luis Arraez UTIL Jake Bauers UTIL Willy Adames UTIL Cooper Pratt,,,
1758,5200878858,jeremykarle (6/10),0,22,CPT Christian Yelich UTIL Jackson Chourio UTIL Brice Turang UTIL Luis Arraez UTIL Cooper Pratt UTIL Jesus Rodriguez,,,
1758,5200880934,Bullpn,0,22,CPT Garrett Mitchell UTIL Brice Turang UTIL Luis Arraez UTIL Jake Bauers UTIL Rafael Devers UTIL Willy Adames,,,
1758,5200886015,Clippy (1/8),0,22,CPT Brice Turang UTIL Luis Arraez UTIL Jake Bauers UTIL Heliot Ramos UTIL Rafael Devers UTIL Cooper Pratt,,,
1758,5200897862,rainwoman (1/2),0,22,CPT Luis Arraez UTIL Jackson Chourio UTIL William Contreras UTIL Rafael Devers UTIL Garrett Mitchell UTIL Bryce Eldridge,,,
1758,5200897883,rainwoman (2/2),0,22,CPT Luis Arraez UTIL Jackson Chourio UTIL William Contreras UTIL Rafael Devers UTIL Garrett Mitchell UTIL Bryce Eldridge,,,
1758,5200900262,kits51,0,22,CPT Rafael Devers UTIL Jackson Chourio UTIL Brice Turang UTIL Casey Schmitt UTIL Luis Arraez UTIL Drew Gilbert,,,
1758,5200907221,brown1258 (2/2),0,22,CPT Christian Yelich UTIL Jackson Chourio UTIL Luis Arraez UTIL Heliot Ramos UTIL Bryce Eldridge UTIL Cooper Pratt,,,
1758,5200924421,Melman11,0,22,CPT Christian Yelich UTIL Brice Turang UTIL Luis Arraez UTIL Heliot Ramos UTIL Bryce Eldridge UTIL Andrew Vaughn,,,
1758,5200928024,skidmarc3558 (1/3),0,22,CPT Rafael Devers UTIL Brice Turang UTIL Christian Yelich UTIL Luis Arraez UTIL Willy Adames UTIL Bryce Eldridge,,,
1758,5200928057,skidmarc3558 (2/3),0,22,CPT Rafael Devers UTIL Brice Turang UTIL Christian Yelich UTIL Luis Arraez UTIL Willy Adames UTIL Bryce Eldridge,,,
1758,5200928065,skidmarc3558 (3/3),0,22,CPT Rafael Devers UTIL Brice Turang UTIL Christian Yelich UTIL Luis Arraez UTIL Willy Adames UTIL Bryce Eldridge,,,
1758,5200933287,BBSJGOLD,0,22,CPT Christian Yelich UTIL Luis Arraez UTIL Jake Bauers UTIL Heliot Ramos UTIL Rafael Devers UTIL Cooper Pratt,,,
1758,5200945692,CBarbarian (1/5),0,22,CPT Brice Turang UTIL Jackson Chourio UTIL Christian Yelich UTIL Jake Bauers UTIL William Contreras UTIL Grant McCray,,,
1758,5200945701,imnotstoppIN (3/3),0,22,CPT Christian Yelich UTIL Jackson Chourio UTIL Luis Arraez UTIL William Contreras UTIL Rafael Devers UTIL Jesus Rodriguez,,,
1758,5200947181,achamp4real (7/7),0,22,CPT Brice Turang UTIL Luis Arraez UTIL Heliot Ramos UTIL William Contreras UTIL Bryce Eldridge UTIL Andrew Vaughn,,,
1758,5200949195,TheSkellator,0,22,CPT Christian Yelich UTIL Jackson Chourio UTIL Luis Arraez UTIL Rafael Devers UTIL Bryce Eldridge UTIL Andrew Vaughn,,,
1758,5200953176,dwman34 (1/3),0,22,CPT Rafael Devers UTIL Jackson Chourio UTIL Brice Turang UTIL Casey Schmitt UTIL Luis Arraez UTIL Drew Gilbert,,,
1758,5200953213,dwman34 (2/3),0,22,CPT Rafael Devers UTIL Jackson Chourio UTIL Brice Turang UTIL Luis Arraez UTIL Jake Bauers UTIL Drew Gilbert,,,
1758,5200960378,DTSA,0,22,CPT Christian Yelich UTIL Jackson Chourio UTIL Luis Arraez UTIL Rafael Devers UTIL Bryce Eldridge UTIL Andrew Vaughn,,,
1758,5200961202,Striker15 (1/5),0,22,CPT Christian Yelich UTIL Jackson Chourio UTIL Brice Turang UTIL Jake Bauers UTIL William Contreras UTIL Grant McCray,,,
1758,5200974703,Striker15 (3/5),0,22,CPT Brice Turang UTIL Jackson Chourio UTIL Christian Yelich UTIL Jake Bauers UTIL William Contreras UTIL Grant McCray,,,
1758,5200976364,pinko,0,22,CPT Christian Yelich UTIL Brice Turang UTIL Luis Arraez UTIL Heliot Ramos UTIL William Contreras UTIL Jesus Rodriguez,,,
1793,5200929504,sunhakkim,0,21.6,CPT Jake Bauers UTIL Brandon Sproat UTIL Brice Turang UTIL Christian Yelich UTIL Cooper Pratt UTIL Drew Gilbert,,,
1793,5200941956,Vogel12,0,21.6,CPT Jake Bauers UTIL Brandon Sproat UTIL Casey Schmitt UTIL William Contreras UTIL Bryce Eldridge UTIL Joey Ortiz,,,
1793,5200966724,rams779 (6/7),0,21.6,CPT Andrew Vaughn UTIL Brandon Sproat UTIL Christian Yelich UTIL William Contreras UTIL Rafael Devers UTIL Garrett Mitchell,,,
1796,5200094676,buckleyfan47,0,21.5,CPT Casey Schmitt UTIL Luis Arraez UTIL Jake Bauers UTIL Rafael Devers UTIL Garrett Mitchell UTIL Bryce Eldridge,,,
1796,5200383919,LokoL14,0,21.5,CPT Jackson Chourio UTIL Casey Schmitt UTIL Heliot Ramos UTIL Garrett Mitchell UTIL Willy Adames UTIL Cooper Pratt,,,
1796,5200423452,raidersw,0,21.5,CPT Jackson Chourio UTIL Brice Turang UTIL Luis Arraez UTIL William Contreras UTIL Willy Adames UTIL Joey Ortiz,,,
1796,5200530330,Jyrays,0,21.5,CPT Jake Bauers UTIL Christian Yelich UTIL Casey Schmitt UTIL Luis Arraez UTIL Rafael Devers UTIL Cooper Pratt,,,
1796,5200579104,deuce6078,0,21.5,CPT Jackson Chourio UTIL Christian Yelich UTIL Casey Schmitt UTIL Willy Adames UTIL Andrew Vaughn UTIL Cooper Pratt,,,
1796,5200618056,Scrooge1515,0,21.5,CPT Jake Bauers UTIL Brice Turang UTIL Casey Schmitt UTIL Luis Arraez UTIL Rafael Devers UTIL Cooper Pratt,,,
1796,5200651821,Zenplayer1 (1/5),0,21.5,CPT Jake Bauers UTIL Brice Turang UTIL Christian Yelich UTIL Luis Arraez UTIL Andrew Vaughn UTIL Cooper Pratt,,,
1796,5200654467,fullerf54 (11/20),0,21.5,CPT Jackson Chourio UTIL Christian Yelich UTIL Jake Bauers UTIL William Contreras UTIL Willy Adames UTIL Jesus Rodriguez,,,
1796,5200656180,fullerf54 (13/20),0,21.5,CPT Casey Schmitt UTIL Luis Arraez UTIL Heliot Ramos UTIL William Contreras UTIL Rafael Devers UTIL Garrett Mitchell,,,
1796,5200656260,fullerf54 (14/20),0,21.5,CPT Casey Schmitt UTIL Luis Arraez UTIL Heliot Ramos UTIL William Contreras UTIL Rafael Devers UTIL Garrett Mitchell,,,
1796,5200789158,D-Wizzle,0,21.5,CPT Jake Bauers UTIL Brice Turang UTIL Casey Schmitt UTIL Luis Arraez UTIL Rafael Devers UTIL Cooper Pratt,,,
1796,5200828156,Tanyadennis,0,21.5,CPT Willy Adames UTIL Jackson Chourio UTIL Christian Yelich UTIL Casey Schmitt UTIL Jake Bauers UTIL Cooper Pratt,,,
1796,5200906285,Beltwayboy74 (1/2),0,21.5,CPT Jake Bauers UTIL Brice Turang UTIL Casey Schmitt UTIL Luis Arraez UTIL Rafael Devers UTIL Cooper Pratt,,,
1796,5200909516,jeremykarle (9/10),0,21.5,CPT Jake Bauers UTIL Jackson Chourio UTIL Brice Turang UTIL Heliot Ramos UTIL Willy Adames UTIL Cooper Pratt,,,
1796,5200930858,Beltwayboy74 (2/2),0,21.5,CPT Jake Bauers UTIL Brice Turang UTIL Casey Schmitt UTIL Luis Arraez UTIL Rafael Devers UTIL Cooper Pratt,,,
1796,5200939147,Ducha23 (2/5),0,21.5,CPT Jake Bauers UTIL Jackson Chourio UTIL Brice Turang UTIL Rafael Devers UTIL Willy Adames UTIL Andrew Vaughn,,,
1796,5200946073,cb76401,0,21.5,CPT Jackson Chourio UTIL Brice Turang UTIL Luis Arraez UTIL Heliot Ramos UTIL Bryce Eldridge UTIL Joey Ortiz,,,
1796,5200949237,Kennymac48 (1/3),0,21.5,CPT Casey Schmitt UTIL Jackson Chourio UTIL Brice Turang UTIL Willy Adames UTIL Bryce Eldridge UTIL Andrew Vaughn,,,
1796,5200962221,steelerforey (2/2),0,21.5,CPT Jake Bauers UTIL Jackson Chourio UTIL Brice Turang UTIL Rafael Devers UTIL Willy Adames UTIL Andrew Vaughn,,,
1796,5200977715,scicle,0,21.5,CPT Casey Schmitt UTIL Luis Arraez UTIL Heliot Ramos UTIL William Contreras UTIL Rafael Devers UTIL Garrett Mitchell,,,
1796,5200987053,Aslayday (1/4),0,21.5,CPT Jackson Chourio UTIL Brice Turang UTIL Luis Arraez UTIL Rafael Devers UTIL Andrew Vaughn UTIL Joey Ortiz,,,
1817,5200330967,tbjones2121 (13/20),0,21.15,CPT Brandon Sproat UTIL Brice Turang UTIL Christian Yelich UTIL Garrett Mitchell UTIL Joey Ortiz UTIL Drew Gilbert,,,
1817,5200445735,73pd2x (15/20),0,21.15,CPT Brandon Sproat UTIL Brice Turang UTIL Christian Yelich UTIL Garrett Mitchell UTIL Joey Ortiz UTIL Drew Gilbert,,,
1817,5200642578,nico1986,0,21.15,CPT Brandon Sproat UTIL Brice Turang UTIL Christian Yelich UTIL Garrett Mitchell UTIL Joey Ortiz UTIL Drew Gilbert,,,
1817,5200695725,Runninrebel02 (4/14),0,21.15,CPT Brandon Sproat UTIL Brice Turang UTIL Christian Yelich UTIL Garrett Mitchell UTIL Joey Ortiz UTIL Drew Gilbert,,,
1817,5200913769,PokerChump (7/20),0,21.15,CPT Brandon Sproat UTIL Brice Turang UTIL Christian Yelich UTIL Garrett Mitchell UTIL Joey Ortiz UTIL Drew Gilbert,,,
1817,5200949001,JJSaenz (12/20),0,21.15,CPT Brandon Sproat UTIL Brice Turang UTIL Christian Yelich UTIL Garrett Mitchell UTIL Joey Ortiz UTIL Drew Gilbert,,,
1823,5200327728,gbadertscher (6/7),0,21.1,CPT Christian Yelich UTIL Brandon Sproat UTIL William Contreras UTIL Rafael Devers UTIL Andrew Vaughn UTIL Cooper Pratt,,,
1823,5200413160,Primrose_877,0,21.1,CPT Christian Yelich UTIL Brandon Sproat UTIL William Contreras UTIL Rafael Devers UTIL Andrew Vaughn UTIL Cooper Pratt,,,
1823,5200426996,Orangechocolate70 (4/12),0,21.1,CPT Cooper Pratt UTIL Brandon Sproat UTIL Jackson Chourio UTIL Brice Turang UTIL Christian Yelich UTIL Drew Gilbert,,,
1823,5200484731,wcs1109 (10/20),0,21.1,CPT Garrett Mitchell UTIL Brandon Sproat UTIL Jackson Chourio UTIL Jake Bauers UTIL Joey Ortiz UTIL Drew Gilbert,,,
1823,5200695728,Runninrebel02 (7/14),0,21.1,CPT Cooper Pratt UTIL Brandon Sproat UTIL Jackson Chourio UTIL Brice Turang UTIL Christian Yelich UTIL Drew Gilbert,,,
1823,5200754070,colbyhornet (15/20),0,21.1,CPT Brice Turang UTIL Brandon Sproat UTIL William Contreras UTIL Rafael Devers UTIL Andrew Vaughn UTIL Cooper Pratt,,,
1823,5200857583,KelvinDubs (13/20),0,21.1,CPT Brice Turang UTIL Brandon Sproat UTIL William Contreras UTIL Rafael Devers UTIL Andrew Vaughn UTIL Cooper Pratt,,,
1823,5200987056,Aslayday (4/4),0,21.1,CPT Cooper Pratt UTIL Brandon Sproat UTIL Jackson Chourio UTIL Brice Turang UTIL Christian Yelich UTIL Drew Gilbert,,,
1831,5200489818,base3ballmom,0,21,CPT Rafael Devers UTIL Jackson Chourio UTIL Christian Yelich UTIL Luis Arraez UTIL William Contreras UTIL Andrew Vaughn,,,
1831,5200490466,heybert711 (18/20),0,21,CPT Rafael Devers UTIL Jackson Chourio UTIL Christian Yelich UTIL Luis Arraez UTIL William Contreras UTIL Andrew Vaughn,,,
1831,5200715677,catdaddy0806,0,21,CPT Cooper Pratt UTIL Jackson Chourio UTIL Brice Turang UTIL Luis Arraez UTIL Jake Bauers UTIL Rafael Devers,,,
1831,5200742597,RtRnnr,0,21,CPT Rafael Devers UTIL Christian Yelich UTIL Casey Schmitt UTIL Luis Arraez UTIL Jake Bauers UTIL Cooper Pratt,,,
1831,5200745421,Viggeo_Morgenstein (3/3),0,21,CPT Rafael Devers UTIL Jackson Chourio UTIL Christian Yelich UTIL Luis Arraez UTIL Jake Bauers UTIL Cooper Pratt,,,
1831,5200759181,14brian88,0,21,CPT Rafael Devers UTIL Jackson Chourio UTIL Jake Bauers UTIL Heliot Ramos UTIL William Contreras UTIL Willy Adames,,,
1831,5200783634,JoeNY07 (3/5),0,21,CPT Rafael Devers UTIL Luis Arraez UTIL Jake Bauers UTIL Heliot Ramos UTIL William Contreras UTIL Garrett Mitchell,,,
1831,5200826841,outlaw1,0,21,CPT Cooper Pratt UTIL Brice Turang UTIL Christian Yelich UTIL Luis Arraez UTIL Jake Bauers UTIL Heliot Ramos,,,
1831,5200886354,Clippy (2/8),0,21,CPT Rafael Devers UTIL Jackson Chourio UTIL Jake Bauers UTIL Heliot Ramos UTIL William Contreras UTIL Willy Adames,,,
1831,5200905131,larcel39,0,21,CPT Rafael Devers UTIL Jackson Chourio UTIL Casey Schmitt UTIL Jake Bauers UTIL Willy Adames UTIL Bryce Eldridge,,,
1831,5200920039,PlayMakrz (1/2),0,21,CPT Christian Yelich UTIL Brice Turang UTIL Luis Arraez UTIL Jake Bauers UTIL Heliot Ramos UTIL Drew Gilbert,,,
1831,5200945706,Clippy (8/8),0,21,CPT Rafael Devers UTIL Jackson Chourio UTIL Jake Bauers UTIL Heliot Ramos UTIL William Contreras UTIL Willy Adames,,,
1831,5200948495,broncossb (7/17),0,21,CPT Cooper Pratt UTIL Jackson Chourio UTIL Christian Yelich UTIL Luis Arraez UTIL Heliot Ramos UTIL Joey Ortiz,,,
1831,5200955865,Kennymac48 (3/3),0,21,CPT Rafael Devers UTIL Jackson Chourio UTIL Christian Yelich UTIL Luis Arraez UTIL Jake Bauers UTIL Cooper Pratt,,,
1831,5200958368,SENDIT,0,21,CPT Cooper Pratt UTIL Jackson Chourio UTIL Brice Turang UTIL Casey Schmitt UTIL Luis Arraez UTIL Rafael Devers,,,
1831,5200958439,FiloBeto,0,21,CPT Rafael Devers UTIL Jackson Chourio UTIL Casey Schmitt UTIL Luis Arraez UTIL William Contreras UTIL Cooper Pratt,,,
1831,5200958630,TLC43 (1/2),0,21,CPT Cooper Pratt UTIL Jackson Chourio UTIL Brice Turang UTIL Luis Arraez UTIL Jake Bauers UTIL Rafael Devers,,,
1831,5200959457,TLC43 (2/2),0,21,CPT Cooper Pratt UTIL Jackson Chourio UTIL Brice Turang UTIL Luis Arraez UTIL Jake Bauers UTIL Rafael Devers,,,
1831,5200962208,GHROSS (1/11),0,21,CPT Christian Yelich UTIL Jackson Chourio UTIL Brice Turang UTIL William Contreras UTIL Rafael Devers UTIL Grant McCray,,,
1831,5200976388,austinjflores2 (1/3),0,21,CPT Brice Turang UTIL Jackson Chourio UTIL Luis Arraez UTIL Jake Bauers UTIL Bryce Eldridge UTIL Drew Gilbert,,,
1851,5200472716,rsumrall (4/20),0,20.6,CPT Jackson Chourio UTIL Brandon Sproat UTIL Christian Yelich UTIL Bryce Eldridge UTIL Cooper Pratt UTIL Joey Ortiz,,,
1851,5200641279,floydian80 (9/20),0,20.6,CPT Jackson Chourio UTIL Brandon Sproat UTIL Christian Yelich UTIL Bryce Eldridge UTIL Cooper Pratt UTIL Joey Ortiz,,,
1851,5200745621,shanemoore27 (4/20),0,20.6,CPT Jackson Chourio UTIL Brandon Sproat UTIL Christian Yelich UTIL Bryce Eldridge UTIL Cooper Pratt UTIL Joey Ortiz,,,
1854,5200021246,emilypuckett22,0,20.5,CPT Jake Bauers UTIL Jackson Chourio UTIL Casey Schmitt UTIL Luis Arraez UTIL William Contreras UTIL Blake Perkins,,,
1854,5200299783,memphistiger61,0,20.5,CPT Jackson Chourio UTIL Christian Yelich UTIL Rafael Devers UTIL Willy Adames UTIL Bryce Eldridge UTIL Andrew Vaughn,,,
1854,5200414473,az350z (13/20),0,20.5,CPT Jackson Chourio UTIL Brice Turang UTIL Heliot Ramos UTIL Rafael Devers UTIL Bryce Eldridge UTIL Jesus Rodriguez,,,
1854,5200934073,UniversalFriend (1/20),0,20.5,CPT Jackson Chourio UTIL Heliot Ramos UTIL William Contreras UTIL Rafael Devers UTIL Willy Adames UTIL Bryce Eldridge,,,
1854,5200970454,Messmer57 (3/5),0,20.5,CPT Jackson Chourio UTIL Brice Turang UTIL Christian Yelich UTIL Willy Adames UTIL Bryce Eldridge UTIL Jesus Rodriguez,,,
1854,5200986407,labarmj,0,20.5,CPT Drew Gilbert UTIL Jackson Chourio UTIL Brice Turang UTIL Christian Yelich UTIL Casey Schmitt UTIL Luis Arraez,,,
1860,5200681114,zanva,0,20.15,CPT Brandon Sproat UTIL Brice Turang UTIL Christian Yelich UTIL Rafael Devers UTIL Luis Lara UTIL Blake Perkins,,,
1861,5200047048,jstoltman3,0,20.1,CPT Cooper Pratt UTIL Brandon Sproat UTIL Brice Turang UTIL Jake Bauers UTIL William Contreras UTIL Bryce Eldridge,,,
1861,5200491661,jsamtoy (14/20),0,20.1,CPT Cooper Pratt UTIL Brandon Sproat UTIL Jackson Chourio UTIL William Contreras UTIL Rafael Devers UTIL Garrett Mitchell,,,
1861,5200785141,wano0916 (4/20),0,20.1,CPT Christian Yelich UTIL Brandon Sproat UTIL Brice Turang UTIL Garrett Mitchell UTIL Andrew Vaughn UTIL Drew Gilbert,,,
1861,5200896865,84flipmode (18/20),0,20.1,CPT William Contreras UTIL Brandon Sproat UTIL Jake Bauers UTIL Garrett Mitchell UTIL Bryce Eldridge UTIL Drew Gilbert,,,
1861,5200948998,JJSaenz (9/20),0,20.1,CPT William Contreras UTIL Brandon Sproat UTIL Brice Turang UTIL Christian Yelich UTIL Andrew Vaughn UTIL Drew Gilbert,,,
1861,5200987645,mcrauswell,0,20.1,CPT Cooper Pratt UTIL Brandon Sproat UTIL Jackson Chourio UTIL William Contreras UTIL Rafael Devers UTIL Garrett Mitchell,,,
1867,5200332542,number1pct,0,20,CPT Brice Turang UTIL Luis Arraez UTIL Jake Bauers UTIL William Contreras UTIL Rafael Devers UTIL Andrew Vaughn,,,
1867,5200341097,hipnosyst,0,20,CPT Brice Turang UTIL Casey Schmitt UTIL Luis Arraez UTIL Rafael Devers UTIL Garrett Mitchell UTIL Andrew Vaughn,,,
1867,5200369740,shoey820,0,20,CPT Brice Turang UTIL Jackson Chourio UTIL Luis Arraez UTIL Heliot Ramos UTIL Bryce Eldridge UTIL Joey Ortiz,,,
1867,5200484239,NazzAttack (1/2),0,20,CPT Christian Yelich UTIL Casey Schmitt UTIL Luis Arraez UTIL William Contreras UTIL Bryce Eldridge UTIL Andrew Vaughn,,,
1867,5200490455,heybert711 (7/20),0,20,CPT Brice Turang UTIL Casey Schmitt UTIL Luis Arraez UTIL Rafael Devers UTIL Bryce Eldridge UTIL Drew Gilbert,,,
1867,5200490465,heybert711 (17/20),0,20,CPT Brice Turang UTIL Jackson Chourio UTIL Luis Arraez UTIL Rafael Devers UTIL Bryce Eldridge UTIL Drew Gilbert,,,
1867,5200689143,Rich4585,0,20,CPT Bryce Eldridge UTIL Jackson Chourio UTIL Brice Turang UTIL Heliot Ramos UTIL Rafael Devers UTIL Willy Adames,,,
1867,5200739223,curly82 (4/15),0,20,CPT William Contreras UTIL Luis Arraez UTIL Jake Bauers UTIL Rafael Devers UTIL Garrett Mitchell UTIL Andrew Vaughn,,,
1867,5200739229,curly82 (10/15),0,20,CPT Bryce Eldridge UTIL Casey Schmitt UTIL William Contreras UTIL Rafael Devers UTIL Willy Adames UTIL Andrew Vaughn,,,
1867,5200760439,MICHAELRUNNING (1/2),0,20,CPT William Contreras UTIL Jackson Chourio UTIL Brice Turang UTIL Luis Arraez UTIL Andrew Vaughn UTIL Cooper Pratt,,,
1867,5200764566,USMBrad14 (16/20),0,20,CPT Brice Turang UTIL Luis Arraez UTIL Jake Bauers UTIL Rafael Devers UTIL Garrett Mitchell UTIL Andrew Vaughn,,,
1867,5200873729,Sabali00,0,20,CPT Bryce Eldridge UTIL Jackson Chourio UTIL Brice Turang UTIL Heliot Ramos UTIL Rafael Devers UTIL Willy Adames,,,
1867,5200884740,TB247 (3/3),0,20,CPT Bryce Eldridge UTIL Jackson Chourio UTIL Brice Turang UTIL Heliot Ramos UTIL Rafael Devers UTIL Willy Adames,,,
1867,5200901815,brown1258 (1/2),0,20,CPT Brice Turang UTIL Casey Schmitt UTIL Jake Bauers UTIL Rafael Devers UTIL Willy Adames UTIL Andrew Vaughn,,,
1867,5200906785,PinkHub,0,20,CPT Brice Turang UTIL Christian Yelich UTIL Casey Schmitt UTIL Luis Arraez UTIL Gary Sanchez UTIL Jesus Rodriguez,,,
1867,5200943019,kchomer (2/2),0,20,CPT William Contreras UTIL Casey Schmitt UTIL Jake Bauers UTIL Heliot Ramos UTIL Rafael Devers UTIL Willy Adames,,,
1867,5200975133,Goldmoose56,0,20,CPT Brice Turang UTIL Casey Schmitt UTIL Luis Arraez UTIL William Contreras UTIL Bryce Eldridge UTIL Andrew Vaughn,,,
1867,5200977927,WD1421 (1/8),0,20,CPT Brice Turang UTIL Casey Schmitt UTIL Luis Arraez UTIL Jake Bauers UTIL Bryce Eldridge UTIL Cooper Pratt,,,
1867,5200977930,WD1421 (3/8),0,20,CPT Brice Turang UTIL Casey Schmitt UTIL Luis Arraez UTIL Jake Bauers UTIL Bryce Eldridge UTIL Cooper Pratt,,,
1867,5200978891,serena440 (1/4),0,20,CPT Brice Turang UTIL Luis Arraez UTIL Jake Bauers UTIL Heliot Ramos UTIL William Contreras UTIL Cooper Pratt,,,
1867,5200982812,Cheesemakers,0,20,CPT Garrett Mitchell UTIL Jackson Chourio UTIL Brice Turang UTIL Luis Arraez UTIL Rafael Devers UTIL Andrew Vaughn,,,
1867,5200984348,WD1421 (5/8),0,20,CPT Brice Turang UTIL Casey Schmitt UTIL Luis Arraez UTIL Jake Bauers UTIL Bryce Eldridge UTIL Cooper Pratt,,,
1867,5200984881,WD1421 (7/8),0,20,CPT Brice Turang UTIL Casey Schmitt UTIL Luis Arraez UTIL Jake Bauers UTIL Bryce Eldridge UTIL Cooper Pratt,,,
1867,5200984969,serena440 (2/4),0,20,CPT Brice Turang UTIL Luis Arraez UTIL Jake Bauers UTIL Heliot Ramos UTIL William Contreras UTIL Cooper Pratt,,,
1867,5200985002,serena440 (3/4),0,20,CPT Brice Turang UTIL Luis Arraez UTIL Jake Bauers UTIL Heliot Ramos UTIL William Contreras UTIL Cooper Pratt,,,
1867,5200985843,serena440 (4/4),0,20,CPT Brice Turang UTIL Luis Arraez UTIL Jake Bauers UTIL Heliot Ramos UTIL William Contreras UTIL Cooper Pratt,,,
1893,5200491662,jsamtoy (15/20),0,19.6,CPT Jackson Chourio UTIL Brandon Sproat UTIL Christian Yelich UTIL William Contreras UTIL Joey Ortiz UTIL Drew Gilbert,,,
1893,5200933376,Oxyfide,0,19.6,CPT Jackson Chourio UTIL Brandon Sproat UTIL Christian Yelich UTIL William Contreras UTIL Joey Ortiz UTIL Drew Gilbert,,,
1895,5200126627,nugnugnug,0,19.5,CPT Willy Adames UTIL Heliot Ramos UTIL William Contreras UTIL Rafael Devers UTIL Garrett Mitchell UTIL Bryce Eldridge,,,
1895,5200402346,sideliner,0,19.5,CPT Jake Bauers UTIL Brice Turang UTIL Christian Yelich UTIL Luis Arraez UTIL Rafael Devers UTIL Drew Gilbert,,,
1895,5200538480,mjrlaw23 (17/20),0,19.5,CPT Casey Schmitt UTIL Christian Yelich UTIL Luis Arraez UTIL William Contreras UTIL Garrett Mitchell UTIL Andrew Vaughn,,,
1895,5200561474,raiN66,0,19.5,CPT Jackson Chourio UTIL Brice Turang UTIL Christian Yelich UTIL Luis Arraez UTIL Andrew Vaughn UTIL Joey Ortiz,,,
1895,5200651094,fullerf54 (5/20),0,19.5,CPT Jackson Chourio UTIL Brice Turang UTIL Casey Schmitt UTIL Jake Bauers UTIL Cooper Pratt UTIL Jesus Rodriguez,,,
1895,5200726684,Stephensml63 (2/3),0,19.5,CPT Jake Bauers UTIL Jackson Chourio UTIL Christian Yelich UTIL Luis Arraez UTIL Rafael Devers UTIL Joey Ortiz,,,
1895,5200764569,USMBrad14 (19/20),0,19.5,CPT Jake Bauers UTIL Brice Turang UTIL Casey Schmitt UTIL Heliot Ramos UTIL Bryce Eldridge UTIL Andrew Vaughn,,,
1895,5200766412,Meni69,0,19.5,CPT Jackson Chourio UTIL Christian Yelich UTIL Casey Schmitt UTIL Heliot Ramos UTIL Andrew Vaughn UTIL Cooper Pratt,,,
1895,5200875292,juice2525 (3/4),0,19.5,CPT Jackson Chourio UTIL Christian Yelich UTIL Casey Schmitt UTIL Luis Arraez UTIL David Hamilton UTIL Cooper Pratt,,,
1895,5200939159,Ducha23 (3/5),0,19.5,CPT Jackson Chourio UTIL Casey Schmitt UTIL Luis Arraez UTIL William Contreras UTIL Rafael Devers UTIL Joey Ortiz,,,
1895,5200945102,Factors52 (3/4),0,19.5,CPT Jackson Chourio UTIL Brice Turang UTIL Luis Arraez UTIL Rafael Devers UTIL Garrett Mitchell UTIL Drew Gilbert,,,
1895,5200948436,Ezilodi (2/20),0,19.5,CPT Jackson Chourio UTIL Casey Schmitt UTIL Jake Bauers UTIL William Contreras UTIL Willy Adames UTIL Cooper Pratt,,,
1895,5200948501,broncossb (13/17),0,19.5,CPT Drew Gilbert UTIL Jackson Chourio UTIL Christian Yelich UTIL Casey Schmitt UTIL Rafael Devers UTIL Willy Adames,,,
1895,5200952737,DogCup15,0,19.5,CPT Jake Bauers UTIL Brice Turang UTIL Christian Yelich UTIL Luis Arraez UTIL Rafael Devers UTIL Drew Gilbert,,,
1895,5200957462,Dirkdynasty (1/6),0,19.5,CPT Casey Schmitt UTIL Jackson Chourio UTIL Brice Turang UTIL Christian Yelich UTIL Andrew Vaughn UTIL Jesus Rodriguez,,,
1895,5200958391,marshall70 (3/3),0,19.5,CPT Jake Bauers UTIL Brice Turang UTIL Christian Yelich UTIL Luis Arraez UTIL Rafael Devers UTIL Drew Gilbert,,,
1895,5200968125,gregwise,0,19.5,CPT Jake Bauers UTIL Christian Yelich UTIL Casey Schmitt UTIL Luis Arraez UTIL Rafael Devers UTIL Joey Ortiz,,,
1912,5200161036,charleso83 (1/2),0,19.1,CPT Brice Turang UTIL Brandon Sproat UTIL Christian Yelich UTIL Rafael Devers UTIL Cooper Pratt UTIL Drew Gilbert,,,
1912,5200296891,Hinkle76 (4/10),0,19.1,CPT Garrett Mitchell UTIL Brandon Sproat UTIL Christian Yelich UTIL Jake Bauers UTIL Bryce Eldridge UTIL Cooper Pratt,,,
1912,5200306725,theebozzfdc (1/4),0,19.1,CPT Brice Turang UTIL Brandon Sproat UTIL Jake Bauers UTIL Bryce Eldridge UTIL Cooper Pratt UTIL Joey Ortiz,,,
1912,5200501774,briguy13 (2/20),0,19.1,CPT Christian Yelich UTIL Brandon Sproat UTIL Jackson Chourio UTIL Bryce Eldridge UTIL Cooper Pratt UTIL Joey Ortiz,,,
1912,5200867044,cwthrow24 (20/20),0,19.1,CPT Garrett Mitchell UTIL Brandon Sproat UTIL Christian Yelich UTIL William Contreras UTIL Bryce Eldridge UTIL Andrew Vaughn,,,
1912,5200884778,tybry85 (19/20),0,19.1,CPT Rafael Devers UTIL Brandon Sproat UTIL Brice Turang UTIL William Contreras UTIL Bryce Eldridge UTIL Cooper Pratt,,,
1912,5200933360,Edgitt116 (12/12),0,19.1,CPT Brice Turang UTIL Brandon Sproat UTIL Christian Yelich UTIL Bryce Eldridge UTIL Andrew Vaughn UTIL Joey Ortiz,,,
1912,5200969225,jeffmorris007 (13/20),0,19.1,CPT Christian Yelich UTIL Brandon Sproat UTIL Jackson Chourio UTIL Bryce Eldridge UTIL Cooper Pratt UTIL Joey Ortiz,,,
1912,5200974885,jkutsch87,0,19.1,CPT Rafael Devers UTIL Brandon Sproat UTIL Christian Yelich UTIL William Contreras UTIL Bryce Eldridge UTIL Cooper Pratt,,,
1921,5200291457,okelly36 (2/2),0,19,CPT Christian Yelich UTIL Brice Turang UTIL Luis Arraez UTIL Rafael Devers UTIL Bryce Eldridge UTIL Andrew Vaughn,,,
1921,5200321419,jeremykarle (1/10),0,19,CPT Cooper Pratt UTIL Jackson Chourio UTIL Brice Turang UTIL Casey Schmitt UTIL Luis Arraez UTIL William Contreras,,,
1921,5200451840,juchs,0,19,CPT Luis Arraez UTIL Brice Turang UTIL Christian Yelich UTIL Rafael Devers UTIL Bryce Eldridge UTIL Joey Ortiz,,,
1921,5200490463,heybert711 (15/20),0,19,CPT Christian Yelich UTIL Luis Arraez UTIL Heliot Ramos UTIL William Contreras UTIL Rafael Devers UTIL Bryce Eldridge,,,
1921,5200491663,jsamtoy (16/20),0,19,CPT Rafael Devers UTIL Brice Turang UTIL Casey Schmitt UTIL Jake Bauers UTIL Heliot Ramos UTIL Andrew Vaughn,,,
1921,5200676167,goheelz1 (5/6),0,19,CPT Cooper Pratt UTIL Jackson Chourio UTIL Brice Turang UTIL Casey Schmitt UTIL Luis Arraez UTIL William Contreras,,,
1921,5200757286,45dojo (7/8),0,19,CPT Cooper Pratt UTIL Brice Turang UTIL Christian Yelich UTIL Casey Schmitt UTIL Luis Arraez UTIL Jake Bauers,,,
1921,5200774650,bobbyf,0,19,CPT Christian Yelich UTIL Luis Arraez UTIL William Contreras UTIL Rafael Devers UTIL Garrett Mitchell UTIL Willy Adames,,,
1921,5200907339,barney_g (3/5),0,19,CPT Brice Turang UTIL Jackson Chourio UTIL William Contreras UTIL Rafael Devers UTIL Willy Adames UTIL Jesus Rodriguez,,,
1921,5200912635,Robbiecarlton,0,19,CPT Rafael Devers UTIL Jackson Chourio UTIL Brice Turang UTIL Luis Arraez UTIL William Contreras UTIL Drew Gilbert,,,
1921,5200917722,achamp4real (4/7),0,19,CPT Brice Turang UTIL Christian Yelich UTIL Luis Arraez UTIL Rafael Devers UTIL Bryce Eldridge UTIL Andrew Vaughn,,,
1921,5200945703,Clippy (5/8),0,19,CPT Brice Turang UTIL Jackson Chourio UTIL Luis Arraez UTIL Rafael Devers UTIL Bryce Eldridge UTIL Cooper Pratt,,,
1921,5200954133,Huge_Ditka23,0,19,CPT Cooper Pratt UTIL Brice Turang UTIL Christian Yelich UTIL Casey Schmitt UTIL Luis Arraez UTIL Jake Bauers,,,
1921,5200959805,scottesnyder3,0,19,CPT Brice Turang UTIL Jackson Chourio UTIL Heliot Ramos UTIL Rafael Devers UTIL Willy Adames UTIL Cooper Pratt,,,
1921,5200960048,pisco80 (1/10),0,19,CPT Rafael Devers UTIL Jackson Chourio UTIL Christian Yelich UTIL Luis Arraez UTIL Jake Bauers UTIL Joey Ortiz,,,
1921,5200962216,GHROSS (9/11),0,19,CPT Christian Yelich UTIL Luis Arraez UTIL Heliot Ramos UTIL William Contreras UTIL Rafael Devers UTIL Bryce Eldridge,,,
1937,5200330968,tbjones2121 (14/20),0,18.5,CPT Jackson Chourio UTIL Christian Yelich UTIL Heliot Ramos UTIL Rafael Devers UTIL Bryce Eldridge UTIL Andrew Vaughn,,,
1937,5200396305,feet69,0,18.5,CPT Jake Bauers UTIL Brice Turang UTIL Luis Arraez UTIL Rafael Devers UTIL Garrett Mitchell UTIL Bryce Eldridge,,,
1937,5200405775,sharksbay99 (2/3),0,18.5,CPT Casey Schmitt UTIL Christian Yelich UTIL Jake Bauers UTIL Rafael Devers UTIL Willy Adames UTIL Bryce Eldridge,,,
1937,5200446061,skidlids,0,18.5,CPT Jackson Chourio UTIL Jake Bauers UTIL Rafael Devers UTIL Garrett Mitchell UTIL Willy Adames UTIL Bryce Eldridge,,,
1937,5200624013,pkmn66,0,18.5,CPT Jake Bauers UTIL Brice Turang UTIL Christian Yelich UTIL Luis Arraez UTIL Rafael Devers UTIL Cooper Pratt,,,
1937,5200629537,LIVING-LEGENDS,0,18.5,CPT Jake Bauers UTIL Jackson Chourio UTIL Brice Turang UTIL Rafael Devers UTIL Willy Adames UTIL Cooper Pratt,,,
1937,5200706909,BmoreAware,0,18.5,CPT Jake Bauers UTIL Brice Turang UTIL Christian Yelich UTIL Luis Arraez UTIL Rafael Devers UTIL Cooper Pratt,,,
1937,5200731960,Viggeo_Morgenstein (2/3),0,18.5,CPT Jake Bauers UTIL Brice Turang UTIL Christian Yelich UTIL Luis Arraez UTIL Rafael Devers UTIL Cooper Pratt,,,
1937,5200875072,ar15ak,0,18.5,CPT Jackson Chourio UTIL Christian Yelich UTIL William Contreras UTIL Rafael Devers UTIL Willy Adames UTIL Andrew Vaughn,,,
1937,5200887482,BSSlaubershimer (1/3),0,18.5,CPT Jake Bauers UTIL Brice Turang UTIL Christian Yelich UTIL Luis Arraez UTIL Rafael Devers UTIL Cooper Pratt,,,
1937,5200889831,ZeusJokers11,0,18.5,CPT Jake Bauers UTIL Brice Turang UTIL Heliot Ramos UTIL William Contreras UTIL Rafael Devers UTIL Willy Adames,,,
1937,5200893404,BSSlaubershimer (2/3),0,18.5,CPT Jake Bauers UTIL Brice Turang UTIL Christian Yelich UTIL Luis Arraez UTIL Rafael Devers UTIL Cooper Pratt,,,
1937,5200893405,BSSlaubershimer (3/3),0,18.5,CPT Jake Bauers UTIL Brice Turang UTIL Christian Yelich UTIL Luis Arraez UTIL Rafael Devers UTIL Cooper Pratt,,,
1937,5200909977,jeremykarle (10/10),0,18.5,CPT Casey Schmitt UTIL Jackson Chourio UTIL Brice Turang UTIL Rafael Devers UTIL Willy Adames UTIL Cooper Pratt,,,
1937,5200913041,Chilli_B69,0,18.5,CPT Jake Bauers UTIL Brice Turang UTIL Christian Yelich UTIL Luis Arraez UTIL Rafael Devers UTIL Cooper Pratt,,,
1937,5200921787,Q33Q (1/2),0,18.5,CPT Casey Schmitt UTIL Jake Bauers UTIL William Contreras UTIL Rafael Devers UTIL Willy Adames UTIL Cooper Pratt,,,
1937,5200929445,KingTerryPegula (8/20),0,18.5,CPT Jackson Chourio UTIL Christian Yelich UTIL Luis Arraez UTIL Rafael Devers UTIL Bryce Eldridge UTIL Joey Ortiz,,,
1937,5200930424,Richchrys24 (3/5),0,18.5,CPT Jackson Chourio UTIL Brice Turang UTIL William Contreras UTIL Willy Adames UTIL Bryce Eldridge UTIL Andrew Vaughn,,,
1937,5200942835,kchomer (1/2),0,18.5,CPT Jake Bauers UTIL Christian Yelich UTIL Luis Arraez UTIL William Contreras UTIL Rafael Devers UTIL Bryce Eldridge,,,
1937,5200948438,Ezilodi (4/20),0,18.5,CPT Jackson Chourio UTIL Christian Yelich UTIL Heliot Ramos UTIL Rafael Devers UTIL Bryce Eldridge UTIL Andrew Vaughn,,,
1937,5200949004,JJSaenz (15/20),0,18.5,CPT Jackson Chourio UTIL Brice Turang UTIL Christian Yelich UTIL Willy Adames UTIL Andrew Vaughn UTIL Cooper Pratt,,,
1937,5200956413,n1c01e,0,18.5,CPT Jake Bauers UTIL Jackson Chourio UTIL Brice Turang UTIL Rafael Devers UTIL Willy Adames UTIL Cooper Pratt,,,
1937,5200962943,Dirkdynasty (5/6),0,18.5,CPT Jake Bauers UTIL Christian Yelich UTIL Luis Arraez UTIL William Contreras UTIL Rafael Devers UTIL Bryce Eldridge,,,
1937,5200965394,pisco80 (8/10),0,18.5,CPT Jake Bauers UTIL Jackson Chourio UTIL Brice Turang UTIL Rafael Devers UTIL Willy Adames UTIL Cooper Pratt,,,
1937,5200973826,dscherbs,0,18.5,CPT Andrew Vaughn UTIL Jackson Chourio UTIL Brice Turang UTIL Jake Bauers UTIL Heliot Ramos UTIL William Contreras,,,
1937,5200986497,wwc951 (3/7),0,18.5,CPT Jake Bauers UTIL Brice Turang UTIL Heliot Ramos UTIL William Contreras UTIL Rafael Devers UTIL Willy Adames,,,
1937,5200987398,ebrown_ua (4/5),0,18.5,CPT Jake Bauers UTIL Christian Yelich UTIL Luis Arraez UTIL William Contreras UTIL Rafael Devers UTIL Bryce Eldridge,,,
1964,5200536110,Skipper55 (1/20),0,18.1,CPT Garrett Mitchell UTIL Brandon Sproat UTIL Christian Yelich UTIL Jake Bauers UTIL William Contreras UTIL Drew Gilbert,,,
1964,5200588156,vstar1300 (4/7),0,18.1,CPT Garrett Mitchell UTIL Brandon Sproat UTIL Christian Yelich UTIL Jake Bauers UTIL William Contreras UTIL Drew Gilbert,,,
1964,5200745628,shanemoore27 (11/20),0,18.1,CPT Brice Turang UTIL Brandon Sproat UTIL Christian Yelich UTIL Jake Bauers UTIL Joey Ortiz UTIL Drew Gilbert,,,
1964,5200785138,wano0916 (1/20),0,18.1,CPT Garrett Mitchell UTIL Brandon Sproat UTIL Christian Yelich UTIL Jake Bauers UTIL William Contreras UTIL Drew Gilbert,,,
1964,5200985810,Runninrebel02 (10/14),0,18.1,CPT Brice Turang UTIL Brandon Sproat UTIL Christian Yelich UTIL Jake Bauers UTIL Joey Ortiz UTIL Drew Gilbert,,,
1969,5200059026,biggerjerm,0,18,CPT Rafael Devers UTIL Brice Turang UTIL Luis Arraez UTIL Jake Bauers UTIL William Contreras UTIL Bryce Eldridge,,,
1969,5200205903,KatyHasBigTatas,0,18,CPT Rafael Devers UTIL Christian Yelich UTIL Luis Arraez UTIL Jake Bauers UTIL Garrett Mitchell UTIL Bryce Eldridge,,,
1969,5200295877,chill1229,0,18,CPT Bryce Eldridge UTIL Brice Turang UTIL Luis Arraez UTIL Jake Bauers UTIL Rafael Devers UTIL Garrett Mitchell,,,
1969,5200309293,Ballz187,0,18,CPT Rafael Devers UTIL Brice Turang UTIL Luis Arraez UTIL Jake Bauers UTIL William Contreras UTIL Bryce Eldridge,,,
1969,5200402025,umbie08,0,18,CPT Brice Turang UTIL Jackson Chourio UTIL Christian Yelich UTIL Luis Arraez UTIL Andrew Vaughn UTIL Joey Ortiz,,,
1969,5200472730,rsumrall (18/20),0,18,CPT William Contreras UTIL Jackson Chourio UTIL Jake Bauers UTIL Heliot Ramos UTIL Rafael Devers UTIL Andrew Vaughn,,,
1969,5200480548,unlvjeff,0,18,CPT Cooper Pratt UTIL Jackson Chourio UTIL Brice Turang UTIL Christian Yelich UTIL Luis Arraez UTIL Rafael Devers,,,
1969,5200490456,heybert711 (8/20),0,18,CPT Brice Turang UTIL Jackson Chourio UTIL Luis Arraez UTIL William Contreras UTIL Rafael Devers UTIL Drew Gilbert,,,
1969,5200490464,heybert711 (16/20),0,18,CPT Rafael Devers UTIL Christian Yelich UTIL Casey Schmitt UTIL Luis Arraez UTIL William Contreras UTIL Bryce Eldridge,,,
1969,5200538481,mjrlaw23 (18/20),0,18,CPT Luis Arraez UTIL Jackson Chourio UTIL Brice Turang UTIL William Contreras UTIL Garrett Mitchell UTIL Joey Ortiz,,,
1969,5200547163,grid2,0,18,CPT Brice Turang UTIL Jackson Chourio UTIL Luis Arraez UTIL William Contreras UTIL Rafael Devers UTIL Drew Gilbert,,,
1969,5200641283,floydian80 (13/20),0,18,CPT Christian Yelich UTIL Brice Turang UTIL Casey Schmitt UTIL Luis Arraez UTIL Rafael Devers UTIL Drew Gilbert,,,
1969,5200651929,cdoggg (1/2),0,18,CPT Cooper Pratt UTIL Jackson Chourio UTIL Brice Turang UTIL Christian Yelich UTIL Luis Arraez UTIL Rafael Devers,,,
1969,5200764570,USMBrad14 (20/20),0,18,CPT Rafael Devers UTIL Brice Turang UTIL Luis Arraez UTIL Jake Bauers UTIL William Contreras UTIL Bryce Eldridge,,,
1969,5200808630,reuter,0,18,CPT Brice Turang UTIL Casey Schmitt UTIL Luis Arraez UTIL Jake Bauers UTIL Rafael Devers UTIL Joey Ortiz,,,
1969,5200818676,JVGREEK (2/2),0,18,CPT Rafael Devers UTIL Brice Turang UTIL Christian Yelich UTIL Casey Schmitt UTIL Luis Arraez UTIL Cooper Pratt,,,
1969,5200852446,cflo1179 (1/2),0,18,CPT Christian Yelich UTIL Jackson Chourio UTIL Brice Turang UTIL Luis Arraez UTIL Andrew Vaughn UTIL Joey Ortiz,,,
1969,5200857538,belowzir0,0,18,CPT Rafael Devers UTIL Brice Turang UTIL Christian Yelich UTIL Casey Schmitt UTIL Luis Arraez UTIL Cooper Pratt,,,
1969,5200858916,cflo1179 (2/2),0,18,CPT Rafael Devers UTIL Brice Turang UTIL Christian Yelich UTIL Casey Schmitt UTIL Luis Arraez UTIL Cooper Pratt,,,
1969,5200878662,TB247 (1/3),0,18,CPT Rafael Devers UTIL Brice Turang UTIL Casey Schmitt UTIL Jake Bauers UTIL Willy Adames UTIL Bryce Eldridge,,,
1969,5200904508,daddyo622,0,18,CPT Garrett Mitchell UTIL Christian Yelich UTIL Casey Schmitt UTIL Jake Bauers UTIL Heliot Ramos UTIL Willy Adames,,,
1969,5200907337,barney_g (1/5),0,18,CPT Rafael Devers UTIL Jackson Chourio UTIL Casey Schmitt UTIL Garrett Mitchell UTIL Willy Adames UTIL Bryce Eldridge,,,
1969,5200922699,coca-cola14 (2/2),0,18,CPT Brice Turang UTIL Jackson Chourio UTIL Jake Bauers UTIL Heliot Ramos UTIL Andrew Vaughn UTIL Cooper Pratt,,,
1969,5200934079,UniversalFriend (7/20),0,18,CPT William Contreras UTIL Jackson Chourio UTIL Jake Bauers UTIL Heliot Ramos UTIL Rafael Devers UTIL Andrew Vaughn,,,
1969,5200946259,jersey530,0,18,CPT Rafael Devers UTIL Christian Yelich UTIL Casey Schmitt UTIL Luis Arraez UTIL William Contreras UTIL Bryce Eldridge,,,
1969,5200953287,ohairyone (3/3),0,18,CPT Rafael Devers UTIL Jackson Chourio UTIL Brice Turang UTIL Casey Schmitt UTIL Willy Adames UTIL Cooper Pratt,,,
1969,5200955836,Bless16,0,18,CPT Brice Turang UTIL Casey Schmitt UTIL Jake Bauers UTIL William Contreras UTIL Willy Adames UTIL Andrew Vaughn,,,
1969,5200957450,joesolo1,0,18,CPT Christian Yelich UTIL Jackson Chourio UTIL Casey Schmitt UTIL Luis Arraez UTIL Bryce Eldridge UTIL Joey Ortiz,,,
1969,5200966764,dquigley20,0,18,CPT Brice Turang UTIL Jackson Chourio UTIL Christian Yelich UTIL Luis Arraez UTIL Cooper Pratt UTIL Drew Gilbert,,,
1969,5200966938,montezdad,0,18,CPT Bryce Eldridge UTIL Brice Turang UTIL Luis Arraez UTIL Jake Bauers UTIL William Contreras UTIL Rafael Devers,,,
1969,5200975528,ammnj,0,18,CPT Bryce Eldridge UTIL Christian Yelich UTIL Luis Arraez UTIL Jake Bauers UTIL William Contreras UTIL Rafael Devers,,,
2000,5200330965,tbjones2121 (11/20),0,17.5,CPT Jake Bauers UTIL Brice Turang UTIL Casey Schmitt UTIL Heliot Ramos UTIL William Contreras UTIL Andrew Vaughn,,,
2000,5200418888,whoisjohngalt420 (14/20),0,17.5,CPT Casey Schmitt UTIL Jackson Chourio UTIL Christian Yelich UTIL Heliot Ramos UTIL Rafael Devers UTIL Drew Gilbert,,,
2000,5200443149,vonn011,0,17.5,CPT Jake Bauers UTIL Jackson Chourio UTIL Brice Turang UTIL Casey Schmitt UTIL Andrew Vaughn UTIL Cooper Pratt,,,
2000,5200477557,wcs1109 (8/20),0,17.5,CPT Willy Adames UTIL Jackson Chourio UTIL Brice Turang UTIL Christian Yelich UTIL Rafael Devers UTIL Cooper Pratt,,,
2000,5200597172,WallyGB (6/14),0,17.5,CPT Andrew Vaughn UTIL Jackson Chourio UTIL Brice Turang UTIL Christian Yelich UTIL William Contreras UTIL Willy Adames,,,
2000,5200605526,WallyGB (10/14),0,17.5,CPT Andrew Vaughn UTIL Jackson Chourio UTIL Brice Turang UTIL Christian Yelich UTIL William Contreras UTIL Willy Adames,,,
2000,5200760440,MICHAELRUNNING (2/2),0,17.5,CPT Jake Bauers UTIL Jackson Chourio UTIL Brice Turang UTIL Casey Schmitt UTIL Andrew Vaughn UTIL Cooper Pratt,,,
2000,5200878659,HIghtower83,0,17.5,CPT Heliot Ramos UTIL Jackson Chourio UTIL Christian Yelich UTIL Casey Schmitt UTIL Rafael Devers UTIL Cooper Pratt,,,
2000,5200879920,brynnsdad30,0,17.5,CPT Jake Bauers UTIL Jackson Chourio UTIL Brice Turang UTIL Christian Yelich UTIL Willy Adames UTIL Drew Gilbert,,,
2000,5200950693,natalie11117,0,17.5,CPT Jackson Chourio UTIL Brice Turang UTIL Casey Schmitt UTIL William Contreras UTIL Willy Adames UTIL Drew Gilbert,,,
2000,5200958362,MilkMonet (2/3),0,17.5,CPT Jake Bauers UTIL Jackson Chourio UTIL Casey Schmitt UTIL William Contreras UTIL Rafael Devers UTIL Andrew Vaughn,,,
2000,5200961469,dionysus425 (1/2),0,17.5,CPT Jake Bauers UTIL Jackson Chourio UTIL Brice Turang UTIL Christian Yelich UTIL Willy Adames UTIL Drew Gilbert,,,
2000,5200963239,MilkMonet (3/3),0,17.5,CPT Heliot Ramos UTIL Jackson Chourio UTIL Jake Bauers UTIL William Contreras UTIL Rafael Devers UTIL Bryce Eldridge,,,
2000,5200965401,pisco80 (9/10),0,17.5,CPT Jackson Chourio UTIL Christian Yelich UTIL Casey Schmitt UTIL Jake Bauers UTIL Andrew Vaughn UTIL Cooper Pratt,,,
2000,5200967996,coolsouthernbrees (14/18),0,17.5,CPT Jake Bauers UTIL Brice Turang UTIL Casey Schmitt UTIL Luis Arraez UTIL Garrett Mitchell UTIL Joey Ortiz,,,
2015,5200655304,Zenplayer1 (4/5),0,17.1,CPT Christian Yelich UTIL Brandon Sproat UTIL Brice Turang UTIL William Contreras UTIL Cooper Pratt UTIL Drew Gilbert,,,
2015,5200720644,mrclean913 (15/20),0,17.1,CPT Brice Turang UTIL Brandon Sproat UTIL Christian Yelich UTIL William Contreras UTIL Cooper Pratt UTIL Drew Gilbert,,,
2015,5200785139,wano0916 (2/20),0,17.1,CPT Garrett Mitchell UTIL Brandon Sproat UTIL Christian Yelich UTIL Jake Bauers UTIL Rafael Devers UTIL Joey Ortiz,,,
2015,5200840593,pat_the_hat2 (2/20),0,17.1,CPT Rafael Devers UTIL Brandon Sproat UTIL Christian Yelich UTIL William Contreras UTIL Garrett Mitchell UTIL Cooper Pratt,,,
2015,5200897741,jasons1876,0,17.1,CPT Cooper Pratt UTIL Brandon Sproat UTIL Brice Turang UTIL Christian Yelich UTIL Garrett Mitchell UTIL Bryce Eldridge,,,
2015,5200927701,kushep,0,17.1,CPT Cooper Pratt UTIL Brandon Sproat UTIL Brice Turang UTIL Christian Yelich UTIL Garrett Mitchell UTIL Bryce Eldridge,,,
2015,5200981423,ZuluTango82 (3/7),0,17.1,CPT Joey Ortiz UTIL Brandon Sproat UTIL Brice Turang UTIL Jake Bauers UTIL William Contreras UTIL Bryce Eldridge,,,
2022,5200188779,cowboys0921,0,17,CPT Christian Yelich UTIL Brice Turang UTIL Casey Schmitt UTIL Rafael Devers UTIL Willy Adames UTIL Andrew Vaughn,,,
2022,5200234476,Kadireed (1/5),0,17,CPT Christian Yelich UTIL Brice Turang UTIL Luis Arraez UTIL Jake Bauers UTIL Bryce Eldridge UTIL Cooper Pratt,,,
2022,5200234477,Kadireed (2/5),0,17,CPT Christian Yelich UTIL Brice Turang UTIL Luis Arraez UTIL Jake Bauers UTIL Bryce Eldridge UTIL Cooper Pratt,,,
2022,5200234478,Kadireed (3/5),0,17,CPT Christian Yelich UTIL Brice Turang UTIL Luis Arraez UTIL Jake Bauers UTIL Bryce Eldridge UTIL Cooper Pratt,,,
2022,5200234479,Kadireed (4/5),0,17,CPT Christian Yelich UTIL Brice Turang UTIL Luis Arraez UTIL Jake Bauers UTIL Bryce Eldridge UTIL Cooper Pratt,,,
2022,5200234480,Kadireed (5/5),0,17,CPT Christian Yelich UTIL Brice Turang UTIL Luis Arraez UTIL Jake Bauers UTIL Bryce Eldridge UTIL Cooper Pratt,,,
2022,5200295537,teaton18,0,17,CPT Brice Turang UTIL Luis Arraez UTIL Jake Bauers UTIL Rafael Devers UTIL Cooper Pratt UTIL Joey Ortiz,,,
2022,5200405735,GoldenDawg14,0,17,CPT Bryce Eldridge UTIL Brice Turang UTIL Christian Yelich UTIL Luis Arraez UTIL Rafael Devers UTIL Cooper Pratt,,,
2022,5200414820,krupstef,0,17,CPT Christian Yelich UTIL Luis Arraez UTIL Jake Bauers UTIL Rafael Devers UTIL Garrett Mitchell UTIL Bryce Eldridge,,,
2022,5200417232,Hotdogfatboy (3/4),0,17,CPT Brice Turang UTIL Casey Schmitt UTIL Heliot Ramos UTIL Garrett Mitchell UTIL Willy Adames UTIL Cooper Pratt,,,
2022,5200501787,briguy13 (15/20),0,17,CPT Brice Turang UTIL Jake Bauers UTIL Heliot Ramos UTIL William Contreras UTIL Willy Adames UTIL Bryce Eldridge,,,
2022,5200647372,stewie14,0,17,CPT Christian Yelich UTIL Luis Arraez UTIL Jake Bauers UTIL Rafael Devers UTIL Garrett Mitchell UTIL Bryce Eldridge,,,
2022,5200663880,BackStabuzz,0,17,CPT Brice Turang UTIL Christian Yelich UTIL Jake Bauers UTIL Rafael Devers UTIL Willy Adames UTIL Andrew Vaughn,,,
2022,5200726671,Stephensml63 (1/3),0,17,CPT Garrett Mitchell UTIL Brice Turang UTIL Christian Yelich UTIL Luis Arraez UTIL Rafael Devers UTIL Andrew Vaughn,,,
2022,5200731107,realchad (2/2),0,17,CPT Christian Yelich UTIL Jackson Chourio UTIL William Contreras UTIL Rafael Devers UTIL Willy Adames UTIL Andrew Vaughn,,,
2022,5200802968,PEANUT1FFQ (1/2),0,17,CPT Christian Yelich UTIL Luis Arraez UTIL Jake Bauers UTIL Rafael Devers UTIL Garrett Mitchell UTIL Bryce Eldridge,,,
2022,5200823641,smokesumthun,0,17,CPT Christian Yelich UTIL Casey Schmitt UTIL Luis Arraez UTIL William Contreras UTIL Rafael Devers UTIL Cooper Pratt,,,
2022,5200893614,84flipmode (12/20),0,17,CPT Brice Turang UTIL Jake Bauers UTIL Garrett Mitchell UTIL Willy Adames UTIL Bryce Eldridge UTIL Andrew Vaughn,,,
2022,5200902234,discosucks,0,17,CPT Brice Turang UTIL Christian Yelich UTIL Luis Arraez UTIL Jake Bauers UTIL Bryce Eldridge UTIL Cooper Pratt,,,
2022,5200916309,fantasyheaven (12/20),0,17,CPT Brice Turang UTIL Jackson Chourio UTIL Heliot Ramos UTIL Rafael Devers UTIL Bryce Eldridge UTIL Andrew Vaughn,,,
2022,5200918521,62caddyconvert (2/2),0,17,CPT Christian Yelich UTIL Brice Turang UTIL Luis Arraez UTIL Rafael Devers UTIL Garrett Mitchell UTIL Andrew Vaughn,,,
2022,5200944618,RonBurgundy21,0,17,CPT Brice Turang UTIL Christian Yelich UTIL Heliot Ramos UTIL Willy Adames UTIL Andrew Vaughn UTIL Joey Ortiz,,,
2022,5200954595,javier1331 (2/2),0,17,CPT Christian Yelich UTIL Luis Arraez UTIL Jake Bauers UTIL Rafael Devers UTIL Garrett Mitchell UTIL Bryce Eldridge,,,
2022,5200960087,pisco80 (6/10),0,17,CPT Christian Yelich UTIL Jackson Chourio UTIL Jake Bauers UTIL Rafael Devers UTIL Willy Adames UTIL Cooper Pratt,,,
2022,5200964403,macattack3286 (3/3),0,17,CPT Rafael Devers UTIL Jackson Chourio UTIL Casey Schmitt UTIL Jake Bauers UTIL William Contreras UTIL Andrew Vaughn,,,
2022,5200965393,pisco80 (7/10),0,17,CPT Brice Turang UTIL Jackson Chourio UTIL Jake Bauers UTIL Rafael Devers UTIL Willy Adames UTIL Cooper Pratt,,,
2022,5200965596,coolsouthernbrees (11/18),0,17,CPT Brice Turang UTIL Christian Yelich UTIL Luis Arraez UTIL William Contreras UTIL Bryce Eldridge UTIL Andrew Vaughn,,,
2022,5200969657,coolsouthernbrees (17/18),0,17,CPT Garrett Mitchell UTIL Jackson Chourio UTIL Brice Turang UTIL Luis Arraez UTIL Rafael Devers UTIL Cooper Pratt,,,
2022,5200981212,Dobber01,0,17,CPT Christian Yelich UTIL Brice Turang UTIL Luis Arraez UTIL Rafael Devers UTIL Garrett Mitchell UTIL Andrew Vaughn,,,
2022,5200983013,frederickeric,0,17,CPT Brice Turang UTIL Jackson Chourio UTIL William Contreras UTIL Rafael Devers UTIL Willy Adames UTIL Andrew Vaughn,,,
2052,5200396411,jeremykarle (4/10),0,16.5,CPT Jackson Chourio UTIL Brice Turang UTIL Luis Arraez UTIL William Contreras UTIL Bryce Eldridge UTIL Joey Ortiz,,,
2052,5200404705,madden710,0,16.5,CPT Casey Schmitt UTIL Jackson Chourio UTIL Brice Turang UTIL Garrett Mitchell UTIL Willy Adames UTIL Cooper Pratt,,,
2052,5200408317,bloylo,0,16.5,CPT Jackson Chourio UTIL Casey Schmitt UTIL Heliot Ramos UTIL William Contreras UTIL Rafael Devers UTIL Cooper Pratt,,,
2052,5200484245,NazzAttack (2/2),0,16.5,CPT Jackson Chourio UTIL Brice Turang UTIL Christian Yelich UTIL Rafael Devers UTIL Willy Adames UTIL Drew Gilbert,,,
2052,5200508766,Lisacrockett,0,16.5,CPT Willy Adames UTIL Christian Yelich UTIL Casey Schmitt UTIL Jake Bauers UTIL William Contreras UTIL Garrett Mitchell,,,
2052,5200776762,cdunmon,0,16.5,CPT Jackson Chourio UTIL Brice Turang UTIL Luis Arraez UTIL William Contreras UTIL Rafael Devers UTIL Sal Frelick,,,
2052,5200789029,ThatgirlLisa,0,16.5,CPT Jackson Chourio UTIL Brice Turang UTIL Casey Schmitt UTIL Bryce Eldridge UTIL Andrew Vaughn UTIL Cooper Pratt,,,
2052,5200801905,valangels41,0,16.5,CPT Jackson Chourio UTIL Christian Yelich UTIL Casey Schmitt UTIL Rafael Devers UTIL Andrew Vaughn UTIL Cooper Pratt,,,
2052,5200806638,snaytricia,0,16.5,CPT Heliot Ramos UTIL Brice Turang UTIL Christian Yelich UTIL Rafael Devers UTIL Garrett Mitchell UTIL Willy Adames,,,
2052,5200828216,GamerHallOfFamer18,0,16.5,CPT Jake Bauers UTIL Christian Yelich UTIL Casey Schmitt UTIL Rafael Devers UTIL Garrett Mitchell UTIL Willy Adames,,,
2052,5200834341,Gatutoo,0,16.5,CPT Jackson Chourio UTIL Brice Turang UTIL Jake Bauers UTIL Willy Adames UTIL Bryce Eldridge UTIL David Hamilton,,,
2052,5200890880,garbear49,0,16.5,CPT Jake Bauers UTIL Jackson Chourio UTIL Brice Turang UTIL Rafael Devers UTIL Andrew Vaughn UTIL Cooper Pratt,,,
2052,5200941111,mgood43,0,16.5,CPT Jackson Chourio UTIL Brice Turang UTIL Christian Yelich UTIL Rafael Devers UTIL Willy Adames UTIL Drew Gilbert,,,
2052,5200948491,broncossb (3/17),0,16.5,CPT Jake Bauers UTIL Jackson Chourio UTIL Brice Turang UTIL Rafael Devers UTIL Bryce Eldridge UTIL Andrew Vaughn,,,
2052,5200948496,broncossb (8/17),0,16.5,CPT Casey Schmitt UTIL Jake Bauers UTIL Heliot Ramos UTIL William Contreras UTIL Rafael Devers UTIL Bryce Eldridge,,,
2052,5200973766,Stephenlewis15 (1/2),0,16.5,CPT Jackson Chourio UTIL Brice Turang UTIL Jake Bauers UTIL William Contreras UTIL Cooper Pratt UTIL Jesus Rodriguez,,,
2052,5200977928,WD1421 (2/8),0,16.5,CPT Casey Schmitt UTIL Brice Turang UTIL Christian Yelich UTIL Luis Arraez UTIL Rafael Devers UTIL Joey Ortiz,,,
2052,5200977931,WD1421 (4/8),0,16.5,CPT Casey Schmitt UTIL Brice Turang UTIL Christian Yelich UTIL Luis Arraez UTIL Rafael Devers UTIL Joey Ortiz,,,
2052,5200983590,Slugxx (1/2),0,16.5,CPT Casey Schmitt UTIL Brice Turang UTIL Christian Yelich UTIL Luis Arraez UTIL Rafael Devers UTIL Joey Ortiz,,,
2052,5200984871,WD1421 (6/8),0,16.5,CPT Casey Schmitt UTIL Brice Turang UTIL Christian Yelich UTIL Luis Arraez UTIL Rafael Devers UTIL Joey Ortiz,,,
2052,5200984882,WD1421 (8/8),0,16.5,CPT Casey Schmitt UTIL Brice Turang UTIL Christian Yelich UTIL Luis Arraez UTIL Rafael Devers UTIL Joey Ortiz,,,
2052,5200986495,wwc951 (1/7),0,16.5,CPT Casey Schmitt UTIL Christian Yelich UTIL Heliot Ramos UTIL William Contreras UTIL Rafael Devers UTIL Andrew Vaughn,,,
2074,5200343857,kreller17 (9/20),0,16.1,CPT Garrett Mitchell UTIL Brandon Sproat UTIL Christian Yelich UTIL William Contreras UTIL Rafael Devers UTIL Cooper Pratt,,,
2074,5200472731,rsumrall (19/20),0,16.1,CPT Brice Turang UTIL Brandon Sproat UTIL Christian Yelich UTIL Rafael Devers UTIL Cooper Pratt UTIL Joey Ortiz,,,
2074,5200695722,Runninrebel02 (1/14),0,16.1,CPT Brice Turang UTIL Brandon Sproat UTIL Christian Yelich UTIL Rafael Devers UTIL Cooper Pratt UTIL Joey Ortiz,,,
2074,5200937507,RWGlischman,0,16.1,CPT Garrett Mitchell UTIL Brandon Sproat UTIL Brice Turang UTIL William Contreras UTIL Bryce Eldridge UTIL Cooper Pratt,,,
2074,5200940762,imnotstoppIN (2/3),0,16.1,CPT Brice Turang UTIL Brandon Sproat UTIL Christian Yelich UTIL Rafael Devers UTIL Cooper Pratt UTIL Joey Ortiz,,,
2079,5200296892,Hinkle76 (5/10),0,16,CPT Joey Ortiz UTIL Jackson Chourio UTIL Brice Turang UTIL Christian Yelich UTIL Luis Arraez UTIL Jake Bauers,,,
2079,5200313389,millerjt7 (1/4),0,16,CPT Bryce Eldridge UTIL Jackson Chourio UTIL Brice Turang UTIL Jake Bauers UTIL Rafael Devers UTIL Andrew Vaughn,,,
2079,5200501792,briguy13 (20/20),0,16,CPT Cooper Pratt UTIL Jackson Chourio UTIL Brice Turang UTIL Jake Bauers UTIL Heliot Ramos UTIL Rafael Devers,,,
2079,5200516927,SpeedRacer101 (13/20),0,16,CPT Rafael Devers UTIL Jackson Chourio UTIL Brice Turang UTIL Casey Schmitt UTIL William Contreras UTIL Jesus Rodriguez,,,
2079,5200533466,blazer1sd,0,16,CPT Bryce Eldridge UTIL Jackson Chourio UTIL Casey Schmitt UTIL Heliot Ramos UTIL William Contreras UTIL Rafael Devers,,,
2079,5200579942,paco52,0,16,CPT Christian Yelich UTIL Jackson Chourio UTIL Brice Turang UTIL Luis Arraez UTIL Joey Ortiz UTIL Drew Gilbert,,,
2079,5200639682,iBFlexSin (1/4),0,16,CPT Bryce Eldridge UTIL Christian Yelich UTIL Jake Bauers UTIL Heliot Ramos UTIL William Contreras UTIL Andrew Vaughn,,,
2079,5200717731,JaserD (17/20),0,16,CPT Brice Turang UTIL Christian Yelich UTIL Luis Arraez UTIL Rafael Devers UTIL Bryce Eldridge UTIL Cooper Pratt,,,
2079,5200726727,Stephensml63 (3/3),0,16,CPT Joey Ortiz UTIL Jackson Chourio UTIL Brice Turang UTIL Christian Yelich UTIL Luis Arraez UTIL Jake Bauers,,,
2079,5200901880,1biglife (5/7),0,16,CPT Rafael Devers UTIL Brice Turang UTIL Christian Yelich UTIL Casey Schmitt UTIL Heliot Ramos UTIL Andrew Vaughn,,,
2079,5200908087,ecaras0381,0,16,CPT Rafael Devers UTIL Jackson Chourio UTIL Brice Turang UTIL Jake Bauers UTIL Heliot Ramos UTIL Cooper Pratt,,,
2079,5200934271,Richchrys24 (5/5),0,16,CPT Bryce Eldridge UTIL Brice Turang UTIL Casey Schmitt UTIL Luis Arraez UTIL William Contreras UTIL Joey Ortiz,,,
2079,5200947621,kylhub10 (18/20),0,16,CPT Rafael Devers UTIL Jackson Chourio UTIL Christian Yelich UTIL Casey Schmitt UTIL Bryce Eldridge UTIL Andrew Vaughn,,,
2079,5200948504,broncossb (16/17),0,16,CPT Rafael Devers UTIL Christian Yelich UTIL Casey Schmitt UTIL Jake Bauers UTIL Heliot Ramos UTIL Bryce Eldridge,,,
2079,5200955561,fins1348,0,16,CPT Rafael Devers UTIL Brice Turang UTIL Christian Yelich UTIL Jake Bauers UTIL Heliot Ramos UTIL Andrew Vaughn,,,
2079,5200980757,Steven21619 (2/2),0,16,CPT Brice Turang UTIL Jackson Chourio UTIL Casey Schmitt UTIL Jake Bauers UTIL Andrew Vaughn UTIL Cooper Pratt,,,
2079,5200986888,ebrown_ua (3/5),0,16,CPT Rafael Devers UTIL Jackson Chourio UTIL Jake Bauers UTIL Heliot Ramos UTIL William Contreras UTIL Bryce Eldridge,,,
2096,5200652270,Brewtown311 (1/3),0,15.5,CPT Andrew Vaughn UTIL Jackson Chourio UTIL Brice Turang UTIL Christian Yelich UTIL Casey Schmitt UTIL Cooper Pratt,,,
2096,5200710458,244horns244 (1/4),0,15.5,CPT Jake Bauers UTIL Jackson Chourio UTIL Brice Turang UTIL Casey Schmitt UTIL Bryce Eldridge UTIL Drew Gilbert,,,
2096,5200734693,sallad2015,0,15.5,CPT Andrew Vaughn UTIL Jackson Chourio UTIL Brice Turang UTIL Christian Yelich UTIL Jake Bauers UTIL Bryce Eldridge,,,
2096,5200792444,johnyacko5762 (1/3),0,15.5,CPT Jackson Chourio UTIL Brice Turang UTIL Christian Yelich UTIL Casey Schmitt UTIL Andrew Vaughn UTIL Drew Gilbert,,,
2096,5200792491,johnyacko5762 (2/3),0,15.5,CPT Jackson Chourio UTIL Brice Turang UTIL Christian Yelich UTIL Casey Schmitt UTIL Andrew Vaughn UTIL Drew Gilbert,,,
2096,5200801563,johnyacko5762 (3/3),0,15.5,CPT Jackson Chourio UTIL Brice Turang UTIL Christian Yelich UTIL Casey Schmitt UTIL Andrew Vaughn UTIL Drew Gilbert,,,
2096,5200838414,juice914,0,15.5,CPT Andrew Vaughn UTIL Brice Turang UTIL Casey Schmitt UTIL Jake Bauers UTIL Garrett Mitchell UTIL Cooper Pratt,,,
2096,5200917660,fantasyheaven (20/20),0,15.5,CPT Jake Bauers UTIL Jackson Chourio UTIL Christian Yelich UTIL Casey Schmitt UTIL Rafael Devers UTIL Drew Gilbert,,,
2096,5200937508,rams779 (1/7),0,15.5,CPT Andrew Vaughn UTIL Jackson Chourio UTIL Brice Turang UTIL Christian Yelich UTIL Jake Bauers UTIL Bryce Eldridge,,,
2096,5200959581,coolsouthernbrees (7/18),0,15.5,CPT Jackson Chourio UTIL Brice Turang UTIL Jake Bauers UTIL Heliot Ramos UTIL Garrett Mitchell UTIL Drew Gilbert,,,
2096,5200960651,420Parlay (2/6),0,15.5,CPT Andrew Vaughn UTIL Jackson Chourio UTIL Brice Turang UTIL Christian Yelich UTIL Jake Bauers UTIL Bryce Eldridge,,,
2096,5200961398,420Parlay (4/6),0,15.5,CPT Andrew Vaughn UTIL Jackson Chourio UTIL Brice Turang UTIL Christian Yelich UTIL Heliot Ramos UTIL Garrett Mitchell,,,
2096,5200961438,420Parlay (5/6),0,15.5,CPT Andrew Vaughn UTIL Jackson Chourio UTIL Brice Turang UTIL Christian Yelich UTIL Jake Bauers UTIL Bryce Eldridge,,,
2096,5200969446,420Parlay (6/6),0,15.5,CPT Andrew Vaughn UTIL Jackson Chourio UTIL Brice Turang UTIL Christian Yelich UTIL Heliot Ramos UTIL Garrett Mitchell,,,
2096,5200978404,slayeralph,0,15.5,CPT Jackson Chourio UTIL Brice Turang UTIL Christian Yelich UTIL Casey Schmitt UTIL Andrew Vaughn UTIL Drew Gilbert,,,
2096,5200987055,Aslayday (3/4),0,15.5,CPT Andrew Vaughn UTIL Jackson Chourio UTIL Brice Turang UTIL Christian Yelich UTIL Casey Schmitt UTIL Cooper Pratt,,,
2112,5200951354,coolsouthernbrees (2/18),0,15.1,CPT William Contreras UTIL Brandon Sproat UTIL Brice Turang UTIL Christian Yelich UTIL Joey Ortiz UTIL Drew Gilbert,,,
2113,5200038791,damoney8888,0,15,CPT Brice Turang UTIL Casey Schmitt UTIL Heliot Ramos UTIL Rafael Devers UTIL Garrett Mitchell UTIL Andrew Vaughn,,,
2113,5200334459,LudsBoyz,0,15,CPT Christian Yelich UTIL Brice Turang UTIL Luis Arraez UTIL Jake Bauers UTIL Rafael Devers UTIL Joey Ortiz,,,
2113,5200439158,rkjniner (2/2),0,15,CPT Bryce Eldridge UTIL Jackson Chourio UTIL Brice Turang UTIL William Contreras UTIL Rafael Devers UTIL Willy Adames,,,
2113,5200446759,DustoffXL,0,15,CPT Brice Turang UTIL Jackson Chourio UTIL Jake Bauers UTIL Rafael Devers UTIL Andrew Vaughn UTIL Cooper Pratt,,,
2113,5200481882,alk1988,0,15,CPT Brice Turang UTIL Casey Schmitt UTIL Jake Bauers UTIL Rafael Devers UTIL Bryce Eldridge UTIL Andrew Vaughn,,,
2113,5200608232,WallyGB (13/14),0,15,CPT Brice Turang UTIL Christian Yelich UTIL Jake Bauers UTIL William Contreras UTIL Willy Adames UTIL Andrew Vaughn,,,
2113,5200608433,WallyGB (14/14),0,15,CPT Brice Turang UTIL Christian Yelich UTIL Jake Bauers UTIL William Contreras UTIL Willy Adames UTIL Andrew Vaughn,,,
2113,5200614767,sisterflight (1/2),0,15,CPT Brice Turang UTIL Jackson Chourio UTIL Jake Bauers UTIL Rafael Devers UTIL Garrett Mitchell UTIL Jesus Rodriguez,,,
2113,5200756959,FantasyGod101,0,15,CPT Cooper Pratt UTIL Brice Turang UTIL Luis Arraez UTIL Rafael Devers UTIL Garrett Mitchell UTIL Joey Ortiz,,,
2113,5200862269,Caramanica,0,15,CPT William Contreras UTIL Jackson Chourio UTIL Brice Turang UTIL Casey Schmitt UTIL Rafael Devers UTIL Jesus Rodriguez,,,
2113,5200871582,levels2this,0,15,CPT Christian Yelich UTIL Brice Turang UTIL Jake Bauers UTIL William Contreras UTIL Willy Adames UTIL Andrew Vaughn,,,
2113,5200876206,juice2525 (4/4),0,15,CPT Brice Turang UTIL Jackson Chourio UTIL Christian Yelich UTIL Casey Schmitt UTIL Cooper Pratt UTIL Jesus Rodriguez,,,
2113,5200879226,jeremykarle (7/10),0,15,CPT William Contreras UTIL Jackson Chourio UTIL Brice Turang UTIL Casey Schmitt UTIL Willy Adames UTIL Cooper Pratt,,,
2113,5200914309,rayp80,0,15,CPT Brice Turang UTIL Jackson Chourio UTIL Christian Yelich UTIL Jake Bauers UTIL Cooper Pratt UTIL Jesus Rodriguez,,,
2113,5200934092,UniversalFriend (20/20),0,15,CPT Brice Turang UTIL Jackson Chourio UTIL Heliot Ramos UTIL William Contreras UTIL Andrew Vaughn UTIL Cooper Pratt,,,
2113,5200944211,Ducha23 (4/5),0,15,CPT Christian Yelich UTIL Jackson Chourio UTIL Casey Schmitt UTIL Rafael Devers UTIL Andrew Vaughn UTIL Cooper Pratt,,,
2113,5200953319,dwman34 (3/3),0,15,CPT Brice Turang UTIL Christian Yelich UTIL Luis Arraez UTIL Heliot Ramos UTIL William Contreras UTIL Joey Ortiz,,,
2113,5200960593,420Parlay (1/6),0,15,CPT Brice Turang UTIL Jackson Chourio UTIL Christian Yelich UTIL Heliot Ramos UTIL Andrew Vaughn UTIL Cooper Pratt,,,
2113,5200962218,GHROSS (11/11),0,15,CPT Christian Yelich UTIL Jackson Chourio UTIL Luis Arraez UTIL William Contreras UTIL Rafael Devers UTIL Joey Ortiz,,,
2113,5200969455,tangocash519 (2/2),0,15,CPT Joey Ortiz UTIL Jackson Chourio UTIL Brice Turang UTIL Christian Yelich UTIL Luis Arraez UTIL Rafael Devers,,,
2113,5200981592,Olympic1980,0,15,CPT Brice Turang UTIL Jackson Chourio UTIL William Contreras UTIL Rafael Devers UTIL Willy Adames UTIL Drew Gilbert,,,
2113,5200987391,ski122389,0,15,CPT Christian Yelich UTIL Luis Arraez UTIL Jake Bauers UTIL William Contreras UTIL Bryce Eldridge UTIL Joey Ortiz,,,
2113,5200988372,hyrulprince,0,15,CPT Brice Turang UTIL Jackson Chourio UTIL Christian Yelich UTIL Luis Arraez UTIL Cooper Pratt UTIL Joey Ortiz,,,
2136,5200418894,whoisjohngalt420 (20/20),0,14.5,CPT Jake Bauers UTIL Jackson Chourio UTIL Brice Turang UTIL William Contreras UTIL Bryce Eldridge UTIL Andrew Vaughn,,,
2136,5200490460,heybert711 (12/20),0,14.5,CPT Jackson Chourio UTIL Brice Turang UTIL Casey Schmitt UTIL William Contreras UTIL Andrew Vaughn UTIL Cooper Pratt,,,
2136,5200491656,jsamtoy (9/20),0,14.5,CPT Heliot Ramos UTIL Jackson Chourio UTIL William Contreras UTIL Rafael Devers UTIL Garrett Mitchell UTIL Bryce Eldridge,,,
2136,5200625354,chiller3637,0,14.5,CPT Heliot Ramos UTIL Christian Yelich UTIL Casey Schmitt UTIL William Contreras UTIL Rafael Devers UTIL Bryce Eldridge,,,
2136,5200717732,JaserD (18/20),0,14.5,CPT Jake Bauers UTIL Brice Turang UTIL Casey Schmitt UTIL Garrett Mitchell UTIL Bryce Eldridge UTIL Andrew Vaughn,,,
2136,5200833472,juice2525 (1/4),0,14.5,CPT Jackson Chourio UTIL Brice Turang UTIL Casey Schmitt UTIL Bryce Eldridge UTIL Gary Sanchez UTIL Andrew Vaughn,,,
2136,5200851530,hammer755,0,14.5,CPT Jake Bauers UTIL Jackson Chourio UTIL Casey Schmitt UTIL William Contreras UTIL Rafael Devers UTIL Cooper Pratt,,,
2136,5200869919,juice2525 (2/4),0,14.5,CPT Casey Schmitt UTIL Jackson Chourio UTIL Brice Turang UTIL Bryce Eldridge UTIL Gary Sanchez UTIL Andrew Vaughn,,,
2136,5200879899,Monkeezgrissom (1/2),0,14.5,CPT Jake Bauers UTIL Jackson Chourio UTIL Brice Turang UTIL William Contreras UTIL Bryce Eldridge UTIL Andrew Vaughn,,,
2136,5200916308,fantasyheaven (11/20),0,14.5,CPT Jake Bauers UTIL Brice Turang UTIL Casey Schmitt UTIL William Contreras UTIL Rafael Devers UTIL Andrew Vaughn,,,
2136,5200963696,DOWNCARD817,0,14.5,CPT Jackson Chourio UTIL Brice Turang UTIL Jake Bauers UTIL William Contreras UTIL Willy Adames UTIL Joey Ortiz,,,
2147,5200477329,wcs1109 (6/20),0,14.1,CPT Joey Ortiz UTIL Brandon Sproat UTIL Brice Turang UTIL Christian Yelich UTIL William Contreras UTIL Rafael Devers,,,
2147,5200785140,wano0916 (3/20),0,14.1,CPT William Contreras UTIL Brandon Sproat UTIL Brice Turang UTIL Rafael Devers UTIL Garrett Mitchell UTIL Joey Ortiz,,,
2147,5200904169,markmellgren,0,14.1,CPT Joey Ortiz UTIL Brandon Sproat UTIL Brice Turang UTIL Christian Yelich UTIL William Contreras UTIL Rafael Devers,,,
2150,5200405774,sharksbay99 (1/3),0,14,CPT Brice Turang UTIL Jackson Chourio UTIL Casey Schmitt UTIL Jake Bauers UTIL Cooper Pratt UTIL Drew Gilbert,,,
2150,5200534026,TigerLoose (1/2),0,14,CPT William Contreras UTIL Christian Yelich UTIL Luis Arraez UTIL Rafael Devers UTIL Garrett Mitchell UTIL Bryce Eldridge,,,
2150,5200739230,curly82 (11/15),0,14,CPT William Contreras UTIL Brice Turang UTIL Rafael Devers UTIL Garrett Mitchell UTIL Andrew Vaughn UTIL Jesus Rodriguez,,,
2150,5200753514,Nellie64,0,14,CPT Brice Turang UTIL Christian Yelich UTIL Luis Arraez UTIL Rafael Devers UTIL Garrett Mitchell UTIL Cooper Pratt,,,
2150,5200757285,45dojo (6/8),0,14,CPT Brice Turang UTIL Christian Yelich UTIL Jake Bauers UTIL Rafael Devers UTIL Willy Adames UTIL Cooper Pratt,,,
2150,5200850717,bhuekels,0,14,CPT Rafael Devers UTIL Jackson Chourio UTIL Brice Turang UTIL Christian Yelich UTIL Heliot Ramos UTIL Drew Gilbert,,,
2150,5200917654,fantasyheaven (14/20),0,14,CPT Christian Yelich UTIL Jackson Chourio UTIL Brice Turang UTIL Rafael Devers UTIL Bryce Eldridge UTIL Jesus Rodriguez,,,
2150,5200924546,rfharris,0,14,CPT Brice Turang UTIL Luis Arraez UTIL William Contreras UTIL Rafael Devers UTIL Garrett Mitchell UTIL Bryce Eldridge,,,
2150,5200925529,ogoaltrop,0,14,CPT William Contreras UTIL Jackson Chourio UTIL Brice Turang UTIL Rafael Devers UTIL Willy Adames UTIL Cooper Pratt,,,
2150,5200948499,broncossb (11/17),0,14,CPT Rafael Devers UTIL Jackson Chourio UTIL Christian Yelich UTIL Casey Schmitt UTIL Bryce Eldridge UTIL Drew Gilbert,,,
2150,5200962214,GHROSS (7/11),0,14,CPT Christian Yelich UTIL Brice Turang UTIL Luis Arraez UTIL William Contreras UTIL Rafael Devers UTIL Cooper Pratt,,,
2150,5200975783,namebran26 (7/8),0,14,CPT Rafael Devers UTIL Jackson Chourio UTIL Christian Yelich UTIL Casey Schmitt UTIL Garrett Mitchell UTIL Andrew Vaughn,,,
2150,5200981426,ZuluTango82 (6/7),0,14,CPT Garrett Mitchell UTIL Brice Turang UTIL Jake Bauers UTIL Rafael Devers UTIL Willy Adames UTIL Cooper Pratt,,,
2163,5200303472,txplayersoldlady67,0,13.5,CPT Casey Schmitt UTIL Jackson Chourio UTIL Brice Turang UTIL Rafael Devers UTIL Bryce Eldridge UTIL Cooper Pratt,,,
2163,5200398818,Fuzz988 (9/20),0,13.5,CPT Casey Schmitt UTIL Jackson Chourio UTIL Brice Turang UTIL Rafael Devers UTIL Bryce Eldridge UTIL Cooper Pratt,,,
2163,5200414561,Yadwen,0,13.5,CPT Jackson Chourio UTIL Brice Turang UTIL Christian Yelich UTIL Rafael Devers UTIL Andrew Vaughn UTIL Cooper Pratt,,,
2163,5200491648,jsamtoy (1/20),0,13.5,CPT Willy Adames UTIL Jackson Chourio UTIL Brice Turang UTIL Christian Yelich UTIL William Contreras UTIL Joey Ortiz,,,
2163,5200580490,harmon2121,0,13.5,CPT Jackson Chourio UTIL Brice Turang UTIL Christian Yelich UTIL Rafael Devers UTIL Andrew Vaughn UTIL Cooper Pratt,,,
2163,5200691614,kellydjk (4/4),0,13.5,CPT Jackson Chourio UTIL Garrett Mitchell UTIL Willy Adames UTIL Bryce Eldridge UTIL Gary Sanchez UTIL Eric Haase,,,
2163,5200857632,Bears7381 (1/2),0,13.5,CPT Jackson Chourio UTIL Brice Turang UTIL Heliot Ramos UTIL Garrett Mitchell UTIL Bryce Eldridge UTIL Cooper Pratt,,,
2163,5200902766,theebozzfdc (4/4),0,13.5,CPT Casey Schmitt UTIL Brice Turang UTIL Christian Yelich UTIL Heliot Ramos UTIL Rafael Devers UTIL Cooper Pratt,,,
2163,5200916310,fantasyheaven (13/20),0,13.5,CPT Jackson Chourio UTIL Brice Turang UTIL William Contreras UTIL Rafael Devers UTIL Bryce Eldridge UTIL Andrew Vaughn,,,
2163,5200917089,squeels1111 (2/2),0,13.5,CPT Jackson Chourio UTIL Brice Turang UTIL Jake Bauers UTIL Rafael Devers UTIL Bryce Eldridge UTIL Cooper Pratt,,,
2163,5200917658,fantasyheaven (18/20),0,13.5,CPT Jake Bauers UTIL Brice Turang UTIL Heliot Ramos UTIL William Contreras UTIL Rafael Devers UTIL Bryce Eldridge,,,
2163,5200917659,fantasyheaven (19/20),0,13.5,CPT Jake Bauers UTIL Brice Turang UTIL Heliot Ramos UTIL William Contreras UTIL Rafael Devers UTIL Bryce Eldridge,,,
2163,5200923381,Bimpies35,0,13.5,CPT Jake Bauers UTIL Jackson Chourio UTIL Brice Turang UTIL Rafael Devers UTIL Bryce Eldridge UTIL Cooper Pratt,,,
2163,5200953187,Rodski63,0,13.5,CPT Jackson Chourio UTIL Christian Yelich UTIL Casey Schmitt UTIL Rafael Devers UTIL Bryce Eldridge UTIL Cooper Pratt,,,
2163,5200974957,cdoggg (2/2),0,13.5,CPT Jackson Chourio UTIL Brice Turang UTIL Jake Bauers UTIL Rafael Devers UTIL Bryce Eldridge UTIL Cooper Pratt,,,
2163,5200981421,ZuluTango82 (1/7),0,13.5,CPT Andrew Vaughn UTIL Brice Turang UTIL Casey Schmitt UTIL Jake Bauers UTIL William Contreras UTIL Garrett Mitchell,,,
2163,5200982787,namebran26 (8/8),0,13.5,CPT Jackson Chourio UTIL Brice Turang UTIL Christian Yelich UTIL Rafael Devers UTIL Andrew Vaughn UTIL Cooper Pratt,,,
2163,5200984883,jgudda6 (1/2),0,13.5,CPT Jackson Chourio UTIL Brice Turang UTIL Jake Bauers UTIL Rafael Devers UTIL Bryce Eldridge UTIL Cooper Pratt,,,
2163,5200984984,jgudda6 (2/2),0,13.5,CPT Jackson Chourio UTIL Brice Turang UTIL Jake Bauers UTIL Rafael Devers UTIL Bryce Eldridge UTIL Cooper Pratt,,,
2163,5200987892,ebrown_ua (5/5),0,13.5,CPT Jackson Chourio UTIL Christian Yelich UTIL Casey Schmitt UTIL Rafael Devers UTIL Bryce Eldridge UTIL Cooper Pratt,,,
2183,5200296895,Hinkle76 (8/10),0,13,CPT Garrett Mitchell UTIL Brice Turang UTIL Christian Yelich UTIL Luis Arraez UTIL Jake Bauers UTIL Joey Ortiz,,,
2183,5200439126,BrooCroo (1/4),0,13,CPT Brice Turang UTIL Christian Yelich UTIL Luis Arraez UTIL Jake Bauers UTIL Garrett Mitchell UTIL Joey Ortiz,,,
2183,5200448171,BrooCroo (3/4),0,13,CPT Christian Yelich UTIL Brice Turang UTIL Luis Arraez UTIL Jake Bauers UTIL William Contreras UTIL Joey Ortiz,,,
2183,5200448177,BrooCroo (4/4),0,13,CPT Rafael Devers UTIL Jackson Chourio UTIL Brice Turang UTIL Christian Yelich UTIL Bryce Eldridge UTIL Andrew Vaughn,,,
2183,5200490468,heybert711 (20/20),0,13,CPT Rafael Devers UTIL Jackson Chourio UTIL Brice Turang UTIL Christian Yelich UTIL Bryce Eldridge UTIL Andrew Vaughn,,,
2183,5200641289,floydian80 (19/20),0,13,CPT Brice Turang UTIL Jackson Chourio UTIL Luis Arraez UTIL William Contreras UTIL Garrett Mitchell UTIL Joey Ortiz,,,
2183,5200662299,Manahuu,0,13,CPT Bryce Eldridge UTIL Jackson Chourio UTIL Brice Turang UTIL Casey Schmitt UTIL Rafael Devers UTIL Cooper Pratt,,,
2183,5200717733,JaserD (19/20),0,13,CPT Brice Turang UTIL Christian Yelich UTIL Jake Bauers UTIL Heliot Ramos UTIL Andrew Vaughn UTIL Joey Ortiz,,,
2183,5200739220,curly82 (1/15),0,13,CPT Brice Turang UTIL Jake Bauers UTIL William Contreras UTIL Garrett Mitchell UTIL Jesus Rodriguez UTIL Drew Gilbert,,,
2183,5200775408,maddog8,0,13,CPT Rafael Devers UTIL Jackson Chourio UTIL Brice Turang UTIL Christian Yelich UTIL Bryce Eldridge UTIL Andrew Vaughn,,,
2183,5200810886,bslovelace416,0,13,CPT Rafael Devers UTIL Jackson Chourio UTIL Brice Turang UTIL Christian Yelich UTIL Bryce Eldridge UTIL Andrew Vaughn,,,
2183,5200901817,1biglife (1/7),0,13,CPT Christian Yelich UTIL Jackson Chourio UTIL Casey Schmitt UTIL Heliot Ramos UTIL Rafael Devers UTIL Joey Ortiz,,,
2183,5200917721,achamp4real (3/7),0,13,CPT William Contreras UTIL Brice Turang UTIL Christian Yelich UTIL Jake Bauers UTIL Heliot Ramos UTIL Andrew Vaughn,,,
2183,5200930068,ballgame1881 (12/20),0,13,CPT Cooper Pratt UTIL Jackson Chourio UTIL Brice Turang UTIL Heliot Ramos UTIL William Contreras UTIL Rafael Devers,,,
2183,5200944290,Lakeworthjets,0,13,CPT Rafael Devers UTIL Brice Turang UTIL Casey Schmitt UTIL Heliot Ramos UTIL William Contreras UTIL Bryce Eldridge,,,
2183,5200947622,kylhub10 (19/20),0,13,CPT William Contreras UTIL Jackson Chourio UTIL Brice Turang UTIL Christian Yelich UTIL Willy Adames UTIL Drew Gilbert,,,
2183,5200948490,broncossb (2/17),0,13,CPT Christian Yelich UTIL Jackson Chourio UTIL Jake Bauers UTIL Heliot Ramos UTIL Rafael Devers UTIL Joey Ortiz,,,
2183,5200948493,broncossb (5/17),0,13,CPT Garrett Mitchell UTIL Brice Turang UTIL Casey Schmitt UTIL Jake Bauers UTIL Rafael Devers UTIL Andrew Vaughn,,,
2183,5200963532,tinye21,0,13,CPT Bryce Eldridge UTIL Jackson Chourio UTIL Brice Turang UTIL Christian Yelich UTIL Heliot Ramos UTIL Cooper Pratt,,,
2183,5200968704,coolsouthernbrees (16/18),0,13,CPT William Contreras UTIL Jackson Chourio UTIL Casey Schmitt UTIL Heliot Ramos UTIL Garrett Mitchell UTIL Cooper Pratt,,,
2183,5200987883,ESPCOWBOY74,0,13,CPT Brice Turang UTIL Jackson Chourio UTIL Christian Yelich UTIL William Contreras UTIL Willy Adames UTIL Drew Gilbert,,,
2204,5200418880,whoisjohngalt420 (6/20),0,12.5,CPT Andrew Vaughn UTIL Jackson Chourio UTIL Brice Turang UTIL Christian Yelich UTIL William Contreras UTIL Rafael Devers,,,
2204,5200490458,heybert711 (10/20),0,12.5,CPT Andrew Vaughn UTIL Jackson Chourio UTIL Brice Turang UTIL Christian Yelich UTIL William Contreras UTIL Rafael Devers,,,
2204,5200491650,jsamtoy (3/20),0,12.5,CPT Jake Bauers UTIL Jackson Chourio UTIL Brice Turang UTIL Heliot Ramos UTIL William Contreras UTIL Joey Ortiz,,,
2204,5200492177,theebozzfdc (2/4),0,12.5,CPT Andrew Vaughn UTIL Jackson Chourio UTIL Brice Turang UTIL Christian Yelich UTIL William Contreras UTIL Rafael Devers,,,
2204,5200516933,SpeedRacer101 (19/20),0,12.5,CPT Jackson Chourio UTIL Brice Turang UTIL Christian Yelich UTIL Casey Schmitt UTIL Cooper Pratt UTIL Drew Gilbert,,,
2204,5200785156,wano0916 (19/20),0,12.5,CPT Heliot Ramos UTIL Brice Turang UTIL Christian Yelich UTIL Casey Schmitt UTIL William Contreras UTIL Cooper Pratt,,,
2204,5200858862,jennieo0395,0,12.5,CPT Heliot Ramos UTIL Brice Turang UTIL Jake Bauers UTIL William Contreras UTIL Rafael Devers UTIL Garrett Mitchell,,,
2204,5200879529,TB247 (2/3),0,12.5,CPT Andrew Vaughn UTIL Jackson Chourio UTIL Brice Turang UTIL Christian Yelich UTIL William Contreras UTIL Rafael Devers,,,
2204,5200920768,ChaunceyM14 (1/5),0,12.5,CPT Andrew Vaughn UTIL Jackson Chourio UTIL Brice Turang UTIL Christian Yelich UTIL William Contreras UTIL Rafael Devers,,,
2204,5200920769,ChaunceyM14 (2/5),0,12.5,CPT Andrew Vaughn UTIL Jackson Chourio UTIL Brice Turang UTIL Christian Yelich UTIL William Contreras UTIL Rafael Devers,,,
2204,5200920770,ChaunceyM14 (3/5),0,12.5,CPT Andrew Vaughn UTIL Jackson Chourio UTIL Brice Turang UTIL Christian Yelich UTIL William Contreras UTIL Rafael Devers,,,
2204,5200920771,ChaunceyM14 (4/5),0,12.5,CPT Andrew Vaughn UTIL Jackson Chourio UTIL Brice Turang UTIL Christian Yelich UTIL William Contreras UTIL Rafael Devers,,,
2204,5200921073,ChaunceyM14 (5/5),0,12.5,CPT Andrew Vaughn UTIL Jackson Chourio UTIL Brice Turang UTIL Christian Yelich UTIL William Contreras UTIL Rafael Devers,,,
2204,5200969231,jeffmorris007 (19/20),0,12.5,CPT Jackson Chourio UTIL Brice Turang UTIL Jake Bauers UTIL William Contreras UTIL Rafael Devers UTIL Drew Gilbert,,,
2218,5200095191,mikesimon12345,0,12,CPT Brice Turang UTIL Jake Bauers UTIL William Contreras UTIL Rafael Devers UTIL Garrett Mitchell UTIL Willy Adames,,,
2218,5200430336,Littlebilly65 (1/2),0,12,CPT Christian Yelich UTIL Brice Turang UTIL Casey Schmitt UTIL Garrett Mitchell UTIL Willy Adames UTIL Cooper Pratt,,,
2218,5200490461,heybert711 (13/20),0,12,CPT Brice Turang UTIL Jackson Chourio UTIL Christian Yelich UTIL Rafael Devers UTIL Andrew Vaughn UTIL Cooper Pratt,,,
2218,5200495243,david1836,0,12,CPT Brice Turang UTIL Jackson Chourio UTIL Jake Bauers UTIL Rafael Devers UTIL Bryce Eldridge UTIL Cooper Pratt,,,
2218,5200516920,SpeedRacer101 (6/20),0,12,CPT Christian Yelich UTIL Jackson Chourio UTIL Brice Turang UTIL Willy Adames UTIL Bryce Eldridge UTIL Joey Ortiz,,,
2218,5200572112,aklease,0,12,CPT Christian Yelich UTIL Jackson Chourio UTIL Casey Schmitt UTIL Rafael Devers UTIL Bryce Eldridge UTIL Cooper Pratt,,,
2218,5200611750,E_Minor89,0,12,CPT Christian Yelich UTIL Jackson Chourio UTIL Brice Turang UTIL Rafael Devers UTIL Willy Adames UTIL Joey Ortiz,,,
2218,5200655272,fullerf54 (12/20),0,12,CPT Brice Turang UTIL Christian Yelich UTIL Jake Bauers UTIL Rafael Devers UTIL Bryce Eldridge UTIL Andrew Vaughn,,,
2218,5200663299,Brewtown311 (3/3),0,12,CPT Garrett Mitchell UTIL Jackson Chourio UTIL Brice Turang UTIL William Contreras UTIL Willy Adames UTIL Bryce Eldridge,,,
2218,5200764567,USMBrad14 (17/20),0,12,CPT Brice Turang UTIL Christian Yelich UTIL Heliot Ramos UTIL Rafael Devers UTIL Garrett Mitchell UTIL Andrew Vaughn,,,
2218,5200776760,Juggles513 (1/2),0,12,CPT Brice Turang UTIL Jackson Chourio UTIL Jake Bauers UTIL Rafael Devers UTIL Bryce Eldridge UTIL Cooper Pratt,,,
2218,5200776768,Juggles513 (2/2),0,12,CPT Brice Turang UTIL Jackson Chourio UTIL Jake Bauers UTIL Rafael Devers UTIL Bryce Eldridge UTIL Cooper Pratt,,,
2218,5200864009,Owart25,0,12,CPT Garrett Mitchell UTIL Jackson Chourio UTIL Brice Turang UTIL Christian Yelich UTIL Willy Adames UTIL Cooper Pratt,,,
2218,5200907338,barney_g (2/5),0,12,CPT Christian Yelich UTIL Heliot Ramos UTIL William Contreras UTIL Garrett Mitchell UTIL Bryce Eldridge UTIL Andrew Vaughn,,,
2218,5200914535,clonefan2020,0,12,CPT Brice Turang UTIL Christian Yelich UTIL Luis Arraez UTIL Rafael Devers UTIL Garrett Mitchell UTIL David Hamilton,,,
2218,5200917719,achamp4real (1/7),0,12,CPT Brice Turang UTIL Jake Bauers UTIL Heliot Ramos UTIL Rafael Devers UTIL Garrett Mitchell UTIL Bryce Eldridge,,,
2218,5200918552,thebattler33 (1/2),0,12,CPT Bryce Eldridge UTIL Jackson Chourio UTIL Brice Turang UTIL Christian Yelich UTIL Jake Bauers UTIL Drew Gilbert,,,
2218,5200922590,IamRazerAA,0,12,CPT William Contreras UTIL Brice Turang UTIL Casey Schmitt UTIL Heliot Ramos UTIL Rafael Devers UTIL Bryce Eldridge,,,
2218,5200927643,cootiie959 (1/3),0,12,CPT Brice Turang UTIL Jackson Chourio UTIL Christian Yelich UTIL Garrett Mitchell UTIL Cooper Pratt UTIL Jesus Rodriguez,,,
2218,5200930155,Bigapejaja,0,12,CPT Brice Turang UTIL Christian Yelich UTIL Heliot Ramos UTIL William Contreras UTIL Rafael Devers UTIL Andrew Vaughn,,,
2218,5200936917,scudder25,0,12,CPT Rafael Devers UTIL Jackson Chourio UTIL Brice Turang UTIL Christian Yelich UTIL Jake Bauers UTIL Drew Gilbert,,,
2218,5200940753,imnotstoppIN (1/3),0,12,CPT Brice Turang UTIL Christian Yelich UTIL Jake Bauers UTIL Heliot Ramos UTIL Rafael Devers UTIL Cooper Pratt,,,
2218,5200941063,eagle6311,0,12,CPT Brice Turang UTIL Jackson Chourio UTIL Heliot Ramos UTIL William Contreras UTIL Bryce Eldridge UTIL Cooper Pratt,,,
2218,5200948710,flashgo,0,12,CPT Christian Yelich UTIL Jackson Chourio UTIL Casey Schmitt UTIL Rafael Devers UTIL Bryce Eldridge UTIL Cooper Pratt,,,
2218,5200962211,GHROSS (4/11),0,12,CPT Christian Yelich UTIL Brice Turang UTIL Heliot Ramos UTIL William Contreras UTIL Rafael Devers UTIL Andrew Vaughn,,,
2218,5200962212,GHROSS (5/11),0,12,CPT Christian Yelich UTIL Jackson Chourio UTIL Heliot Ramos UTIL William Contreras UTIL Rafael Devers UTIL Cooper Pratt,,,
2218,5200962215,GHROSS (8/11),0,12,CPT Christian Yelich UTIL Jake Bauers UTIL Heliot Ramos UTIL William Contreras UTIL Rafael Devers UTIL Bryce Eldridge,,,
2218,5200967666,bowes1,0,12,CPT Christian Yelich UTIL Jake Bauers UTIL Heliot Ramos UTIL William Contreras UTIL Rafael Devers UTIL Bryce Eldridge,,,
2218,5200968006,drmny59,0,12,CPT Brice Turang UTIL Jackson Chourio UTIL Jake Bauers UTIL Rafael Devers UTIL Bryce Eldridge UTIL Cooper Pratt,,,
2218,5200971453,celticgirl55,0,12,CPT Christian Yelich UTIL Casey Schmitt UTIL Heliot Ramos UTIL Rafael Devers UTIL Garrett Mitchell UTIL Bryce Eldridge,,,
2218,5200973718,orange66,0,12,CPT Christian Yelich UTIL Jake Bauers UTIL Heliot Ramos UTIL William Contreras UTIL Rafael Devers UTIL Bryce Eldridge,,,
2249,5200356913,davespak,0,11.5,CPT Jake Bauers UTIL Jackson Chourio UTIL Brice Turang UTIL William Contreras UTIL Rafael Devers UTIL Cooper Pratt,,,
2249,5200418885,whoisjohngalt420 (11/20),0,11.5,CPT Jackson Chourio UTIL Brice Turang UTIL Christian Yelich UTIL Garrett Mitchell UTIL Willy Adames UTIL Joey Ortiz,,,
2249,5200491667,jsamtoy (20/20),0,11.5,CPT Jake Bauers UTIL Jackson Chourio UTIL Christian Yelich UTIL William Contreras UTIL Rafael Devers UTIL Cooper Pratt,,,
2249,5200538483,mjrlaw23 (20/20),0,11.5,CPT Jake Bauers UTIL Jackson Chourio UTIL Christian Yelich UTIL Rafael Devers UTIL Garrett Mitchell UTIL Cooper Pratt,,,
2249,5200572128,moneytrain71,0,11.5,CPT Jackson Chourio UTIL Brice Turang UTIL Christian Yelich UTIL Garrett Mitchell UTIL Willy Adames UTIL Joey Ortiz,,,
2249,5200929454,KingTerryPegula (17/20),0,11.5,CPT Jake Bauers UTIL Brice Turang UTIL Casey Schmitt UTIL William Contreras UTIL Rafael Devers UTIL Cooper Pratt,,,
2249,5200930214,Richchrys24 (1/5),0,11.5,CPT Jake Bauers UTIL Brice Turang UTIL Casey Schmitt UTIL Rafael Devers UTIL Garrett Mitchell UTIL Cooper Pratt,,,
2249,5200945121,Factors52 (4/4),0,11.5,CPT Jake Bauers UTIL Brice Turang UTIL Casey Schmitt UTIL Garrett Mitchell UTIL Bryce Eldridge UTIL Cooper Pratt,,,
2249,5200964067,Douglas1990,0,11.5,CPT Jake Bauers UTIL Jackson Chourio UTIL Christian Yelich UTIL Rafael Devers UTIL Cooper Pratt UTIL Joey Ortiz,,,
2249,5200975144,baconinyomouf,0,11.5,CPT Jackson Chourio UTIL Brice Turang UTIL Heliot Ramos UTIL William Contreras UTIL Rafael Devers UTIL Joey Ortiz,,,
2249,5200979109,j1954 (2/2),0,11.5,CPT Jackson Chourio UTIL Brice Turang UTIL Casey Schmitt UTIL Rafael Devers UTIL Bryce Eldridge UTIL Joey Ortiz,,,
2260,5200336771,HOFcity,0,11,CPT Cooper Pratt UTIL Jackson Chourio UTIL Brice Turang UTIL Christian Yelich UTIL Jake Bauers UTIL Rafael Devers,,,
2260,5200381495,lornaz,0,11,CPT Cooper Pratt UTIL Jackson Chourio UTIL Brice Turang UTIL Christian Yelich UTIL Casey Schmitt UTIL Bryce Eldridge,,,
2260,5200426774,mconfer1000,0,11,CPT Rafael Devers UTIL Jackson Chourio UTIL Brice Turang UTIL Christian Yelich UTIL Bryce Eldridge UTIL Drew Gilbert,,,
2260,5200470599,Benders59,0,11,CPT Joey Ortiz UTIL Jackson Chourio UTIL Brice Turang UTIL Christian Yelich UTIL Casey Schmitt UTIL Andrew Vaughn,,,
2260,5200472722,rsumrall (10/20),0,11,CPT Rafael Devers UTIL Jackson Chourio UTIL Brice Turang UTIL Christian Yelich UTIL Heliot Ramos UTIL Joey Ortiz,,,
2260,5200556369,JZink,0,11,CPT Christian Yelich UTIL Jackson Chourio UTIL Brice Turang UTIL Casey Schmitt UTIL Cooper Pratt UTIL Drew Gilbert,,,
2260,5200655551,Brewtown311 (2/3),0,11,CPT Cooper Pratt UTIL Jackson Chourio UTIL Brice Turang UTIL Christian Yelich UTIL Jake Bauers UTIL Rafael Devers,,,
2260,5200676166,goheelz1 (4/6),0,11,CPT Rafael Devers UTIL Jackson Chourio UTIL Brice Turang UTIL Christian Yelich UTIL Heliot Ramos UTIL Joey Ortiz,,,
2260,5200705337,madgreek895,0,11,CPT Brice Turang UTIL Christian Yelich UTIL Casey Schmitt UTIL Jake Bauers UTIL Rafael Devers UTIL Drew Gilbert,,,
2260,5200716203,BSteelz34 (3/3),0,11,CPT Cooper Pratt UTIL Jackson Chourio UTIL Brice Turang UTIL Christian Yelich UTIL Jake Bauers UTIL Rafael Devers,,,
2260,5200724196,popeyew3,0,11,CPT Rafael Devers UTIL Christian Yelich UTIL Casey Schmitt UTIL Jake Bauers UTIL William Contreras UTIL Bryce Eldridge,,,
2260,5200731943,Viggeo_Morgenstein (1/3),0,11,CPT Cooper Pratt UTIL Jackson Chourio UTIL Brice Turang UTIL Christian Yelich UTIL Jake Bauers UTIL Rafael Devers,,,
2260,5200804694,sweatymf,0,11,CPT Rafael Devers UTIL Jackson Chourio UTIL Brice Turang UTIL Jake Bauers UTIL William Contreras UTIL Cooper Pratt,,,
2260,5200807267,JVGREEK (1/2),0,11,CPT Cooper Pratt UTIL Brice Turang UTIL Christian Yelich UTIL Casey Schmitt UTIL Jake Bauers UTIL Rafael Devers,,,
2260,5200833993,Manchester5 (1/2),0,11,CPT Cooper Pratt UTIL Brice Turang UTIL Christian Yelich UTIL Casey Schmitt UTIL Jake Bauers UTIL Rafael Devers,,,
2260,5200834011,Manchester5 (2/2),0,11,CPT Bryce Eldridge UTIL Jackson Chourio UTIL Brice Turang UTIL Christian Yelich UTIL Garrett Mitchell UTIL Andrew Vaughn,,,
2260,5200894460,Qlay18,0,11,CPT Cooper Pratt UTIL Jackson Chourio UTIL Brice Turang UTIL Jake Bauers UTIL Rafael Devers UTIL Joey Ortiz,,,
2260,5200928673,mattped23,0,11,CPT Cooper Pratt UTIL Jackson Chourio UTIL Brice Turang UTIL Christian Yelich UTIL Jake Bauers UTIL Rafael Devers,,,
2260,5200933676,psully123 (4/4),0,11,CPT Cooper Pratt UTIL Jackson Chourio UTIL Brice Turang UTIL Christian Yelich UTIL Heliot Ramos UTIL William Contreras,,,
2260,5200934086,UniversalFriend (14/20),0,11,CPT Rafael Devers UTIL Jackson Chourio UTIL Brice Turang UTIL Christian Yelich UTIL Heliot Ramos UTIL Joey Ortiz,,,
2260,5200935374,stuka1945,0,11,CPT Cooper Pratt UTIL Jackson Chourio UTIL Brice Turang UTIL Christian Yelich UTIL Jake Bauers UTIL Rafael Devers,,,
2260,5200949289,Modern11 (3/4),0,11,CPT Bryce Eldridge UTIL Jackson Chourio UTIL Brice Turang UTIL Christian Yelich UTIL Jake Bauers UTIL Cooper Pratt,,,
2260,5200949290,Modern11 (4/4),0,11,CPT Cooper Pratt UTIL Jackson Chourio UTIL Brice Turang UTIL Christian Yelich UTIL Casey Schmitt UTIL Bryce Eldridge,,,
2260,5200954679,smooth12,0,11,CPT Rafael Devers UTIL Brice Turang UTIL Casey Schmitt UTIL Jake Bauers UTIL Bryce Eldridge UTIL Joey Ortiz,,,
2260,5200962217,GHROSS (10/11),0,11,CPT Christian Yelich UTIL Brice Turang UTIL William Contreras UTIL Rafael Devers UTIL Willy Adames UTIL Bryce Eldridge,,,
2260,5200975779,namebran26 (3/8),0,11,CPT Rafael Devers UTIL Brice Turang UTIL Christian Yelich UTIL Casey Schmitt UTIL Jake Bauers UTIL Cooper Pratt,,,
2260,5200983280,IAMFARKD,0,11,CPT Rafael Devers UTIL Jackson Chourio UTIL Brice Turang UTIL Casey Schmitt UTIL William Contreras UTIL Cooper Pratt,,,
2287,5200840608,pat_the_hat2 (17/20),0,10.5,CPT Drew Gilbert UTIL Jackson Chourio UTIL Brice Turang UTIL Christian Yelich UTIL Jake Bauers UTIL William Contreras,,,
2288,5200440529,foutah (5/6),0,10,CPT Garrett Mitchell UTIL Brice Turang UTIL Jake Bauers UTIL Heliot Ramos UTIL William Contreras UTIL Rafael Devers,,,
2288,5200453969,BigJRuck25,0,10,CPT Christian Yelich UTIL Jackson Chourio UTIL Brice Turang UTIL Garrett Mitchell UTIL Willy Adames UTIL Joey Ortiz,,,
2288,5200468385,TurtlePunch (2/2),0,10,CPT Brice Turang UTIL Christian Yelich UTIL Jake Bauers UTIL Rafael Devers UTIL Garrett Mitchell UTIL Andrew Vaughn,,,
2288,5200490457,heybert711 (9/20),0,10,CPT Christian Yelich UTIL Jackson Chourio UTIL William Contreras UTIL Rafael Devers UTIL Garrett Mitchell UTIL Andrew Vaughn,,,
2288,5200516922,SpeedRacer101 (8/20),0,10,CPT Garrett Mitchell UTIL Jackson Chourio UTIL Brice Turang UTIL Jake Bauers UTIL Rafael Devers UTIL Cooper Pratt,,,
2288,5200641273,floydian80 (3/20),0,10,CPT William Contreras UTIL Brice Turang UTIL Christian Yelich UTIL Jake Bauers UTIL Bryce Eldridge UTIL Andrew Vaughn,,,
2288,5200652221,fullerf54 (8/20),0,10,CPT Christian Yelich UTIL Brice Turang UTIL Jake Bauers UTIL William Contreras UTIL Bryce Eldridge UTIL Andrew Vaughn,,,
2288,5200783668,JoeNY07 (4/5),0,10,CPT William Contreras UTIL Christian Yelich UTIL Jake Bauers UTIL Heliot Ramos UTIL Rafael Devers UTIL Garrett Mitchell,,,
2288,5200785157,wano0916 (20/20),0,10,CPT William Contreras UTIL Christian Yelich UTIL Casey Schmitt UTIL Jake Bauers UTIL Rafael Devers UTIL Bryce Eldridge,,,
2288,5200846339,flair60,0,10,CPT Brice Turang UTIL Jackson Chourio UTIL Christian Yelich UTIL Rafael Devers UTIL Bryce Eldridge UTIL Drew Gilbert,,,
2288,5200926045,raveen12,0,10,CPT Rafael Devers UTIL Brice Turang UTIL Christian Yelich UTIL Heliot Ramos UTIL Garrett Mitchell UTIL Bryce Eldridge,,,
2288,5200928966,nuni0214 (2/2),0,10,CPT Christian Yelich UTIL Jackson Chourio UTIL Casey Schmitt UTIL Rafael Devers UTIL Garrett Mitchell UTIL Cooper Pratt,,,
2288,5200930063,ballgame1881 (7/20),0,10,CPT William Contreras UTIL Jackson Chourio UTIL Brice Turang UTIL Rafael Devers UTIL Garrett Mitchell UTIL Andrew Vaughn,,,
2288,5200936243,Clippy (4/8),0,10,CPT Christian Yelich UTIL Casey Schmitt UTIL Heliot Ramos UTIL William Contreras UTIL Garrett Mitchell UTIL Bryce Eldridge,,,
2288,5200945704,Clippy (6/8),0,10,CPT Christian Yelich UTIL Casey Schmitt UTIL Heliot Ramos UTIL William Contreras UTIL Garrett Mitchell UTIL Bryce Eldridge,,,
2288,5200948445,Ezilodi (11/20),0,10,CPT Garrett Mitchell UTIL Jackson Chourio UTIL Brice Turang UTIL Jake Bauers UTIL Rafael Devers UTIL Cooper Pratt,,,
2288,5200948450,Ezilodi (16/20),0,10,CPT William Contreras UTIL Jackson Chourio UTIL Christian Yelich UTIL Heliot Ramos UTIL Garrett Mitchell UTIL Cooper Pratt,,,
2288,5200955919,donedealdan,0,10,CPT Brice Turang UTIL Jackson Chourio UTIL Casey Schmitt UTIL Garrett Mitchell UTIL Bryce Eldridge UTIL Cooper Pratt,,,
2288,5200960386,coolsouthernbrees (8/18),0,10,CPT Christian Yelich UTIL Brice Turang UTIL Casey Schmitt UTIL Jake Bauers UTIL Bryce Eldridge UTIL Cooper Pratt,,,
2288,5200961465,tdowning38,0,10,CPT William Contreras UTIL Jackson Chourio UTIL Brice Turang UTIL Jake Bauers UTIL Rafael Devers UTIL Cooper Pratt,,,
2288,5200962209,GHROSS (2/11),0,10,CPT Christian Yelich UTIL Jackson Chourio UTIL William Contreras UTIL Rafael Devers UTIL Garrett Mitchell UTIL Andrew Vaughn,,,
2288,5200962210,GHROSS (3/11),0,10,CPT Christian Yelich UTIL Jackson Chourio UTIL Jake Bauers UTIL William Contreras UTIL Rafael Devers UTIL Cooper Pratt,,,
2288,5200963533,aldenkenny1,0,10,CPT Cooper Pratt UTIL Brice Turang UTIL Christian Yelich UTIL Jake Bauers UTIL Rafael Devers UTIL Bryce Eldridge,,,
2288,5200965961,boss-23,0,10,CPT William Contreras UTIL Brice Turang UTIL Jake Bauers UTIL Heliot Ramos UTIL Rafael Devers UTIL Garrett Mitchell,,,
2312,5200871961,Vtown788 (1/2),0,9.5,CPT Casey Schmitt UTIL Brice Turang UTIL Christian Yelich UTIL Jake Bauers UTIL Rafael Devers UTIL Joey Ortiz,,,
2312,5200887360,Takingchances89,0,9.5,CPT Jackson Chourio UTIL Christian Yelich UTIL Casey Schmitt UTIL William Contreras UTIL Bryce Eldridge UTIL Joey Ortiz,,,
2312,5200925567,terminator31 (7/20),0,9.5,CPT Jackson Chourio UTIL Brice Turang UTIL William Contreras UTIL Rafael Devers UTIL Garrett Mitchell UTIL Drew Gilbert,,,
2315,5200484740,Wraithfoxx,0,9,CPT Brice Turang UTIL Jackson Chourio UTIL Rafael Devers UTIL Garrett Mitchell UTIL Bryce Eldridge UTIL Cooper Pratt,,,
2315,5200651765,fullerf54 (7/20),0,9,CPT Brice Turang UTIL Christian Yelich UTIL William Contreras UTIL Garrett Mitchell UTIL Willy Adames UTIL Bryce Eldridge,,,
2315,5200691612,kellydjk (2/4),0,9,CPT Brice Turang UTIL Garrett Mitchell UTIL Willy Adames UTIL Bryce Eldridge UTIL Gary Sanchez UTIL Eric Haase,,,
2315,5200829180,gigawatt,0,9,CPT Cooper Pratt UTIL Jackson Chourio UTIL Brice Turang UTIL Christian Yelich UTIL Casey Schmitt UTIL Joey Ortiz,,,
2315,5200860251,blck90vette,0,9,CPT Brice Turang UTIL Jackson Chourio UTIL William Contreras UTIL Rafael Devers UTIL Bryce Eldridge UTIL Cooper Pratt,,,
2315,5200944219,Ducha23 (5/5),0,9,CPT Christian Yelich UTIL Brice Turang UTIL William Contreras UTIL Garrett Mitchell UTIL Willy Adames UTIL Bryce Eldridge,,,
2315,5200946444,ohairyone (1/3),0,9,CPT Brice Turang UTIL Christian Yelich UTIL Heliot Ramos UTIL William Contreras UTIL Rafael Devers UTIL Cooper Pratt,,,
2315,5200961096,420Parlay (3/6),0,9,CPT Joey Ortiz UTIL Jackson Chourio UTIL Brice Turang UTIL Christian Yelich UTIL Casey Schmitt UTIL Jake Bauers,,,
2315,5200962220,steelerforey (1/2),0,9,CPT Brice Turang UTIL Christian Yelich UTIL William Contreras UTIL Garrett Mitchell UTIL Willy Adames UTIL Bryce Eldridge,,,
2315,5200973275,MadDoggs75,0,9,CPT Joey Ortiz UTIL Jackson Chourio UTIL Brice Turang UTIL Casey Schmitt UTIL Jake Bauers UTIL William Contreras,,,
2315,5200978762,j1954 (1/2),0,9,CPT Joey Ortiz UTIL Jackson Chourio UTIL Brice Turang UTIL Christian Yelich UTIL Casey Schmitt UTIL Jake Bauers,,,
2326,5200011703,loafinit,0,8,CPT Rafael Devers UTIL Jackson Chourio UTIL Brice Turang UTIL Christian Yelich UTIL Garrett Mitchell UTIL Cooper Pratt,,,
2326,5200258605,oicu812bwr,0,8,CPT Brice Turang UTIL Jackson Chourio UTIL Christian Yelich UTIL Heliot Ramos UTIL William Contreras UTIL Drew Cavanaugh,,,
2326,5200313392,millerjt7 (4/4),0,8,CPT Joey Ortiz UTIL Jackson Chourio UTIL Brice Turang UTIL Christian Yelich UTIL Jake Bauers UTIL Bryce Eldridge,,,
2326,5200375061,jeremykarle (3/10),0,8,CPT Brice Turang UTIL Jackson Chourio UTIL Christian Yelich UTIL Casey Schmitt UTIL Cooper Pratt UTIL Joey Ortiz,,,
2326,5200398815,Fuzz988 (6/20),0,8,CPT Christian Yelich UTIL Jackson Chourio UTIL Brice Turang UTIL Casey Schmitt UTIL Cooper Pratt UTIL Joey Ortiz,,,
2326,5200490462,heybert711 (14/20),0,8,CPT Brice Turang UTIL Jackson Chourio UTIL Jake Bauers UTIL William Contreras UTIL Rafael Devers UTIL Joey Ortiz,,,
2326,5200490467,heybert711 (19/20),0,8,CPT Christian Yelich UTIL Jackson Chourio UTIL Brice Turang UTIL Rafael Devers UTIL Garrett Mitchell UTIL Drew Gilbert,,,
2326,5200825013,bohica5581,0,8,CPT William Contreras UTIL Jackson Chourio UTIL Brice Turang UTIL Christian Yelich UTIL Rafael Devers UTIL Drew Gilbert,,,
2326,5200840599,pat_the_hat2 (8/20),0,8,CPT Rafael Devers UTIL Jackson Chourio UTIL Brice Turang UTIL Christian Yelich UTIL Garrett Mitchell UTIL Cooper Pratt,,,
2326,5200867033,cwthrow24 (9/20),0,8,CPT Rafael Devers UTIL Jackson Chourio UTIL Brice Turang UTIL Christian Yelich UTIL Garrett Mitchell UTIL Cooper Pratt,,,
2326,5200906837,yanksfan941 (2/6),0,8,CPT Brice Turang UTIL Jackson Chourio UTIL Christian Yelich UTIL Rafael Devers UTIL Garrett Mitchell UTIL Drew Gilbert,,,
2326,5200923799,thebattler33 (2/2),0,8,CPT Garrett Mitchell UTIL Jackson Chourio UTIL Brice Turang UTIL Christian Yelich UTIL Bryce Eldridge UTIL Drew Gilbert,,,
2326,5200924463,sarmy03,0,8,CPT Rafael Devers UTIL Brice Turang UTIL Christian Yelich UTIL Jake Bauers UTIL Garrett Mitchell UTIL Bryce Eldridge,,,
2326,5200937084,oldfoozer,0,8,CPT Brice Turang UTIL Jackson Chourio UTIL Christian Yelich UTIL Rafael Devers UTIL Garrett Mitchell UTIL Drew Gilbert,,,
2326,5200949557,kage12,0,8,CPT William Contreras UTIL Jackson Chourio UTIL Brice Turang UTIL Christian Yelich UTIL Rafael Devers UTIL Drew Gilbert,,,
2326,5200955923,snipedanglecelly (2/3),0,8,CPT Brice Turang UTIL Jackson Chourio UTIL Casey Schmitt UTIL Rafael Devers UTIL Garrett Mitchell UTIL Joey Ortiz,,,
2326,5200975782,namebran26 (6/8),0,8,CPT Brice Turang UTIL Jackson Chourio UTIL Christian Yelich UTIL Rafael Devers UTIL Garrett Mitchell UTIL Drew Gilbert,,,
2343,5200516917,SpeedRacer101 (3/20),0,7,CPT Christian Yelich UTIL Jackson Chourio UTIL William Contreras UTIL Rafael Devers UTIL Garrett Mitchell UTIL Cooper Pratt,,,
2343,5200936519,Steven21619 (1/2),0,7,CPT Brice Turang UTIL Christian Yelich UTIL Jake Bauers UTIL Rafael Devers UTIL Garrett Mitchell UTIL Cooper Pratt,,,
2343,5200962213,GHROSS (6/11),0,7,CPT Christian Yelich UTIL Brice Turang UTIL Jake Bauers UTIL William Contreras UTIL Rafael Devers UTIL Cooper Pratt,,,
2346,5200651298,fullerf54 (6/20),0,6.5,CPT Jackson Chourio UTIL Brice Turang UTIL Christian Yelich UTIL Garrett Mitchell UTIL Bryce Eldridge UTIL Joey Ortiz,,,
2346,5200672388,ERBeck9 (1/3),0,6.5,CPT Jackson Chourio UTIL Brice Turang UTIL William Contreras UTIL Rafael Devers UTIL Garrett Mitchell UTIL Joey Ortiz,,,
2346,5200853941,coastrat69,0,6.5,CPT Jackson Chourio UTIL Brice Turang UTIL Christian Yelich UTIL Garrett Mitchell UTIL Bryce Eldridge UTIL Joey Ortiz,,,
2346,5200969222,jeffmorris007 (10/20),0,6.5,CPT Jackson Chourio UTIL Brice Turang UTIL Christian Yelich UTIL Garrett Mitchell UTIL Bryce Eldridge UTIL Joey Ortiz,,,
2350,5200929450,KingTerryPegula (13/20),0,6,CPT Christian Yelich UTIL Jackson Chourio UTIL Brice Turang UTIL William Contreras UTIL Garrett Mitchell UTIL Drew Gilbert,,,
2350,5200983591,Slugxx (2/2),0,6,CPT Christian Yelich UTIL Brice Turang UTIL Casey Schmitt UTIL Jake Bauers UTIL Garrett Mitchell UTIL Joey Ortiz,,,
2352,5200745636,shanemoore27 (19/20),0,5,CPT Brice Turang UTIL Jackson Chourio UTIL Christian Yelich UTIL William Contreras UTIL Bryce Eldridge UTIL Joey Ortiz,,,
2352,5200790067,Rosey417,0,5,CPT William Contreras UTIL Jackson Chourio UTIL Brice Turang UTIL Christian Yelich UTIL Bryce Eldridge UTIL Joey Ortiz,,,
2354,5200181315,SCrayton78 (1/2),0,0,,,,
2354,5200186200,SCrayton78 (2/2),0,0,,,,
2354,5200348458,bluefan62 (3/4),0,0,,,,
2354,5200348459,bluefan62 (4/4),0,0,,,,
2354,5200443717,JWLewis1989,0,0,,,,
2354,5200445164,slowhand1957,0,0,,,,
2354,5200476066,Lostnspace137,0,0,,,,
2354,5200494402,XonValdez,0,0,,,,
2354,5200602904,chiefrum,0,0,,,,
2354,5200639692,iBFlexSin (2/4),0,0,,,,
2354,5200647282,iBFlexSin (3/4),0,0,,,,
2354,5200647349,iBFlexSin (4/4),0,0,,,,
2354,5200651021,merolaj,0,0,,,,
2354,5200710459,244horns244 (2/4),0,0,,,,
2354,5200710460,244horns244 (3/4),0,0,,,,
2354,5200710953,244horns244 (4/4),0,0,,,,
2354,5200784741,2bchew,0,0,,,,
2354,5200794755,gohesq,0,0,,,,
2354,5200817939,riverrat304,0,0,,,,
2354,5200927576,gumlickpuk_05,0,0,,,,
2354,5200944053,cubie99,0,0,,,,
2354,5200967501,drgreen22,0,0,,,,
2354,5200967949,surfrider72 (1/3),0,0,,,,
2354,5200967950,surfrider72 (2/3),0,0,,,,
2354,5200967951,surfrider72 (3/3),0,0,,,,
