Rank,EntryId,EntryName,TimeRemaining,Points,Lineup,,Player,Roster Position,%Drafted,FPTS
1,5201453680,Timpegoose,0,166.15,1B Josh Naylor 2B Jake Cronenworth 3B Manny Machado C Cal Raleigh OF Fernando Tatis Jr. OF Dominic Canzone OF Rob Refsnyder P Gerrit Cole P Reid Detmers SS Mookie Betts,,Gavin Williams,P,43.15%,33.35
2,5201299558,20stang00,0,165.7,1B Shohei Ohtani 2B Jake Cronenworth 3B Max Muncy C Luis Campusano OF Jackson Merrill OF Gavin Sheets OF Jahmai Jones P Logan Henderson P Gavin Williams SS Xander Bogaerts,,Jake Cronenworth,2B,31.79%,2
3,5200962410,ivymoose,0,156.25,1B Shohei Ohtani 2B Romy Gonzalez 3B Weston Wilson C Cal Raleigh OF Wilyer Abreu OF Julio Rodriguez OF Rob Refsnyder P Gavin Williams P Taj Bradley SS Jeremy Pena,,Jackson Merrill,OF,29.35%,18
4,5201467630,josephel,0,153.25,1B Paul Goldschmidt 2B Jake Cronenworth 3B Max Muncy C Christian Vazquez OF Shohei Ohtani OF Jackson Merrill OF Jahmai Jones P Gerrit Cole P Gavin Williams SS Anthony Volpe,,Justin Wrobleski,P,28.85%,12.7
4,5201485042,Lord007,0,153.25,1B Paul Goldschmidt 2B Jake Cronenworth 3B Max Muncy C William Contreras OF Julio Rodriguez OF Ceddanne Rafaela OF Jackson Merrill P Gavin Williams P Taj Bradley SS Anthony Volpe,,Taj Bradley,P,27.33%,25.9
6,5201441830,bkhanlin,0,152.8,1B Paul Goldschmidt 2B Jake Cronenworth 3B Max Muncy C Dalton Rushing OF Shohei Ohtani OF Dominic Canzone OF Gavin Sheets P Logan Henderson P Jake Bennett SS Andruw Monasterio,,Michael King,P,24.39%,13.3
7,5201301046,JSANE,0,149.6,1B Willson Contreras 2B Jake Cronenworth 3B Max Muncy C Carson Kelly OF Seiya Suzuki OF Ian Happ OF Henry Bolte P Logan Henderson P Reid Detmers SS Anthony Volpe,,Ceddanne Rafaela,OF,23.97%,3
8,5201687035,bori68,0,147.65,1B Paul Goldschmidt 2B Jake Cronenworth 3B Max Muncy C Jimmy Crooks OF Shohei Ohtani OF Mike Trout OF Jackson Merrill P Gavin Williams P Gage Jump SS Anthony Volpe,,Jahmai Jones,OF,23.13%,5
9,5201448742,pandaBEAR83,0,147.25,1B Ty France 2B Jake Cronenworth 3B Max Muncy C Dalton Rushing OF Kyle Tucker OF Jackson Merrill OF Gavin Sheets P Gerrit Cole P Gavin Williams SS Xander Bogaerts,,Willson Contreras,1B,20.52%,4
10,5201701794,MikeRod,0,147.05,1B Shohei Ohtani 2B Jake Cronenworth 3B Max Muncy C Luis Campusano OF Jackson Merrill OF Luis Rengifo OF Gavin Sheets P Gavin Williams P Justin Wrobleski SS Anthony Volpe,,Romy Gonzalez,2B,19.60%,2
11,5201630297,Gronkowski69,0,146.65,1B Shohei Ohtani 2B Jake Cronenworth 3B Manny Machado C Carlos Narvaez OF Fernando Tatis Jr. OF Jackson Merrill OF Jahmai Jones P Gavin Williams P Michael King SS Xander Bogaerts,,Andruw Monasterio,SS,19.43%,2
12,5201588799,Dilbert29,0,145.7,1B Paul Goldschmidt 2B Jake Cronenworth 3B Max Muncy C Dalton Rushing OF Jackson Merrill OF Teoscar Hernandez OF Jasson Dominguez P Logan Henderson P Gavin Williams SS Anthony Volpe,,Jose Ramirez,3B,18.50%,0
13,5201182452,GQ1NYC,0,145.6,1B Ty France 2B Jake Cronenworth 3B Manny Machado C Austin Hedges OF Fernando Tatis Jr. OF Julio Rodriguez OF Jackson Merrill P Gavin Williams P Reid Detmers SS Brayan Rocchio,,Jeremy Pena,SS,16.23%,3
14,5201184294,justutah,0,145.35,1B Paul Goldschmidt 2B Tommy Edman 3B Max Muncy C Dalton Rushing OF Shohei Ohtani OF Jasson Dominguez OF Max Schuemann P Reid Detmers P Seth Lugo SS Anthony Volpe,,Manny Machado,3B,15.48%,15
15,5201572755,ryanbeck,0,144.7,1B Ty France 2B Jake Cronenworth 3B Manny Machado C Jonah Heim OF Pete Crow-Armstrong OF Jackson Merrill OF Luis Lara P Logan Henderson P Gavin Williams SS Cooper Pratt,,Jonah Heim,C,15.22%,2
16,5201490210,raiderbigal,0,144.25,1B Ty France 2B Jake Cronenworth 3B Manny Machado C Jonah Heim OF Fernando Tatis Jr. OF Jackson Merrill OF Cole Carrigg P Gerrit Cole P Gavin Williams SS Anthony Volpe,,Logan Henderson,P,14.30%,28.35
17,5201646114,loigwine,0,143.8,1B Paul Goldschmidt 2B Brice Turang 3B Amed Rosario C William Contreras OF Jackson Chourio OF Jasson Dominguez OF Luis Lara P Gerrit Cole P Taj Bradley SS Anthony Volpe,,Ty France,1B,14.05%,5
18,5201209595,hopp365,0,143.25,1B Michael Busch 2B Nico Hoerner 3B Alex Bregman C Carter Jensen OF Seiya Suzuki OF Lane Thomas OF Jahmai Jones P Gerrit Cole P Gavin Williams SS Masyn Winn,,Reid Detmers,P,14.05%,22.25
19,5201192014,otatoptroy,0,142.25,1B Josh Bell 2B Jake Cronenworth 3B Manny Machado C Victor Caratini OF Fernando Tatis Jr. OF Jackson Merrill OF Trevor Larnach P Gavin Williams P Taj Bradley SS Xander Bogaerts,,Wilyer Abreu,OF,13.54%,5
19,5201237744,Dethstar1972,0,142.25,1B Ty France 2B Nico Hoerner 3B Tommy White C Dalton Rushing OF Wilyer Abreu OF Ceddanne Rafaela OF Jackson Merrill P Gerrit Cole P Gavin Williams SS Jeremy Pena,,Caleb Durbin,3B,13.29%,8
21,5201102806,Cfw828,0,141.7,1B Michael Busch 2B Romy Gonzalez 3B Tommy White C Carlos Narvaez OF Shohei Ohtani OF Mike Trout OF Tristan Peters P Logan Henderson P Gavin Williams SS Willi Castro,,Carlos Narvaez,C,13.12%,2
22,5201230328,BrooklynsFinest55555,0,141.25,1B Ty France 2B Nico Hoerner 3B Alex Bregman C Cal Raleigh OF Julio Rodriguez OF Ceddanne Rafaela OF Teoscar Hernandez P Gerrit Cole P Gavin Williams SS Willy Adames,,Chase DeLauter,OF,12.28%,0
23,5201398416,TwinsComeInTwo,0,140.7,1B Michael Busch 2B Nico Hoerner 3B Alex Bregman C Ivan Herrera OF Seiya Suzuki OF Lars Nootbaar OF Nathan Church P Logan Henderson P Gavin Williams SS Masyn Winn,,Shohei Ohtani,OF,12.28%,28
24,5201725240,pawel41,0,140.25,1B Paul Goldschmidt 2B Jake Cronenworth 3B Caleb Durbin C Cal Raleigh OF Pete Crow-Armstrong OF Julio Rodriguez OF Jackson Merrill P Gavin Williams P Taj Bradley SS Anthony Volpe,,Fernando Tatis Jr.,OF,12.20%,21
25,5201362226,Jerrylaw,0,139.7,1B Paul Goldschmidt 2B Brice Turang 3B David Hamilton C Dalton Rushing OF Shohei Ohtani OF Steven Kwan OF Jahmai Jones P Logan Henderson P Gavin Williams SS Andruw Monasterio,,Gerrit Cole,P,11.77%,27.9
26,5201232926,bcarney710,0,139.25,1B Ty France 2B Nico Hoerner 3B Luis Rengifo C Dalton Rushing OF Andy Pages OF Julio Rodriguez OF Steven Kwan P Gerrit Cole P Logan Henderson SS Cooper Pratt,,Brayan Rocchio,SS,11.27%,2
27,5201280638,aurum48,0,139.05,1B Michael Busch 2B Nico Hoerner 3B Alex Bregman C William Contreras OF Wilyer Abreu OF Ian Happ OF Jasson Dominguez P Logan Henderson P Justin Wrobleski SS Anthony Volpe,,Pete Crow-Armstrong,OF,11.19%,2
28,5201485004,Cquick80,0,138.6,1B Ty France 2B Kody Clemens 3B Luis Rengifo C Austin Wells OF Fernando Tatis Jr. OF Seiya Suzuki OF Jackson Merrill P Gavin Williams P Reid Detmers SS Xander Bogaerts,,Max Muncy,3B,10.34%,21
29,5201443638,Coxy1664,0,138.35,1B Christian Walker 2B Jake Cronenworth 3B Caleb Durbin C Cal Raleigh OF Shohei Ohtani OF Christian Yelich OF JJ Bleday P Gerrit Cole P Jake Bennett SS Anthony Volpe,,Ivan Herrera,C,10.01%,0
30,5201381429,colbyhornet,0,138.2,1B Christian Walker 2B Jake Cronenworth 3B Isaac Paredes C Cal Raleigh OF Yordan Alvarez OF Julio Rodriguez OF Cam Smith P Gerrit Cole P Gage Jump SS Jeremy Pena,,Paul Goldschmidt,1B,9.92%,4
30,5201612261,gwbrown1956,0,138.2,1B TJ Rumfield 2B Nico Hoerner 3B Isaac Paredes C Dalton Rushing OF Yordan Alvarez OF Cole Carrigg OF Braden Montgomery P Gavin Williams P Peter Lambert SS Cooper Pratt,,Jake Bennett,P,9.84%,11.45
32,5201501539,michaelshodson,0,137.25,1B Willson Contreras 2B Romy Gonzalez 3B Caleb Durbin C Carlos Narvaez OF Shohei Ohtani OF Jackson Merrill OF Jahmai Jones P Gerrit Cole P Gavin Williams SS Xander Bogaerts,,Freddie Freeman,1B,9.42%,3
32,5201555617,jmmcvean,0,137.25,1B Ty France 2B Jake Cronenworth 3B Manny Machado C Jonah Heim OF Shohei Ohtani OF Jackson Merrill OF Jahmai Jones P Gavin Williams P Taj Bradley SS Jeremy Pena,,Steven Kwan,OF,9.34%,2
34,5201158492,KC_EMAW007,0,136.25,1B Willson Contreras 2B Romy Gonzalez 3B Tommy White C Carlos Narvaez OF Shohei Ohtani OF Wilyer Abreu OF Jackson Merrill P Gavin Williams P Taj Bradley SS Andruw Monasterio,,Trevor Larnach,OF,9.34%,2
35,5201248070,rbassett77,0,136.05,1B Josh Bell 2B Brice Turang 3B Tommy White C Victor Caratini OF Shohei Ohtani OF Garrett Mitchell OF Jahmai Jones P Gavin Williams P Justin Wrobleski SS Jeremy Pena,,Luis Rengifo,3B,9.00%,2
36,5201516869,Woods24,0,135.8,1B Ty France 2B Jake Cronenworth 3B Max Muncy C Luis Campusano OF Shohei Ohtani OF Jackson Merrill OF Gavin Sheets P Gavin Williams P Landen Roupp SS Jacob Wilson,,Dalton Rushing,C,9.00%,15
37,5201220856,jeremycuber,0,135.7,1B Alec Burleson 2B Jake Cronenworth 3B Manny Machado C Jimmy Crooks OF Shohei Ohtani OF Jackson Merrill OF Jahmai Jones P Logan Henderson P Gavin Williams SS Brayan Rocchio,,Landen Roupp,P,8.41%,-2.55
37,5201485880,skeetsmcgee,0,135.7,1B Michael Busch 2B Nico Hoerner 3B Luis Rengifo C Hunter Goodman OF Mickey Moniak OF Jake McCarthy OF Troy Johnston P Logan Henderson P Gavin Williams SS Cooper Pratt,,Kody Clemens,2B,7.99%,9
37,5201660431,marino82867,0,135.7,1B Andrew Vaughn 2B Jose Altuve 3B David Hamilton C Dalton Rushing OF Wilyer Abreu OF Christian Yelich OF Garrett Mitchell P Logan Henderson P Gavin Williams SS Cooper Pratt,,Anthony Volpe,SS,7.82%,9
40,5201737019,coreymdyson,0,135.65,1B Michael Busch 2B Jake Cronenworth 3B Alex Bregman C Jonah Heim OF Pete Crow-Armstrong OF Seiya Suzuki OF Ian Happ P Gavin Williams P Gage Jump SS Jacob Wilson,,Luis Rengifo,OF,7.74%,2
41,5201301017,CDA80,0,135.6,1B Ty France 2B Nico Hoerner 3B Alex Bregman C Ryan Jeffers OF Seiya Suzuki OF Ceddanne Rafaela OF Jackson Merrill P Justin Wrobleski P Taj Bradley SS Cooper Pratt,,Victor Caratini,C,7.65%,8
41,5201434837,ppppzl,0,135.6,1B Freddie Freeman 2B Romy Gonzalez 3B Max Muncy C Dalton Rushing OF Shohei Ohtani OF Petey Halpin OF Jahmai Jones P Gavin Williams P Reid Detmers SS Andruw Monasterio,,Nico Hoerner,2B,7.57%,16
41,5201701769,jaykluginator,0,135.6,1B Freddie Freeman 2B Romy Gonzalez 3B Max Muncy C Dalton Rushing OF Shohei Ohtani OF Petey Halpin OF Jahmai Jones P Gavin Williams P Reid Detmers SS Andruw Monasterio,,Kyle Tucker,OF,7.15%,5
44,5201321342,kreller17,0,134.7,1B Christian Walker 2B Jose Altuve 3B Isaac Paredes C Cal Raleigh OF Yordan Alvarez OF Randy Arozarena OF Dominic Canzone P Taj Bradley P Anthony Kay SS Jeremy Pena,,Andy Pages,OF,7.06%,3
45,5201258274,Keendom,0,134.25,1B Ty France 2B Jake Cronenworth 3B Jose Ramirez C Cal Raleigh OF Fernando Tatis Jr. OF Jackson Merrill OF Jahmai Jones P Gavin Williams P Taj Bradley SS Zach Neto,,Byron Buxton,OF,6.90%,0
46,5201553765,D-BO_816,0,133.65,1B Ty France 2B Jake Cronenworth 3B Manny Machado C Carlos Narvaez OF Fernando Tatis Jr. OF Seiya Suzuki OF Jackson Merrill P Logan Henderson P Michael King SS Jacob Wilson,,Jasson Dominguez,OF,6.64%,15
47,5201366749,iLoveThisHyrup,0,133.6,1B Josh Bell 2B Romy Gonzalez 3B Manny Machado C Victor Caratini OF Fernando Tatis Jr. OF Kody Clemens OF Jahmai Jones P Gavin Williams P Reid Detmers SS Jacob Wilson,,Peter Lambert,P,6.48%,13.85
48,5201153995,randomjank,0,133.25,1B Shohei Ohtani 2B Jake Cronenworth 3B Caleb Durbin C Carlos Narvaez OF Fernando Tatis Jr. OF Ceddanne Rafaela OF Jarren Duran P Gavin Williams P Taj Bradley SS Andruw Monasterio,,Seiya Suzuki,OF,6.48%,19
49,5201254786,willhays10,0,132.7,1B Shohei Ohtani 2B Jake Cronenworth 3B Tommy Edman C Dalton Rushing OF Wilyer Abreu OF Luis Rengifo OF Jahmai Jones P Logan Henderson P Gavin Williams SS Andruw Monasterio,,Alex Bregman,3B,6.39%,15
50,5201264655,iceit519,0,132.6,1B Shohei Ohtani 2B Romy Gonzalez 3B Jose Ramirez C Cal Raleigh OF Julio Rodriguez OF Trevor Larnach OF Jahmai Jones P Gavin Williams P Reid Detmers SS Andruw Monasterio,,Xander Bogaerts,SS,6.39%,9
50,5201279957,bdgblitz,0,132.6,1B Shohei Ohtani 2B Romy Gonzalez 3B Jose Ramirez C Cal Raleigh OF Julio Rodriguez OF Trevor Larnach OF Jahmai Jones P Gavin Williams P Reid Detmers SS Andruw Monasterio,,Ryan Jeffers,C,6.31%,5
50,5201350508,kevinlxd88,0,132.6,1B Shohei Ohtani 2B Romy Gonzalez 3B Jose Ramirez C Cal Raleigh OF Julio Rodriguez OF Trevor Larnach OF Jahmai Jones P Gavin Williams P Reid Detmers SS Andruw Monasterio,,Kody Clemens,OF,6.06%,9
50,5201410457,outlawpete5,0,132.6,1B Shohei Ohtani 2B Romy Gonzalez 3B Jose Ramirez C Cal Raleigh OF Julio Rodriguez OF Trevor Larnach OF Jahmai Jones P Gavin Williams P Reid Detmers SS Andruw Monasterio,,Shohei Ohtani,1B,5.89%,28
50,5201449416,mergedmerged,0,132.6,1B Shohei Ohtani 2B Romy Gonzalez 3B Jose Ramirez C Cal Raleigh OF Julio Rodriguez OF Trevor Larnach OF Jahmai Jones P Gavin Williams P Reid Detmers SS Andruw Monasterio,,Mookie Betts,SS,5.38%,5
50,5201690335,NYGIANTSFN4EVER,0,132.6,1B Shohei Ohtani 2B Romy Gonzalez 3B Jose Ramirez C Cal Raleigh OF Julio Rodriguez OF Trevor Larnach OF Jahmai Jones P Gavin Williams P Reid Detmers SS Andruw Monasterio,,Michael Busch,1B,5.30%,7
56,5201437241,vstar1300,0,132.2,1B Josh Bell 2B Cole Young 3B Manny Machado C Ivan Herrera OF Randy Arozarena OF Julio Rodriguez OF Dominic Canzone P Gerrit Cole P Michael King SS Anthony Volpe,,Austin Hedges,C,5.21%,3
57,5201458000,stiggy24,0,132.05,1B Paul Goldschmidt 2B Jake Cronenworth 3B Max Muncy C Cal Raleigh OF Wilyer Abreu OF Julio Rodriguez OF Lars Nootbaar P Gavin Williams P Justin Wrobleski SS Anthony Volpe,,Jordan Walker,OF,4.96%,0
58,5201441492,oldzcool,0,131.65,1B Paul Goldschmidt 2B Jake Cronenworth 3B Max Muncy C Victor Caratini OF Fernando Tatis Jr. OF Jackson Merrill OF Luis Rengifo P Gavin Williams P Michael King SS Anthony Volpe,,Josh Bell,1B,4.96%,8
58,5201704494,KingTerryPegula,0,131.65,1B Michael Busch 2B Nico Hoerner 3B Alex Bregman C Jonah Heim OF Pete Crow-Armstrong OF Seiya Suzuki OF Colby Thomas P Gavin Williams P Gage Jump SS Jacob Wilson,,Elly De La Cruz,SS,4.88%,0
60,5201351177,sboynton10,0,131.6,1B Ty France 2B Romy Gonzalez 3B Manny Machado C Luis Campusano OF Fernando Tatis Jr. OF Ceddanne Rafaela OF Jackson Merrill P Gavin Williams P Reid Detmers SS Andruw Monasterio,,Travis Bazzana,2B,4.88%,3
61,5201235138,ronserr,0,131.25,1B Paul Goldschmidt 2B Jake Cronenworth 3B Max Muncy C Jonah Heim OF Kody Clemens OF Trent Grisham OF Jackson Merrill P Gavin Williams P Taj Bradley SS Anthony Volpe,,Tommy Edman,2B,4.79%,12
61,5201510930,mcstuffins,0,131.25,1B Christian Walker 2B Brice Turang 3B David Hamilton C William Contreras OF Mike Trout OF Jackson Chourio OF Christian Yelich P Logan Henderson P Colin Rea SS Ezequiel Tovar,,Carter Jensen,C,4.71%,0
61,5201541062,fredericksjr,0,131.25,1B Shohei Ohtani 2B Jake Cronenworth 3B Luis Rengifo C Carson Kelly OF Ceddanne Rafaela OF Jackson Merrill OF Jahmai Jones P Gerrit Cole P Gavin Williams SS Jeremy Pena,,Lars Nootbaar,OF,4.63%,7
61,5201581408,JaserD,0,131.25,1B Josh Naylor 2B Cole Young 3B Jose Ramirez C Austin Hedges OF Randy Arozarena OF Julio Rodriguez OF Dominic Canzone P Gavin Williams P Taj Bradley SS Brayan Rocchio,,Amed Rosario,3B,4.54%,3
61,5201703112,Jessecoop9,0,131.25,1B Romy Gonzalez 2B Jake Cronenworth 3B Manny Machado C Cal Raleigh OF Shohei Ohtani OF Fernando Tatis Jr. OF Jahmai Jones P Logan Henderson P Colin Rea SS Colson Montgomery,,Jacob Wilson,SS,4.54%,10
61,5201717809,flashdog312,0,131.25,1B Ty France 2B Jake Cronenworth 3B Luis Rengifo C Jonah Heim OF Fernando Tatis Jr. OF Seiya Suzuki OF Jackson Merrill P Gavin Williams P Taj Bradley SS Jeremy Pena,,Isaac Paredes,3B,4.37%,2
67,5201206265,johnmurphy22,0,131.15,1B Freddie Freeman 2B Willi Castro 3B Max Muncy C Luis Campusano OF Kody Clemens OF David Fry OF Max Schuemann P Gavin Williams P Anthony Kay SS Masyn Winn,,Mike Trout,OF,4.29%,5
67,5201516269,CHEEZER7,0,131.15,1B Freddie Freeman 2B Nico Hoerner 3B Max Muncy C Dalton Rushing OF Andy Pages OF Michael Conforto OF Gavin Sheets P Gavin Williams P Anthony Kay SS Mookie Betts,,Luis Campusano,C,4.29%,10
69,5201446204,fjrivera2463,0,131.05,1B Jonah Heim 2B Kody Clemens 3B Caleb Durbin C Dalton Rushing OF Shohei Ohtani OF Ian Happ OF Braden Montgomery P Logan Henderson P Justin Wrobleski SS Christian Koss,,Jackson Chourio,OF,4.12%,10
70,5201674693,mello610,0,130.7,1B Willson Contreras 2B Jake Cronenworth 3B Manny Machado C Carlos Narvaez OF Fernando Tatis Jr. OF Jackson Merrill OF Jahmai Jones P Logan Henderson P Gavin Williams SS Andruw Monasterio,,Rhys Hoskins,1B,4.12%,2
71,5201226690,goofybh207,0,130.6,1B Christian Walker 2B Vaughn Grissom 3B Isaac Paredes C Luis Campusano OF Byron Buxton OF Seiya Suzuki OF Ian Happ P Justin Wrobleski P Taj Bradley SS Cooper Pratt,,JJ Wetherholt,2B,4.04%,5
72,5201322019,rsumrall,0,130.15,1B Sal Stewart 2B Vaughn Grissom 3B Ke'Bryan Hayes C Dalton Rushing OF Shohei Ohtani OF JJ Bleday OF Ivan Johnson P Taj Bradley P Reid Detmers SS Elly De La Cruz,,Jose Altuve,2B,4.04%,6
73,5201164025,usmc0369,0,130.05,1B Shohei Ohtani 2B Nico Hoerner 3B Luis Rengifo C Drew Romo OF Andy Pages OF Jackson Merrill OF Cole Carrigg P Gavin Williams P Justin Wrobleski SS Ryan Kreidler,,JJ Bleday,OF,4.04%,14
73,5201490100,tyrone4002,0,130.05,1B Tommy White 2B Jake Cronenworth 3B Manny Machado C Luis Campusano OF Fernando Tatis Jr. OF Jackson Merrill OF Chase DeLauter P Gavin Williams P Justin Wrobleski SS Brayan Rocchio,,Jake McCarthy,OF,3.95%,7
75,5201267305,Hammer74,0,129.65,1B Ty France 2B Nico Hoerner 3B Pedro Ramirez C Carson Kelly OF Pete Crow-Armstrong OF Seiya Suzuki OF Ceddanne Rafaela P Gavin Williams P Michael King SS Xander Bogaerts,,Alec Burleson,1B,3.95%,4
76,5201217384,shmeyler,0,129.25,1B Ty France 2B Jake Cronenworth 3B Jose Ramirez C William Contreras OF Fernando Tatis Jr. OF Jackson Merrill OF Steven Kwan P Gavin Williams P Taj Bradley SS Xander Bogaerts,,Cal Raleigh,C,3.87%,14
76,5201268185,NoThought,0,129.25,1B Ty France 2B Jake Cronenworth 3B Jose Ramirez C Jonah Heim OF Fernando Tatis Jr. OF Jackson Merrill OF Gavin Sheets P Gerrit Cole P Gavin Williams SS Anthony Volpe,,Cooper Pratt,SS,3.87%,16
76,5201298593,BigBucks647373,0,129.25,1B Ty France 2B Jake Cronenworth 3B Manny Machado C Carlos Narvaez OF Fernando Tatis Jr. OF Ceddanne Rafaela OF Jackson Merrill P Gerrit Cole P Gavin Williams SS Andruw Monasterio,,Gavin Sheets,OF,3.87%,11
76,5201356137,TheASSMAN1,0,129.25,1B Nathaniel Lowe 2B Brice Turang 3B Tommy White C Cal Raleigh OF Jackson Chourio OF Jake McCarthy OF Jorge Soler P Logan Henderson P Taj Bradley SS Jeremy Pena,,Yordan Alvarez,OF,3.70%,21
76,5201494746,scrub69,0,129.25,1B Paul Goldschmidt 2B Jake Cronenworth 3B Max Muncy C Jonah Heim OF Kody Clemens OF Kyle Tucker OF Jackson Merrill P Gavin Williams P Taj Bradley SS Anthony Volpe,,Ian Happ,OF,3.62%,18
81,5201530918,R-E-L-A-X,0,128.65,1B Ty France 2B Jake Cronenworth 3B Manny Machado C William Contreras OF Fernando Tatis Jr. OF Jackson Merrill OF Jahmai Jones P Gavin Williams P Michael King SS Jeremy Pena,,Colson Montgomery,SS,3.62%,0
82,5201298944,sharker311,0,128.25,1B Ty France 2B Jake Cronenworth 3B Manny Machado C Carlos Narvaez OF Fernando Tatis Jr. OF Ceddanne Rafaela OF Jackson Merrill P Gavin Williams P Taj Bradley SS Jeremy Pena,,Ryan Kreidler,SS,3.62%,3
82,5201505350,foosballr,0,128.25,1B Willson Contreras 2B Brice Turang 3B Caleb Durbin C William Contreras OF Christian Yelich OF Ceddanne Rafaela OF Jahmai Jones P Gavin Williams P Taj Bradley SS Cooper Pratt,,Anthony Kay,P,3.53%,15.8
82,5201554682,daveairforceret,0,128.25,1B Alec Burleson 2B Jake Cronenworth 3B Manny Machado C Tyler Stephenson OF Jackson Chourio OF Mickey Moniak OF Jackson Merrill P Logan Henderson P Taj Bradley SS Andruw Monasterio,,Zach Neto,SS,3.45%,10
85,5201671373,EEErhino,0,128.05,1B Freddie Freeman 2B Jake Cronenworth 3B Luis Rengifo C Dalton Rushing OF Shohei Ohtani OF Jackson Merrill OF Grant McCray P Gavin Williams P Justin Wrobleski SS Xander Bogaerts,,William Contreras,C,3.45%,13
86,5201637760,madmaxxh0h0,0,127.8,1B Ty France 2B JJ Wetherholt 3B Manny Machado C William Contreras OF Jackson Merrill OF Lars Nootbaar OF Luis Rengifo P Gerrit Cole P Taj Bradley SS Anthony Volpe,,Julio Rodriguez,OF,3.36%,24
87,5201100306,csurunnerccr,0,127.649994,1B Vinnie Pasquantino 2B Brice Turang 3B David Hamilton C Carter Jensen OF Jackson Chourio OF Lane Thomas OF Luis Lara P Gavin Williams P Michael King SS Cooper Pratt,,Cole Carrigg,OF,3.20%,11
88,5201605766,Goodfellas97,0,127.6,1B Freddie Freeman 2B Kody Clemens 3B Luis Rengifo C Victor Caratini OF Jackson Merrill OF Jasson Dominguez OF Luis Lara P Gerrit Cole P Justin Wrobleski SS Xander Bogaerts,,Masyn Winn,SS,3.03%,10
89,5201271796,PhDegen,0,127.25,1B Rhys Hoskins 2B Romy Gonzalez 3B Caleb Durbin C Victor Caratini OF Shohei Ohtani OF Wilyer Abreu OF Jahmai Jones P Gavin Williams P Taj Bradley SS Zach Neto,,Jazz Chisholm Jr.,2B,2.94%,2
89,5201509237,JONESZY9,0,127.25,1B Ty France 2B Jake Cronenworth 3B Weston Wilson C Cal Raleigh OF Yordan Alvarez OF Randy Arozarena OF Julio Rodriguez P Gerrit Cole P Gavin Williams SS Colt Emerson,,Teoscar Hernandez,OF,2.86%,0
91,5201548952,GeoffByrne,0,127.05,1B Ty France 2B Jake Cronenworth 3B Caleb Durbin C Dalton Rushing OF Shohei Ohtani OF Ceddanne Rafaela OF Jackson Merrill P Gavin Williams P Justin Wrobleski SS Andruw Monasterio,,Jac Caglianone,OF,2.86%,4
92,5201089693,JRaab,0,126.649994,1B Willson Contreras 2B Jake Cronenworth 3B Manny Machado C William Contreras OF Fernando Tatis Jr. OF Jackson Merrill OF Jahmai Jones P Gavin Williams P Michael King SS Andruw Monasterio,,Christian Yelich,OF,2.86%,7
93,5201096268,oceanrac,0,126.25,1B Andrew Vaughn 2B Willi Castro 3B Jose Ramirez C Luis Campusano OF Jake McCarthy OF Jackson Merrill OF Teoscar Hernandez P Logan Henderson P Taj Bradley SS Jacob Wilson,,Jarren Duran,OF,2.78%,8
93,5201185538,stock2mail,0,126.25,1B Michael Busch 2B Romy Gonzalez 3B Alex Bregman C Carlos Narvaez OF Pete Crow-Armstrong OF Seiya Suzuki OF Ian Happ P Gavin Williams P Taj Bradley SS Andruw Monasterio,,Austin Wells,C,2.78%,0
93,5201255973,williemac56ace,0,126.25,1B Willson Contreras 2B Romy Gonzalez 3B Caleb Durbin C Victor Caratini OF Shohei Ohtani OF Ceddanne Rafaela OF Jahmai Jones P Gavin Williams P Taj Bradley SS Anthony Volpe,,Carson Kelly,C,2.78%,9
93,5201721831,t-rexes007,0,126.25,1B Michael Busch 2B Nico Hoerner 3B Miguel Vargas C Carson Kelly OF Jackson Chourio OF Seiya Suzuki OF Christian Yelich P Logan Henderson P Colin Rea SS Anthony Volpe,,Brice Turang,2B,2.78%,13
97,5201273075,eblase,0,126.05,1B Nick Kurtz 2B Tommy Edman 3B Tommy White C Jonah Heim OF Shohei Ohtani OF Andy Pages OF Henry Bolte P Reid Detmers P Anthony Kay SS Jacob Wilson,,Luke Keaschall,OF,2.69%,3
98,5201280673,tarheel69,0,125.8,1B Romy Gonzalez 2B Nico Hoerner 3B Brooks Lee C William Contreras OF Mike Trout OF Jake McCarthy OF Cole Carrigg P Gerrit Cole P Taj Bradley SS Xander Bogaerts,,Munetaka Murakami,1B,2.52%,5
99,5201369430,rikyrotten,0,125.65,1B Christian Walker 2B Nico Hoerner 3B Jose Ramirez C Victor Caratini OF Kody Clemens OF Jackson Merrill OF Lars Nootbaar P Logan Henderson P Michael King SS Xander Bogaerts,,Sam Antonacci,OF,2.52%,0
99,5201483753,chuckface8,0,125.65,1B Shohei Ohtani 2B Jake Cronenworth 3B Manny Machado C Jonah Heim OF Fernando Tatis Jr. OF Luis Rengifo OF Jahmai Jones P Logan Henderson P Michael King SS Xander Bogaerts,,Tommy Edman,3B,2.52%,12
99,5201289098,titanhawks,0,125.649994,1B Romy Gonzalez 2B Jake Cronenworth 3B Manny Machado C William Contreras OF Fernando Tatis Jr. OF Jackson Merrill OF Jahmai Jones P Gavin Williams P Michael King SS Jeremy Pena,,Jimmy Crooks,C,2.52%,0
99,5201545781,lishad919,0,125.649994,1B Romy Gonzalez 2B Jake Cronenworth 3B Manny Machado C William Contreras OF Fernando Tatis Jr. OF Jackson Merrill OF Jahmai Jones P Gavin Williams P Michael King SS Jeremy Pena,,Lane Thomas,OF,2.35%,10
103,5201482598,Hermes2436,0,125.6,1B Ty France 2B Vaughn Grissom 3B Alex Bregman C Victor Caratini OF Andy Pages OF Mickey Moniak OF Christian Yelich P Justin Wrobleski P Taj Bradley SS Cooper Pratt,,Romy Gonzalez,1B,2.35%,2
104,5201268064,JJsBack,0,125.25,1B Michael Busch 2B Nico Hoerner 3B Alex Bregman C Ryan Jeffers OF Wilyer Abreu OF Trevor Larnach OF Jahmai Jones P Logan Henderson P Taj Bradley SS Cooper Pratt,,Petey Halpin,OF,2.35%,4
104,5201272662,mspozto,0,125.25,1B Shohei Ohtani 2B Romy Gonzalez 3B Max Muncy C Carlos Narvaez OF Andy Pages OF Ceddanne Rafaela OF Jahmai Jones P Gavin Williams P Taj Bradley SS Andruw Monasterio,,Pedro Ramirez,3B,2.27%,20
104,5201351804,Tamptrio12,0,125.25,1B Josh Bell 2B Nico Hoerner 3B Caleb Durbin C Cal Raleigh OF Jackson Chourio OF Tyler Soderstrom OF Christian Yelich P Gavin Williams P Taj Bradley SS Willy Adames,,Hunter Goodman,C,2.27%,0
104,5201587370,ZMurr72,0,125.25,1B Paul Goldschmidt 2B Jake Cronenworth 3B Max Muncy C Luis Campusano OF Pete Crow-Armstrong OF Jackson Merrill OF Isaac Collins P Gavin Williams P Taj Bradley SS Anthony Volpe,,Andrew Benintendi,OF,2.19%,3
108,5201382307,TrappistMonk,0,125.2,1B Shohei Ohtani 2B Jake Cronenworth 3B Luis Rengifo C Dalton Rushing OF Ceddanne Rafaela OF Jackson Merrill OF Jasson Dominguez P Taj Bradley P Michael King SS Jeremy Pena,,Randy Arozarena,OF,2.19%,0
109,5201691202,Amanwithoutaplan,0,125.15,1B Freddie Freeman 2B Nico Hoerner 3B Alex Bregman C Carson Kelly OF Trent Grisham OF Lane Thomas OF Jorge Soler P Gerrit Cole P Reid Detmers SS Jeremy Pena,,Tyler Soderstrom,OF,2.10%,0
110,5201238898,MSelak17,0,125.05,1B Paul Goldschmidt 2B Jake Cronenworth 3B Max Muncy C Carlos Narvaez OF Fernando Tatis Jr. OF Jackson Merrill OF Lars Nootbaar P Logan Henderson P Justin Wrobleski SS Anthony Volpe,,Willy Adames,SS,2.02%,3
111,5201711967,illone97,0,124.6,1B Paul Goldschmidt 2B Vaughn Grissom 3B Manny Machado C Carlos Narvaez OF Shohei Ohtani OF Trent Grisham OF Gavin Sheets P Justin Wrobleski P Taj Bradley SS Xander Bogaerts,,Tommy White,3B,2.02%,16
112,5201177497,pickens81,0,124.25,1B Michael Busch 2B Nico Hoerner 3B Alex Bregman C Austin Hedges OF Pete Crow-Armstrong OF Ian Happ OF Steven Kwan P Gavin Williams P Taj Bradley SS Brayan Rocchio,,Sal Stewart,3B,1.93%,0
112,5201254623,bboshea,0,124.25,1B Bryce Eldridge 2B Jake Cronenworth 3B Jose Ramirez C Austin Hedges OF Fernando Tatis Jr. OF Christian Yelich OF Lars Nootbaar P Gavin Williams P Taj Bradley SS Anthony Volpe,,Ben Rice,1B,1.85%,0
112,5201416388,TinyGiant99,0,124.25,1B Shohei Ohtani 2B Jake Cronenworth 3B Max Muncy C Jonah Heim OF Andy Pages OF Trevor Larnach OF Jahmai Jones P Gavin Williams P Taj Bradley SS Andruw Monasterio,,Trent Grisham,OF,1.85%,7
112,5201492125,Bgoebert,0,124.25,1B Romy Gonzalez 2B Jake Cronenworth 3B Max Muncy C Carlos Narvaez OF Shohei Ohtani OF Kyle Tucker OF Ceddanne Rafaela P Gavin Williams P Taj Bradley SS Andruw Monasterio,,Christian Walker,1B,1.85%,17
112,5201666874,ogremullet,0,124.25,1B Paul Goldschmidt 2B Jake Cronenworth 3B Max Muncy C Ivan Herrera OF Jac Caglianone OF Jackson Merrill OF Nathan Church P Gerrit Cole P Gavin Williams SS Anthony Volpe,,Vaughn Grissom,2B,1.85%,10
117,5201690569,Pootnami,0,124.05,1B Freddie Freeman 2B Kody Clemens 3B Max Muncy C Jonah Heim OF Jackson Merrill OF Gavin Sheets OF Jahmai Jones P Gavin Williams P Justin Wrobleski SS Anthony Volpe,,Brooks Lee,3B,1.85%,9
118,5201627229,blmartin0857,0,123.7,1B Royce Lewis 2B Jake Cronenworth 3B Brooks Lee C Connor Wong OF Byron Buxton OF Ceddanne Rafaela OF Jackson Merrill P Logan Henderson P Gavin Williams SS Dansby Swanson,,Gage Jump,P,1.77%,27.3
118,5201721396,BairIra,0,123.7,1B Freddie Freeman 2B Jake Cronenworth 3B Josh Rojas C Carter Jensen OF Shohei Ohtani OF Mike Trout OF Ivan Johnson P Logan Henderson P Gavin Williams SS Christian Koss,,Seth Lugo,P,1.77%,10.1
120,5200989982,jonchill,0,123.649994,1B Willson Contreras 2B Romy Gonzalez 3B Manny Machado C Luis Campusano OF Fernando Tatis Jr. OF Jackson Merrill OF Jahmai Jones P Gavin Williams P Michael King SS Andruw Monasterio,,Luis Arraez,2B,1.68%,5
120,5201226205,mcnasty2222,0,123.649994,1B Willson Contreras 2B Romy Gonzalez 3B Manny Machado C Luis Campusano OF Fernando Tatis Jr. OF Jackson Merrill OF Jahmai Jones P Gavin Williams P Michael King SS Andruw Monasterio,,Rafael Devers,1B,1.60%,3
120,5201293689,Dogs498,0,123.649994,1B Willson Contreras 2B Romy Gonzalez 3B Manny Machado C Luis Campusano OF Fernando Tatis Jr. OF Jackson Merrill OF Jahmai Jones P Gavin Williams P Michael King SS Andruw Monasterio,,Colin Rea,P,1.60%,15.9
120,5201441782,infantryboys,0,123.649994,1B Willson Contreras 2B Romy Gonzalez 3B Manny Machado C Luis Campusano OF Fernando Tatis Jr. OF Jackson Merrill OF Jahmai Jones P Gavin Williams P Michael King SS Andruw Monasterio,,Isaac Collins,OF,1.51%,0
120,5201552304,dreamweaver80,0,123.649994,1B Michael Busch 2B Travis Bazzana 3B Alex Bregman C Victor Caratini OF Pete Crow-Armstrong OF Ian Happ OF Michael Conforto P Gavin Williams P Gage Jump SS Brayan Rocchio,,Mickey Moniak,OF,1.43%,23
120,5201695015,BeckyBoots,0,123.649994,1B Willson Contreras 2B Jake Cronenworth 3B Manny Machado C Jonah Heim OF Fernando Tatis Jr. OF Jackson Merrill OF Jahmai Jones P Gavin Williams P Michael King SS Jacob Wilson,,Michael Massey,2B,1.43%,0
120,5201726120,Skyraptor,0,123.649994,1B Willson Contreras 2B Jake Cronenworth 3B Manny Machado C Luis Campusano OF Fernando Tatis Jr. OF Jackson Merrill OF Jahmai Jones P Gavin Williams P Michael King SS Andruw Monasterio,,Braden Montgomery,OF,1.35%,10
127,5201193688,bellsofwar3,0,123.6,1B Ty France 2B JJ Wetherholt 3B Weston Wilson C Carter Jensen OF Pete Crow-Armstrong OF Julio Rodriguez OF Dominic Canzone P Gavin Williams P Reid Detmers SS Andruw Monasterio,,Nathaniel Lowe,1B,1.35%,0
127,5201259625,salvatoregolino,0,123.6,1B Michael Busch 2B Brice Turang 3B Luis Rengifo C William Contreras OF Kody Clemens OF Jorge Soler OF Andrew Benintendi P Gavin Williams P Reid Detmers SS Xander Bogaerts,,Salvador Perez,1B,1.35%,8
127,5201363038,LucaButt,0,123.6,1B Ty France 2B Jake Cronenworth 3B Manny Machado C Austin Hedges OF Fernando Tatis Jr. OF Seiya Suzuki OF Jackson Merrill P Justin Wrobleski P Taj Bradley SS Brayan Rocchio,,Josh Rojas,3B,1.26%,9
127,5201386927,GreenTailShiner,0,123.6,1B Rhys Hoskins 2B Travis Bazzana 3B Jose Ramirez C Cal Raleigh OF Shohei Ohtani OF Chase DeLauter OF Rob Refsnyder P Gavin Williams P Reid Detmers SS J.P. Crawford,,Sal Stewart,1B,1.26%,0
131,5201413039,Ibn1031,0,123.45,1B Freddie Freeman 2B Tommy Edman 3B Max Muncy C Dalton Rushing OF Kyle Tucker OF Jasson Dominguez OF Cam Smith P Gavin Williams P Seth Lugo SS Anthony Volpe,,Jorge Soler,OF,1.26%,12
132,5201004336,andrewran,0,123.3,1B Bryce Eldridge 2B Chase Meidroth 3B Caleb Durbin C Cal Raleigh OF Fernando Tatis Jr. OF Mickey Moniak OF Jac Caglianone P Peter Lambert P Landen Roupp SS Masyn Winn,,TJ Rumfield,1B,1.26%,0
133,5201261502,halfknee,0,123.25,1B Willson Contreras 2B Romy Gonzalez 3B Caleb Durbin C William Contreras OF Jackson Chourio OF Garrett Mitchell OF Jahmai Jones P Gerrit Cole P Logan Henderson SS Cooper Pratt,,Colby Thomas,OF,1.26%,0
134,5201443909,billdog3484,0,123.2,1B Freddie Freeman 2B Tommy Edman 3B Tommy White C Jimmy Crooks OF Shohei Ohtani OF Andy Pages OF Kyle Tucker P Taj Bradley P Gage Jump SS Ryan Kreidler,,Dane Myers,OF,1.26%,12
134,5201510816,rmprescott,0,123.2,1B Willson Contreras 2B Romy Gonzalez 3B Manny Machado C Luis Campusano OF Fernando Tatis Jr. OF Jackson Merrill OF Jahmai Jones P Taj Bradley P Michael King SS Xander Bogaerts,,Vaughn Grissom,3B,1.26%,10
136,5201062519,hasco,0,122.8,1B Paul Goldschmidt 2B Nico Hoerner 3B Isaac Paredes C Victor Caratini OF Ian Happ OF Jackson Merrill OF Chase DeLauter P Gerrit Cole P Taj Bradley SS Jeremy Pena,,Logan O'Hoppe,C,1.26%,0
137,5201211184,tonemfone,0,122.649994,1B Willson Contreras 2B Romy Gonzalez 3B Manny Machado C Carlos Narvaez OF Fernando Tatis Jr. OF Jackson Merrill OF Jahmai Jones P Gavin Williams P Michael King SS Xander Bogaerts,,Jose Trevino,C,1.26%,0
137,5201220875,Tarheels3,0,122.649994,1B Ty France 2B Jake Cronenworth 3B Luis Rengifo C Carter Jensen OF Shohei Ohtani OF Jackson Merrill OF Gavin Sheets P Gavin Williams P Michael King SS Zach Neto,,Cam Smith,OF,1.26%,0
137,5201363470,Johnnyw21,0,122.649994,1B Shohei Ohtani 2B Romy Gonzalez 3B Luis Rengifo C Dalton Rushing OF Ceddanne Rafaela OF Jackson Merrill OF Jahmai Jones P Gavin Williams P Michael King SS Jeremy Pena,,Chase Meidroth,2B,1.18%,16
137,5201364019,isaacatsea,0,122.649994,1B Willson Contreras 2B Jake Cronenworth 3B Manny Machado C Jonah Heim OF Fernando Tatis Jr. OF Jackson Merrill OF Jahmai Jones P Gavin Williams P Michael King SS Xander Bogaerts,,Tristan Peters,OF,1.18%,0
141,5201729865,redbrick22,0,122.6,1B Nolan Schanuel 2B Jake Cronenworth 3B Luis Rengifo C Jonah Heim OF Shohei Ohtani OF Kody Clemens OF Jackson Merrill P Gavin Williams P Reid Detmers SS Jeremy Pena,,Michael McGreevy,P,1.18%,-12.25
142,5201196730,SkatTrak,0,122.25,1B Ty France 2B Nico Hoerner 3B Alex Bregman C Jonah Heim OF Jordan Walker OF JJ Bleday OF Cole Carrigg P Logan Henderson P Taj Bradley SS Mookie Betts,,Nick Kurtz,1B,1.18%,0
142,5201230437,chrishoops,0,122.25,1B Romy Gonzalez 2B Kody Clemens 3B Caleb Durbin C Carlos Narvaez OF Fernando Tatis Jr. OF Luke Keaschall OF Andrew Benintendi P Gerrit Cole P Gavin Williams SS Ezequiel Tovar,,Gabriel Arias,3B,1.18%,3
142,5201376760,garverx,0,122.25,1B Romy Gonzalez 2B Jake Cronenworth 3B Manny Machado C Jonah Heim OF Shohei Ohtani OF Ceddanne Rafaela OF Jahmai Jones P Gerrit Cole P Logan Henderson SS Xander Bogaerts,,Christian Koss,SS,1.09%,0
142,5201451080,jtreichert22,0,122.25,1B Freddie Freeman 2B Nico Hoerner 3B Caleb Durbin C Dalton Rushing OF Shohei Ohtani OF Yordan Alvarez OF Jac Caglianone P Jake Bennett P Anthony Kay SS Christian Koss,,Christian Vazquez,C,1.09%,5
142,5201633171,spash9,0,122.25,1B Christian Walker 2B Michael Massey 3B Josh Rojas C Carter Jensen OF Jac Caglianone OF Jackson Merrill OF Lane Thomas P Gerrit Cole P Gavin Williams SS Jeremy Pena,,Vinnie Pasquantino,1B,1.01%,0
147,5201299666,mpritchard1,0,122.2,1B Freddie Freeman 2B Jake Cronenworth 3B Max Muncy C Dalton Rushing OF Shohei Ohtani OF Lars Nootbaar OF Jahmai Jones P Taj Bradley P Michael King SS Andruw Monasterio,,Grant McCray,OF,0.93%,5
147,5201595209,Laffyville,0,122.2,1B Shohei Ohtani 2B Travis Bazzana 3B Isaac Paredes C Yainer Diaz OF Julio Rodriguez OF Lars Nootbaar OF Steven Kwan P Taj Bradley P Gage Jump SS Jeremy Pena,,Ezequiel Tovar,SS,0.93%,13
147,5201704233,funkdat21,0,122.2,1B Willson Contreras 2B JJ Wetherholt 3B Amed Rosario C Carlos Narvaez OF Julio Rodriguez OF Henry Bolte OF Jasson Dominguez P Logan Henderson P Peter Lambert SS Jacob Wilson,,Garrett Mitchell,OF,0.84%,9
150,5201666804,jasonwithaj,0,122.149994,1B Willson Contreras 2B Romy Gonzalez 3B Tommy Edman C Dalton Rushing OF Shohei Ohtani OF Wilyer Abreu OF Jahmai Jones P Gavin Williams P Anthony Kay SS Andruw Monasterio,,Drew Romo,C,0.76%,3
151,5201147337,Birdsack,0,122.05,1B Ty France 2B Vaughn Grissom 3B Manny Machado C Logan O'Hoppe OF Fernando Tatis Jr. OF Jackson Merrill OF Luis Rengifo P Logan Henderson P Justin Wrobleski SS Zach Neto,,Cole Young,2B,0.76%,5
151,5201242268,eagles995720,0,122.05,1B Willson Contreras 2B Nico Hoerner 3B Pedro Ramirez C Jimmy Crooks OF Pete Crow-Armstrong OF Ceddanne Rafaela OF Jackson Merrill P Gavin Williams P Justin Wrobleski SS Ezequiel Tovar,,Jo Adell,OF,0.76%,0
153,5201179404,the4amigos,0,122,1B Paul Goldschmidt 2B Nico Hoerner 3B Max Muncy C Jimmy Crooks OF Shohei Ohtani OF Jackson Merrill OF Teoscar Hernandez P Justin Wrobleski P Michael King SS Anthony Volpe,,Nathan Church,OF,0.76%,5
154,5201712787,sydsbengals,0,121.8,1B TJ Rumfield 2B Nico Hoerner 3B Brooks Lee C Luis Campusano OF Fernando Tatis Jr. OF Jac Caglianone OF Trent Grisham P Gavin Williams P Jake Bennett SS Masyn Winn,,Colt Emerson,SS,0.76%,0
155,5201352372,whitey1010,0,121.7,1B Munetaka Murakami 2B Jake Cronenworth 3B Weston Wilson C Ryan Jeffers OF Kody Clemens OF Jackson Merrill OF Jahmai Jones P Logan Henderson P Gavin Williams SS Cooper Pratt,,Heliot Ramos,OF,0.67%,3
156,5201711756,Moleebo,0,121.649994,1B Freddie Freeman 2B Jake Cronenworth 3B Max Muncy C Jonah Heim OF Shohei Ohtani OF Gavin Sheets OF Jahmai Jones P Gavin Williams P Michael King SS Willy Adames,,Andrew Vaughn,1B,0.67%,7
157,5201202034,Double_L,0,121.6,1B Freddie Freeman 2B Romy Gonzalez 3B Max Muncy C Carlos Narvaez OF Shohei Ohtani OF Ceddanne Rafaela OF Jahmai Jones P Gavin Williams P Reid Detmers SS Andruw Monasterio,,Willi Castro,2B,0.67%,20
157,5201513329,evangm86,0,121.6,1B Josh Bell 2B Jose Altuve 3B Caleb Durbin C Hunter Goodman OF Mickey Moniak OF Jake McCarthy OF Cole Carrigg P Justin Wrobleski P Taj Bradley SS Willi Castro,,Dominic Canzone,OF,0.67%,30
157,5201653098,AllieC22,0,121.6,1B Michael Busch 2B Nico Hoerner 3B Alex Bregman C Jonah Heim OF Kody Clemens OF Seiya Suzuki OF Andrew Benintendi P Logan Henderson P Reid Detmers SS Colson Montgomery,,Nick Loftin,3B,0.67%,7
160,5201562744,andrewp332,0,121.55,1B Romy Gonzalez 2B Brice Turang 3B Manny Machado C Jonah Heim OF Fernando Tatis Jr. OF Jackson Merrill OF Jahmai Jones P Michael King P Reid Detmers SS Zach Neto,,Ivan Johnson,OF,0.67%,15
161,5201188015,Orochi,0,121.25,1B Shohei Ohtani 2B Romy Gonzalez 3B Jose Ramirez C Jonah Heim OF Wilyer Abreu OF Jackson Merrill OF Jahmai Jones P Gavin Williams P Taj Bradley SS Andruw Monasterio,,Nolan Schanuel,1B,0.67%,3
161,5201306331,Mr.TD_AllDay,0,121.25,1B Willson Contreras 2B Jake Cronenworth 3B Luis Rengifo C Luis Campusano OF Fernando Tatis Jr. OF Ceddanne Rafaela OF Jackson Merrill P Gavin Williams P Taj Bradley SS Andruw Monasterio,,Michael Conforto,OF,0.67%,8
163,5201543168,Yunghogg_Htx,0,121.15,1B Freddie Freeman 2B Jake Cronenworth 3B Max Muncy C Carlos Narvaez OF Shohei Ohtani OF Andy Pages OF Jahmai Jones P Taj Bradley P Reid Detmers SS Xander Bogaerts,,Bryce Eldridge,1B,0.59%,16
164,5201185329,Dreak01,0,121.05,1B Shohei Ohtani 2B Jake Cronenworth 3B Amed Rosario C Luis Campusano OF Jake McCarthy OF Ian Happ OF Garrett Mitchell P Logan Henderson P Justin Wrobleski SS Willy Adames,,Miguel Vargas,3B,0.59%,5
164,5201447419,terryf20,0,121.05,1B Ty France 2B Jake Cronenworth 3B Manny Machado C Jonah Heim OF Fernando Tatis Jr. OF Jackson Chourio OF Jackson Merrill P Gavin Williams P Justin Wrobleski SS Andruw Monasterio,,David Hamilton,3B,0.59%,9
166,5201711731,BushWood_2229,0,120.8,1B Ty France 2B Jose Altuve 3B Alex Bregman C Ivan Herrera OF Shohei Ohtani OF Ian Happ OF Jung Hoo Lee P Gerrit Cole P Colin Rea SS Brayan Rocchio,,Dansby Swanson,SS,0.59%,0
167,5201654186,wwaazz,0,120.65,1B Romy Gonzalez 2B Jake Cronenworth 3B Manny Machado C William Contreras OF Fernando Tatis Jr. OF Jackson Merrill OF Jahmai Jones P Logan Henderson P Michael King SS Jeremy Pena,,Noelvi Marte,OF,0.59%,0
167,5201620533,Ta388,0,120.649994,1B Michael Busch 2B Jake Cronenworth 3B Alex Bregman C Carson Kelly OF Pete Crow-Armstrong OF Ian Happ OF Jackson Merrill P Gavin Williams P Michael King SS Willy Adames,,Weston Wilson,3B,0.50%,0
169,5201527414,jonjonlegend,0,120.6,1B Ty France 2B Jake Cronenworth 3B Manny Machado C Carson Kelly OF Fernando Tatis Jr. OF Kody Clemens OF Jackson Merrill P Justin Wrobleski P Taj Bradley SS Ryan Kreidler,,Brian Serven,C,0.50%,16
170,5201341248,Walden521,0,120.25,1B Ben Rice 2B Nico Hoerner 3B Vaughn Grissom C Jonah Heim OF Mike Trout OF Jasson Dominguez OF Steven Kwan P Gerrit Cole P Gavin Williams SS Anthony Volpe,,Jonah Heim,1B,0.50%,2
170,5201572213,bkayjac,0,120.25,1B Ty France 2B Jake Cronenworth 3B Jose Ramirez C Austin Wells OF Fernando Tatis Jr. OF Jackson Merrill OF Gavin Sheets P Gerrit Cole P Gavin Williams SS Brayan Rocchio,,Luis Lara,OF,0.50%,23
170,5201574316,Drae_Wood,0,120.25,1B Ty France 2B Jake Cronenworth 3B Luis Rengifo C Carson Kelly OF Yordan Alvarez OF Pete Crow-Armstrong OF Jackson Merrill P Gavin Williams P Taj Bradley SS Andruw Monasterio,,Jose Fermin,OF,0.50%,0
170,5201617189,retierdDoc31,0,120.25,1B Michael Busch 2B JJ Wetherholt 3B Pedro Ramirez C Jimmy Crooks OF Pete Crow-Armstrong OF Ian Happ OF Lars Nootbaar P Gavin Williams P Taj Bradley SS Andruw Monasterio,,Christian Koss,2B,0.50%,0
170,5201739746,iepfactory,0,120.25,1B Shohei Ohtani 2B Jake Cronenworth 3B Jose Ramirez C Carlos Narvaez OF Ceddanne Rafaela OF Jackson Merrill OF Jahmai Jones P Gavin Williams P Taj Bradley SS Jeremy Pena,,Rob Refsnyder,OF,0.42%,21
175,5201516848,Stackhouse5310,0,120.2,1B Ty France 2B Nico Hoerner 3B Pedro Ramirez C Carson Kelly OF Pete Crow-Armstrong OF Randy Arozarena OF Jackson Merrill P Gavin Williams P Peter Lambert SS Ryan Kreidler,,Drew Cavanaugh,C,0.42%,2
176,5201571517,thunder6186,0,120.149994,1B Freddie Freeman 2B Jake Cronenworth 3B Max Muncy C Jonah Heim OF Shohei Ohtani OF Tyler Soderstrom OF Jahmai Jones P Gavin Williams P Anthony Kay SS Jacob Wilson,,Max Schuemann,OF,0.42%,9
177,5201691671,mataeus00,0,120.05,1B Ty France 2B Travis Bazzana 3B Isaac Paredes C Cal Raleigh OF Kody Clemens OF Jackson Merrill OF JJ Bleday P Gavin Williams P Justin Wrobleski SS Anthony Volpe,,Weston Wilson,OF,0.42%,0
178,5201294310,KETTLEHEADS,0,119.9,1B Freddie Freeman 2B Tommy Edman 3B Max Muncy C Austin Hedges OF Shohei Ohtani OF Andy Pages OF Cole Carrigg P Seth Lugo P Anthony Kay SS Ezequiel Tovar,,Willi Castro,SS,0.42%,20
179,5201638205,rsanetra7,0,119.8,1B Munetaka Murakami 2B Chase Meidroth 3B Caleb Durbin C Carson Kelly OF Fernando Tatis Jr. OF Seiya Suzuki OF Isaac Collins P Logan Henderson P Jake Bennett SS Andruw Monasterio,,Taylor Trammell,OF,0.42%,0
180,5201646231,FunkyKong,0,119.7,1B Ty France 2B Nico Hoerner 3B Caleb Durbin C Ivan Herrera OF Seiya Suzuki OF Wilyer Abreu OF Ceddanne Rafaela P Logan Henderson P Gavin Williams SS Andruw Monasterio,,Henry Bolte,OF,0.42%,17
181,5201712222,jknobody,0,119.649994,1B Paul Goldschmidt 2B Jake Cronenworth 3B Manny Machado C Carter Jensen OF Fernando Tatis Jr. OF Jackson Merrill OF Gavin Sheets P Gavin Williams P Michael King SS Andruw Monasterio,,Tommy White,1B,0.42%,16
182,5201478117,PicksMcGee,0,119.6,1B Rhys Hoskins 2B Nico Hoerner 3B Amed Rosario C Jonah Heim OF Shohei Ohtani OF Seiya Suzuki OF Trevor Larnach P Justin Wrobleski P Taj Bradley SS Anthony Volpe,,Yainer Diaz,C,0.42%,0
182,5201649021,keenmachine48,0,119.6,1B Freddie Freeman 2B Jake Cronenworth 3B Max Muncy C Jonah Heim OF Shohei Ohtani OF Jackson Merrill OF Jahmai Jones P Justin Wrobleski P Taj Bradley SS Andruw Monasterio,,Luis Castillo,P,0.42%,-2.55
184,5201256382,Chitownkilla9913,0,119.25,1B Paul Goldschmidt 2B Nico Hoerner 3B Alex Bregman C Cal Raleigh OF Pete Crow-Armstrong OF Heliot Ramos OF Petey Halpin P Gavin Williams P Taj Bradley SS Brayan Rocchio,,Victor Caratini,1B,0.42%,8
184,5201483534,LetsWorkChief,0,119.25,1B Nolan Schanuel 2B Jake Cronenworth 3B Luis Rengifo C Ryan Jeffers OF Fernando Tatis Jr. OF Jackson Merrill OF Teoscar Hernandez P Gavin Williams P Taj Bradley SS Xander Bogaerts,,Oswald Peraza,2B,0.34%,2
184,5201584799,Russ99,0,119.25,1B Rhys Hoskins 2B Romy Gonzalez 3B Jose Ramirez C Carlos Narvaez OF Shohei Ohtani OF Julio Rodriguez OF Chase DeLauter P Gavin Williams P Taj Bradley SS Andruw Monasterio,,Josh Naylor,1B,0.34%,8
187,5201368027,C64SUTH,0,119.15,1B Josh Bell 2B Nico Hoerner 3B Pedro Ramirez C Ryan Jeffers OF Kody Clemens OF Ian Happ OF Trevor Larnach P Peter Lambert P Gage Jump SS Colson Montgomery,,Patrick Bailey,C,0.34%,0
188,5201732488,rrexs,0,119.05,1B Paul Goldschmidt 2B Brice Turang 3B Pedro Ramirez C Ivan Herrera OF Garrett Mitchell OF Jasson Dominguez OF Braden Montgomery P Gavin Williams P Justin Wrobleski SS Brayan Rocchio,,Edouard Julien,2B,0.34%,7
189,5201705094,DCB1,0,118.799995,1B Christian Walker 2B JJ Wetherholt 3B Gabriel Arias C Ryan Jeffers OF Byron Buxton OF Ian Happ OF JJ Bleday P Gavin Williams P Jose Franco SS Anthony Volpe,,Michael Lorenzen,P,0.34%,1.6
190,5201365106,howudewin,0,118.649994,1B Shohei Ohtani 2B Romy Gonzalez 3B Max Muncy C Carlos Narvaez OF Kody Clemens OF Ceddanne Rafaela OF Jahmai Jones P Gavin Williams P Michael King SS Andruw Monasterio,,Eugenio Suarez,3B,0.34%,0
190,5201681652,butero,0,118.649994,1B Romy Gonzalez 2B Jake Cronenworth 3B Manny Machado C Jonah Heim OF Fernando Tatis Jr. OF Ceddanne Rafaela OF Jackson Merrill P Gavin Williams P Michael King SS Xander Bogaerts,,Jung Hoo Lee,OF,0.34%,3
190,5201691169,jacks666,0,118.649994,1B Shohei Ohtani 2B Romy Gonzalez 3B Max Muncy C Carlos Narvaez OF Kody Clemens OF Ceddanne Rafaela OF Jahmai Jones P Gavin Williams P Michael King SS Andruw Monasterio,,Ke'Bryan Hayes,3B,0.25%,0
193,5201377531,Dcline3333,0,118.6,1B Ty France 2B Jake Cronenworth 3B Manny Machado C Luis Campusano OF Fernando Tatis Jr. OF Wilyer Abreu OF Ceddanne Rafaela P Gavin Williams P Reid Detmers SS Andruw Monasterio,,Troy Johnston,OF,0.25%,3
193,5201610389,wahoofreak,0,118.6,1B Paul Goldschmidt 2B Jazz Chisholm Jr. 3B Manny Machado C Luis Campusano OF Kyle Tucker OF Ceddanne Rafaela OF Jasson Dominguez P Gavin Williams P Reid Detmers SS Xander Bogaerts,,Alika Williams,SS,0.17%,0
195,5201034552,Briancohen2,0,118.25,1B Ty France 2B Jake Cronenworth 3B Tommy White C Ryan Jeffers OF Byron Buxton OF Jackson Merrill OF Gavin Sheets P Gerrit Cole P Gavin Williams SS Alika Williams,,Jake Bauers,OF,0.17%,0
195,5201257763,pearale,0,118.25,1B Shohei Ohtani 2B Jake Cronenworth 3B Jose Ramirez C Logan O'Hoppe OF Ceddanne Rafaela OF Jackson Merrill OF Jahmai Jones P Gavin Williams P Taj Bradley SS Jeremy Pena,,Zach Dezenzo,OF,0.17%,0
195,5201330151,Futterstuff,0,118.25,1B Paul Goldschmidt 2B Chase Meidroth 3B Brooks Lee C Victor Caratini OF Wilyer Abreu OF Kyle Tucker OF Jake McCarthy P Logan Henderson P Taj Bradley SS Masyn Winn,,Brady Singer,P,0.17%,0
198,5201275867,renegade,0,118.2,1B Paul Goldschmidt 2B Jazz Chisholm Jr. 3B Luis Rengifo C Luis Campusano OF Fernando Tatis Jr. OF Jackson Merrill OF Gavin Sheets P Gerrit Cole P Michael King SS Anthony Volpe,,Anthony Seigler,2B,0.17%,2
198,5201531630,JLordtree,0,118.2,1B Paul Goldschmidt 2B Jake Cronenworth 3B Max Muncy C Hunter Goodman OF Jackson Merrill OF Jasson Dominguez OF Steven Kwan P Gavin Williams P Peter Lambert SS Anthony Volpe,,Gary Sanchez,C,0.17%,0
198,5201552324,brockmj211,0,118.2,1B Ty France 2B Jazz Chisholm Jr. 3B Manny Machado C Ivan Herrera OF Fernando Tatis Jr. OF Jackson Merrill OF Luis Rengifo P Taj Bradley P Michael King SS Cooper Pratt,,Wade Meckler,OF,0.17%,0
201,5201223650,d1walker21,0,118.149994,1B Freddie Freeman 2B Jake Cronenworth 3B Max Muncy C Dalton Rushing OF Wilyer Abreu OF Jackson Merrill OF Luis Rengifo P Gavin Williams P Anthony Kay SS Jeremy Pena,,Jeff McNeil,2B,0.17%,0
202,5201223223,twm4life,0,118.05,1B Josh Bell 2B Kody Clemens 3B Max Muncy C Dalton Rushing OF Kyle Tucker OF Teoscar Hernandez OF Jahmai Jones P Gavin Williams P Justin Wrobleski SS Anthony Volpe,,Chris Sale,P,0.17%,0
202,5201505156,Catch_1,0,118.05,1B Ty France 2B Jake Cronenworth 3B Gabriel Arias C William Contreras OF Fernando Tatis Jr. OF Jackson Merrill OF Chase DeLauter P Gavin Williams P Justin Wrobleski SS Zach Neto,,Kyle Manzardo,1B,0.17%,2
202,5201612381,EL2Drac,0,118.05,1B Ty France 2B Willi Castro 3B Amed Rosario C Jose Trevino OF Pete Crow-Armstrong OF Seiya Suzuki OF Jake McCarthy P Gavin Williams P Justin Wrobleski SS Cooper Pratt,,Royce Lewis,1B,0.17%,14
202,5201721569,RedBerts,0,118.05,1B Ben Rice 2B Nico Hoerner 3B Manny Machado C Jimmy Crooks OF Yordan Alvarez OF Dane Myers OF Grant McCray P Gavin Williams P Justin Wrobleski SS Jeremy Pena,,Jose Franco,P,0.17%,14.45
206,5201398437,rrob1122,0,117.75,1B Ty France 2B Tommy Edman 3B Max Muncy C Dalton Rushing OF Ceddanne Rafaela OF Jackson Merrill OF Luis Rengifo P Peter Lambert P Taj Bradley SS Andruw Monasterio,,Nick Allen,SS,0.08%,7
207,5201666148,brucejagg,0,117.7,1B Salvador Perez 2B Kody Clemens 3B Nick Loftin C Victor Caratini OF Jac Caglianone OF Lane Thomas OF Isaac Collins P Logan Henderson P Gavin Williams SS Masyn Winn,,David Fry,OF,0.08%,0
208,5201055414,cowboys3322,0,117.649994,1B Willson Contreras 2B Romy Gonzalez 3B Caleb Durbin C Jonah Heim OF Shohei Ohtani OF Jorge Soler OF Jahmai Jones P Gavin Williams P Michael King SS Zach Neto,,Braxton Fulford,C,0.08%,0
208,5201254068,JLR1985,0,117.649994,1B Shohei Ohtani 2B Romy Gonzalez 3B Caleb Durbin C Carlos Narvaez OF Fernando Tatis Jr. OF Andy Pages OF Jahmai Jones P Gavin Williams P Michael King SS Andruw Monasterio,,Sterlin Thompson,OF,0.08%,0
210,5200941944,sportsfanatic89,0,117.6,1B Paul Goldschmidt 2B Romy Gonzalez 3B Jose Ramirez C Carlos Narvaez OF Shohei Ohtani OF Julio Rodriguez OF Chase DeLauter P Gavin Williams P Reid Detmers SS Andruw Monasterio,,Curtis Mead,2B,0.08%,0
210,5201343953,OJS52MLB,0,117.6,1B Salvador Perez 2B Nico Hoerner 3B Manny Machado C Jonah Heim OF Kody Clemens OF Seiya Suzuki OF Lane Thomas P Justin Wrobleski P Taj Bradley SS Colson Montgomery,,Jose Caballero,SS,0.08%,0
210,5201374696,MasterLaster,0,117.6,1B Paul Goldschmidt 2B Jake Cronenworth 3B Manny Machado C Austin Wells OF Fernando Tatis Jr. OF Jackson Chourio OF Jackson Merrill P Justin Wrobleski P Taj Bradley SS Xander Bogaerts,,Masataka Yoshida,OF,0.08%,5
210,5201600244,BigWilburStyle,0,117.6,1B Willson Contreras 2B Jake Cronenworth 3B Tommy White C Jonah Heim OF Shohei Ohtani OF Wilyer Abreu OF Ceddanne Rafaela P Gavin Williams P Reid Detmers SS Andruw Monasterio,,Ali Sanchez,C,0.08%,0
214,5201566817,Blackshirts21,0,117.55,1B Paul Goldschmidt 2B Brice Turang 3B Tommy White C William Contreras OF Jackson Chourio OF Christian Yelich OF Garrett Mitchell P Michael King P Reid Detmers SS Jacob Wilson,,J.P. Crawford,SS,0.08%,0
215,5201678027,kingofviper01,0,117.1,1B Ty France 2B Jake Cronenworth 3B Max Muncy C Dalton Rushing OF Shohei Ohtani OF Andy Pages OF Kyle Tucker P Michael King P Anthony Kay SS Xander Bogaerts,,Tyler Tolbert,SS,0.08%,0
216,5201259597,easton136,0,117.05,1B Ty France 2B Jake Cronenworth 3B Manny Machado C Christian Vazquez OF Yordan Alvarez OF Jackson Merrill OF Luis Rengifo P Gavin Williams P Justin Wrobleski SS Jeremy Pena,,Rodolfo Duran,C,0.08%,0
216,5201668361,DueceEmUp,0,117.05,1B Ty France 2B Jake Cronenworth 3B Manny Machado C Victor Caratini OF Kody Clemens OF Kyle Tucker OF Jackson Merrill P Gavin Williams P Justin Wrobleski SS Xander Bogaerts,,Andrew Velazquez,2B,0.08%,0
218,5201273672,capitanfuton,0,116.75,1B Ty France 2B Jake Cronenworth 3B Manny Machado C Carter Jensen OF Fernando Tatis Jr. OF Jackson Merrill OF Jahmai Jones P Gerrit Cole P Peter Lambert SS Anthony Volpe,,Justin Dean,OF,0.08%,3
219,5201734154,mzinsmaster,0,116.7,1B Paul Goldschmidt 2B Jazz Chisholm Jr. 3B Vaughn Grissom C Ivan Herrera OF Mike Trout OF Jackson Merrill OF Andrew Benintendi P Logan Henderson P Gavin Williams SS Ezequiel Tovar,,Buddy Kennedy,3B,0.08%,0
220,5201596300,Masebot_33,0,116.65,1B Ty France 2B Jake Cronenworth 3B Manny Machado C Jonah Heim OF Fernando Tatis Jr. OF Jackson Merrill OF Trevor Larnach P Logan Henderson P Michael King SS Jacob Wilson,,Nick Castellanos,OF,0.08%,0
220,5201417035,kcheros,0,116.649994,1B Willson Contreras 2B Jake Cronenworth 3B Manny Machado C Carlos Narvaez OF Fernando Tatis Jr. OF Jackson Merrill OF Jahmai Jones P Gavin Williams P Michael King SS Jeremy Pena,,Tyler Austin,1B,0.08%,0
220,5201690279,martmart78,0,116.649994,1B Willson Contreras 2B Jake Cronenworth 3B Manny Machado C Carlos Narvaez OF Fernando Tatis Jr. OF Jackson Merrill OF Jahmai Jones P Gavin Williams P Michael King SS Jeremy Pena,,Angel Genao,SS,0.08%,0
220,5201693820,joelaaay,0,116.649994,1B Willson Contreras 2B Jake Cronenworth 3B Manny Machado C Carlos Narvaez OF Fernando Tatis Jr. OF Jackson Merrill OF Jahmai Jones P Gavin Williams P Michael King SS Jeremy Pena,,Chase Petty,P,0.08%,0
220,5201734031,xseanx413x,0,116.649994,1B Willson Contreras 2B Jake Cronenworth 3B Manny Machado C Carlos Narvaez OF Fernando Tatis Jr. OF Jackson Merrill OF Jahmai Jones P Gavin Williams P Michael King SS Jeremy Pena,,Tyler Stephenson,C,0.08%,0
225,5201726643,marwalk82,0,116.6,1B Rhys Hoskins 2B Kody Clemens 3B Jose Ramirez C Carter Jensen OF Dominic Canzone OF Jorge Soler OF Jasson Dominguez P Justin Wrobleski P Taj Bradley SS Masyn Winn,,Daniel Schneemann,3B,0.08%,0
226,5201361408,John.bohannon,0,116.25,1B Jake Bauers 2B Nico Hoerner 3B Isaac Paredes C Jonah Heim OF Jordan Walker OF Jackson Chourio OF Cole Carrigg P Gavin Williams P Taj Bradley SS Cooper Pratt,,Connor Wong,C,0.08%,16
226,5201363984,D1Sparty,0,116.25,1B Willson Contreras 2B Nico Hoerner 3B Jose Ramirez C Dalton Rushing OF Ceddanne Rafaela OF Jung Hoo Lee OF Luke Keaschall P Gavin Williams P Taj Bradley SS Ezequiel Tovar,,Victor Robles,OF,0.08%,0
228,5201210506,Maxdeath,0,116.2,1B Michael Busch 2B Nico Hoerner 3B Alex Bregman C Jimmy Crooks OF Pete Crow-Armstrong OF Seiya Suzuki OF Jasson Dominguez P Taj Bradley P Michael King SS Jeremy Pena,,Caleb Ferguson,P,0.08%,4.55
229,5201265676,woodyaj16,0,116.05,1B Freddie Freeman 2B Jake Cronenworth 3B Max Muncy C Carlos Narvaez OF Shohei Ohtani OF Petey Halpin OF Jahmai Jones P Gavin Williams P Justin Wrobleski SS Mookie Betts,,Kyle Karros,3B,0.08%,0
229,5201309646,prmtme13,0,116.05,1B Ty France 2B Jake Cronenworth 3B Manny Machado C Jonah Heim OF Fernando Tatis Jr. OF Wilyer Abreu OF Jackson Merrill P Gavin Williams P Justin Wrobleski SS Andruw Monasterio,,Miguel Amaya,C,0.08%,0
229,5201643040,xXxPLOSIVE,0,116.05,1B Willson Contreras 2B Romy Gonzalez 3B Caleb Durbin C Jonah Heim OF Shohei Ohtani OF Wilyer Abreu OF Jahmai Jones P Gavin Williams P Justin Wrobleski SS Cooper Pratt,,,
232,5201512812,richgee21,0,115.7,1B Freddie Freeman 2B Jake Cronenworth 3B Max Muncy C Dalton Rushing OF Shohei Ohtani OF Kyle Tucker OF Jahmai Jones P Reid Detmers P Jake Bennett SS Ryan Kreidler,,,
233,5201240012,garryld1949,0,115.649994,1B Willson Contreras 2B Jake Cronenworth 3B Jose Ramirez C Luis Campusano OF Fernando Tatis Jr. OF Jackson Merrill OF Dane Myers P Gavin Williams P Michael King SS Andruw Monasterio,,,
233,5201384828,WHITGAR,0,115.649994,1B Freddie Freeman 2B Tommy Edman 3B Luis Rengifo C Dalton Rushing OF Shohei Ohtani OF Steven Kwan OF Jahmai Jones P Gavin Williams P Michael King SS Andruw Monasterio,,,
235,5201016358,smoothmomentum,0,115.6,1B Ty France 2B Vaughn Grissom 3B Manny Machado C Ivan Herrera OF Kody Clemens OF Seiya Suzuki OF Braden Montgomery P Justin Wrobleski P Taj Bradley SS Xander Bogaerts,,,
236,5201664248,tjtjtj101,0,115.5,1B Willson Contreras 2B Tommy Edman 3B Caleb Durbin C Dalton Rushing OF Shohei Ohtani OF Ceddanne Rafaela OF Jasson Dominguez P Justin Wrobleski P Anthony Kay SS Andruw Monasterio,,,
237,5201623242,Aoteoroa,0,115.25,1B Ty France 2B JJ Wetherholt 3B Max Muncy C Jimmy Crooks OF Ceddanne Rafaela OF Jackson Merrill OF Chase DeLauter P Gerrit Cole P Gavin Williams SS Andruw Monasterio,,,
237,5201664309,patchen2007,0,115.25,1B Freddie Freeman 2B Jake Cronenworth 3B Luis Rengifo C Luis Campusano OF Andy Pages OF Jackson Merrill OF Jasson Dominguez P Gavin Williams P Taj Bradley SS Jeremy Pena,,,
239,5201254779,joe_mac10,0,115.15,1B Josh Bell 2B Kody Clemens 3B Tommy Edman C Dalton Rushing OF Andy Pages OF Jackson Merrill OF Teoscar Hernandez P Taj Bradley P Reid Detmers SS Andruw Monasterio,,,
240,5201486111,LatinoHeatStyle,0,115.05,1B Paul Goldschmidt 2B Jake Cronenworth 3B Max Muncy C Luis Campusano OF Kody Clemens OF Ceddanne Rafaela OF Jackson Merrill P Gavin Williams P Justin Wrobleski SS Andruw Monasterio,,,
240,5201621047,Tolo666,0,115.05,1B Paul Goldschmidt 2B Jake Cronenworth 3B Max Muncy C Ryan Jeffers OF Kyle Tucker OF Jackson Merrill OF Jahmai Jones P Gavin Williams P Justin Wrobleski SS Anthony Volpe,,,
242,5201603067,Fn_Ralph,0,114.649994,1B Shohei Ohtani 2B Romy Gonzalez 3B Max Muncy C Carlos Narvaez OF Mike Trout OF Ceddanne Rafaela OF Jahmai Jones P Gavin Williams P Michael King SS Andruw Monasterio,,,
243,5201104250,jwassil28,0,114.6,1B Ty France 2B Jake Cronenworth 3B Manny Machado C Victor Caratini OF Jackson Merrill OF Cole Carrigg OF Jasson Dominguez P Gerrit Cole P Justin Wrobleski SS Elly De La Cruz,,,
243,5201408755,slicksid27,0,114.6,1B Ben Rice 2B Willi Castro 3B Isaac Paredes C Austin Wells OF Jake McCarthy OF Ian Happ OF Jackson Merrill P Gerrit Cole P Justin Wrobleski SS Anthony Volpe,,,
245,5201538319,case987,0,114.55,1B Andrew Vaughn 2B Romy Gonzalez 3B Max Muncy C William Contreras OF Jackson Chourio OF Christian Yelich OF Ceddanne Rafaela P Michael King P Reid Detmers SS Cooper Pratt,,,
246,5201222756,Gagster4469,0,114.25,1B Josh Bell 2B Brice Turang 3B Tommy White C Victor Caratini OF Byron Buxton OF Trevor Larnach OF Gavin Sheets P Logan Henderson P Taj Bradley SS Brayan Rocchio,,,
246,5201284657,swier162,0,114.25,1B Michael Busch 2B Curtis Mead 3B Pedro Ramirez C Carlos Narvaez OF Pete Crow-Armstrong OF Seiya Suzuki OF Jahmai Jones P Gavin Williams P Taj Bradley SS Dansby Swanson,,,
246,5201584837,ChiefKingdom1987,0,114.25,1B Ben Rice 2B Jake Cronenworth 3B Amed Rosario C Carter Jensen OF Julio Rodriguez OF Trent Grisham OF Jasson Dominguez P Logan Henderson P Taj Bradley SS Anthony Volpe,,,
246,5201594587,Miamilights,0,114.25,1B Willson Contreras 2B Jake Cronenworth 3B Max Muncy C Carlos Narvaez OF Andy Pages OF Ceddanne Rafaela OF Jackson Merrill P Gavin Williams P Taj Bradley SS Andruw Monasterio,,,
246,5201637234,coopjs23,0,114.25,1B Willson Contreras 2B Romy Gonzalez 3B Jose Ramirez C Victor Caratini OF Julio Rodriguez OF Steven Kwan OF Jahmai Jones P Gavin Williams P Taj Bradley SS Zach Neto,,,
251,5201220005,newyorkers4ever,0,114.2,1B Freddie Freeman 2B Tommy Edman 3B Max Muncy C Carlos Narvaez OF Shohei Ohtani OF Luis Rengifo OF Jahmai Jones P Taj Bradley P Michael King SS Andruw Monasterio,,,
251,5201686860,apenn21,0,114.2,1B Alec Burleson 2B Nico Hoerner 3B Manny Machado C Carter Jensen OF Kody Clemens OF Jasson Dominguez OF Jahmai Jones P Gerrit Cole P Michael King SS Xander Bogaerts,,,
253,5201649766,rayp80,0,114.15,1B Michael Busch 2B Nico Hoerner 3B Alex Bregman C Hunter Goodman OF Pete Crow-Armstrong OF Seiya Suzuki OF Jahmai Jones P Taj Bradley P Reid Detmers SS Andruw Monasterio,,,
254,5201247432,AdamShulman,0,114.05,1B Ty France 2B Jake Cronenworth 3B Manny Machado C Hunter Goodman OF Jake McCarthy OF Jackson Merrill OF Gavin Sheets P Gavin Williams P Justin Wrobleski SS Zach Neto,,,
254,5201298547,metzykid23,0,114.05,1B Freddie Freeman 2B Tommy Edman 3B Max Muncy C Luis Campusano OF Kyle Tucker OF Jackson Merrill OF Luis Rengifo P Reid Detmers P Anthony Kay SS Mookie Betts,,,
254,5201341121,cowboys228808,0,114.05,1B Michael Busch 2B Jake Cronenworth 3B Pedro Ramirez C Carson Kelly OF Pete Crow-Armstrong OF Seiya Suzuki OF Chase DeLauter P Gavin Williams P Justin Wrobleski SS Anthony Volpe,,,
254,5201374717,mattrix83,0,114.05,1B Paul Goldschmidt 2B Romy Gonzalez 3B Jose Ramirez C Jonah Heim OF Shohei Ohtani OF Jackson Merrill OF Jahmai Jones P Gavin Williams P Justin Wrobleski SS Anthony Volpe,,,
254,5201429530,dadsonit,0,114.05,1B Michael Busch 2B Romy Gonzalez 3B Luis Rengifo C Jonah Heim OF Fernando Tatis Jr. OF Jake McCarthy OF Jackson Merrill P Gavin Williams P Justin Wrobleski SS Xander Bogaerts,,,
254,5201552944,mikefhb1,0,114.05,1B Shohei Ohtani 2B Romy Gonzalez 3B Max Muncy C Carlos Narvaez OF Kyle Tucker OF Ceddanne Rafaela OF Jahmai Jones P Gavin Williams P Justin Wrobleski SS Andruw Monasterio,,,
260,5201266236,LuckyDog21,0,113.75,1B Michael Busch 2B Nico Hoerner 3B Manny Machado C Jonah Heim OF Pete Crow-Armstrong OF Jackson Merrill OF Cole Carrigg P Peter Lambert P Taj Bradley SS Ryan Kreidler,,,
261,5201364378,PerFectPiCk254,0,113.649994,1B Willson Contreras 2B Romy Gonzalez 3B Caleb Durbin C Victor Caratini OF Shohei Ohtani OF Ceddanne Rafaela OF Jahmai Jones P Gavin Williams P Michael King SS Anthony Volpe,,,
261,5201444815,kandah,0,113.649994,1B Michael Busch 2B Jake Cronenworth 3B Alex Bregman C Jonah Heim OF Pete Crow-Armstrong OF Seiya Suzuki OF Ian Happ P Gavin Williams P Michael King SS Andruw Monasterio,,,
263,5201225330,djdog09,0,113.6,1B Freddie Freeman 2B Tommy Edman 3B Max Muncy C Dalton Rushing OF Chase DeLauter OF Colby Thomas OF Jahmai Jones P Gavin Williams P Reid Detmers SS Brayan Rocchio,,,
263,5201294228,bck4gators,0,113.6,1B Willson Contreras 2B Romy Gonzalez 3B Manny Machado C Carlos Narvaez OF Wilyer Abreu OF Ceddanne Rafaela OF Jackson Merrill P Gavin Williams P Reid Detmers SS Xander Bogaerts,,,
263,5201305905,dcprior2000,0,113.6,1B Ty France 2B Jake Cronenworth 3B Manny Machado C Jonah Heim OF Fernando Tatis Jr. OF Jackson Merrill OF Colby Thomas P Gerrit Cole P Justin Wrobleski SS Jacob Wilson,,,
263,5201439359,comegetsome9,0,113.6,1B Rafael Devers 2B Brice Turang 3B Luis Rengifo C William Contreras OF Jackson Chourio OF Christian Yelich OF Gavin Sheets P Justin Wrobleski P Taj Bradley SS Cooper Pratt,,,
267,5201696343,ATR27,0,113.35,1B Freddie Freeman 2B Tommy Edman 3B Max Muncy C Dalton Rushing OF Shohei Ohtani OF Petey Halpin OF Jahmai Jones P Taj Bradley P Landen Roupp SS Andruw Monasterio,,,
268,5201191929,bell267ben,0,113.25,1B Romy Gonzalez 2B Jake Cronenworth 3B Jose Ramirez C Carlos Narvaez OF Shohei Ohtani OF Jackson Merrill OF Chase DeLauter P Gavin Williams P Taj Bradley SS Brayan Rocchio,,,
268,5201244531,rhemix,0,113.25,1B Willson Contreras 2B Jake Cronenworth 3B Luis Rengifo C Austin Wells OF Fernando Tatis Jr. OF Ceddanne Rafaela OF Jackson Merrill P Gerrit Cole P Gavin Williams SS Andruw Monasterio,,,
268,5201337474,anthonyplaygolf,0,113.25,1B Romy Gonzalez 2B Jake Cronenworth 3B Jose Ramirez C Carlos Narvaez OF Shohei Ohtani OF Jackson Merrill OF Chase DeLauter P Gavin Williams P Taj Bradley SS Brayan Rocchio,,,
268,5201503012,chelterbrand,0,113.25,1B Ty France 2B Vaughn Grissom 3B Alex Bregman C Ivan Herrera OF Trevor Larnach OF Jasson Dominguez OF Steven Kwan P Gerrit Cole P Gavin Williams SS Jeremy Pena,,,
268,5201600960,mearsheimer,0,113.25,1B Willson Contreras 2B Vaughn Grissom 3B Nick Loftin C Ivan Herrera OF Andy Pages OF Jasson Dominguez OF Luis Rengifo P Gerrit Cole P Logan Henderson SS Cooper Pratt,,,
273,5201164209,mk18_18-BB,0,113.2,1B Christian Walker 2B Nico Hoerner 3B Luis Rengifo C Luis Campusano OF Pete Crow-Armstrong OF Lars Nootbaar OF Jasson Dominguez P Gerrit Cole P Michael King SS Jeremy Pena,,,
274,5201221769,4prongdigger,0,113.15,1B Freddie Freeman 2B Tommy Edman 3B Manny Machado C Dalton Rushing OF Kyle Tucker OF Jackson Merrill OF Luis Rengifo P Reid Detmers P Colin Rea SS Mookie Betts,,,
274,5201718365,maddawg40,0,113.15,1B Willson Contreras 2B Vaughn Grissom 3B Caleb Durbin C Hunter Goodman OF Mickey Moniak OF Jake McCarthy OF Cole Carrigg P Taj Bradley P Reid Detmers SS Andruw Monasterio,,,
276,5201193101,maccat33,0,113.05,1B Willson Contreras 2B Nico Hoerner 3B Pedro Ramirez C Carlos Narvaez OF Pete Crow-Armstrong OF Seiya Suzuki OF Luis Rengifo P Gavin Williams P Justin Wrobleski SS Andruw Monasterio,,,
276,5201547313,nuthouse312,0,113.05,1B Shohei Ohtani 2B Jake Cronenworth 3B Jose Ramirez C Jonah Heim OF Ceddanne Rafaela OF Jackson Merrill OF Jahmai Jones P Gavin Williams P Justin Wrobleski SS Xander Bogaerts,,,
276,5201699136,Hilvon,0,113.05,1B Willson Contreras 2B Jake Cronenworth 3B Caleb Durbin C Dalton Rushing OF Shohei Ohtani OF Ceddanne Rafaela OF Jahmai Jones P Gavin Williams P Justin Wrobleski SS Andruw Monasterio,,,
279,5201536966,7Mary3,0,112.8,1B Josh Bell 2B Nico Hoerner 3B Jose Ramirez C Victor Caratini OF Byron Buxton OF Jasson Dominguez OF Steven Kwan P Gerrit Cole P Taj Bradley SS Masyn Winn,,,
280,5201679701,coachp17,0,112.75,1B Shohei Ohtani 2B Romy Gonzalez 3B Amed Rosario C Dalton Rushing OF Andy Pages OF Jorge Soler OF Jasson Dominguez P Michael King P Jake Bennett SS Jacob Wilson,,,
281,5201030403,tomkriger,0,112.7,1B Paul Goldschmidt 2B Jazz Chisholm Jr. 3B Amed Rosario C Austin Hedges OF Mike Trout OF Jasson Dominguez OF Max Schuemann P Logan Henderson P Gavin Williams SS Zach Neto,,,
281,5201383338,cyruscyrus,0,112.7,1B Alec Burleson 2B Travis Bazzana 3B Luis Rengifo C Ivan Herrera OF Jackson Merrill OF Lars Nootbaar OF Jasson Dominguez P Logan Henderson P Gavin Williams SS Brayan Rocchio,,,
283,5201464982,ramrodrocks,0,112.649994,1B Shohei Ohtani 2B Romy Gonzalez 3B Max Muncy C Carlos Narvaez OF Andy Pages OF Ceddanne Rafaela OF Jahmai Jones P Gavin Williams P Michael King SS Andruw Monasterio,,,
283,5201467717,markandrewbray,0,112.649994,1B Willson Contreras 2B Jake Cronenworth 3B Luis Rengifo C Cal Raleigh OF Fernando Tatis Jr. OF Ceddanne Rafaela OF Jackson Merrill P Gavin Williams P Michael King SS Andruw Monasterio,,,
283,5201662112,Timnorwood,0,112.649994,1B Romy Gonzalez 2B Jake Cronenworth 3B Manny Machado C Carlos Narvaez OF Fernando Tatis Jr. OF Ceddanne Rafaela OF Jackson Merrill P Gavin Williams P Michael King SS Jeremy Pena,,,
286,5201322304,djpop10,0,112.6,1B Paul Goldschmidt 2B Jake Cronenworth 3B Max Muncy C Jonah Heim OF Mike Trout OF Jackson Merrill OF Jorge Soler P Justin Wrobleski P Taj Bradley SS Zach Neto,,,
286,5201427248,KomodoDragonz,0,112.6,1B Christian Walker 2B Jake Cronenworth 3B Manny Machado C Jonah Heim OF Jackson Chourio OF Christian Yelich OF Jackson Merrill P Justin Wrobleski P Taj Bradley SS Jeremy Pena,,,
286,5201559726,AJSuperman,0,112.6,1B Freddie Freeman 2B Jake Cronenworth 3B Max Muncy C Dalton Rushing OF Andy Pages OF Kyle Tucker OF Jahmai Jones P Gavin Williams P Reid Detmers SS Ryan Kreidler,,,
289,5201234181,dfriel6654,0,112.25,1B Ty France 2B Jake Cronenworth 3B Pedro Ramirez C Austin Wells OF Pete Crow-Armstrong OF Seiya Suzuki OF Kyle Tucker P Gerrit Cole P Logan Henderson SS Ryan Kreidler,,,
289,5201731753,waterfilter,0,112.25,1B Ty France 2B Kody Clemens 3B Manny Machado C Ivan Herrera OF Jackson Merrill OF Trevor Larnach OF Jahmai Jones P Gerrit Cole P Logan Henderson SS Andruw Monasterio,,,
291,5201701299,Deltachi20,0,112.2,1B Tommy White 2B Jose Altuve 3B Isaac Paredes C Jonah Heim OF Yordan Alvarez OF Jasson Dominguez OF Colby Thomas P Gavin Williams P Peter Lambert SS Jeremy Pena,,,
292,5201200583,sehanshaw,0,112.05,1B Ty France 2B Jake Cronenworth 3B Manny Machado C Jose Trevino OF Yordan Alvarez OF Jackson Merrill OF Luis Rengifo P Gavin Williams P Justin Wrobleski SS Jeremy Pena,,,
292,5201367171,surlyhorse,0,112.05,1B Ty France 2B Nico Hoerner 3B Manny Machado C Ivan Herrera OF Jackson Merrill OF Trevor Larnach OF Lars Nootbaar P Gavin Williams P Justin Wrobleski SS Jeremy Pena,,,
294,5201240200,ksrock31,0,112,1B Ben Rice 2B JJ Wetherholt 3B Amed Rosario C Victor Caratini OF Ian Happ OF Jackson Merrill OF Jasson Dominguez P Justin Wrobleski P Gage Jump SS Mookie Betts,,,
295,5201225420,A.Burgos930,0,111.8,1B Ty France 2B Travis Bazzana 3B Luis Rengifo C Victor Caratini OF Pete Crow-Armstrong OF Jackson Merrill OF Gavin Sheets P Gerrit Cole P Taj Bradley SS Xander Bogaerts,,,
295,5201242617,JBTribeTime,0,111.8,1B Willson Contreras 2B Kody Clemens 3B Caleb Durbin C Victor Caratini OF Ceddanne Rafaela OF Jasson Dominguez OF Luis Rengifo P Gerrit Cole P Taj Bradley SS Anthony Volpe,,,
297,5201430760,bottlerocket47,0,111.7,1B Ty France 2B Jake Cronenworth 3B Manny Machado C Jonah Heim OF Ceddanne Rafaela OF Jackson Merrill OF Luis Rengifo P Logan Henderson P Gavin Williams SS Jeremy Pena,,,
297,5201575808,REINY66,0,111.7,1B Paul Goldschmidt 2B Jake Cronenworth 3B Alex Bregman C Carson Kelly OF Jackson Chourio OF Randy Arozarena OF Lars Nootbaar P Logan Henderson P Gavin Williams SS Willy Adames,,,
299,5201333205,threemily,0,111.65,1B Willson Contreras 2B Jake Cronenworth 3B Manny Machado C Carlos Narvaez OF Fernando Tatis Jr. OF Jackson Merrill OF Jahmai Jones P Logan Henderson P Michael King SS Jeremy Pena,,,
299,5201481278,Boltmantom,0,111.65,1B Ty France 2B JJ Wetherholt 3B Manny Machado C Cal Raleigh OF Jackson Merrill OF Luis Rengifo OF Gavin Sheets P Logan Henderson P Michael King SS Colson Montgomery,,,
299,5201631972,modogg2,0,111.649994,1B Paul Goldschmidt 2B Jake Cronenworth 3B Max Muncy C Jonah Heim OF Pete Crow-Armstrong OF Jackson Merrill OF Lars Nootbaar P Gavin Williams P Michael King SS Anthony Volpe,,,
299,5201688963,OldroadKing,0,111.649994,1B Paul Goldschmidt 2B Nico Hoerner 3B Alex Bregman C Victor Caratini OF Wilyer Abreu OF Christian Yelich OF Lars Nootbaar P Gavin Williams P Michael King SS Jeremy Pena,,,
299,5201697832,Cwallis39,0,111.649994,1B Willson Contreras 2B Jake Cronenworth 3B Manny Machado C Jimmy Crooks OF Fernando Tatis Jr. OF Ceddanne Rafaela OF Jackson Merrill P Gavin Williams P Michael King SS Andruw Monasterio,,,
304,5201216532,ron214,0,111.6,1B Shohei Ohtani 2B Tommy Edman 3B Max Muncy C Carlos Narvaez OF Andy Pages OF Colby Thomas OF Jahmai Jones P Gerrit Cole P Justin Wrobleski SS Christian Koss,,,
304,5201275746,Dewaynegeiger,0,111.6,1B Freddie Freeman 2B Kody Clemens 3B Luis Rengifo C Dalton Rushing OF Jackson Merrill OF Teoscar Hernandez OF Ivan Johnson P Gerrit Cole P Justin Wrobleski SS Xander Bogaerts,,,
304,5201286606,matthewwalsh,0,111.6,1B Salvador Perez 2B Kody Clemens 3B Josh Rojas C Carter Jensen OF Byron Buxton OF Jac Caglianone OF Lane Thomas P Gavin Williams P Reid Detmers SS Cooper Pratt,,,
304,5201364368,Pittsburghese,0,111.6,1B Michael Busch 2B Nico Hoerner 3B Jose Ramirez C Victor Caratini OF Fernando Tatis Jr. OF Ceddanne Rafaela OF Steven Kwan P Justin Wrobleski P Taj Bradley SS Cooper Pratt,,,
304,5201512505,psb0122,0,111.6,1B Ben Rice 2B Nico Hoerner 3B Tommy White C Ivan Herrera OF Tyler Soderstrom OF Christian Yelich OF Ian Happ P Justin Wrobleski P Taj Bradley SS Cooper Pratt,,,
309,5201153166,Astros7,0,111.25,1B Michael Busch 2B Vaughn Grissom 3B Tommy Edman C Austin Wells OF Mike Trout OF Randy Arozarena OF Jahmai Jones P Gerrit Cole P Logan Henderson SS Cooper Pratt,,,
309,5201199835,jer4940,0,111.25,1B Willson Contreras 2B Kody Clemens 3B Luis Rengifo C Jonah Heim OF Kyle Tucker OF Jackson Merrill OF Luke Keaschall P Gavin Williams P Taj Bradley SS Xander Bogaerts,,,
309,5201316728,dabears08,0,111.25,1B Willson Contreras 2B Romy Gonzalez 3B Max Muncy C Dalton Rushing OF Ceddanne Rafaela OF Teoscar Hernandez OF Jahmai Jones P Gerrit Cole P Gavin Williams SS Christian Koss,,,
309,5201320399,SEANYCASH,0,111.25,1B Willson Contreras 2B Jake Cronenworth 3B Caleb Durbin C Carlos Narvaez OF Mike Trout OF Ceddanne Rafaela OF Jackson Merrill P Gavin Williams P Taj Bradley SS Zach Neto,,,
309,5201456220,dillmaak2022,0,111.25,1B Shohei Ohtani 2B Romy Gonzalez 3B Jose Ramirez C Carlos Narvaez OF Ceddanne Rafaela OF Steven Kwan OF Jahmai Jones P Gavin Williams P Taj Bradley SS Zach Neto,,,
309,5201490198,rockybrown26,0,111.25,1B Christian Walker 2B Romy Gonzalez 3B Isaac Paredes C Carlos Narvaez OF Yordan Alvarez OF Cam Smith OF Jahmai Jones P Gavin Williams P Taj Bradley SS Jeremy Pena,,,
309,5201496875,gkarkar123,0,111.25,1B Willson Contreras 2B Jake Cronenworth 3B Max Muncy C Ivan Herrera OF Ceddanne Rafaela OF Jackson Merrill OF Luis Rengifo P Gavin Williams P Taj Bradley SS Andruw Monasterio,,,
309,5201637979,Davonne1515,0,111.25,1B Freddie Freeman 2B Jake Cronenworth 3B Eugenio Suarez C Dalton Rushing OF Ceddanne Rafaela OF Cole Carrigg OF Jasson Dominguez P Gavin Williams P Taj Bradley SS Jeremy Pena,,,
309,5201708118,TwoLeggedLOTTO,0,111.25,1B Shohei Ohtani 2B Kody Clemens 3B Luis Rengifo C Victor Caratini OF Kyle Tucker OF Trevor Larnach OF Lane Thomas P Logan Henderson P Colin Rea SS Willy Adames,,,
318,5201295530,mikeslindy,0,111.2,1B Freddie Freeman 2B Nico Hoerner 3B Alex Bregman C Dalton Rushing OF Pete Crow-Armstrong OF Luke Keaschall OF Luis Rengifo P Taj Bradley P Michael King SS Cooper Pratt,,,
318,5201356119,RentIsDue,0,111.2,1B Sal Stewart 2B Chase Meidroth 3B Isaac Paredes C Christian Vazquez OF Yordan Alvarez OF JJ Bleday OF Noelvi Marte P Taj Bradley P Gage Jump SS Elly De La Cruz,,,
320,5201463588,Novak02,0,111.15,1B Paul Goldschmidt 2B Vaughn Grissom 3B Amed Rosario C Ivan Herrera OF Shohei Ohtani OF Julio Rodriguez OF Dane Myers P Peter Lambert P Michael King SS Jeremy Pena,,,
320,5201544510,nplaistow,0,111.15,1B Rafael Devers 2B Brice Turang 3B Gabriel Arias C Hunter Goodman OF Jackson Chourio OF Jake McCarthy OF Cole Carrigg P Taj Bradley P Reid Detmers SS Cooper Pratt,,,
322,5201176978,pepsiluver13,0,111.05,1B Nick Kurtz 2B Nico Hoerner 3B Tommy White C Jonah Heim OF Seiya Suzuki OF Tyler Soderstrom OF Ceddanne Rafaela P Gavin Williams P Justin Wrobleski SS Anthony Volpe,,,
322,5201236133,treeford7,0,111.05,1B Rhys Hoskins 2B Jake Cronenworth 3B Manny Machado C Austin Hedges OF Fernando Tatis Jr. OF Jackson Merrill OF Luis Rengifo P Gavin Williams P Justin Wrobleski SS Brayan Rocchio,,,
322,5201521420,belhost02,0,111.05,1B Freddie Freeman 2B Alika Williams 3B Tommy White C Brian Serven OF Shohei Ohtani OF Mike Trout OF Colby Thomas P Logan Henderson P Justin Wrobleski SS Andruw Monasterio,,,
325,5201381970,mosscha,0,110.8,1B Ty France 2B Jazz Chisholm Jr. 3B Manny Machado C Austin Wells OF Fernando Tatis Jr. OF Jackson Merrill OF Luis Rengifo P Gavin Williams P Jake Bennett SS Jeremy Pena,,,
326,5201713831,MuckyMuk1,0,110.7,1B Ty France 2B Jake Cronenworth 3B Jose Ramirez C Austin Hedges OF Seiya Suzuki OF Jackson Merrill OF Chase DeLauter P Logan Henderson P Gavin Williams SS Brayan Rocchio,,,
327,5201321470,steviereno,0,110.65,1B Ty France 2B Jake Cronenworth 3B Manny Machado C Carlos Narvaez OF Fernando Tatis Jr. OF Ceddanne Rafaela OF Jackson Merrill P Logan Henderson P Michael King SS Jeremy Pena,,,
327,5201468993,Dveres95,0,110.65,1B Willson Contreras 2B Romy Gonzalez 3B Manny Machado C Jonah Heim OF Fernando Tatis Jr. OF Jackson Merrill OF Jahmai Jones P Logan Henderson P Michael King SS Andruw Monasterio,,,
329,5201079984,skunkel133,0,110.6,1B Michael Busch 2B Jake Cronenworth 3B Alex Bregman C Austin Wells OF Pete Crow-Armstrong OF Seiya Suzuki OF Ian Happ P Justin Wrobleski P Taj Bradley SS Xander Bogaerts,,,
329,5201233406,drunkonpappy,0,110.6,1B Salvador Perez 2B Cole Young 3B Jose Ramirez C Cal Raleigh OF Randy Arozarena OF Jac Caglianone OF Julio Rodriguez P Gavin Williams P Reid Detmers SS Colt Emerson,,,
329,5201483757,J-ROCK1013,0,110.6,1B Ty France 2B Tommy Edman 3B Max Muncy C Jonah Heim OF Andy Pages OF Jackson Merrill OF Luis Rengifo P Justin Wrobleski P Taj Bradley SS Xander Bogaerts,,,
329,5201626272,bigpoppabear00,0,110.6,1B Ty France 2B Vaughn Grissom 3B Caleb Durbin C Carson Kelly OF Pete Crow-Armstrong OF Jackson Merrill OF Jarren Duran P Logan Henderson P Reid Detmers SS Colson Montgomery,,,
333,5201721598,slim728,0,110.55,1B Freddie Freeman 2B Tommy Edman 3B Max Muncy C Dalton Rushing OF Kyle Tucker OF Braden Montgomery OF Tristan Peters P Michael King P Reid Detmers SS Anthony Volpe,,,
334,5201252395,foutah,0,110.25,1B Bryce Eldridge 2B Romy Gonzalez 3B Amed Rosario C Luis Campusano OF Jac Caglianone OF Teoscar Hernandez OF JJ Bleday P Gerrit Cole P Logan Henderson SS Mookie Betts,,,
334,5201254926,Hibbs1975,0,110.25,1B Willson Contreras 2B Romy Gonzalez 3B Caleb Durbin C Carson Kelly OF Ceddanne Rafaela OF Ian Happ OF Trevor Larnach P Logan Henderson P Taj Bradley SS Jacob Wilson,,,
334,5201732336,billywalp,0,110.25,1B Rafael Devers 2B Nico Hoerner 3B Sal Stewart C Victor Caratini OF Jackson Merrill OF Trevor Larnach OF Lars Nootbaar P Logan Henderson P Taj Bradley SS Brayan Rocchio,,,
337,5201373890,jmjones69,0,110.2,1B Willson Contreras 2B Romy Gonzalez 3B Manny Machado C Jonah Heim OF Fernando Tatis Jr. OF Jackson Merrill OF Jahmai Jones P Gerrit Cole P Michael King SS Andruw Monasterio,,,
338,5201316318,rwdw0822,0,110.05,1B Michael Busch 2B Nico Hoerner 3B Alex Bregman C Carlos Narvaez OF Pete Crow-Armstrong OF Seiya Suzuki OF Jahmai Jones P Logan Henderson P Justin Wrobleski SS Jeremy Pena,,,
339,5201302332,629buc,0,109.8,1B Paul Goldschmidt 2B Jake Cronenworth 3B Manny Machado C Hunter Goodman OF Mike Trout OF Jackson Merrill OF Jorge Soler P Gavin Williams P Jake Bennett SS Anthony Volpe,,,
340,5201397308,sublimed187,0,109.75,1B Michael Busch 2B Nico Hoerner 3B Luis Rengifo C William Contreras OF Jackson Chourio OF Chase DeLauter OF Cole Carrigg P Gerrit Cole P Peter Lambert SS Xander Bogaerts,,,
341,5201537414,evan121110,0,109.65,1B Ty France 2B Jake Cronenworth 3B Manny Machado C Jonah Heim OF Fernando Tatis Jr. OF Andy Pages OF Jackson Merrill P Logan Henderson P Michael King SS Andruw Monasterio,,,
341,5201230189,rsulzener,0,109.649994,1B Shohei Ohtani 2B Jake Cronenworth 3B Luis Rengifo C Carlos Narvaez OF Wilyer Abreu OF Ceddanne Rafaela OF Jackson Merrill P Gavin Williams P Michael King SS Jeremy Pena,,,
341,5201236442,rehillj,0,109.649994,1B Shohei Ohtani 2B Jake Cronenworth 3B Luis Rengifo C Carlos Narvaez OF Wilyer Abreu OF Ceddanne Rafaela OF Jackson Merrill P Gavin Williams P Michael King SS Jeremy Pena,,,
341,5201239071,Blue_Gold,0,109.649994,1B Shohei Ohtani 2B Jake Cronenworth 3B Luis Rengifo C Carlos Narvaez OF Wilyer Abreu OF Ceddanne Rafaela OF Jackson Merrill P Gavin Williams P Michael King SS Jeremy Pena,,,
341,5201327345,JayAces,0,109.649994,1B Shohei Ohtani 2B Jake Cronenworth 3B Luis Rengifo C Carlos Narvaez OF Wilyer Abreu OF Ceddanne Rafaela OF Jackson Merrill P Gavin Williams P Michael King SS Jeremy Pena,,,
341,5201414448,schalutz,0,109.649994,1B Shohei Ohtani 2B Jake Cronenworth 3B Luis Rengifo C Carlos Narvaez OF Wilyer Abreu OF Ceddanne Rafaela OF Jackson Merrill P Gavin Williams P Michael King SS Jeremy Pena,,,
341,5201449180,Fishermanfuzz,0,109.649994,1B Shohei Ohtani 2B Jake Cronenworth 3B Luis Rengifo C Carlos Narvaez OF Wilyer Abreu OF Ceddanne Rafaela OF Jackson Merrill P Gavin Williams P Michael King SS Jeremy Pena,,,
341,5201656962,skholbrook77,0,109.649994,1B Shohei Ohtani 2B Jake Cronenworth 3B Luis Rengifo C Carlos Narvaez OF Wilyer Abreu OF Ceddanne Rafaela OF Jackson Merrill P Gavin Williams P Michael King SS Jeremy Pena,,,
349,5201236148,undmoss14,0,109.6,1B Ty France 2B Jake Cronenworth 3B Pedro Ramirez C Jonah Heim OF Pete Crow-Armstrong OF Seiya Suzuki OF Jackson Merrill P Justin Wrobleski P Taj Bradley SS Jeremy Pena,,,
349,5201692377,Ddeane17,0,109.6,1B Ty France 2B Kody Clemens 3B Luis Rengifo C Dalton Rushing OF Pete Crow-Armstrong OF Jackson Merrill OF Gavin Sheets P Justin Wrobleski P Taj Bradley SS Xander Bogaerts,,,
351,5201609720,jjbrock,0,109.35,1B Shohei Ohtani 2B Romy Gonzalez 3B Caleb Durbin C Cal Raleigh OF Wilyer Abreu OF Julio Rodriguez OF Ceddanne Rafaela P Taj Bradley P Landen Roupp SS Andruw Monasterio,,,
352,5201286361,mjfawcett83,0,109.25,1B Willson Contreras 2B Romy Gonzalez 3B Manny Machado C Carlos Narvaez OF Fernando Tatis Jr. OF Luis Rengifo OF Jahmai Jones P Gerrit Cole P Logan Henderson SS Andruw Monasterio,,,
352,5201483034,Russella30,0,109.25,1B Alec Burleson 2B JJ Wetherholt 3B Pedro Ramirez C Jose Trevino OF Jordan Walker OF Jackson Merrill OF Isaac Collins P Gavin Williams P Taj Bradley SS Willy Adames,,,
352,5201597065,Celticsnc,0,109.25,1B Willson Contreras 2B Romy Gonzalez 3B Caleb Durbin C Victor Caratini OF Pete Crow-Armstrong OF Seiya Suzuki OF Jahmai Jones P Gavin Williams P Taj Bradley SS Andruw Monasterio,,,
352,5201721516,Pbrain,0,109.25,1B Alec Burleson 2B Jake Cronenworth 3B Jose Ramirez C Victor Caratini OF Heliot Ramos OF Jackson Merrill OF Luke Keaschall P Gerrit Cole P Gavin Williams SS Masyn Winn,,,
356,5201303794,seminole70,0,109.2,1B Paul Goldschmidt 2B Kody Clemens 3B Amed Rosario C Carter Jensen OF Jackson Merrill OF Jasson Dominguez OF Max Schuemann P Logan Henderson P Peter Lambert SS Anthony Volpe,,,
357,5201174736,basaunders1,0,109.15,1B Freddie Freeman 2B Chase Meidroth 3B Amed Rosario C Drew Cavanaugh OF Pete Crow-Armstrong OF Jackson Merrill OF JJ Bleday P Taj Bradley P Reid Detmers SS Jeremy Pena,,,
358,5201183394,epot,0,109.05,1B Paul Goldschmidt 2B Jose Altuve 3B Tommy Edman C Dalton Rushing OF Ceddanne Rafaela OF Jake McCarthy OF Lars Nootbaar P Gavin Williams P Justin Wrobleski SS Anthony Volpe,,,
358,5201425945,dealin21,0,109.05,1B Freddie Freeman 2B Luis Arraez 3B Manny Machado C Brian Serven OF Tyler Soderstrom OF Cole Carrigg OF Luis Rengifo P Logan Henderson P Justin Wrobleski SS Cooper Pratt,,,
360,5201348547,Dmerkel1980,0,109,1B Ty France 2B Jake Cronenworth 3B Luis Rengifo C Dalton Rushing OF Shohei Ohtani OF Andy Pages OF Jackson Merrill P Justin Wrobleski P Michael King SS Masyn Winn,,,
361,5201584802,joesolo1,0,108.8,1B Rafael Devers 2B Jake Cronenworth 3B Alex Bregman C Ivan Herrera OF Shohei Ohtani OF Jake McCarthy OF JJ Bleday P Gavin Williams P Landen Roupp SS Anthony Volpe,,,
362,5201268348,rjkid1,0,108.649994,1B Willson Contreras 2B Romy Gonzalez 3B Jose Ramirez C Carlos Narvaez OF Shohei Ohtani OF Ceddanne Rafaela OF Rob Refsnyder P Gavin Williams P Michael King SS Andruw Monasterio,,,
362,5201408705,8589,0,108.649994,1B Alec Burleson 2B Jake Cronenworth 3B Manny Machado C Luis Campusano OF Fernando Tatis Jr. OF Luis Rengifo OF Jahmai Jones P Gavin Williams P Michael King SS Jeremy Pena,,,
362,5201592514,fukkoff,0,108.649994,1B Ty France 2B Jake Cronenworth 3B Manny Machado C Carlos Narvaez OF Fernando Tatis Jr. OF Wilyer Abreu OF Ceddanne Rafaela P Gavin Williams P Michael King SS Xander Bogaerts,,,
365,5201506056,HankOverton645,0,108.6,1B Rafael Devers 2B Jazz Chisholm Jr. 3B Pedro Ramirez C Ivan Herrera OF Seiya Suzuki OF Ceddanne Rafaela OF Jake McCarthy P Justin Wrobleski P Taj Bradley SS Cooper Pratt,,,
365,5201512524,caldwelltylerusng94,0,108.6,1B Freddie Freeman 2B Tommy Edman 3B Max Muncy C Carlos Narvaez OF Andy Pages OF Kyle Tucker OF Jahmai Jones P Gavin Williams P Reid Detmers SS Andruw Monasterio,,,
365,5201584095,swaggybees,0,108.6,1B Freddie Freeman 2B Tommy Edman 3B Max Muncy C Carlos Narvaez OF Andy Pages OF Kyle Tucker OF Jahmai Jones P Gavin Williams P Reid Detmers SS Andruw Monasterio,,,
365,5201641842,jmcginn734,0,108.6,1B Munetaka Murakami 2B Jake Cronenworth 3B Pedro Ramirez C Ivan Herrera OF Jordan Walker OF Jackson Merrill OF Jasson Dominguez P Justin Wrobleski P Taj Bradley SS Masyn Winn,,,
365,5201713377,smitty42x,0,108.6,1B Ty France 2B Jake Cronenworth 3B Caleb Durbin C Carson Kelly OF Shohei Ohtani OF Pete Crow-Armstrong OF Jahmai Jones P Gerrit Cole P Justin Wrobleski SS Xander Bogaerts,,,
370,5201281904,BamaJones,0,108.25,1B Shohei Ohtani 2B Romy Gonzalez 3B Jose Ramirez C Carlos Narvaez OF Kyle Tucker OF Steven Kwan OF Jahmai Jones P Gavin Williams P Taj Bradley SS Mookie Betts,,,
370,5201364260,spabhook,0,108.25,1B Willson Contreras 2B Jake Cronenworth 3B Alex Bregman C Carlos Narvaez OF Jordan Walker OF Ceddanne Rafaela OF Jackson Merrill P Logan Henderson P Taj Bradley SS Masyn Winn,,,
372,5201081284,Gregory7,0,108.2,1B Paul Goldschmidt 2B Nico Hoerner 3B Brooks Lee C Ivan Herrera OF Trent Grisham OF Ceddanne Rafaela OF Jackson Merrill P Logan Henderson P Peter Lambert SS Xander Bogaerts,,,
372,5201196775,DrNickIsIn,0,108.2,1B Willson Contreras 2B Romy Gonzalez 3B Tommy White C Carlos Narvaez OF Seiya Suzuki OF Wilyer Abreu OF Ceddanne Rafaela P Gavin Williams P Peter Lambert SS Jacob Wilson,,,
372,5201519830,Papia27,0,108.2,1B Michael Busch 2B Romy Gonzalez 3B Pedro Ramirez C Carson Kelly OF Pete Crow-Armstrong OF Seiya Suzuki OF Jahmai Jones P Taj Bradley P Michael King SS Mookie Betts,,,
372,5201633412,SrllA,0,108.2,1B Josh Bell 2B Edouard Julien 3B Manny Machado C Luis Campusano OF Byron Buxton OF Jackson Merrill OF Cole Carrigg P Taj Bradley P Michael King SS Colson Montgomery,,,
372,5201691620,bigw575757,0,108.2,1B Willson Contreras 2B Jake Cronenworth 3B Manny Machado C Carlos Narvaez OF Fernando Tatis Jr. OF Jackson Merrill OF Luis Rengifo P Logan Henderson P Peter Lambert SS Andruw Monasterio,,,
377,5201395492,blazer1sd,0,108.05,1B Rafael Devers 2B Travis Bazzana 3B Alex Bregman C Ivan Herrera OF Jackson Merrill OF Jorge Soler OF Gavin Sheets P Gavin Williams P Justin Wrobleski SS Colson Montgomery,,,
377,5201662135,topspacey,0,108.05,1B Andrew Vaughn 2B Brice Turang 3B Josh Rojas C William Contreras OF Jackson Chourio OF Christian Yelich OF Jahmai Jones P Logan Henderson P Justin Wrobleski SS Jeremy Pena,,,
379,5201288913,smw326,0,107.8,1B Ty France 2B Romy Gonzalez 3B Caleb Durbin C Luis Campusano OF Fernando Tatis Jr. OF Wilyer Abreu OF Jarren Duran P Logan Henderson P Jake Bennett SS Xander Bogaerts,,,
379,5201315749,kidshabadu,0,107.8,1B Paul Goldschmidt 2B Jose Altuve 3B Amed Rosario C William Contreras OF Randy Arozarena OF Julio Rodriguez OF Ceddanne Rafaela P Gavin Williams P Jake Bennett SS Jacob Wilson,,,
379,5201398072,Willdog7,0,107.8,1B Paul Goldschmidt 2B Jake Cronenworth 3B Max Muncy C Victor Caratini OF Pete Crow-Armstrong OF Ceddanne Rafaela OF Jahmai Jones P Gerrit Cole P Taj Bradley SS Anthony Volpe,,,
379,5201468161,bucs65,0,107.8,1B Ty France 2B Luis Arraez 3B Amed Rosario C Ivan Herrera OF Kyle Tucker OF Jackson Merrill OF Jasson Dominguez P Gerrit Cole P Taj Bradley SS Jeremy Pena,,,
383,5201476958,dennisgolovaty,0,107.75,1B Ty France 2B Jake Cronenworth 3B Manny Machado C Dalton Rushing OF Fernando Tatis Jr. OF Wilyer Abreu OF Jackson Merrill P Michael King P Jake Bennett SS Andruw Monasterio,,,
384,5201284881,Bigsacks2414,0,107.649994,1B Willson Contreras 2B Romy Gonzalez 3B Caleb Durbin C Austin Hedges OF Fernando Tatis Jr. OF Ceddanne Rafaela OF Jackson Merrill P Gavin Williams P Michael King SS Andruw Monasterio,,,
385,5201309967,rohan1103,0,107.6,1B Michael Busch 2B Cole Young 3B Tommy Edman C Jonah Heim OF Kyle Tucker OF Julio Rodriguez OF JJ Bleday P Justin Wrobleski P Taj Bradley SS Colson Montgomery,,,
385,5201354802,JcClark18,0,107.6,1B Rhys Hoskins 2B Travis Bazzana 3B Gabriel Arias C Austin Hedges OF Pete Crow-Armstrong OF Seiya Suzuki OF Ian Happ P Gavin Williams P Reid Detmers SS Brayan Rocchio,,,
385,5201501537,byrnedairy,0,107.6,1B Paul Goldschmidt 2B Jazz Chisholm Jr. 3B Alex Bregman C Dalton Rushing OF Jake McCarthy OF Teoscar Hernandez OF Jarren Duran P Gerrit Cole P Justin Wrobleski SS Cooper Pratt,,,
388,5201416790,Dicskstone32,0,107.35,1B Josh Bell 2B Vaughn Grissom 3B Max Muncy C Ryan Jeffers OF Kody Clemens OF Jake McCarthy OF Jose Fermin P Taj Bradley P Jake Bennett SS Masyn Winn,,,
389,5201261603,Dmoney361,0,107.25,1B Willson Contreras 2B Jake Cronenworth 3B Tommy White C Jonah Heim OF Pete Crow-Armstrong OF Ceddanne Rafaela OF Jasson Dominguez P Gerrit Cole P Gavin Williams SS Andruw Monasterio,,,
389,5201641542,chr8848,0,107.25,1B Ty France 2B Jake Cronenworth 3B Luis Rengifo C Ryan Jeffers OF Kody Clemens OF Ceddanne Rafaela OF Jackson Merrill P Logan Henderson P Taj Bradley SS Xander Bogaerts,,,
391,5201224883,cliffr03690,0,107.15,1B Josh Bell 2B Tommy Edman 3B Caleb Durbin C Dalton Rushing OF Andy Pages OF Kyle Tucker OF Luke Keaschall P Taj Bradley P Reid Detmers SS Mookie Betts,,,
392,5201322614,Mark502Blue,0,107.05,1B Bryce Eldridge 2B Jake Cronenworth 3B Alex Bregman C Ivan Herrera OF Pete Crow-Armstrong OF Jackson Chourio OF Isaac Collins P Gavin Williams P Justin Wrobleski SS Cooper Pratt,,,
392,5201355365,bfinney09,0,107.05,1B Freddie Freeman 2B Romy Gonzalez 3B Max Muncy C Carlos Narvaez OF Shohei Ohtani OF Andy Pages OF Jahmai Jones P Reid Detmers P Anthony Kay SS Mookie Betts,,,
392,5201641762,brianLiza,0,107.05,1B TJ Rumfield 2B Tommy Edman 3B Manny Machado C William Contreras OF Yordan Alvarez OF Cam Smith OF Isaac Collins P Gavin Williams P Justin Wrobleski SS Christian Koss,,,
395,5201397851,MileHighMadman,0,106.8,1B Willson Contreras 2B Jake Cronenworth 3B Luis Rengifo C Luis Campusano OF Christian Yelich OF Jackson Merrill OF Lars Nootbaar P Gerrit Cole P Taj Bradley SS Jeremy Pena,,,
396,5201258281,cellos213,0,106.7,1B Ty France 2B Jake Cronenworth 3B Caleb Durbin C Ivan Herrera OF Shohei Ohtani OF Kody Clemens OF Jackson Merrill P Reid Detmers P Jake Bennett SS Jeremy Pena,,,
396,5201315927,BIBEhiker,0,106.7,1B Paul Goldschmidt 2B Romy Gonzalez 3B Miguel Vargas C Ivan Herrera OF Ceddanne Rafaela OF Ian Happ OF Gavin Sheets P Logan Henderson P Gavin Williams SS Andruw Monasterio,,,
396,5201331640,Stanver,0,106.7,1B Alec Burleson 2B Jake Cronenworth 3B Nick Loftin C Ivan Herrera OF Ceddanne Rafaela OF Jackson Merrill OF Jarren Duran P Logan Henderson P Gavin Williams SS Jeremy Pena,,,
399,5201636158,ginnywop,0,106.649994,1B Alec Burleson 2B JJ Wetherholt 3B Amed Rosario C Ivan Herrera OF Jordan Walker OF Jackson Merrill OF Lars Nootbaar P Gavin Williams P Gage Jump SS Anthony Volpe,,,
400,5200986894,cecilspringer,0,106.6,1B Michael Busch 2B Jose Altuve 3B Caleb Durbin C Dalton Rushing OF Mike Trout OF Jackson Merrill OF Teoscar Hernandez P Justin Wrobleski P Taj Bradley SS Xander Bogaerts,,,
400,5201315782,potter7616,0,106.6,1B Willson Contreras 2B Jake Cronenworth 3B Manny Machado C Dalton Rushing OF Ceddanne Rafaela OF Jackson Merrill OF Trevor Larnach P Justin Wrobleski P Taj Bradley SS Anthony Volpe,,,
400,5201388895,HeWro37,0,106.6,1B Ben Rice 2B Jazz Chisholm Jr. 3B Amed Rosario C Jimmy Crooks OF Seiya Suzuki OF Ian Happ OF Jasson Dominguez P Gerrit Cole P Justin Wrobleski SS Anthony Volpe,,,
400,5201430522,jgings28,0,106.6,1B Willson Contreras 2B Romy Gonzalez 3B Manny Machado C Jonah Heim OF Wilyer Abreu OF Ceddanne Rafaela OF Jackson Merrill P Gavin Williams P Reid Detmers SS Andruw Monasterio,,,
400,5201680567,kevinreider4,0,106.6,1B Willson Contreras 2B Romy Gonzalez 3B Manny Machado C Jonah Heim OF Wilyer Abreu OF Ceddanne Rafaela OF Jackson Merrill P Gavin Williams P Reid Detmers SS Andruw Monasterio,,,
405,5201230809,Sanford71,0,106.35,1B Alec Burleson 2B Nico Hoerner 3B Manny Machado C Jose Trevino OF Pete Crow-Armstrong OF Jackson Merrill OF Luis Rengifo P Gerrit Cole P Jake Bennett SS Masyn Winn,,,
406,5201322547,mattped23,0,106.3,1B Paul Goldschmidt 2B Jazz Chisholm Jr. 3B Manny Machado C Luis Campusano OF Fernando Tatis Jr. OF Jackson Merrill OF Luis Rengifo P Peter Lambert P Jake Bennett SS Anthony Volpe,,,
407,5201561048,TEEWOO,0,106.25,1B Michael Busch 2B Luis Arraez 3B Manny Machado C Ryan Jeffers OF Trevor Larnach OF Jahmai Jones OF Grant McCray P Gavin Williams P Taj Bradley SS Jeremy Pena,,,
407,5201625772,kldjr,0,106.25,1B Nathaniel Lowe 2B Nico Hoerner 3B Sal Stewart C Jose Trevino OF Ian Happ OF JJ Bleday OF Steven Kwan P Gerrit Cole P Logan Henderson SS Elly De La Cruz,,,
409,5201295785,bmosley21,0,106.2,1B Munetaka Murakami 2B Romy Gonzalez 3B Max Muncy C Dalton Rushing OF JJ Bleday OF Chase DeLauter OF Jahmai Jones P Logan Henderson P Peter Lambert SS Andruw Monasterio,,,
410,5201178058,MadeFromMetal,0,106.05,1B Ty France 2B Vaughn Grissom 3B Manny Machado C Ryan Jeffers OF Wilyer Abreu OF Jackson Merrill OF Isaac Collins P Gavin Williams P Justin Wrobleski SS Andruw Monasterio,,,
410,5201209221,Racing88,0,106.05,1B Josh Bell 2B Kody Clemens 3B Max Muncy C Carlos Narvaez OF Byron Buxton OF Jackson Merrill OF Jahmai Jones P Logan Henderson P Justin Wrobleski SS Andruw Monasterio,,,
410,5201255776,whoisjohngalt420,0,106.05,1B Christian Walker 2B Romy Gonzalez 3B Isaac Paredes C Christian Vazquez OF Yordan Alvarez OF Wilyer Abreu OF Jahmai Jones P Gavin Williams P Justin Wrobleski SS Jeremy Pena,,,
413,5201293276,2003FlightBChamp,0,105.8,1B Josh Bell 2B Willi Castro 3B Tommy Edman C Jonah Heim OF Jackson Chourio OF Christian Yelich OF Sam Antonacci P Gavin Williams P Jake Bennett SS Brayan Rocchio,,,
414,5201224531,MusicPoisoning,0,105.6,1B Michael Busch 2B Jake Cronenworth 3B Alex Bregman C Drew Cavanaugh OF Pete Crow-Armstrong OF Seiya Suzuki OF Ian Happ P Justin Wrobleski P Taj Bradley SS Brayan Rocchio,,,
414,5201309845,jediyeti73,0,105.6,1B Willson Contreras 2B Romy Gonzalez 3B Caleb Durbin C Dalton Rushing OF Andy Pages OF Jarren Duran OF Jahmai Jones P Gavin Williams P Reid Detmers SS Mookie Betts,,,
414,5201572802,fuegoinsac,0,105.6,1B Ty France 2B Jake Cronenworth 3B Manny Machado C Hunter Goodman OF Seiya Suzuki OF Jackson Merrill OF Jahmai Jones P Justin Wrobleski P Taj Bradley SS Jeremy Pena,,,
414,5201594160,radzynfessenden,0,105.6,1B Tommy White 2B Travis Bazzana 3B Jose Ramirez C Jonah Heim OF Seiya Suzuki OF Chase DeLauter OF Jasson Dominguez P Gerrit Cole P Justin Wrobleski SS Jacob Wilson,,,
414,5201594890,kcskye22,0,105.6,1B Salvador Perez 2B Jake Cronenworth 3B Nick Loftin C Carter Jensen OF Shohei Ohtani OF Jasson Dominguez OF Grant McCray P Gerrit Cole P Justin Wrobleski SS Elly De La Cruz,,,
414,5201641810,Flyfletch13,0,105.6,1B Willson Contreras 2B Romy Gonzalez 3B Gabriel Arias C Victor Caratini OF Shohei Ohtani OF Tristan Peters OF Victor Robles P Gavin Williams P Reid Detmers SS Mookie Betts,,,
414,5201669230,kfahey42,0,105.6,1B Ty France 2B Chase Meidroth 3B Manny Machado C Austin Wells OF Seiya Suzuki OF Christian Yelich OF Trevor Larnach P Justin Wrobleski P Taj Bradley SS Jeremy Pena,,,
414,5201672615,thefamousfs,0,105.6,1B Romy Gonzalez 2B Tommy Edman 3B Caleb Durbin C Dalton Rushing OF Andy Pages OF Wilyer Abreu OF Ceddanne Rafaela P Gavin Williams P Reid Detmers SS Andruw Monasterio,,,
414,5201723054,lacavirma,0,105.6,1B Munetaka Murakami 2B Willi Castro 3B Caleb Durbin C Drew Romo OF Sam Antonacci OF Ceddanne Rafaela OF Cole Carrigg P Gavin Williams P Reid Detmers SS Colson Montgomery,,,
423,5201196733,Scorpo1,0,105.25,1B Nathaniel Lowe 2B Kody Clemens 3B Jose Ramirez C Victor Caratini OF Ian Happ OF Chase DeLauter OF Lars Nootbaar P Logan Henderson P Taj Bradley SS Xander Bogaerts,,,
423,5201330579,budzie12,0,105.25,1B Nick Kurtz 2B Cole Young 3B Amed Rosario C Jonah Heim OF Randy Arozarena OF Julio Rodriguez OF Jahmai Jones P Gerrit Cole P Logan Henderson SS Jacob Wilson,,,
423,5201468911,markmajors,0,105.25,1B Willson Contreras 2B Edouard Julien 3B Jose Ramirez C Hunter Goodman OF Mickey Moniak OF Jake McCarthy OF Steven Kwan P Gavin Williams P Colin Rea SS Ezequiel Tovar,,,
423,5201628466,MeanMachine590,0,105.25,1B Rafael Devers 2B Travis Bazzana 3B Brooks Lee C Ivan Herrera OF Lars Nootbaar OF Cole Carrigg OF Braden Montgomery P Gavin Williams P Taj Bradley SS Jeremy Pena,,,
423,5201720518,Jimbobwae42,0,105.25,1B Willson Contreras 2B Jake Cronenworth 3B Manny Machado C Jonah Heim OF Tyler Soderstrom OF Ceddanne Rafaela OF Jackson Merrill P Gavin Williams P Taj Bradley SS Andruw Monasterio,,,
428,5201435528,Bella_2015,0,105.2,1B Munetaka Murakami 2B Chase Meidroth 3B Caleb Durbin C Luis Campusano OF Byron Buxton OF Braden Montgomery OF Jahmai Jones P Logan Henderson P Peter Lambert SS Xander Bogaerts,,,
429,5201395076,TJKoss,0,105.15,1B Munetaka Murakami 2B Nico Hoerner 3B Alex Bregman C Dalton Rushing OF Pete Crow-Armstrong OF Jung Hoo Lee OF Nathan Church P Logan Henderson P Anthony Kay SS Tyler Tolbert,,,
429,5201519051,impulse2010,0,105.15,1B Ty France 2B Jake Cronenworth 3B Alex Bregman C Carson Kelly OF Pete Crow-Armstrong OF Fernando Tatis Jr. OF Jackson Merrill P Justin Wrobleski P Jake Bennett SS Xander Bogaerts,,,
431,5201288079,dredoggzzz,0,105,1B Shohei Ohtani 2B Tommy Edman 3B Caleb Durbin C Jonah Heim OF Ceddanne Rafaela OF Jackson Merrill OF Jahmai Jones P Justin Wrobleski P Michael King SS Jeremy Pena,,,
432,5201276559,theblackhand666,0,104.8,1B TJ Rumfield 2B Jake Cronenworth 3B Jose Ramirez C Hunter Goodman OF Jake McCarthy OF Jackson Merrill OF Cole Carrigg P Gerrit Cole P Taj Bradley SS Ezequiel Tovar,,,
432,5201634387,BarstowSmoker,0,104.8,1B Alec Burleson 2B Jake Cronenworth 3B Manny Machado C Ivan Herrera OF Fernando Tatis Jr. OF Jackson Merrill OF Nathan Church P Gavin Williams P Landen Roupp SS Xander Bogaerts,,,
434,5201348010,TheBossinMyWorld,0,104.7,1B Paul Goldschmidt 2B Nico Hoerner 3B Miguel Vargas C Victor Caratini OF Sam Antonacci OF Braden Montgomery OF Tristan Peters P Logan Henderson P Gavin Williams SS Colson Montgomery,,,
435,5201235718,SLBMLightshow,0,104.65,1B Ty France 2B Jake Cronenworth 3B Manny Machado C Patrick Bailey OF Fernando Tatis Jr. OF Jackson Merrill OF Chase DeLauter P Logan Henderson P Michael King SS Brayan Rocchio,,,
435,5201219073,lukecappo,0,104.649994,1B Willson Contreras 2B Romy Gonzalez 3B Manny Machado C Luis Campusano OF Wilyer Abreu OF Jackson Merrill OF Steven Kwan P Gavin Williams P Michael King SS Andruw Monasterio,,,
435,5201344991,HiiLLBiiLLY,0,104.649994,1B Ty France 2B Jake Cronenworth 3B Tommy Edman C Dalton Rushing OF Andy Pages OF Kyle Tucker OF Gavin Sheets P Gavin Williams P Michael King SS Mookie Betts,,,
438,5201258647,chex43,0,104.2,1B Ty France 2B Jake Cronenworth 3B Luis Rengifo C Ivan Herrera OF Shohei Ohtani OF Jordan Walker OF Jackson Merrill P Taj Bradley P Michael King SS Masyn Winn,,,
438,5201286657,TrueNorth79,0,104.2,1B Ben Rice 2B Travis Bazzana 3B Ke'Bryan Hayes C Dalton Rushing OF Shohei Ohtani OF Chase DeLauter OF Luke Keaschall P Taj Bradley P Gage Jump SS Brayan Rocchio,,,
438,5201617382,8dub,0,104.2,1B Freddie Freeman 2B Tommy Edman 3B Caleb Durbin C Carlos Narvaez OF Shohei Ohtani OF Ceddanne Rafaela OF Jahmai Jones P Gerrit Cole P Michael King SS Andruw Monasterio,,,
438,5201635428,mattjen1110,0,104.2,1B Ben Rice 2B Vaughn Grissom 3B Caleb Durbin C Austin Hedges OF Jackson Chourio OF Jackson Merrill OF Nathan Church P Gerrit Cole P Michael King SS Anthony Volpe,,,
438,5201680384,martini13,0,104.2,1B Josh Bell 2B Tommy Edman 3B Alex Bregman C Ryan Jeffers OF Byron Buxton OF Braden Montgomery OF Dane Myers P Taj Bradley P Michael King SS Ryan Kreidler,,,
443,5201614521,ydoja2,0,104.15,1B Josh Bell 2B Kody Clemens 3B Sal Stewart C Victor Caratini OF Trevor Larnach OF JJ Bleday OF Ivan Johnson P Taj Bradley P Reid Detmers SS Elly De La Cruz,,,
443,5201663312,gaguero10,0,104.149994,1B Freddie Freeman 2B Nico Hoerner 3B Ke'Bryan Hayes C Miguel Amaya OF Pete Crow-Armstrong OF Seiya Suzuki OF Jasson Dominguez P Gavin Williams P Anthony Kay SS Elly De La Cruz,,,
445,5201339035,envymygrind,0,104.1,1B Freddie Freeman 2B Romy Gonzalez 3B Max Muncy C Carlos Narvaez OF Shohei Ohtani OF Kyle Tucker OF Jahmai Jones P Peter Lambert P Reid Detmers SS Andruw Monasterio,,,
446,5201454263,kintyre1801,0,104.05,1B Willson Contreras 2B Romy Gonzalez 3B Max Muncy C Dalton Rushing OF Kyle Tucker OF Luis Rengifo OF Jahmai Jones P Logan Henderson P Justin Wrobleski SS Xander Bogaerts,,,
447,5201216556,Mrboozer,0,104,1B Ty France 2B Jose Altuve 3B Isaac Paredes C Christian Vazquez OF Yordan Alvarez OF Julio Rodriguez OF Chase DeLauter P Gerrit Cole P Seth Lugo SS Jeremy Pena,,,
448,5201309863,nickferr9,0,103.65,1B Michael Busch 2B Nico Hoerner 3B Alex Bregman C Austin Wells OF Pete Crow-Armstrong OF Seiya Suzuki OF Ceddanne Rafaela P Logan Henderson P Michael King SS Colt Emerson,,,
449,5201179393,tbjones2121,0,103.6,1B Nathaniel Lowe 2B Jose Altuve 3B Isaac Paredes C Christian Vazquez OF Yordan Alvarez OF JJ Bleday OF Dane Myers P Gerrit Cole P Justin Wrobleski SS Jeremy Pena,,,
449,5201692393,jakeday92,0,103.6,1B Romy Gonzalez 2B Tommy Edman 3B Max Muncy C Jimmy Crooks OF Andy Pages OF Wilyer Abreu OF Ceddanne Rafaela P Gavin Williams P Reid Detmers SS Andruw Monasterio,,,
451,5201253540,nwspring52,0,103.55,1B Ty France 2B Nico Hoerner 3B Manny Machado C Carson Kelly OF Pete Crow-Armstrong OF Jackson Merrill OF Luis Rengifo P Peter Lambert P Justin Wrobleski SS Masyn Winn,,,
452,5201308267,itlldofarm,0,103.25,1B Nick Kurtz 2B Romy Gonzalez 3B Isaac Paredes C Carlos Narvaez OF Yordan Alvarez OF Jarren Duran OF Jahmai Jones P Gerrit Cole P Gavin Williams SS Andruw Monasterio,,,
452,5201408283,ihateurmomsson,0,103.25,1B Ty France 2B Travis Bazzana 3B Gabriel Arias C Luis Campusano OF Fernando Tatis Jr. OF Trevor Larnach OF Luis Rengifo P Logan Henderson P Taj Bradley SS Jeremy Pena,,,
452,5201730809,jdirany,0,103.25,1B Willson Contreras 2B Romy Gonzalez 3B Caleb Durbin C Victor Caratini OF Kody Clemens OF Ceddanne Rafaela OF Jahmai Jones P Gavin Williams P Taj Bradley SS Mookie Betts,,,
452,5201735064,dbeam09,0,103.25,1B Salvador Perez 2B Michael Massey 3B Brooks Lee C Austin Hedges OF Mike Trout OF Jorge Soler OF Luis Rengifo P Gerrit Cole P Gavin Williams SS Jeremy Pena,,,
456,5201178709,Wanna_Square_Up1567,0,103.2,1B Michael Busch 2B Kody Clemens 3B Isaac Paredes C Victor Caratini OF Yordan Alvarez OF Taylor Trammell OF Cam Smith P Taj Bradley P Gage Jump SS Jeremy Pena,,,
456,5201333778,Albqhokie,0,103.2,1B Willson Contreras 2B Romy Gonzalez 3B Manny Machado C William Contreras OF Fernando Tatis Jr. OF Isaac Collins OF Jahmai Jones P Gerrit Cole P Michael King SS Andruw Monasterio,,,
456,5201453494,Thunderdogs1957,0,103.2,1B Paul Goldschmidt 2B Jake Cronenworth 3B Caleb Durbin C Luis Campusano OF Pete Crow-Armstrong OF Ceddanne Rafaela OF Jackson Merrill P Gavin Williams P Peter Lambert SS Anthony Volpe,,,
456,5201539185,Lucky_Larry,0,103.2,1B Ty France 2B Jake Cronenworth 3B Manny Machado C William Contreras OF Byron Buxton OF Jackson Merrill OF Trevor Larnach P Taj Bradley P Michael King SS Xander Bogaerts,,,
456,5201658855,cris_248,0,103.2,1B Willson Contreras 2B Romy Gonzalez 3B Caleb Durbin C Dalton Rushing OF Shohei Ohtani OF Teoscar Hernandez OF Jahmai Jones P Taj Bradley P Michael King SS Brayan Rocchio,,,
456,5201709647,ericmint,0,103.2,1B Ty France 2B Jake Cronenworth 3B Manny Machado C Drew Romo OF Fernando Tatis Jr. OF Sam Antonacci OF Jackson Merrill P Taj Bradley P Michael King SS Colson Montgomery,,,
462,5201414864,HughGRexshun,0,103.15,1B Munetaka Murakami 2B Chase Meidroth 3B Nick Loftin C Victor Caratini OF Shohei Ohtani OF Wilyer Abreu OF Lars Nootbaar P Justin Wrobleski P Jake Bennett SS Ryan Kreidler,,,
463,5201437240,browns1234,0,103.05,1B Ty France 2B Jake Cronenworth 3B Pedro Ramirez C Carlos Narvaez OF Pete Crow-Armstrong OF Ceddanne Rafaela OF Jackson Merrill P Gavin Williams P Justin Wrobleski SS Mookie Betts,,,
463,5201597920,reich26,0,103.05,1B Jonah Heim 2B Jake Cronenworth 3B Tommy White C Ivan Herrera OF Byron Buxton OF Fernando Tatis Jr. OF Chase DeLauter P Gavin Williams P Justin Wrobleski SS Cooper Pratt,,,
463,5201602565,mgo14,0,103.05,1B Willson Contreras 2B Jake Cronenworth 3B Jose Ramirez C Dalton Rushing OF Kyle Tucker OF Jackson Merrill OF Gavin Sheets P Gavin Williams P Justin Wrobleski SS Andruw Monasterio,,,
463,5201618510,SlobberKnockers1,0,103.05,1B Josh Bell 2B Nico Hoerner 3B Sal Stewart C Jonah Heim OF Jackson Chourio OF Jake McCarthy OF Cole Carrigg P Gavin Williams P Justin Wrobleski SS Jeremy Pena,,,
467,5201453909,captain69,0,102.8,1B Alec Burleson 2B Jake Cronenworth 3B Alex Bregman C Ivan Herrera OF Pete Crow-Armstrong OF Jackson Merrill OF Lars Nootbaar P Gavin Williams P Jake Bennett SS Masyn Winn,,,
468,5201680749,OptimizerX,0,102.75,1B Shohei Ohtani 2B Jose Altuve 3B Luis Rengifo C Victor Caratini OF Yordan Alvarez OF Andrew Benintendi OF Steven Kwan P Peter Lambert P Colin Rea SS Jeremy Pena,,,
469,5201544125,wiltodd,0,102.7,1B Ben Rice 2B Chase Meidroth 3B Sal Stewart C William Contreras OF Seiya Suzuki OF Chase DeLauter OF Jasson Dominguez P Reid Detmers P Landen Roupp SS Willi Castro,,,
469,5201726124,magicmanmarketing,0,102.7,1B Munetaka Murakami 2B Jake Cronenworth 3B Vaughn Grissom C Drew Romo OF Sam Antonacci OF Jackson Merrill OF Andrew Benintendi P Logan Henderson P Gavin Williams SS Colson Montgomery,,,
471,5201589443,harness21,0,102.649994,1B Tommy White 2B Travis Bazzana 3B Jose Ramirez C Drew Romo OF Julio Rodriguez OF Chase DeLauter OF Braden Montgomery P Gavin Williams P Michael King SS Elly De La Cruz,,,
472,5201078209,aschuite,0,102.6,1B Rhys Hoskins 2B Jake Cronenworth 3B Max Muncy C Austin Hedges OF Shohei Ohtani OF Trevor Larnach OF Luis Rengifo P Gerrit Cole P Justin Wrobleski SS Andruw Monasterio,,,
472,5201235967,djkawleski,0,102.6,1B Ty France 2B Romy Gonzalez 3B Max Muncy C Victor Caratini OF Ceddanne Rafaela OF Jackson Merrill OF Trevor Larnach P Justin Wrobleski P Taj Bradley SS Mookie Betts,,,
472,5201546058,hoppinball26,0,102.6,1B Willson Contreras 2B Romy Gonzalez 3B Vaughn Grissom C Brian Serven OF Byron Buxton OF Wilyer Abreu OF Jarren Duran P Gavin Williams P Reid Detmers SS Andruw Monasterio,,,
472,5201722121,Erich00,0,102.6,1B Willson Contreras 2B Nico Hoerner 3B Luis Rengifo C Jonah Heim OF Kody Clemens OF Seiya Suzuki OF Ceddanne Rafaela P Justin Wrobleski P Taj Bradley SS Xander Bogaerts,,,
476,5201683209,smartin417,0,102.5,1B Freddie Freeman 2B Tommy Edman 3B Max Muncy C Jimmy Crooks OF Shohei Ohtani OF Andy Pages OF Jahmai Jones P Justin Wrobleski P Anthony Kay SS Andruw Monasterio,,,
477,5201134257,madgreek12,0,102.25,1B Nick Kurtz 2B Jake Cronenworth 3B Vaughn Grissom C Logan O'Hoppe OF Kyle Tucker OF Jac Caglianone OF Braden Montgomery P Gerrit Cole P Gavin Williams SS Zach Neto,,,
477,5201142595,Carlos015,0,102.25,1B Rhys Hoskins 2B Romy Gonzalez 3B Jose Ramirez C Carlos Narvaez OF Shohei Ohtani OF Wilyer Abreu OF Luis Rengifo P Gavin Williams P Taj Bradley SS Andruw Monasterio,,,
477,5201265042,mwr2001,0,102.25,1B Willson Contreras 2B Romy Gonzalez 3B Jose Ramirez C Carlos Narvaez OF Shohei Ohtani OF Chase DeLauter OF Jahmai Jones P Gavin Williams P Taj Bradley SS Andruw Monasterio,,,
477,5201634018,jlee7337,0,102.25,1B Freddie Freeman 2B Romy Gonzalez 3B Max Muncy C Carlos Narvaez OF Andy Pages OF Kyle Tucker OF Jahmai Jones P Gavin Williams P Taj Bradley SS Andruw Monasterio,,,
481,5201455290,Dubbzz,0,102.2,1B Shohei Ohtani 2B Romy Gonzalez 3B Jose Ramirez C Carlos Narvaez OF Julio Rodriguez OF Steven Kwan OF Jahmai Jones P Taj Bradley P Michael King SS Elly De La Cruz,,,
481,5201498385,Howardthedog,0,102.2,1B Michael Busch 2B Nico Hoerner 3B Jose Ramirez C Carson Kelly OF Seiya Suzuki OF Chase DeLauter OF Steven Kwan P Gavin Williams P Peter Lambert SS Brayan Rocchio,,,
481,5201510606,pipolechap,0,102.2,1B Sal Stewart 2B Jose Altuve 3B Tommy Edman C Carlos Narvaez OF Yordan Alvarez OF JJ Bleday OF Jahmai Jones P Taj Bradley P Michael King SS Jeremy Pena,,,
484,5201077192,beardownmaulers,0,102.15,1B Willson Contreras 2B Romy Gonzalez 3B Max Muncy C Carson Kelly OF Wilyer Abreu OF Ceddanne Rafaela OF Jahmai Jones P Taj Bradley P Reid Detmers SS Mookie Betts,,,
484,5201587993,KenTasch,0,102.15,1B Willson Contreras 2B Jake Cronenworth 3B Manny Machado C Carlos Narvaez OF Fernando Tatis Jr. OF Wilyer Abreu OF Ceddanne Rafaela P Taj Bradley P Reid Detmers SS Andruw Monasterio,,,
486,5201674189,fml82267,0,102.05,1B TJ Rumfield 2B Nico Hoerner 3B Alex Bregman C Jonah Heim OF Mike Trout OF Christian Yelich OF Jake McCarthy P Logan Henderson P Justin Wrobleski SS Xander Bogaerts,,,
487,5201190478,spamamoto,0,101.95,1B Willson Contreras 2B Romy Gonzalez 3B Manny Machado C Carlos Narvaez OF Fernando Tatis Jr. OF Ceddanne Rafaela OF Jackson Merrill P Justin Wrobleski P Reid Detmers SS Andruw Monasterio,,,
488,5201511952,Drip4Sale30,0,101.8,1B Paul Goldschmidt 2B Romy Gonzalez 3B Max Muncy C Ryan Jeffers OF Fernando Tatis Jr. OF Gavin Sheets OF Jahmai Jones P Gavin Williams P Landen Roupp SS Andruw Monasterio,,,
489,5201536115,Krex408,0,101.75,1B Ty France 2B Jake Cronenworth 3B Manny Machado C Jonah Heim OF Pete Crow-Armstrong OF Jackson Merrill OF Jasson Dominguez P Peter Lambert P Taj Bradley SS Jeremy Pena,,,
490,5201676104,Whoson1st66,0,101.7,1B Victor Caratini 2B Tommy Edman 3B Brooks Lee C Ryan Jeffers OF Fernando Tatis Jr. OF Kyle Tucker OF Sam Antonacci P Taj Bradley P Anthony Kay SS Christian Koss,,,
491,5201312586,bearsden1975,0,101.65,1B Michael Busch 2B Romy Gonzalez 3B Jose Ramirez C Dalton Rushing OF Fernando Tatis Jr. OF Steven Kwan OF Gavin Sheets P Logan Henderson P Michael King SS Andruw Monasterio,,,
491,5201316688,skylercarlin28,0,101.65,1B Freddie Freeman 2B Romy Gonzalez 3B Max Muncy C Victor Caratini OF Jackson Merrill OF Trevor Larnach OF Luke Keaschall P Logan Henderson P Michael King SS Ryan Kreidler,,,
493,5201329747,cjstark72,0,101.6,1B Willson Contreras 2B Jake Cronenworth 3B Caleb Durbin C Jonah Heim OF Jordan Walker OF Andy Pages OF Jackson Merrill P Gavin Williams P Reid Detmers SS Anthony Volpe,,,
494,5201249388,krupstef,0,101.55,1B Willson Contreras 2B Travis Bazzana 3B Jose Fermin C Carlos Narvaez OF Shohei Ohtani OF Seiya Suzuki OF Colby Thomas P Michael King P Reid Detmers SS Jacob Wilson,,,
494,5201283884,MKies816,0,101.55,1B Shohei Ohtani 2B Jake Cronenworth 3B Luis Rengifo C Dalton Rushing OF Kyle Tucker OF Ceddanne Rafaela OF Jackson Merrill P Peter Lambert P Justin Wrobleski SS Andruw Monasterio,,,
496,5201437222,mrfb,0,101.45,1B Paul Goldschmidt 2B Jake Cronenworth 3B Luis Rengifo C Ivan Herrera OF Pete Crow-Armstrong OF Fernando Tatis Jr. OF Jackson Merrill P Gavin Williams P Seth Lugo SS Xander Bogaerts,,,
497,5201213086,kepenekela,0,101.25,1B Josh Naylor 2B Romy Gonzalez 3B Jose Ramirez C Cal Raleigh OF Wilyer Abreu OF Ceddanne Rafaela OF Jarren Duran P Gavin Williams P Taj Bradley SS Andruw Monasterio,,,
498,5201247666,TeddyBearTerri,0,101.15,1B Ty France 2B Tommy Edman 3B Max Muncy C Carlos Narvaez OF Shohei Ohtani OF Kyle Tucker OF Luis Rengifo P Justin Wrobleski P Jake Bennett SS Andruw Monasterio,,,
498,5201255732,mollyballs,0,101.15,1B Freddie Freeman 2B Tommy Edman 3B Caleb Durbin C Carlos Narvaez OF Kyle Tucker OF Jackson Merrill OF Teoscar Hernandez P Taj Bradley P Reid Detmers SS Mookie Betts,,,
498,5201355851,Ngabriel1987,0,101.15,1B Paul Goldschmidt 2B Jose Altuve 3B Alex Bregman C Luis Campusano OF Fernando Tatis Jr. OF JJ Bleday OF Steven Kwan P Justin Wrobleski P Jake Bennett SS Mookie Betts,,,
501,5201283906,john5555,0,101.05,1B Paul Goldschmidt 2B Jake Cronenworth 3B Luis Rengifo C Dalton Rushing OF Byron Buxton OF Kyle Tucker OF Jackson Merrill P Gavin Williams P Justin Wrobleski SS Anthony Volpe,,,
501,5201640961,jckasta40,0,101.05,1B Freddie Freeman 2B Chase Meidroth 3B Vaughn Grissom C Drew Romo OF Mike Trout OF Braden Montgomery OF Andrew Benintendi P Gavin Williams P Justin Wrobleski SS Mookie Betts,,,
501,5201644618,Timbo314636,0,101.05,1B Freddie Freeman 2B Tommy Edman 3B Caleb Durbin C Dalton Rushing OF Wilyer Abreu OF Kyle Tucker OF Jahmai Jones P Gavin Williams P Justin Wrobleski SS Andruw Monasterio,,,
501,5201671530,Ezilodi,0,101.05,1B Christian Walker 2B Jose Altuve 3B Isaac Paredes C Carlos Narvaez OF Yordan Alvarez OF Mike Trout OF Cam Smith P Gavin Williams P Justin Wrobleski SS Andruw Monasterio,,,
501,5201732221,libbertc,0,101.05,1B Shohei Ohtani 2B Romy Gonzalez 3B Caleb Durbin C Jonah Heim OF Wilyer Abreu OF Ceddanne Rafaela OF Jahmai Jones P Gavin Williams P Justin Wrobleski SS Brayan Rocchio,,,
506,5201654608,Habersham1275H,0,101,1B Bryce Eldridge 2B Luis Arraez 3B Alex Bregman C Cal Raleigh OF Jordan Walker OF Jac Caglianone OF Lars Nootbaar P Justin Wrobleski P Gage Jump SS Colson Montgomery,,,
507,5201206047,TheLand91,0,100.95,1B Willson Contreras 2B Jake Cronenworth 3B Luis Rengifo C Dalton Rushing OF Seiya Suzuki OF Ceddanne Rafaela OF Jackson Merrill P Justin Wrobleski P Reid Detmers SS Jeremy Pena,,,
508,5201163114,texascub,0,100.7,1B Freddie Freeman 2B Jake Cronenworth 3B Max Muncy C Dalton Rushing OF Shohei Ohtani OF Kyle Tucker OF Jahmai Jones P Reid Detmers P Landen Roupp SS Andruw Monasterio,,,
509,5201268192,Sisco510,0,100.65,1B Romy Gonzalez 2B Jake Cronenworth 3B Luis Rengifo C Jonah Heim OF Fernando Tatis Jr. OF Kody Clemens OF Jackson Merrill P Logan Henderson P Michael King SS Jeremy Pena,,,
509,5201503461,rsmith1984,0,100.649994,1B Ben Rice 2B Nico Hoerner 3B Isaac Paredes C Luis Campusano OF Randy Arozarena OF Jackson Merrill OF Jahmai Jones P Gavin Williams P Michael King SS Jeremy Pena,,,
509,5201674058,tonerman40,0,100.649994,1B Paul Goldschmidt 2B Jake Cronenworth 3B Caleb Durbin C Jonah Heim OF Shohei Ohtani OF Wilyer Abreu OF Jahmai Jones P Gavin Williams P Michael King SS Elly De La Cruz,,,
509,5201674760,cadedawg35a,0,100.649994,1B Paul Goldschmidt 2B Jazz Chisholm Jr. 3B Max Muncy C Austin Wells OF Andy Pages OF Trent Grisham OF Jasson Dominguez P Gavin Williams P Michael King SS Andruw Monasterio,,,
513,5201125980,rickpersic,0,100.6,1B Willson Contreras 2B Jake Cronenworth 3B Max Muncy C Drew Cavanaugh OF Ceddanne Rafaela OF Jackson Merrill OF Garrett Mitchell P Justin Wrobleski P Taj Bradley SS Jeremy Pena,,,
514,5201224184,soaks0933,0,100.35,1B Ty France 2B Jazz Chisholm Jr. 3B Tommy Edman C Gary Sanchez OF Shohei Ohtani OF Tyler Soderstrom OF Andrew Benintendi P Taj Bradley P Jake Bennett SS Ezequiel Tovar,,,
514,5201250306,Riffraff76,0,100.35,1B Freddie Freeman 2B Jake Cronenworth 3B Max Muncy C Dalton Rushing OF Jackson Merrill OF Luis Rengifo OF Gavin Sheets P Gerrit Cole P Landen Roupp SS Jeremy Pena,,,
516,5201380283,mallen2010,0,100.25,1B Rhys Hoskins 2B Nico Hoerner 3B Jose Ramirez C Ivan Herrera OF Seiya Suzuki OF Chase DeLauter OF Steven Kwan P Gavin Williams P Taj Bradley SS Brayan Rocchio,,,
516,5201563763,Skralph,0,100.25,1B Freddie Freeman 2B Tommy Edman 3B Max Muncy C Cal Raleigh OF Andy Pages OF Julio Rodriguez OF Jahmai Jones P Landen Roupp P Anthony Kay SS Mookie Betts,,,
516,5201670031,Flash788,0,100.25,1B Willson Contreras 2B Jake Cronenworth 3B Jose Ramirez C Carlos Narvaez OF Kody Clemens OF Jackson Merrill OF Luis Rengifo P Gerrit Cole P Gavin Williams SS Andruw Monasterio,,,
519,5201410300,ArchimedesWhitfield,0,100.2,1B Andrew Vaughn 2B Brice Turang 3B David Hamilton C Jonah Heim OF Jackson Chourio OF Christian Yelich OF Colby Thomas P Logan Henderson P Peter Lambert SS Jacob Wilson,,,
519,5201689088,runrva84,0,100.2,1B Munetaka Murakami 2B Jake Cronenworth 3B Manny Machado C Luis Campusano OF Sam Antonacci OF Jackson Merrill OF Gavin Sheets P Taj Bradley P Michael King SS Colson Montgomery,,,
521,5201362761,nrlane24,0,100.15,1B Freddie Freeman 2B Jake Cronenworth 3B Josh Rojas C Carlos Narvaez OF Shohei Ohtani OF Andy Pages OF Teoscar Hernandez P Taj Bradley P Reid Detmers SS Mookie Betts,,,
521,5201650158,makeitrainonem,0,100.15,1B Michael Busch 2B Tommy Edman 3B Pedro Ramirez C Carson Kelly OF Pete Crow-Armstrong OF Kyle Tucker OF Ian Happ P Justin Wrobleski P Jake Bennett SS Ryan Kreidler,,,
523,5201279899,kipwinger,0,100.05,1B TJ Rumfield 2B Chase Meidroth 3B Caleb Durbin C Yainer Diaz OF Jackson Chourio OF Ceddanne Rafaela OF Jake McCarthy P Gavin Williams P Justin Wrobleski SS Jacob Wilson,,,
523,5201530366,Willyo111,0,100.05,1B Munetaka Murakami 2B Jake Cronenworth 3B Jose Ramirez C Austin Hedges OF Mickey Moniak OF Jackson Merrill OF Isaac Collins P Gavin Williams P Justin Wrobleski SS Willy Adames,,,
525,5201663746,DreamchaserJC,0,100,1B Freddie Freeman 2B Christian Koss 3B Max Muncy C Dalton Rushing OF Shohei Ohtani OF Teoscar Hernandez OF Jahmai Jones P Justin Wrobleski P Michael King SS Andruw Monasterio,,,
526,5201506908,ChevChelios,0,99.95,1B Ty France 2B Jake Cronenworth 3B Luis Rengifo C Ryan Jeffers OF Fernando Tatis Jr. OF Kody Clemens OF Jackson Merrill P Justin Wrobleski P Reid Detmers SS Ryan Kreidler,,,
527,5201119222,BoSox63,0,99.8,1B Willson Contreras 2B Romy Gonzalez 3B Manny Machado C Carlos Narvaez OF Fernando Tatis Jr. OF Ceddanne Rafaela OF Jahmai Jones P Gavin Williams P Jake Bennett SS Jeremy Pena,,,
528,5201300327,WillPower23,0,99.75,1B Alec Burleson 2B Brice Turang 3B Max Muncy C Carson Kelly OF Jackson Merrill OF Trevor Larnach OF Jahmai Jones P Michael King P Jake Bennett SS Jeremy Pena,,,
529,5201556722,Sbdog44,0,99.7,1B Rafael Devers 2B Tommy Edman 3B Brooks Lee C Cal Raleigh OF Jackson Chourio OF Christian Yelich OF Sam Antonacci P Taj Bradley P Anthony Kay SS Willy Adames,,,
530,5201709017,Farfaloanianraiders1,0,99.649994,1B Ty France 2B Jake Cronenworth 3B Manny Machado C Jonah Heim OF Mike Trout OF Ceddanne Rafaela OF Jackson Merrill P Gavin Williams P Michael King SS Jeremy Pena,,,
531,5201572765,DaBanker,0,99.6,1B Ty France 2B Jake Cronenworth 3B Luis Rengifo C Ryan Jeffers OF Fernando Tatis Jr. OF Jackson Merrill OF Luke Keaschall P Gerrit Cole P Justin Wrobleski SS Ryan Kreidler,,,
531,5201695470,Casey0504,0,99.6,1B Paul Goldschmidt 2B Romy Gonzalez 3B Jose Ramirez C Carlos Narvaez OF Wilyer Abreu OF Ceddanne Rafaela OF Jackson Merrill P Gavin Williams P Reid Detmers SS Zach Neto,,,
533,5201288812,timmort2,0,99.55,1B Willson Contreras 2B Romy Gonzalez 3B Caleb Durbin C Jonah Heim OF Shohei Ohtani OF Wilyer Abreu OF Jahmai Jones P Michael King P Reid Detmers SS Zach Neto,,,
533,5201342396,moosh20,0,99.55,1B Willson Contreras 2B Romy Gonzalez 3B Caleb Durbin C Jonah Heim OF Shohei Ohtani OF Wilyer Abreu OF Jahmai Jones P Michael King P Reid Detmers SS Zach Neto,,,
535,5201654042,FlameThrower4,0,99.35,1B Christian Walker 2B Jose Altuve 3B Isaac Paredes C Victor Caratini OF Yordan Alvarez OF Trevor Larnach OF Luke Keaschall P Taj Bradley P Jake Bennett SS Jeremy Pena,,,
536,5201225586,bluester111,0,99.25,1B Paul Goldschmidt 2B Romy Gonzalez 3B Jose Ramirez C Jonah Heim OF Shohei Ohtani OF Chase DeLauter OF Steven Kwan P Gavin Williams P Taj Bradley SS Andruw Monasterio,,,
536,5201235436,lukiej07,0,99.25,1B Rhys Hoskins 2B Luis Arraez 3B Jose Ramirez C Austin Hedges OF Fernando Tatis Jr. OF Steven Kwan OF Petey Halpin P Gavin Williams P Taj Bradley SS Jeremy Pena,,,
536,5201296024,mciama2000,0,99.25,1B Rhys Hoskins 2B Romy Gonzalez 3B Jose Ramirez C Carlos Narvaez OF Shohei Ohtani OF Chase DeLauter OF Steven Kwan P Gerrit Cole P Gavin Williams SS Andruw Monasterio,,,
536,5201364412,MiddleAgeTryHard,0,99.25,1B Willson Contreras 2B Jake Cronenworth 3B Jose Ramirez C Carlos Narvaez OF Shohei Ohtani OF Chase DeLauter OF Steven Kwan P Gavin Williams P Taj Bradley SS Andruw Monasterio,,,
536,5201559287,rcarena,0,99.25,1B Freddie Freeman 2B Jake Cronenworth 3B Luis Rengifo C Dalton Rushing OF Andy Pages OF Kyle Tucker OF Jahmai Jones P Gavin Williams P Taj Bradley SS Mookie Betts,,,
536,5201665999,david82165,0,99.25,1B Nolan Schanuel 2B Tommy Edman 3B Vaughn Grissom C Logan O'Hoppe OF Mike Trout OF Kyle Tucker OF Teoscar Hernandez P Gavin Williams P Taj Bradley SS Mookie Betts,,,
542,5201155998,TheHyperCritic,0,99.2,1B Willson Contreras 2B Jake Cronenworth 3B Manny Machado C Carlos Narvaez OF Wilyer Abreu OF Ceddanne Rafaela OF Jackson Merrill P Gerrit Cole P Michael King SS Xander Bogaerts,,,
542,5201406805,skinsfan2881,0,99.2,1B Freddie Freeman 2B Jake Cronenworth 3B Manny Machado C Jonah Heim OF Fernando Tatis Jr. OF Andy Pages OF Jahmai Jones P Taj Bradley P Michael King SS Xander Bogaerts,,,
542,5201619228,seth1374,0,99.2,1B Romy Gonzalez 2B Tommy Edman 3B Caleb Durbin C Carlos Narvaez OF Shohei Ohtani OF Andy Pages OF Ceddanne Rafaela P Taj Bradley P Michael King SS Andruw Monasterio,,,
542,5201637236,dublinking,0,99.2,1B Willson Contreras 2B Jazz Chisholm Jr. 3B Manny Machado C Austin Wells OF Jackson Merrill OF Jarren Duran OF Luis Rengifo P Gerrit Cole P Michael King SS Xander Bogaerts,,,
546,5201324234,kidzero,0,99.149994,1B Willson Contreras 2B Romy Gonzalez 3B Caleb Durbin C Brian Serven OF Pete Crow-Armstrong OF Wilyer Abreu OF Ceddanne Rafaela P Gavin Williams P Anthony Kay SS Jacob Wilson,,,
547,5201545767,zestfulyclean,0,99.05,1B Ty France 2B Jake Cronenworth 3B Luis Rengifo C Dalton Rushing OF Yordan Alvarez OF Kyle Tucker OF Cam Smith P Gavin Williams P Justin Wrobleski SS Jeremy Pena,,,
547,5201552143,OnPoint41,0,99.05,1B Freddie Freeman 2B Romy Gonzalez 3B Caleb Durbin C Jonah Heim OF Shohei Ohtani OF Ceddanne Rafaela OF Jahmai Jones P Gavin Williams P Justin Wrobleski SS Andruw Monasterio,,,
549,5201299600,Ship1992,0,98.8,1B Paul Goldschmidt 2B JJ Wetherholt 3B Pedro Ramirez C Ivan Herrera OF Jackson Chourio OF Ian Happ OF Jose Fermin P Logan Henderson P Jake Bennett SS Brayan Rocchio,,,
549,5201341079,aformb21,0,98.8,1B Willson Contreras 2B Romy Gonzalez 3B Caleb Durbin C Carlos Narvaez OF Shohei Ohtani OF Teoscar Hernandez OF Jahmai Jones P Gavin Williams P Jake Bennett SS Mookie Betts,,,
551,5201694930,thesnod,0,98.75,1B Victor Caratini 2B Edouard Julien 3B Manny Machado C Yainer Diaz OF Fernando Tatis Jr. OF Kyle Tucker OF Teoscar Hernandez P Peter Lambert P Taj Bradley SS Ryan Kreidler,,,
552,5201260468,phatandy14,0,98.7,1B Willson Contreras 2B Kody Clemens 3B Caleb Durbin C Victor Caratini OF Ceddanne Rafaela OF Jackson Merrill OF Luis Rengifo P Gerrit Cole P Anthony Kay SS Jeremy Pena,,,
552,5201408716,lyhanson,0,98.7,1B Josh Bell 2B Kody Clemens 3B Tommy Edman C Victor Caratini OF Byron Buxton OF Trevor Larnach OF Jasson Dominguez P Taj Bradley P Anthony Kay SS Jeremy Pena,,,
554,5201089744,BChap71,0,98.6,1B Freddie Freeman 2B Jake Cronenworth 3B Manny Machado C Jonah Heim OF Fernando Tatis Jr. OF Trevor Larnach OF Jahmai Jones P Justin Wrobleski P Taj Bradley SS Jacob Wilson,,,
554,5201180906,butchismyhomie,0,98.6,1B Willson Contreras 2B Romy Gonzalez 3B Jose Ramirez C Jonah Heim OF Shohei Ohtani OF Chase DeLauter OF Jahmai Jones P Gavin Williams P Reid Detmers SS Andruw Monasterio,,,
554,5201254528,bluefalcon67114,0,98.6,1B Josh Bell 2B Kody Clemens 3B Caleb Durbin C Victor Caratini OF Wilyer Abreu OF Ceddanne Rafaela OF Lars Nootbaar P Gerrit Cole P Justin Wrobleski SS Masyn Winn,,,
554,5201263309,acerun34,0,98.6,1B Josh Bell 2B Alika Williams 3B Caleb Durbin C Christian Vazquez OF Pete Crow-Armstrong OF Mike Trout OF Mickey Moniak P Justin Wrobleski P Taj Bradley SS Anthony Volpe,,,
554,5201356608,milehisooner,0,98.6,1B Willson Contreras 2B Romy Gonzalez 3B Jose Ramirez C Jonah Heim OF Shohei Ohtani OF Chase DeLauter OF Jahmai Jones P Gavin Williams P Reid Detmers SS Andruw Monasterio,,,
554,5201481191,jcobb04,0,98.6,1B Willson Contreras 2B Romy Gonzalez 3B Caleb Durbin C Carlos Narvaez OF Pete Crow-Armstrong OF Seiya Suzuki OF Petey Halpin P Gavin Williams P Reid Detmers SS Andruw Monasterio,,,
554,5201494765,lklk88088,0,98.6,1B Rhys Hoskins 2B Brice Turang 3B Gabriel Arias C Austin Hedges OF Pete Crow-Armstrong OF Ian Happ OF Chase DeLauter P Gavin Williams P Reid Detmers SS Brayan Rocchio,,,
554,5201603555,zwack222,0,98.6,1B Willson Contreras 2B Romy Gonzalez 3B Jose Ramirez C Jonah Heim OF Shohei Ohtani OF Chase DeLauter OF Jahmai Jones P Gavin Williams P Reid Detmers SS Andruw Monasterio,,,
554,5201621040,fritzruby1,0,98.6,1B Willson Contreras 2B Romy Gonzalez 3B Jose Ramirez C Jonah Heim OF Shohei Ohtani OF Chase DeLauter OF Jahmai Jones P Gavin Williams P Reid Detmers SS Andruw Monasterio,,,
563,5201454228,Sheltonjl17,0,98.55,1B Freddie Freeman 2B Jake Cronenworth 3B Max Muncy C Ivan Herrera OF Jackson Merrill OF Trevor Larnach OF Lars Nootbaar P Michael King P Reid Detmers SS Jacob Wilson,,,
563,5201565590,SEAU619,0,98.55,1B Munetaka Murakami 2B Tommy Edman 3B Alex Bregman C Carlos Narvaez OF Kody Clemens OF Jackson Merrill OF Luis Rengifo P Michael King P Reid Detmers SS Colson Montgomery,,,
565,5201255653,dext56ses,0,98.45,1B Rhys Hoskins 2B Travis Bazzana 3B Isaac Paredes C William Contreras OF Jackson Chourio OF Jackson Merrill OF Garrett Mitchell P Logan Henderson P Seth Lugo SS Jeremy Pena,,,
566,5201689598,oldangrygamer,0,98.4,1B Willson Contreras 2B Jake Cronenworth 3B Manny Machado C Carter Jensen OF Fernando Tatis Jr. OF Jackson Merrill OF Jahmai Jones P Michael King P Seth Lugo SS Zach Neto,,,
567,5201738134,dmarthachamp,0,98.3,1B Ty France 2B Jake Cronenworth 3B Alex Bregman C Carson Kelly OF Pete Crow-Armstrong OF Seiya Suzuki OF Jackson Merrill P Peter Lambert P Jake Bennett SS Jeremy Pena,,,
568,5201091283,jefflaw24,0,98.25,1B Willson Contreras 2B Romy Gonzalez 3B Caleb Durbin C Jonah Heim OF Fernando Tatis Jr. OF Wilyer Abreu OF Trevor Larnach P Logan Henderson P Colin Rea SS Jacob Wilson,,,
568,5201107417,rajonrondough,0,98.25,1B Romy Gonzalez 2B Jake Cronenworth 3B Jose Ramirez C Carlos Narvaez OF Shohei Ohtani OF Chase DeLauter OF Jahmai Jones P Gavin Williams P Taj Bradley SS Elly De La Cruz,,,
568,5201241548,Bdk1977,0,98.25,1B Rhys Hoskins 2B Jake Cronenworth 3B Jose Ramirez C Luis Campusano OF Fernando Tatis Jr. OF Chase DeLauter OF Steven Kwan P Gavin Williams P Taj Bradley SS Brayan Rocchio,,,
568,5201299597,LOCNOTM,0,98.25,1B Rhys Hoskins 2B Jake Cronenworth 3B Jose Ramirez C Luis Campusano OF Fernando Tatis Jr. OF Chase DeLauter OF Steven Kwan P Gavin Williams P Taj Bradley SS Brayan Rocchio,,,
568,5201463663,phuff12,0,98.25,1B Ty France 2B Jake Cronenworth 3B Luis Rengifo C Carlos Narvaez OF Pete Crow-Armstrong OF Ceddanne Rafaela OF Jackson Merrill P Gerrit Cole P Gavin Williams SS Jeremy Pena,,,
568,5201479987,Ccjhmj22,0,98.25,1B Paul Goldschmidt 2B Jake Cronenworth 3B Amed Rosario C Ivan Herrera OF Byron Buxton OF Ceddanne Rafaela OF Jackson Merrill P Gavin Williams P Taj Bradley SS Anthony Volpe,,,
574,5201246728,gooey911,0,98.2,1B Michael Busch 2B Brice Turang 3B Luis Rengifo C Victor Caratini OF Kody Clemens OF Jackson Chourio OF Jahmai Jones P Taj Bradley P Michael King SS Mookie Betts,,,
574,5201301102,Packersstillsuck123,0,98.2,1B Willson Contreras 2B Jake Cronenworth 3B Max Muncy C Carson Kelly OF Byron Buxton OF Jackson Merrill OF Luis Rengifo P Taj Bradley P Michael King SS Ryan Kreidler,,,
574,5201317650,mjv2009,0,98.2,1B Willson Contreras 2B Jake Cronenworth 3B Caleb Durbin C Jonah Heim OF Fernando Tatis Jr. OF Wilyer Abreu OF Jarren Duran P Taj Bradley P Michael King SS Xander Bogaerts,,,
577,5201383515,nbarrjr,0,98.15,1B Ty France 2B Jake Cronenworth 3B Luis Rengifo C Carter Jensen OF Shohei Ohtani OF Jackson Merrill OF Gavin Sheets P Peter Lambert P Michael King SS Mookie Betts,,,
578,5201422492,caglejer,0,98.05,1B Paul Goldschmidt 2B Jake Cronenworth 3B Luis Rengifo C Dalton Rushing OF Byron Buxton OF Kody Clemens OF Gavin Sheets P Gavin Williams P Justin Wrobleski SS Anthony Volpe,,,
578,5201656629,lyfehooper23,0,98.05,1B Ty France 2B Jake Cronenworth 3B Manny Machado C Ivan Herrera OF Jordan Walker OF Jackson Merrill OF Luis Rengifo P Gavin Williams P Justin Wrobleski SS Masyn Winn,,,
580,5201726061,robdawg5,0,97.95,1B Bryce Eldridge 2B Nico Hoerner 3B Amed Rosario C Jose Trevino OF Fernando Tatis Jr. OF Jordan Walker OF Ian Happ P Peter Lambert P Seth Lugo SS Elly De La Cruz,,,
581,5201291981,Doublution,0,97.8,1B Josh Bell 2B Kody Clemens 3B Amed Rosario C Ryan Jeffers OF Trent Grisham OF Trevor Larnach OF Jasson Dominguez P Logan Henderson P Jake Bennett SS Anthony Volpe,,,
581,5201330883,tkanne24,0,97.8,1B Christian Walker 2B Jose Altuve 3B Isaac Paredes C Austin Hedges OF Yordan Alvarez OF Chase DeLauter OF Jasson Dominguez P Gavin Williams P Landen Roupp SS Jeremy Pena,,,
581,5201463469,CrucialConflict74,0,97.8,1B Shohei Ohtani 2B Travis Bazzana 3B Manny Machado C Jonah Heim OF Chase DeLauter OF Troy Johnston OF Isaac Collins P Gavin Williams P Jake Bennett SS Brayan Rocchio,,,
584,5201719884,briangoga24,0,97.75,1B Michael Busch 2B Christian Koss 3B Alex Bregman C Carson Kelly OF Pete Crow-Armstrong OF Ceddanne Rafaela OF Ian Happ P Gerrit Cole P Peter Lambert SS Andruw Monasterio,,,
585,5201280472,bones87,0,97.7,1B Romy Gonzalez 2B Jake Cronenworth 3B Jose Ramirez C Jonah Heim OF Jackson Chourio OF Jackson Merrill OF Chase DeLauter P Logan Henderson P Gavin Williams SS Brayan Rocchio,,,
585,5201322642,DougEFresh1212,0,97.7,1B Freddie Freeman 2B Jake Cronenworth 3B Manny Machado C Carlos Narvaez OF Pete Crow-Armstrong OF Kyle Tucker OF Jahmai Jones P Logan Henderson P Gavin Williams SS Andruw Monasterio,,,
585,5201665934,gordeezyankeez,0,97.7,1B Ben Rice 2B Nico Hoerner 3B Caleb Durbin C Dalton Rushing OF Ceddanne Rafaela OF Jackson Merrill OF Luis Rengifo P Reid Detmers P Landen Roupp SS Cooper Pratt,,,
588,5201388982,henry296,0,97.649994,1B Rhys Hoskins 2B Jose Altuve 3B Jose Ramirez C Cal Raleigh OF Fernando Tatis Jr. OF Steven Kwan OF Petey Halpin P Gavin Williams P Michael King SS Brayan Rocchio,,,
588,5201648088,robvaughan,0,97.649994,1B Willson Contreras 2B Jake Cronenworth 3B Manny Machado C Carlos Narvaez OF Pete Crow-Armstrong OF Jackson Merrill OF Jahmai Jones P Gavin Williams P Michael King SS Jeremy Pena,,,
590,5201156754,NotSoLucky14,0,97.6,1B Michael Busch 2B Jake Cronenworth 3B Caleb Durbin C Dalton Rushing OF Byron Buxton OF Jackson Merrill OF Chase DeLauter P Justin Wrobleski P Taj Bradley SS Anthony Volpe,,,
590,5201255980,IRhowie2,0,97.6,1B Willson Contreras 2B Jake Cronenworth 3B Manny Machado C Luis Campusano OF Fernando Tatis Jr. OF Wilyer Abreu OF Luis Rengifo P Justin Wrobleski P Taj Bradley SS Christian Koss,,,
592,5201252629,Primetime2194,0,97.5,1B Freddie Freeman 2B JJ Wetherholt 3B Tommy Edman C Jimmy Crooks OF Shohei Ohtani OF Jordan Walker OF Grant McCray P Justin Wrobleski P Anthony Kay SS Cooper Pratt,,,
593,5201503428,ktown26,0,97.35,1B Paul Goldschmidt 2B Jake Cronenworth 3B Jose Ramirez C Cal Raleigh OF Shohei Ohtani OF Trevor Larnach OF Jasson Dominguez P Taj Bradley P Landen Roupp SS Anthony Volpe,,,
594,5201208571,smw3184,0,97.25,1B Ty France 2B Jake Cronenworth 3B Luis Rengifo C Jose Trevino OF Pete Crow-Armstrong OF Seiya Suzuki OF Luke Keaschall P Gerrit Cole P Gavin Williams SS Jeremy Pena,,,
594,5201355277,strausberg,0,97.25,1B Freddie Freeman 2B Jose Altuve 3B Amed Rosario C Jonah Heim OF Randy Arozarena OF Kyle Tucker OF Jasson Dominguez P Logan Henderson P Taj Bradley SS Anthony Volpe,,,
594,5201535613,Bazoinkles,0,97.25,1B Shohei Ohtani 2B Romy Gonzalez 3B Jose Ramirez C Carter Jensen OF Ceddanne Rafaela OF Chase DeLauter OF Jahmai Jones P Gavin Williams P Taj Bradley SS Christian Koss,,,
594,5201574766,mgoblue123,0,97.25,1B Ty France 2B Romy Gonzalez 3B Caleb Durbin C Jonah Heim OF Wilyer Abreu OF Ceddanne Rafaela OF Jarren Duran P Gerrit Cole P Gavin Williams SS Jeremy Pena,,,
594,5201584833,tjames3221,0,97.25,1B Rhys Hoskins 2B Romy Gonzalez 3B Jose Ramirez C Carlos Narvaez OF Shohei Ohtani OF Chase DeLauter OF Steven Kwan P Gavin Williams P Taj Bradley SS Brayan Rocchio,,,
594,5201633928,embaptiste2981,0,97.25,1B Willson Contreras 2B Romy Gonzalez 3B Vaughn Grissom C Jonah Heim OF Wilyer Abreu OF Ceddanne Rafaela OF Jahmai Jones P Gerrit Cole P Logan Henderson SS Jacob Wilson,,,
594,5201671245,RyBro24,0,97.25,1B Josh Bell 2B Kody Clemens 3B Amed Rosario C Austin Wells OF Byron Buxton OF Trent Grisham OF Trevor Larnach P Gavin Williams P Taj Bradley SS Anthony Volpe,,,
601,5201272076,canovsp,0,97.2,1B Ty France 2B Jake Cronenworth 3B Manny Machado C Ryan Jeffers OF Kody Clemens OF Jackson Merrill OF Luis Rengifo P Taj Bradley P Michael King SS Brayan Rocchio,,,
601,5201508987,Jiwyman1,0,97.2,1B Shohei Ohtani 2B Cole Young 3B Manny Machado C Jonah Heim OF Ceddanne Rafaela OF Luis Rengifo OF Colby Thomas P Logan Henderson P Peter Lambert SS Alika Williams,,,
601,5201657194,hart03,0,97.2,1B Josh Bell 2B Jake Cronenworth 3B Manny Machado C Ryan Jeffers OF Kody Clemens OF Trevor Larnach OF JJ Bleday P Taj Bradley P Michael King SS Ryan Kreidler,,,
604,5201215368,winningfaith,0,97.05,1B Rafael Devers 2B Nico Hoerner 3B Manny Machado C Carson Kelly OF Tyler Soderstrom OF Wilyer Abreu OF Jo Adell P Gavin Williams P Justin Wrobleski SS Ryan Kreidler,,,
604,5201296020,jbhguru77,0,97.05,1B Ty France 2B Jake Cronenworth 3B Max Muncy C Dalton Rushing OF Shohei Ohtani OF Jackson Merrill OF Luis Rengifo P Michael King P Michael McGreevy SS Mookie Betts,,,
604,5201591964,neterka,0,97.05,1B Ty France 2B Jake Cronenworth 3B Luis Rengifo C Jonah Heim OF Shohei Ohtani OF Kody Clemens OF Jahmai Jones P Logan Henderson P Justin Wrobleski SS Jeremy Pena,,,
604,5201655265,Davidstillwell,0,97.05,1B Willson Contreras 2B Jake Cronenworth 3B Manny Machado C Jonah Heim OF Wilyer Abreu OF Ceddanne Rafaela OF Jackson Merrill P Gavin Williams P Justin Wrobleski SS Andruw Monasterio,,,
604,5201729535,schneiderman8,0,97.05,1B Willson Contreras 2B Romy Gonzalez 3B Luis Rengifo C Dalton Rushing OF Wilyer Abreu OF Ceddanne Rafaela OF Jackson Merrill P Gavin Williams P Justin Wrobleski SS Andruw Monasterio,,,
609,5201281495,BOOKMAHON,0,96.8,1B Michael Busch 2B Travis Bazzana 3B Alex Bregman C Logan O'Hoppe OF Pete Crow-Armstrong OF Seiya Suzuki OF Ian Happ P Gavin Williams P Landen Roupp SS Andruw Monasterio,,,
609,5201363134,souge369,0,96.8,1B Freddie Freeman 2B Anthony Seigler 3B Eugenio Suarez C Hunter Goodman OF Shohei Ohtani OF Trevor Larnach OF Lane Thomas P Taj Bradley P Colin Rea SS Masyn Winn,,,
609,5201536033,mcooper2300,0,96.8,1B Freddie Freeman 2B Jake Cronenworth 3B Max Muncy C Carlos Narvaez OF Shohei Ohtani OF Andy Pages OF Jahmai Jones P Gavin Williams P Landen Roupp SS Andruw Monasterio,,,
609,5201711706,starmap3333,0,96.8,1B Willson Contreras 2B Jake Cronenworth 3B Luis Rengifo C Dalton Rushing OF Wilyer Abreu OF Ceddanne Rafaela OF Jackson Merrill P Gavin Williams P Jake Bennett SS Jeremy Pena,,,
613,5201744832,robbyb73,0,96.7,1B Rhys Hoskins 2B Kody Clemens 3B Jose Ramirez C Carlos Narvaez OF Andy Pages OF Jasson Dominguez OF Luis Rengifo P Logan Henderson P Gavin Williams SS Andruw Monasterio,,,
614,5201340114,jrancor22,0,96.649994,1B Paul Goldschmidt 2B Jose Altuve 3B Isaac Paredes C Austin Hedges OF Yordan Alvarez OF Gavin Sheets OF Cam Smith P Gavin Williams P Michael King SS Jeremy Pena,,,
614,5201579069,slicknative,0,96.649994,1B Willson Contreras 2B Romy Gonzalez 3B Max Muncy C Jonah Heim OF Ceddanne Rafaela OF Jarren Duran OF Jahmai Jones P Gavin Williams P Michael King SS Mookie Betts,,,
614,5201626219,dparrishsc,0,96.649994,1B Ty France 2B Jake Cronenworth 3B Manny Machado C Austin Hedges OF Pete Crow-Armstrong OF Jackson Merrill OF Luis Rengifo P Gavin Williams P Michael King SS Jeremy Pena,,,
617,5201497581,MarkErikson,0,96.6,1B Christian Walker 2B Nico Hoerner 3B Gabriel Arias C Ivan Herrera OF Mike Trout OF Christian Yelich OF Jake McCarthy P Justin Wrobleski P Taj Bradley SS Jeremy Pena,,,
618,5201242156,Terry301,0,96.55,1B Ty France 2B Jose Altuve 3B Caleb Durbin C Hunter Goodman OF Andy Pages OF Julio Rodriguez OF Jasson Dominguez P Peter Lambert P Justin Wrobleski SS Anthony Volpe,,,
618,5201657394,Cr491465,0,96.55,1B Paul Goldschmidt 2B Brice Turang 3B Caleb Durbin C Ivan Herrera OF Jordan Walker OF Jackson Merrill OF Trevor Larnach P Michael King P Reid Detmers SS Cooper Pratt,,,
620,5201543878,MollyTurk,0,96.35,1B Michael Busch 2B Brice Turang 3B Caleb Durbin C Carson Kelly OF Kody Clemens OF Randy Arozarena OF Julio Rodriguez P Taj Bradley P Luis Castillo SS Jeremy Pena,,,
620,5201625590,hcnpower,0,96.35,1B Michael Busch 2B Nico Hoerner 3B Alex Bregman C Jimmy Crooks OF Jordan Walker OF Mike Trout OF Ian Happ P Gerrit Cole P Landen Roupp SS Masyn Winn,,,
622,5201393591,slpendy,0,96.25,1B Salvador Perez 2B Romy Gonzalez 3B Josh Rojas C Carter Jensen OF Byron Buxton OF Jac Caglianone OF Lane Thomas P Gerrit Cole P Gavin Williams SS Andruw Monasterio,,,
622,5201547874,sh-13,0,96.25,1B Nick Kurtz 2B Romy Gonzalez 3B Tommy White C Jonah Heim OF Tyler Soderstrom OF Wilyer Abreu OF Jahmai Jones P Gerrit Cole P Logan Henderson SS Jacob Wilson,,,
624,5201394664,RINO19,0,96.2,1B Alec Burleson 2B Jose Altuve 3B Gabriel Arias C Christian Vazquez OF Yordan Alvarez OF Lars Nootbaar OF Zach Dezenzo P Gavin Williams P Peter Lambert SS Jeremy Pena,,,
624,5201661935,AJMIII,0,96.2,1B Nathaniel Lowe 2B Jake Cronenworth 3B Isaac Paredes C William Contreras OF Kody Clemens OF Jackson Chourio OF Jackson Merrill P Taj Bradley P Michael King SS Jeremy Pena,,,
626,5201307642,SkyU27,0,96.15,1B Paul Goldschmidt 2B Tommy Edman 3B Caleb Durbin C Carlos Narvaez OF Shohei Ohtani OF Kyle Tucker OF Jahmai Jones P Peter Lambert P Michael King SS Mookie Betts,,,
626,5201605775,seeindouble,0,96.15,1B Ty France 2B Nico Hoerner 3B Manny Machado C Dalton Rushing OF Tyler Soderstrom OF Jackson Merrill OF Chase DeLauter P Peter Lambert P Michael King SS Dansby Swanson,,,
626,5201669538,lewiszach85,0,96.15,1B Freddie Freeman 2B Tommy Edman 3B Max Muncy C Jonah Heim OF Kyle Tucker OF Weston Wilson OF Rob Refsnyder P Peter Lambert P Michael King SS Mookie Betts,,,
629,5201319172,gokullect,0,96,1B Alec Burleson 2B Nico Hoerner 3B Alex Bregman C Ivan Herrera OF Jordan Walker OF Ian Happ OF Lars Nootbaar P Justin Wrobleski P Michael King SS Masyn Winn,,,
629,5201329822,19murphy82,0,96,1B Willson Contreras 2B Jake Cronenworth 3B Manny Machado C Carlos Narvaez OF Fernando Tatis Jr. OF Jackson Merrill OF Jahmai Jones P Justin Wrobleski P Michael King SS Jeremy Pena,,,
631,5201548392,owllover77,0,95.8,1B Shohei Ohtani 2B Jake Cronenworth 3B Jose Ramirez C Carlos Narvaez OF Ceddanne Rafaela OF Jackson Merrill OF Steven Kwan P Gavin Williams P Landen Roupp SS Zach Neto,,,
631,5201671536,Paulo21613,0,95.8,1B Josh Bell 2B Kody Clemens 3B Weston Wilson C Victor Caratini OF Byron Buxton OF Trevor Larnach OF Jahmai Jones P Gerrit Cole P Taj Bradley SS Zach Neto,,,
633,5201336215,milligolf,0,95.75,1B Christian Walker 2B Jose Altuve 3B Isaac Paredes C Ryan Jeffers OF JJ Bleday OF Cam Smith OF Dane Myers P Peter Lambert P Taj Bradley SS Elly De La Cruz,,,
633,5201444489,shaunb24,0,95.75,1B Ty France 2B Brice Turang 3B Jose Fermin C Victor Caratini OF Shohei Ohtani OF Jasson Dominguez OF Luis Rengifo P Michael King P Jake Bennett SS Elly De La Cruz,,,
635,5201743467,Ffillar,0,95.7,1B Willson Contreras 2B Romy Gonzalez 3B Tommy White C Jonah Heim OF Tyler Soderstrom OF Wilyer Abreu OF Ceddanne Rafaela P Logan Henderson P Gavin Williams SS Andruw Monasterio,,,
636,5201408769,davidarussellii,0,95.649994,1B Rhys Hoskins 2B Kody Clemens 3B David Hamilton C Victor Caratini OF Byron Buxton OF Trevor Larnach OF Luke Keaschall P Gavin Williams P Gage Jump SS Brayan Rocchio,,,
637,5201231957,rmfeel,0,95.6,1B Freddie Freeman 2B JJ Wetherholt 3B Max Muncy C Jimmy Crooks OF Pete Crow-Armstrong OF Luis Rengifo OF Jahmai Jones P Gavin Williams P Reid Detmers SS Andruw Monasterio,,,
637,5201592499,fantasy_catastrophe,0,95.6,1B Sal Stewart 2B Cole Young 3B Tommy Edman C William Contreras OF Mike Trout OF Jackson Chourio OF Colby Thomas P Logan Henderson P Reid Detmers SS Christian Koss,,,
637,5201656627,MISMotown,0,95.6,1B Paul Goldschmidt 2B Jake Cronenworth 3B Jose Ramirez C Ryan Jeffers OF Wilyer Abreu OF Luis Rengifo OF Dane Myers P Gavin Williams P Reid Detmers SS Zach Neto,,,
640,5201146699,tt1127,0,95.55,1B Paul Goldschmidt 2B Jose Altuve 3B Caleb Durbin C Carter Jensen OF Julio Rodriguez OF Jake McCarthy OF Jackson Merrill P Peter Lambert P Justin Wrobleski SS Andruw Monasterio,,,
641,5201255751,lpryan,0,95.45,1B Freddie Freeman 2B Michael Massey 3B Pedro Ramirez C Jimmy Crooks OF Pete Crow-Armstrong OF Jackson Merrill OF Cole Carrigg P Logan Henderson P Seth Lugo SS Jeremy Pena,,,
641,5201293716,KingPook23,0,95.45,1B Shohei Ohtani 2B Jake Cronenworth 3B Jose Ramirez C Carlos Narvaez OF Mike Trout OF Christian Yelich OF Jahmai Jones P Gavin Williams P Seth Lugo SS Jeremy Pena,,,
641,5201732365,chiefjeff27,0,95.45,1B Paul Goldschmidt 2B Jake Cronenworth 3B Caleb Durbin C Carter Jensen OF Shohei Ohtani OF Wilyer Abreu OF Jahmai Jones P Gavin Williams P Seth Lugo SS Elly De La Cruz,,,
644,5201699648,Heishman517,0,95.35,1B Alec Burleson 2B Luis Arraez 3B Isaac Paredes C Victor Caratini OF Fernando Tatis Jr. OF Chase DeLauter OF Jasson Dominguez P Taj Bradley P Jake Bennett SS Willy Adames,,,
645,5201157531,iluverica,0,95.25,1B Ben Rice 2B Jazz Chisholm Jr. 3B Amed Rosario C Carlos Narvaez OF Trent Grisham OF Jasson Dominguez OF Jahmai Jones P Gerrit Cole P Logan Henderson SS Mookie Betts,,,
645,5201177596,kldawg72179,0,95.25,1B Willson Contreras 2B Oswald Peraza 3B Caleb Durbin C Logan O'Hoppe OF Tyler Soderstrom OF Wilyer Abreu OF Jahmai Jones P Gerrit Cole P Gavin Williams SS Zach Neto,,,
647,5201193359,jimlexxx,0,95.2,1B Romy Gonzalez 2B Kody Clemens 3B Caleb Durbin C Jonah Heim OF Shohei Ohtani OF Byron Buxton OF Jahmai Jones P Taj Bradley P Michael King SS Andruw Monasterio,,,
647,5201468758,lowellsp,0,95.2,1B Ty France 2B Jake Cronenworth 3B Luis Rengifo C Ryan Jeffers OF Kody Clemens OF Wilyer Abreu OF Jackson Merrill P Gavin Williams P Peter Lambert SS Andruw Monasterio,,,
649,5201707906,svetus,0,95.15,1B Shohei Ohtani 2B Jake Cronenworth 3B Manny Machado C Jimmy Crooks OF Yordan Alvarez OF Luis Rengifo OF Tristan Peters P Justin Wrobleski P Jake Bennett SS Jeremy Pena,,,
650,5201690796,thegadfather,0,95.05,1B Michael Busch 2B Jake Cronenworth 3B Luis Rengifo C Victor Caratini OF Byron Buxton OF Kody Clemens OF Jackson Merrill P Gavin Williams P Justin Wrobleski SS Ryan Kreidler,,,
651,5201187570,smokindavis,0,95,1B Shohei Ohtani 2B Romy Gonzalez 3B Tommy Edman C Dalton Rushing OF Teoscar Hernandez OF Steven Kwan OF Jahmai Jones P Justin Wrobleski P Michael King SS Mookie Betts,,,
651,5201306390,HardRocks,0,95,1B Shohei Ohtani 2B Jake Cronenworth 3B Manny Machado C Ivan Herrera OF Ceddanne Rafaela OF Lane Thomas OF Luis Rengifo P Justin Wrobleski P Michael King SS Anthony Volpe,,,
653,5201402606,HafKiwiHolApple,0,94.8,1B Munetaka Murakami 2B Romy Gonzalez 3B Caleb Durbin C Hunter Goodman OF Mike Trout OF Mickey Moniak OF Jahmai Jones P Gavin Williams P Jake Bennett SS Andruw Monasterio,,,
653,5201656452,ScarletPirates,0,94.8,1B Alec Burleson 2B Nico Hoerner 3B Manny Machado C Ivan Herrera OF Jake McCarthy OF JJ Bleday OF Cole Carrigg P Logan Henderson P Landen Roupp SS Brayan Rocchio,,,
655,5201251904,Tiger9637,0,94.7,1B Rafael Devers 2B Nico Hoerner 3B Sal Stewart C Cal Raleigh OF Wilyer Abreu OF Kyle Tucker OF Jackson Merrill P Reid Detmers P Jake Bennett SS Colson Montgomery,,,
655,5201310433,massajmike,0,94.7,1B Freddie Freeman 2B Kody Clemens 3B Tommy Edman C Jonah Heim OF Andy Pages OF Ceddanne Rafaela OF Jackson Merrill P Taj Bradley P Anthony Kay SS Ryan Kreidler,,,
657,5201135526,villageid,0,94.65,1B Ty France 2B Jake Cronenworth 3B Manny Machado C Jonah Heim OF Kody Clemens OF Jackson Merrill OF Luis Rengifo P Logan Henderson P Michael King SS Elly De La Cruz,,,
658,5201134396,charlesrayallday,0,94.6,1B Rhys Hoskins 2B Romy Gonzalez 3B Jose Ramirez C Logan O'Hoppe OF Shohei Ohtani OF Wilyer Abreu OF Chase DeLauter P Gavin Williams P Reid Detmers SS Andruw Monasterio,,,
658,5201369882,Lilp7611,0,94.6,1B Freddie Freeman 2B Jake Cronenworth 3B Max Muncy C Jonah Heim OF Kyle Tucker OF Ceddanne Rafaela OF Jackson Merrill P Justin Wrobleski P Taj Bradley SS Andruw Monasterio,,,
658,5201388029,jwalttothemoon,0,94.6,1B Alec Burleson 2B Jake Cronenworth 3B Manny Machado C Ivan Herrera OF Kyle Tucker OF Jackson Merrill OF Trevor Larnach P Justin Wrobleski P Taj Bradley SS Masyn Winn,,,
658,5201506296,Tpick1964,0,94.6,1B Rhys Hoskins 2B Jake Cronenworth 3B Jose Ramirez C Luis Campusano OF Fernando Tatis Jr. OF Chase DeLauter OF Steven Kwan P Gavin Williams P Reid Detmers SS Brayan Rocchio,,,
658,5201520173,ibeckman,0,94.6,1B Shohei Ohtani 2B Romy Gonzalez 3B Jose Ramirez C Austin Hedges OF Chase DeLauter OF Luis Rengifo OF Steven Kwan P Gavin Williams P Reid Detmers SS Brayan Rocchio,,,
658,5201534652,Armyman13,0,94.6,1B Shohei Ohtani 2B Romy Gonzalez 3B Jose Ramirez C Austin Hedges OF Chase DeLauter OF Luis Rengifo OF Steven Kwan P Gavin Williams P Reid Detmers SS Brayan Rocchio,,,
658,5201637767,striz2017,0,94.6,1B Willson Contreras 2B Romy Gonzalez 3B Manny Machado C Ryan Jeffers OF Wilyer Abreu OF Ceddanne Rafaela OF Jahmai Jones P Gavin Williams P Reid Detmers SS Christian Koss,,,
658,5201745013,Bane2930,0,94.6,1B Freddie Freeman 2B Jake Cronenworth 3B Max Muncy C Dalton Rushing OF Teoscar Hernandez OF Luis Rengifo OF Michael Conforto P Justin Wrobleski P Taj Bradley SS Mookie Betts,,,
666,5201292741,pig2mugee,0,94.35,1B Josh Bell 2B Travis Bazzana 3B Max Muncy C Dalton Rushing OF Andy Pages OF Trevor Larnach OF Luke Keaschall P Taj Bradley P Jake Bennett SS Brayan Rocchio,,,
667,5201699505,amstu24,0,94.25,1B Salvador Perez 2B Jazz Chisholm Jr. 3B Gabriel Arias C Luis Campusano OF Pete Crow-Armstrong OF Sam Antonacci OF Chase DeLauter P Gavin Williams P Taj Bradley SS Masyn Winn,,,
668,5201278305,kojo3,0,94.2,1B Romy Gonzalez 2B Jose Altuve 3B Isaac Paredes C Christian Vazquez OF Yordan Alvarez OF Ceddanne Rafaela OF Jahmai Jones P Gavin Williams P Peter Lambert SS Jeremy Pena,,,
668,5201315863,two15,0,94.2,1B Rafael Devers 2B Jeff McNeil 3B Manny Machado C Ivan Herrera OF Andy Pages OF Seiya Suzuki OF Masataka Yoshida P Gavin Williams P Peter Lambert SS Andruw Monasterio,,,
668,5201354398,Epatrick10172020,0,94.2,1B Josh Bell 2B Jake Cronenworth 3B Alex Bregman C Victor Caratini OF Pete Crow-Armstrong OF Kody Clemens OF Trevor Larnach P Taj Bradley P Michael King SS Xander Bogaerts,,,
668,5201598988,DMATH,0,94.2,1B Rhys Hoskins 2B Jake Cronenworth 3B Luis Rengifo C Dalton Rushing OF Kody Clemens OF Jackson Chourio OF Wilyer Abreu P Taj Bradley P Michael King SS Zach Neto,,,
668,5201615296,rybutts13,0,94.2,1B Willson Contreras 2B Romy Gonzalez 3B Caleb Durbin C Luis Campusano OF Wilyer Abreu OF Ceddanne Rafaela OF Gavin Sheets P Logan Henderson P Peter Lambert SS Xander Bogaerts,,,
668,5201706688,dlee381,0,94.2,1B Sal Stewart 2B Jeff McNeil 3B Amed Rosario C Victor Caratini OF Shohei Ohtani OF Ceddanne Rafaela OF Steven Kwan P Gerrit Cole P Michael King SS Xander Bogaerts,,,
674,5201245052,coachclt,0,94.15,1B Michael Busch 2B Travis Bazzana 3B Brooks Lee C William Contreras OF Trent Grisham OF Ceddanne Rafaela OF Ian Happ P Justin Wrobleski P Jake Bennett SS Jacob Wilson,,,
674,5201345923,PDR297,0,94.15,1B Sal Stewart 2B Jake Cronenworth 3B Jose Ramirez C Cal Raleigh OF JJ Bleday OF Steven Kwan OF Dane Myers P Gerrit Cole P Reid Detmers SS Elly De La Cruz,,,
674,5201441178,homeyc99,0,94.15,1B Freddie Freeman 2B Jake Cronenworth 3B Max Muncy C Jonah Heim OF Andy Pages OF Kyle Tucker OF Jahmai Jones P Taj Bradley P Reid Detmers SS Mookie Betts,,,
677,5201167945,ishbuu1010,0,94.05,1B TJ Rumfield 2B Romy Gonzalez 3B Caleb Durbin C Hunter Goodman OF Mickey Moniak OF Jake McCarthy OF Cole Carrigg P Logan Henderson P Justin Wrobleski SS Andruw Monasterio,,,
677,5201213778,wdm426,0,94.05,1B Vinnie Pasquantino 2B Travis Bazzana 3B Amed Rosario C Jimmy Crooks OF Kody Clemens OF Mickey Moniak OF Jasson Dominguez P Logan Henderson P Justin Wrobleski SS Colson Montgomery,,,
677,5201351262,maestrobobcobb,0,94.05,1B Ty France 2B Luis Arraez 3B Manny Machado C Jose Trevino OF Randy Arozarena OF Jackson Merrill OF Luis Rengifo P Gavin Williams P Justin Wrobleski SS Jeremy Pena,,,
677,5201745060,JaymesRocksU,0,94.05,1B Ben Rice 2B Jazz Chisholm Jr. 3B Amed Rosario C Austin Wells OF Ian Happ OF Jasson Dominguez OF Nathan Church P Gavin Williams P Justin Wrobleski SS Mookie Betts,,,
681,5201324562,FantasyCrusader,0,93.8,1B Ty France 2B Kody Clemens 3B Luis Rengifo C Victor Caratini OF Byron Buxton OF Trevor Larnach OF Gavin Sheets P Gerrit Cole P Taj Bradley SS Ryan Kreidler,,,
681,5201598204,jc000000,0,93.8,1B Munetaka Murakami 2B Jake Cronenworth 3B Max Muncy C Jonah Heim OF Shohei Ohtani OF Colby Thomas OF Jahmai Jones P Gavin Williams P Landen Roupp SS Colson Montgomery,,,
683,5201276883,Redsoxal,0,93.75,1B Shohei Ohtani 2B Jake Cronenworth 3B Jose Ramirez C Victor Caratini OF Jackson Merrill OF Jarren Duran OF Jahmai Jones P Michael King P Jake Bennett SS Elly De La Cruz,,,
684,5201435946,HuskersRule,0,93.649994,1B Shohei Ohtani 2B Jake Cronenworth 3B Jose Ramirez C Jonah Heim OF Wilyer Abreu OF Luis Rengifo OF Jahmai Jones P Gavin Williams P Michael King SS Jeremy Pena,,,
685,5201634340,dukester1970,0,93.55,1B Shohei Ohtani 2B Romy Gonzalez 3B Jose Ramirez C William Contreras OF Wilyer Abreu OF Ceddanne Rafaela OF Jahmai Jones P Michael King P Reid Detmers SS Andruw Monasterio,,,
686,5201290156,Zooloo,0,93.35,1B Freddie Freeman 2B Brice Turang 3B Caleb Durbin C Jose Trevino OF Mike Trout OF Seiya Suzuki OF Jahmai Jones P Taj Bradley P Jake Bennett SS Jeremy Pena,,,
686,5201303129,xTotte,0,93.35,1B Freddie Freeman 2B Jake Cronenworth 3B Manny Machado C Carlos Narvaez OF Pete Crow-Armstrong OF Jackson Merrill OF Gavin Sheets P Taj Bradley P Jake Bennett SS Jeremy Pena,,,
686,5201610871,beisbol7,0,93.35,1B Victor Caratini 2B Kody Clemens 3B Isaac Paredes C Hunter Goodman OF Chase DeLauter OF Cole Carrigg OF Michael Conforto P Gerrit Cole P Jake Bennett SS Cooper Pratt,,,
689,5201379115,kwwagner1142,0,93.25,1B Willson Contreras 2B Kody Clemens 3B Caleb Durbin C Victor Caratini OF Ceddanne Rafaela OF Trevor Larnach OF Luke Keaschall P Logan Henderson P Taj Bradley SS Andruw Monasterio,,,
689,5201655221,akknowledge,0,93.25,1B Ty France 2B Travis Bazzana 3B Jose Ramirez C Jonah Heim OF Jackson Merrill OF Chase DeLauter OF Steven Kwan P Gerrit Cole P Gavin Williams SS Brayan Rocchio,,,
691,5201308323,jmc2501,0,93.2,1B Ty France 2B Kody Clemens 3B Isaac Paredes C Christian Vazquez OF Jackson Merrill OF Trevor Larnach OF Lars Nootbaar P Logan Henderson P Peter Lambert SS Jeremy Pena,,,
691,5201512234,Beasley,0,93.2,1B Ben Rice 2B Jazz Chisholm Jr. 3B Tommy Edman C Austin Wells OF Trent Grisham OF Chase DeLauter OF Jasson Dominguez P Gerrit Cole P Gage Jump SS Brayan Rocchio,,,
691,5201712891,jimhayer,0,93.2,1B Jake Bauers 2B Jake Cronenworth 3B Manny Machado C Cal Raleigh OF Christian Yelich OF Ceddanne Rafaela OF Luke Keaschall P Taj Bradley P Michael King SS Zach Neto,,,
694,5201245423,jusplay25,0,93.15,1B Alec Burleson 2B JJ Wetherholt 3B Tommy White C Ivan Herrera OF Jordan Walker OF JJ Bleday OF Lars Nootbaar P Logan Henderson P Anthony Kay SS Jeremy Pena,,,
694,5201721359,finster04,0,93.15,1B Ty France 2B Jake Cronenworth 3B Manny Machado C Jonah Heim OF Yordan Alvarez OF Ceddanne Rafaela OF Jackson Merrill P Justin Wrobleski P Jake Bennett SS Jeremy Pena,,,
694,5201711816,Dollarsigns,0,93.149994,1B Salvador Perez 2B Michael Massey 3B Manny Machado C Hunter Goodman OF Randy Arozarena OF Jac Caglianone OF Jake McCarthy P Gavin Williams P Anthony Kay SS Jacob Wilson,,,
697,5201172422,mwiller77,0,93.05,1B Paul Goldschmidt 2B Jake Cronenworth 3B Amed Rosario C Austin Wells OF Fernando Tatis Jr. OF Trent Grisham OF Jasson Dominguez P Logan Henderson P Justin Wrobleski SS Elly De La Cruz,,,
697,5201357860,ConnorT,0,93.05,1B Vinnie Pasquantino 2B Michael Massey 3B Isaac Paredes C Dalton Rushing OF Jake McCarthy OF Ian Happ OF Trevor Larnach P Gavin Williams P Justin Wrobleski SS Willy Adames,,,
697,5201459947,markries,0,93.05,1B Ty France 2B Jake Cronenworth 3B Manny Machado C Jonah Heim OF Byron Buxton OF Jackson Merrill OF Luis Rengifo P Gavin Williams P Justin Wrobleski SS Jeremy Pena,,,
697,5201633523,EBDBBnB,0,93.05,1B Freddie Freeman 2B Christian Koss 3B Pedro Ramirez C Brian Serven OF Pete Crow-Armstrong OF Jordan Walker OF Cole Carrigg P Logan Henderson P Justin Wrobleski SS Colt Emerson,,,
701,5201482830,padrino1921,0,93,1B Willson Contreras 2B Jake Cronenworth 3B Brooks Lee C William Contreras OF Wilyer Abreu OF Jackson Merrill OF Chase DeLauter P Justin Wrobleski P Michael King SS Cooper Pratt,,,
702,5201244916,Keroppi613,0,92.649994,1B Rhys Hoskins 2B Jake Cronenworth 3B Jose Ramirez C Carlos Narvaez OF Shohei Ohtani OF Chase DeLauter OF Steven Kwan P Gavin Williams P Michael King SS Zach Neto,,,
702,5201431692,Grandpakids,0,92.649994,1B Ben Rice 2B Jake Cronenworth 3B Manny Machado C Jonah Heim OF Pete Crow-Armstrong OF Jackson Merrill OF Jahmai Jones P Gavin Williams P Michael King SS Andruw Monasterio,,,
702,5201646693,bdmar03,0,92.649994,1B Romy Gonzalez 2B Jake Cronenworth 3B Jose Ramirez C Jonah Heim OF Shohei Ohtani OF Wilyer Abreu OF Jahmai Jones P Gavin Williams P Michael King SS Brayan Rocchio,,,
705,5201163193,skwwillers,0,92.6,1B Michael Busch 2B Jake Cronenworth 3B Pedro Ramirez C Carlos Narvaez OF Pete Crow-Armstrong OF Seiya Suzuki OF Luis Rengifo P Justin Wrobleski P Taj Bradley SS Elly De La Cruz,,,
705,5201237911,baahstonbotfly,0,92.6,1B Willson Contreras 2B Edouard Julien 3B Caleb Durbin C Jimmy Crooks OF Mike Trout OF Wilyer Abreu OF Ceddanne Rafaela P Gerrit Cole P Justin Wrobleski SS Willi Castro,,,
705,5201256437,JSB31,0,92.6,1B Paul Goldschmidt 2B Jake Cronenworth 3B Max Muncy C Carlos Narvaez OF Pete Crow-Armstrong OF Jackson Merrill OF Luis Rengifo P Justin Wrobleski P Taj Bradley SS Jeremy Pena,,,
705,5201383204,Zschossow22,0,92.6,1B Michael Busch 2B Nico Hoerner 3B Alex Bregman C Ryan Jeffers OF Byron Buxton OF Michael Conforto OF Isaac Collins P Justin Wrobleski P Taj Bradley SS Ryan Kreidler,,,
709,5201247736,rmiller4444,0,92.25,1B Paul Goldschmidt 2B Kody Clemens 3B Caleb Durbin C Ryan Jeffers OF Steven Kwan OF Cam Smith OF Jahmai Jones P Gavin Williams P Taj Bradley SS Elly De La Cruz,,,
709,5201314904,soxf4n,0,92.25,1B Willson Contreras 2B Jake Cronenworth 3B Manny Machado C Patrick Bailey OF Wilyer Abreu OF Trevor Larnach OF Steven Kwan P Gavin Williams P Taj Bradley SS Jeremy Pena,,,
709,5201396867,xxSPURS21xx,0,92.25,1B Willson Contreras 2B Romy Gonzalez 3B Caleb Durbin C Victor Caratini OF Byron Buxton OF Ceddanne Rafaela OF Jahmai Jones P Gavin Williams P Taj Bradley SS Ryan Kreidler,,,
709,5201608607,samsli,0,92.25,1B Willson Contreras 2B Romy Gonzalez 3B Caleb Durbin C Victor Caratini OF Byron Buxton OF Trevor Larnach OF Jahmai Jones P Gerrit Cole P Gavin Williams SS Andruw Monasterio,,,
709,5201657051,trigger5,0,92.25,1B Josh Bell 2B Kody Clemens 3B Jose Ramirez C Drew Romo OF Trevor Larnach OF Cole Carrigg OF Luke Keaschall P Logan Henderson P Taj Bradley SS Andruw Monasterio,,,
714,5201585179,moegags,0,92.2,1B Ty France 2B Jake Cronenworth 3B Manny Machado C Austin Hedges OF Pete Crow-Armstrong OF Ceddanne Rafaela OF Jackson Merrill P Logan Henderson P Peter Lambert SS Andruw Monasterio,,,
715,5201195828,Costanzuh,0,92.15,1B Andrew Vaughn 2B Brice Turang 3B Tommy Edman C William Contreras OF Jackson Chourio OF Christian Yelich OF Luke Keaschall P Justin Wrobleski P Jake Bennett SS Ryan Kreidler,,,
716,5201524280,hopps1124,0,92.05,1B Michael Busch 2B Jose Altuve 3B Jose Ramirez C Carson Kelly OF Seiya Suzuki OF Michael Conforto OF Noelvi Marte P Logan Henderson P Justin Wrobleski SS Brayan Rocchio,,,
717,5201335557,csan37,0,92,1B Shohei Ohtani 2B Jake Cronenworth 3B Max Muncy C Jonah Heim OF Andy Pages OF Colby Thomas OF Jahmai Jones P Justin Wrobleski P Michael King SS Mookie Betts,,,
718,5201611492,bucklosers,0,91.95,1B Nathaniel Lowe 2B Nico Hoerner 3B Jose Ramirez C Carter Jensen OF Fernando Tatis Jr. OF Trevor Larnach OF Jasson Dominguez P Justin Wrobleski P Reid Detmers SS Ryan Kreidler,,,
719,5201169078,tolson07,0,91.8,1B Alec Burleson 2B Nico Hoerner 3B Pedro Ramirez C Ivan Herrera OF Pete Crow-Armstrong OF Seiya Suzuki OF Weston Wilson P Gavin Williams P Landen Roupp SS Dansby Swanson,,,
720,5201727524,mikeo3,0,91.75,1B Ty France 2B Jake Cronenworth 3B Sal Stewart C Victor Caratini OF Shohei Ohtani OF Jordan Walker OF JJ Bleday P Michael King P Jake Bennett SS Masyn Winn,,,
721,5201436114,GenoMustGo,0,91.7,1B Paul Goldschmidt 2B Jake Cronenworth 3B Manny Machado C Jonah Heim OF Shohei Ohtani OF Wilyer Abreu OF Jackson Merrill P Justin Wrobleski P Brady Singer SS Mookie Betts,,,
722,5201203547,blundy314,0,91.55,1B Paul Goldschmidt 2B Tommy Edman 3B Luis Rengifo C Victor Caratini OF Kody Clemens OF Ceddanne Rafaela OF Jackson Merrill P Peter Lambert P Justin Wrobleski SS Xander Bogaerts,,,
722,5201210116,Illadelph22,0,91.55,1B Paul Goldschmidt 2B Jake Cronenworth 3B Max Muncy C Dalton Rushing OF Ceddanne Rafaela OF Jackson Merrill OF Luis Rengifo P Peter Lambert P Justin Wrobleski SS Colson Montgomery,,,
724,5201007632,Schoey17,0,91.25,1B Willson Contreras 2B Romy Gonzalez 3B Jose Ramirez C Brian Serven OF Wilyer Abreu OF Ceddanne Rafaela OF Chase DeLauter P Gavin Williams P Taj Bradley SS Andruw Monasterio,,,
724,5201323242,ewingoakley,0,91.25,1B Freddie Freeman 2B Christian Koss 3B Max Muncy C Cal Raleigh OF Shohei Ohtani OF Andy Pages OF Petey Halpin P Landen Roupp P Anthony Kay SS Mookie Betts,,,
724,5201496677,BallinIsAHabit83,0,91.25,1B Sal Stewart 2B Jake Cronenworth 3B Jose Ramirez C Jonah Heim OF Pete Crow-Armstrong OF Jasson Dominguez OF Steven Kwan P Gavin Williams P Taj Bradley SS Anthony Volpe,,,
724,5201638591,Ranmannokc,0,91.25,1B Josh Bell 2B JJ Wetherholt 3B Caleb Durbin C Carlos Narvaez OF Byron Buxton OF Chase DeLauter OF Jahmai Jones P Gerrit Cole P Gavin Williams SS Brayan Rocchio,,,
724,5201651399,brianrien430,0,91.25,1B Ben Rice 2B Jake Cronenworth 3B Jose Ramirez C Austin Wells OF Trent Grisham OF Jasson Dominguez OF Steven Kwan P Gerrit Cole P Logan Henderson SS Anthony Volpe,,,
729,5201619269,PensDangleSniper94,0,91.2,1B Michael Busch 2B Jake Cronenworth 3B Luis Rengifo C Ivan Herrera OF Pete Crow-Armstrong OF Jackson Merrill OF Gavin Sheets P Gavin Williams P Peter Lambert SS Brayan Rocchio,,,
730,5201248082,terpterman,0,91.15,1B Ty France 2B Jake Cronenworth 3B Manny Machado C Ryan Jeffers OF Byron Buxton OF Jackson Merrill OF Trevor Larnach P Peter Lambert P Gage Jump SS Ryan Kreidler,,,
731,5200976376,blitzburgh07,0,91.05,1B Willson Contreras 2B Jake Cronenworth 3B Luis Rengifo C Carlos Narvaez OF Kody Clemens OF Kyle Tucker OF Ian Happ P Gavin Williams P Justin Wrobleski SS Jeremy Pena,,,
731,5201222543,srgttsb,0,91.05,1B Willson Contreras 2B Jake Cronenworth 3B Luis Rengifo C Victor Caratini OF Jordan Walker OF Jackson Merrill OF Gavin Sheets P Gavin Williams P Justin Wrobleski SS Colson Montgomery,,,
731,5201496632,WildKat,0,91.05,1B Freddie Freeman 2B Jake Cronenworth 3B Pedro Ramirez C Ivan Herrera OF Jackson Merrill OF Trevor Larnach OF Luis Rengifo P Logan Henderson P Justin Wrobleski SS Jeremy Pena,,,
731,5201532716,cpee15,0,91.05,1B Josh Bell 2B Kody Clemens 3B Jose Ramirez C Victor Caratini OF Trent Grisham OF Trevor Larnach OF Steven Kwan P Gavin Williams P Justin Wrobleski SS Anthony Volpe,,,
731,5201721940,rmb0405,0,91.05,1B Freddie Freeman 2B Jake Cronenworth 3B Tommy Edman C Dalton Rushing OF Ceddanne Rafaela OF Trevor Larnach OF Jahmai Jones P Gavin Williams P Justin Wrobleski SS Jeremy Pena,,,
731,5201723432,tmigliozzi,0,91.05,1B Ty France 2B Jake Cronenworth 3B Jose Ramirez C Cal Raleigh OF Ceddanne Rafaela OF Jackson Merrill OF Chase DeLauter P Gavin Williams P Justin Wrobleski SS Jeremy Pena,,,
731,5201729606,joeystorey813,0,91.05,1B Willson Contreras 2B Romy Gonzalez 3B Jose Ramirez C Carlos Narvaez OF Shohei Ohtani OF Steven Kwan OF Jahmai Jones P Gavin Williams P Justin Wrobleski SS Andruw Monasterio,,,
738,5201264194,Ctre6,0,91,1B Ty France 2B Jake Cronenworth 3B Manny Machado C Victor Caratini OF Fernando Tatis Jr. OF Kody Clemens OF Trevor Larnach P Justin Wrobleski P Michael King SS Ryan Kreidler,,,
739,5201368570,ksolo61,0,90.8,1B Nolan Schanuel 2B Kody Clemens 3B Jose Ramirez C Austin Hedges OF Mike Trout OF Jackson Merrill OF Jahmai Jones P Gavin Williams P Jake Bennett SS Jeremy Pena,,,
740,5201094251,JERKER19,0,90.649994,1B Willson Contreras 2B Romy Gonzalez 3B Caleb Durbin C Jonah Heim OF Wilyer Abreu OF Ceddanne Rafaela OF Jackson Merrill P Gavin Williams P Michael King SS Brayan Rocchio,,,
740,5201461861,mitchmazur37,0,90.649994,1B Willson Contreras 2B Romy Gonzalez 3B Jose Ramirez C Jonah Heim OF Ceddanne Rafaela OF Jackson Merrill OF Jahmai Jones P Gavin Williams P Michael King SS Zach Neto,,,
742,5201706010,LarrysLegends,0,90.55,1B Paul Goldschmidt 2B Jose Altuve 3B Isaac Paredes C Carter Jensen OF Seiya Suzuki OF Jake McCarthy OF Lane Thomas P Peter Lambert P Justin Wrobleski SS Cooper Pratt,,,
743,5201266763,1tafranks,0,90.35,1B Willson Contreras 2B Jake Cronenworth 3B Manny Machado C Cal Raleigh OF Fernando Tatis Jr. OF Ceddanne Rafaela OF Jarren Duran P Taj Bradley P Landen Roupp SS Colt Emerson,,,
743,5201532265,tampacrapsman,0,90.35,1B Ty France 2B Jake Cronenworth 3B Manny Machado C Ryan Jeffers OF Ceddanne Rafaela OF Jackson Merrill OF Trevor Larnach P Taj Bradley P Jake Bennett SS Jeremy Pena,,,
745,5201144394,jonytiler,0,90.25,1B Paul Goldschmidt 2B Romy Gonzalez 3B Jose Ramirez C Victor Caratini OF Wilyer Abreu OF Ceddanne Rafaela OF Jahmai Jones P Gerrit Cole P Gavin Williams SS Andruw Monasterio,,,
745,5201627959,Banamy,0,90.25,1B Willson Contreras 2B Jazz Chisholm Jr. 3B Caleb Durbin C Austin Wells OF Wilyer Abreu OF Trent Grisham OF Ceddanne Rafaela P Gavin Williams P Taj Bradley SS Andruw Monasterio,,,
745,5201709641,A1HoosierSales,0,90.25,1B Freddie Freeman 2B Jake Cronenworth 3B Luis Rengifo C Jonah Heim OF Kody Clemens OF Kyle Tucker OF Andrew Benintendi P Gavin Williams P Taj Bradley SS Mookie Betts,,,
745,5201719922,djcole2014,0,90.25,1B Alec Burleson 2B Jake Cronenworth 3B Amed Rosario C Carlos Narvaez OF Jordan Walker OF Jackson Merrill OF Trevor Larnach P Gavin Williams P Taj Bradley SS Elly De La Cruz,,,
749,5201195100,Spukuff,0,90.2,1B Paul Goldschmidt 2B Kody Clemens 3B Luis Rengifo C Dalton Rushing OF Kyle Tucker OF Trevor Larnach OF Gavin Sheets P Taj Bradley P Michael King SS Jeremy Pena,,,
749,5201212970,bbrvan,0,90.2,1B Willson Contreras 2B Jake Cronenworth 3B Caleb Durbin C Jonah Heim OF Shohei Ohtani OF Byron Buxton OF Jahmai Jones P Taj Bradley P Michael King SS Andruw Monasterio,,,
749,5201286779,CashLineCriminal,0,90.2,1B Shohei Ohtani 2B Romy Gonzalez 3B Jose Ramirez C Carlos Narvaez OF JJ Bleday OF Chase DeLauter OF Jahmai Jones P Taj Bradley P Michael King SS Elly De La Cruz,,,
752,5201605534,hautekarl,0,90.15,1B Victor Caratini 2B Kody Clemens 3B Brooks Lee C Jonah Heim OF Byron Buxton OF Trevor Larnach OF Steven Kwan P Taj Bradley P Reid Detmers SS Jacob Wilson,,,
753,5201592414,ccarrilloo,0,90,1B Michael Busch 2B Jazz Chisholm Jr. 3B Alex Bregman C William Contreras OF Pete Crow-Armstrong OF Andy Pages OF Seiya Suzuki P Seth Lugo P Colin Rea SS Willy Adames,,,
753,5201605214,Bal2kane,0,90,1B Kyle Manzardo 2B Travis Bazzana 3B Manny Machado C Austin Hedges OF Fernando Tatis Jr. OF Jackson Merrill OF Chase DeLauter P Justin Wrobleski P Michael King SS Brayan Rocchio,,,
755,5201538099,Johnny_Great,0,89.95,1B Willson Contreras 2B Jake Cronenworth 3B Caleb Durbin C Austin Hedges OF Shohei Ohtani OF Wilyer Abreu OF Ceddanne Rafaela P Justin Wrobleski P Reid Detmers SS Andruw Monasterio,,,
756,5201252826,mjgard64,0,89.8,1B Rhys Hoskins 2B Nico Hoerner 3B Jose Ramirez C Jonah Heim OF JJ Bleday OF Chase DeLauter OF Steven Kwan P Gerrit Cole P Taj Bradley SS Elly De La Cruz,,,
756,5201345575,deathmetalbob,0,89.8,1B Willson Contreras 2B Romy Gonzalez 3B Caleb Durbin C Jose Trevino OF Ceddanne Rafaela OF JJ Bleday OF Jahmai Jones P Gerrit Cole P Taj Bradley SS Elly De La Cruz,,,
756,5201632058,Kyzer1982,0,89.8,1B Willson Contreras 2B Jake Cronenworth 3B Caleb Durbin C William Contreras OF Wilyer Abreu OF Ceddanne Rafaela OF Jarren Duran P Gavin Williams P Jake Bennett SS Brayan Rocchio,,,
759,5201416793,seiferidjosh80,0,89.75,1B Shohei Ohtani 2B Jake Cronenworth 3B Luis Rengifo C Carlos Narvaez OF Fernando Tatis Jr. OF Ceddanne Rafaela OF Jackson Merrill P Michael King P Landen Roupp SS Jeremy Pena,,,
760,5201231228,sammagni1,0,89.65,1B Freddie Freeman 2B Romy Gonzalez 3B Alex Bregman C Jonah Heim OF Ceddanne Rafaela OF Jackson Merrill OF Luis Rengifo P Logan Henderson P Michael King SS Jeremy Pena,,,
761,5201497370,lornaz,0,89.6,1B Munetaka Murakami 2B Jake Cronenworth 3B Miguel Vargas C Ryan Jeffers OF JJ Bleday OF Dane Myers OF Jahmai Jones P Justin Wrobleski P Taj Bradley SS Jeremy Pena,,,
762,5201272970,jsk211,0,89.25,1B Nick Kurtz 2B Jake Cronenworth 3B Jose Ramirez C Austin Wells OF Ceddanne Rafaela OF Chase DeLauter OF Jasson Dominguez P Gavin Williams P Taj Bradley SS Jacob Wilson,,,
762,5201274171,meyers2305,0,89.25,1B Willson Contreras 2B Romy Gonzalez 3B Sal Stewart C Carlos Narvaez OF Jarren Duran OF JJ Bleday OF Jahmai Jones P Logan Henderson P Taj Bradley SS Elly De La Cruz,,,
762,5201621862,JB00GlE,0,89.25,1B Willson Contreras 2B Romy Gonzalez 3B Caleb Durbin C Austin Wells OF Pete Crow-Armstrong OF Ceddanne Rafaela OF Jahmai Jones P Gerrit Cole P Logan Henderson SS Anthony Volpe,,,
762,5201729101,IBGOOD,0,89.25,1B Alec Burleson 2B Travis Bazzana 3B Jose Fermin C Austin Hedges OF Jordan Walker OF Jackson Merrill OF Chase DeLauter P Gavin Williams P Taj Bradley SS Brayan Rocchio,,,
766,5201185767,wwestry,0,89.15,1B Josh Naylor 2B Cole Young 3B Jose Ramirez C Carlos Narvaez OF Randy Arozarena OF Julio Rodriguez OF Steven Kwan P Taj Bradley P Reid Detmers SS Elly De La Cruz,,,
766,5201324568,Cons24,0,89.15,1B Freddie Freeman 2B Jake Cronenworth 3B Max Muncy C Dalton Rushing OF Shohei Ohtani OF Kyle Tucker OF Grant McCray P Justin Wrobleski P Landen Roupp SS Colt Emerson,,,
768,5201311222,doughboy247,0,89.05,1B Paul Goldschmidt 2B Jake Cronenworth 3B Jose Ramirez C Jonah Heim OF Shohei Ohtani OF Ceddanne Rafaela OF Steven Kwan P Gavin Williams P Justin Wrobleski SS Andruw Monasterio,,,
768,5201333474,Davidd0726,0,89.05,1B Paul Goldschmidt 2B Jake Cronenworth 3B Jose Ramirez C Jonah Heim OF Shohei Ohtani OF Ceddanne Rafaela OF Steven Kwan P Gavin Williams P Justin Wrobleski SS Andruw Monasterio,,,
768,5201370927,heybert711,0,89.05,1B Paul Goldschmidt 2B Jake Cronenworth 3B Jose Ramirez C Jonah Heim OF Shohei Ohtani OF Ceddanne Rafaela OF Steven Kwan P Gavin Williams P Justin Wrobleski SS Andruw Monasterio,,,
768,5201726400,justinlee416,0,89.05,1B Willson Contreras 2B Jake Cronenworth 3B Manny Machado C Victor Caratini OF Ceddanne Rafaela OF Gavin Sheets OF Jahmai Jones P Logan Henderson P Justin Wrobleski SS Elly De La Cruz,,,
772,5201297130,woody326,0,89,1B Freddie Freeman 2B Romy Gonzalez 3B Luis Rengifo C Jonah Heim OF Shohei Ohtani OF Jackson Merrill OF Jahmai Jones P Justin Wrobleski P Michael King SS Jeremy Pena,,,
772,5201484532,BP11,0,89,1B Paul Goldschmidt 2B Kody Clemens 3B Caleb Durbin C Jonah Heim OF Seiya Suzuki OF Jackson Merrill OF Chase DeLauter P Justin Wrobleski P Michael King SS Jeremy Pena,,,
774,5201225863,preeves4,0,88.95,1B Willson Contreras 2B Romy Gonzalez 3B Alex Bregman C Carlos Narvaez OF Pete Crow-Armstrong OF Seiya Suzuki OF Jarren Duran P Justin Wrobleski P Reid Detmers SS Andruw Monasterio,,,
775,5201101318,AverillsAvengers,0,88.8,1B Willson Contreras 2B Romy Gonzalez 3B Jose Ramirez C William Contreras OF Mike Trout OF Cole Carrigg OF Weston Wilson P Gavin Williams P Jake Bennett SS Anthony Volpe,,,
775,5201599325,velocity1,0,88.8,1B Alec Burleson 2B Chase Meidroth 3B Isaac Paredes C Ivan Herrera OF Jac Caglianone OF Ian Happ OF Jo Adell P Gavin Williams P Jake Bennett SS Colson Montgomery,,,
777,5201101097,hespen2,0,88.649994,1B Ty France 2B JJ Wetherholt 3B Alex Bregman C Carter Jensen OF Sam Antonacci OF Garrett Mitchell OF Jahmai Jones P Gavin Williams P Michael King SS Jeremy Pena,,,
777,5201644005,scooter8174,0,88.649994,1B Royce Lewis 2B Romy Gonzalez 3B Caleb Durbin C Ivan Herrera OF Tyler Soderstrom OF Wilyer Abreu OF Ceddanne Rafaela P Gavin Williams P Michael King SS Jacob Wilson,,,
777,5201665901,ARoman24,0,88.649994,1B Willson Contreras 2B Jake Cronenworth 3B Caleb Durbin C Carson Kelly OF Wilyer Abreu OF Ceddanne Rafaela OF Jarren Duran P Gavin Williams P Michael King SS Jeremy Pena,,,
780,5201119134,Yasz15,0,88.6,1B Freddie Freeman 2B Jake Cronenworth 3B Brooks Lee C Ivan Herrera OF Jordan Walker OF Jackson Merrill OF Jasson Dominguez P Justin Wrobleski P Taj Bradley SS Ryan Kreidler,,,
780,5201176713,gredow1979,0,88.6,1B Rhys Hoskins 2B Nico Hoerner 3B Jose Ramirez C Carson Kelly OF Pete Crow-Armstrong OF Chase DeLauter OF Steven Kwan P Gavin Williams P Reid Detmers SS Brayan Rocchio,,,
780,5201693003,mrbig91,0,88.6,1B TJ Rumfield 2B Luis Arraez 3B Isaac Paredes C Victor Caratini OF Mike Trout OF Christian Yelich OF Jake McCarthy P Justin Wrobleski P Taj Bradley SS Cooper Pratt,,,
780,5201720025,cmorgs24,0,88.6,1B Paul Goldschmidt 2B Kody Clemens 3B Amed Rosario C Victor Caratini OF Mike Trout OF Kyle Tucker OF Lars Nootbaar P Justin Wrobleski P Taj Bradley SS Xander Bogaerts,,,
784,5201394747,alanaghan,0,88.55,1B Christian Walker 2B Jose Altuve 3B Isaac Paredes C Carter Jensen OF Yordan Alvarez OF Jake McCarthy OF Cole Carrigg P Jake Bennett P Seth Lugo SS Jeremy Pena,,,
785,5201218095,infinitejuelz,0,88.35,1B Ty France 2B Romy Gonzalez 3B Jose Ramirez C Austin Hedges OF Shohei Ohtani OF Fernando Tatis Jr. OF Chase DeLauter P Jake Bennett P Colin Rea SS Brayan Rocchio,,,
786,5201531661,kochy11,0,88.25,1B Willson Contreras 2B Romy Gonzalez 3B Jose Ramirez C Victor Caratini OF Ceddanne Rafaela OF Steven Kwan OF Jahmai Jones P Gavin Williams P Taj Bradley SS Mookie Betts,,,
787,5201489835,dmull603,0,88.15,1B Ty France 2B Jake Cronenworth 3B Alex Bregman C Carlos Narvaez OF Shohei Ohtani OF Pete Crow-Armstrong OF Teoscar Hernandez P Justin Wrobleski P Jake Bennett SS Jacob Wilson,,,
788,5201060354,erdmannb,0,88.05,1B Alec Burleson 2B Travis Bazzana 3B Caleb Durbin C Ivan Herrera OF Jackson Merrill OF Chase DeLauter OF Lars Nootbaar P Gavin Williams P Justin Wrobleski SS Brayan Rocchio,,,
788,5201510806,thegreatest88,0,88.05,1B Willson Contreras 2B Jake Cronenworth 3B Caleb Durbin C Ivan Herrera OF Wilyer Abreu OF Ceddanne Rafaela OF Jackson Merrill P Gavin Williams P Justin Wrobleski SS Andruw Monasterio,,,
790,5201402362,daisquifh,0,87.95,1B Ty France 2B Vaughn Grissom 3B Brooks Lee C Ivan Herrera OF Seiya Suzuki OF Tyler Soderstrom OF Sam Antonacci P Justin Wrobleski P Reid Detmers SS Jacob Wilson,,,
790,5201450334,chemicalsofdemocracy,0,87.95,1B Michael Busch 2B Kody Clemens 3B Luis Rengifo C Ivan Herrera OF Kyle Tucker OF Ceddanne Rafaela OF Jackson Merrill P Justin Wrobleski P Reid Detmers SS Xander Bogaerts,,,
792,5201420468,Deezuhl,0,87.7,1B Freddie Freeman 2B Tommy Edman 3B Max Muncy C Dalton Rushing OF Wilyer Abreu OF Kyle Tucker OF Jahmai Jones P Reid Detmers P Landen Roupp SS Andruw Monasterio,,,
793,5201390673,toofat2419,0,87.65,1B Michael Busch 2B JJ Wetherholt 3B Alex Bregman C Ivan Herrera OF Pete Crow-Armstrong OF Ian Happ OF Michael Conforto P Peter Lambert P Anthony Kay SS Willy Adames,,,
794,5201328955,justbringit1,0,87.6,1B Ty France 2B Jake Cronenworth 3B Max Muncy C Ryan Jeffers OF Kody Clemens OF Ceddanne Rafaela OF Luis Rengifo P Justin Wrobleski P Taj Bradley SS Andruw Monasterio,,,
794,5201350705,zacksmith1977,0,87.6,1B Ty France 2B Jake Cronenworth 3B Manny Machado C Jonah Heim OF Pete Crow-Armstrong OF Jackson Merrill OF Luis Rengifo P Justin Wrobleski P Taj Bradley SS Jeremy Pena,,,
794,5201574578,Ngroves8,0,87.6,1B Paul Goldschmidt 2B Romy Gonzalez 3B Caleb Durbin C Luis Campusano OF Pete Crow-Armstrong OF Jackson Merrill OF Jahmai Jones P Justin Wrobleski P Taj Bradley SS Elly De La Cruz,,,
794,5201639962,legreat19,0,87.6,1B Rhys Hoskins 2B Jake Cronenworth 3B Jose Ramirez C Austin Hedges OF Pete Crow-Armstrong OF Seiya Suzuki OF Steven Kwan P Gavin Williams P Reid Detmers SS Brayan Rocchio,,,
798,5201354341,be2eazy,0,87.55,1B Nathaniel Lowe 2B Jake Cronenworth 3B Isaac Paredes C Victor Caratini OF Yordan Alvarez OF Jackson Merrill OF Lars Nootbaar P Peter Lambert P Justin Wrobleski SS Jeremy Pena,,,
798,5201596737,Hambone1927,0,87.55,1B Freddie Freeman 2B JJ Wetherholt 3B Max Muncy C Ivan Herrera OF Kyle Tucker OF Lars Nootbaar OF Jasson Dominguez P Jake Bennett P Seth Lugo SS Masyn Winn,,,
800,5201355341,Musky4213,0,87.5,1B Ty France 2B Kody Clemens 3B Luis Rengifo C Ryan Jeffers OF Byron Buxton OF Jackson Merrill OF Gavin Sheets P Justin Wrobleski P Anthony Kay SS Xander Bogaerts,,,
801,5201474960,Franatic,0,87.35,1B Willson Contreras 2B Jake Cronenworth 3B Caleb Durbin C Dalton Rushing OF Shohei Ohtani OF Andy Pages OF Steven Kwan P Taj Bradley P Landen Roupp SS Andruw Monasterio,,,
802,5201731663,jacore3,0,87.3,1B Ty France 2B Brice Turang 3B Alex Bregman C Austin Wells OF Randy Arozarena OF Seiya Suzuki OF Jake McCarthy P Peter Lambert P Jake Bennett SS Jeremy Pena,,,
803,5201606811,jsamtoy,0,87.25,1B Rhys Hoskins 2B Kody Clemens 3B Jose Ramirez C Victor Caratini OF Ceddanne Rafaela OF Chase DeLauter OF Petey Halpin P Gavin Williams P Taj Bradley SS Brayan Rocchio,,,
804,5201488317,Necreezy,0,87.2,1B Paul Goldschmidt 2B Jake Cronenworth 3B Brooks Lee C Victor Caratini OF Byron Buxton OF Jackson Merrill OF Trevor Larnach P Gerrit Cole P Michael King SS Ryan Kreidler,,,
804,5201667307,Boneyball1018,0,87.2,1B Salvador Perez 2B JJ Wetherholt 3B Caleb Durbin C Ivan Herrera OF Jackson Merrill OF Trevor Larnach OF Jose Fermin P Gerrit Cole P Michael King SS Mookie Betts,,,
804,5201682130,brewcrewaz,0,87.2,1B Munetaka Murakami 2B Romy Gonzalez 3B Caleb Durbin C Ivan Herrera OF Seiya Suzuki OF Trevor Larnach OF Lane Thomas P Taj Bradley P Michael King SS Brayan Rocchio,,,
807,5200860548,SliceB,0,87.15,1B Christian Walker 2B JJ Wetherholt 3B Josh Rojas C Ryan Jeffers OF Kody Clemens OF Jake McCarthy OF Grant McCray P Peter Lambert P Michael King SS Jeremy Pena,,,
807,5201319211,XAKAX,0,87.15,1B Willson Contreras 2B Jake Cronenworth 3B Caleb Durbin C Victor Caratini OF Kody Clemens OF Andy Pages OF Jahmai Jones P Taj Bradley P Reid Detmers SS Elly De La Cruz,,,
807,5201582429,bnwininger,0,87.15,1B Ty France 2B Luis Arraez 3B Manny Machado C Ivan Herrera OF Tyler Soderstrom OF Sam Antonacci OF Jackson Merrill P Justin Wrobleski P Jake Bennett SS Willi Castro,,,
810,5201576253,kwalker774,0,87.05,1B Shohei Ohtani 2B Romy Gonzalez 3B Jose Ramirez C Jonah Heim OF Chase DeLauter OF Steven Kwan OF Jahmai Jones P Gavin Williams P Justin Wrobleski SS Brayan Rocchio,,,
810,5201729107,sasmallen,0,87.05,1B Romy Gonzalez 2B Jake Cronenworth 3B Jose Ramirez C Carlos Narvaez OF Shohei Ohtani OF Wilyer Abreu OF Chase DeLauter P Gavin Williams P Justin Wrobleski SS Andruw Monasterio,,,
812,5201738794,memphisbilly,0,87,1B Nathaniel Lowe 2B Nico Hoerner 3B Caleb Durbin C Ivan Herrera OF Pete Crow-Armstrong OF Fernando Tatis Jr. OF Dane Myers P Justin Wrobleski P Michael King SS Brayan Rocchio,,,
813,5201194889,bellcow69,0,86.95,1B Michael Busch 2B Kody Clemens 3B Luis Rengifo C Jonah Heim OF Ceddanne Rafaela OF Jackson Merrill OF Cole Carrigg P Justin Wrobleski P Reid Detmers SS Elly De La Cruz,,,
814,5201279467,plewis247,0,86.8,1B Josh Bell 2B Romy Gonzalez 3B Caleb Durbin C Ryan Jeffers OF Byron Buxton OF Ceddanne Rafaela OF Jahmai Jones P Gerrit Cole P Taj Bradley SS Andruw Monasterio,,,
815,5201634041,Fishnaked,0,86.75,1B Ty France 2B Travis Bazzana 3B Jose Ramirez C Austin Hedges OF Fernando Tatis Jr. OF Kody Clemens OF Jorge Soler P Michael King P Jake Bennett SS Xander Bogaerts,,,
816,5201201049,bighelmetfrankgore,0,86.7,1B Nick Kurtz 2B Jake Cronenworth 3B Max Muncy C Dalton Rushing OF Tyler Soderstrom OF Trevor Larnach OF Henry Bolte P Reid Detmers P Landen Roupp SS Jacob Wilson,,,
817,5201449235,sportsfan882,0,86.6,1B Willson Contreras 2B Romy Gonzalez 3B Caleb Durbin C Austin Wells OF Jordan Walker OF Wilyer Abreu OF Ceddanne Rafaela P Gavin Williams P Reid Detmers SS Anthony Volpe,,,
817,5201663987,tbone1970,0,86.6,1B Victor Caratini 2B Kody Clemens 3B Isaac Paredes C Ryan Jeffers OF Trevor Larnach OF Lars Nootbaar OF Nathan Church P Justin Wrobleski P Taj Bradley SS Masyn Winn,,,
817,5201669968,JayMan8955,0,86.6,1B Willson Contreras 2B Kody Clemens 3B Luis Rengifo C Victor Caratini OF Ceddanne Rafaela OF Jackson Merrill OF Steven Kwan P Justin Wrobleski P Taj Bradley SS Brayan Rocchio,,,
817,5201681903,mtaffe,0,86.6,1B Paul Goldschmidt 2B Vaughn Grissom 3B Alex Bregman C Victor Caratini OF Jordan Walker OF Jung Hoo Lee OF Luke Keaschall P Justin Wrobleski P Taj Bradley SS Mookie Betts,,,
821,5201332864,sheed6,0,86.35,1B Nolan Schanuel 2B Vaughn Grissom 3B Jose Ramirez C Ryan Jeffers OF Mike Trout OF Dominic Canzone OF Wade Meckler P Taj Bradley P Landen Roupp SS Zach Neto,,,
822,5201055130,Cathyrules1,0,86.3,1B Paul Goldschmidt 2B Jose Altuve 3B Isaac Paredes C Dalton Rushing OF Jackson Chourio OF Christian Yelich OF JJ Bleday P Peter Lambert P Jake Bennett SS Willy Adames,,,
823,5201261670,GreenBayWin77,0,86.25,1B Ty France 2B Travis Bazzana 3B Jose Ramirez C Austin Hedges OF Pete Crow-Armstrong OF Chase DeLauter OF Petey Halpin P Gavin Williams P Taj Bradley SS Jacob Wilson,,,
823,5201324042,josh.0,0,86.25,1B Nick Kurtz 2B Romy Gonzalez 3B Caleb Durbin C Jonah Heim OF Tyler Soderstrom OF Ceddanne Rafaela OF Jahmai Jones P Gerrit Cole P Logan Henderson SS Jacob Wilson,,,
825,5201735082,4LeftsMakeItRight,0,86.2,1B Josh Bell 2B Jose Altuve 3B Tommy Edman C Victor Caratini OF Kyle Tucker OF Ceddanne Rafaela OF Trevor Larnach P Taj Bradley P Michael King SS Jeremy Pena,,,
826,5201442259,sdot2350,0,86.05,1B Willson Contreras 2B Romy Gonzalez 3B Vaughn Grissom C Carlos Narvaez OF Mike Trout OF Jo Adell OF Jorge Soler P Logan Henderson P Justin Wrobleski SS Zach Neto,,,
827,5200991664,Hotdog0208,0,86,1B Michael Busch 2B Kody Clemens 3B Alex Bregman C Austin Wells OF Pete Crow-Armstrong OF Jarren Duran OF Luke Keaschall P Justin Wrobleski P Michael King SS Cooper Pratt,,,
827,5201500641,postalwolf,0,86,1B Paul Goldschmidt 2B Jose Altuve 3B Alex Bregman C Ivan Herrera OF Fernando Tatis Jr. OF Teoscar Hernandez OF Dane Myers P Justin Wrobleski P Michael King SS Brayan Rocchio,,,
829,5201128130,mitchellmorse30,0,85.95,1B Nathaniel Lowe 2B Brice Turang 3B Sal Stewart C Jonah Heim OF Jackson Chourio OF JJ Bleday OF Dane Myers P Justin Wrobleski P Reid Detmers SS Elly De La Cruz,,,
830,5201327431,Schweettaay,0,85.9,1B Ty France 2B Jazz Chisholm Jr. 3B Isaac Paredes C Jimmy Crooks OF Seiya Suzuki OF JJ Bleday OF Chase DeLauter P Chris Sale P Gerrit Cole SS Cooper Pratt,,,
831,5201298124,Tarskin16,0,85.8,1B Willson Contreras 2B Jake Cronenworth 3B Manny Machado C Ivan Herrera OF Andy Pages OF Jackson Merrill OF Luis Rengifo P Logan Henderson P Jake Bennett SS Andruw Monasterio,,,
831,5201719544,wigglye,0,85.8,1B Willson Contreras 2B JJ Wetherholt 3B Caleb Durbin C Ivan Herrera OF Ceddanne Rafaela OF Jarren Duran OF Jasson Dominguez P Logan Henderson P Jake Bennett SS Ryan Kreidler,,,
833,5201311000,steelerspens09,0,85.75,1B Bryce Eldridge 2B Brice Turang 3B Alex Bregman C Ivan Herrera OF Andy Pages OF Ceddanne Rafaela OF Trevor Larnach P Michael King P Jake Bennett SS Xander Bogaerts,,,
833,5201511209,kk1118,0,85.75,1B Josh Bell 2B Jake Cronenworth 3B Manny Machado C Jonah Heim OF Byron Buxton OF Fernando Tatis Jr. OF Jackson Merrill P Michael King P Landen Roupp SS Xander Bogaerts,,,
835,5201606301,lefty4488,0,85.65,1B Willson Contreras 2B Romy Gonzalez 3B Gabriel Arias C Carlos Narvaez OF Shohei Ohtani OF Ceddanne Rafaela OF Chase DeLauter P Logan Henderson P Michael King SS Andruw Monasterio,,,
835,5201298605,FatManMagic,0,85.649994,1B Romy Gonzalez 2B Jake Cronenworth 3B Jose Ramirez C Ryan Jeffers OF Fernando Tatis Jr. OF Steven Kwan OF Jahmai Jones P Gavin Williams P Michael King SS Brayan Rocchio,,,
835,5201729892,oozingmachismo,0,85.649994,1B Willson Contreras 2B Jake Cronenworth 3B Caleb Durbin C Carter Jensen OF Ceddanne Rafaela OF Jackson Merrill OF Luis Rengifo P Gavin Williams P Michael King SS Brayan Rocchio,,,
838,5201168344,DavidMoose,0,85.6,1B Freddie Freeman 2B Nico Hoerner 3B Vaughn Grissom C Jonah Heim OF Pete Crow-Armstrong OF Jackson Chourio OF Kyle Tucker P Justin Wrobleski P Colin Rea SS Anthony Volpe,,,
839,5201577016,Millsy67,0,85.35,1B Christian Walker 2B Jake Cronenworth 3B Isaac Paredes C Jonah Heim OF Pete Crow-Armstrong OF Mike Trout OF Jackson Merrill P Taj Bradley P Jake Bennett SS Colson Montgomery,,,
839,5201711108,NYblue28,0,85.35,1B Josh Bell 2B Kody Clemens 3B Isaac Paredes C Cal Raleigh OF Yordan Alvarez OF Trevor Larnach OF Luke Keaschall P Taj Bradley P Landen Roupp SS Ryan Kreidler,,,
841,5201389089,mistertachyon,0,85.25,1B Willson Contreras 2B Romy Gonzalez 3B Caleb Durbin C Ryan Jeffers OF Byron Buxton OF Cam Smith OF Jahmai Jones P Gavin Williams P Taj Bradley SS Andruw Monasterio,,,
841,5201501543,bdcook2,0,85.25,1B Rhys Hoskins 2B Kody Clemens 3B Jose Ramirez C Austin Hedges OF Ceddanne Rafaela OF Chase DeLauter OF Jahmai Jones P Gerrit Cole P Gavin Williams SS Brayan Rocchio,,,
841,5201554958,APL1479,0,85.25,1B Ty France 2B Travis Bazzana 3B Daniel Schneemann C Dalton Rushing OF Andy Pages OF Teoscar Hernandez OF Chase DeLauter P Logan Henderson P Taj Bradley SS Mookie Betts,,,
844,5201665960,To0Hot2player95,0,85.2,1B Ben Rice 2B Jazz Chisholm Jr. 3B Manny Machado C Austin Wells OF Trent Grisham OF Noelvi Marte OF Ivan Johnson P Gerrit Cole P Michael King SS Mookie Betts,,,
845,5201147774,MrPearl420,0,85.15,1B Paul Goldschmidt 2B Nico Hoerner 3B Amed Rosario C Dalton Rushing OF Pete Crow-Armstrong OF Christian Yelich OF Kyle Tucker P Justin Wrobleski P Jake Bennett SS Anthony Volpe,,,
845,5201198015,danno_35,0,85.15,1B Josh Bell 2B Kody Clemens 3B Nick Loftin C Dalton Rushing OF Andy Pages OF Kyle Tucker OF Cole Carrigg P Justin Wrobleski P Jake Bennett SS Jeremy Pena,,,
845,5201204893,mrwallace918,0,85.15,1B Willson Contreras 2B Romy Gonzalez 3B Manny Machado C Luis Campusano OF Pete Crow-Armstrong OF Jackson Merrill OF Jahmai Jones P Peter Lambert P Michael King SS Andruw Monasterio,,,
848,5201275815,GillTicket,0,85.05,1B Romy Gonzalez 2B Jose Altuve 3B Isaac Paredes C Carlos Narvaez OF Yordan Alvarez OF Jarren Duran OF Cam Smith P Logan Henderson P Justin Wrobleski SS Jeremy Pena,,,
848,5201433325,TrojanMom85,0,85.05,1B Freddie Freeman 2B Jake Cronenworth 3B Luis Rengifo C Ryan Jeffers OF Ceddanne Rafaela OF Jackson Merrill OF Luke Keaschall P Gavin Williams P Justin Wrobleski SS Ryan Kreidler,,,
848,5201582450,LesterNygaard,0,85.05,1B Willson Contreras 2B Jazz Chisholm Jr. 3B Caleb Durbin C Austin Wells OF Wilyer Abreu OF Ceddanne Rafaela OF Jarren Duran P Gavin Williams P Justin Wrobleski SS Anthony Volpe,,,
848,5201737780,scrapdoggie,0,85.05,1B Ty France 2B Jake Cronenworth 3B Alex Bregman C Jonah Heim OF Andy Pages OF Sam Antonacci OF Jake McCarthy P Gavin Williams P Justin Wrobleski SS Mookie Betts,,,
852,5201603127,Spartan52,0,85,1B Vinnie Pasquantino 2B Nico Hoerner 3B Vaughn Grissom C William Contreras OF Pete Crow-Armstrong OF Ceddanne Rafaela OF Jorge Soler P Justin Wrobleski P Michael King SS Willy Adames,,,
852,5201653932,AGGIES1515,0,85,1B Munetaka Murakami 2B JJ Wetherholt 3B Manny Machado C Jonah Heim OF Fernando Tatis Jr. OF Jordan Walker OF Jackson Merrill P Jose Franco P Caleb Ferguson SS Elly De La Cruz,,,
854,5201604138,Djuano2015,0,84.35,1B Willson Contreras 2B Tommy Edman 3B Caleb Durbin C Dalton Rushing OF Kyle Tucker OF Ceddanne Rafaela OF Teoscar Hernandez P Reid Detmers P Seth Lugo SS Mookie Betts,,,
855,5201334791,a_brech,0,84.25,1B Rafael Devers 2B Jake Cronenworth 3B Isaac Paredes C Jonah Heim OF Mike Trout OF Christian Yelich OF Trevor Larnach P Gavin Williams P Taj Bradley SS Brayan Rocchio,,,
856,5201306606,Banzai76,0,84.15,1B Rhys Hoskins 2B Brice Turang 3B Jose Ramirez C Austin Hedges OF Jackson Chourio OF Christian Yelich OF Garrett Mitchell P Justin Wrobleski P Jake Bennett SS Cooper Pratt,,,
856,5201626017,Mikearmstrong2311,0,84.15,1B Willson Contreras 2B Romy Gonzalez 3B Caleb Durbin C Jonah Heim OF Fernando Tatis Jr. OF Wilyer Abreu OF Jahmai Jones P Peter Lambert P Michael King SS Jacob Wilson,,,
858,5201247194,Goatradamus,0,84.05,1B Paul Goldschmidt 2B Tommy Edman 3B Jose Ramirez C Dalton Rushing OF Ceddanne Rafaela OF Chase DeLauter OF Steven Kwan P Gavin Williams P Justin Wrobleski SS Andruw Monasterio,,,
858,5201547582,jimcon2,0,84.05,1B Paul Goldschmidt 2B Jazz Chisholm Jr. 3B Luis Rengifo C Jonah Heim OF Pete Crow-Armstrong OF Trevor Larnach OF Jasson Dominguez P Gavin Williams P Justin Wrobleski SS Anthony Volpe,,,
860,5201537435,jmason247,0,84,1B Ty France 2B Jose Altuve 3B Isaac Paredes C Christian Vazquez OF Yordan Alvarez OF Nathan Church OF Gavin Sheets P Justin Wrobleski P Michael King SS Jeremy Pena,,,
861,5201468919,Webedawgs,0,83.8,1B Willson Contreras 2B Romy Gonzalez 3B Vaughn Grissom C Carlos Narvaez OF Mike Trout OF Ceddanne Rafaela OF Jarren Duran P Logan Henderson P Jake Bennett SS Zach Neto,,,
861,5201620597,ninersgal707,0,83.8,1B Rhys Hoskins 2B Kody Clemens 3B Jose Ramirez C Austin Hedges OF Trevor Larnach OF Chase DeLauter OF Petey Halpin P Gerrit Cole P Taj Bradley SS Zach Neto,,,
863,5201241990,joehalac,0,83.7,1B Josh Bell 2B Kody Clemens 3B Tommy White C Ryan Jeffers OF Byron Buxton OF Trevor Larnach OF Chase DeLauter P Taj Bradley P Anthony Kay SS Brayan Rocchio,,,
864,5201234060,lbquadz,0,83.649994,1B Paul Goldschmidt 2B Tommy Edman 3B Caleb Durbin C Carlos Narvaez OF Andy Pages OF Ceddanne Rafaela OF Teoscar Hernandez P Gavin Williams P Michael King SS Mookie Betts,,,
865,5201568567,LyonCubs,0,83.6,1B Rhys Hoskins 2B Travis Bazzana 3B Caleb Durbin C Austin Hedges OF Byron Buxton OF Trevor Larnach OF Jarren Duran P Gavin Williams P Reid Detmers SS Brayan Rocchio,,,
865,5201709865,BigAlKeno1,0,83.6,1B Ty France 2B Jake Cronenworth 3B Luis Rengifo C Ivan Herrera OF Kody Clemens OF Seiya Suzuki OF Wilyer Abreu P Justin Wrobleski P Taj Bradley SS Jeremy Pena,,,
867,5201457545,macataca,0,83.55,1B Josh Bell 2B Kody Clemens 3B Caleb Durbin C Ryan Jeffers OF Wilyer Abreu OF Ceddanne Rafaela OF Jarren Duran P Michael King P Reid Detmers SS Andruw Monasterio,,,
867,5201524679,HuntMarv,0,83.55,1B Willson Contreras 2B Jose Altuve 3B Brooks Lee C Victor Caratini OF Sam Antonacci OF Lars Nootbaar OF Cole Carrigg P Michael King P Reid Detmers SS Jeremy Pena,,,
869,5201355457,chadmac10,0,83.5,1B Sal Stewart 2B Jose Altuve 3B Pedro Ramirez C Austin Wells OF Mike Trout OF Jackson Chourio OF JJ Bleday P Justin Wrobleski P Anthony Kay SS Elly De La Cruz,,,
870,5201304598,trevallsutton,0,83.25,1B Rafael Devers 2B Willi Castro 3B Brooks Lee C Ryan Jeffers OF Mike Trout OF Kody Clemens OF Jackson Chourio P Luis Castillo P Anthony Kay SS Xander Bogaerts,,,
870,5201665063,Skadoosh,0,83.25,1B Willson Contreras 2B Romy Gonzalez 3B Jose Ramirez C Carlos Narvaez OF Wilyer Abreu OF Steven Kwan OF Jahmai Jones P Gerrit Cole P Gavin Williams SS Brayan Rocchio,,,
872,5201316043,FarmHallFalls,0,83.15,1B Willson Contreras 2B Romy Gonzalez 3B Manny Machado C Ivan Herrera OF Wilyer Abreu OF Ceddanne Rafaela OF Jahmai Jones P Logan Henderson P Anthony Kay SS Mookie Betts,,,
872,5201531589,italianskank,0,83.15,1B Ty France 2B Oswald Peraza 3B Caleb Durbin C Christian Vazquez OF Pete Crow-Armstrong OF Fernando Tatis Jr. OF Jordan Walker P Justin Wrobleski P Jake Bennett SS Cooper Pratt,,,
874,5201244942,colonelforbin22,0,83.05,1B Willson Contreras 2B Kody Clemens 3B Amed Rosario C Patrick Bailey OF Ceddanne Rafaela OF JJ Bleday OF Chase DeLauter P Logan Henderson P Justin Wrobleski SS Anthony Volpe,,,
874,5201422651,JG29,0,83.05,1B Paul Goldschmidt 2B Romy Gonzalez 3B Caleb Durbin C Austin Hedges OF Jordan Walker OF Andy Pages OF Jasson Dominguez P Gavin Williams P Justin Wrobleski SS Brayan Rocchio,,,
876,5201235725,Lpin16,0,82.95,1B Ty France 2B Luis Arraez 3B Pedro Ramirez C Hunter Goodman OF Pete Crow-Armstrong OF Chase DeLauter OF Jose Fermin P Justin Wrobleski P Reid Detmers SS Cooper Pratt,,,
877,5201298545,REDNECKDUCK,0,82.8,1B TJ Rumfield 2B Jose Altuve 3B Alex Bregman C Ivan Herrera OF Pete Crow-Armstrong OF Ceddanne Rafaela OF Braden Montgomery P Gavin Williams P Jake Bennett SS Andruw Monasterio,,,
877,5201464945,jradesanmi,0,82.8,1B Shohei Ohtani 2B Romy Gonzalez 3B Nick Loftin C Carter Jensen OF Trevor Larnach OF Lane Thomas OF Isaac Collins P Gavin Williams P Landen Roupp SS Jeremy Pena,,,
879,5201190604,jmack161,0,82.6,1B Michael Busch 2B Kody Clemens 3B Caleb Durbin C Logan O'Hoppe OF Jackson Chourio OF Wilyer Abreu OF Grant McCray P Justin Wrobleski P Taj Bradley SS Elly De La Cruz,,,
879,5201251311,Beer302020,0,82.6,1B Alec Burleson 2B JJ Wetherholt 3B Amed Rosario C Ivan Herrera OF Jordan Walker OF Jasson Dominguez OF Luke Keaschall P Logan Henderson P Reid Detmers SS Andruw Monasterio,,,
879,5201303461,mefahrer,0,82.6,1B Rafael Devers 2B Michael Massey 3B Brooks Lee C Carter Jensen OF Christian Yelich OF Luis Lara OF Wade Meckler P Gerrit Cole P Justin Wrobleski SS Jose Caballero,,,
882,5201247128,hitmen20002002,0,82.55,1B Rhys Hoskins 2B Jake Cronenworth 3B Jose Ramirez C Luis Campusano OF Fernando Tatis Jr. OF Chase DeLauter OF Steven Kwan P Michael King P Reid Detmers SS Zach Neto,,,
883,5200876915,cbrfan,0,82.25,1B Ty France 2B Jake Cronenworth 3B Jose Ramirez C Carter Jensen OF Jake McCarthy OF Chase DeLauter OF Cole Carrigg P Logan Henderson P Taj Bradley SS Jeremy Pena,,,
883,5201380188,griffman1003,0,82.25,1B Willson Contreras 2B Romy Gonzalez 3B Jose Ramirez C Jonah Heim OF Wilyer Abreu OF Ceddanne Rafaela OF Jahmai Jones P Gavin Williams P Taj Bradley SS Brayan Rocchio,,,
883,5201648516,Yappin01,0,82.25,1B Willson Contreras 2B Romy Gonzalez 3B Jose Ramirez C Jonah Heim OF Wilyer Abreu OF Ceddanne Rafaela OF Jahmai Jones P Gavin Williams P Taj Bradley SS Brayan Rocchio,,,
886,5201077996,SteveHarding.48,0,82.15,1B Freddie Freeman 2B Chase Meidroth 3B Isaac Paredes C Ivan Herrera OF Jackson Chourio OF Sam Antonacci OF Cole Carrigg P Justin Wrobleski P Jake Bennett SS Cooper Pratt,,,
886,5201241506,RSH427R,0,82.15,1B Paul Goldschmidt 2B Romy Gonzalez 3B Max Muncy C Dalton Rushing OF Andy Pages OF Ceddanne Rafaela OF Jahmai Jones P Justin Wrobleski P Jake Bennett SS Mookie Betts,,,
886,5201409823,pbravo33,0,82.15,1B Alec Burleson 2B JJ Wetherholt 3B Alex Bregman C Ivan Herrera OF Jordan Walker OF Lars Nootbaar OF Gavin Sheets P Justin Wrobleski P Jake Bennett SS Cooper Pratt,,,
889,5201257997,ajb3247,0,81.95,1B Willson Contreras 2B JJ Wetherholt 3B Caleb Durbin C Ivan Herrera OF Ceddanne Rafaela OF Jackson Merrill OF Lars Nootbaar P Justin Wrobleski P Reid Detmers SS Andruw Monasterio,,,
889,5201345090,icemike23,0,81.95,1B Shohei Ohtani 2B Travis Bazzana 3B Jose Ramirez C Logan O'Hoppe OF Chase DeLauter OF Steven Kwan OF Petey Halpin P Justin Wrobleski P Reid Detmers SS Zach Neto,,,
891,5201596322,The_Chupa,0,81.65,1B Rhys Hoskins 2B Vaughn Grissom 3B Alex Bregman C Jonah Heim OF Randy Arozarena OF Tyler Soderstrom OF Jarren Duran P Logan Henderson P Michael King SS Jeremy Pena,,,
891,5201667103,ckat1985,0,81.649994,1B Freddie Freeman 2B Tommy Edman 3B Caleb Durbin C Carlos Narvaez OF Andy Pages OF Kyle Tucker OF Teoscar Hernandez P Gavin Williams P Michael King SS Andruw Monasterio,,,
893,5201336894,LinkSinc,0,81.6,1B Rhys Hoskins 2B Romy Gonzalez 3B Jose Ramirez C William Contreras OF Wilyer Abreu OF Chase DeLauter OF Steven Kwan P Gavin Williams P Reid Detmers SS Brayan Rocchio,,,
893,5201372031,jimmyb.83159,0,81.6,1B Willson Contreras 2B Jake Cronenworth 3B Luis Rengifo C Luis Campusano OF Byron Buxton OF Wilyer Abreu OF Jackson Merrill P Justin Wrobleski P Taj Bradley SS Andruw Monasterio,,,
895,5201253584,timrowland09,0,81.25,1B Willson Contreras 2B Romy Gonzalez 3B Jose Ramirez C Austin Hedges OF Wilyer Abreu OF Chase DeLauter OF Jahmai Jones P Gavin Williams P Taj Bradley SS Jeremy Pena,,,
895,5201282129,jrevelle3,0,81.25,1B Willson Contreras 2B Romy Gonzalez 3B Jose Ramirez C Carlos Narvaez OF Wilyer Abreu OF Chase DeLauter OF Jahmai Jones P Gerrit Cole P Gavin Williams SS Brayan Rocchio,,,
895,5201392766,Toppodogg,0,81.25,1B Willson Contreras 2B Romy Gonzalez 3B Jose Ramirez C Austin Hedges OF Wilyer Abreu OF Chase DeLauter OF Jahmai Jones P Gavin Williams P Taj Bradley SS Jeremy Pena,,,
895,5201633985,Booshea,0,81.25,1B Willson Contreras 2B Romy Gonzalez 3B Jose Ramirez C Austin Hedges OF Wilyer Abreu OF Chase DeLauter OF Jahmai Jones P Gavin Williams P Taj Bradley SS Jeremy Pena,,,
899,5201253791,kcflopshot,0,81.15,1B Tommy White 2B Kody Clemens 3B Jose Ramirez C Ryan Jeffers OF Ceddanne Rafaela OF Chase DeLauter OF Steven Kwan P Logan Henderson P Anthony Kay SS Brayan Rocchio,,,
899,5201397607,RuthlessVillain,0,81.15,1B Freddie Freeman 2B Tommy Edman 3B Max Muncy C Dalton Rushing OF Kyle Tucker OF Luis Rengifo OF Gavin Sheets P Justin Wrobleski P Landen Roupp SS Andruw Monasterio,,,
899,5201609120,ladnav77,0,81.15,1B Shohei Ohtani 2B Jake Cronenworth 3B Luis Rengifo C Carter Jensen OF Andy Pages OF Lane Thomas OF Luke Keaschall P Justin Wrobleski P Jake Bennett SS Xander Bogaerts,,,
902,5201695500,Troballz4,0,81,1B Freddie Freeman 2B Tommy Edman 3B Amed Rosario C Jonah Heim OF Kyle Tucker OF Ceddanne Rafaela OF Henry Bolte P Justin Wrobleski P Michael King SS Jacob Wilson,,,
903,5201170722,captainzen,0,80.8,1B Freddie Freeman 2B Romy Gonzalez 3B Max Muncy C Jonah Heim OF Wilyer Abreu OF Kyle Tucker OF Lane Thomas P Gavin Williams P Landen Roupp SS Andruw Monasterio,,,
904,5201427805,bryanbigbets,0,80.7,1B Willson Contreras 2B Romy Gonzalez 3B Jose Ramirez C Carlos Narvaez OF Pete Crow-Armstrong OF Steven Kwan OF Jahmai Jones P Logan Henderson P Gavin Williams SS Andruw Monasterio,,,
905,5201258932,DLP4412,0,80.649994,1B Josh Bell 2B Kody Clemens 3B Jose Ramirez C Victor Caratini OF Byron Buxton OF Steven Kwan OF Petey Halpin P Gavin Williams P Michael King SS Ryan Kreidler,,,
906,5201612331,tee-wade,0,80.6,1B Michael Busch 2B Kody Clemens 3B Brooks Lee C Ryan Jeffers OF Ceddanne Rafaela OF Trevor Larnach OF Jahmai Jones P Justin Wrobleski P Taj Bradley SS Andruw Monasterio,,,
907,5201257769,Hotdogfatboy,0,80.55,1B Ty France 2B Jose Altuve 3B Alex Bregman C Ivan Herrera OF Tyler Soderstrom OF Wilyer Abreu OF JJ Bleday P Michael King P Reid Detmers SS Colson Montgomery,,,
908,5201176928,jedimoose28,0,80.25,1B Paul Goldschmidt 2B Kody Clemens 3B Jose Ramirez C Jonah Heim OF Chase DeLauter OF Steven Kwan OF Jahmai Jones P Gerrit Cole P Logan Henderson SS Brayan Rocchio,,,
908,5201728364,sickwidit284,0,80.25,1B Willson Contreras 2B Romy Gonzalez 3B Caleb Durbin C Carlos Narvaez OF Byron Buxton OF Ceddanne Rafaela OF Colby Thomas P Gavin Williams P Taj Bradley SS Brayan Rocchio,,,
910,5201547539,tical1994,0,80.15,1B Willson Contreras 2B Romy Gonzalez 3B Tommy White C Ivan Herrera OF Jordan Walker OF Wilyer Abreu OF Ceddanne Rafaela P Taj Bradley P Reid Detmers SS Andruw Monasterio,,,
911,5201658669,MrDorito,0,80.05,1B Christian Walker 2B Travis Bazzana 3B Jose Ramirez C Ivan Herrera OF Ceddanne Rafaela OF Jake McCarthy OF Jose Fermin P Logan Henderson P Justin Wrobleski SS Anthony Volpe,,,
912,5201658295,moldova,0,80,1B Munetaka Murakami 2B Chase Meidroth 3B Miguel Vargas C Cal Raleigh OF Sam Antonacci OF Julio Rodriguez OF Andrew Benintendi P Reid Detmers P Michael McGreevy SS Willy Adames,,,
913,5201157290,siranthonymason,0,79.7,1B Vinnie Pasquantino 2B Anthony Seigler 3B Caleb Durbin C Ivan Herrera OF Fernando Tatis Jr. OF Jackson Chourio OF Kyle Tucker P Reid Detmers P Jake Bennett SS Dansby Swanson,,,
914,5201455216,Sammy.Boy,0,79.649994,1B Willson Contreras 2B Romy Gonzalez 3B Caleb Durbin C Carter Jensen OF Pete Crow-Armstrong OF Lane Thomas OF Jahmai Jones P Gavin Williams P Michael King SS Andruw Monasterio,,,
914,5201546733,Thisisdblock,0,79.649994,1B Willson Contreras 2B Romy Gonzalez 3B Jose Ramirez C Carlos Narvaez OF Wilyer Abreu OF Jackson Merrill OF Chase DeLauter P Gavin Williams P Michael King SS Andruw Monasterio,,,
916,5201194824,July40521,0,79.55,1B Ty France 2B Jose Altuve 3B Manny Machado C Jonah Heim OF Randy Arozarena OF Wilyer Abreu OF Jarren Duran P Michael King P Reid Detmers SS Jeremy Pena,,,
917,5201721337,mstacks24,0,79.35,1B Freddie Freeman 2B Tommy Edman 3B Max Muncy C Austin Hedges OF Kyle Tucker OF Michael Conforto OF Steven Kwan P Taj Bradley P Landen Roupp SS Brayan Rocchio,,,
918,5201191890,m_dan12,0,79.25,1B Willson Contreras 2B Romy Gonzalez 3B Jose Ramirez C Jonah Heim OF Wilyer Abreu OF Ceddanne Rafaela OF Steven Kwan P Gavin Williams P Taj Bradley SS Andruw Monasterio,,,
918,5201721339,Firesauce11,0,79.25,1B Rhys Hoskins 2B Tommy Edman 3B Jose Ramirez C Jonah Heim OF Tyler Soderstrom OF Chase DeLauter OF Steven Kwan P Gavin Williams P Taj Bradley SS Brayan Rocchio,,,
920,5201241404,reedo714,0,79.2,1B Paul Goldschmidt 2B Jose Altuve 3B Isaac Paredes C Jimmy Crooks OF Pete Crow-Armstrong OF Jasson Dominguez OF Tristan Peters P Gavin Williams P Peter Lambert SS Jeremy Pena,,,
920,5201322320,mjellis11,0,79.2,1B Josh Bell 2B Brice Turang 3B Jose Ramirez C William Contreras OF Chase DeLauter OF Steven Kwan OF Petey Halpin P Taj Bradley P Michael King SS Elly De La Cruz,,,
920,5201436406,scoats85,0,79.2,1B Josh Bell 2B Kody Clemens 3B Jose Ramirez C Victor Caratini OF Chase DeLauter OF Luke Keaschall OF Steven Kwan P Gavin Williams P Peter Lambert SS Brayan Rocchio,,,
923,5201169815,Andarooni,0,79.15,1B Ty France 2B Jake Cronenworth 3B Manny Machado C Ryan Jeffers OF Kyle Tucker OF Jackson Merrill OF Luis Rengifo P Justin Wrobleski P Jake Bennett SS Jeremy Pena,,,
923,5201582856,breadmantom,0,79.15,1B Willson Contreras 2B Kody Clemens 3B Luis Rengifo C Dalton Rushing OF Jackson Merrill OF Trevor Larnach OF Tristan Peters P Peter Lambert P Michael King SS Brayan Rocchio,,,
925,5201666357,Andremc,0,79.05,1B Shohei Ohtani 2B Jake Cronenworth 3B Jose Fermin C Jimmy Crooks OF Sam Antonacci OF Jake Bauers OF Andrew Benintendi P Logan Henderson P Justin Wrobleski SS Mookie Betts,,,
926,5201273126,Hammer1969,0,79,1B Ty France 2B Kody Clemens 3B Tommy Edman C William Contreras OF Trevor Larnach OF Lars Nootbaar OF Luis Rengifo P Justin Wrobleski P Michael King SS Jeremy Pena,,,
927,5201571399,ctrain03,0,78.95,1B Rhys Hoskins 2B Romy Gonzalez 3B Jose Ramirez C Carlos Narvaez OF Shohei Ohtani OF Wilyer Abreu OF Ceddanne Rafaela P Justin Wrobleski P Reid Detmers SS Andruw Monasterio,,,
928,5201149659,Bluej723,0,78.9,1B Jonah Heim 2B Michael Massey 3B Amed Rosario C Carter Jensen OF Pete Crow-Armstrong OF Kody Clemens OF Seiya Suzuki P Gerrit Cole P Brady Singer SS Cooper Pratt,,,
929,5201212398,KV916,0,78.7,1B Paul Goldschmidt 2B Cole Young 3B Amed Rosario C Jonah Heim OF Jordan Walker OF Andy Pages OF Mickey Moniak P Reid Detmers P Jake Bennett SS Mookie Betts,,,
930,5201217667,nalstradamus,0,78.65,1B Alec Burleson 2B JJ Wetherholt 3B Caleb Durbin C Carlos Narvaez OF Jordan Walker OF Ceddanne Rafaela OF Nathan Church P Logan Henderson P Michael King SS Masyn Winn,,,
930,5201696459,DayByDay,0,78.65,1B Salvador Perez 2B Michael Massey 3B Sal Stewart C Carter Jensen OF Jac Caglianone OF Lane Thomas OF Ivan Johnson P Logan Henderson P Michael King SS Elly De La Cruz,,,
930,5201682594,steve3258,0,78.649994,1B Willson Contreras 2B Romy Gonzalez 3B Jose Ramirez C Cal Raleigh OF Wilyer Abreu OF Chase DeLauter OF Jahmai Jones P Gavin Williams P Michael King SS Andruw Monasterio,,,
933,5201194712,TheRealPeterman,0,78.6,1B Paul Goldschmidt 2B Romy Gonzalez 3B Sal Stewart C Jonah Heim OF Jackson Merrill OF JJ Bleday OF Chase DeLauter P Justin Wrobleski P Taj Bradley SS Elly De La Cruz,,,
933,5201743688,KarrosHair,0,78.6,1B Willson Contreras 2B Kody Clemens 3B Caleb Durbin C Carlos Narvaez OF Byron Buxton OF Ceddanne Rafaela OF Jahmai Jones P Justin Wrobleski P Taj Bradley SS Xander Bogaerts,,,
935,5201718199,XYZee03,0,78.55,1B Salvador Perez 2B Kody Clemens 3B Josh Rojas C Carter Jensen OF Byron Buxton OF Jac Caglianone OF Lane Thomas P Michael King P Reid Detmers SS Ryan Kreidler,,,
936,5201680748,jvh2122,0,78.4,1B Munetaka Murakami 2B Luis Arraez 3B Eugenio Suarez C Drew Romo OF Fernando Tatis Jr. OF Mike Trout OF Lars Nootbaar P Michael King P Seth Lugo SS Xander Bogaerts,,,
936,5201727955,DETidefan,0,78.4,1B Paul Goldschmidt 2B Jose Altuve 3B Tommy Edman C Ivan Herrera OF Pete Crow-Armstrong OF JJ Bleday OF Jasson Dominguez P Michael King P Seth Lugo SS Brayan Rocchio,,,
938,5201508977,Peezy16,0,78.35,1B Alec Burleson 2B JJ Wetherholt 3B Alex Bregman C Ivan Herrera OF Pete Crow-Armstrong OF Braden Montgomery OF Andrew Benintendi P Taj Bradley P Jake Bennett SS Andruw Monasterio,,,
939,5201417260,C.Smith24,0,78.25,1B Paul Goldschmidt 2B Jazz Chisholm Jr. 3B Jose Ramirez C Austin Wells OF Pete Crow-Armstrong OF Kyle Tucker OF Petey Halpin P Gavin Williams P Taj Bradley SS Andruw Monasterio,,,
940,5201288806,Rodster48,0,78.15,1B Josh Bell 2B Kody Clemens 3B Caleb Durbin C Ryan Jeffers OF Shohei Ohtani OF Trevor Larnach OF Jahmai Jones P Justin Wrobleski P Landen Roupp SS Ryan Kreidler,,,
940,5201399877,WMays888,0,78.15,1B Michael Busch 2B Kody Clemens 3B Alex Bregman C Jimmy Crooks OF Seiya Suzuki OF Sam Antonacci OF Ian Happ P Justin Wrobleski P Landen Roupp SS Colson Montgomery,,,
940,5201554875,jrow01,0,78.15,1B Nick Kurtz 2B Romy Gonzalez 3B Caleb Durbin C Jonah Heim OF Tyler Soderstrom OF Wilyer Abreu OF Ceddanne Rafaela P Taj Bradley P Reid Detmers SS Jacob Wilson,,,
940,5201630574,jayrwebb,0,78.15,1B Ty France 2B Jake Cronenworth 3B Manny Machado C Ivan Herrera OF Seiya Suzuki OF Christian Yelich OF Ceddanne Rafaela P Justin Wrobleski P Jake Bennett SS Jeremy Pena,,,
944,5201270070,ufxgatorbox,0,78.05,1B Ty France 2B Kody Clemens 3B Jose Ramirez C Austin Hedges OF Trevor Larnach OF Chase DeLauter OF Gavin Sheets P Gavin Williams P Justin Wrobleski SS Brayan Rocchio,,,
944,5201480872,Buckeye-Ninja,0,78.05,1B Willson Contreras 2B Romy Gonzalez 3B Caleb Durbin C Ivan Herrera OF Jordan Walker OF Ceddanne Rafaela OF Jahmai Jones P Gavin Williams P Justin Wrobleski SS Masyn Winn,,,
946,5201659933,jokerdpo,0,77.95,1B Alec Burleson 2B JJ Wetherholt 3B Amed Rosario C Ivan Herrera OF Jordan Walker OF Lars Nootbaar OF Jasson Dominguez P Justin Wrobleski P Reid Detmers SS Anthony Volpe,,,
946,5201732508,txkoolaid,0,77.95,1B TJ Rumfield 2B Luis Arraez 3B Amed Rosario C Victor Caratini OF Andy Pages OF Christian Yelich OF Jake McCarthy P Justin Wrobleski P Reid Detmers SS Zach Neto,,,
948,5201372436,SFN03,0,77.7,1B Willson Contreras 2B Jake Cronenworth 3B Jose Ramirez C Austin Hedges OF Ceddanne Rafaela OF Trevor Larnach OF Chase DeLauter P Logan Henderson P Gavin Williams SS Andruw Monasterio,,,
949,5201654590,ostrander1,0,77.65,1B Michael Busch 2B Tommy Edman 3B Amed Rosario C Ivan Herrera OF Kody Clemens OF Luis Rengifo OF Isaac Collins P Logan Henderson P Michael King SS Jeremy Pena,,,
950,5201319783,Thunderkop,0,77.45,1B Salvador Perez 2B Michael Massey 3B Jose Ramirez C Carter Jensen OF Jac Caglianone OF Ceddanne Rafaela OF JJ Bleday P Logan Henderson P Seth Lugo SS Jacob Wilson,,,
951,5201343673,Mudpigs2x4,0,77.35,1B Alec Burleson 2B JJ Wetherholt 3B Alex Bregman C Dalton Rushing OF Jordan Walker OF Lars Nootbaar OF Jahmai Jones P Taj Bradley P Landen Roupp SS Jeremy Pena,,,
952,5201319648,ChokeHoldem1,0,77.25,1B Paul Goldschmidt 2B Jose Altuve 3B Jose Ramirez C Hunter Goodman OF Chase DeLauter OF Steven Kwan OF Petey Halpin P Gavin Williams P Taj Bradley SS Brayan Rocchio,,,
952,5201435630,Pinneyaj,0,77.25,1B Willson Contreras 2B Romy Gonzalez 3B Jose Ramirez C Austin Hedges OF Ceddanne Rafaela OF Chase DeLauter OF Steven Kwan P Gerrit Cole P Gavin Williams SS Andruw Monasterio,,,
952,5201601893,jq21h49,0,77.25,1B Freddie Freeman 2B Michael Massey 3B Josh Rojas C Carter Jensen OF Jac Caglianone OF Isaac Collins OF Weston Wilson P Gerrit Cole P Logan Henderson SS Mookie Betts,,,
955,5201085014,okiecowpoke,0,77.15,1B Freddie Freeman 2B Jake Cronenworth 3B Manny Machado C Victor Caratini OF Shohei Ohtani OF Kody Clemens OF Luis Rengifo P Justin Wrobleski P Landen Roupp SS Christian Koss,,,
955,5201268089,rdelaney12,0,77.15,1B Freddie Freeman 2B Tommy Edman 3B Manny Machado C Jonah Heim OF Ceddanne Rafaela OF Jasson Dominguez OF Isaac Collins P Justin Wrobleski P Jake Bennett SS Jeremy Pena,,,
955,5201734487,ToddFred50,0,77.15,1B Freddie Freeman 2B Jake Cronenworth 3B Manny Machado C Carlos Narvaez OF Jordan Walker OF Andy Pages OF Steven Kwan P Taj Bradley P Reid Detmers SS Brayan Rocchio,,,
958,5201456421,AMayberry23,0,77.05,1B Jonah Heim 2B Kody Clemens 3B Caleb Durbin C Carlos Narvaez OF Byron Buxton OF Wilyer Abreu OF Ceddanne Rafaela P Gavin Williams P Justin Wrobleski SS Andruw Monasterio,,,
958,5201497991,happyrip,0,77.05,1B Josh Bell 2B Jake Cronenworth 3B Luis Rengifo C Ryan Jeffers OF Byron Buxton OF Trevor Larnach OF Luke Keaschall P Gavin Williams P Justin Wrobleski SS Anthony Volpe,,,
958,5201522387,bigdongjack,0,77.05,1B Willson Contreras 2B Jake Cronenworth 3B Jose Ramirez C Jonah Heim OF Jackson Merrill OF Chase DeLauter OF Steven Kwan P Gavin Williams P Justin Wrobleski SS Jeremy Pena,,,
958,5201561110,ch1nn,0,77.05,1B Willson Contreras 2B Kody Clemens 3B Caleb Durbin C Ryan Jeffers OF Wilyer Abreu OF Ceddanne Rafaela OF Trevor Larnach P Reid Detmers P Anthony Kay SS Ryan Kreidler,,,
958,5201590346,jhorrall777,0,77.05,1B Munetaka Murakami 2B Travis Bazzana 3B Alex Bregman C Ivan Herrera OF Braden Montgomery OF Andrew Benintendi OF Tristan Peters P Logan Henderson P Justin Wrobleski SS Colson Montgomery,,,
958,5201725622,pizzaman57,0,77.05,1B Willson Contreras 2B Travis Bazzana 3B Jose Ramirez C Jonah Heim OF Jackson Merrill OF Chase DeLauter OF Steven Kwan P Gavin Williams P Justin Wrobleski SS Andruw Monasterio,,,
964,5201324393,mister_eddie6,0,77,1B Salvador Perez 2B Tommy Edman 3B Josh Rojas C Carter Jensen OF Andy Pages OF Jac Caglianone OF Lane Thomas P Justin Wrobleski P Michael King SS Mookie Betts,,,
964,5201586499,smittay,0,77,1B Ty France 2B Jake Cronenworth 3B Manny Machado C Jonah Heim OF Pete Crow-Armstrong OF Mike Trout OF Jackson Merrill P Justin Wrobleski P Michael King SS Andruw Monasterio,,,
966,5201677799,batterylucy,0,76.75,1B Willson Contreras 2B Romy Gonzalez 3B Tommy Edman C Jimmy Crooks OF Pete Crow-Armstrong OF Kyle Tucker OF Ian Happ P Michael King P Jake Bennett SS Anthony Volpe,,,
967,5201175377,StarFox01,0,76.65,1B Josh Bell 2B Romy Gonzalez 3B Caleb Durbin C Ryan Jeffers OF Wilyer Abreu OF Ceddanne Rafaela OF Trevor Larnach P Logan Henderson P Michael King SS Andruw Monasterio,,,
967,5201184404,mustangs2015,0,76.649994,1B Michael Busch 2B Vaughn Grissom 3B Jose Ramirez C Austin Hedges OF Pete Crow-Armstrong OF Steven Kwan OF Petey Halpin P Gavin Williams P Michael King SS Brayan Rocchio,,,
969,5201275119,raiderforlife04,0,76.6,1B Ty France 2B Nico Hoerner 3B Jose Ramirez C Patrick Bailey OF Jackson Chourio OF Ceddanne Rafaela OF Chase DeLauter P Gerrit Cole P Justin Wrobleski SS Brayan Rocchio,,,
969,5201280127,cdenny99,0,76.6,1B Alec Burleson 2B JJ Wetherholt 3B Jose Fermin C Jimmy Crooks OF Jackson Chourio OF Lars Nootbaar OF Noelvi Marte P Gerrit Cole P Justin Wrobleski SS Zach Neto,,,
971,5201448722,berzaj23,0,76.55,1B Sal Stewart 2B Travis Bazzana 3B Jose Ramirez C Jimmy Crooks OF Julio Rodriguez OF JJ Bleday OF Noelvi Marte P Michael King P Reid Detmers SS Elly De La Cruz,,,
972,5201698544,beilke33,0,76.35,1B Josh Bell 2B Kody Clemens 3B Brooks Lee C Logan O'Hoppe OF Byron Buxton OF Jo Adell OF Luke Keaschall P Taj Bradley P Jake Bennett SS Zach Neto,,,
973,5201097683,drbrow24,0,76.25,1B Willson Contreras 2B Travis Bazzana 3B Jose Ramirez C Austin Hedges OF Ceddanne Rafaela OF Chase DeLauter OF Steven Kwan P Gavin Williams P Taj Bradley SS Andruw Monasterio,,,
973,5201571672,Marsharks,0,76.25,1B Willson Contreras 2B Romy Gonzalez 3B Jose Ramirez C Carlos Narvaez OF Wilyer Abreu OF Chase DeLauter OF Steven Kwan P Gavin Williams P Taj Bradley SS Brayan Rocchio,,,
975,5201698436,riverbandit1,0,76.2,1B Kyle Manzardo 2B Jake Cronenworth 3B Jose Ramirez C Ivan Herrera OF Ceddanne Rafaela OF Jackson Merrill OF Trevor Larnach P Gavin Williams P Peter Lambert SS Brayan Rocchio,,,
976,5201271248,alexvansoelen,0,76.15,1B Freddie Freeman 2B Romy Gonzalez 3B Max Muncy C Carlos Narvaez OF Shohei Ohtani OF Andy Pages OF Jahmai Jones P Justin Wrobleski P Landen Roupp SS Andruw Monasterio,,,
976,5201442727,EnchantedLlama,0,76.15,1B Ty France 2B Jake Cronenworth 3B Luis Rengifo C Ryan Jeffers OF Byron Buxton OF Kody Clemens OF Trevor Larnach P Taj Bradley P Reid Detmers SS Ryan Kreidler,,,
976,5201697068,11mjh11,0,76.15,1B Michael Busch 2B Jake Cronenworth 3B Luis Rengifo C Logan O'Hoppe OF Pete Crow-Armstrong OF Fernando Tatis Jr. OF Kody Clemens P Justin Wrobleski P Jake Bennett SS Xander Bogaerts,,,
979,5201310677,samshrlck,0,76.05,1B Salvador Perez 2B Travis Bazzana 3B Jose Ramirez C Austin Hedges OF Jac Caglianone OF Chase DeLauter OF Lane Thomas P Gavin Williams P Justin Wrobleski SS Brayan Rocchio,,,
979,5201338731,Frank445Z,0,76.05,1B Michael Busch 2B Travis Bazzana 3B Nick Loftin C Logan O'Hoppe OF Pete Crow-Armstrong OF Jordan Walker OF Cole Carrigg P Gavin Williams P Justin Wrobleski SS Colt Emerson,,,
981,5201627410,Birdzofprey15,0,76,1B Josh Bell 2B Kody Clemens 3B Manny Machado C Jonah Heim OF Byron Buxton OF Trevor Larnach OF Jahmai Jones P Justin Wrobleski P Michael King SS Anthony Volpe,,,
982,5201693598,BoomerTesch,0,75.8,1B Vinnie Pasquantino 2B JJ Wetherholt 3B Tommy Edman C Ivan Herrera OF Mike Trout OF Lars Nootbaar OF Andrew Benintendi P Gavin Williams P Landen Roupp SS Ezequiel Tovar,,,
983,5201239301,az350z,0,75.7,1B Rhys Hoskins 2B Travis Bazzana 3B Gabriel Arias C Dalton Rushing OF Shohei Ohtani OF Andy Pages OF Chase DeLauter P Reid Detmers P Landen Roupp SS Brayan Rocchio,,,
984,5201270008,TY54321,0,75.649994,1B Rhys Hoskins 2B Travis Bazzana 3B Jose Ramirez C Victor Caratini OF Kody Clemens OF Chase DeLauter OF Petey Halpin P Gavin Williams P Michael King SS Jeremy Pena,,,
985,5201743084,sstrinni,0,75.35,1B Rafael Devers 2B Jake Cronenworth 3B Amed Rosario C Ivan Herrera OF Jordan Walker OF Jackson Merrill OF Jo Adell P Gerrit Cole P Jake Bennett SS Zach Neto,,,
986,5201654464,mrbubbles88,0,75.3,1B Willson Contreras 2B Willi Castro 3B Manny Machado C Hunter Goodman OF Ceddanne Rafaela OF Cole Carrigg OF Luis Rengifo P Peter Lambert P Landen Roupp SS Xander Bogaerts,,,
987,5201360543,Andy41golf,0,75.25,1B Willson Contreras 2B Romy Gonzalez 3B Jose Ramirez C Austin Hedges OF Ceddanne Rafaela OF Chase DeLauter OF Steven Kwan P Gavin Williams P Taj Bradley SS Brayan Rocchio,,,
987,5201628765,BuckyNation34,0,75.25,1B Willson Contreras 2B Romy Gonzalez 3B Jose Ramirez C Austin Hedges OF Ceddanne Rafaela OF Chase DeLauter OF Steven Kwan P Gavin Williams P Taj Bradley SS Brayan Rocchio,,,
989,5201152878,nycgator12,0,75.15,1B Munetaka Murakami 2B Romy Gonzalez 3B Jose Ramirez C Logan O'Hoppe OF Mike Trout OF Jorge Soler OF Andrew Benintendi P Taj Bradley P Reid Detmers SS Colson Montgomery,,,
989,5201241738,mommaboy,0,75.15,1B Vinnie Pasquantino 2B Nico Hoerner 3B Manny Machado C Ivan Herrera OF Heliot Ramos OF Ceddanne Rafaela OF Jackson Merrill P Justin Wrobleski P Landen Roupp SS Zach Neto,,,
989,5201435632,BigPod,0,75.15,1B Willson Contreras 2B Romy Gonzalez 3B Max Muncy C Carlos Narvaez OF Shohei Ohtani OF Ceddanne Rafaela OF Troy Johnston P Justin Wrobleski P Landen Roupp SS Andruw Monasterio,,,
989,5201475423,Bheezy,0,75.15,1B Nathaniel Lowe 2B Jake Cronenworth 3B Luis Rengifo C Dalton Rushing OF Pete Crow-Armstrong OF Kody Clemens OF Jackson Merrill P Justin Wrobleski P Jake Bennett SS Jeremy Pena,,,
989,5201560947,qbyrd21,0,75.15,1B Romy Gonzalez 2B Tommy Edman 3B Luis Rengifo C Dalton Rushing OF Kody Clemens OF Kyle Tucker OF Andrew Benintendi P Justin Wrobleski P Jake Bennett SS Jeremy Pena,,,
989,5201614582,jadogogmx,0,75.15,1B Freddie Freeman 2B Luis Arraez 3B Luis Rengifo C Jonah Heim OF Shohei Ohtani OF Taylor Trammell OF Jahmai Jones P Peter Lambert P Michael King SS Jeremy Pena,,,
995,5201656984,Cole3pt,0,75.1,1B TJ Rumfield 2B Romy Gonzalez 3B Jose Ramirez C Hunter Goodman OF Mickey Moniak OF Jake McCarthy OF Jahmai Jones P Peter Lambert P Reid Detmers SS Brayan Rocchio,,,
996,5201261763,WorldBurton,0,75.05,1B Willson Contreras 2B Romy Gonzalez 3B Caleb Durbin C Jonah Heim OF Sam Antonacci OF Ceddanne Rafaela OF Chase DeLauter P Gavin Williams P Justin Wrobleski SS Jacob Wilson,,,
997,5201236131,nblloyd23,0,75,1B Freddie Freeman 2B Jake Cronenworth 3B Pedro Ramirez C Jonah Heim OF Pete Crow-Armstrong OF Jasson Dominguez OF Steven Kwan P Justin Wrobleski P Michael King SS Jeremy Pena,,,
998,5201340243,renegadebaumers,0,74.8,1B Nolan Schanuel 2B JJ Wetherholt 3B Amed Rosario C Carter Jensen OF Shohei Ohtani OF Chase DeLauter OF Jahmai Jones P Gavin Williams P Landen Roupp SS Colson Montgomery,,,
998,5201497162,Edd436811,0,74.8,1B Freddie Freeman 2B Jake Cronenworth 3B Alex Bregman C Ryan Jeffers OF Ceddanne Rafaela OF Teoscar Hernandez OF Taylor Trammell P Gavin Williams P Jake Bennett SS Andruw Monasterio,,,
1000,5201744561,korhashamo,0,74.75,1B Nick Kurtz 2B Oswald Peraza 3B Isaac Paredes C Hunter Goodman OF Fernando Tatis Jr. OF Heliot Ramos OF Jorge Soler P Gage Jump P Luis Castillo SS Zach Neto,,,
1001,5200849947,Parko111,0,74.6,1B Ben Rice 2B Jake Cronenworth 3B Amed Rosario C Ivan Herrera OF Jordan Walker OF Trent Grisham OF Jasson Dominguez P Justin Wrobleski P Taj Bradley SS Anthony Volpe,,,
1001,5201384972,jsanders41,0,74.6,1B Freddie Freeman 2B Jake Cronenworth 3B Tommy Edman C Carlos Narvaez OF Kody Clemens OF Ceddanne Rafaela OF Luis Rengifo P Justin Wrobleski P Taj Bradley SS Jeremy Pena,,,
1003,5201249102,flek56,0,74.15,1B Ty France 2B Travis Bazzana 3B Manny Machado C Ryan Jeffers OF Jackson Merrill OF Chase DeLauter OF Luis Rengifo P Justin Wrobleski P Jake Bennett SS Brayan Rocchio,,,
1003,5201516872,Kelpius,0,74.15,1B Willson Contreras 2B Michael Massey 3B Jose Ramirez C Jonah Heim OF Pete Crow-Armstrong OF Chase DeLauter OF Dane Myers P Logan Henderson P Anthony Kay SS Jacob Wilson,,,
1005,5201342128,cheezdawg,0,74.05,1B Ty France 2B Luis Arraez 3B Vaughn Grissom C Ivan Herrera OF Tyler Soderstrom OF Ceddanne Rafaela OF Luis Rengifo P Gavin Williams P Justin Wrobleski SS Jeremy Pena,,,
1005,5201575758,E-Steelers,0,74.05,1B Willson Contreras 2B Romy Gonzalez 3B Tommy Edman C Carlos Narvaez OF Wilyer Abreu OF Ceddanne Rafaela OF Trevor Larnach P Logan Henderson P Justin Wrobleski SS Ryan Kreidler,,,
1007,5201382217,micahw4,0,73.8,1B Willson Contreras 2B Romy Gonzalez 3B Jose Ramirez C Cal Raleigh OF Wilyer Abreu OF Ceddanne Rafaela OF Jahmai Jones P Gavin Williams P Landen Roupp SS Jacob Wilson,,,
1008,5201330869,jlilley04,0,73.75,1B Paul Goldschmidt 2B Tommy Edman 3B Luis Rengifo C William Contreras OF Kody Clemens OF Lars Nootbaar OF Steven Kwan P Michael King P Jake Bennett SS Elly De La Cruz,,,
1008,5201363099,PopFlyBoy,0,73.75,1B Willson Contreras 2B Jake Cronenworth 3B Tommy Edman C Ryan Jeffers OF Byron Buxton OF Petey Halpin OF Jahmai Jones P Peter Lambert P Taj Bradley SS Andruw Monasterio,,,
1008,5201404447,MuchAdo,0,73.75,1B Romy Gonzalez 2B Jake Cronenworth 3B Max Muncy C Victor Caratini OF Andy Pages OF Wilyer Abreu OF Ceddanne Rafaela P Michael King P Jake Bennett SS Mookie Betts,,,
1011,5201538335,Stephentider,0,73.7,1B Freddie Freeman 2B Luis Arraez 3B Max Muncy C Ivan Herrera OF Andy Pages OF Teoscar Hernandez OF Grant McCray P Reid Detmers P Jake Bennett SS Willy Adames,,,
1011,5201672255,dgdean1,0,73.7,1B Freddie Freeman 2B Romy Gonzalez 3B Sal Stewart C Carlos Narvaez OF Shohei Ohtani OF JJ Bleday OF Jahmai Jones P Reid Detmers P Landen Roupp SS Elly De La Cruz,,,
1013,5201238535,welchy81,0,73.35,1B Rhys Hoskins 2B Romy Gonzalez 3B Jose Ramirez C Cal Raleigh OF Shohei Ohtani OF Chase DeLauter OF Steven Kwan P Taj Bradley P Landen Roupp SS Brayan Rocchio,,,
1014,5201163828,bizz2020,0,73.2,1B Willson Contreras 2B Romy Gonzalez 3B Jose Ramirez C Carson Kelly OF Wilyer Abreu OF Ceddanne Rafaela OF Steven Kwan P Taj Bradley P Michael King SS Xander Bogaerts,,,
1014,5201626780,Joeymayne,0,73.2,1B Alec Burleson 2B Jose Altuve 3B Amed Rosario C Ivan Herrera OF Jordan Walker OF Kyle Tucker OF Lars Nootbaar P Taj Bradley P Michael King SS Anthony Volpe,,,
1014,5201688897,dakid1982,0,73.2,1B Willson Contreras 2B Romy Gonzalez 3B Caleb Durbin C Jonah Heim OF Tyler Soderstrom OF Wilyer Abreu OF Ceddanne Rafaela P Taj Bradley P Michael King SS Jacob Wilson,,,
1017,5201731289,Luiyopr,0,73.15,1B Munetaka Murakami 2B Jazz Chisholm Jr. 3B Pedro Ramirez C Drew Cavanaugh OF Pete Crow-Armstrong OF Kody Clemens OF Tristan Peters P Justin Wrobleski P Jake Bennett SS Anthony Volpe,,,
1018,5201330481,PersuAsians,0,73.05,1B Ty France 2B Travis Bazzana 3B Jose Ramirez C Carter Jensen OF Jackson Merrill OF Luis Rengifo OF Steven Kwan P Logan Henderson P Justin Wrobleski SS Brayan Rocchio,,,
1018,5201418960,cpwhopper,0,73.05,1B Nolan Schanuel 2B Vaughn Grissom 3B Jose Ramirez C Jonah Heim OF Mike Trout OF Jo Adell OF Steven Kwan P Logan Henderson P Justin Wrobleski SS Zach Neto,,,
1018,5201525437,JohnTex7,0,73.05,1B Paul Goldschmidt 2B Travis Bazzana 3B Caleb Durbin C Ivan Herrera OF Trent Grisham OF Teoscar Hernandez OF Jarren Duran P Logan Henderson P Justin Wrobleski SS Brayan Rocchio,,,
1021,5201621337,Gregoryc4279,0,73,1B Sal Stewart 2B Jazz Chisholm Jr. 3B David Hamilton C Jose Trevino OF Trent Grisham OF JJ Bleday OF Jasson Dominguez P Justin Wrobleski P Michael King SS Elly De La Cruz,,,
1022,5201484238,boyle5000,0,72.95,1B Freddie Freeman 2B Tommy Edman 3B Jose Ramirez C Dalton Rushing OF Chase DeLauter OF Steven Kwan OF Petey Halpin P Justin Wrobleski P Reid Detmers SS Brayan Rocchio,,,
1022,5201577248,timothyandstacy,0,72.95,1B Nathaniel Lowe 2B JJ Wetherholt 3B Sal Stewart C Ivan Herrera OF JJ Bleday OF Lars Nootbaar OF Dane Myers P Justin Wrobleski P Reid Detmers SS Elly De La Cruz,,,
1024,5201446671,loosetools,0,72.8,1B Ben Rice 2B Jazz Chisholm Jr. 3B Amed Rosario C Carter Jensen OF Jac Caglianone OF Trent Grisham OF Lane Thomas P Gerrit Cole P Colin Rea SS Willy Adames,,,
1025,5201484997,knixon4201,0,72.75,1B Alec Burleson 2B Jake Cronenworth 3B Jose Ramirez C Luis Campusano OF Yordan Alvarez OF Chase DeLauter OF Jasson Dominguez P Michael King P Landen Roupp SS Jacob Wilson,,,
1026,5201323826,jimbax,0,72.65,1B Alec Burleson 2B Jose Altuve 3B Caleb Durbin C Gary Sanchez OF Randy Arozarena OF Jac Caglianone OF Teoscar Hernandez P Logan Henderson P Michael King SS Anthony Volpe,,,
1026,5201691548,mld2010,0,72.649994,1B Rhys Hoskins 2B Kody Clemens 3B Jose Ramirez C Victor Caratini OF Chase DeLauter OF Luke Keaschall OF Steven Kwan P Gavin Williams P Michael King SS Brayan Rocchio,,,
1028,5201613275,MJPSevens7,0,72.6,1B Willson Contreras 2B Romy Gonzalez 3B Caleb Durbin C Hunter Goodman OF Ceddanne Rafaela OF Jake McCarthy OF Jahmai Jones P Justin Wrobleski P Taj Bradley SS Mookie Betts,,,
1029,5201142055,DcSports89,0,72.55,1B Willson Contreras 2B Romy Gonzalez 3B Sal Stewart C Jose Trevino OF Wilyer Abreu OF JJ Bleday OF Dane Myers P Michael King P Reid Detmers SS Elly De La Cruz,,,
1030,5201349198,thejamokes,0,72.2,1B Willson Contreras 2B Christian Koss 3B Amed Rosario C Ivan Herrera OF Jordan Walker OF Kody Clemens OF Max Schuemann P Gavin Williams P Peter Lambert SS Colt Emerson,,,
1031,5201178055,Assy_Mcgee,0,72.1,1B Willson Contreras 2B Jake Cronenworth 3B Manny Machado C Ryan Jeffers OF Chase DeLauter OF Jasson Dominguez OF Steven Kwan P Michael King P Anthony Kay SS Elly De La Cruz,,,
1032,5201503901,4courtney4,0,71.8,1B Josh Bell 2B Kody Clemens 3B Jose Ramirez C Victor Caratini OF Byron Buxton OF Trevor Larnach OF Jahmai Jones P Gavin Williams P Landen Roupp SS Anthony Volpe,,,
1033,5201133692,Nick628,0,71.75,1B Josh Bell 2B JJ Wetherholt 3B Max Muncy C Victor Caratini OF Jordan Walker OF Trevor Larnach OF Lars Nootbaar P Michael King P Landen Roupp SS Masyn Winn,,,
1033,5201211033,jbru310,0,71.75,1B Ty France 2B Nico Hoerner 3B Alex Bregman C Ivan Herrera OF Pete Crow-Armstrong OF Seiya Suzuki OF Trevor Larnach P Michael King P Landen Roupp SS Brayan Rocchio,,,
1035,5201301056,AubamaWho9,0,71.6,1B Ty France 2B Jake Cronenworth 3B Luis Rengifo C Ivan Herrera OF Jordan Walker OF Andy Pages OF Jackson Merrill P Justin Wrobleski P Taj Bradley SS Jeremy Pena,,,
1036,5201654563,ChrisCopps33,0,71.3,1B Paul Goldschmidt 2B Jazz Chisholm Jr. 3B Isaac Paredes C Jonah Heim OF Jackson Chourio OF Cole Carrigg OF Jasson Dominguez P Peter Lambert P Jake Bennett SS Elly De La Cruz,,,
1037,5201593175,deuce6078,0,71.15,1B Freddie Freeman 2B Jose Altuve 3B Tommy Edman C Dalton Rushing OF Andy Pages OF Luis Rengifo OF Andrew Benintendi P Justin Wrobleski P Jake Bennett SS Willy Adames,,,
1037,5201650597,rtdowney,0,71.15,1B Alec Burleson 2B JJ Wetherholt 3B Jose Ramirez C Ivan Herrera OF Jordan Walker OF Lars Nootbaar OF Jahmai Jones P Taj Bradley P Reid Detmers SS Andruw Monasterio,,,
1037,5201674144,Spylock,0,71.15,1B Willson Contreras 2B Romy Gonzalez 3B Sal Stewart C Jose Trevino OF Ceddanne Rafaela OF JJ Bleday OF Noelvi Marte P Taj Bradley P Reid Detmers SS Elly De La Cruz,,,
1040,5201440326,Dynistee,0,71.1,1B Andrew Vaughn 2B Brice Turang 3B Jose Ramirez C Austin Hedges OF Christian Yelich OF Chase DeLauter OF Luis Lara P Logan Henderson P Michael McGreevy SS Brayan Rocchio,,,
1040,5201557863,SpeedRacer101,0,71.1,1B Paul Goldschmidt 2B Jose Altuve 3B Isaac Paredes C Cal Raleigh OF Yordan Alvarez OF Cam Smith OF Weston Wilson P Gavin Williams P Michael McGreevy SS Jeremy Pena,,,
1042,5201164410,zandwich,0,71.05,1B Rhys Hoskins 2B Travis Bazzana 3B Jose Ramirez C Carter Jensen OF Jac Caglianone OF Lane Thomas OF Petey Halpin P Gavin Williams P Justin Wrobleski SS Brayan Rocchio,,,
1043,5201091020,zacamu,0,71,1B Willson Contreras 2B Romy Gonzalez 3B Caleb Durbin C Carlos Narvaez OF Yordan Alvarez OF Wilyer Abreu OF Zach Dezenzo P Justin Wrobleski P Michael King SS Jeremy Pena,,,
1043,5201376659,jdmel08,0,71,1B Rafael Devers 2B Jazz Chisholm Jr. 3B Vaughn Grissom C Ivan Herrera OF Jackson Chourio OF Tyler Soderstrom OF Jackson Merrill P Justin Wrobleski P Michael King SS Andruw Monasterio,,,
1045,5201306620,GBJordy87,0,70.95,1B Paul Goldschmidt 2B Jose Altuve 3B Jose Ramirez C Carter Jensen OF Yordan Alvarez OF Steven Kwan OF Cam Smith P Gavin Williams P Michael Lorenzen SS Jeremy Pena,,,
1046,5201536874,GiveBaronYourMoney,0,70.8,1B Paul Goldschmidt 2B Travis Bazzana 3B Jose Ramirez C Hunter Goodman OF Chase DeLauter OF Jasson Dominguez OF Steven Kwan P Gavin Williams P Jake Bennett SS Brayan Rocchio,,,
1047,5201117749,paintgirl,0,70.55,1B Jonah Heim 2B Michael Massey 3B Josh Rojas C Carter Jensen OF Byron Buxton OF Jac Caglianone OF Lane Thomas P Michael King P Reid Detmers SS Jacob Wilson,,,
1048,5201532824,Tonycls550,0,70.35,1B Willson Contreras 2B Jake Cronenworth 3B Luis Rengifo C Victor Caratini OF Byron Buxton OF Kody Clemens OF Jackson Merrill P Jake Bennett P Colin Rea SS Elly De La Cruz,,,
1049,5201520036,bakerdog3642,0,70.05,1B Willson Contreras 2B Romy Gonzalez 3B Caleb Durbin C Carlos Narvaez OF Byron Buxton OF Ceddanne Rafaela OF Trevor Larnach P Gavin Williams P Justin Wrobleski SS Ryan Kreidler,,,
1050,5201248647,kjlecomte,0,69.8,1B Josh Bell 2B Kody Clemens 3B Caleb Durbin C Ryan Jeffers OF Byron Buxton OF Trevor Larnach OF Jahmai Jones P Gavin Williams P Landen Roupp SS Andruw Monasterio,,,
1050,5201264635,Earwood5,0,69.8,1B Josh Bell 2B Kody Clemens 3B Caleb Durbin C Ryan Jeffers OF Byron Buxton OF Trevor Larnach OF Jahmai Jones P Gavin Williams P Landen Roupp SS Andruw Monasterio,,,
1052,5201438184,ChazzDaMan2020,0,69.75,1B Vinnie Pasquantino 2B Michael Massey 3B Josh Rojas C Carter Jensen OF Wilyer Abreu OF Jac Caglianone OF Jahmai Jones P Gerrit Cole P Peter Lambert SS Mookie Betts,,,
1053,5201291959,Tbwspartan,0,69.649994,1B Willson Contreras 2B Romy Gonzalez 3B Jose Ramirez C Jonah Heim OF Wilyer Abreu OF Ceddanne Rafaela OF Jahmai Jones P Gavin Williams P Michael King SS Brayan Rocchio,,,
1053,5201339069,blacklabelkk,0,69.649994,1B Willson Contreras 2B Romy Gonzalez 3B Jose Ramirez C Jonah Heim OF Wilyer Abreu OF Ceddanne Rafaela OF Jahmai Jones P Gavin Williams P Michael King SS Brayan Rocchio,,,
1053,5201367668,UWAlums03,0,69.649994,1B Willson Contreras 2B Romy Gonzalez 3B Jose Ramirez C Jonah Heim OF Wilyer Abreu OF Ceddanne Rafaela OF Jahmai Jones P Gavin Williams P Michael King SS Brayan Rocchio,,,
1053,5201368195,JRBucks34,0,69.649994,1B Willson Contreras 2B Romy Gonzalez 3B Jose Ramirez C Jonah Heim OF Wilyer Abreu OF Ceddanne Rafaela OF Jahmai Jones P Gavin Williams P Michael King SS Brayan Rocchio,,,
1053,5201375553,baw32,0,69.649994,1B Willson Contreras 2B Romy Gonzalez 3B Jose Ramirez C Jonah Heim OF Wilyer Abreu OF Ceddanne Rafaela OF Jahmai Jones P Gavin Williams P Michael King SS Brayan Rocchio,,,
1053,5201437704,42Ballerz,0,69.649994,1B Willson Contreras 2B Romy Gonzalez 3B Jose Ramirez C Jonah Heim OF Wilyer Abreu OF Ceddanne Rafaela OF Jahmai Jones P Gavin Williams P Michael King SS Brayan Rocchio,,,
1053,5201619590,LoganGrewe50,0,69.649994,1B Willson Contreras 2B Romy Gonzalez 3B Jose Ramirez C Jonah Heim OF Wilyer Abreu OF Ceddanne Rafaela OF Jahmai Jones P Gavin Williams P Michael King SS Brayan Rocchio,,,
1053,5201646136,Fletch66,0,69.649994,1B Willson Contreras 2B Romy Gonzalez 3B Jose Ramirez C Jonah Heim OF Wilyer Abreu OF Ceddanne Rafaela OF Jahmai Jones P Gavin Williams P Michael King SS Brayan Rocchio,,,
1061,5201461480,MichaelBayneTech,0,69.6,1B Alec Burleson 2B Kody Clemens 3B Isaac Paredes C Ivan Herrera OF Ceddanne Rafaela OF Lars Nootbaar OF Andrew Benintendi P Justin Wrobleski P Taj Bradley SS Willy Adames,,,
1061,5201653105,sinjinseven,0,69.6,1B Paul Goldschmidt 2B Jake Cronenworth 3B Sal Stewart C Ivan Herrera OF Ceddanne Rafaela OF Jackson Merrill OF Luis Rengifo P Gerrit Cole P Justin Wrobleski SS Colson Montgomery,,,
1063,5201295480,WaitTilNextYear,0,69.15,1B Willson Contreras 2B Romy Gonzalez 3B Jose Ramirez C Carlos Narvaez OF Wilyer Abreu OF Ceddanne Rafaela OF Steven Kwan P Taj Bradley P Reid Detmers SS Jeremy Pena,,,
1064,5201329335,ImaDonk11,0,69,1B Willson Contreras 2B Romy Gonzalez 3B Caleb Durbin C Carlos Narvaez OF Yordan Alvarez OF Ceddanne Rafaela OF Cam Smith P Justin Wrobleski P Michael King SS Jeremy Pena,,,
1064,5201602976,charles52,0,69,1B Christian Walker 2B Brice Turang 3B Luis Rengifo C Jonah Heim OF Pete Crow-Armstrong OF Jordan Walker OF Mickey Moniak P Reid Detmers P Michael McGreevy SS Colt Emerson,,,
1066,5201249121,dougmich,0,68.9,1B Ben Rice 2B Brice Turang 3B Alex Bregman C Braxton Fulford OF Pete Crow-Armstrong OF Jackson Chourio OF Sterlin Thompson P Gage Jump P Michael Lorenzen SS Dansby Swanson,,,
1067,5201262682,briangile,0,68.75,1B Rafael Devers 2B Jake Cronenworth 3B Luis Rengifo C Carter Jensen OF Yordan Alvarez OF Ceddanne Rafaela OF Jackson Merrill P Michael King P Landen Roupp SS Xander Bogaerts,,,
1067,5201412393,ethpix,0,68.75,1B Munetaka Murakami 2B Michael Massey 3B Caleb Durbin C Drew Romo OF Mickey Moniak OF Randy Arozarena OF Sam Antonacci P Peter Lambert P Colin Rea SS Colson Montgomery,,,
1069,5201503005,tigolebitties91,0,68.7,1B Freddie Freeman 2B Luis Arraez 3B Manny Machado C Jose Trevino OF Andy Pages OF Jackson Merrill OF Luis Rengifo P Reid Detmers P Landen Roupp SS Jeremy Pena,,,
1070,5201067435,mocoextrabases,0,68.55,1B Michael Busch 2B Romy Gonzalez 3B Jose Ramirez C Carlos Narvaez OF Pete Crow-Armstrong OF Jackson Merrill OF Luis Rengifo P Michael King P Reid Detmers SS Colson Montgomery,,,
1070,5201299587,texanswreck713,0,68.55,1B Nathaniel Lowe 2B Nico Hoerner 3B Jose Ramirez C Jose Trevino OF Yordan Alvarez OF Taylor Trammell OF Luis Rengifo P Peter Lambert P Justin Wrobleski SS Jeremy Pena,,,
1072,5201466083,etoulouk,0,68.35,1B Freddie Freeman 2B Jake Cronenworth 3B Max Muncy C Carlos Narvaez OF Wilyer Abreu OF Kyle Tucker OF Ceddanne Rafaela P Gerrit Cole P Landen Roupp SS Andruw Monasterio,,,
1073,5201603286,JoeCool20-16,0,68.3,1B Josh Bell 2B Kody Clemens 3B Brooks Lee C Jonah Heim OF Byron Buxton OF Jackson Merrill OF Trevor Larnach P Peter Lambert P Landen Roupp SS Anthony Volpe,,,
1074,5201271711,datyoungreezy,0,68.25,1B Vinnie Pasquantino 2B Jazz Chisholm Jr. 3B Jose Ramirez C Carlos Narvaez OF Ceddanne Rafaela OF Chase DeLauter OF Steven Kwan P Gavin Williams P Taj Bradley SS Colson Montgomery,,,
1075,5201714700,RPowell1103,0,68.2,1B Ty France 2B Romy Gonzalez 3B Amed Rosario C Austin Wells OF Shohei Ohtani OF Yordan Alvarez OF Jordan Walker P Jake Bennett P Michael McGreevy SS Masyn Winn,,,
1076,5201630580,AzzaroJ,0,68.15,1B Willson Contreras 2B Nico Hoerner 3B Caleb Durbin C Carson Kelly OF Pete Crow-Armstrong OF Ceddanne Rafaela OF Teoscar Hernandez P Justin Wrobleski P Jake Bennett SS Andruw Monasterio,,,
1076,5201663526,Slobberknockers55,0,68.15,1B Willson Contreras 2B Jake Cronenworth 3B Alex Bregman C Ivan Herrera OF Kyle Tucker OF Jackson Merrill OF Cole Carrigg P Justin Wrobleski P Landen Roupp SS Jeremy Pena,,,
1078,5201685325,BozoTheAspiringClown,0,68.05,1B Munetaka Murakami 2B Jake Cronenworth 3B Isaac Paredes C Ivan Herrera OF Sam Antonacci OF Braden Montgomery OF Andrew Benintendi P Gavin Williams P Justin Wrobleski SS Colson Montgomery,,,
1079,5201635808,downhomedogg,0,68,1B Alec Burleson 2B JJ Wetherholt 3B Manny Machado C Dalton Rushing OF Jordan Walker OF Lars Nootbaar OF Luis Rengifo P Reid Detmers P Michael McGreevy SS Masyn Winn,,,
1080,5201099420,leznets2424,0,67.8,1B Jonah Heim 2B Kody Clemens 3B Tommy White C Ryan Jeffers OF Byron Buxton OF Trevor Larnach OF Colby Thomas P Gavin Williams P Landen Roupp SS Ryan Kreidler,,,
1081,5201743451,ras829,0,67.75,1B Paul Goldschmidt 2B JJ Wetherholt 3B Tommy Edman C Victor Caratini OF Pete Crow-Armstrong OF Chase DeLauter OF Steven Kwan P Michael King P Jake Bennett SS Masyn Winn,,,
1082,5201269530,mlief,0,67.7,1B Vinnie Pasquantino 2B Michael Massey 3B Josh Rojas C Hunter Goodman OF Mickey Moniak OF Jac Caglianone OF Lane Thomas P Reid Detmers P Landen Roupp SS Andruw Monasterio,,,
1083,5201315491,ajmccann,0,67.649994,1B Andrew Vaughn 2B Jake Cronenworth 3B Luis Rengifo C Austin Hedges OF Pete Crow-Armstrong OF Jordan Walker OF Andy Pages P Gavin Williams P Michael King SS Andruw Monasterio,,,
1084,5201489668,keninct,0,67.45,1B TJ Rumfield 2B Romy Gonzalez 3B Sal Stewart C Yainer Diaz OF Mike Trout OF Trent Grisham OF Jake McCarthy P Gavin Williams P Seth Lugo SS Jeremy Pena,,,
1085,5200924194,mikebkmm5,0,67.35,1B Rafael Devers 2B Luis Arraez 3B Alex Bregman C Austin Hedges OF Andy Pages OF Heliot Ramos OF Jake McCarthy P Gerrit Cole P Landen Roupp SS Willy Adames,,,
1085,5201694926,Hodges47,0,67.35,1B Paul Goldschmidt 2B Jazz Chisholm Jr. 3B Eugenio Suarez C Ivan Herrera OF Byron Buxton OF Jac Caglianone OF Jake McCarthy P Taj Bradley P Jake Bennett SS Ezequiel Tovar,,,
1087,5201271683,JustBobT,0,67.3,1B Ty France 2B Jake Cronenworth 3B Manny Machado C Ivan Herrera OF Fernando Tatis Jr. OF Jordan Walker OF Luke Keaschall P Peter Lambert P Landen Roupp SS Masyn Winn,,,
1088,5201073082,Nye05,0,67.15,1B Alec Burleson 2B Jake Cronenworth 3B Manny Machado C Ivan Herrera OF Jordan Walker OF Jackson Merrill OF Luis Rengifo P Justin Wrobleski P Jake Bennett SS Brayan Rocchio,,,
1088,5201372742,SmoothButta2786,0,67.15,1B Ty France 2B Jazz Chisholm Jr. 3B Luis Rengifo C Ali Sanchez OF Kody Clemens OF Seiya Suzuki OF Ceddanne Rafaela P Justin Wrobleski P Jake Bennett SS Jeremy Pena,,,
1088,5201032724,boys4,0,67.149994,1B Sal Stewart 2B Travis Bazzana 3B Jose Ramirez C Carter Jensen OF Lane Thomas OF Andrew Benintendi OF Steven Kwan P Gavin Williams P Anthony Kay SS Elly De La Cruz,,,
1091,5201008195,rsivu1541,0,67.05,1B Munetaka Murakami 2B Jake Cronenworth 3B Miguel Vargas C Drew Cavanaugh OF Sam Antonacci OF Jake McCarthy OF Tristan Peters P Gavin Williams P Justin Wrobleski SS Colson Montgomery,,,
1091,5201620741,dallas152,0,67.05,1B Munetaka Murakami 2B Kody Clemens 3B Luis Rengifo C Jonah Heim OF Sam Antonacci OF Andrew Benintendi OF Tristan Peters P Gavin Williams P Justin Wrobleski SS Colson Montgomery,,,
1093,5201291770,flatliners2134,0,66.8,1B Willson Contreras 2B Romy Gonzalez 3B Jose Ramirez C Jonah Heim OF Wilyer Abreu OF Ceddanne Rafaela OF Jackson Merrill P Gavin Williams P Landen Roupp SS Andruw Monasterio,,,
1094,5201641101,skid68,0,66.649994,1B TJ Rumfield 2B Jose Altuve 3B Jose Ramirez C Jimmy Crooks OF Kyle Tucker OF Jac Caglianone OF Ceddanne Rafaela P Gavin Williams P Michael King SS Brayan Rocchio,,,
1095,5201706723,Kilroyxx7,0,66.35,1B Josh Bell 2B Kody Clemens 3B Josh Rojas C Ryan Jeffers OF Byron Buxton OF Trevor Larnach OF Isaac Collins P Taj Bradley P Landen Roupp SS Jacob Wilson,,,
1096,5201249645,JBH3,0,66.2,1B Willson Contreras 2B Romy Gonzalez 3B Amed Rosario C Carlos Narvaez OF Byron Buxton OF Kody Clemens OF Kyle Tucker P Taj Bradley P Michael King SS Andruw Monasterio,,,
1097,5201702769,WilforkOnThe1stDate,0,65.75,1B Josh Bell 2B Michael Massey 3B Josh Rojas C Carter Jensen OF Yordan Alvarez OF Jac Caglianone OF Lane Thomas P Michael King P Landen Roupp SS Jeremy Pena,,,
1098,5201321080,Thibeaux87,0,65.7,1B Freddie Freeman 2B Jake Cronenworth 3B Weston Wilson C Austin Wells OF Shohei Ohtani OF Andy Pages OF Kyle Tucker P Reid Detmers P Landen Roupp SS Mookie Betts,,,
1099,5201315563,krambra,0,65.6,1B Willson Contreras 2B Romy Gonzalez 3B Caleb Durbin C Logan O'Hoppe OF Mike Trout OF Wilyer Abreu OF Andrew Benintendi P Justin Wrobleski P Taj Bradley SS Colson Montgomery,,,
1100,5201450671,Goatropers,0,65.35,1B Vinnie Pasquantino 2B Michael Massey 3B Max Muncy C Carter Jensen OF Andy Pages OF Jac Caglianone OF Isaac Collins P Reid Detmers P Seth Lugo SS Mookie Betts,,,
1101,5201547251,TheCompletePackage,0,65.05,1B Munetaka Murakami 2B Romy Gonzalez 3B Jose Ramirez C Carlos Narvaez OF Byron Buxton OF Ceddanne Rafaela OF Jahmai Jones P Gavin Williams P Justin Wrobleski SS Andruw Monasterio,,,
1101,5201710035,curtiss1,0,65.05,1B Alec Burleson 2B JJ Wetherholt 3B Amed Rosario C Ivan Herrera OF Jordan Walker OF Luis Rengifo OF Andrew Benintendi P Gavin Williams P Justin Wrobleski SS Andruw Monasterio,,,
1103,5201474593,neech74,0,65,1B Rhys Hoskins 2B Travis Bazzana 3B Jose Ramirez C Ivan Herrera OF Shohei Ohtani OF Chase DeLauter OF Petey Halpin P Justin Wrobleski P Michael King SS Andruw Monasterio,,,
1104,5201695198,TheDCarman,0,64.75,1B Vinnie Pasquantino 2B Tommy Edman 3B Max Muncy C Jonah Heim OF Kyle Tucker OF Jac Caglianone OF Teoscar Hernandez P Michael King P Landen Roupp SS Jacob Wilson,,,
1105,5201492879,jeffylube,0,64.7,1B Paul Goldschmidt 2B Jake Cronenworth 3B Jose Ramirez C Cal Raleigh OF Byron Buxton OF Chase DeLauter OF Jasson Dominguez P Reid Detmers P Landen Roupp SS Zach Neto,,,
1106,5201706595,Ivaldry,0,64.649994,1B Rhys Hoskins 2B Jazz Chisholm Jr. 3B Jose Ramirez C Ryan Jeffers OF Chase DeLauter OF Steven Kwan OF Jahmai Jones P Gavin Williams P Michael King SS Brayan Rocchio,,,
1107,5201657052,tightenUPson,0,64.15,1B Paul Goldschmidt 2B Jake Cronenworth 3B Kyle Karros C Ryan Jeffers OF Kody Clemens OF Kyle Tucker OF Ceddanne Rafaela P Peter Lambert P Michael King SS Anthony Volpe,,,
1108,5201705122,bossman4lyfe,0,64.05,1B Munetaka Murakami 2B Romy Gonzalez 3B Caleb Durbin C Carter Jensen OF Sam Antonacci OF Andrew Benintendi OF Tristan Peters P Gavin Williams P Justin Wrobleski SS Colson Montgomery,,,
1109,5201207640,CrosseyedandPainless,0,64,1B Paul Goldschmidt 2B Tommy Edman 3B Amed Rosario C Ryan Jeffers OF Ceddanne Rafaela OF Trevor Larnach OF Chase DeLauter P Justin Wrobleski P Michael King SS Anthony Volpe,,,
1110,5201061876,bassman10lb,0,63.8,1B TJ Rumfield 2B JJ Wetherholt 3B Isaac Paredes C Carter Jensen OF Jake Bauers OF Ceddanne Rafaela OF Jake McCarthy P Logan Henderson P Jake Bennett SS Nick Allen,,,
1111,5201275500,heebi55120,0,63.2,1B Nathaniel Lowe 2B Romy Gonzalez 3B Caleb Durbin C Austin Hedges OF Pete Crow-Armstrong OF Andy Pages OF Ceddanne Rafaela P Taj Bradley P Michael King SS Jeremy Pena,,,
1111,5201601315,therizzo,0,63.2,1B Sal Stewart 2B Romy Gonzalez 3B Caleb Durbin C Carlos Narvaez OF Pete Crow-Armstrong OF Wilyer Abreu OF Jahmai Jones P Taj Bradley P Michael King SS Elly De La Cruz,,,
1113,5201001569,briannedanielle,0,63.05,1B Willson Contreras 2B Romy Gonzalez 3B Jose Ramirez C Carlos Narvaez OF Wilyer Abreu OF Chase DeLauter OF Steven Kwan P Gavin Williams P Justin Wrobleski SS Brayan Rocchio,,,
1113,5201369510,dallas1fan21,0,63.05,1B Willson Contreras 2B Romy Gonzalez 3B Jose Ramirez C Carlos Narvaez OF Byron Buxton OF Trevor Larnach OF Jahmai Jones P Gavin Williams P Justin Wrobleski SS Andruw Monasterio,,,
1115,5201350719,Airliner34,0,62.8,1B Paul Goldschmidt 2B Romy Gonzalez 3B Amed Rosario C Ryan Jeffers OF Sam Antonacci OF Ceddanne Rafaela OF Jasson Dominguez P Gavin Williams P Landen Roupp SS Colson Montgomery,,,
1116,5201237454,donj9903,0,62.75,1B Ty France 2B Jake Cronenworth 3B Luis Rengifo C Ivan Herrera OF Yordan Alvarez OF Andy Pages OF Trevor Larnach P Michael King P Jake Bennett SS Jeremy Pena,,,
1117,5201281333,lop819,0,62.05,1B Willson Contreras 2B Jake Cronenworth 3B Caleb Durbin C Carter Jensen OF Sam Antonacci OF Ceddanne Rafaela OF Luis Rengifo P Logan Henderson P Justin Wrobleski SS Andruw Monasterio,,,
1117,5201653486,TheoTruthDFS,0,62.05,1B Willson Contreras 2B Travis Bazzana 3B Gabriel Arias C Carter Jensen OF Chase DeLauter OF Petey Halpin OF Jahmai Jones P Logan Henderson P Justin Wrobleski SS Brayan Rocchio,,,
1119,5201647804,Tommyscanz,0,61.75,1B Paul Goldschmidt 2B Kody Clemens 3B Amed Rosario C Ryan Jeffers OF Trevor Larnach OF Lane Thomas OF Jasson Dominguez P Michael King P Landen Roupp SS Jeremy Pena,,,
1120,5201272911,Dricou,0,61.7,1B Freddie Freeman 2B Christian Koss 3B Tommy Edman C Ryan Jeffers OF Byron Buxton OF Kyle Tucker OF Teoscar Hernandez P Anthony Kay P Colin Rea SS Mookie Betts,,,
1120,5201274840,PresidentLeach,0,61.7,1B Ty France 2B Jake Cronenworth 3B Manny Machado C Ryan Jeffers OF Byron Buxton OF Kody Clemens OF Luke Keaschall P Reid Detmers P Landen Roupp SS Ryan Kreidler,,,
1122,5201078187,jdalrymple,0,61.6,1B Romy Gonzalez 2B Travis Bazzana 3B Jose Ramirez C Austin Hedges OF Wilyer Abreu OF Jarren Duran OF Chase DeLauter P Justin Wrobleski P Taj Bradley SS Brayan Rocchio,,,
1122,5201264484,gelbgelb,0,61.6,1B Alec Burleson 2B JJ Wetherholt 3B Jose Fermin C Jimmy Crooks OF Jordan Walker OF Chase DeLauter OF Cole Carrigg P Justin Wrobleski P Taj Bradley SS Jeremy Pena,,,
1122,5201475711,edward21025,0,61.6,1B Josh Bell 2B Jazz Chisholm Jr. 3B Manny Machado C Hunter Goodman OF Mike Trout OF Ceddanne Rafaela OF Jo Adell P Justin Wrobleski P Colin Rea SS Dansby Swanson,,,
1125,5201574787,brich1,0,61.050003,1B Willson Contreras 2B Romy Gonzalez 3B Max Muncy C Dalton Rushing OF Wilyer Abreu OF Ceddanne Rafaela OF Jahmai Jones P Michael King P Michael McGreevy SS Mookie Betts,,,
1126,5201597141,egwhiz13,0,61,1B Ben Rice 2B Jazz Chisholm Jr. 3B Brooks Lee C Austin Wells OF Wilyer Abreu OF Trevor Larnach OF Lars Nootbaar P Justin Wrobleski P Michael King SS Masyn Winn,,,
1127,5201492910,frisbeediver,0,60.65,1B Rhys Hoskins 2B Romy Gonzalez 3B Jose Ramirez C Ivan Herrera OF Wilyer Abreu OF Ceddanne Rafaela OF Jahmai Jones P Logan Henderson P Michael King SS Brayan Rocchio,,,
1127,5201537401,cfritz08,0,60.649998,1B Sal Stewart 2B Jake Cronenworth 3B Luis Rengifo C Yainer Diaz OF Byron Buxton OF Randy Arozarena OF Jake McCarthy P Gavin Williams P Michael King SS Ryan Kreidler,,,
1129,5201537387,Superunknown454,0,60.6,1B Willson Contreras 2B Romy Gonzalez 3B Luis Rengifo C Jonah Heim OF Andy Pages OF Ceddanne Rafaela OF Steven Kwan P Gerrit Cole P Justin Wrobleski SS Andruw Monasterio,,,
1130,5201680729,blakepeden,0,60.35,1B Alec Burleson 2B Luis Arraez 3B Amed Rosario C Victor Caratini OF Byron Buxton OF Sam Antonacci OF Isaac Collins P Taj Bradley P Jake Bennett SS Jeremy Pena,,,
1131,5201569557,fetus445,0,60.15,1B Ty France 2B Travis Bazzana 3B Jose Ramirez C Austin Hedges OF Fernando Tatis Jr. OF Trevor Larnach OF Chase DeLauter P Justin Wrobleski P Jake Bennett SS Brayan Rocchio,,,
1132,5201299911,Hitstyx9,0,60,1B Alec Burleson 2B JJ Wetherholt 3B Tommy White C Ivan Herrera OF Jordan Walker OF Jackson Merrill OF Lars Nootbaar P Reid Detmers P Michael McGreevy SS Colson Montgomery,,,
1133,5201595202,RRR58,0,59.9,1B Paul Goldschmidt 2B Jake Cronenworth 3B Alex Bregman C Victor Caratini OF Jordan Walker OF Seiya Suzuki OF Heliot Ramos P Jake Bennett P Landen Roupp SS Elly De La Cruz,,,
1134,5201180186,SoCalHusker,0,59.65,1B Paul Goldschmidt 2B Travis Bazzana 3B Jose Ramirez C Austin Hedges OF Ceddanne Rafaela OF Chase DeLauter OF Steven Kwan P Logan Henderson P Michael King SS Jeremy Pena,,,
1135,5201161549,WeReadyATL,0,59.35,1B Willson Contreras 2B Romy Gonzalez 3B Jose Ramirez C Carter Jensen OF Wilyer Abreu OF Ceddanne Rafaela OF Jahmai Jones P Taj Bradley P Jake Bennett SS Willy Adames,,,
1135,5201328710,Vbmonarch,0,59.35,1B Ty France 2B Jake Cronenworth 3B Jose Ramirez C Jonah Heim OF Pete Crow-Armstrong OF Fernando Tatis Jr. OF Steven Kwan P Taj Bradley P Landen Roupp SS Brayan Rocchio,,,
1137,5201623218,TripleDistilled,0,59.3,1B Nick Kurtz 2B Jake Cronenworth 3B Sal Stewart C Hunter Goodman OF Fernando Tatis Jr. OF Jo Adell OF Ivan Johnson P Peter Lambert P Luis Castillo SS Jacob Wilson,,,
1138,5201364444,jordanh415,0,59.25,1B Willson Contreras 2B Jose Caballero 3B Caleb Durbin C Jonah Heim OF Wilyer Abreu OF Ceddanne Rafaela OF Jahmai Jones P Chris Sale P Reid Detmers SS Jacob Wilson,,,
1139,5201211807,vicxy10,0,59.2,1B Willson Contreras 2B Romy Gonzalez 3B Jose Ramirez C Ryan Jeffers OF Chase DeLauter OF Steven Kwan OF Jahmai Jones P Taj Bradley P Michael King SS Brayan Rocchio,,,
1139,5201713311,jklodawizard,0,59.2,1B Salvador Perez 2B Travis Bazzana 3B Jose Ramirez C Austin Wells OF Pete Crow-Armstrong OF Luke Keaschall OF Jose Fermin P Gerrit Cole P Michael King SS Brayan Rocchio,,,
1139,5201716098,krsmith27,0,59.2,1B Willson Contreras 2B Jake Cronenworth 3B Jose Ramirez C Jonah Heim OF Andy Pages OF Ceddanne Rafaela OF Luis Rengifo P Gerrit Cole P Michael King SS Andruw Monasterio,,,
1142,5201557273,austinturner773,0,59,1B Josh Bell 2B Kody Clemens 3B Luis Rengifo C Ryan Jeffers OF Byron Buxton OF Trevor Larnach OF Jahmai Jones P Justin Wrobleski P Michael King SS Andruw Monasterio,,,
1142,5201581533,uvajay,0,59,1B Rhys Hoskins 2B Kody Clemens 3B Jose Ramirez C Austin Hedges OF JJ Bleday OF Luke Keaschall OF Steven Kwan P Justin Wrobleski P Michael King SS Elly De La Cruz,,,
1144,5201640013,BleedORANGE,0,58.75,1B Freddie Freeman 2B Jose Altuve 3B Luis Rengifo C Dalton Rushing OF Andy Pages OF Heliot Ramos OF Gavin Sheets P Michael King P Landen Roupp SS Mookie Betts,,,
1145,5201555011,GameOnLetsGo,0,58,1B Josh Bell 2B Kody Clemens 3B Jose Ramirez C Victor Caratini OF Byron Buxton OF Chase DeLauter OF Petey Halpin P Justin Wrobleski P Michael King SS Ryan Kreidler,,,
1146,5201194751,AverageTuesday,0,57.95,1B Nathaniel Lowe 2B Oswald Peraza 3B Sal Stewart C Jonah Heim OF Mike Trout OF JJ Bleday OF Noelvi Marte P Justin Wrobleski P Reid Detmers SS Elly De La Cruz,,,
1147,5201744462,pdj316,0,57.8,1B Rhys Hoskins 2B Travis Bazzana 3B Jose Ramirez C Victor Caratini OF Kody Clemens OF Chase DeLauter OF Luke Keaschall P Gavin Williams P Landen Roupp SS Brayan Rocchio,,,
1148,5201606830,bcoll413,0,57.75,1B TJ Rumfield 2B Jose Altuve 3B Vaughn Grissom C Austin Wells OF Byron Buxton OF Kody Clemens OF Jarren Duran P Michael King P Jake Bennett SS Colson Montgomery,,,
1149,5201536741,mythicalrhymer01,0,57.55,1B Sal Stewart 2B Travis Bazzana 3B Jose Ramirez C Austin Hedges OF JJ Bleday OF Chase DeLauter OF Steven Kwan P Michael King P Reid Detmers SS Elly De La Cruz,,,
1150,5201383570,BenByers,0,57.2,1B Willson Contreras 2B Romy Gonzalez 3B Jose Ramirez C Carlos Narvaez OF Wilyer Abreu OF Ceddanne Rafaela OF Chase DeLauter P Taj Bradley P Michael King SS Brayan Rocchio,,,
1151,5201719451,LoganWins,0,57.05,1B Alec Burleson 2B JJ Wetherholt 3B Luis Rengifo C Jimmy Crooks OF Jordan Walker OF Sam Antonacci OF Jahmai Jones P Logan Henderson P Justin Wrobleski SS Colson Montgomery,,,
1152,5201374681,73pd2x,0,56.8,1B Rhys Hoskins 2B Kody Clemens 3B Jose Ramirez C Ryan Jeffers OF Trevor Larnach OF Steven Kwan OF Petey Halpin P Gavin Williams P Landen Roupp SS Brayan Rocchio,,,
1153,5201310800,jeffcarter11,0,56.75,1B Freddie Freeman 2B Jake Cronenworth 3B Manny Machado C Jonah Heim OF Randy Arozarena OF Ceddanne Rafaela OF Jackson Merrill P Michael King P Landen Roupp SS Jeremy Pena,,,
1154,5201560624,ChuckJ7174,0,56.35,1B Willson Contreras 2B Brice Turang 3B Luis Rengifo C Ryan Jeffers OF Wilyer Abreu OF Chase DeLauter OF Steven Kwan P Taj Bradley P Landen Roupp SS Andruw Monasterio,,,
1154,5201738652,bleeski,0,56.35,1B Alec Burleson 2B Vaughn Grissom 3B Sal Stewart C Logan O'Hoppe OF Mike Trout OF JJ Bleday OF Jo Adell P Taj Bradley P Landen Roupp SS Elly De La Cruz,,,
1156,5201548887,gigoloJoe,0,56.05,1B Nathaniel Lowe 2B Kody Clemens 3B Sal Stewart C Ryan Jeffers OF Byron Buxton OF JJ Bleday OF Ivan Johnson P Jake Bennett P Michael Lorenzen SS Elly De La Cruz,,,
1157,5201382437,zacsmith1,0,55.2,1B Willson Contreras 2B Jake Cronenworth 3B Amed Rosario C Carter Jensen OF Byron Buxton OF Jordan Walker OF Jahmai Jones P Gerrit Cole P Michael King SS Christian Koss,,,
1158,5201489016,kinglucci23,0,54.75,1B Willson Contreras 2B Kody Clemens 3B Luis Rengifo C Carter Jensen OF Wilyer Abreu OF Trevor Larnach OF Jahmai Jones P Michael King P Jake Bennett SS Jeremy Pena,,,
1159,5201680652,All_Day_LJ,0,54.25,1B Willson Contreras 2B Romy Gonzalez 3B Alex Bregman C Ryan Jeffers OF Mike Trout OF Wilyer Abreu OF Ceddanne Rafaela P Landen Roupp P Anthony Kay SS Andruw Monasterio,,,
1160,5201512032,Shazzam47,0,53.75,1B Josh Bell 2B Kody Clemens 3B Jose Ramirez C Victor Caratini OF Byron Buxton OF Trevor Larnach OF Chase DeLauter P Landen Roupp P Gage Jump SS Brayan Rocchio,,,
1161,5201563964,luvthemredbirds,0,53,1B Willson Contreras 2B Travis Bazzana 3B Caleb Durbin C Jonah Heim OF Wilyer Abreu OF Ceddanne Rafaela OF Chase DeLauter P Justin Wrobleski P Michael King SS Brayan Rocchio,,,
1162,5201402747,ShineCrazyDiamond,0,52.8,1B Willson Contreras 2B Travis Bazzana 3B Jose Ramirez C Christian Vazquez OF Wilyer Abreu OF Ceddanne Rafaela OF Jarren Duran P Justin Wrobleski P Seth Lugo SS Andruw Monasterio,,,
1163,5201486959,Segundo2112,0,51.55,1B Nick Kurtz 2B Travis Bazzana 3B Jose Ramirez C Austin Hedges OF Tyler Soderstrom OF Chase DeLauter OF Colby Thomas P Michael King P Reid Detmers SS Jacob Wilson,,,
1164,5201366337,nickbloggerman,0,51.35,1B Josh Bell 2B Kody Clemens 3B Caleb Durbin C Ryan Jeffers OF Byron Buxton OF Ceddanne Rafaela OF Trevor Larnach P Luis Castillo P Colin Rea SS Jeremy Pena,,,
1164,5201533601,zonaque,0,51.35,1B Willson Contreras 2B JJ Wetherholt 3B Caleb Durbin C Carlos Narvaez OF Jordan Walker OF Randy Arozarena OF Jahmai Jones P Gerrit Cole P Landen Roupp SS Andruw Monasterio,,,
1166,5201271254,lichter17,0,51.3,1B Josh Bell 2B Kody Clemens 3B Luis Rengifo C Ryan Jeffers OF Byron Buxton OF Trevor Larnach OF Jahmai Jones P Peter Lambert P Landen Roupp SS Xander Bogaerts,,,
1167,5201377956,nickmoran,0,51.15,1B Willson Contreras 2B Romy Gonzalez 3B Manny Machado C Jonah Heim OF Wilyer Abreu OF Ceddanne Rafaela OF Chase DeLauter P Justin Wrobleski P Landen Roupp SS Jacob Wilson,,,
1168,5201337462,atong126,0,50.75,1B Nick Kurtz 2B Romy Gonzalez 3B Caleb Durbin C Carlos Narvaez OF Pete Crow-Armstrong OF Seiya Suzuki OF Wilyer Abreu P Michael King P Landen Roupp SS Andruw Monasterio,,,
1169,5201291687,soonerbernie2002,0,50.35,1B Freddie Freeman 2B Tommy Edman 3B Jose Ramirez C Austin Hedges OF Kyle Tucker OF Chase DeLauter OF Steven Kwan P Taj Bradley P Landen Roupp SS Brayan Rocchio,,,
1170,5201673432,hbarfield4117,0,49.7,1B Rhys Hoskins 2B Kody Clemens 3B Jose Ramirez C Austin Hedges OF Byron Buxton OF Ceddanne Rafaela OF Gavin Sheets P Reid Detmers P Landen Roupp SS Brayan Rocchio,,,
1171,5201701340,happytown79,0,47.35,1B Alec Burleson 2B JJ Wetherholt 3B Jose Ramirez C Ivan Herrera OF Chase DeLauter OF Lars Nootbaar OF Jahmai Jones P Taj Bradley P Landen Roupp SS Jeremy Pena,,,
1172,5201491065,stpetty3,0,46.75,1B Paul Goldschmidt 2B Luis Arraez 3B Caleb Durbin C Victor Caratini OF Pete Crow-Armstrong OF Jac Caglianone OF Heliot Ramos P Michael King P Landen Roupp SS Brayan Rocchio,,,
1173,5201607540,WJH321,0,46.3,1B Sal Stewart 2B Jake Cronenworth 3B Luis Rengifo C Carson Kelly OF Pete Crow-Armstrong OF Andy Pages OF Taylor Trammell P Peter Lambert P Jake Bennett SS Jeremy Pena,,,
1174,5201522290,DCMJR82,0,45.05,1B Rafael Devers 2B Luis Arraez 3B Isaac Paredes C Ivan Herrera OF Jackson Chourio OF Randy Arozarena OF Jake McCarthy P Gage Jump P Michael McGreevy SS Jeremy Pena,,,
1175,5201322218,HonorableCaesar,0,44.2,1B Nolan Schanuel 2B Travis Bazzana 3B Jose Ramirez C Luis Campusano OF Fernando Tatis Jr. OF Jac Caglianone OF Petey Halpin P Jake Bennett P Michael McGreevy SS Elly De La Cruz,,,
1176,5201367447,relevanthought,0,43.7,1B Nathaniel Lowe 2B Travis Bazzana 3B Sal Stewart C Austin Hedges OF Pete Crow-Armstrong OF JJ Bleday OF Steven Kwan P Reid Detmers P Landen Roupp SS Elly De La Cruz,,,
1177,5201254204,statnerds,0,43.35,1B Willson Contreras 2B Romy Gonzalez 3B Jose Ramirez C Austin Hedges OF Byron Buxton OF Steven Kwan OF Jahmai Jones P Gerrit Cole P Landen Roupp SS Brayan Rocchio,,,
1178,5201294135,jayahrr,0,42.9,1B Willson Contreras 2B Romy Gonzalez 3B Caleb Durbin C Ryan Jeffers OF Byron Buxton OF Kody Clemens OF Petey Halpin P Jake Bennett P Landen Roupp SS Andruw Monasterio,,,
1179,5201463486,reggaeboyz02,0,41.9,1B Willson Contreras 2B JJ Wetherholt 3B Caleb Durbin C Ivan Herrera OF Andy Pages OF Ceddanne Rafaela OF Jarren Duran P Jake Bennett P Landen Roupp SS Andruw Monasterio,,,
1180,5201520162,Sprtsguy,0,40.15,1B Willson Contreras 2B JJ Wetherholt 3B Amed Rosario C Carter Jensen OF Wilyer Abreu OF Andrew Benintendi OF Tristan Peters P Justin Wrobleski P Landen Roupp SS Zach Neto,,,
1181,5201683819,freedom2dfs,0,39.75,1B Willson Contreras 2B Jake Cronenworth 3B Caleb Durbin C Ryan Jeffers OF Wilyer Abreu OF Ceddanne Rafaela OF Chase DeLauter P Michael King P Landen Roupp SS Brayan Rocchio,,,
1182,5201319161,COLTSwLuCKeOline,0,37.9,1B Munetaka Murakami 2B Kody Clemens 3B Gabriel Arias C Ryan Jeffers OF Sam Antonacci OF Trevor Larnach OF Grant McCray P Jake Bennett P Landen Roupp SS Colson Montgomery,,,
1183,5201674724,cashyobe,0,36.75,1B Willson Contreras 2B Jake Cronenworth 3B Caleb Durbin C Ivan Herrera OF Pete Crow-Armstrong OF Wilyer Abreu OF Ceddanne Rafaela P Michael King P Landen Roupp SS Andruw Monasterio,,,
1184,5201329524,stammr18,0,36.55,1B Alec Burleson 2B JJ Wetherholt 3B Tommy Edman C Carter Jensen OF Kody Clemens OF Sam Antonacci OF Tristan Peters P Anthony Kay P Michael McGreevy SS Jeremy Pena,,,
1185,5201090094,jmh9987,0,28.05,1B Munetaka Murakami 2B Jake Cronenworth 3B Manny Machado C Ivan Herrera OF Jordan Walker OF Ceddanne Rafaela OF Chase DeLauter P Michael King P Michael McGreevy SS Andruw Monasterio,,,
1186,5201441020,CDogg11,0,27.9,1B Paul Goldschmidt 2B Travis Bazzana 3B Sal Stewart C Ivan Herrera OF Randy Arozarena OF Wilyer Abreu OF Jac Caglianone P Jake Bennett P Landen Roupp SS Willy Adames,,,
1187,5201653433,Ianmcgil02,0,27.55,1B Alec Burleson 2B JJ Wetherholt 3B Miguel Vargas C Ivan Herrera OF Jordan Walker OF Lars Nootbaar OF Andrew Benintendi P Anthony Kay P Michael McGreevy SS Colson Montgomery,,,
1188,5201414210,vasyltovt,0,9.6,1B Tyler Austin 2B Andrew Velazquez 3B Buddy Kennedy C Rodolfo Duran OF Justin Dean OF Grant McCray OF Nick Castellanos P Michael Lorenzen P Chase Petty SS Angel Genao,,,
1189,5201388240,ochauno,0,0,,,,
