Rank,EntryId,EntryName,TimeRemaining,Points,Lineup,,Player,Roster Position,%Drafted,FPTS
1,5205013008,thundrenterprises (6/20),0,152.65,1B Kyle Stowers 2B Cole Young 3B Javier Sanoja C Cal Raleigh OF Randy Arozarena OF Heriberto Hernandez OF Griffin Conine P Logan Gilbert P Drew Rasmussen SS Otto Lopez,,Logan Gilbert,P,56.06%,18.15
2,5205517804,ydoja2 (7/15),0,148.65,1B Kyle Stowers 2B Cole Young 3B Javier Sanoja C Cal Raleigh OF Randy Arozarena OF Heriberto Hernandez OF Esteury Ruiz P Logan Gilbert P Drew Rasmussen SS Otto Lopez,,Drew Rasmussen,P,47.54%,34.5
3,5205540432,bellsofwar3 (4/14),0,148.25,1B Kyle Stowers 2B Cole Young 3B Javier Sanoja C Liam Hicks OF Randy Arozarena OF Dominic Canzone OF Heriberto Hernandez P Drew Rasmussen P Kevin Gausman SS Otto Lopez,,Francisco Lindor,SS,38.63%,6
4,5205507885,ERYKBBOY (1/2),0,147.65,1B Josh Naylor 2B Cole Young 3B Bo Bichette C Cal Raleigh OF Randy Arozarena OF Julio Rodriguez OF Griffin Conine P Logan Gilbert P Drew Rasmussen SS Javier Sanoja,,Kevin Gausman,P,35.90%,16.75
5,5205123415,az350z (18/20),0,145.65,1B Kyle Stowers 2B Cole Young 3B Weston Wilson C Liam Hicks OF Randy Arozarena OF Heriberto Hernandez OF Griffin Conine P Logan Gilbert P Drew Rasmussen SS Otto Lopez,,Heriberto Hernandez,OF,26.88%,7
5,5205432837,smk5430 (14/20),0,145.65,1B Kyle Stowers 2B Cole Young 3B Weston Wilson C Liam Hicks OF Randy Arozarena OF Heriberto Hernandez OF Griffin Conine P Logan Gilbert P Drew Rasmussen SS Otto Lopez,,Connor Prielipp,P,26.28%,11.2
7,5204867939,mga120 (10/20),0,144.65,1B Vladimir Guerrero Jr. 2B Luis Urias 3B Javier Sanoja C Liam Hicks OF Julio Rodriguez OF Heriberto Hernandez OF Griffin Conine P Logan Gilbert P Drew Rasmussen SS Otto Lopez,,A.J. Ewing,OF,26.24%,3
7,5205170183,dlbell5848 (4/4),0,144.65,1B Kyle Stowers 2B Marcus Semien 3B Javier Sanoja C Ivan Herrera OF Julio Rodriguez OF Esteury Ruiz OF Griffin Conine P Logan Gilbert P Drew Rasmussen SS Otto Lopez,,George Springer,OF,24.76%,14
9,5204986453,HughGRexshun,0,142.65,1B Vladimir Guerrero Jr. 2B Luis Urias 3B Bo Bichette C Mitch Garver OF Randy Arozarena OF George Springer OF Jonny DeLuca P Logan Gilbert P Drew Rasmussen SS Javier Sanoja,,Otto Lopez,SS,24.63%,11
10,5205238794,BamaJones (1/2),0,141.65,1B Kyle Stowers 2B Cole Young 3B Javier Sanoja C Liam Hicks OF Julio Rodriguez OF Dominic Canzone OF Esteury Ruiz P Logan Gilbert P Drew Rasmussen SS Otto Lopez,,Vladimir Guerrero Jr.,1B,24.26%,8
11,5205466726,Blerud15 (17/20),0,141.25,1B Kyle Stowers 2B Xavier Edwards 3B Brooks Lee C Liam Hicks OF Randy Arozarena OF Heriberto Hernandez OF Tyrone Taylor P Drew Rasmussen P Kevin Gausman SS Otto Lopez,,Kazuma Okamoto,3B,23.32%,0
12,5204947474,csurunnerccr (13/20),0,139.65,1B Vladimir Guerrero Jr. 2B Xavier Edwards 3B Leo Jimenez C Liam Hicks OF Randy Arozarena OF George Springer OF Heriberto Hernandez P Logan Gilbert P Drew Rasmussen SS Javier Sanoja,,Carson Benge,OF,22.95%,3
12,5205025418,tbjones2121 (10/20),0,139.65,1B Kyle Stowers 2B Xavier Edwards 3B Javier Sanoja C Cal Raleigh OF Randy Arozarena OF Heriberto Hernandez OF Tyrone Taylor P Logan Gilbert P Drew Rasmussen SS Otto Lopez,,Julio Rodriguez,OF,21.90%,9
12,5205187588,WILDCATBALLERS (3/20),0,139.65,1B Vladimir Guerrero Jr. 2B Luis Urias 3B Yandy Diaz C Cal Raleigh OF Randy Arozarena OF Heriberto Hernandez OF Esteury Ruiz P Logan Gilbert P Drew Rasmussen SS Javier Sanoja,,Xavier Edwards,2B,20.96%,0
12,5205538055,broncswin79 (18/20),0,139.65,1B Vladimir Guerrero Jr. 2B Luis Urias 3B Yandy Diaz C Cal Raleigh OF Randy Arozarena OF Heriberto Hernandez OF Esteury Ruiz P Logan Gilbert P Drew Rasmussen SS Javier Sanoja,,Cal Raleigh,C,20.42%,2
16,5205152538,kafedaiv (19/20),0,139.25,1B Josh Naylor 2B Cole Young 3B Junior Caminero C Liam Hicks OF Randy Arozarena OF A.J. Ewing OF Heriberto Hernandez P Drew Rasmussen P Kevin Gausman SS Javier Sanoja,,Junior Caminero,3B,20.26%,2
16,5205389306,Chadg20 (5/20),0,139.25,1B Josh Naylor 2B Cole Young 3B Brooks Lee C Ryan Jeffers OF Randy Arozarena OF Julio Rodriguez OF Dominic Canzone P Drew Rasmussen P Kevin Gausman SS Javier Sanoja,,Randy Arozarena,OF,19.95%,25
18,5205337144,pete0six (10/20),0,138.25,1B Kyle Stowers 2B Xavier Edwards 3B Javier Sanoja C Liam Hicks OF Randy Arozarena OF Julio Rodriguez OF Heriberto Hernandez P Drew Rasmussen P Kevin Gausman SS Francisco Lindor,,Luis Urias,2B,19.82%,5
19,5205415462,BuckeyeCity (8/20),0,137.65,1B Vladimir Guerrero Jr. 2B Xavier Edwards 3B Javier Sanoja C Alejandro Kirk OF George Springer OF Heriberto Hernandez OF Esteury Ruiz P Logan Gilbert P Drew Rasmussen SS Otto Lopez,,Alejandro Kirk,C,19.48%,11
19,5205538587,Rhombus87 (9/20),0,137.65,1B Vladimir Guerrero Jr. 2B Luis Urias 3B Kazuma Okamoto C Alejandro Kirk OF Randy Arozarena OF George Springer OF Tyrone Taylor P Logan Gilbert P Drew Rasmussen SS Francisco Lindor,,Zac Thornton,P,16.62%,2.5
21,5205347366,chrispy2005 (4/20),0,137.25,1B Vladimir Guerrero Jr. 2B Cole Young 3B Brooks Lee C Alejandro Kirk OF Randy Arozarena OF Julio Rodriguez OF Heriberto Hernandez P Drew Rasmussen P Kevin Gausman SS Francisco Lindor,,Jordan Walker,OF,15.78%,6
22,5205214621,tpyo (16/20),0,136.65,1B Kyle Stowers 2B Kody Clemens 3B Javier Sanoja C Ivan Herrera OF Dominic Canzone OF Esteury Ruiz OF Griffin Conine P Logan Gilbert P Drew Rasmussen SS Otto Lopez,,Bo Bichette,3B,13.96%,3
22,5205540439,bellsofwar3 (11/14),0,136.65,1B Kyle Stowers 2B Xavier Edwards 3B Javier Sanoja C Liam Hicks OF A.J. Ewing OF Griffin Conine OF Tyrone Taylor P Logan Gilbert P Drew Rasmussen SS Francisco Lindor,,Chandler Simpson,OF,13.83%,3
24,5205140499,sheed6 (10/20),0,136.25,1B Royce Lewis 2B Kody Clemens 3B Javier Sanoja C Ryan Jeffers OF Trevor Larnach OF Luke Keaschall OF Esteury Ruiz P Drew Rasmussen P Kevin Gausman SS Otto Lopez,,Alec Burleson,1B,12.52%,8
25,5205320679,Velllo (18/20),0,135.65,1B Vladimir Guerrero Jr. 2B Xavier Edwards 3B Javier Sanoja C Cal Raleigh OF Julio Rodriguez OF Esteury Ruiz OF Griffin Conine P Logan Gilbert P Drew Rasmussen SS Otto Lopez,,Liam Hicks,C,12.48%,14
25,5205434949,stevenhenry43211 (10/14),0,135.65,1B Vladimir Guerrero Jr. 2B Luis Urias 3B Yandy Diaz C Mitch Garver OF Randy Arozarena OF Heriberto Hernandez OF Esteury Ruiz P Logan Gilbert P Drew Rasmussen SS Otto Lopez,,Yandy Diaz,1B,12.15%,6
27,5205276560,HockeyCardsPlus (5/20),0,135.25,1B Josh Naylor 2B Cole Young 3B Yandy Diaz C Mitch Garver OF Randy Arozarena OF Julio Rodriguez OF George Springer P Drew Rasmussen P Kevin Gausman SS Francisco Lindor,,Munetaka Murakami,1B,11.98%,3
28,5205132391,KristianFTM (9/20),0,134.65,1B Alec Burleson 2B Xavier Edwards 3B Javier Sanoja C Ivan Herrera OF A.J. Ewing OF Esteury Ruiz OF Griffin Conine P Logan Gilbert P Drew Rasmussen SS Otto Lopez,,Esteury Ruiz,OF,11.94%,15
28,5205245584,blakemoore15 (4/5),0,134.65,1B Kyle Stowers 2B Cole Young 3B Javier Sanoja C Cal Raleigh OF Randy Arozarena OF Julio Rodriguez OF Heriberto Hernandez P Logan Gilbert P Drew Rasmussen SS Colt Emerson,,Cole Young,2B,11.71%,10
30,5205200459,rsumrall (17/20),0,134.25,1B Kyle Stowers 2B Cole Young 3B Leo Jimenez C Liam Hicks OF Randy Arozarena OF Julio Rodriguez OF Heriberto Hernandez P Drew Rasmussen P Kevin Gausman SS Otto Lopez,,Dominic Canzone,OF,11.68%,4
30,5205337153,pete0six (19/20),0,134.25,1B Vladimir Guerrero Jr. 2B Royce Lewis 3B Brooks Lee C Ryan Jeffers OF Randy Arozarena OF Luke Keaschall OF Esteury Ruiz P Drew Rasmussen P Kevin Gausman SS Ryan Kreidler,,Kyle Stowers,1B,11.68%,7
32,5205170873,love245555 (14/20),0,133.65,1B Josh Naylor 2B Xavier Edwards 3B Junior Caminero C Liam Hicks OF Dominic Canzone OF Esteury Ruiz OF Griffin Conine P Logan Gilbert P Drew Rasmussen SS Javier Sanoja,,Quinn Mathews,P,11.31%,7.85
32,5205374008,R-E-L-A-X (3/3),0,133.65,1B Alec Burleson 2B Xavier Edwards 3B Yandy Diaz C Ivan Herrera OF Heriberto Hernandez OF Esteury Ruiz OF Griffin Conine P Logan Gilbert P Drew Rasmussen SS Javier Sanoja,,Ryan Jeffers,C,11.07%,3
34,5205143501,cw1tt (17/20),0,132.65,1B Josh Naylor 2B Xavier Edwards 3B Leo Jimenez C Liam Hicks OF Randy Arozarena OF A.J. Ewing OF Griffin Conine P Logan Gilbert P Drew Rasmussen SS Otto Lopez,,Ivan Herrera,C,11.00%,7
34,5205439071,WunstaGuy (20/20),0,132.65,1B Vladimir Guerrero Jr. 2B Luis Urias 3B Javier Sanoja C Alejandro Kirk OF George Springer OF Heriberto Hernandez OF Daulton Varsho P Logan Gilbert P Drew Rasmussen SS Otto Lopez,,Sam Antonacci,OF,10.70%,2
36,5205143486,cw1tt (2/20),0,131.7,1B Alec Burleson 2B JJ Wetherholt 3B Javier Sanoja C Liam Hicks OF Jordan Walker OF Heriberto Hernandez OF Griffin Conine P Drew Rasmussen P Connor Prielipp SS Otto Lopez,,Jared Young,1B,10.53%,0
36,5205158121,j-wolf05 (14/20),0,131.7,1B Alec Burleson 2B JJ Wetherholt 3B Javier Sanoja C Liam Hicks OF Jordan Walker OF Heriberto Hernandez OF Griffin Conine P Drew Rasmussen P Connor Prielipp SS Otto Lopez,,Daulton Varsho,OF,10.53%,5
36,5205251620,uvajay (13/20),0,131.7,1B Alec Burleson 2B JJ Wetherholt 3B Javier Sanoja C Liam Hicks OF Jordan Walker OF Heriberto Hernandez OF Griffin Conine P Drew Rasmussen P Connor Prielipp SS Otto Lopez,,JJ Wetherholt,2B,10.16%,2
39,5204997401,Gabe57 (7/19),0,131.65,1B Josh Naylor 2B Xavier Edwards 3B Javier Sanoja C Liam Hicks OF Julio Rodriguez OF Chandler Simpson OF Esteury Ruiz P Logan Gilbert P Drew Rasmussen SS Otto Lopez,,Victor Mesa Jr.,OF,9.99%,0
39,5204997402,Gabe57 (8/19),0,131.65,1B Josh Naylor 2B Xavier Edwards 3B Javier Sanoja C Liam Hicks OF Julio Rodriguez OF Chandler Simpson OF Esteury Ruiz P Logan Gilbert P Drew Rasmussen SS Otto Lopez,,Marcus Semien,2B,9.79%,5
39,5204997403,Gabe57 (9/19),0,131.65,1B Josh Naylor 2B Xavier Edwards 3B Javier Sanoja C Liam Hicks OF Julio Rodriguez OF Chandler Simpson OF Esteury Ruiz P Logan Gilbert P Drew Rasmussen SS Otto Lopez,,Jonny DeLuca,OF,8.45%,10
39,5204997404,Gabe57 (10/19),0,131.65,1B Josh Naylor 2B Xavier Edwards 3B Javier Sanoja C Liam Hicks OF Julio Rodriguez OF Chandler Simpson OF Esteury Ruiz P Logan Gilbert P Drew Rasmussen SS Otto Lopez,,Tyrone Taylor,OF,8.24%,16
39,5204997405,Gabe57 (11/19),0,131.65,1B Josh Naylor 2B Xavier Edwards 3B Javier Sanoja C Liam Hicks OF Julio Rodriguez OF Chandler Simpson OF Esteury Ruiz P Logan Gilbert P Drew Rasmussen SS Otto Lopez,,Miguel Vargas,3B,8.21%,0
39,5204997406,Gabe57 (12/19),0,131.65,1B Josh Naylor 2B Xavier Edwards 3B Javier Sanoja C Liam Hicks OF Julio Rodriguez OF Chandler Simpson OF Esteury Ruiz P Logan Gilbert P Drew Rasmussen SS Otto Lopez,,Colson Montgomery,SS,7.64%,0
39,5204997407,Gabe57 (13/19),0,131.65,1B Josh Naylor 2B Xavier Edwards 3B Javier Sanoja C Liam Hicks OF Julio Rodriguez OF Chandler Simpson OF Esteury Ruiz P Logan Gilbert P Drew Rasmussen SS Otto Lopez,,Ernie Clement,SS,7.44%,5
39,5204997408,Gabe57 (14/19),0,131.65,1B Josh Naylor 2B Xavier Edwards 3B Javier Sanoja C Liam Hicks OF Julio Rodriguez OF Chandler Simpson OF Esteury Ruiz P Logan Gilbert P Drew Rasmussen SS Otto Lopez,,Nick Fortes,C,7.30%,5
39,5204997409,Gabe57 (15/19),0,131.65,1B Josh Naylor 2B Xavier Edwards 3B Javier Sanoja C Liam Hicks OF Julio Rodriguez OF Chandler Simpson OF Esteury Ruiz P Logan Gilbert P Drew Rasmussen SS Otto Lopez,,Yandy Diaz,3B,7.03%,6
39,5204997411,Gabe57 (17/19),0,131.65,1B Josh Naylor 2B Xavier Edwards 3B Javier Sanoja C Liam Hicks OF Julio Rodriguez OF Chandler Simpson OF Esteury Ruiz P Logan Gilbert P Drew Rasmussen SS Otto Lopez,,Josh Naylor,1B,7.03%,8
39,5204997413,Gabe57 (19/19),0,131.65,1B Josh Naylor 2B Xavier Edwards 3B Javier Sanoja C Liam Hicks OF Julio Rodriguez OF Chandler Simpson OF Esteury Ruiz P Logan Gilbert P Drew Rasmussen SS Otto Lopez,,Kody Clemens,OF,6.66%,2
39,5205466719,Blerud15 (10/20),0,131.65,1B Kyle Stowers 2B Cole Young 3B Leo Jimenez C Cal Raleigh OF Randy Arozarena OF Julio Rodriguez OF Heriberto Hernandez P Logan Gilbert P Drew Rasmussen SS Javier Sanoja,,Lars Nootbaar,OF,6.46%,3
51,5204947466,csurunnerccr (5/20),0,131.25,1B Kyle Stowers 2B Kody Clemens 3B Javier Sanoja C Ryan Jeffers OF Trevor Larnach OF Heriberto Hernandez OF Esteury Ruiz P Drew Rasmussen P Kevin Gausman SS Otto Lopez,,Trevor Larnach,OF,5.99%,16
51,5205214614,tpyo (9/20),0,131.25,1B Josh Naylor 2B Cole Young 3B Brooks Lee C Cal Raleigh OF Randy Arozarena OF Julio Rodriguez OF Jonny DeLuca P Drew Rasmussen P Kevin Gausman SS Francisco Lindor,,Javier Sanoja,3B,5.96%,19
51,5205538592,Rhombus87 (14/20),0,131.25,1B Kyle Stowers 2B Xavier Edwards 3B Javier Sanoja C Cal Raleigh OF Randy Arozarena OF Julio Rodriguez OF Heriberto Hernandez P Drew Rasmussen P Kevin Gausman SS Otto Lopez,,Masyn Winn,SS,5.79%,9
54,5205524111,xTRISKITx (11/20),0,130.9,1B Vladimir Guerrero Jr. 2B Xavier Edwards 3B Javier Sanoja C Alejandro Kirk OF Randy Arozarena OF Heriberto Hernandez OF Esteury Ruiz P Logan Gilbert P Kevin Gausman SS Otto Lopez,,Kody Clemens,2B,5.72%,2
55,5205228668,Awalker3081 (9/20),0,130.7,1B Kyle Stowers 2B Xavier Edwards 3B Javier Sanoja C Alejandro Kirk OF George Springer OF Heriberto Hernandez OF Tyrone Taylor P Drew Rasmussen P Connor Prielipp SS Otto Lopez,,Ryan Vilade,OF,5.72%,0
55,5205228669,Awalker3081 (10/20),0,130.7,1B Vladimir Guerrero Jr. 2B Xavier Edwards 3B Javier Sanoja C Alejandro Kirk OF Heriberto Hernandez OF Esteury Ruiz OF Griffin Conine P Drew Rasmussen P Connor Prielipp SS Francisco Lindor,,Brooks Lee,3B,5.65%,10
57,5205101729,welchy81 (6/20),0,130.65,1B Kyle Stowers 2B Xavier Edwards 3B Bo Bichette C Cal Raleigh OF Randy Arozarena OF Heriberto Hernandez OF Esteury Ruiz P Logan Gilbert P Drew Rasmussen SS Javier Sanoja,,Andrew Benintendi,OF,5.62%,0
57,5205320676,Velllo (15/20),0,130.65,1B Alec Burleson 2B Xavier Edwards 3B Leo Jimenez C Cal Raleigh OF Randy Arozarena OF Julio Rodriguez OF Esteury Ruiz P Logan Gilbert P Drew Rasmussen SS Javier Sanoja,,Ernie Clement,2B,5.05%,5
57,5205406855,james_thiel (6/20),0,130.65,1B Kyle Stowers 2B Xavier Edwards 3B Bo Bichette C Cal Raleigh OF Randy Arozarena OF Heriberto Hernandez OF Esteury Ruiz P Logan Gilbert P Drew Rasmussen SS Javier Sanoja,,Royce Lewis,2B,5.01%,5
60,5205406868,james_thiel (19/20),0,130.35,1B Kyle Stowers 2B Xavier Edwards 3B Javier Sanoja C Cal Raleigh OF Randy Arozarena OF Julio Rodriguez OF Esteury Ruiz P Drew Rasmussen P Quinn Mathews SS Otto Lopez,,Brett Baty,2B,4.95%,0
61,5205190527,bubbs57 (3/3),0,130.25,1B Royce Lewis 2B Kody Clemens 3B Brooks Lee C Alejandro Kirk OF Randy Arozarena OF Jonny DeLuca OF Trevor Larnach P Drew Rasmussen P Kevin Gausman SS Ben Williamson,,Royce Lewis,1B,4.91%,5
61,5205204288,JcClark18 (3/20),0,130.25,1B Yandy Diaz 2B Luis Urias 3B Junior Caminero C Liam Hicks OF Heriberto Hernandez OF Esteury Ruiz OF Griffin Conine P Drew Rasmussen P Kevin Gausman SS Otto Lopez,,Luis Torrens,C,4.88%,0
61,5205431563,WunstaGuy (9/20),0,130.25,1B Kyle Stowers 2B Kody Clemens 3B Javier Sanoja C Ryan Jeffers OF A.J. Ewing OF Esteury Ruiz OF Griffin Conine P Drew Rasmussen P Kevin Gausman SS Otto Lopez,,Griffin Conine,OF,4.78%,19
64,5205259202,kozy6813 (8/20),0,129.65,1B Kyle Stowers 2B Xavier Edwards 3B Javier Sanoja C Mitch Garver OF Julio Rodriguez OF Jonny DeLuca OF Esteury Ruiz P Logan Gilbert P Drew Rasmussen SS Otto Lopez,,Leo Jimenez,3B,4.51%,0
64,5205383230,ImaDonk11 (4/20),0,129.65,1B Kyle Stowers 2B Xavier Edwards 3B Kazuma Okamoto C Alejandro Kirk OF George Springer OF Esteury Ruiz OF Griffin Conine P Logan Gilbert P Drew Rasmussen SS Otto Lopez,,Mitch Garver,C,4.24%,6
66,5205348600,bassguy39 (4/8),0,129.25,1B Vladimir Guerrero Jr. 2B Cole Young 3B Kazuma Okamoto C Alejandro Kirk OF Randy Arozarena OF George Springer OF Dominic Canzone P Drew Rasmussen P Kevin Gausman SS Francisco Lindor,,Blaze Jordan,3B,4.07%,8
66,5205517308,bhess777 (13/20),0,129.25,1B Josh Naylor 2B Cole Young 3B Kazuma Okamoto C Alejandro Kirk OF Randy Arozarena OF Julio Rodriguez OF Dominic Canzone P Drew Rasmussen P Kevin Gausman SS Otto Lopez,,Taylor Walls,SS,3.50%,0
68,5205505189,KingTerryPegula (6/20),0,128.9,1B Kyle Stowers 2B Cole Young 3B Javier Sanoja C Liam Hicks OF Julio Rodriguez OF Jonny DeLuca OF Griffin Conine P Logan Gilbert P Kevin Gausman SS Francisco Lindor,,Colt Emerson,SS,3.47%,3
68,5205505191,KingTerryPegula (8/20),0,128.9,1B Kyle Stowers 2B Cole Young 3B Miguel Vargas C Liam Hicks OF Jonny DeLuca OF Esteury Ruiz OF Griffin Conine P Logan Gilbert P Kevin Gausman SS Javier Sanoja,,Javier Sanoja,SS,3.47%,19
70,5205286576,FoxyGrandpa252 (15/20),0,128.65,1B Kyle Stowers 2B JJ Wetherholt 3B Blaze Jordan C Ivan Herrera OF Heriberto Hernandez OF Esteury Ruiz OF Griffin Conine P Logan Gilbert P Drew Rasmussen SS Otto Lopez,,Weston Wilson,3B,3.43%,0
70,5205431562,WunstaGuy (8/20),0,128.65,1B Josh Naylor 2B Cole Young 3B Brett Baty C Cal Raleigh OF Randy Arozarena OF Julio Rodriguez OF Tyrone Taylor P Logan Gilbert P Drew Rasmussen SS Francisco Lindor,,Myles Straw,OF,3.26%,5
70,5205507886,ERYKBBOY (2/2),0,128.65,1B Josh Naylor 2B Cole Young 3B Bo Bichette C Cal Raleigh OF Randy Arozarena OF Julio Rodriguez OF Griffin Conine P Logan Gilbert P Drew Rasmussen SS Taylor Walls,,Weston Wilson,OF,3.10%,0
70,5205515151,dfwtsx08 (9/10),0,128.65,1B Kyle Stowers 2B Marcus Semien 3B Javier Sanoja C Liam Hicks OF Jonny DeLuca OF A.J. Ewing OF Heriberto Hernandez P Logan Gilbert P Drew Rasmussen SS Otto Lopez,,Ryan Vilade,1B,3.10%,0
74,5205072097,Wanna_Square_Up1567 (20/20),0,128.25,1B Josh Naylor 2B Cole Young 3B Brooks Lee C Mitch Garver OF Randy Arozarena OF Julio Rodriguez OF Carson Benge P Drew Rasmussen P Kevin Gausman SS Francisco Lindor,,Nathan Church,OF,2.76%,3
74,5205123405,az350z (8/20),0,128.25,1B Royce Lewis 2B Kody Clemens 3B Brooks Lee C Ryan Jeffers OF Chandler Simpson OF Trevor Larnach OF Griffin Conine P Drew Rasmussen P Kevin Gausman SS Javier Sanoja,,Edgar Quero,C,2.62%,6
74,5205448664,bobho10,0,128.25,1B Josh Bell 2B Kody Clemens 3B Blaze Jordan C Alejandro Kirk OF Randy Arozarena OF Julio Rodriguez OF Trevor Larnach P Drew Rasmussen P Kevin Gausman SS Francisco Lindor,,Luke Keaschall,OF,2.56%,14
74,5205477798,cwthrow24 (8/20),0,128.25,1B Royce Lewis 2B Kody Clemens 3B Brooks Lee C Liam Hicks OF Julio Rodriguez OF Heriberto Hernandez OF Griffin Conine P Drew Rasmussen P Kevin Gausman SS Otto Lopez,,Brett Baty,3B,2.49%,0
74,5205500982,rlparker22 (1/2),0,128.25,1B Vladimir Guerrero Jr. 2B Luis Urias 3B Yandy Diaz C Alejandro Kirk OF Randy Arozarena OF Julio Rodriguez OF Heriberto Hernandez P Drew Rasmussen P Kevin Gausman SS Francisco Lindor,,Tyler Phillips,P,2.49%,13.65
74,5205540409,chaddy222,0,128.25,1B Kyle Stowers 2B Xavier Edwards 3B Javier Sanoja C Liam Hicks OF Jordan Walker OF Randy Arozarena OF Chandler Simpson P Drew Rasmussen P Kevin Gausman SS Ryan Kreidler,,Jimmy Crooks,C,2.46%,3
80,5205132385,KristianFTM (3/20),0,127.7,1B Alec Burleson 2B JJ Wetherholt 3B Javier Sanoja C Liam Hicks OF Jordan Walker OF Heriberto Hernandez OF Esteury Ruiz P Drew Rasmussen P Connor Prielipp SS Otto Lopez,,Ben Williamson,2B,2.42%,0
80,5205214607,tpyo (2/20),0,127.7,1B Kyle Stowers 2B Kody Clemens 3B Javier Sanoja C Ryan Jeffers OF Jordan Walker OF Esteury Ruiz OF Griffin Conine P Drew Rasmussen P Connor Prielipp SS Otto Lopez,,Victor Caratini,C,2.36%,2
82,5205258452,nrlane24 (2/2),0,127.65,1B Vladimir Guerrero Jr. 2B Cole Young 3B Blaze Jordan C Cal Raleigh OF Randy Arozarena OF Julio Rodriguez OF Dominic Canzone P Logan Gilbert P Drew Rasmussen SS Masyn Winn,,Ben Williamson,SS,2.29%,0
82,5205511157,ndesmarais97 (2/20),0,127.65,1B Vladimir Guerrero Jr. 2B Cole Young 3B Kazuma Okamoto C Alejandro Kirk OF George Springer OF Daulton Varsho OF Tyrone Taylor P Logan Gilbert P Drew Rasmussen SS Otto Lopez,,Braden Montgomery,OF,2.22%,3
84,5205320246,DoggFetus,0,127.35,1B Royce Lewis 2B Cole Young 3B Brooks Lee C Ivan Herrera OF Randy Arozarena OF George Springer OF Carson Benge P Drew Rasmussen P Quinn Mathews SS Otto Lopez,,Chase Meidroth,2B,2.12%,0
85,5205251617,uvajay (10/20),0,127.25,1B Royce Lewis 2B Cole Young 3B Brooks Lee C Cal Raleigh OF Randy Arozarena OF Julio Rodriguez OF Dominic Canzone P Drew Rasmussen P Kevin Gausman SS Otto Lopez,,Ryan Kreidler,SS,2.09%,3
85,5205466724,Blerud15 (15/20),0,127.25,1B Royce Lewis 2B Cole Young 3B Brooks Lee C Cal Raleigh OF Julio Rodriguez OF Luke Keaschall OF Esteury Ruiz P Drew Rasmussen P Kevin Gausman SS Otto Lopez,,Davis Schneider,OF,1.78%,4
87,5205436439,timothy.beechler,0,126.9,1B Munetaka Murakami 2B Luis Urias 3B Javier Sanoja C Liam Hicks OF George Springer OF Heriberto Hernandez OF Griffin Conine P Logan Gilbert P Kevin Gausman SS Otto Lopez,,Noah Schultz,P,1.75%,14.85
88,5204859689,niquisition (14/20),0,126.7,1B Vladimir Guerrero Jr. 2B Xavier Edwards 3B Javier Sanoja C Ryan Jeffers OF Jordan Walker OF Esteury Ruiz OF Griffin Conine P Drew Rasmussen P Connor Prielipp SS Otto Lopez,,Tristan Peters,OF,1.45%,0
89,5205276571,HockeyCardsPlus (16/20),0,126.65,1B Yandy Diaz 2B Xavier Edwards 3B Javier Sanoja C Alejandro Kirk OF Heriberto Hernandez OF Esteury Ruiz OF Daulton Varsho P Logan Gilbert P Drew Rasmussen SS Otto Lopez,,Davis Schneider,2B,1.18%,4
89,5205414250,Troysinger,0,126.65,1B Vladimir Guerrero Jr. 2B Luis Urias 3B Yandy Diaz C Cal Raleigh OF Randy Arozarena OF Julio Rodriguez OF Weston Wilson P Logan Gilbert P Drew Rasmussen SS Javier Sanoja,,Victor Caratini,1B,0.61%,2
91,5204975438,Ango0221 (20/20),0,126.25,1B Yandy Diaz 2B Xavier Edwards 3B Javier Sanoja C Liam Hicks OF A.J. Ewing OF Carson Benge OF Griffin Conine P Drew Rasmussen P Kevin Gausman SS Otto Lopez,,Austin Martin,OF,0.50%,0
91,5205214611,tpyo (6/20),0,126.25,1B Josh Naylor 2B Kody Clemens 3B Javier Sanoja C Cal Raleigh OF Randy Arozarena OF Julio Rodriguez OF Dominic Canzone P Drew Rasmussen P Kevin Gausman SS Francisco Lindor,,Francisco Alvarez,C,0.37%,0
91,5205247950,stevenhenry43211 (1/14),0,126.25,1B Vladimir Guerrero Jr. 2B Xavier Edwards 3B Javier Sanoja C Cal Raleigh OF Randy Arozarena OF Julio Rodriguez OF Heriberto Hernandez P Drew Rasmussen P Kevin Gausman SS Ernie Clement,,Jordan Hicks,P,0.30%,4.25
94,5205101728,welchy81 (5/20),0,125.65,1B Josh Naylor 2B Luis Urias 3B Bo Bichette C Cal Raleigh OF Randy Arozarena OF Julio Rodriguez OF Esteury Ruiz P Logan Gilbert P Drew Rasmussen SS Francisco Lindor,,Jonathan Aranda,1B,0.30%,0
94,5205292796,wormlove3 (5/17),0,125.65,1B Yandy Diaz 2B Cole Young 3B Blaze Jordan C Nick Fortes OF Randy Arozarena OF Julio Rodriguez OF Dominic Canzone P Logan Gilbert P Drew Rasmussen SS Francisco Lindor,,Cedric Mullins,OF,0.20%,0
94,5205299324,wormlove3 (11/17),0,125.65,1B Yandy Diaz 2B Cole Young 3B Blaze Jordan C Nick Fortes OF Randy Arozarena OF Julio Rodriguez OF Dominic Canzone P Logan Gilbert P Drew Rasmussen SS Francisco Lindor,,Luis Robert Jr.,OF,0.20%,0
94,5205299333,wormlove3 (17/17),0,125.65,1B Yandy Diaz 2B Cole Young 3B Blaze Jordan C Nick Fortes OF Randy Arozarena OF Julio Rodriguez OF Dominic Canzone P Logan Gilbert P Drew Rasmussen SS Francisco Lindor,,Agustin Ramirez,C,0.20%,0
94,5205531895,zigzagman115,0,125.65,1B Kyle Stowers 2B Luis Urias 3B Kazuma Okamoto C Liam Hicks OF George Springer OF Heriberto Hernandez OF Esteury Ruiz P Logan Gilbert P Drew Rasmussen SS Otto Lopez,,Jorge Polanco,3B,0.17%,0
99,5205191697,cowboys767 (2/20),0,125.25,1B Josh Naylor 2B Royce Lewis 3B Brooks Lee C Cal Raleigh OF Randy Arozarena OF Julio Rodriguez OF Dominic Canzone P Drew Rasmussen P Kevin Gausman SS Otto Lopez,,Richie Palacios,2B,0.13%,0
99,5205337137,pete0six (3/20),0,125.25,1B Josh Naylor 2B Royce Lewis 3B Brooks Lee C Cal Raleigh OF Randy Arozarena OF Julio Rodriguez OF Dominic Canzone P Drew Rasmussen P Kevin Gausman SS Otto Lopez,,Hayden Senger,C,0.10%,0
99,5205466714,Blerud15 (5/20),0,125.25,1B Josh Naylor 2B Royce Lewis 3B Brooks Lee C Cal Raleigh OF Julio Rodriguez OF Luke Keaschall OF Esteury Ruiz P Drew Rasmussen P Kevin Gausman SS Otto Lopez,,Andres Gimenez,SS,0.10%,4
99,5205504046,sportsfan14 (8/20),0,125.25,1B Vladimir Guerrero Jr. 2B Luis Urias 3B Brooks Lee C Ryan Jeffers OF Randy Arozarena OF George Springer OF Davis Schneider P Drew Rasmussen P Kevin Gausman SS Ernie Clement,,Brandon Valenzuela,C,0.07%,0
103,5205491422,Discostupendously (3/10),0,124.9,1B Kyle Stowers 2B Cole Young 3B Javier Sanoja C Cal Raleigh OF Randy Arozarena OF Julio Rodriguez OF Heriberto Hernandez P Logan Gilbert P Kevin Gausman SS Otto Lopez,,Tanner Murray,3B,0.07%,0
104,5205259209,kozy6813 (15/20),0,124.7,1B Yandy Diaz 2B Kody Clemens 3B Brooks Lee C Liam Hicks OF Heriberto Hernandez OF Luke Keaschall OF Esteury Ruiz P Drew Rasmussen P Connor Prielipp SS Otto Lopez,,Rikuu Nishida,OF,0.07%,0
104,5205347367,chrispy2005 (5/20),0,124.7,1B Alec Burleson 2B Luis Urias 3B Junior Caminero C Liam Hicks OF Trevor Larnach OF Heriberto Hernandez OF Tyrone Taylor P Drew Rasmussen P Connor Prielipp SS Otto Lopez,,Emmanuel Rodriguez,OF,0.07%,0
106,5205090290,drunkonpappy (16/20),0,124.65,1B Vladimir Guerrero Jr. 2B Luis Urias 3B Kazuma Okamoto C Alejandro Kirk OF Randy Arozarena OF Heriberto Hernandez OF Daulton Varsho P Logan Gilbert P Drew Rasmussen SS Otto Lopez,,Joshua Baez,OF,0.07%,0
106,5205152537,kafedaiv (18/20),0,124.65,1B Kyle Stowers 2B Cole Young 3B Kazuma Okamoto C Cal Raleigh OF Randy Arozarena OF Dominic Canzone OF Esteury Ruiz P Logan Gilbert P Drew Rasmussen SS Masyn Winn,,Patrick Wisdom,1B,0.07%,0
106,5205187592,WILDCATBALLERS (7/20),0,124.65,1B Vladimir Guerrero Jr. 2B Luis Urias 3B Yandy Diaz C Cal Raleigh OF Randy Arozarena OF Esteury Ruiz OF Weston Wilson P Logan Gilbert P Drew Rasmussen SS Otto Lopez,,Charles McAdoo,2B,0.07%,0
106,5205201637,MajerlesMantle (1/2),0,124.65,1B Vladimir Guerrero Jr. 2B Luis Urias 3B Kazuma Okamoto C Alejandro Kirk OF Randy Arozarena OF George Springer OF Victor Mesa Jr. P Logan Gilbert P Drew Rasmussen SS Masyn Winn,,Orlando Arcia,SS,0.07%,0
106,5205285043,mrclean913 (18/20),0,124.65,1B Josh Naylor 2B Xavier Edwards 3B Javier Sanoja C Liam Hicks OF Julio Rodriguez OF Dominic Canzone OF Heriberto Hernandez P Logan Gilbert P Drew Rasmussen SS Otto Lopez,,Brian Navarreto,C,0.07%,0
106,5205465885,BigMart11 (20/20),0,124.65,1B Vladimir Guerrero Jr. 2B Luis Urias 3B Kazuma Okamoto C Alejandro Kirk OF Randy Arozarena OF Heriberto Hernandez OF Myles Straw P Logan Gilbert P Drew Rasmussen SS Otto Lopez,,Victor Robles,OF,0.07%,0
106,5205530181,MDboston91 (1/2),0,124.65,1B Vladimir Guerrero Jr. 2B Luis Urias 3B Kazuma Okamoto C Cal Raleigh OF Randy Arozarena OF Julio Rodriguez OF Dominic Canzone P Logan Gilbert P Drew Rasmussen SS Javier Sanoja,,Rob Refsnyder,OF,0.07%,2
106,5205530406,broncswin79 (2/20),0,124.65,1B Vladimir Guerrero Jr. 2B Luis Urias 3B Yandy Diaz C Cal Raleigh OF Randy Arozarena OF Esteury Ruiz OF Weston Wilson P Logan Gilbert P Drew Rasmussen SS Otto Lopez,,Tristan Gray,SS,0.07%,0
106,5205530644,broncswin79 (7/20),0,124.65,1B Vladimir Guerrero Jr. 2B Luis Urias 3B Yandy Diaz C Cal Raleigh OF Randy Arozarena OF Heriberto Hernandez OF Weston Wilson P Logan Gilbert P Drew Rasmussen SS Javier Sanoja,,Jorge Polanco,2B,0.03%,0
106,5205534628,eagles5016 (5/20),0,124.65,1B Alec Burleson 2B Xavier Edwards 3B Javier Sanoja C Ivan Herrera OF Heriberto Hernandez OF Esteury Ruiz OF Daulton Varsho P Logan Gilbert P Drew Rasmussen SS Otto Lopez,,Nick Morabito,OF,0.03%,0
106,5205540429,bellsofwar3 (1/14),0,124.65,1B Vladimir Guerrero Jr. 2B Xavier Edwards 3B Kazuma Okamoto C Liam Hicks OF Esteury Ruiz OF Daulton Varsho OF Griffin Conine P Logan Gilbert P Drew Rasmussen SS Otto Lopez,,Jadher Areinamo,2B,0.03%,0
117,5205173867,ttillie (17/20),0,124.25,1B Vladimir Guerrero Jr. 2B Luis Urias 3B Kazuma Okamoto C Liam Hicks OF Randy Arozarena OF A.J. Ewing OF Heriberto Hernandez P Drew Rasmussen P Kevin Gausman SS Otto Lopez,,Connor Norby,3B,0.03%,0
117,5205292794,wormlove3 (3/17),0,124.25,1B Yandy Diaz 2B Ernie Clement 3B Leo Jimenez C Cal Raleigh OF Randy Arozarena OF Julio Rodriguez OF Esteury Ruiz P Drew Rasmussen P Kevin Gausman SS Otto Lopez,,Hunter Feduccia,C,0.03%,0
117,5205299322,wormlove3 (9/17),0,124.25,1B Yandy Diaz 2B Ernie Clement 3B Leo Jimenez C Cal Raleigh OF Randy Arozarena OF Julio Rodriguez OF Esteury Ruiz P Drew Rasmussen P Kevin Gausman SS Otto Lopez,,Josh Bell,1B,0.03%,0
117,5205299331,wormlove3 (15/17),0,124.25,1B Yandy Diaz 2B Ernie Clement 3B Leo Jimenez C Cal Raleigh OF Randy Arozarena OF Julio Rodriguez OF Esteury Ruiz P Drew Rasmussen P Kevin Gausman SS Otto Lopez,,Jose Berrios,P,0.03%,0
117,5205364074,zandwich (1/20),0,124.25,1B Victor Caratini 2B Royce Lewis 3B Brooks Lee C Cal Raleigh OF Randy Arozarena OF Julio Rodriguez OF Luke Keaschall P Drew Rasmussen P Kevin Gausman SS Francisco Lindor,,Patrick Corbin,P,0.03%,0
117,5205477806,cwthrow24 (16/20),0,124.25,1B Vladimir Guerrero Jr. 2B Xavier Edwards 3B Kazuma Okamoto C Liam Hicks OF George Springer OF Heriberto Hernandez OF Griffin Conine P Drew Rasmussen P Kevin Gausman SS Otto Lopez,,,
123,5205293472,bcardwell79 (3/9),0,124.15,1B Yandy Diaz 2B Xavier Edwards 3B Kazuma Okamoto C Alejandro Kirk OF Randy Arozarena OF Julio Rodriguez OF George Springer P Drew Rasmussen P Tyler Phillips SS Otto Lopez,,,
124,5205389321,Chadg20 (20/20),0,123.9,1B Vladimir Guerrero Jr. 2B Luis Urias 3B Kazuma Okamoto C Alejandro Kirk OF Randy Arozarena OF George Springer OF Esteury Ruiz P Logan Gilbert P Kevin Gausman SS Otto Lopez,,,
125,5205033013,AverageTuesday (6/20),0,123.7,1B Kyle Stowers 2B Kody Clemens 3B Javier Sanoja C Ryan Jeffers OF Heriberto Hernandez OF Luke Keaschall OF Esteury Ruiz P Drew Rasmussen P Connor Prielipp SS Otto Lopez,,,
126,5205304459,bcardwell79 (5/9),0,123.65,1B Jared Young 2B Xavier Edwards 3B Javier Sanoja C Alejandro Kirk OF Julio Rodriguez OF George Springer OF Heriberto Hernandez P Logan Gilbert P Drew Rasmussen SS Otto Lopez,,,
126,5205320675,Velllo (14/20),0,123.65,1B Vladimir Guerrero Jr. 2B Xavier Edwards 3B Javier Sanoja C Cal Raleigh OF George Springer OF Heriberto Hernandez OF Esteury Ruiz P Logan Gilbert P Drew Rasmussen SS Francisco Lindor,,,
126,5205406817,james_thiel (1/20),0,123.65,1B Josh Naylor 2B Xavier Edwards 3B Javier Sanoja C Cal Raleigh OF Julio Rodriguez OF Heriberto Hernandez OF Esteury Ruiz P Logan Gilbert P Drew Rasmussen SS Otto Lopez,,,
126,5205473638,henry296 (2/20),0,123.65,1B Vladimir Guerrero Jr. 2B Xavier Edwards 3B Javier Sanoja C Cal Raleigh OF George Springer OF Heriberto Hernandez OF Esteury Ruiz P Logan Gilbert P Drew Rasmussen SS Francisco Lindor,,,
126,5205477792,cwthrow24 (2/20),0,123.65,1B Vladimir Guerrero Jr. 2B Luis Urias 3B Blaze Jordan C Ivan Herrera OF Jordan Walker OF Randy Arozarena OF Lars Nootbaar P Logan Gilbert P Drew Rasmussen SS Masyn Winn,,,
126,5205491421,Discostupendously (2/10),0,123.65,1B Josh Naylor 2B Xavier Edwards 3B Javier Sanoja C Cal Raleigh OF Julio Rodriguez OF Heriberto Hernandez OF Esteury Ruiz P Logan Gilbert P Drew Rasmussen SS Otto Lopez,,,
126,5205504053,sportsfan14 (15/20),0,123.65,1B Kyle Stowers 2B JJ Wetherholt 3B Leo Jimenez C Liam Hicks OF Jordan Walker OF Heriberto Hernandez OF Tyrone Taylor P Logan Gilbert P Drew Rasmussen SS Javier Sanoja,,,
126,5205524104,xTRISKITx (4/20),0,123.65,1B Vladimir Guerrero Jr. 2B Luis Urias 3B Kazuma Okamoto C Alejandro Kirk OF George Springer OF Heriberto Hernandez OF Esteury Ruiz P Logan Gilbert P Drew Rasmussen SS Otto Lopez,,,
134,5204859686,niquisition (11/20),0,123.35,1B Alec Burleson 2B Cole Young 3B Weston Wilson C Liam Hicks OF Jordan Walker OF Randy Arozarena OF Heriberto Hernandez P Drew Rasmussen P Quinn Mathews SS Otto Lopez,,,
135,5204867934,mga120 (5/20),0,123.25,1B Kyle Stowers 2B Kody Clemens 3B Javier Sanoja C Cal Raleigh OF Julio Rodriguez OF Heriberto Hernandez OF Esteury Ruiz P Drew Rasmussen P Kevin Gausman SS Otto Lopez,,,
136,5205320662,Velllo (1/20),0,122.9,1B Kyle Stowers 2B Xavier Edwards 3B Javier Sanoja C Cal Raleigh OF Randy Arozarena OF Julio Rodriguez OF Esteury Ruiz P Logan Gilbert P Kevin Gausman SS Otto Lopez,,,
136,5205390291,JTFarley (2/5),0,122.9,1B Kyle Stowers 2B Xavier Edwards 3B Javier Sanoja C Cal Raleigh OF Randy Arozarena OF Julio Rodriguez OF Esteury Ruiz P Logan Gilbert P Kevin Gausman SS Otto Lopez,,,
138,5205018796,R-E-L-A-X (1/3),0,122.65,1B Alec Burleson 2B Xavier Edwards 3B Javier Sanoja C Ivan Herrera OF Heriberto Hernandez OF Lars Nootbaar OF Esteury Ruiz P Logan Gilbert P Drew Rasmussen SS Otto Lopez,,,
138,5205033015,AverageTuesday (8/20),0,122.65,1B Alec Burleson 2B Xavier Edwards 3B Javier Sanoja C Ivan Herrera OF Heriberto Hernandez OF Lars Nootbaar OF Esteury Ruiz P Logan Gilbert P Drew Rasmussen SS Otto Lopez,,,
138,5205241729,babypooh11701 (1/2),0,122.65,1B Vladimir Guerrero Jr. 2B Xavier Edwards 3B Weston Wilson C Cal Raleigh OF Randy Arozarena OF Julio Rodriguez OF Heriberto Hernandez P Logan Gilbert P Drew Rasmussen SS Javier Sanoja,,,
138,5205245401,trjada03,0,122.65,1B Vladimir Guerrero Jr. 2B Cole Young 3B Javier Sanoja C Cal Raleigh OF George Springer OF Dominic Canzone OF Heriberto Hernandez P Logan Gilbert P Drew Rasmussen SS Francisco Lindor,,,
138,5205275196,inthemoney3,0,122.65,1B Josh Naylor 2B Cole Young 3B Brett Baty C Alejandro Kirk OF Randy Arozarena OF Jonny DeLuca OF Victor Mesa Jr. P Logan Gilbert P Drew Rasmussen SS Francisco Lindor,,,
138,5205278298,UWAlums03 (2/5),0,122.65,1B Vladimir Guerrero Jr. 2B Cole Young 3B Javier Sanoja C Cal Raleigh OF George Springer OF Dominic Canzone OF Heriberto Hernandez P Logan Gilbert P Drew Rasmussen SS Francisco Lindor,,,
138,5205286570,FoxyGrandpa252 (9/20),0,122.65,1B Alec Burleson 2B Cole Young 3B Blaze Jordan C Mitch Garver OF Jordan Walker OF Randy Arozarena OF Dominic Canzone P Logan Gilbert P Drew Rasmussen SS Colt Emerson,,,
138,5205370581,mickey615,0,122.65,1B Vladimir Guerrero Jr. 2B Cole Young 3B Javier Sanoja C Cal Raleigh OF George Springer OF Dominic Canzone OF Heriberto Hernandez P Logan Gilbert P Drew Rasmussen SS Francisco Lindor,,,
138,5205434944,stevenhenry43211 (5/14),0,122.65,1B Vladimir Guerrero Jr. 2B Cole Young 3B Javier Sanoja C Cal Raleigh OF George Springer OF Dominic Canzone OF Heriberto Hernandez P Logan Gilbert P Drew Rasmussen SS Francisco Lindor,,,
138,5205498707,TroyGilly91 (5/8),0,122.65,1B Josh Naylor 2B Cole Young 3B Javier Sanoja C Cal Raleigh OF Julio Rodriguez OF Dominic Canzone OF Heriberto Hernandez P Logan Gilbert P Drew Rasmussen SS Otto Lopez,,,
138,5205511166,ndesmarais97 (11/20),0,122.65,1B Vladimir Guerrero Jr. 2B Xavier Edwards 3B Leo Jimenez C Liam Hicks OF George Springer OF Heriberto Hernandez OF Tyrone Taylor P Logan Gilbert P Drew Rasmussen SS Otto Lopez,,,
138,5205530668,broncswin79 (8/20),0,122.65,1B Vladimir Guerrero Jr. 2B Xavier Edwards 3B Weston Wilson C Cal Raleigh OF Randy Arozarena OF Julio Rodriguez OF Heriberto Hernandez P Logan Gilbert P Drew Rasmussen SS Javier Sanoja,,,
138,5205534627,eagles5016 (4/20),0,122.65,1B Alec Burleson 2B Xavier Edwards 3B Javier Sanoja C Ivan Herrera OF Heriberto Hernandez OF Lars Nootbaar OF Esteury Ruiz P Logan Gilbert P Drew Rasmussen SS Otto Lopez,,,
151,5205002717,Drepone,0,122.25,1B Kyle Stowers 2B Marcus Semien 3B Bo Bichette C Liam Hicks OF Randy Arozarena OF A.J. Ewing OF Carson Benge P Drew Rasmussen P Kevin Gausman SS Otto Lopez,,,
151,5205191423,DRaybon1,0,122.25,1B Vladimir Guerrero Jr. 2B Luis Urias 3B Junior Caminero C Alejandro Kirk OF Randy Arozarena OF Jonny DeLuca OF Daulton Varsho P Drew Rasmussen P Kevin Gausman SS Ernie Clement,,,
151,5205222216,srken,0,122.25,1B Royce Lewis 2B Davis Schneider 3B Yandy Diaz C Alejandro Kirk OF Jordan Walker OF Randy Arozarena OF George Springer P Drew Rasmussen P Kevin Gausman SS Ben Williamson,,,
151,5205389318,Chadg20 (17/20),0,122.25,1B Kyle Stowers 2B Kody Clemens 3B Javier Sanoja C Ryan Jeffers OF Chandler Simpson OF Heriberto Hernandez OF Griffin Conine P Drew Rasmussen P Kevin Gausman SS Otto Lopez,,,
155,5205041347,rcarena (1/3),0,121.65,1B Ryan Vilade 2B Cole Young 3B Kazuma Okamoto C Cal Raleigh OF Randy Arozarena OF Julio Rodriguez OF Dominic Canzone P Logan Gilbert P Drew Rasmussen SS Javier Sanoja,,,
155,5205048039,rcarena (2/3),0,121.65,1B Ryan Vilade 2B Cole Young 3B Kazuma Okamoto C Cal Raleigh OF Randy Arozarena OF Julio Rodriguez OF Dominic Canzone P Logan Gilbert P Drew Rasmussen SS Javier Sanoja,,,
155,5205125344,curleeshu (1/5),0,121.65,1B Yandy Diaz 2B Ernie Clement 3B Bo Bichette C Alejandro Kirk OF George Springer OF Daulton Varsho OF Tyrone Taylor P Logan Gilbert P Drew Rasmussen SS Masyn Winn,,,
155,5205158114,j-wolf05 (7/20),0,121.65,1B Josh Naylor 2B Xavier Edwards 3B Leo Jimenez C Liam Hicks OF Randy Arozarena OF Dominic Canzone OF Heriberto Hernandez P Logan Gilbert P Drew Rasmussen SS Otto Lopez,,,
155,5205200449,rsumrall (7/20),0,121.65,1B Josh Naylor 2B Cole Young 3B Kazuma Okamoto C Mitch Garver OF Randy Arozarena OF Julio Rodriguez OF Daulton Varsho P Logan Gilbert P Drew Rasmussen SS Francisco Lindor,,,
155,5205337148,pete0six (14/20),0,121.65,1B Vladimir Guerrero Jr. 2B Luis Urias 3B Kazuma Okamoto C Cal Raleigh OF Julio Rodriguez OF Esteury Ruiz OF Griffin Conine P Logan Gilbert P Drew Rasmussen SS Otto Lopez,,,
155,5205432843,smk5430 (20/20),0,121.65,1B Kyle Stowers 2B Marcus Semien 3B Bo Bichette C Liam Hicks OF Carson Benge OF Heriberto Hernandez OF Griffin Conine P Logan Gilbert P Drew Rasmussen SS Otto Lopez,,,
155,5205466716,Blerud15 (7/20),0,121.65,1B Kyle Stowers 2B Xavier Edwards 3B Leo Jimenez C Cal Raleigh OF Randy Arozarena OF Julio Rodriguez OF Heriberto Hernandez P Logan Gilbert P Drew Rasmussen SS Javier Sanoja,,,
155,5205498815,TroyGilly91 (8/8),0,121.65,1B Kyle Stowers 2B Luis Urias 3B Javier Sanoja C Liam Hicks OF Jordan Walker OF Victor Mesa Jr. OF Heriberto Hernandez P Logan Gilbert P Drew Rasmussen SS Otto Lopez,,,
155,5205539045,BeliCheckYoSelf16,0,121.65,1B Kyle Stowers 2B Royce Lewis 3B Yandy Diaz C Liam Hicks OF George Springer OF Dominic Canzone OF Ryan Vilade P Logan Gilbert P Drew Rasmussen SS Javier Sanoja,,,
165,5205132394,KristianFTM (12/20),0,121.25,1B Josh Naylor 2B Kody Clemens 3B Brooks Lee C Mitch Garver OF Randy Arozarena OF Julio Rodriguez OF Dominic Canzone P Drew Rasmussen P Kevin Gausman SS Francisco Lindor,,,
165,5205415457,BuckeyeCity (3/20),0,121.25,1B Josh Naylor 2B Cole Young 3B Bo Bichette C Mitch Garver OF Randy Arozarena OF Julio Rodriguez OF A.J. Ewing P Drew Rasmussen P Kevin Gausman SS Francisco Lindor,,,
165,5205517809,ydoja2 (12/15),0,121.25,1B Josh Naylor 2B Royce Lewis 3B Brooks Lee C Ryan Jeffers OF Kody Clemens OF Julio Rodriguez OF Luke Keaschall P Drew Rasmussen P Kevin Gausman SS Javier Sanoja,,,
168,5205191702,cowboys767 (7/20),0,120.9,1B Kyle Stowers 2B Xavier Edwards 3B Javier Sanoja C Alejandro Kirk OF Julio Rodriguez OF George Springer OF Esteury Ruiz P Logan Gilbert P Kevin Gausman SS Otto Lopez,,,
169,5205191709,cowboys767 (14/20),0,120.8,1B Munetaka Murakami 2B Xavier Edwards 3B Javier Sanoja C Liam Hicks OF Randy Arozarena OF Sam Antonacci OF Esteury Ruiz P Logan Gilbert P Tyler Phillips SS Otto Lopez,,,
170,5205136285,Caryg07 (16/20),0,120.7,1B Alec Burleson 2B JJ Wetherholt 3B Javier Sanoja C Ivan Herrera OF Jordan Walker OF Lars Nootbaar OF Griffin Conine P Drew Rasmussen P Connor Prielipp SS Otto Lopez,,,
170,5205228661,Awalker3081 (2/20),0,120.7,1B Kyle Stowers 2B Marcus Semien 3B Junior Caminero C Liam Hicks OF George Springer OF Heriberto Hernandez OF Esteury Ruiz P Drew Rasmussen P Connor Prielipp SS Otto Lopez,,,
172,5204863216,jettyray (2/5),0,120.65,1B Vladimir Guerrero Jr. 2B Luis Urias 3B Junior Caminero C Liam Hicks OF Randy Arozarena OF Myles Straw OF Davis Schneider P Logan Gilbert P Drew Rasmussen SS Ernie Clement,,,
172,5205101731,welchy81 (8/20),0,120.65,1B Josh Naylor 2B Xavier Edwards 3B Javier Sanoja C Cal Raleigh OF Julio Rodriguez OF Dominic Canzone OF Esteury Ruiz P Logan Gilbert P Drew Rasmussen SS Otto Lopez,,,
172,5205170876,love245555 (17/20),0,120.65,1B Vladimir Guerrero Jr. 2B Luis Urias 3B Kazuma Okamoto C Alejandro Kirk OF Jordan Walker OF Randy Arozarena OF Davis Schneider P Logan Gilbert P Drew Rasmussen SS Masyn Winn,,,
172,5205251616,uvajay (9/20),0,120.65,1B Josh Naylor 2B Cole Young 3B Yandy Diaz C Mitch Garver OF Julio Rodriguez OF Jonny DeLuca OF Victor Mesa Jr. P Logan Gilbert P Drew Rasmussen SS Javier Sanoja,,,
172,5205346707,takeitdown2,0,120.65,1B Vladimir Guerrero Jr. 2B Ernie Clement 3B Weston Wilson C Cal Raleigh OF Randy Arozarena OF Heriberto Hernandez OF Esteury Ruiz P Logan Gilbert P Drew Rasmussen SS Francisco Lindor,,,
172,5205347374,chrispy2005 (12/20),0,120.65,1B Kyle Stowers 2B Xavier Edwards 3B Leo Jimenez C Ivan Herrera OF Randy Arozarena OF Lars Nootbaar OF Esteury Ruiz P Logan Gilbert P Drew Rasmussen SS Otto Lopez,,,
172,5205356507,lklk88088 (12/20),0,120.65,1B Alec Burleson 2B JJ Wetherholt 3B Blaze Jordan C Jimmy Crooks OF Randy Arozarena OF Julio Rodriguez OF Dominic Canzone P Logan Gilbert P Drew Rasmussen SS Masyn Winn,,,
172,5205432824,smk5430 (1/20),0,120.65,1B Kyle Stowers 2B Xavier Edwards 3B Weston Wilson C Liam Hicks OF Randy Arozarena OF Dominic Canzone OF Heriberto Hernandez P Logan Gilbert P Drew Rasmussen SS Otto Lopez,,,
180,5205107246,christiangideon (1/10),0,120.25,1B Jared Young 2B Luis Urias 3B Junior Caminero C Cal Raleigh OF Randy Arozarena OF George Springer OF Esteury Ruiz P Drew Rasmussen P Kevin Gausman SS Francisco Lindor,,,
180,5205214612,tpyo (7/20),0,120.25,1B Kyle Stowers 2B Kody Clemens 3B Yandy Diaz C Cal Raleigh OF Heriberto Hernandez OF Esteury Ruiz OF Griffin Conine P Drew Rasmussen P Kevin Gausman SS Otto Lopez,,,
180,5205356501,lklk88088 (6/20),0,120.25,1B Royce Lewis 2B Cole Young 3B Brooks Lee C Ryan Jeffers OF Randy Arozarena OF Julio Rodriguez OF Dominic Canzone P Drew Rasmussen P Kevin Gausman SS Colt Emerson,,,
180,5205466729,Blerud15 (20/20),0,120.25,1B Jared Young 2B Royce Lewis 3B Brooks Lee C Ryan Jeffers OF Randy Arozarena OF Julio Rodriguez OF Luke Keaschall P Drew Rasmussen P Kevin Gausman SS Ryan Kreidler,,,
180,5205524187,mattmoss12 (12/20),0,120.25,1B Kyle Stowers 2B Royce Lewis 3B Javier Sanoja C Ryan Jeffers OF Kody Clemens OF Heriberto Hernandez OF Esteury Ruiz P Drew Rasmussen P Kevin Gausman SS Otto Lopez,,,
185,5205192957,masonplays2014 (7/20),0,120,1B Munetaka Murakami 2B Xavier Edwards 3B Javier Sanoja C Cal Raleigh OF Randy Arozarena OF Esteury Ruiz OF Griffin Conine P Logan Gilbert P Quinn Mathews SS Otto Lopez,,,
186,5205170182,dlbell5848 (3/4),0,119.9,1B Kyle Stowers 2B Xavier Edwards 3B Javier Sanoja C Mitch Garver OF Randy Arozarena OF Heriberto Hernandez OF Esteury Ruiz P Logan Gilbert P Kevin Gausman SS Francisco Lindor,,,
186,5205454027,Juan1226 (4/20),0,119.9,1B Kyle Stowers 2B Xavier Edwards 3B Javier Sanoja C Cal Raleigh OF Randy Arozarena OF George Springer OF Heriberto Hernandez P Logan Gilbert P Kevin Gausman SS Otto Lopez,,,
186,5205497623,FunkyKong (5/12),0,119.9,1B Kyle Stowers 2B Xavier Edwards 3B Javier Sanoja C Cal Raleigh OF Randy Arozarena OF George Springer OF Heriberto Hernandez P Logan Gilbert P Kevin Gausman SS Otto Lopez,,,
186,5205524109,xTRISKITx (9/20),0,119.9,1B Vladimir Guerrero Jr. 2B Xavier Edwards 3B Javier Sanoja C Alejandro Kirk OF George Springer OF Heriberto Hernandez OF Esteury Ruiz P Logan Gilbert P Kevin Gausman SS Otto Lopez,,,
190,5205027736,pickens81 (1/5),0,119.7,1B Alec Burleson 2B Royce Lewis 3B Brooks Lee C Ryan Jeffers OF Trevor Larnach OF Heriberto Hernandez OF Luke Keaschall P Drew Rasmussen P Connor Prielipp SS Otto Lopez,,,
191,5204986656,Wizan (1/2),0,119.65,1B Kyle Stowers 2B Cole Young 3B Leo Jimenez C Cal Raleigh OF Randy Arozarena OF Julio Rodriguez OF Nathan Church P Logan Gilbert P Drew Rasmussen SS Otto Lopez,,,
191,5205025426,tbjones2121 (18/20),0,119.65,1B Kyle Stowers 2B Xavier Edwards 3B Javier Sanoja C Liam Hicks OF A.J. Ewing OF Carson Benge OF Esteury Ruiz P Logan Gilbert P Drew Rasmussen SS Francisco Lindor,,,
191,5205200456,rsumrall (14/20),0,119.65,1B Kyle Stowers 2B Xavier Edwards 3B Javier Sanoja C Cal Raleigh OF Julio Rodriguez OF Dominic Canzone OF Esteury Ruiz P Logan Gilbert P Drew Rasmussen SS Otto Lopez,,,
191,5205232956,madballnj (1/20),0,119.65,1B Vladimir Guerrero Jr. 2B Luis Urias 3B Kazuma Okamoto C Alejandro Kirk OF George Springer OF Heriberto Hernandez OF Tyrone Taylor P Logan Gilbert P Drew Rasmussen SS Francisco Lindor,,,
191,5205320677,Velllo (16/20),0,119.65,1B Kyle Stowers 2B Xavier Edwards 3B Javier Sanoja C Cal Raleigh OF Julio Rodriguez OF Dominic Canzone OF Esteury Ruiz P Logan Gilbert P Drew Rasmussen SS Otto Lopez,,,
191,5205364086,zandwich (13/20),0,119.65,1B Kyle Stowers 2B Brett Baty 3B Leo Jimenez C Alejandro Kirk OF Julio Rodriguez OF George Springer OF Esteury Ruiz P Logan Gilbert P Drew Rasmussen SS Otto Lopez,,,
191,5205370878,Marble2311,0,119.65,1B Jonathan Aranda 2B Richie Palacios 3B Yandy Diaz C Nick Fortes OF Randy Arozarena OF Julio Rodriguez OF Griffin Conine P Logan Gilbert P Drew Rasmussen SS Ryan Kreidler,,,
191,5205399750,robertmiller2426,0,119.65,1B Josh Naylor 2B Xavier Edwards 3B Blaze Jordan C Edgar Quero OF Jordan Walker OF Randy Arozarena OF Julio Rodriguez P Logan Gilbert P Drew Rasmussen SS Ernie Clement,,,
191,5205474171,ballaholick713 (14/20),0,119.65,1B Vladimir Guerrero Jr. 2B Cole Young 3B Weston Wilson C Alejandro Kirk OF Jordan Walker OF Randy Arozarena OF Dominic Canzone P Logan Gilbert P Drew Rasmussen SS Colt Emerson,,,
191,5205517305,bhess777 (10/20),0,119.65,1B Alec Burleson 2B Luis Urias 3B Kazuma Okamoto C Liam Hicks OF A.J. Ewing OF Heriberto Hernandez OF Griffin Conine P Logan Gilbert P Drew Rasmussen SS Otto Lopez,,,
201,5204944092,Sammy.Boy (1/20),0,119.25,1B Royce Lewis 2B Cole Young 3B Brooks Lee C Cal Raleigh OF Randy Arozarena OF Julio Rodriguez OF Dominic Canzone P Drew Rasmussen P Kevin Gausman SS Ryan Kreidler,,,
201,5205285039,mrclean913 (14/20),0,119.25,1B Kyle Stowers 2B Xavier Edwards 3B Brooks Lee C Ryan Jeffers OF A.J. Ewing OF Esteury Ruiz OF Griffin Conine P Drew Rasmussen P Kevin Gausman SS Otto Lopez,,,
201,5205405189,SpeedRacer101 (19/20),0,119.25,1B Josh Naylor 2B Royce Lewis 3B Brooks Lee C Mitch Garver OF Kody Clemens OF Randy Arozarena OF Julio Rodriguez P Drew Rasmussen P Kevin Gausman SS Colt Emerson,,,
201,5205465870,BigMart11 (5/20),0,119.25,1B Josh Naylor 2B Cole Young 3B Weston Wilson C Ryan Jeffers OF Randy Arozarena OF Dominic Canzone OF Heriberto Hernandez P Drew Rasmussen P Kevin Gausman SS Otto Lopez,,,
205,5205245583,blakemoore15 (3/5),0,119.15,1B Yandy Diaz 2B Luis Urias 3B Junior Caminero C Alejandro Kirk OF Randy Arozarena OF George Springer OF Chandler Simpson P Drew Rasmussen P Tyler Phillips SS Ernie Clement,,,
206,5205033010,AverageTuesday (3/20),0,118.7,1B Royce Lewis 2B Kody Clemens 3B Brooks Lee C Ryan Jeffers OF Trevor Larnach OF Heriberto Hernandez OF Griffin Conine P Drew Rasmussen P Connor Prielipp SS Otto Lopez,,,
206,5205173860,ttillie (10/20),0,118.7,1B Vladimir Guerrero Jr. 2B Luis Urias 3B Yandy Diaz C Ivan Herrera OF Jordan Walker OF George Springer OF Tyrone Taylor P Drew Rasmussen P Connor Prielipp SS Otto Lopez,,,
208,5204944105,Sammy.Boy (14/20),0,118.65,1B Kyle Stowers 2B Cole Young 3B Weston Wilson C Mitch Garver OF Randy Arozarena OF Julio Rodriguez OF A.J. Ewing P Logan Gilbert P Drew Rasmussen SS Francisco Lindor,,,
208,5205136275,Caryg07 (6/20),0,118.65,1B Alec Burleson 2B Xavier Edwards 3B Blaze Jordan C Liam Hicks OF A.J. Ewing OF Heriberto Hernandez OF Esteury Ruiz P Logan Gilbert P Drew Rasmussen SS Otto Lopez,,,
208,5205183720,19murphy82,0,118.65,1B Vladimir Guerrero Jr. 2B Luis Urias 3B Yandy Diaz C Cal Raleigh OF Randy Arozarena OF Esteury Ruiz OF Weston Wilson P Logan Gilbert P Drew Rasmussen SS Ernie Clement,,,
208,5205291402,meyers2305 (3/20),0,118.65,1B Kyle Stowers 2B Xavier Edwards 3B Junior Caminero C Alejandro Kirk OF Heriberto Hernandez OF Esteury Ruiz OF Daulton Varsho P Logan Gilbert P Drew Rasmussen SS Javier Sanoja,,,
208,5205347382,chrispy2005 (20/20),0,118.65,1B Alec Burleson 2B Luis Urias 3B Blaze Jordan C Ivan Herrera OF Julio Rodriguez OF Lars Nootbaar OF Esteury Ruiz P Logan Gilbert P Drew Rasmussen SS Otto Lopez,,,
208,5205504309,lilmaryy (5/10),0,118.65,1B Josh Naylor 2B Marcus Semien 3B Kazuma Okamoto C Cal Raleigh OF Randy Arozarena OF Dominic Canzone OF Tyrone Taylor P Logan Gilbert P Drew Rasmussen SS Francisco Lindor,,,
208,5205517744,Schlaurizzle (7/20),0,118.65,1B Vladimir Guerrero Jr. 2B Marcus Semien 3B Bo Bichette C Alejandro Kirk OF George Springer OF Carson Benge OF Tyrone Taylor P Logan Gilbert P Drew Rasmussen SS Francisco Lindor,,,
208,5205524107,xTRISKITx (7/20),0,118.65,1B Vladimir Guerrero Jr. 2B Luis Urias 3B Kazuma Okamoto C Alejandro Kirk OF Heriberto Hernandez OF Daulton Varsho OF Griffin Conine P Logan Gilbert P Drew Rasmussen SS Otto Lopez,,,
216,5204997412,Gabe57 (18/19),0,118.35,1B Josh Naylor 2B Xavier Edwards 3B Javier Sanoja C Liam Hicks OF Randy Arozarena OF Julio Rodriguez OF Chandler Simpson P Logan Gilbert P Connor Prielipp SS Otto Lopez,,,
217,5205251627,uvajay (20/20),0,118.25,1B Kyle Stowers 2B Kody Clemens 3B Javier Sanoja C Ryan Jeffers OF Carson Benge OF Heriberto Hernandez OF Esteury Ruiz P Drew Rasmussen P Kevin Gausman SS Otto Lopez,,,
217,5205389305,Chadg20 (4/20),0,118.25,1B Kyle Stowers 2B Xavier Edwards 3B Bo Bichette C Liam Hicks OF George Springer OF A.J. Ewing OF Esteury Ruiz P Drew Rasmussen P Kevin Gausman SS Otto Lopez,,,
217,5205466715,Blerud15 (6/20),0,118.25,1B Vladimir Guerrero Jr. 2B Royce Lewis 3B Brooks Lee C Cal Raleigh OF Julio Rodriguez OF Trevor Larnach OF Luke Keaschall P Drew Rasmussen P Kevin Gausman SS Ryan Kreidler,,,
220,5205192956,masonplays2014 (6/20),0,117.9,1B Vladimir Guerrero Jr. 2B Xavier Edwards 3B Javier Sanoja C Liam Hicks OF George Springer OF Heriberto Hernandez OF Esteury Ruiz P Logan Gilbert P Kevin Gausman SS Francisco Lindor,,,
221,5204867943,mga120 (14/20),0,117.7,1B Alec Burleson 2B JJ Wetherholt 3B Blaze Jordan C Alejandro Kirk OF Jordan Walker OF George Springer OF Luke Keaschall P Drew Rasmussen P Connor Prielipp SS Masyn Winn,,,
221,5205282939,rschindler14 (19/20),0,117.7,1B Vladimir Guerrero Jr. 2B Kody Clemens 3B Brooks Lee C Victor Caratini OF George Springer OF Trevor Larnach OF Luke Keaschall P Drew Rasmussen P Connor Prielipp SS Francisco Lindor,,,
221,5205517313,bhess777 (18/20),0,117.7,1B Alec Burleson 2B Xavier Edwards 3B Junior Caminero C Liam Hicks OF Chandler Simpson OF Esteury Ruiz OF Griffin Conine P Drew Rasmussen P Connor Prielipp SS Otto Lopez,,,
224,5204788758,ivymoose (20/20),0,117.65,1B Alec Burleson 2B Cole Young 3B Weston Wilson C Ivan Herrera OF Randy Arozarena OF Julio Rodriguez OF Lars Nootbaar P Logan Gilbert P Drew Rasmussen SS Colt Emerson,,,
224,5204840874,kage12,0,117.65,1B Josh Naylor 2B Cole Young 3B Bo Bichette C Luis Torrens OF Randy Arozarena OF Julio Rodriguez OF Dominic Canzone P Logan Gilbert P Drew Rasmussen SS Francisco Lindor,,,
224,5204867932,mga120 (3/20),0,117.65,1B Alec Burleson 2B Marcus Semien 3B Brett Baty C Ivan Herrera OF Julio Rodriguez OF George Springer OF Tyrone Taylor P Logan Gilbert P Drew Rasmussen SS Francisco Lindor,,,
224,5204944102,Sammy.Boy (11/20),0,117.65,1B Alec Burleson 2B Xavier Edwards 3B Leo Jimenez C Liam Hicks OF Julio Rodriguez OF Heriberto Hernandez OF Tyrone Taylor P Logan Gilbert P Drew Rasmussen SS Otto Lopez,,,
224,5205027740,pickens81 (5/5),0,117.65,1B Kyle Stowers 2B Xavier Edwards 3B Javier Sanoja C Cal Raleigh OF A.J. Ewing OF Heriberto Hernandez OF Tyrone Taylor P Logan Gilbert P Drew Rasmussen SS Otto Lopez,,,
224,5205152532,kafedaiv (13/20),0,117.65,1B Kyle Stowers 2B Cole Young 3B Kazuma Okamoto C Nick Fortes OF Randy Arozarena OF Julio Rodriguez OF Cedric Mullins P Logan Gilbert P Drew Rasmussen SS Masyn Winn,,,
224,5205251611,uvajay (4/20),0,117.65,1B Kyle Stowers 2B Xavier Edwards 3B Leo Jimenez C Mitch Garver OF Randy Arozarena OF Julio Rodriguez OF Heriberto Hernandez P Logan Gilbert P Drew Rasmussen SS Otto Lopez,,,
224,5205276564,HockeyCardsPlus (9/20),0,117.65,1B Jared Young 2B Cole Young 3B Bo Bichette C Cal Raleigh OF Randy Arozarena OF A.J. Ewing OF Tyrone Taylor P Logan Gilbert P Drew Rasmussen SS Francisco Lindor,,,
224,5205291412,meyers2305 (13/20),0,117.65,1B Vladimir Guerrero Jr. 2B Xavier Edwards 3B Javier Sanoja C Cal Raleigh OF Carson Benge OF Heriberto Hernandez OF Esteury Ruiz P Logan Gilbert P Drew Rasmussen SS Otto Lopez,,,
224,5205328108,gomh16,0,117.65,1B Vladimir Guerrero Jr. 2B Luis Urias 3B Kazuma Okamoto C Alejandro Kirk OF Randy Arozarena OF Victor Mesa Jr. OF Daulton Varsho P Logan Gilbert P Drew Rasmussen SS Otto Lopez,,,
224,5205337151,pete0six (17/20),0,117.65,1B Alec Burleson 2B Marcus Semien 3B Brett Baty C Cal Raleigh OF Randy Arozarena OF A.J. Ewing OF Tyrone Taylor P Logan Gilbert P Drew Rasmussen SS Francisco Lindor,,,
224,5205371378,Abc1289 (2/20),0,117.65,1B Josh Naylor 2B Cole Young 3B Yandy Diaz C Cal Raleigh OF Julio Rodriguez OF Dominic Canzone OF Heriberto Hernandez P Logan Gilbert P Drew Rasmussen SS Javier Sanoja,,,
224,5205415474,BuckeyeCity (20/20),0,117.65,1B Jared Young 2B Cole Young 3B Bo Bichette C Cal Raleigh OF Randy Arozarena OF Carson Benge OF Tyrone Taylor P Logan Gilbert P Drew Rasmussen SS Francisco Lindor,,,
224,5205440935,DefendFreedom (14/20),0,117.65,1B Kyle Stowers 2B Luis Urias 3B Blaze Jordan C Liam Hicks OF Julio Rodriguez OF Dominic Canzone OF Heriberto Hernandez P Logan Gilbert P Drew Rasmussen SS Otto Lopez,,,
224,5205524183,mattmoss12 (8/20),0,117.65,1B Alec Burleson 2B Cole Young 3B Weston Wilson C Jimmy Crooks OF Randy Arozarena OF Julio Rodriguez OF Dominic Canzone P Logan Gilbert P Drew Rasmussen SS Francisco Lindor,,,
239,5205019431,Schoey17 (1/4),0,117.25,1B Victor Caratini 2B Cole Young 3B Brooks Lee C Ryan Jeffers OF Randy Arozarena OF Julio Rodriguez OF Dominic Canzone P Drew Rasmussen P Kevin Gausman SS Ryan Kreidler,,,
239,5205183606,jnwallen (3/20),0,117.25,1B Kyle Stowers 2B Cole Young 3B Weston Wilson C Cal Raleigh OF Randy Arozarena OF Dominic Canzone OF Heriberto Hernandez P Drew Rasmussen P Kevin Gausman SS Otto Lopez,,,
239,5205467539,Dricou (3/5),0,117.25,1B Josh Naylor 2B Cole Young 3B Bo Bichette C Cal Raleigh OF Randy Arozarena OF Julio Rodriguez OF A.J. Ewing P Drew Rasmussen P Kevin Gausman SS Francisco Lindor,,,
239,5205496807,raiderras,0,117.25,1B Ryan Vilade 2B Cole Young 3B Yandy Diaz C Liam Hicks OF Randy Arozarena OF A.J. Ewing OF Carson Benge P Drew Rasmussen P Kevin Gausman SS Ernie Clement,,,
243,5205152526,kafedaiv (7/20),0,117.15,1B Vladimir Guerrero Jr. 2B Davis Schneider 3B Junior Caminero C Liam Hicks OF Jordan Walker OF George Springer OF Trevor Larnach P Drew Rasmussen P Tyler Phillips SS Ernie Clement,,,
244,5205201425,squatman2008 (5/5),0,116.9,1B Yandy Diaz 2B Luis Urias 3B Junior Caminero C Cal Raleigh OF Randy Arozarena OF Heriberto Hernandez OF Tyrone Taylor P Logan Gilbert P Kevin Gausman SS Javier Sanoja,,,
244,5205491423,Discostupendously (4/10),0,116.9,1B Kyle Stowers 2B Marcus Semien 3B Junior Caminero C Cal Raleigh OF Randy Arozarena OF Heriberto Hernandez OF Esteury Ruiz P Logan Gilbert P Kevin Gausman SS Javier Sanoja,,,
246,5204944106,Sammy.Boy (15/20),0,116.7,1B Alec Burleson 2B JJ Wetherholt 3B Javier Sanoja C Ivan Herrera OF Jordan Walker OF Lars Nootbaar OF Esteury Ruiz P Drew Rasmussen P Connor Prielipp SS Otto Lopez,,,
247,5204992308,Boneyball1018 (1/8),0,116.65,1B Yandy Diaz 2B Brett Baty 3B Blaze Jordan C Jimmy Crooks OF Jordan Walker OF Randy Arozarena OF Daulton Varsho P Logan Gilbert P Drew Rasmussen SS Otto Lopez,,,
247,5205019844,hunchoharry (15/20),0,116.65,1B Jared Young 2B Cole Young 3B Blaze Jordan C Cal Raleigh OF Randy Arozarena OF Julio Rodriguez OF Dominic Canzone P Logan Gilbert P Drew Rasmussen SS Francisco Lindor,,,
247,5205173861,ttillie (11/20),0,116.65,1B Ryan Vilade 2B Luis Urias 3B Yandy Diaz C Luis Torrens OF Jordan Walker OF Randy Arozarena OF Tyrone Taylor P Logan Gilbert P Drew Rasmussen SS Francisco Lindor,,,
247,5205192955,masonplays2014 (5/20),0,116.65,1B Kyle Stowers 2B Xavier Edwards 3B Bo Bichette C Liam Hicks OF A.J. Ewing OF Esteury Ruiz OF Tyrone Taylor P Logan Gilbert P Drew Rasmussen SS Francisco Lindor,,,
247,5205204298,JcClark18 (13/20),0,116.65,1B Kyle Stowers 2B Xavier Edwards 3B Weston Wilson C Liam Hicks OF Julio Rodriguez OF Dominic Canzone OF Griffin Conine P Logan Gilbert P Drew Rasmussen SS Otto Lopez,,,
247,5205365150,chiguyfran,0,116.65,1B Ryan Vilade 2B Luis Urias 3B Kazuma Okamoto C Alejandro Kirk OF Randy Arozarena OF Julio Rodriguez OF Carson Benge P Logan Gilbert P Drew Rasmussen SS Otto Lopez,,,
247,5205400367,Krystalizer,0,116.65,1B Jared Young 2B Luis Urias 3B Kazuma Okamoto C Alejandro Kirk OF Randy Arozarena OF Julio Rodriguez OF A.J. Ewing P Logan Gilbert P Drew Rasmussen SS Otto Lopez,,,
247,5205406854,james_thiel (5/20),0,116.65,1B Vladimir Guerrero Jr. 2B Luis Urias 3B Kazuma Okamoto C Cal Raleigh OF Randy Arozarena OF George Springer OF Davis Schneider P Logan Gilbert P Drew Rasmussen SS Francisco Lindor,,,
247,5205415470,BuckeyeCity (16/20),0,116.65,1B Alec Burleson 2B JJ Wetherholt 3B Kazuma Okamoto C Alejandro Kirk OF George Springer OF Daulton Varsho OF Myles Straw P Logan Gilbert P Drew Rasmussen SS Javier Sanoja,,,
247,5205454026,Juan1226 (3/20),0,116.65,1B Vladimir Guerrero Jr. 2B Luis Urias 3B Kazuma Okamoto C Cal Raleigh OF Randy Arozarena OF George Springer OF Davis Schneider P Logan Gilbert P Drew Rasmussen SS Francisco Lindor,,,
247,5205467192,betto44,0,116.65,1B Josh Naylor 2B Xavier Edwards 3B Kazuma Okamoto C Liam Hicks OF Randy Arozarena OF Braden Montgomery OF Luke Keaschall P Logan Gilbert P Drew Rasmussen SS Ben Williamson,,,
247,5205473656,henry296 (20/20),0,116.65,1B Vladimir Guerrero Jr. 2B Luis Urias 3B Bo Bichette C Luis Torrens OF Randy Arozarena OF George Springer OF A.J. Ewing P Logan Gilbert P Drew Rasmussen SS Francisco Lindor,,,
247,5205540430,bellsofwar3 (2/14),0,116.65,1B Kyle Stowers 2B Ernie Clement 3B Kazuma Okamoto C Liam Hicks OF Heriberto Hernandez OF Esteury Ruiz OF Daulton Varsho P Logan Gilbert P Drew Rasmussen SS Otto Lopez,,,
260,5205321778,showbizliz,0,116.35,1B Vladimir Guerrero Jr. 2B Brett Baty 3B Brooks Lee C Cal Raleigh OF Jordan Walker OF Randy Arozarena OF George Springer P Drew Rasmussen P Quinn Mathews SS Masyn Winn,,,
261,5205061071,mrxkronz (1/2),0,116.25,1B Kyle Stowers 2B Xavier Edwards 3B Leo Jimenez C Alejandro Kirk OF Kody Clemens OF Randy Arozarena OF Julio Rodriguez P Drew Rasmussen P Kevin Gausman SS Otto Lopez,,,
261,5205102436,tshonts3 (2/5),0,116.25,1B Vladimir Guerrero Jr. 2B Luis Urias 3B Kazuma Okamoto C Alejandro Kirk OF Kody Clemens OF Randy Arozarena OF Julio Rodriguez P Drew Rasmussen P Kevin Gausman SS Ernie Clement,,,
261,5205107545,mac111,0,116.25,1B Ryan Vilade 2B Xavier Edwards 3B Kazuma Okamoto C Alejandro Kirk OF Randy Arozarena OF George Springer OF Jonny DeLuca P Drew Rasmussen P Kevin Gausman SS Ernie Clement,,,
261,5205136272,Caryg07 (3/20),0,116.25,1B Victor Caratini 2B Kody Clemens 3B Brooks Lee C Ryan Jeffers OF Randy Arozarena OF Trevor Larnach OF Dominic Canzone P Drew Rasmussen P Kevin Gausman SS Colt Emerson,,,
261,5205192954,masonplays2014 (4/20),0,116.25,1B Josh Naylor 2B Royce Lewis 3B Brooks Lee C Victor Caratini OF Julio Rodriguez OF Trevor Larnach OF Dominic Canzone P Drew Rasmussen P Kevin Gausman SS Otto Lopez,,,
261,5205274761,kreller17 (12/20),0,116.25,1B Kyle Stowers 2B Royce Lewis 3B Javier Sanoja C Ryan Jeffers OF Kody Clemens OF Heriberto Hernandez OF Tyrone Taylor P Drew Rasmussen P Kevin Gausman SS Francisco Lindor,,,
261,5205356505,lklk88088 (10/20),0,116.25,1B Josh Naylor 2B Xavier Edwards 3B Junior Caminero C Liam Hicks OF Dominic Canzone OF Heriberto Hernandez OF Griffin Conine P Drew Rasmussen P Kevin Gausman SS Otto Lopez,,,
261,5205466711,Blerud15 (2/20),0,116.25,1B Royce Lewis 2B Cole Young 3B Brooks Lee C Cal Raleigh OF Julio Rodriguez OF Dominic Canzone OF Luke Keaschall P Drew Rasmussen P Kevin Gausman SS Otto Lopez,,,
261,5205524178,mattmoss12 (3/20),0,116.25,1B Jared Young 2B Cole Young 3B Yandy Diaz C Cal Raleigh OF Randy Arozarena OF Julio Rodriguez OF Heriberto Hernandez P Drew Rasmussen P Kevin Gausman SS Francisco Lindor,,,
261,5205531647,peteram,0,116.25,1B Ryan Vilade 2B Luis Urias 3B Yandy Diaz C Ivan Herrera OF Randy Arozarena OF Sam Antonacci OF George Springer P Drew Rasmussen P Kevin Gausman SS Francisco Lindor,,,
271,5205055998,mythicalrhymer01 (3/3),0,115.9,1B Vladimir Guerrero Jr. 2B Luis Urias 3B Kazuma Okamoto C Alejandro Kirk OF Randy Arozarena OF George Springer OF Heriberto Hernandez P Logan Gilbert P Kevin Gausman SS Otto Lopez,,,
271,5205101737,welchy81 (14/20),0,115.9,1B Kyle Stowers 2B Xavier Edwards 3B Javier Sanoja C Cal Raleigh OF Randy Arozarena OF Jonny DeLuca OF Heriberto Hernandez P Logan Gilbert P Kevin Gausman SS Otto Lopez,,,
271,5205153229,titanhawks (1/2),0,115.9,1B Vladimir Guerrero Jr. 2B Luis Urias 3B Yandy Diaz C Cal Raleigh OF Randy Arozarena OF Julio Rodriguez OF Heriberto Hernandez P Logan Gilbert P Kevin Gausman SS Javier Sanoja,,,
271,5205187572,WILDCATBALLERS (1/20),0,115.9,1B Vladimir Guerrero Jr. 2B Luis Urias 3B Yandy Diaz C Cal Raleigh OF Randy Arozarena OF Julio Rodriguez OF Heriberto Hernandez P Logan Gilbert P Kevin Gausman SS Javier Sanoja,,,
271,5205454038,Juan1226 (15/20),0,115.9,1B Vladimir Guerrero Jr. 2B Xavier Edwards 3B Kazuma Okamoto C Liam Hicks OF George Springer OF Esteury Ruiz OF Griffin Conine P Logan Gilbert P Kevin Gausman SS Otto Lopez,,,
271,5205505190,KingTerryPegula (7/20),0,115.9,1B Kyle Stowers 2B Cole Young 3B Miguel Vargas C Liam Hicks OF Jonny DeLuca OF Esteury Ruiz OF Griffin Conine P Logan Gilbert P Kevin Gausman SS Francisco Lindor,,,
271,5205524192,mattmoss12 (17/20),0,115.9,1B Vladimir Guerrero Jr. 2B Luis Urias 3B Kazuma Okamoto C Alejandro Kirk OF Randy Arozarena OF George Springer OF Heriberto Hernandez P Logan Gilbert P Kevin Gausman SS Otto Lopez,,,
278,5205171426,wattsmax,0,115.7,1B Yandy Diaz 2B Jadher Areinamo 3B Junior Caminero C Victor Caratini OF Randy Arozarena OF George Springer OF Jonny DeLuca P Drew Rasmussen P Connor Prielipp SS Otto Lopez,,,
278,5205474165,ballaholick713 (8/20),0,115.7,1B Vladimir Guerrero Jr. 2B Ernie Clement 3B Kazuma Okamoto C Alejandro Kirk OF Jordan Walker OF George Springer OF Esteury Ruiz P Drew Rasmussen P Connor Prielipp SS Otto Lopez,,,
280,5204944107,Sammy.Boy (16/20),0,115.65,1B Vladimir Guerrero Jr. 2B Luis Urias 3B Kazuma Okamoto C Alejandro Kirk OF Randy Arozarena OF Carson Benge OF Daulton Varsho P Logan Gilbert P Drew Rasmussen SS Francisco Lindor,,,
280,5205170181,dlbell5848 (2/4),0,115.65,1B Alec Burleson 2B Luis Urias 3B Blaze Jordan C Ivan Herrera OF Jordan Walker OF Heriberto Hernandez OF Lars Nootbaar P Logan Gilbert P Drew Rasmussen SS Javier Sanoja,,,
280,5205173864,ttillie (14/20),0,115.65,1B Alec Burleson 2B Luis Urias 3B Bo Bichette C Luis Torrens OF Randy Arozarena OF Dominic Canzone OF Heriberto Hernandez P Logan Gilbert P Drew Rasmussen SS Otto Lopez,,,
280,5205371390,Abc1289 (14/20),0,115.65,1B Josh Naylor 2B Cole Young 3B Weston Wilson C Ivan Herrera OF Jordan Walker OF Julio Rodriguez OF Dominic Canzone P Logan Gilbert P Drew Rasmussen SS Javier Sanoja,,,
280,5205431559,WunstaGuy (5/20),0,115.65,1B Jared Young 2B Marcus Semien 3B Junior Caminero C Mitch Garver OF Randy Arozarena OF Carson Benge OF Tyrone Taylor P Logan Gilbert P Drew Rasmussen SS Francisco Lindor,,,
280,5205504043,sportsfan14 (5/20),0,115.65,1B Vladimir Guerrero Jr. 2B Luis Urias 3B Blaze Jordan C Alejandro Kirk OF Jordan Walker OF George Springer OF Myles Straw P Logan Gilbert P Drew Rasmussen SS Francisco Lindor,,,
280,5205510862,dfwinscom (5/20),0,115.65,1B Vladimir Guerrero Jr. 2B Luis Urias 3B Kazuma Okamoto C Alejandro Kirk OF Randy Arozarena OF Carson Benge OF Daulton Varsho P Logan Gilbert P Drew Rasmussen SS Francisco Lindor,,,
280,5205524116,xTRISKITx (16/20),0,115.65,1B Vladimir Guerrero Jr. 2B Luis Urias 3B Yandy Diaz C Ivan Herrera OF George Springer OF Heriberto Hernandez OF Myles Straw P Logan Gilbert P Drew Rasmussen SS Otto Lopez,,,
280,5205534626,eagles5016 (3/20),0,115.65,1B Kyle Stowers 2B Brett Baty 3B Bo Bichette C Cal Raleigh OF Randy Arozarena OF Dominic Canzone OF Tyrone Taylor P Logan Gilbert P Drew Rasmussen SS Francisco Lindor,,,
289,5205114980,Navare1212 (1/13),0,115.35,1B Josh Naylor 2B Cole Young 3B Junior Caminero C Nick Fortes OF Randy Arozarena OF Julio Rodriguez OF A.J. Ewing P Drew Rasmussen P Quinn Mathews SS Otto Lopez,,,
290,5205214609,tpyo (4/20),0,115.25,1B Jared Young 2B Marcus Semien 3B Yandy Diaz C Ryan Jeffers OF Randy Arozarena OF A.J. Ewing OF Tyrone Taylor P Drew Rasmussen P Kevin Gausman SS Francisco Lindor,,,
290,5205256853,chicksdigthewongball (9/20),0,115.25,1B Vladimir Guerrero Jr. 2B Luis Urias 3B Kazuma Okamoto C Cal Raleigh OF Randy Arozarena OF Julio Rodriguez OF Dominic Canzone P Drew Rasmussen P Kevin Gausman SS Otto Lopez,,,
290,5205285035,mrclean913 (10/20),0,115.25,1B Vladimir Guerrero Jr. 2B Ernie Clement 3B Kazuma Okamoto C Liam Hicks OF George Springer OF Heriberto Hernandez OF Daulton Varsho P Drew Rasmussen P Kevin Gausman SS Otto Lopez,,,
290,5205364081,zandwich (8/20),0,115.25,1B Yandy Diaz 2B Cole Young 3B Junior Caminero C Nick Fortes OF Randy Arozarena OF Victor Mesa Jr. OF Tyrone Taylor P Drew Rasmussen P Kevin Gausman SS Taylor Walls,,,
290,5205416977,Navare1212 (11/13),0,115.25,1B Royce Lewis 2B Luis Urias 3B Kazuma Okamoto C Cal Raleigh OF Kody Clemens OF Randy Arozarena OF George Springer P Drew Rasmussen P Kevin Gausman SS Otto Lopez,,,
290,5205467537,Dricou (1/5),0,115.25,1B Royce Lewis 2B Cole Young 3B Bo Bichette C Cal Raleigh OF Randy Arozarena OF Julio Rodriguez OF Dominic Canzone P Drew Rasmussen P Kevin Gausman SS Francisco Lindor,,,
290,5205510863,dfwinscom (6/20),0,115.25,1B Vladimir Guerrero Jr. 2B Davis Schneider 3B Kazuma Okamoto C Cal Raleigh OF Randy Arozarena OF George Springer OF Daulton Varsho P Drew Rasmussen P Kevin Gausman SS Francisco Lindor,,,
297,5205262407,Tmart2170,0,115,1B Vladimir Guerrero Jr. 2B Luis Urias 3B Yandy Diaz C Nick Fortes OF Randy Arozarena OF Julio Rodriguez OF George Springer P Drew Rasmussen P Zac Thornton SS Francisco Lindor,,,
298,5205123398,az350z (1/20),0,114.9,1B Munetaka Murakami 2B Luis Urias 3B Javier Sanoja C Liam Hicks OF Sam Antonacci OF Heriberto Hernandez OF Griffin Conine P Logan Gilbert P Kevin Gausman SS Otto Lopez,,,
298,5205204418,UniversalFriend (13/20),0,114.9,1B Kyle Stowers 2B Cole Young 3B Javier Sanoja C Cal Raleigh OF Julio Rodriguez OF Heriberto Hernandez OF Esteury Ruiz P Logan Gilbert P Kevin Gausman SS Otto Lopez,,,
298,5205458359,ac919 (6/7),0,114.9,1B Vladimir Guerrero Jr. 2B Luis Urias 3B Kazuma Okamoto C Cal Raleigh OF Randy Arozarena OF George Springer OF Esteury Ruiz P Logan Gilbert P Kevin Gausman SS Otto Lopez,,,
301,5205415458,BuckeyeCity (4/20),0,114.7,1B Royce Lewis 2B Kody Clemens 3B Brooks Lee C Ryan Jeffers OF Trevor Larnach OF Heriberto Hernandez OF Esteury Ruiz P Drew Rasmussen P Connor Prielipp SS Otto Lopez,,,
301,5205458354,ac919 (1/7),0,114.7,1B Vladimir Guerrero Jr. 2B JJ Wetherholt 3B Kazuma Okamoto C Alejandro Kirk OF George Springer OF Trevor Larnach OF Heriberto Hernandez P Drew Rasmussen P Connor Prielipp SS Otto Lopez,,,
301,5205529379,texasnumbercruncher (4/20),0,114.7,1B Kyle Stowers 2B Xavier Edwards 3B Javier Sanoja C Ryan Jeffers OF Jordan Walker OF Heriberto Hernandez OF Tyrone Taylor P Drew Rasmussen P Connor Prielipp SS Otto Lopez,,,
304,5205019433,Schoey17 (3/4),0,114.65,1B Vladimir Guerrero Jr. 2B Luis Urias 3B Kazuma Okamoto C Alejandro Kirk OF Jordan Walker OF Daulton Varsho OF Tyrone Taylor P Logan Gilbert P Drew Rasmussen SS Otto Lopez,,,
304,5205029712,RFinch_Kings,0,114.65,1B Josh Naylor 2B Chase Meidroth 3B Bo Bichette C Nick Fortes OF Randy Arozarena OF Jonny DeLuca OF Daulton Varsho P Logan Gilbert P Drew Rasmussen SS Francisco Lindor,,,
304,5205090276,drunkonpappy (2/20),0,114.65,1B Vladimir Guerrero Jr. 2B Luis Urias 3B Kazuma Okamoto C Cal Raleigh OF George Springer OF Heriberto Hernandez OF Esteury Ruiz P Logan Gilbert P Drew Rasmussen SS Otto Lopez,,,
304,5205127538,bigtee73,0,114.65,1B Yandy Diaz 2B Luis Urias 3B Junior Caminero C Alejandro Kirk OF George Springer OF Daulton Varsho OF Ryan Vilade P Logan Gilbert P Drew Rasmussen SS Javier Sanoja,,,
304,5205170863,love245555 (4/20),0,114.65,1B Alec Burleson 2B Xavier Edwards 3B Weston Wilson C Liam Hicks OF A.J. Ewing OF Heriberto Hernandez OF Griffin Conine P Logan Gilbert P Drew Rasmussen SS Otto Lopez,,,
304,5205259206,kozy6813 (12/20),0,114.65,1B Vladimir Guerrero Jr. 2B Luis Urias 3B Kazuma Okamoto C Alejandro Kirk OF Randy Arozarena OF Carson Benge OF Davis Schneider P Logan Gilbert P Drew Rasmussen SS Francisco Lindor,,,
304,5205347370,chrispy2005 (8/20),0,114.65,1B Vladimir Guerrero Jr. 2B Xavier Edwards 3B Leo Jimenez C Ivan Herrera OF Jordan Walker OF Heriberto Hernandez OF Esteury Ruiz P Logan Gilbert P Drew Rasmussen SS Javier Sanoja,,,
304,5205431555,WunstaGuy (1/20),0,114.65,1B Vladimir Guerrero Jr. 2B Luis Urias 3B Kazuma Okamoto C Alejandro Kirk OF Heriberto Hernandez OF Esteury Ruiz OF Daulton Varsho P Logan Gilbert P Drew Rasmussen SS Otto Lopez,,,
304,5205440937,DefendFreedom (16/20),0,114.65,1B Jared Young 2B Cole Young 3B Weston Wilson C Mitch Garver OF Jordan Walker OF Randy Arozarena OF Julio Rodriguez P Logan Gilbert P Drew Rasmussen SS Francisco Lindor,,,
304,5205517303,bhess777 (8/20),0,114.65,1B Alec Burleson 2B Luis Urias 3B Blaze Jordan C Alejandro Kirk OF Jordan Walker OF George Springer OF Daulton Varsho P Logan Gilbert P Drew Rasmussen SS Ernie Clement,,,
304,5205524114,xTRISKITx (14/20),0,114.65,1B Yandy Diaz 2B Luis Urias 3B Kazuma Okamoto C Alejandro Kirk OF A.J. Ewing OF Heriberto Hernandez OF Griffin Conine P Logan Gilbert P Drew Rasmussen SS Otto Lopez,,,
304,5205524115,xTRISKITx (15/20),0,114.65,1B Jared Young 2B Xavier Edwards 3B Javier Sanoja C Ivan Herrera OF A.J. Ewing OF Heriberto Hernandez OF Esteury Ruiz P Logan Gilbert P Drew Rasmussen SS Otto Lopez,,,
304,5205524117,xTRISKITx (17/20),0,114.65,1B Alec Burleson 2B JJ Wetherholt 3B Leo Jimenez C Liam Hicks OF Heriberto Hernandez OF Esteury Ruiz OF Myles Straw P Logan Gilbert P Drew Rasmussen SS Otto Lopez,,,
304,5205524120,xTRISKITx (20/20),0,114.65,1B Jared Young 2B Xavier Edwards 3B Javier Sanoja C Ivan Herrera OF Carson Benge OF Heriberto Hernandez OF Esteury Ruiz P Logan Gilbert P Drew Rasmussen SS Otto Lopez,,,
304,5205538704,FATEFELLSHORT (1/10),0,114.65,1B Vladimir Guerrero Jr. 2B Cole Young 3B Kazuma Okamoto C Cal Raleigh OF Randy Arozarena OF George Springer OF Weston Wilson P Logan Gilbert P Drew Rasmussen SS Colt Emerson,,,
304,5205538705,FATEFELLSHORT (2/10),0,114.65,1B Vladimir Guerrero Jr. 2B Cole Young 3B Kazuma Okamoto C Cal Raleigh OF Randy Arozarena OF George Springer OF Weston Wilson P Logan Gilbert P Drew Rasmussen SS Colt Emerson,,,
304,5205538706,FATEFELLSHORT (3/10),0,114.65,1B Vladimir Guerrero Jr. 2B Cole Young 3B Kazuma Okamoto C Cal Raleigh OF Randy Arozarena OF George Springer OF Weston Wilson P Logan Gilbert P Drew Rasmussen SS Colt Emerson,,,
304,5205538707,FATEFELLSHORT (4/10),0,114.65,1B Vladimir Guerrero Jr. 2B Cole Young 3B Kazuma Okamoto C Cal Raleigh OF Randy Arozarena OF George Springer OF Weston Wilson P Logan Gilbert P Drew Rasmussen SS Colt Emerson,,,
304,5205538708,FATEFELLSHORT (5/10),0,114.65,1B Vladimir Guerrero Jr. 2B Cole Young 3B Kazuma Okamoto C Cal Raleigh OF Randy Arozarena OF George Springer OF Weston Wilson P Logan Gilbert P Drew Rasmussen SS Colt Emerson,,,
304,5205538709,FATEFELLSHORT (6/10),0,114.65,1B Vladimir Guerrero Jr. 2B Cole Young 3B Kazuma Okamoto C Cal Raleigh OF Randy Arozarena OF George Springer OF Weston Wilson P Logan Gilbert P Drew Rasmussen SS Colt Emerson,,,
304,5205538710,FATEFELLSHORT (7/10),0,114.65,1B Vladimir Guerrero Jr. 2B Cole Young 3B Kazuma Okamoto C Cal Raleigh OF Randy Arozarena OF George Springer OF Weston Wilson P Logan Gilbert P Drew Rasmussen SS Colt Emerson,,,
304,5205538711,FATEFELLSHORT (8/10),0,114.65,1B Vladimir Guerrero Jr. 2B Cole Young 3B Kazuma Okamoto C Cal Raleigh OF Randy Arozarena OF George Springer OF Weston Wilson P Logan Gilbert P Drew Rasmussen SS Colt Emerson,,,
304,5205538712,FATEFELLSHORT (9/10),0,114.65,1B Vladimir Guerrero Jr. 2B Cole Young 3B Kazuma Okamoto C Cal Raleigh OF Randy Arozarena OF George Springer OF Weston Wilson P Logan Gilbert P Drew Rasmussen SS Colt Emerson,,,
304,5205538713,FATEFELLSHORT (10/10),0,114.65,1B Vladimir Guerrero Jr. 2B Cole Young 3B Kazuma Okamoto C Cal Raleigh OF Randy Arozarena OF George Springer OF Weston Wilson P Logan Gilbert P Drew Rasmussen SS Colt Emerson,,,
328,5205144853,vymo09 (2/2),0,114.35,1B Munetaka Murakami 2B Xavier Edwards 3B Javier Sanoja C Victor Caratini OF Randy Arozarena OF Julio Rodriguez OF A.J. Ewing P Drew Rasmussen P Quinn Mathews SS Otto Lopez,,,
329,5205170877,love245555 (18/20),0,114.25,1B Kyle Stowers 2B Xavier Edwards 3B Kazuma Okamoto C Ryan Jeffers OF Trevor Larnach OF Heriberto Hernandez OF Griffin Conine P Drew Rasmussen P Kevin Gausman SS Otto Lopez,,,
329,5205187594,WILDCATBALLERS (9/20),0,114.25,1B Jared Young 2B Xavier Edwards 3B Junior Caminero C Mitch Garver OF Randy Arozarena OF Julio Rodriguez OF Esteury Ruiz P Drew Rasmussen P Kevin Gausman SS Francisco Lindor,,,
329,5205282933,rschindler14 (13/20),0,114.25,1B Josh Naylor 2B Xavier Edwards 3B Junior Caminero C Cal Raleigh OF Julio Rodriguez OF Esteury Ruiz OF Tyrone Taylor P Drew Rasmussen P Kevin Gausman SS Otto Lopez,,,
329,5205337154,pete0six (20/20),0,114.25,1B Vladimir Guerrero Jr. 2B Kody Clemens 3B Weston Wilson C Cal Raleigh OF Randy Arozarena OF Trevor Larnach OF Dominic Canzone P Drew Rasmussen P Kevin Gausman SS Francisco Lindor,,,
329,5205432832,smk5430 (9/20),0,114.25,1B Vladimir Guerrero Jr. 2B Cole Young 3B Kazuma Okamoto C Liam Hicks OF Julio Rodriguez OF Dominic Canzone OF Heriberto Hernandez P Drew Rasmussen P Kevin Gausman SS Otto Lopez,,,
329,5205477804,cwthrow24 (14/20),0,114.25,1B Vladimir Guerrero Jr. 2B Royce Lewis 3B Javier Sanoja C Ryan Jeffers OF Kody Clemens OF Trevor Larnach OF Heriberto Hernandez P Drew Rasmussen P Kevin Gausman SS Ryan Kreidler,,,
329,5205497625,FunkyKong (7/12),0,114.25,1B Vladimir Guerrero Jr. 2B Kody Clemens 3B Bo Bichette C Liam Hicks OF Dominic Canzone OF Heriberto Hernandez OF Luke Keaschall P Drew Rasmussen P Kevin Gausman SS Otto Lopez,,,
336,5205367168,R-E-L-A-X (2/3),0,114,1B Kyle Stowers 2B Xavier Edwards 3B Javier Sanoja C Liam Hicks OF Randy Arozarena OF Julio Rodriguez OF A.J. Ewing P Logan Gilbert P Quinn Mathews SS Otto Lopez,,,
337,5205187589,WILDCATBALLERS (4/20),0,113.9,1B Vladimir Guerrero Jr. 2B Luis Urias 3B Yandy Diaz C Cal Raleigh OF Randy Arozarena OF Heriberto Hernandez OF Esteury Ruiz P Logan Gilbert P Kevin Gausman SS Otto Lopez,,,
337,5205247953,stevenhenry43211 (4/14),0,113.9,1B Vladimir Guerrero Jr. 2B Luis Urias 3B Yandy Diaz C Cal Raleigh OF Randy Arozarena OF Heriberto Hernandez OF Esteury Ruiz P Logan Gilbert P Kevin Gausman SS Otto Lopez,,,
337,5205515146,dfwtsx08 (4/10),0,113.9,1B Josh Naylor 2B Cole Young 3B Bo Bichette C Cal Raleigh OF Randy Arozarena OF Julio Rodriguez OF Tyrone Taylor P Logan Gilbert P Kevin Gausman SS Francisco Lindor,,,
340,5205526950,Grnder_786 (8/20),0,113.7,1B Vladimir Guerrero Jr. 2B Xavier Edwards 3B Javier Sanoja C Ryan Jeffers OF Heriberto Hernandez OF Esteury Ruiz OF Daulton Varsho P Drew Rasmussen P Connor Prielipp SS Otto Lopez,,,
341,5204998043,hudson.bailey12,0,113.65,1B Kyle Stowers 2B Cole Young 3B Kazuma Okamoto C Nick Fortes OF George Springer OF Jonny DeLuca OF Dominic Canzone P Logan Gilbert P Drew Rasmussen SS Otto Lopez,,,
341,5205152523,kafedaiv (4/20),0,113.65,1B Josh Naylor 2B Ernie Clement 3B Junior Caminero C Nick Fortes OF George Springer OF Carson Benge OF Daulton Varsho P Logan Gilbert P Drew Rasmussen SS Javier Sanoja,,,
341,5205200446,rsumrall (4/20),0,113.65,1B Jared Young 2B Xavier Edwards 3B Leo Jimenez C Liam Hicks OF Randy Arozarena OF Dominic Canzone OF Heriberto Hernandez P Logan Gilbert P Drew Rasmussen SS Otto Lopez,,,
341,5205304429,tmoles (2/2),0,113.65,1B Munetaka Murakami 2B Marcus Semien 3B Leo Jimenez C Liam Hicks OF Julio Rodriguez OF Griffin Conine OF Ryan Vilade P Logan Gilbert P Drew Rasmussen SS Otto Lopez,,,
341,5205316789,bcardwell79 (7/9),0,113.65,1B Jared Young 2B Ernie Clement 3B Kazuma Okamoto C Alejandro Kirk OF Julio Rodriguez OF George Springer OF A.J. Ewing P Logan Gilbert P Drew Rasmussen SS Javier Sanoja,,,
341,5205538588,Rhombus87 (10/20),0,113.65,1B Alec Burleson 2B JJ Wetherholt 3B Leo Jimenez C Ivan Herrera OF Chandler Simpson OF Heriberto Hernandez OF Esteury Ruiz P Logan Gilbert P Drew Rasmussen SS Javier Sanoja,,,
347,5205158188,LOCNOTM (19/20),0,113.35,1B Victor Caratini 2B Royce Lewis 3B Brooks Lee C Ryan Jeffers OF Randy Arozarena OF Julio Rodriguez OF Luke Keaschall P Drew Rasmussen P Quinn Mathews SS Colt Emerson,,,
347,5205400526,ehaugen (3/4),0,113.35,1B Munetaka Murakami 2B Ben Williamson 3B Miguel Vargas C Nick Fortes OF Kody Clemens OF Randy Arozarena OF Jonny DeLuca P Drew Rasmussen P Noah Schultz SS Javier Sanoja,,,
349,5204788751,ivymoose (13/20),0,113.25,1B Royce Lewis 2B Kody Clemens 3B Brooks Lee C Cal Raleigh OF Trevor Larnach OF Heriberto Hernandez OF Luke Keaschall P Drew Rasmussen P Kevin Gausman SS Francisco Lindor,,,
349,5205025427,tbjones2121 (19/20),0,113.25,1B Royce Lewis 2B Cole Young 3B Weston Wilson C Ryan Jeffers OF Randy Arozarena OF Julio Rodriguez OF Dominic Canzone P Drew Rasmussen P Kevin Gausman SS Francisco Lindor,,,
349,5205252377,ekard35 (2/2),0,113.25,1B Kyle Stowers 2B Xavier Edwards 3B Brooks Lee C Liam Hicks OF Kody Clemens OF Trevor Larnach OF Heriberto Hernandez P Drew Rasmussen P Kevin Gausman SS Francisco Lindor,,,
349,5205383236,ImaDonk11 (10/20),0,113.25,1B Kyle Stowers 2B Xavier Edwards 3B Kazuma Okamoto C Alejandro Kirk OF George Springer OF Victor Mesa Jr. OF Griffin Conine P Drew Rasmussen P Kevin Gausman SS Otto Lopez,,,
349,5205477796,cwthrow24 (6/20),0,113.25,1B Royce Lewis 2B Kody Clemens 3B Brooks Lee C Victor Caratini OF Julio Rodriguez OF Trevor Larnach OF Heriberto Hernandez P Drew Rasmussen P Kevin Gausman SS Otto Lopez,,,
349,5205510872,dfwinscom (15/20),0,113.25,1B Vladimir Guerrero Jr. 2B Marcus Semien 3B Yandy Diaz C Cal Raleigh OF Randy Arozarena OF Julio Rodriguez OF Dominic Canzone P Drew Rasmussen P Kevin Gausman SS Colt Emerson,,,
349,5205538598,Rhombus87 (20/20),0,113.25,1B Royce Lewis 2B Kody Clemens 3B Weston Wilson C Ryan Jeffers OF Randy Arozarena OF Julio Rodriguez OF Esteury Ruiz P Drew Rasmussen P Kevin Gausman SS Ryan Kreidler,,,
356,5205019842,hunchoharry (13/20),0,113,1B Vladimir Guerrero Jr. 2B Brett Baty 3B Javier Sanoja C Liam Hicks OF Julio Rodriguez OF Heriberto Hernandez OF Griffin Conine P Logan Gilbert P Quinn Mathews SS Otto Lopez,,,
357,5204947470,csurunnerccr (9/20),0,112.9,1B Josh Naylor 2B Cole Young 3B Kazuma Okamoto C Alejandro Kirk OF Randy Arozarena OF George Springer OF Daulton Varsho P Logan Gilbert P Kevin Gausman SS Ernie Clement,,,
357,5205090286,drunkonpappy (12/20),0,112.9,1B Josh Naylor 2B Cole Young 3B Kazuma Okamoto C Mitch Garver OF Randy Arozarena OF Julio Rodriguez OF George Springer P Logan Gilbert P Kevin Gausman SS Francisco Lindor,,,
357,5205356498,lklk88088 (3/20),0,112.9,1B Vladimir Guerrero Jr. 2B Luis Urias 3B Kazuma Okamoto C Alejandro Kirk OF Randy Arozarena OF George Springer OF Dominic Canzone P Logan Gilbert P Kevin Gausman SS Otto Lopez,,,
360,5205019846,hunchoharry (17/20),0,112.7,1B Royce Lewis 2B Kody Clemens 3B Javier Sanoja C Ryan Jeffers OF Sam Antonacci OF Trevor Larnach OF Luke Keaschall P Drew Rasmussen P Connor Prielipp SS Francisco Lindor,,,
360,5205432836,smk5430 (13/20),0,112.7,1B Kyle Stowers 2B Xavier Edwards 3B Javier Sanoja C Ivan Herrera OF Jordan Walker OF Kody Clemens OF Esteury Ruiz P Drew Rasmussen P Connor Prielipp SS Otto Lopez,,,
360,5205466725,Blerud15 (16/20),0,112.7,1B Kyle Stowers 2B Xavier Edwards 3B Brooks Lee C Liam Hicks OF Kody Clemens OF Trevor Larnach OF Heriberto Hernandez P Drew Rasmussen P Connor Prielipp SS Otto Lopez,,,
360,5205539574,Titanjeep (2/2),0,112.7,1B Munetaka Murakami 2B Xavier Edwards 3B Brooks Lee C Victor Caratini OF Randy Arozarena OF Julio Rodriguez OF Heriberto Hernandez P Drew Rasmussen P Connor Prielipp SS Otto Lopez,,,
364,5205204408,UniversalFriend (3/20),0,112.65,1B Vladimir Guerrero Jr. 2B Luis Urias 3B Yandy Diaz C Alejandro Kirk OF George Springer OF Lars Nootbaar OF Davis Schneider P Logan Gilbert P Drew Rasmussen SS Masyn Winn,,,
364,5205276558,HockeyCardsPlus (3/20),0,112.65,1B Kyle Stowers 2B Xavier Edwards 3B Javier Sanoja C Cal Raleigh OF Julio Rodriguez OF Heriberto Hernandez OF Daulton Varsho P Logan Gilbert P Drew Rasmussen SS Otto Lopez,,,
364,5205364075,zandwich (2/20),0,112.65,1B Alec Burleson 2B Luis Urias 3B Blaze Jordan C Mitch Garver OF Jordan Walker OF Julio Rodriguez OF Heriberto Hernandez P Logan Gilbert P Drew Rasmussen SS Otto Lopez,,,
364,5205371392,Abc1289 (16/20),0,112.65,1B Josh Naylor 2B Cole Young 3B Weston Wilson C Ivan Herrera OF Jordan Walker OF Randy Arozarena OF Dominic Canzone P Logan Gilbert P Drew Rasmussen SS Taylor Walls,,,
364,5205389312,Chadg20 (11/20),0,112.65,1B Jared Young 2B Xavier Edwards 3B Yandy Diaz C Liam Hicks OF Carson Benge OF Heriberto Hernandez OF Griffin Conine P Logan Gilbert P Drew Rasmussen SS Otto Lopez,,,
364,5205474172,ballaholick713 (15/20),0,112.65,1B Kyle Stowers 2B Cole Young 3B Javier Sanoja C Cal Raleigh OF Jordan Walker OF Julio Rodriguez OF Dominic Canzone P Logan Gilbert P Drew Rasmussen SS Colt Emerson,,,
364,5205504039,sportsfan14 (1/20),0,112.65,1B Vladimir Guerrero Jr. 2B Luis Urias 3B Blaze Jordan C Ivan Herrera OF Jordan Walker OF George Springer OF Lars Nootbaar P Logan Gilbert P Drew Rasmussen SS Masyn Winn,,,
364,5205535916,liberatemelord1 (1/2),0,112.65,1B Vladimir Guerrero Jr. 2B Ernie Clement 3B Kazuma Okamoto C Alejandro Kirk OF Randy Arozarena OF Ryan Vilade OF Myles Straw P Logan Gilbert P Drew Rasmussen SS Francisco Lindor,,,
372,5205072095,Wanna_Square_Up1567 (18/20),0,112.35,1B Royce Lewis 2B Kody Clemens 3B Bo Bichette C Cal Raleigh OF Randy Arozarena OF Trevor Larnach OF Luke Keaschall P Drew Rasmussen P Quinn Mathews SS Ryan Kreidler,,,
372,5205433853,Rockwitme74,0,112.35,1B Royce Lewis 2B Cole Young 3B Brooks Lee C Cal Raleigh OF Sam Antonacci OF George Springer OF Trevor Larnach P Drew Rasmussen P Quinn Mathews SS Otto Lopez,,,
374,5204997397,Gabe57 (3/19),0,112.25,1B Yandy Diaz 2B Cole Young 3B Junior Caminero C Mitch Garver OF Randy Arozarena OF Julio Rodriguez OF Ryan Vilade P Drew Rasmussen P Kevin Gausman SS Colt Emerson,,,
374,5205165855,otterkc,0,112.25,1B Vladimir Guerrero Jr. 2B Cole Young 3B Kazuma Okamoto C Alejandro Kirk OF Julio Rodriguez OF George Springer OF Carson Benge P Drew Rasmussen P Kevin Gausman SS Francisco Lindor,,,
374,5205204409,UniversalFriend (4/20),0,112.25,1B Kyle Stowers 2B Xavier Edwards 3B Bo Bichette C Liam Hicks OF A.J. Ewing OF Heriberto Hernandez OF Tyrone Taylor P Drew Rasmussen P Kevin Gausman SS Otto Lopez,,,
374,5205206528,Sharky12,0,112.25,1B Vladimir Guerrero Jr. 2B Xavier Edwards 3B Kazuma Okamoto C Cal Raleigh OF Randy Arozarena OF Julio Rodriguez OF George Springer P Drew Rasmussen P Kevin Gausman SS Colt Emerson,,,
374,5205268628,Isklebibble (19/20),0,112.25,1B Vladimir Guerrero Jr. 2B Luis Urias 3B Junior Caminero C Alejandro Kirk OF George Springer OF Jonny DeLuca OF Daulton Varsho P Drew Rasmussen P Kevin Gausman SS Francisco Lindor,,,
374,5205292082,sellputs,0,112.25,1B Kyle Stowers 2B Royce Lewis 3B Kazuma Okamoto C Cal Raleigh OF Randy Arozarena OF Julio Rodriguez OF Heriberto Hernandez P Drew Rasmussen P Kevin Gausman SS Francisco Lindor,,,
374,5205440928,DefendFreedom (7/20),0,112.25,1B Vladimir Guerrero Jr. 2B Cole Young 3B Kazuma Okamoto C Cal Raleigh OF Randy Arozarena OF Daulton Varsho OF Weston Wilson P Drew Rasmussen P Kevin Gausman SS Otto Lopez,,,
374,5205526953,Grnder_786 (11/20),0,112.25,1B Vladimir Guerrero Jr. 2B Luis Urias 3B Junior Caminero C Cal Raleigh OF Randy Arozarena OF Julio Rodriguez OF Davis Schneider P Drew Rasmussen P Kevin Gausman SS Francisco Lindor,,,
382,5205405186,SpeedRacer101 (16/20),0,112,1B Alec Burleson 2B JJ Wetherholt 3B Leo Jimenez C Liam Hicks OF Randy Arozarena OF Heriberto Hernandez OF Griffin Conine P Logan Gilbert P Quinn Mathews SS Otto Lopez,,,
383,5205320667,Velllo (6/20),0,111.9,1B Kyle Stowers 2B Xavier Edwards 3B Leo Jimenez C Cal Raleigh OF Randy Arozarena OF Julio Rodriguez OF Esteury Ruiz P Logan Gilbert P Kevin Gausman SS Javier Sanoja,,,
383,5205347365,chrispy2005 (3/20),0,111.9,1B Kyle Stowers 2B Xavier Edwards 3B Kazuma Okamoto C Liam Hicks OF George Springer OF Esteury Ruiz OF Tyrone Taylor P Logan Gilbert P Kevin Gausman SS Otto Lopez,,,
383,5205383243,ImaDonk11 (17/20),0,111.9,1B Yandy Diaz 2B Ernie Clement 3B Kazuma Okamoto C Liam Hicks OF Heriberto Hernandez OF Esteury Ruiz OF Griffin Conine P Logan Gilbert P Kevin Gausman SS Otto Lopez,,,
383,5205454028,Juan1226 (5/20),0,111.9,1B Vladimir Guerrero Jr. 2B Marcus Semien 3B Javier Sanoja C Cal Raleigh OF Randy Arozarena OF Julio Rodriguez OF Carson Benge P Logan Gilbert P Kevin Gausman SS Francisco Lindor,,,
383,5205465874,BigMart11 (9/20),0,111.9,1B Munetaka Murakami 2B Xavier Edwards 3B Javier Sanoja C Cal Raleigh OF Heriberto Hernandez OF Griffin Conine OF Tyrone Taylor P Logan Gilbert P Kevin Gausman SS Otto Lopez,,,
388,5205072090,Wanna_Square_Up1567 (13/20),0,111.7,1B Alec Burleson 2B Xavier Edwards 3B Javier Sanoja C Luis Torrens OF Jordan Walker OF Heriberto Hernandez OF Esteury Ruiz P Drew Rasmussen P Connor Prielipp SS Otto Lopez,,,
388,5205192965,masonplays2014 (15/20),0,111.7,1B Royce Lewis 2B JJ Wetherholt 3B Javier Sanoja C Ryan Jeffers OF A.J. Ewing OF Trevor Larnach OF Heriberto Hernandez P Drew Rasmussen P Connor Prielipp SS Otto Lopez,,,
388,5205405392,EleazerJ,0,111.7,1B Alec Burleson 2B JJ Wetherholt 3B Blaze Jordan C Francisco Alvarez OF Randy Arozarena OF George Springer OF Chandler Simpson P Drew Rasmussen P Connor Prielipp SS Francisco Lindor,,,
391,5205013017,thundrenterprises (15/20),0,111.65,1B Vladimir Guerrero Jr. 2B Luis Urias 3B Kazuma Okamoto C Alejandro Kirk OF George Springer OF Heriberto Hernandez OF Lars Nootbaar P Logan Gilbert P Drew Rasmussen SS Otto Lopez,,,
391,5205025413,tbjones2121 (5/20),0,111.65,1B Jared Young 2B Cole Young 3B Weston Wilson C Mitch Garver OF Randy Arozarena OF Julio Rodriguez OF A.J. Ewing P Logan Gilbert P Drew Rasmussen SS Francisco Lindor,,,
391,5205025428,tbjones2121 (20/20),0,111.65,1B Alec Burleson 2B Marcus Semien 3B Blaze Jordan C Ivan Herrera OF Jordan Walker OF Lars Nootbaar OF Tyrone Taylor P Logan Gilbert P Drew Rasmussen SS Francisco Lindor,,,
391,5205072086,Wanna_Square_Up1567 (9/20),0,111.65,1B Kyle Stowers 2B Xavier Edwards 3B Leo Jimenez C Mitch Garver OF Julio Rodriguez OF Lars Nootbaar OF Esteury Ruiz P Logan Gilbert P Drew Rasmussen SS Javier Sanoja,,,
391,5205158109,j-wolf05 (2/20),0,111.65,1B Alec Burleson 2B Xavier Edwards 3B Leo Jimenez C Liam Hicks OF A.J. Ewing OF Heriberto Hernandez OF Tyrone Taylor P Logan Gilbert P Drew Rasmussen SS Otto Lopez,,,
391,5205187591,WILDCATBALLERS (6/20),0,111.65,1B Vladimir Guerrero Jr. 2B Xavier Edwards 3B Weston Wilson C Cal Raleigh OF Julio Rodriguez OF George Springer OF Heriberto Hernandez P Logan Gilbert P Drew Rasmussen SS Javier Sanoja,,,
391,5205206335,mikeo3,0,111.65,1B Josh Naylor 2B Marcus Semien 3B Brooks Lee C Alejandro Kirk OF Randy Arozarena OF Julio Rodriguez OF George Springer P Logan Gilbert P Zac Thornton SS Masyn Winn,,,
391,5205240583,18Peyton,0,111.65,1B Josh Naylor 2B Marcus Semien 3B Bo Bichette C Mitch Garver OF Randy Arozarena OF A.J. Ewing OF Carson Benge P Logan Gilbert P Drew Rasmussen SS Francisco Lindor,,,
391,5205246464,slappey22 (5/5),0,111.65,1B Kyle Stowers 2B Xavier Edwards 3B Brett Baty C Liam Hicks OF Julio Rodriguez OF Carson Benge OF Esteury Ruiz P Logan Gilbert P Drew Rasmussen SS Otto Lopez,,,
391,5205284864,Twinz1987 (15/20),0,111.65,1B Vladimir Guerrero Jr. 2B Cole Young 3B Junior Caminero C Alejandro Kirk OF Julio Rodriguez OF Ryan Vilade OF Weston Wilson P Logan Gilbert P Drew Rasmussen SS Javier Sanoja,,,
391,5205320672,Velllo (11/20),0,111.65,1B Vladimir Guerrero Jr. 2B Marcus Semien 3B Brett Baty C Cal Raleigh OF Julio Rodriguez OF George Springer OF Esteury Ruiz P Logan Gilbert P Drew Rasmussen SS Francisco Lindor,,,
391,5205337152,pete0six (18/20),0,111.65,1B Alec Burleson 2B Xavier Edwards 3B Leo Jimenez C Liam Hicks OF A.J. Ewing OF Heriberto Hernandez OF Tyrone Taylor P Logan Gilbert P Drew Rasmussen SS Otto Lopez,,,
391,5205400300,colonelforbin22 (2/2),0,111.65,1B Vladimir Guerrero Jr. 2B Luis Urias 3B Kazuma Okamoto C Alejandro Kirk OF George Springer OF Carson Benge OF Heriberto Hernandez P Logan Gilbert P Drew Rasmussen SS Otto Lopez,,,
391,5205406866,james_thiel (17/20),0,111.65,1B Josh Naylor 2B Marcus Semien 3B Brett Baty C Cal Raleigh OF Randy Arozarena OF Julio Rodriguez OF Dominic Canzone P Logan Gilbert P Drew Rasmussen SS Francisco Lindor,,,
391,5205473641,henry296 (5/20),0,111.65,1B Vladimir Guerrero Jr. 2B Luis Urias 3B Kazuma Okamoto C Cal Raleigh OF Randy Arozarena OF Julio Rodriguez OF Davis Schneider P Logan Gilbert P Drew Rasmussen SS Francisco Lindor,,,
391,5205492067,mariobr1709 (20/20),0,111.65,1B Jared Young 2B Cole Young 3B Brett Baty C Mitch Garver OF Randy Arozarena OF Julio Rodriguez OF A.J. Ewing P Logan Gilbert P Drew Rasmussen SS Francisco Lindor,,,
391,5205517749,Schlaurizzle (12/20),0,111.65,1B Vladimir Guerrero Jr. 2B Marcus Semien 3B Bo Bichette C Alejandro Kirk OF Carson Benge OF Heriberto Hernandez OF Tyrone Taylor P Logan Gilbert P Drew Rasmussen SS Francisco Lindor,,,
391,5205526960,Grnder_786 (18/20),0,111.65,1B Kyle Stowers 2B Xavier Edwards 3B Javier Sanoja C Cal Raleigh OF A.J. Ewing OF Heriberto Hernandez OF Esteury Ruiz P Logan Gilbert P Drew Rasmussen SS Francisco Lindor,,,
391,5205538061,broncswin79 (19/20),0,111.65,1B Vladimir Guerrero Jr. 2B Cole Young 3B Yandy Diaz C Cal Raleigh OF Heriberto Hernandez OF Esteury Ruiz OF Weston Wilson P Logan Gilbert P Drew Rasmussen SS Otto Lopez,,,
410,5205117336,Navare1212 (2/13),0,111.35,1B Yandy Diaz 2B Xavier Edwards 3B Junior Caminero C Victor Caratini OF George Springer OF Esteury Ruiz OF Griffin Conine P Drew Rasmussen P Quinn Mathews SS Otto Lopez,,,
411,5204947467,csurunnerccr (6/20),0,111.25,1B Josh Naylor 2B Cole Young 3B Brooks Lee C Cal Raleigh OF Julio Rodriguez OF Dominic Canzone OF Luke Keaschall P Drew Rasmussen P Kevin Gausman SS Ryan Kreidler,,,
411,5205123406,az350z (9/20),0,111.25,1B Kyle Stowers 2B Xavier Edwards 3B Bo Bichette C Liam Hicks OF A.J. Ewing OF Carson Benge OF Griffin Conine P Drew Rasmussen P Kevin Gausman SS Otto Lopez,,,
411,5205256846,chicksdigthewongball (2/20),0,111.25,1B Royce Lewis 2B Cole Young 3B Brooks Lee C Ryan Jeffers OF Julio Rodriguez OF Trevor Larnach OF Dominic Canzone P Drew Rasmussen P Kevin Gausman SS Ryan Kreidler,,,
411,5205267182,SFN03 (19/20),0,111.25,1B Alec Burleson 2B Luis Urias 3B Kazuma Okamoto C Alejandro Kirk OF George Springer OF Dominic Canzone OF Heriberto Hernandez P Drew Rasmussen P Kevin Gausman SS Otto Lopez,,,
411,5205268627,Isklebibble (18/20),0,111.25,1B Vladimir Guerrero Jr. 2B Davis Schneider 3B Junior Caminero C Alejandro Kirk OF George Springer OF Jonny DeLuca OF Daulton Varsho P Drew Rasmussen P Kevin Gausman SS Francisco Lindor,,,
411,5205337150,pete0six (16/20),0,111.25,1B Vladimir Guerrero Jr. 2B Kody Clemens 3B Kazuma Okamoto C Victor Caratini OF Randy Arozarena OF Trevor Larnach OF Dominic Canzone P Drew Rasmussen P Kevin Gausman SS Ryan Kreidler,,,
411,5205440925,DefendFreedom (4/20),0,111.25,1B Jared Young 2B Cole Young 3B Kazuma Okamoto C Liam Hicks OF Carson Benge OF Heriberto Hernandez OF Esteury Ruiz P Drew Rasmussen P Kevin Gausman SS Otto Lopez,,,
411,5205472335,kt6775,0,111.25,1B Vladimir Guerrero Jr. 2B Luis Urias 3B Kazuma Okamoto C Alejandro Kirk OF Kody Clemens OF Randy Arozarena OF A.J. Ewing P Drew Rasmussen P Kevin Gausman SS Francisco Lindor,,,
411,5205510866,dfwinscom (9/20),0,111.25,1B Vladimir Guerrero Jr. 2B Cole Young 3B Kazuma Okamoto C Cal Raleigh OF Randy Arozarena OF Julio Rodriguez OF Carson Benge P Drew Rasmussen P Kevin Gausman SS Colt Emerson,,,
420,5205013013,thundrenterprises (11/20),0,111,1B Vladimir Guerrero Jr. 2B Cole Young 3B Kazuma Okamoto C Mitch Garver OF Randy Arozarena OF A.J. Ewing OF Trevor Larnach P Drew Rasmussen P Zac Thornton SS Francisco Lindor,,,
420,5205180505,leighton32 (1/5),0,111,1B Vladimir Guerrero Jr. 2B Luis Urias 3B Bo Bichette C Alejandro Kirk OF Randy Arozarena OF George Springer OF Carson Benge P Drew Rasmussen P Zac Thornton SS Ernie Clement,,,
422,5205504313,lilmaryy (9/10),0,110.9,1B Kyle Stowers 2B Xavier Edwards 3B Leo Jimenez C Liam Hicks OF Randy Arozarena OF Julio Rodriguez OF Esteury Ruiz P Logan Gilbert P Kevin Gausman SS Francisco Lindor,,,
423,5205008487,isaakuerickson (1/10),0,110.65,1B Alec Burleson 2B Luis Urias 3B Blaze Jordan C Ivan Herrera OF George Springer OF Heriberto Hernandez OF Lars Nootbaar P Logan Gilbert P Drew Rasmussen SS Francisco Lindor,,,
423,5205052003,foutah (4/8),0,110.65,1B Vladimir Guerrero Jr. 2B Ben Williamson 3B Kazuma Okamoto C Cal Raleigh OF Randy Arozarena OF Jonny DeLuca OF Davis Schneider P Logan Gilbert P Drew Rasmussen SS Masyn Winn,,,
423,5205123407,az350z (10/20),0,110.65,1B Alec Burleson 2B Luis Urias 3B Kazuma Okamoto C Alejandro Kirk OF Jordan Walker OF George Springer OF Myles Straw P Logan Gilbert P Drew Rasmussen SS Masyn Winn,,,
423,5205291411,meyers2305 (12/20),0,110.65,1B Josh Naylor 2B Luis Urias 3B Weston Wilson C Cal Raleigh OF Randy Arozarena OF Julio Rodriguez OF A.J. Ewing P Logan Gilbert P Drew Rasmussen SS Francisco Lindor,,,
423,5205405175,SpeedRacer101 (5/20),0,110.65,1B Alec Burleson 2B JJ Wetherholt 3B Blaze Jordan C Ivan Herrera OF George Springer OF Daulton Varsho OF Myles Straw P Logan Gilbert P Drew Rasmussen SS Masyn Winn,,,
423,5205440315,underdogz2K15,0,110.65,1B Vladimir Guerrero Jr. 2B Marcus Semien 3B Kazuma Okamoto C Luis Torrens OF Randy Arozarena OF George Springer OF Ryan Vilade P Logan Gilbert P Drew Rasmussen SS Francisco Lindor,,,
423,5205485615,KenyanDrake (19/20),0,110.65,1B Josh Naylor 2B Marcus Semien 3B Bo Bichette C Cal Raleigh OF Randy Arozarena OF Julio Rodriguez OF Weston Wilson P Logan Gilbert P Drew Rasmussen SS Francisco Lindor,,,
423,5205485616,KenyanDrake (20/20),0,110.65,1B Ryan Vilade 2B Cole Young 3B Junior Caminero C Cal Raleigh OF Randy Arozarena OF Victor Mesa Jr. OF Tyrone Taylor P Logan Gilbert P Drew Rasmussen SS Colt Emerson,,,
423,5205494160,Deano4367,0,110.65,1B Yandy Diaz 2B Xavier Edwards 3B Weston Wilson C Cal Raleigh OF Randy Arozarena OF Heriberto Hernandez OF Esteury Ruiz P Logan Gilbert P Drew Rasmussen SS Ryan Kreidler,,,
423,5205498705,TroyGilly91 (3/8),0,110.65,1B Josh Naylor 2B Luis Urias 3B Kazuma Okamoto C Cal Raleigh OF Randy Arozarena OF Julio Rodriguez OF Dominic Canzone P Logan Gilbert P Drew Rasmussen SS Ernie Clement,,,
423,5205511168,ndesmarais97 (13/20),0,110.65,1B Yandy Diaz 2B Cole Young 3B Bo Bichette C Luis Torrens OF George Springer OF A.J. Ewing OF Tyrone Taylor P Logan Gilbert P Drew Rasmussen SS Francisco Lindor,,,
423,5205530673,broncswin79 (9/20),0,110.65,1B Vladimir Guerrero Jr. 2B Luis Urias 3B Yandy Diaz C Cal Raleigh OF Randy Arozarena OF Heriberto Hernandez OF Weston Wilson P Logan Gilbert P Drew Rasmussen SS Ernie Clement,,,
423,5205537659,broncswin79 (12/20),0,110.65,1B Vladimir Guerrero Jr. 2B Luis Urias 3B Yandy Diaz C Cal Raleigh OF Dominic Canzone OF Heriberto Hernandez OF Esteury Ruiz P Logan Gilbert P Drew Rasmussen SS Otto Lopez,,,
436,5204859683,niquisition (8/20),0,110.25,1B Josh Naylor 2B Cole Young 3B Junior Caminero C Mitch Garver OF Julio Rodriguez OF George Springer OF Dominic Canzone P Drew Rasmussen P Kevin Gausman SS Francisco Lindor,,,
436,5204944103,Sammy.Boy (12/20),0,110.25,1B Vladimir Guerrero Jr. 2B Luis Urias 3B Kazuma Okamoto C Alejandro Kirk OF George Springer OF Jonny DeLuca OF Victor Mesa Jr. P Drew Rasmussen P Kevin Gausman SS Otto Lopez,,,
436,5205158170,LOCNOTM (1/20),0,110.25,1B Vladimir Guerrero Jr. 2B Luis Urias 3B Junior Caminero C Alejandro Kirk OF Randy Arozarena OF Chandler Simpson OF Myles Straw P Drew Rasmussen P Kevin Gausman SS Taylor Walls,,,
436,5205170861,love245555 (2/20),0,110.25,1B Vladimir Guerrero Jr. 2B Luis Urias 3B Junior Caminero C Alejandro Kirk OF George Springer OF Chandler Simpson OF Daulton Varsho P Drew Rasmussen P Kevin Gausman SS Otto Lopez,,,
436,5205274769,kreller17 (20/20),0,110.25,1B Royce Lewis 2B Luis Urias 3B Brooks Lee C Ryan Jeffers OF Kody Clemens OF Trevor Larnach OF Heriberto Hernandez P Drew Rasmussen P Kevin Gausman SS Otto Lopez,,,
436,5205276563,HockeyCardsPlus (8/20),0,110.25,1B Royce Lewis 2B Kody Clemens 3B Leo Jimenez C Ryan Jeffers OF Trevor Larnach OF Heriberto Hernandez OF Esteury Ruiz P Drew Rasmussen P Kevin Gausman SS Otto Lopez,,,
436,5205304204,GrandeCabeza,0,110.25,1B Jared Young 2B Cole Young 3B Junior Caminero C Cal Raleigh OF Julio Rodriguez OF George Springer OF Tyrone Taylor P Drew Rasmussen P Kevin Gausman SS Francisco Lindor,,,
436,5205537437,tzmission7,0,110.25,1B Yandy Diaz 2B Royce Lewis 3B Kazuma Okamoto C Luis Torrens OF Randy Arozarena OF George Springer OF Carson Benge P Drew Rasmussen P Kevin Gausman SS Francisco Lindor,,,
444,5205510896,Navare1212 (13/13),0,110.15,1B Yandy Diaz 2B JJ Wetherholt 3B Junior Caminero C Nick Fortes OF Kody Clemens OF Esteury Ruiz OF Griffin Conine P Drew Rasmussen P Tyler Phillips SS Otto Lopez,,,
445,5204947479,csurunnerccr (18/20),0,109.9,1B Kyle Stowers 2B Xavier Edwards 3B Javier Sanoja C Alejandro Kirk OF Jonny DeLuca OF Heriberto Hernandez OF Esteury Ruiz P Logan Gilbert P Kevin Gausman SS Francisco Lindor,,,
445,5205251618,uvajay (11/20),0,109.9,1B Vladimir Guerrero Jr. 2B Luis Urias 3B Kazuma Okamoto C Liam Hicks OF George Springer OF Heriberto Hernandez OF Tyrone Taylor P Logan Gilbert P Kevin Gausman SS Otto Lopez,,,
447,5205228660,Awalker3081 (1/20),0,109.7,1B Vladimir Guerrero Jr. 2B Xavier Edwards 3B Leo Jimenez C Liam Hicks OF George Springer OF Heriberto Hernandez OF Esteury Ruiz P Drew Rasmussen P Connor Prielipp SS Francisco Lindor,,,
447,5205228662,Awalker3081 (3/20),0,109.7,1B Kyle Stowers 2B Xavier Edwards 3B Yandy Diaz C Alejandro Kirk OF Carson Benge OF Heriberto Hernandez OF Griffin Conine P Drew Rasmussen P Connor Prielipp SS Otto Lopez,,,
447,5205290370,jc000000,0,109.7,1B Vladimir Guerrero Jr. 2B Kody Clemens 3B Kazuma Okamoto C Alejandro Kirk OF George Springer OF Jonny DeLuca OF Luke Keaschall P Drew Rasmussen P Connor Prielipp SS Ernie Clement,,,
447,5205348294,easymoneynow (1/3),0,109.7,1B Royce Lewis 2B Kody Clemens 3B Kazuma Okamoto C Victor Caratini OF Randy Arozarena OF Julio Rodriguez OF Jonny DeLuca P Drew Rasmussen P Connor Prielipp SS Otto Lopez,,,
447,5205517753,Schlaurizzle (16/20),0,109.7,1B Vladimir Guerrero Jr. 2B Cole Young 3B Kazuma Okamoto C Cal Raleigh OF Randy Arozarena OF Julio Rodriguez OF Dominic Canzone P Drew Rasmussen P Connor Prielipp SS Francisco Lindor,,,
447,5205529387,texasnumbercruncher (12/20),0,109.7,1B Alec Burleson 2B Royce Lewis 3B Brooks Lee C Ivan Herrera OF Jordan Walker OF Trevor Larnach OF Lars Nootbaar P Drew Rasmussen P Connor Prielipp SS Masyn Winn,,,
453,5204788757,ivymoose (19/20),0,109.65,1B Kyle Stowers 2B Xavier Edwards 3B Leo Jimenez C Ivan Herrera OF Jordan Walker OF Lars Nootbaar OF Esteury Ruiz P Logan Gilbert P Drew Rasmussen SS Javier Sanoja,,,
453,5204975424,Ango0221 (6/20),0,109.65,1B Ryan Vilade 2B Luis Urias 3B Junior Caminero C Alejandro Kirk OF George Springer OF Carson Benge OF Tyrone Taylor P Logan Gilbert P Drew Rasmussen SS Francisco Lindor,,,
453,5205122876,juliom328,0,109.65,1B Vladimir Guerrero Jr. 2B Luis Urias 3B Bo Bichette C Alejandro Kirk OF George Springer OF Carson Benge OF Heriberto Hernandez P Logan Gilbert P Drew Rasmussen SS Francisco Lindor,,,
453,5205192962,masonplays2014 (12/20),0,109.65,1B Jared Young 2B Brett Baty 3B Bo Bichette C Mitch Garver OF Randy Arozarena OF Julio Rodriguez OF A.J. Ewing P Logan Gilbert P Drew Rasmussen SS Otto Lopez,,,
453,5205222704,aquarius,0,109.65,1B Kyle Stowers 2B Cole Young 3B Yandy Diaz C Cal Raleigh OF Heriberto Hernandez OF Andrew Benintendi OF Griffin Conine P Logan Gilbert P Drew Rasmussen SS Francisco Lindor,,,
453,5205237802,DJsPath23 (2/5),0,109.65,1B Kyle Stowers 2B Xavier Edwards 3B Bo Bichette C Alejandro Kirk OF Carson Benge OF Heriberto Hernandez OF Esteury Ruiz P Logan Gilbert P Drew Rasmussen SS Otto Lopez,,,
453,5205261845,bmosley21 (4/20),0,109.65,1B Jared Young 2B Xavier Edwards 3B Yandy Diaz C Liam Hicks OF Dominic Canzone OF Heriberto Hernandez OF Esteury Ruiz P Logan Gilbert P Drew Rasmussen SS Otto Lopez,,,
453,5205278299,UWAlums03 (3/5),0,109.65,1B Vladimir Guerrero Jr. 2B Cole Young 3B Javier Sanoja C Cal Raleigh OF Julio Rodriguez OF Dominic Canzone OF Victor Mesa Jr. P Logan Gilbert P Drew Rasmussen SS Ernie Clement,,,
453,5205347376,chrispy2005 (14/20),0,109.65,1B Alec Burleson 2B Luis Urias 3B Blaze Jordan C Jimmy Crooks OF Jordan Walker OF Julio Rodriguez OF Heriberto Hernandez P Logan Gilbert P Drew Rasmussen SS Otto Lopez,,,
453,5205381505,nickrambo,0,109.65,1B Munetaka Murakami 2B Marcus Semien 3B Bo Bichette C Alejandro Kirk OF A.J. Ewing OF Heriberto Hernandez OF Tyrone Taylor P Logan Gilbert P Drew Rasmussen SS Masyn Winn,,,
453,5205432841,smk5430 (18/20),0,109.65,1B Jared Young 2B Marcus Semien 3B Kazuma Okamoto C Cal Raleigh OF Randy Arozarena OF Carson Benge OF Tyrone Taylor P Logan Gilbert P Drew Rasmussen SS Francisco Lindor,,,
453,5205458357,ac919 (4/7),0,109.65,1B Vladimir Guerrero Jr. 2B Marcus Semien 3B Javier Sanoja C Cal Raleigh OF Julio Rodriguez OF A.J. Ewing OF Daulton Varsho P Logan Gilbert P Drew Rasmussen SS Francisco Lindor,,,
453,5205470981,RelentlessD85 (10/20),0,109.65,1B Josh Naylor 2B Cole Young 3B Kazuma Okamoto C Cal Raleigh OF Julio Rodriguez OF Heriberto Hernandez OF Esteury Ruiz P Logan Gilbert P Drew Rasmussen SS Francisco Lindor,,,
453,5205492877,whip99 (9/20),0,109.65,1B Alec Burleson 2B JJ Wetherholt 3B Blaze Jordan C Ivan Herrera OF A.J. Ewing OF Heriberto Hernandez OF Lars Nootbaar P Logan Gilbert P Drew Rasmussen SS Javier Sanoja,,,
453,5205517739,Schlaurizzle (2/20),0,109.65,1B Vladimir Guerrero Jr. 2B Luis Urias 3B Bo Bichette C Alejandro Kirk OF George Springer OF Carson Benge OF Heriberto Hernandez P Logan Gilbert P Drew Rasmussen SS Francisco Lindor,,,
453,5205524108,xTRISKITx (8/20),0,109.65,1B Vladimir Guerrero Jr. 2B Luis Urias 3B Kazuma Okamoto C Ivan Herrera OF George Springer OF Heriberto Hernandez OF Myles Straw P Logan Gilbert P Drew Rasmussen SS Otto Lopez,,,
453,5205529376,texasnumbercruncher (1/20),0,109.65,1B Josh Naylor 2B Cole Young 3B Junior Caminero C Mitch Garver OF Julio Rodriguez OF Chandler Simpson OF Tyrone Taylor P Logan Gilbert P Drew Rasmussen SS Colt Emerson,,,
470,5205019830,hunchoharry (1/20),0,109.35,1B Alec Burleson 2B JJ Wetherholt 3B Javier Sanoja C Ivan Herrera OF Jordan Walker OF Lars Nootbaar OF Tyrone Taylor P Drew Rasmussen P Quinn Mathews SS Francisco Lindor,,,
470,5205123401,az350z (4/20),0,109.35,1B Alec Burleson 2B JJ Wetherholt 3B Leo Jimenez C Liam Hicks OF Jordan Walker OF Heriberto Hernandez OF Griffin Conine P Drew Rasmussen P Quinn Mathews SS Otto Lopez,,,
470,5205187122,wolven64,0,109.35,1B Kyle Stowers 2B Royce Lewis 3B Kazuma Okamoto C Ryan Jeffers OF Randy Arozarena OF A.J. Ewing OF Griffin Conine P Drew Rasmussen P Quinn Mathews SS Ernie Clement,,,
470,5205282934,rschindler14 (14/20),0,109.35,1B Alec Burleson 2B Cole Young 3B Bo Bichette C Cal Raleigh OF Randy Arozarena OF Julio Rodriguez OF Dominic Canzone P Drew Rasmussen P Quinn Mathews SS Francisco Lindor,,,
470,5205356503,lklk88088 (8/20),0,109.35,1B Alec Burleson 2B JJ Wetherholt 3B Leo Jimenez C Liam Hicks OF Jordan Walker OF Heriberto Hernandez OF Griffin Conine P Drew Rasmussen P Quinn Mathews SS Otto Lopez,,,
475,5204881829,vstar1300 (1/3),0,109.25,1B Royce Lewis 2B Kody Clemens 3B Brooks Lee C Cal Raleigh OF Chandler Simpson OF Trevor Larnach OF Luke Keaschall P Drew Rasmussen P Kevin Gausman SS Francisco Lindor,,,
475,5205158175,LOCNOTM (6/20),0,109.25,1B Royce Lewis 2B Brett Baty 3B Brooks Lee C Ryan Jeffers OF Kody Clemens OF Trevor Larnach OF Tyrone Taylor P Drew Rasmussen P Kevin Gausman SS Francisco Lindor,,,
475,5205158185,LOCNOTM (16/20),0,109.25,1B Kyle Stowers 2B Xavier Edwards 3B Kazuma Okamoto C Cal Raleigh OF Julio Rodriguez OF Esteury Ruiz OF Griffin Conine P Drew Rasmussen P Kevin Gausman SS Francisco Lindor,,,
475,5205204424,UniversalFriend (19/20),0,109.25,1B Kyle Stowers 2B Xavier Edwards 3B Kazuma Okamoto C Liam Hicks OF George Springer OF Heriberto Hernandez OF Daulton Varsho P Drew Rasmussen P Kevin Gausman SS Otto Lopez,,,
475,5205525040,WestNebrRob,0,109.25,1B Jared Young 2B Xavier Edwards 3B Javier Sanoja C Mitch Garver OF Jordan Walker OF Kody Clemens OF Randy Arozarena P Drew Rasmussen P Kevin Gausman SS Colson Montgomery,,,
480,5205242273,RPNiems,0,109.15,1B Yandy Diaz 2B Royce Lewis 3B Junior Caminero C Alejandro Kirk OF Jordan Walker OF Heriberto Hernandez OF Griffin Conine P Drew Rasmussen P Tyler Phillips SS Ernie Clement,,,
481,5205427414,Militant_Otter,0,109,1B Alec Burleson 2B Cole Young 3B Kazuma Okamoto C Nick Fortes OF Randy Arozarena OF Dominic Canzone OF Luke Keaschall P Drew Rasmussen P Zac Thornton SS Francisco Lindor,,,
482,5205462433,kcroyalfan (6/20),0,108.95,1B Vladimir Guerrero Jr. 2B Ernie Clement 3B Yandy Diaz C Liam Hicks OF Randy Arozarena OF George Springer OF A.J. Ewing P Kevin Gausman P Connor Prielipp SS Francisco Lindor,,,
483,5205025422,tbjones2121 (14/20),0,108.9,1B Vladimir Guerrero Jr. 2B Cole Young 3B Weston Wilson C Cal Raleigh OF Randy Arozarena OF George Springer OF Dominic Canzone P Logan Gilbert P Kevin Gausman SS Otto Lopez,,,
483,5205090292,drunkonpappy (18/20),0,108.9,1B Josh Naylor 2B Xavier Edwards 3B Kazuma Okamoto C Mitch Garver OF Randy Arozarena OF Julio Rodriguez OF Esteury Ruiz P Logan Gilbert P Kevin Gausman SS Otto Lopez,,,
483,5205247952,stevenhenry43211 (3/14),0,108.9,1B Vladimir Guerrero Jr. 2B Cole Young 3B Yandy Diaz C Cal Raleigh OF Randy Arozarena OF Dominic Canzone OF Andrew Benintendi P Logan Gilbert P Kevin Gausman SS Javier Sanoja,,,
483,5205286572,FoxyGrandpa252 (11/20),0,108.9,1B Josh Naylor 2B Xavier Edwards 3B Leo Jimenez C Liam Hicks OF Randy Arozarena OF Julio Rodriguez OF Heriberto Hernandez P Logan Gilbert P Kevin Gausman SS Otto Lopez,,,
483,5205415466,BuckeyeCity (12/20),0,108.9,1B Josh Naylor 2B Xavier Edwards 3B Leo Jimenez C Liam Hicks OF Randy Arozarena OF Julio Rodriguez OF Heriberto Hernandez P Logan Gilbert P Kevin Gausman SS Otto Lopez,,,
483,5205511160,ndesmarais97 (5/20),0,108.9,1B Vladimir Guerrero Jr. 2B Luis Urias 3B Kazuma Okamoto C Alejandro Kirk OF Randy Arozarena OF George Springer OF Victor Mesa Jr. P Logan Gilbert P Kevin Gausman SS Otto Lopez,,,
483,5205517807,ydoja2 (10/15),0,108.9,1B Vladimir Guerrero Jr. 2B Luis Urias 3B Yandy Diaz C Alejandro Kirk OF Randy Arozarena OF Julio Rodriguez OF Daulton Varsho P Logan Gilbert P Kevin Gausman SS Ernie Clement,,,
483,5205530612,broncswin79 (6/20),0,108.9,1B Vladimir Guerrero Jr. 2B Luis Urias 3B Yandy Diaz C Cal Raleigh OF Randy Arozarena OF Heriberto Hernandez OF Esteury Ruiz P Logan Gilbert P Kevin Gausman SS Francisco Lindor,,,
491,5205237853,jere6777,0,108.7,1B Yandy Diaz 2B Xavier Edwards 3B Brooks Lee C Liam Hicks OF Randy Arozarena OF A.J. Ewing OF Victor Mesa Jr. P Drew Rasmussen P Connor Prielipp SS Ernie Clement,,,
491,5205247589,jradesanmi (16/20),0,108.7,1B Vladimir Guerrero Jr. 2B Ernie Clement 3B Junior Caminero C Alejandro Kirk OF George Springer OF Heriberto Hernandez OF Daulton Varsho P Drew Rasmussen P Connor Prielipp SS Otto Lopez,,,
491,5205274765,kreller17 (16/20),0,108.7,1B Vladimir Guerrero Jr. 2B Luis Urias 3B Brooks Lee C Ryan Jeffers OF A.J. Ewing OF Trevor Larnach OF Heriberto Hernandez P Drew Rasmussen P Connor Prielipp SS Otto Lopez,,,
491,5205387757,zestfulyclean,0,108.7,1B Alec Burleson 2B Royce Lewis 3B Junior Caminero C Nick Fortes OF Jordan Walker OF Heriberto Hernandez OF Griffin Conine P Drew Rasmussen P Connor Prielipp SS Otto Lopez,,,
495,5205065393,goofybh207 (2/3),0,108.65,1B Vladimir Guerrero Jr. 2B Luis Urias 3B Junior Caminero C Alejandro Kirk OF Carson Benge OF Daulton Varsho OF Tyrone Taylor P Logan Gilbert P Drew Rasmussen SS Francisco Lindor,,,
495,5205241730,babypooh11701 (2/2),0,108.65,1B Vladimir Guerrero Jr. 2B Luis Urias 3B Kazuma Okamoto C Cal Raleigh OF George Springer OF Heriberto Hernandez OF Esteury Ruiz P Logan Gilbert P Drew Rasmussen SS Ernie Clement,,,
495,5205364093,zandwich (20/20),0,108.65,1B Kyle Stowers 2B Cole Young 3B Leo Jimenez C Cal Raleigh OF Julio Rodriguez OF Jonny DeLuca OF Heriberto Hernandez P Logan Gilbert P Drew Rasmussen SS Otto Lopez,,,
495,5205368879,Mike23-DK,0,108.65,1B Josh Naylor 2B Xavier Edwards 3B Weston Wilson C Alejandro Kirk OF Randy Arozarena OF A.J. Ewing OF Chandler Simpson P Logan Gilbert P Drew Rasmussen SS Francisco Lindor,,,
495,5205406859,james_thiel (10/20),0,108.65,1B Kyle Stowers 2B Xavier Edwards 3B Leo Jimenez C Cal Raleigh OF Randy Arozarena OF Dominic Canzone OF Heriberto Hernandez P Logan Gilbert P Drew Rasmussen SS Otto Lopez,,,
495,5205418057,GeezyMOB8832,0,108.65,1B Josh Naylor 2B Marcus Semien 3B Yandy Diaz C Alejandro Kirk OF George Springer OF Chandler Simpson OF Ryan Vilade P Logan Gilbert P Drew Rasmussen SS Masyn Winn,,,
495,5205474170,ballaholick713 (13/20),0,108.65,1B Kyle Stowers 2B Luis Urias 3B Kazuma Okamoto C Liam Hicks OF Jordan Walker OF George Springer OF Myles Straw P Logan Gilbert P Drew Rasmussen SS Ernie Clement,,,
495,5205492871,whip99 (3/20),0,108.65,1B Kyle Stowers 2B Xavier Edwards 3B Javier Sanoja C Liam Hicks OF Chandler Simpson OF Victor Mesa Jr. OF Heriberto Hernandez P Logan Gilbert P Drew Rasmussen SS Francisco Lindor,,,
495,5205492875,whip99 (7/20),0,108.65,1B Vladimir Guerrero Jr. 2B Luis Urias 3B Bo Bichette C Ivan Herrera OF Julio Rodriguez OF George Springer OF Myles Straw P Logan Gilbert P Drew Rasmussen SS Ernie Clement,,,
495,5205511173,ndesmarais97 (18/20),0,108.65,1B Kyle Stowers 2B Ernie Clement 3B Bo Bichette C Alejandro Kirk OF George Springer OF Daulton Varsho OF Myles Straw P Logan Gilbert P Drew Rasmussen SS Francisco Lindor,,,
495,5205515148,dfwtsx08 (6/10),0,108.65,1B Jared Young 2B Marcus Semien 3B Bo Bichette C Alejandro Kirk OF Randy Arozarena OF Chandler Simpson OF Carson Benge P Logan Gilbert P Drew Rasmussen SS Francisco Lindor,,,
495,5205529490,iverson333,0,108.65,1B Josh Naylor 2B Marcus Semien 3B Kazuma Okamoto C Cal Raleigh OF Randy Arozarena OF Dominic Canzone OF Heriberto Hernandez P Logan Gilbert P Drew Rasmussen SS Ernie Clement,,,
507,5205187873,trbs1972,0,108.35,1B Vladimir Guerrero Jr. 2B JJ Wetherholt 3B Kazuma Okamoto C Ivan Herrera OF Jordan Walker OF George Springer OF Lars Nootbaar P Drew Rasmussen P Noah Schultz SS Javier Sanoja,,,
507,5205238795,BamaJones (2/2),0,108.35,1B Vladimir Guerrero Jr. 2B Xavier Edwards 3B Junior Caminero C Liam Hicks OF George Springer OF Heriberto Hernandez OF Esteury Ruiz P Logan Gilbert P Connor Prielipp SS Javier Sanoja,,,
509,5205161695,jwsc87,0,108.25,1B Yandy Diaz 2B Marcus Semien 3B Kazuma Okamoto C Cal Raleigh OF Julio Rodriguez OF George Springer OF Esteury Ruiz P Drew Rasmussen P Kevin Gausman SS Francisco Lindor,,,
509,5205300718,kkbailey,0,108.25,1B Kyle Stowers 2B Cole Young 3B Yandy Diaz C Cal Raleigh OF Julio Rodriguez OF George Springer OF Dominic Canzone P Drew Rasmussen P Kevin Gausman SS Ernie Clement,,,
509,5205492874,whip99 (6/20),0,108.25,1B Kyle Stowers 2B Xavier Edwards 3B Yandy Diaz C Cal Raleigh OF Julio Rodriguez OF Heriberto Hernandez OF Esteury Ruiz P Drew Rasmussen P Kevin Gausman SS Otto Lopez,,,
509,5205504058,sportsfan14 (20/20),0,108.25,1B Josh Naylor 2B Royce Lewis 3B Weston Wilson C Ryan Jeffers OF Randy Arozarena OF Julio Rodriguez OF Dominic Canzone P Drew Rasmussen P Kevin Gausman SS Ryan Kreidler,,,
509,5205517299,bhess777 (4/20),0,108.25,1B Yandy Diaz 2B Luis Urias 3B Junior Caminero C Alejandro Kirk OF George Springer OF Chandler Simpson OF Myles Straw P Drew Rasmussen P Kevin Gausman SS Otto Lopez,,,
509,5205526263,jimmydog,0,108.25,1B Kyle Stowers 2B Ernie Clement 3B Junior Caminero C Nick Fortes OF Julio Rodriguez OF A.J. Ewing OF Esteury Ruiz P Drew Rasmussen P Kevin Gausman SS Otto Lopez,,,
515,5204859691,niquisition (16/20),0,108,1B Alec Burleson 2B Cole Young 3B Blaze Jordan C Cal Raleigh OF Jordan Walker OF Randy Arozarena OF Lars Nootbaar P Drew Rasmussen P Zac Thornton SS Masyn Winn,,,
515,5205510877,dfwinscom (20/20),0,108,1B Josh Naylor 2B Royce Lewis 3B Yandy Diaz C Alejandro Kirk OF Randy Arozarena OF Julio Rodriguez OF Dominic Canzone P Drew Rasmussen P Zac Thornton SS Colt Emerson,,,
517,5205496608,Discostupendously (10/10),0,107.95,1B Kyle Stowers 2B Kody Clemens 3B Javier Sanoja C Ryan Jeffers OF Trevor Larnach OF Heriberto Hernandez OF Esteury Ruiz P Kevin Gausman P Connor Prielipp SS Otto Lopez,,,
518,5205090278,drunkonpappy (4/20),0,107.9,1B Vladimir Guerrero Jr. 2B Luis Urias 3B Kazuma Okamoto C Alejandro Kirk OF Julio Rodriguez OF George Springer OF Esteury Ruiz P Logan Gilbert P Kevin Gausman SS Otto Lopez,,,
518,5205282931,rschindler14 (11/20),0,107.9,1B Vladimir Guerrero Jr. 2B Luis Urias 3B Kazuma Okamoto C Alejandro Kirk OF Randy Arozarena OF Julio Rodriguez OF Esteury Ruiz P Logan Gilbert P Kevin Gausman SS Colson Montgomery,,,
518,5205292793,wormlove3 (2/17),0,107.9,1B Vladimir Guerrero Jr. 2B Davis Schneider 3B Yandy Diaz C Cal Raleigh OF Randy Arozarena OF Julio Rodriguez OF Victor Mesa Jr. P Logan Gilbert P Kevin Gausman SS Javier Sanoja,,,
518,5205299321,wormlove3 (8/17),0,107.9,1B Vladimir Guerrero Jr. 2B Davis Schneider 3B Yandy Diaz C Cal Raleigh OF Randy Arozarena OF Julio Rodriguez OF Victor Mesa Jr. P Logan Gilbert P Kevin Gausman SS Javier Sanoja,,,
518,5205299330,wormlove3 (14/17),0,107.9,1B Vladimir Guerrero Jr. 2B Davis Schneider 3B Yandy Diaz C Cal Raleigh OF Randy Arozarena OF Julio Rodriguez OF Victor Mesa Jr. P Logan Gilbert P Kevin Gausman SS Javier Sanoja,,,
518,5205510861,dfwinscom (4/20),0,107.9,1B Vladimir Guerrero Jr. 2B Luis Urias 3B Kazuma Okamoto C Alejandro Kirk OF Randy Arozarena OF George Springer OF Dominic Canzone P Logan Gilbert P Kevin Gausman SS Francisco Lindor,,,
524,5204859682,niquisition (7/20),0,107.7,1B Alec Burleson 2B JJ Wetherholt 3B Brooks Lee C Alejandro Kirk OF Jordan Walker OF Esteury Ruiz OF Daulton Varsho P Drew Rasmussen P Connor Prielipp SS Ernie Clement,,,
524,5205200443,rsumrall (1/20),0,107.7,1B Royce Lewis 2B Xavier Edwards 3B Javier Sanoja C Ryan Jeffers OF Kody Clemens OF Heriberto Hernandez OF Esteury Ruiz P Drew Rasmussen P Connor Prielipp SS Otto Lopez,,,
526,5204944094,Sammy.Boy (3/20),0,107.65,1B Alec Burleson 2B Luis Urias 3B Blaze Jordan C Ivan Herrera OF Jordan Walker OF Heriberto Hernandez OF Lars Nootbaar P Logan Gilbert P Drew Rasmussen SS Otto Lopez,,,
526,5205026834,spundin,0,107.65,1B Jared Young 2B Cole Young 3B Weston Wilson C Cal Raleigh OF Randy Arozarena OF Julio Rodriguez OF A.J. Ewing P Logan Gilbert P Drew Rasmussen SS Francisco Lindor,,,
526,5205090280,drunkonpappy (6/20),0,107.65,1B Kyle Stowers 2B Xavier Edwards 3B Kazuma Okamoto C Mitch Garver OF Julio Rodriguez OF Heriberto Hernandez OF Esteury Ruiz P Logan Gilbert P Drew Rasmussen SS Otto Lopez,,,
526,5205124296,tshonts3 (3/5),0,107.65,1B Alec Burleson 2B Luis Urias 3B Junior Caminero C Jimmy Crooks OF Randy Arozarena OF Lars Nootbaar OF Nathan Church P Logan Gilbert P Drew Rasmussen SS Francisco Lindor,,,
526,5205186446,Clutchtrain,0,107.65,1B Jared Young 2B Luis Urias 3B Kazuma Okamoto C Cal Raleigh OF Randy Arozarena OF George Springer OF A.J. Ewing P Logan Gilbert P Drew Rasmussen SS Francisco Lindor,,,
526,5205200444,rsumrall (2/20),0,107.65,1B Alec Burleson 2B Luis Urias 3B Blaze Jordan C Ivan Herrera OF Jordan Walker OF Heriberto Hernandez OF Lars Nootbaar P Logan Gilbert P Drew Rasmussen SS Otto Lopez,,,
526,5205200451,rsumrall (9/20),0,107.65,1B Kyle Stowers 2B Xavier Edwards 3B Leo Jimenez C Alejandro Kirk OF A.J. Ewing OF Heriberto Hernandez OF Tyrone Taylor P Logan Gilbert P Drew Rasmussen SS Otto Lopez,,,
526,5205299719,amuch,0,107.65,1B Kyle Stowers 2B Xavier Edwards 3B Kazuma Okamoto C Liam Hicks OF Carson Benge OF Heriberto Hernandez OF Griffin Conine P Logan Gilbert P Drew Rasmussen SS Ernie Clement,,,
526,5205347371,chrispy2005 (9/20),0,107.65,1B Alec Burleson 2B Luis Urias 3B Kazuma Okamoto C Mitch Garver OF Julio Rodriguez OF George Springer OF Dominic Canzone P Logan Gilbert P Drew Rasmussen SS Masyn Winn,,,
526,5205348597,bassguy39 (1/8),0,107.65,1B Alec Burleson 2B Luis Urias 3B Blaze Jordan C Ivan Herrera OF Jordan Walker OF Heriberto Hernandez OF Lars Nootbaar P Logan Gilbert P Drew Rasmussen SS Otto Lopez,,,
526,5205389309,Chadg20 (8/20),0,107.65,1B Alec Burleson 2B Luis Urias 3B Blaze Jordan C Ivan Herrera OF Jordan Walker OF Heriberto Hernandez OF Nathan Church P Logan Gilbert P Drew Rasmussen SS Otto Lopez,,,
526,5205398513,SGdennis85,0,107.65,1B Kyle Stowers 2B Xavier Edwards 3B Yandy Diaz C Mitch Garver OF Randy Arozarena OF Ryan Vilade OF Weston Wilson P Logan Gilbert P Drew Rasmussen SS Otto Lopez,,,
526,5205434535,LoganDFS812 (2/3),0,107.65,1B Ryan Vilade 2B JJ Wetherholt 3B Javier Sanoja C Ivan Herrera OF Jonny DeLuca OF Lars Nootbaar OF Nathan Church P Logan Gilbert P Drew Rasmussen SS Otto Lopez,,,
526,5205474173,ballaholick713 (16/20),0,107.65,1B Yandy Diaz 2B Ernie Clement 3B Weston Wilson C Cal Raleigh OF Randy Arozarena OF Julio Rodriguez OF Daulton Varsho P Logan Gilbert P Drew Rasmussen SS Colt Emerson,,,
526,5205517743,Schlaurizzle (6/20),0,107.65,1B Vladimir Guerrero Jr. 2B Luis Urias 3B Kazuma Okamoto C Alejandro Kirk OF George Springer OF Dominic Canzone OF Heriberto Hernandez P Logan Gilbert P Drew Rasmussen SS Francisco Lindor,,,
526,5205526955,Grnder_786 (13/20),0,107.65,1B Vladimir Guerrero Jr. 2B Xavier Edwards 3B Leo Jimenez C Cal Raleigh OF George Springer OF Esteury Ruiz OF Daulton Varsho P Logan Gilbert P Drew Rasmussen SS Otto Lopez,,,
526,5205534625,eagles5016 (2/20),0,107.65,1B Alec Burleson 2B Luis Urias 3B Leo Jimenez C Liam Hicks OF Jordan Walker OF Dominic Canzone OF Heriberto Hernandez P Logan Gilbert P Drew Rasmussen SS Otto Lopez,,,
543,5205204291,JcClark18 (6/20),0,107.35,1B Kyle Stowers 2B JJ Wetherholt 3B Javier Sanoja C Ivan Herrera OF Jordan Walker OF Heriberto Hernandez OF Griffin Conine P Logan Gilbert P Connor Prielipp SS Otto Lopez,,,
543,5205214616,tpyo (11/20),0,107.35,1B Munetaka Murakami 2B JJ Wetherholt 3B Javier Sanoja C Cal Raleigh OF Heriberto Hernandez OF Esteury Ruiz OF Griffin Conine P Logan Gilbert P Connor Prielipp SS Otto Lopez,,,
543,5205485606,KenyanDrake (10/20),0,107.35,1B Kyle Stowers 2B Xavier Edwards 3B Javier Sanoja C Ryan Jeffers OF Kody Clemens OF Trevor Larnach OF Heriberto Hernandez P Drew Rasmussen P Quinn Mathews SS Otto Lopez,,,
546,5205187593,WILDCATBALLERS (8/20),0,107.25,1B Yandy Diaz 2B Luis Urias 3B Junior Caminero C Mitch Garver OF Julio Rodriguez OF Heriberto Hernandez OF Esteury Ruiz P Drew Rasmussen P Kevin Gausman SS Francisco Lindor,,,
546,5205259207,kozy6813 (13/20),0,107.25,1B Vladimir Guerrero Jr. 2B Xavier Edwards 3B Leo Jimenez C Cal Raleigh OF Julio Rodriguez OF Heriberto Hernandez OF Griffin Conine P Drew Rasmussen P Kevin Gausman SS Otto Lopez,,,
546,5205510876,dfwinscom (19/20),0,107.25,1B Kyle Stowers 2B Xavier Edwards 3B Kazuma Okamoto C Cal Raleigh OF George Springer OF Heriberto Hernandez OF Esteury Ruiz P Drew Rasmussen P Kevin Gausman SS Otto Lopez,,,
549,5205440938,DefendFreedom (17/20),0,107.15,1B Yandy Diaz 2B Luis Urias 3B Kazuma Okamoto C Alejandro Kirk OF George Springer OF Heriberto Hernandez OF Daulton Varsho P Drew Rasmussen P Tyler Phillips SS Otto Lopez,,,
550,5205101741,welchy81 (18/20),0,107,1B Kyle Stowers 2B Xavier Edwards 3B Javier Sanoja C Cal Raleigh OF Randy Arozarena OF Heriberto Hernandez OF Esteury Ruiz P Logan Gilbert P Quinn Mathews SS Francisco Lindor,,,
550,5205115014,christiangideon (7/10),0,107,1B Jared Young 2B Cole Young 3B Brett Baty C Ivan Herrera OF Randy Arozarena OF Julio Rodriguez OF George Springer P Drew Rasmussen P Zac Thornton SS Ernie Clement,,,
550,5205166867,eddieamen,0,107,1B Royce Lewis 2B Ben Williamson 3B Kazuma Okamoto C Alejandro Kirk OF Randy Arozarena OF George Springer OF Jonny DeLuca P Drew Rasmussen P Zac Thornton SS Ernie Clement,,,
550,5205432833,smk5430 (10/20),0,107,1B Royce Lewis 2B Kody Clemens 3B Brooks Lee C Cal Raleigh OF Randy Arozarena OF Julio Rodriguez OF Luke Keaschall P Drew Rasmussen P Zac Thornton SS Colt Emerson,,,
554,5205027737,pickens81 (2/5),0,106.9,1B Jared Young 2B Xavier Edwards 3B Kazuma Okamoto C Liam Hicks OF Randy Arozarena OF Heriberto Hernandez OF Esteury Ruiz P Logan Gilbert P Kevin Gausman SS Otto Lopez,,,
554,5205173866,ttillie (16/20),0,106.9,1B Jared Young 2B Luis Urias 3B Kazuma Okamoto C Liam Hicks OF Randy Arozarena OF George Springer OF A.J. Ewing P Logan Gilbert P Kevin Gausman SS Otto Lopez,,,
554,5205268622,Isklebibble (13/20),0,106.9,1B Vladimir Guerrero Jr. 2B Davis Schneider 3B Kazuma Okamoto C Alejandro Kirk OF Randy Arozarena OF George Springer OF Dominic Canzone P Logan Gilbert P Kevin Gausman SS Francisco Lindor,,,
554,5205348266,thinman2001 (3/3),0,106.9,1B Josh Naylor 2B Cole Young 3B Kazuma Okamoto C Alejandro Kirk OF Randy Arozarena OF Julio Rodriguez OF Dominic Canzone P Logan Gilbert P Kevin Gausman SS Ernie Clement,,,
554,5205529384,texasnumbercruncher (9/20),0,106.9,1B Vladimir Guerrero Jr. 2B Luis Urias 3B Kazuma Okamoto C Mitch Garver OF Randy Arozarena OF Julio Rodriguez OF George Springer P Logan Gilbert P Kevin Gausman SS Ernie Clement,,,
554,5205540434,bellsofwar3 (6/14),0,106.9,1B Kyle Stowers 2B Xavier Edwards 3B Yandy Diaz C Liam Hicks OF George Springer OF Esteury Ruiz OF Myles Straw P Logan Gilbert P Kevin Gausman SS Otto Lopez,,,
560,5205228666,Awalker3081 (7/20),0,106.7,1B Kyle Stowers 2B Xavier Edwards 3B Bo Bichette C Alejandro Kirk OF Carson Benge OF Heriberto Hernandez OF Griffin Conine P Drew Rasmussen P Connor Prielipp SS Otto Lopez,,,
560,5205238731,Stangs13,0,106.7,1B Royce Lewis 2B Kody Clemens 3B Brooks Lee C Ryan Jeffers OF A.J. Ewing OF Trevor Larnach OF Tyrone Taylor P Drew Rasmussen P Connor Prielipp SS Francisco Lindor,,,
560,5205418151,4prongdigger (3/5),0,106.7,1B Vladimir Guerrero Jr. 2B Royce Lewis 3B Kazuma Okamoto C Alejandro Kirk OF Kody Clemens OF George Springer OF Trevor Larnach P Drew Rasmussen P Connor Prielipp SS Ernie Clement,,,
563,5204934977,rajonrondough,0,106.65,1B Vladimir Guerrero Jr. 2B Luis Urias 3B Kazuma Okamoto C Alejandro Kirk OF George Springer OF A.J. Ewing OF Heriberto Hernandez P Logan Gilbert P Drew Rasmussen SS Francisco Lindor,,,
563,5204944100,Sammy.Boy (9/20),0,106.65,1B Josh Naylor 2B Cole Young 3B Junior Caminero C Jimmy Crooks OF Randy Arozarena OF Chandler Simpson OF Victor Mesa Jr. P Logan Gilbert P Drew Rasmussen SS Colt Emerson,,,
563,5205143672,aylsg,0,106.65,1B Vladimir Guerrero Jr. 2B Luis Urias 3B Kazuma Okamoto C Alejandro Kirk OF George Springer OF Carson Benge OF Heriberto Hernandez P Logan Gilbert P Drew Rasmussen SS Francisco Lindor,,,
563,5205173869,ttillie (19/20),0,106.65,1B Vladimir Guerrero Jr. 2B Luis Urias 3B Kazuma Okamoto C Liam Hicks OF Julio Rodriguez OF Heriberto Hernandez OF Daulton Varsho P Logan Gilbert P Drew Rasmussen SS Francisco Lindor,,,
563,5205201562,sportsfan882,0,106.65,1B Vladimir Guerrero Jr. 2B Luis Urias 3B Kazuma Okamoto C Alejandro Kirk OF George Springer OF A.J. Ewing OF Heriberto Hernandez P Logan Gilbert P Drew Rasmussen SS Francisco Lindor,,,
563,5205251609,uvajay (2/20),0,106.65,1B Vladimir Guerrero Jr. 2B Luis Urias 3B Kazuma Okamoto C Alejandro Kirk OF Julio Rodriguez OF Carson Benge OF Heriberto Hernandez P Logan Gilbert P Drew Rasmussen SS Otto Lopez,,,
563,5205259199,kozy6813 (5/20),0,106.65,1B Yandy Diaz 2B Luis Urias 3B Kazuma Okamoto C Nick Fortes OF Randy Arozarena OF Jonny DeLuca OF Chandler Simpson P Logan Gilbert P Drew Rasmussen SS Ben Williamson,,,
563,5205261847,bmosley21 (6/20),0,106.65,1B Jared Young 2B Brett Baty 3B Bo Bichette C Liam Hicks OF A.J. Ewing OF Heriberto Hernandez OF Tyrone Taylor P Logan Gilbert P Drew Rasmussen SS Otto Lopez,,,
563,5205269637,okelly36 (3/4),0,106.65,1B Vladimir Guerrero Jr. 2B Luis Urias 3B Kazuma Okamoto C Alejandro Kirk OF George Springer OF Chandler Simpson OF Heriberto Hernandez P Logan Gilbert P Drew Rasmussen SS Francisco Lindor,,,
563,5205307761,xXxPLOSIVE (1/5),0,106.65,1B Vladimir Guerrero Jr. 2B Luis Urias 3B Kazuma Okamoto C Alejandro Kirk OF George Springer OF A.J. Ewing OF Heriberto Hernandez P Logan Gilbert P Drew Rasmussen SS Francisco Lindor,,,
563,5205307762,xXxPLOSIVE (2/5),0,106.65,1B Vladimir Guerrero Jr. 2B Luis Urias 3B Kazuma Okamoto C Alejandro Kirk OF George Springer OF Carson Benge OF Heriberto Hernandez P Logan Gilbert P Drew Rasmussen SS Francisco Lindor,,,
563,5205333216,Andy41golf (1/2),0,106.65,1B Kyle Stowers 2B Xavier Edwards 3B Kazuma Okamoto C Luis Torrens OF Randy Arozarena OF Dominic Canzone OF Heriberto Hernandez P Logan Gilbert P Drew Rasmussen SS Otto Lopez,,,
563,5205333230,Andy41golf (2/2),0,106.65,1B Kyle Stowers 2B Xavier Edwards 3B Kazuma Okamoto C Luis Torrens OF Randy Arozarena OF Dominic Canzone OF Heriberto Hernandez P Logan Gilbert P Drew Rasmussen SS Otto Lopez,,,
563,5205393424,LubeJobs (1/2),0,106.65,1B Vladimir Guerrero Jr. 2B Luis Urias 3B Kazuma Okamoto C Alejandro Kirk OF George Springer OF Carson Benge OF Heriberto Hernandez P Logan Gilbert P Drew Rasmussen SS Francisco Lindor,,,
563,5205406860,james_thiel (11/20),0,106.65,1B Jared Young 2B Brett Baty 3B Bo Bichette C Cal Raleigh OF Randy Arozarena OF A.J. Ewing OF Esteury Ruiz P Logan Gilbert P Drew Rasmussen SS Francisco Lindor,,,
563,5205432825,smk5430 (2/20),0,106.65,1B Vladimir Guerrero Jr. 2B Luis Urias 3B Kazuma Okamoto C Cal Raleigh OF Randy Arozarena OF Dominic Canzone OF Daulton Varsho P Logan Gilbert P Drew Rasmussen SS Ernie Clement,,,
563,5205440923,DefendFreedom (2/20),0,106.65,1B Josh Naylor 2B Brett Baty 3B Junior Caminero C Mitch Garver OF Randy Arozarena OF Heriberto Hernandez OF Weston Wilson P Logan Gilbert P Drew Rasmussen SS Francisco Lindor,,,
563,5205474174,ballaholick713 (17/20),0,106.65,1B Josh Naylor 2B JJ Wetherholt 3B Bo Bichette C Mitch Garver OF Randy Arozarena OF Carson Benge OF Dominic Canzone P Logan Gilbert P Drew Rasmussen SS Colt Emerson,,,
563,5205476951,boblovesfootball,0,106.65,1B Alec Burleson 2B Cole Young 3B Brooks Lee C Liam Hicks OF Carson Benge OF Dominic Canzone OF Ryan Vilade P Logan Gilbert P Drew Rasmussen SS Ernie Clement,,,
563,5205482588,paullywallnuts,0,106.65,1B Vladimir Guerrero Jr. 2B Luis Urias 3B Kazuma Okamoto C Alejandro Kirk OF George Springer OF A.J. Ewing OF Heriberto Hernandez P Logan Gilbert P Drew Rasmussen SS Francisco Lindor,,,
563,5205511156,ndesmarais97 (1/20),0,106.65,1B Vladimir Guerrero Jr. 2B Luis Urias 3B Kazuma Okamoto C Alejandro Kirk OF George Springer OF Carson Benge OF Heriberto Hernandez P Logan Gilbert P Drew Rasmussen SS Francisco Lindor,,,
563,5205517738,Schlaurizzle (1/20),0,106.65,1B Vladimir Guerrero Jr. 2B Luis Urias 3B Kazuma Okamoto C Alejandro Kirk OF George Springer OF Carson Benge OF Heriberto Hernandez P Logan Gilbert P Drew Rasmussen SS Francisco Lindor,,,
585,5205259214,kozy6813 (20/20),0,106.35,1B Kyle Stowers 2B Ben Williamson 3B Javier Sanoja C Liam Hicks OF A.J. Ewing OF Heriberto Hernandez OF Tyrone Taylor P Logan Gilbert P Connor Prielipp SS Otto Lopez,,,
586,5205133064,Aoteoroa (2/6),0,106.25,1B Josh Naylor 2B Kody Clemens 3B Bo Bichette C Nick Fortes OF Randy Arozarena OF A.J. Ewing OF Chandler Simpson P Drew Rasmussen P Kevin Gausman SS Francisco Lindor,,,
586,5205133073,Aoteoroa (5/6),0,106.25,1B Josh Naylor 2B Kody Clemens 3B Bo Bichette C Nick Fortes OF Randy Arozarena OF A.J. Ewing OF Chandler Simpson P Drew Rasmussen P Kevin Gausman SS Francisco Lindor,,,
586,5205267178,SFN03 (15/20),0,106.25,1B Munetaka Murakami 2B Luis Urias 3B Kazuma Okamoto C Alejandro Kirk OF Randy Arozarena OF Carson Benge OF Nathan Church P Drew Rasmussen P Kevin Gausman SS Ernie Clement,,,
586,5205274751,kreller17 (2/20),0,106.25,1B Royce Lewis 2B Davis Schneider 3B Junior Caminero C Alejandro Kirk OF Julio Rodriguez OF George Springer OF Myles Straw P Drew Rasmussen P Kevin Gausman SS Ernie Clement,,,
586,5205529499,SMITTOFF11 (1/8),0,106.25,1B Yandy Diaz 2B Xavier Edwards 3B Jorge Polanco C Cal Raleigh OF Randy Arozarena OF George Springer OF A.J. Ewing P Drew Rasmussen P Kevin Gausman SS Ernie Clement,,,
586,5205536208,SMITTOFF11 (3/8),0,106.25,1B Yandy Diaz 2B Xavier Edwards 3B Jorge Polanco C Cal Raleigh OF Randy Arozarena OF George Springer OF A.J. Ewing P Drew Rasmussen P Kevin Gausman SS Ernie Clement,,,
586,5205536214,SMITTOFF11 (5/8),0,106.25,1B Yandy Diaz 2B Xavier Edwards 3B Jorge Polanco C Cal Raleigh OF Randy Arozarena OF George Springer OF A.J. Ewing P Drew Rasmussen P Kevin Gausman SS Ernie Clement,,,
586,5205536500,SMITTOFF11 (7/8),0,106.25,1B Yandy Diaz 2B Xavier Edwards 3B Jorge Polanco C Cal Raleigh OF Randy Arozarena OF George Springer OF A.J. Ewing P Drew Rasmussen P Kevin Gausman SS Ernie Clement,,,
594,5205143498,cw1tt (14/20),0,106,1B Alec Burleson 2B Cole Young 3B Weston Wilson C Ivan Herrera OF Jordan Walker OF Randy Arozarena OF Dominic Canzone P Drew Rasmussen P Zac Thornton SS Masyn Winn,,,
594,5205282936,rschindler14 (16/20),0,106,1B Alec Burleson 2B Marcus Semien 3B Javier Sanoja C Ivan Herrera OF Jordan Walker OF Julio Rodriguez OF Esteury Ruiz P Logan Gilbert P Quinn Mathews SS Otto Lopez,,,
594,5205415472,BuckeyeCity (18/20),0,106,1B Josh Naylor 2B Royce Lewis 3B Weston Wilson C Ryan Jeffers OF Randy Arozarena OF Julio Rodriguez OF Trevor Larnach P Drew Rasmussen P Zac Thornton SS Ryan Kreidler,,,
594,5205505198,KingTerryPegula (15/20),0,106,1B Alec Burleson 2B JJ Wetherholt 3B Javier Sanoja C Liam Hicks OF Heriberto Hernandez OF Griffin Conine OF Tristan Peters P Logan Gilbert P Quinn Mathews SS Otto Lopez,,,
598,5205247582,jradesanmi (9/20),0,105.9,1B Kyle Stowers 2B Cole Young 3B Junior Caminero C Cal Raleigh OF Julio Rodriguez OF Heriberto Hernandez OF Esteury Ruiz P Logan Gilbert P Kevin Gausman SS Javier Sanoja,,,
598,5205295580,bigdave55er,0,105.9,1B Vladimir Guerrero Jr. 2B Ernie Clement 3B Kazuma Okamoto C Liam Hicks OF Trevor Larnach OF Carson Benge OF Griffin Conine P Logan Gilbert P Kevin Gausman SS Francisco Lindor,,,
598,5205304188,terryf20,0,105.9,1B Vladimir Guerrero Jr. 2B Ernie Clement 3B Yandy Diaz C Cal Raleigh OF Julio Rodriguez OF Heriberto Hernandez OF Esteury Ruiz P Logan Gilbert P Kevin Gausman SS Javier Sanoja,,,
598,5205405185,SpeedRacer101 (15/20),0,105.9,1B Vladimir Guerrero Jr. 2B Ernie Clement 3B Kazuma Okamoto C Alejandro Kirk OF George Springer OF Heriberto Hernandez OF Esteury Ruiz P Logan Gilbert P Kevin Gausman SS Otto Lopez,,,
598,5205505196,KingTerryPegula (13/20),0,105.9,1B Josh Naylor 2B Xavier Edwards 3B Weston Wilson C Alejandro Kirk OF Randy Arozarena OF Julio Rodriguez OF Heriberto Hernandez P Logan Gilbert P Kevin Gausman SS Otto Lopez,,,
598,5205524106,xTRISKITx (6/20),0,105.9,1B Vladimir Guerrero Jr. 2B Luis Urias 3B Kazuma Okamoto C Alejandro Kirk OF George Springer OF Heriberto Hernandez OF Esteury Ruiz P Logan Gilbert P Kevin Gausman SS Otto Lopez,,,
604,5205007362,SliceB,0,105.7,1B Kyle Stowers 2B JJ Wetherholt 3B Blaze Jordan C Ryan Jeffers OF Kody Clemens OF George Springer OF Griffin Conine P Drew Rasmussen P Connor Prielipp SS Ernie Clement,,,
604,5205228667,Awalker3081 (8/20),0,105.7,1B Kyle Stowers 2B Xavier Edwards 3B Leo Jimenez C Alejandro Kirk OF George Springer OF Heriberto Hernandez OF Esteury Ruiz P Drew Rasmussen P Connor Prielipp SS Francisco Lindor,,,
606,5204997398,Gabe57 (4/19),0,105.65,1B Vladimir Guerrero Jr. 2B Luis Urias 3B Kazuma Okamoto C Ivan Herrera OF Jordan Walker OF George Springer OF Davis Schneider P Logan Gilbert P Drew Rasmussen SS Masyn Winn,,,
606,5205012841,SayHeyKid1230 (11/20),0,105.65,1B Jared Young 2B Cole Young 3B Yandy Diaz C Mitch Garver OF Randy Arozarena OF A.J. Ewing OF Chandler Simpson P Logan Gilbert P Drew Rasmussen SS Taylor Walls,,,
606,5205019432,Schoey17 (2/4),0,105.65,1B Jared Young 2B Xavier Edwards 3B Bo Bichette C Liam Hicks OF A.J. Ewing OF Heriberto Hernandez OF Esteury Ruiz P Logan Gilbert P Drew Rasmussen SS Otto Lopez,,,
606,5205033020,AverageTuesday (13/20),0,105.65,1B Kyle Stowers 2B Xavier Edwards 3B Leo Jimenez C Liam Hicks OF A.J. Ewing OF Heriberto Hernandez OF Tyrone Taylor P Logan Gilbert P Drew Rasmussen SS Francisco Lindor,,,
606,5205187587,WILDCATBALLERS (2/20),0,105.65,1B Vladimir Guerrero Jr. 2B Luis Urias 3B Yandy Diaz C Cal Raleigh OF George Springer OF Heriberto Hernandez OF Weston Wilson P Logan Gilbert P Drew Rasmussen SS Otto Lopez,,,
606,5205229488,funger31,0,105.65,1B Josh Naylor 2B Xavier Edwards 3B Bo Bichette C Alejandro Kirk OF Chandler Simpson OF Trevor Larnach OF Carson Benge P Logan Gilbert P Drew Rasmussen SS Masyn Winn,,,
606,5205256864,chicksdigthewongball (20/20),0,105.65,1B Jared Young 2B Xavier Edwards 3B Bo Bichette C Alejandro Kirk OF George Springer OF A.J. Ewing OF Tyrone Taylor P Logan Gilbert P Drew Rasmussen SS Francisco Lindor,,,
606,5205259213,kozy6813 (19/20),0,105.65,1B Yandy Diaz 2B Cole Young 3B Leo Jimenez C Mitch Garver OF Julio Rodriguez OF Dominic Canzone OF Heriberto Hernandez P Logan Gilbert P Drew Rasmussen SS Otto Lopez,,,
606,5205431565,WunstaGuy (11/20),0,105.65,1B Jared Young 2B Xavier Edwards 3B Bo Bichette C Liam Hicks OF Carson Benge OF Heriberto Hernandez OF Esteury Ruiz P Logan Gilbert P Drew Rasmussen SS Otto Lopez,,,
606,5205433142,lbquadz (3/3),0,105.65,1B Vladimir Guerrero Jr. 2B Luis Urias 3B Kazuma Okamoto C Liam Hicks OF A.J. Ewing OF Heriberto Hernandez OF Daulton Varsho P Logan Gilbert P Drew Rasmussen SS Otto Lopez,,,
606,5205492869,whip99 (1/20),0,105.65,1B Vladimir Guerrero Jr. 2B Luis Urias 3B Kazuma Okamoto C Alejandro Kirk OF Jonny DeLuca OF Chandler Simpson OF Daulton Varsho P Logan Gilbert P Drew Rasmussen SS Otto Lopez,,,
606,5205504044,sportsfan14 (6/20),0,105.65,1B Vladimir Guerrero Jr. 2B Luis Urias 3B Kazuma Okamoto C Ivan Herrera OF Jordan Walker OF George Springer OF Davis Schneider P Logan Gilbert P Drew Rasmussen SS Masyn Winn,,,
606,5205511164,ndesmarais97 (9/20),0,105.65,1B Vladimir Guerrero Jr. 2B Luis Urias 3B Kazuma Okamoto C Cal Raleigh OF Julio Rodriguez OF George Springer OF Davis Schneider P Logan Gilbert P Drew Rasmussen SS Otto Lopez,,,
606,5205524180,mattmoss12 (5/20),0,105.65,1B Jared Young 2B Xavier Edwards 3B Bo Bichette C Liam Hicks OF Carson Benge OF Heriberto Hernandez OF Esteury Ruiz P Logan Gilbert P Drew Rasmussen SS Otto Lopez,,,
606,5205530182,MDboston91 (2/2),0,105.65,1B Vladimir Guerrero Jr. 2B Xavier Edwards 3B Bo Bichette C Alejandro Kirk OF George Springer OF Heriberto Hernandez OF Davis Schneider P Logan Gilbert P Drew Rasmussen SS Francisco Lindor,,,
621,5205427381,piratemanatees,0,105.35,1B Vladimir Guerrero Jr. 2B Xavier Edwards 3B Javier Sanoja C Liam Hicks OF George Springer OF A.J. Ewing OF Heriberto Hernandez P Logan Gilbert P Connor Prielipp SS Otto Lopez,,,
621,5205474169,ballaholick713 (12/20),0,105.35,1B Kyle Stowers 2B Marcus Semien 3B Junior Caminero C Liam Hicks OF A.J. Ewing OF Esteury Ruiz OF Griffin Conine P Logan Gilbert P Connor Prielipp SS Otto Lopez,,,
621,5205474175,ballaholick713 (18/20),0,105.35,1B Alec Burleson 2B JJ Wetherholt 3B Blaze Jordan C Ivan Herrera OF Jordan Walker OF Esteury Ruiz OF Griffin Conine P Logan Gilbert P Connor Prielipp SS Otto Lopez,,,
624,5205158120,j-wolf05 (13/20),0,105.25,1B Josh Naylor 2B Kody Clemens 3B Weston Wilson C Ryan Jeffers OF Randy Arozarena OF Julio Rodriguez OF Dominic Canzone P Drew Rasmussen P Kevin Gausman SS Ryan Kreidler,,,
624,5205241374,bhoke0918,0,105.25,1B Yandy Diaz 2B Xavier Edwards 3B Weston Wilson C Cal Raleigh OF Randy Arozarena OF Julio Rodriguez OF Heriberto Hernandez P Drew Rasmussen P Kevin Gausman SS Ernie Clement,,,
624,5205256857,chicksdigthewongball (13/20),0,105.25,1B Vladimir Guerrero Jr. 2B Luis Urias 3B Junior Caminero C Alejandro Kirk OF George Springer OF Chandler Simpson OF Daulton Varsho P Drew Rasmussen P Kevin Gausman SS Francisco Lindor,,,
624,5205364083,zandwich (10/20),0,105.25,1B Vladimir Guerrero Jr. 2B Luis Urias 3B Kazuma Okamoto C Alejandro Kirk OF Kody Clemens OF Trevor Larnach OF Heriberto Hernandez P Drew Rasmussen P Kevin Gausman SS Ernie Clement,,,
624,5205454757,bertosf49ers,0,105.25,1B Jonathan Aranda 2B Marcus Semien 3B Kazuma Okamoto C Cal Raleigh OF Randy Arozarena OF George Springer OF Carson Benge P Drew Rasmussen P Kevin Gausman SS Ernie Clement,,,
629,5205470991,RelentlessD85 (20/20),0,105.15,1B Alec Burleson 2B JJ Wetherholt 3B Kazuma Okamoto C Alejandro Kirk OF Kody Clemens OF Julio Rodriguez OF Luke Keaschall P Drew Rasmussen P Tyler Phillips SS Otto Lopez,,,
630,5205261800,Nagob123,0,105,1B Munetaka Murakami 2B Royce Lewis 3B Javier Sanoja C Cal Raleigh OF Jonny DeLuca OF Trevor Larnach OF Dominic Canzone P Drew Rasmussen P Zac Thornton SS Masyn Winn,,,
630,5205440932,DefendFreedom (11/20),0,105,1B Vladimir Guerrero Jr. 2B Cole Young 3B Kazuma Okamoto C Alejandro Kirk OF Randy Arozarena OF Dominic Canzone OF Daulton Varsho P Drew Rasmussen P Zac Thornton SS Ernie Clement,,,
632,5205090279,drunkonpappy (5/20),0,104.9,1B Vladimir Guerrero Jr. 2B Luis Urias 3B Kazuma Okamoto C Cal Raleigh OF Randy Arozarena OF George Springer OF Daulton Varsho P Logan Gilbert P Kevin Gausman SS Otto Lopez,,,
632,5205136277,Caryg07 (8/20),0,104.9,1B Kyle Stowers 2B Xavier Edwards 3B Leo Jimenez C Liam Hicks OF Randy Arozarena OF Julio Rodriguez OF Dominic Canzone P Logan Gilbert P Kevin Gausman SS Otto Lopez,,,
632,5205158116,j-wolf05 (9/20),0,104.9,1B Kyle Stowers 2B Xavier Edwards 3B Javier Sanoja C Liam Hicks OF Sam Antonacci OF A.J. Ewing OF Griffin Conine P Logan Gilbert P Kevin Gausman SS Francisco Lindor,,,
632,5205214606,tpyo (1/20),0,104.9,1B Vladimir Guerrero Jr. 2B Luis Urias 3B Kazuma Okamoto C Ivan Herrera OF Randy Arozarena OF George Springer OF Daulton Varsho P Logan Gilbert P Kevin Gausman SS Francisco Lindor,,,
632,5205232962,madballnj (6/20),0,104.9,1B Vladimir Guerrero Jr. 2B Luis Urias 3B Kazuma Okamoto C Alejandro Kirk OF Randy Arozarena OF Julio Rodriguez OF Heriberto Hernandez P Logan Gilbert P Kevin Gausman SS Ernie Clement,,,
632,5205458358,ac919 (5/7),0,104.9,1B Yandy Diaz 2B Xavier Edwards 3B Javier Sanoja C Cal Raleigh OF Julio Rodriguez OF Heriberto Hernandez OF Tyrone Taylor P Logan Gilbert P Kevin Gausman SS Otto Lopez,,,
632,5205462441,kcroyalfan (14/20),0,104.9,1B Vladimir Guerrero Jr. 2B Cole Young 3B Bo Bichette C Mitch Garver OF Randy Arozarena OF Julio Rodriguez OF Dominic Canzone P Logan Gilbert P Kevin Gausman SS Ernie Clement,,,
632,5205496606,Discostupendously (8/10),0,104.9,1B Munetaka Murakami 2B Xavier Edwards 3B Javier Sanoja C Mitch Garver OF Julio Rodriguez OF Heriberto Hernandez OF Esteury Ruiz P Logan Gilbert P Kevin Gausman SS Otto Lopez,,,
632,5205517296,bhess777 (1/20),0,104.9,1B Yandy Diaz 2B Xavier Edwards 3B Javier Sanoja C Liam Hicks OF A.J. Ewing OF Heriberto Hernandez OF Esteury Ruiz P Logan Gilbert P Kevin Gausman SS Francisco Lindor,,,
632,5205524191,mattmoss12 (16/20),0,104.9,1B Josh Naylor 2B Cole Young 3B Bo Bichette C Mitch Garver OF Randy Arozarena OF Julio Rodriguez OF A.J. Ewing P Logan Gilbert P Kevin Gausman SS Francisco Lindor,,,
642,5205019848,hunchoharry (19/20),0,104.7,1B Munetaka Murakami 2B Luis Urias 3B Javier Sanoja C Liam Hicks OF Jordan Walker OF A.J. Ewing OF Carson Benge P Drew Rasmussen P Connor Prielipp SS Francisco Lindor,,,
642,5205170865,love245555 (6/20),0,104.7,1B Alec Burleson 2B JJ Wetherholt 3B Leo Jimenez C Liam Hicks OF Jordan Walker OF Chandler Simpson OF Esteury Ruiz P Drew Rasmussen P Connor Prielipp SS Otto Lopez,,,
642,5205285030,mrclean913 (5/20),0,104.7,1B Alec Burleson 2B JJ Wetherholt 3B Blaze Jordan C Liam Hicks OF Jordan Walker OF Heriberto Hernandez OF Lars Nootbaar P Drew Rasmussen P Connor Prielipp SS Otto Lopez,,,
642,5205432839,smk5430 (16/20),0,104.7,1B Kyle Stowers 2B Xavier Edwards 3B Yandy Diaz C Ryan Jeffers OF Kody Clemens OF Heriberto Hernandez OF Esteury Ruiz P Drew Rasmussen P Connor Prielipp SS Javier Sanoja,,,
642,5205474168,ballaholick713 (11/20),0,104.7,1B Kyle Stowers 2B Xavier Edwards 3B Kazuma Okamoto C Liam Hicks OF Jordan Walker OF George Springer OF Heriberto Hernandez P Drew Rasmussen P Connor Prielipp SS Otto Lopez,,,
642,5205524186,mattmoss12 (11/20),0,104.7,1B Alec Burleson 2B JJ Wetherholt 3B Blaze Jordan C Alejandro Kirk OF Jordan Walker OF George Springer OF Daulton Varsho P Drew Rasmussen P Connor Prielipp SS Ernie Clement,,,
648,5204867941,mga120 (12/20),0,104.65,1B Vladimir Guerrero Jr. 2B Luis Urias 3B Yandy Diaz C Alejandro Kirk OF George Springer OF Chandler Simpson OF Daulton Varsho P Logan Gilbert P Drew Rasmussen SS Taylor Walls,,,
648,5204975432,Ango0221 (14/20),0,104.65,1B Kyle Stowers 2B Ben Williamson 3B Bo Bichette C Liam Hicks OF George Springer OF Nathan Church OF Ryan Vilade P Logan Gilbert P Drew Rasmussen SS Otto Lopez,,,
648,5205038900,samsli (4/6),0,104.65,1B Vladimir Guerrero Jr. 2B Luis Urias 3B Bo Bichette C Alejandro Kirk OF George Springer OF A.J. Ewing OF Carson Benge P Logan Gilbert P Drew Rasmussen SS Ernie Clement,,,
648,5205038901,samsli (5/6),0,104.65,1B Vladimir Guerrero Jr. 2B Luis Urias 3B Bo Bichette C Alejandro Kirk OF George Springer OF A.J. Ewing OF Carson Benge P Logan Gilbert P Drew Rasmussen SS Ernie Clement,,,
648,5205038902,samsli (6/6),0,104.65,1B Vladimir Guerrero Jr. 2B Luis Urias 3B Bo Bichette C Alejandro Kirk OF George Springer OF A.J. Ewing OF Carson Benge P Logan Gilbert P Drew Rasmussen SS Ernie Clement,,,
648,5205090294,drunkonpappy (20/20),0,104.65,1B Vladimir Guerrero Jr. 2B Luis Urias 3B Kazuma Okamoto C Alejandro Kirk OF Julio Rodriguez OF A.J. Ewing OF Daulton Varsho P Logan Gilbert P Drew Rasmussen SS Otto Lopez,,,
648,5205132400,KristianFTM (18/20),0,104.65,1B Kyle Stowers 2B Xavier Edwards 3B Weston Wilson C Liam Hicks OF Julio Rodriguez OF Dominic Canzone OF Heriberto Hernandez P Logan Gilbert P Drew Rasmussen SS Otto Lopez,,,
648,5205191696,cowboys767 (1/20),0,104.65,1B Vladimir Guerrero Jr. 2B Xavier Edwards 3B Leo Jimenez C Cal Raleigh OF Julio Rodriguez OF Heriberto Hernandez OF Esteury Ruiz P Logan Gilbert P Drew Rasmussen SS Otto Lopez,,,
648,5205204420,UniversalFriend (15/20),0,104.65,1B Vladimir Guerrero Jr. 2B Luis Urias 3B Yandy Diaz C Alejandro Kirk OF George Springer OF Chandler Simpson OF Ryan Vilade P Logan Gilbert P Drew Rasmussen SS Ernie Clement,,,
648,5205256854,chicksdigthewongball (10/20),0,104.65,1B Yandy Diaz 2B Marcus Semien 3B Bo Bichette C Luis Torrens OF Julio Rodriguez OF Heriberto Hernandez OF Tyrone Taylor P Logan Gilbert P Drew Rasmussen SS Francisco Lindor,,,
648,5205283762,Dhadron (10/20),0,104.65,1B Yandy Diaz 2B Marcus Semien 3B Brett Baty C Nick Fortes OF A.J. Ewing OF Heriberto Hernandez OF Esteury Ruiz P Logan Gilbert P Drew Rasmussen SS Otto Lopez,,,
648,5205284854,Twinz1987 (5/20),0,104.65,1B Kyle Stowers 2B JJ Wetherholt 3B Kazuma Okamoto C Cal Raleigh OF Victor Mesa Jr. OF Heriberto Hernandez OF Esteury Ruiz P Logan Gilbert P Drew Rasmussen SS Javier Sanoja,,,
648,5205284859,Twinz1987 (10/20),0,104.65,1B Vladimir Guerrero Jr. 2B Brett Baty 3B Bo Bichette C Cal Raleigh OF George Springer OF Carson Benge OF Tyrone Taylor P Logan Gilbert P Drew Rasmussen SS Francisco Lindor,,,
648,5205320674,Velllo (13/20),0,104.65,1B Alec Burleson 2B Xavier Edwards 3B Leo Jimenez C Cal Raleigh OF Julio Rodriguez OF Heriberto Hernandez OF Esteury Ruiz P Logan Gilbert P Drew Rasmussen SS Otto Lopez,,,
648,5205337145,pete0six (11/20),0,104.65,1B Jared Young 2B Marcus Semien 3B Bo Bichette C Liam Hicks OF Julio Rodriguez OF A.J. Ewing OF Heriberto Hernandez P Logan Gilbert P Drew Rasmussen SS Otto Lopez,,,
648,5205364092,zandwich (19/20),0,104.65,1B Josh Naylor 2B Xavier Edwards 3B Leo Jimenez C Cal Raleigh OF Julio Rodriguez OF Heriberto Hernandez OF Esteury Ruiz P Logan Gilbert P Drew Rasmussen SS Otto Lopez,,,
648,5205453158,Denbrokid,0,104.65,1B Yandy Diaz 2B Cole Young 3B Junior Caminero C Nick Fortes OF Jonny DeLuca OF Victor Mesa Jr. OF Tyrone Taylor P Logan Gilbert P Drew Rasmussen SS Colt Emerson,,,
648,5205478681,TelepathicHalo,0,104.65,1B Vladimir Guerrero Jr. 2B Brett Baty 3B Bo Bichette C Cal Raleigh OF George Springer OF Carson Benge OF Tyrone Taylor P Logan Gilbert P Drew Rasmussen SS Francisco Lindor,,,
648,5205500577,johnbrock636 (3/3),0,104.65,1B Alec Burleson 2B JJ Wetherholt 3B Bo Bichette C Jimmy Crooks OF Heriberto Hernandez OF Esteury Ruiz OF Nathan Church P Logan Gilbert P Drew Rasmussen SS Otto Lopez,,,
648,5205515143,dfwtsx08 (1/10),0,104.65,1B Alec Burleson 2B Luis Urias 3B Blaze Jordan C Ivan Herrera OF Jordan Walker OF Dominic Canzone OF Nathan Church P Logan Gilbert P Drew Rasmussen SS Otto Lopez,,,
648,5205525696,Jasonsb1,0,104.65,1B Yandy Diaz 2B Cole Young 3B Junior Caminero C Nick Fortes OF Carson Benge OF Heriberto Hernandez OF Ryan Vilade P Logan Gilbert P Drew Rasmussen SS Javier Sanoja,,,
648,5205539920,troubledsoe,0,104.65,1B Vladimir Guerrero Jr. 2B Xavier Edwards 3B Leo Jimenez C Liam Hicks OF Carson Benge OF Heriberto Hernandez OF Esteury Ruiz P Logan Gilbert P Drew Rasmussen SS Ernie Clement,,,
670,5205140495,sheed6 (6/20),0,104.35,1B Munetaka Murakami 2B Xavier Edwards 3B Miguel Vargas C Liam Hicks OF Andrew Benintendi OF Esteury Ruiz OF Griffin Conine P Drew Rasmussen P Quinn Mathews SS Otto Lopez,,,
670,5205406862,james_thiel (13/20),0,104.35,1B Vladimir Guerrero Jr. 2B Xavier Edwards 3B Yandy Diaz C Liam Hicks OF George Springer OF Heriberto Hernandez OF Esteury Ruiz P Logan Gilbert P Connor Prielipp SS Otto Lopez,,,
670,5205519884,mbs1973,0,104.35,1B Kyle Stowers 2B Xavier Edwards 3B Yandy Diaz C Mitch Garver OF Jordan Walker OF Randy Arozarena OF A.J. Ewing P Drew Rasmussen P Quinn Mathews SS Masyn Winn,,,
670,5205526959,Grnder_786 (17/20),0,104.35,1B Vladimir Guerrero Jr. 2B Xavier Edwards 3B Yandy Diaz C Liam Hicks OF George Springer OF Heriberto Hernandez OF Esteury Ruiz P Logan Gilbert P Connor Prielipp SS Otto Lopez,,,
674,5204975422,Ango0221 (4/20),0,104.25,1B Vladimir Guerrero Jr. 2B Ben Williamson 3B Yandy Diaz C Alejandro Kirk OF George Springer OF A.J. Ewing OF Ryan Vilade P Drew Rasmussen P Kevin Gausman SS Otto Lopez,,,
674,5205124235,rubytuesday,0,104.25,1B Vladimir Guerrero Jr. 2B Ernie Clement 3B Bo Bichette C Alejandro Kirk OF George Springer OF A.J. Ewing OF Carson Benge P Drew Rasmussen P Kevin Gausman SS Francisco Lindor,,,
674,5205163406,billbush,0,104.25,1B Vladimir Guerrero Jr. 2B Xavier Edwards 3B Kazuma Okamoto C Cal Raleigh OF George Springer OF A.J. Ewing OF Esteury Ruiz P Drew Rasmussen P Kevin Gausman SS Otto Lopez,,,
674,5205200457,rsumrall (15/20),0,104.25,1B Vladimir Guerrero Jr. 2B Luis Urias 3B Kazuma Okamoto C Alejandro Kirk OF Kody Clemens OF Trevor Larnach OF Daulton Varsho P Drew Rasmussen P Kevin Gausman SS Francisco Lindor,,,
674,5205268629,Isklebibble (20/20),0,104.25,1B Vladimir Guerrero Jr. 2B Davis Schneider 3B Junior Caminero C Alejandro Kirk OF George Springer OF Chandler Simpson OF Daulton Varsho P Drew Rasmussen P Kevin Gausman SS Francisco Lindor,,,
674,5205466728,Blerud15 (19/20),0,104.25,1B Ryan Vilade 2B Xavier Edwards 3B Junior Caminero C Liam Hicks OF Victor Mesa Jr. OF Heriberto Hernandez OF Griffin Conine P Drew Rasmussen P Kevin Gausman SS Otto Lopez,,,
674,5205520257,SayHeyKid1230 (15/20),0,104.25,1B Vladimir Guerrero Jr. 2B Ernie Clement 3B Junior Caminero C Liam Hicks OF Carson Benge OF Daulton Varsho OF Tyrone Taylor P Drew Rasmussen P Kevin Gausman SS Ben Williamson,,,
681,5205256438,RadSol,0,104,1B Alec Burleson 2B Luis Urias 3B Kazuma Okamoto C Alejandro Kirk OF Jordan Walker OF Randy Arozarena OF Carson Benge P Drew Rasmussen P Zac Thornton SS Masyn Winn,,,
681,5205405172,SpeedRacer101 (2/20),0,104,1B Royce Lewis 2B Kody Clemens 3B Kazuma Okamoto C Victor Caratini OF Randy Arozarena OF George Springer OF Trevor Larnach P Drew Rasmussen P Zac Thornton SS Ryan Kreidler,,,
683,5205090288,drunkonpappy (14/20),0,103.9,1B Josh Naylor 2B Luis Urias 3B Kazuma Okamoto C Cal Raleigh OF Randy Arozarena OF Julio Rodriguez OF George Springer P Logan Gilbert P Kevin Gausman SS Francisco Lindor,,,
683,5205101724,welchy81 (1/20),0,103.9,1B Yandy Diaz 2B Xavier Edwards 3B Javier Sanoja C Cal Raleigh OF Julio Rodriguez OF Heriberto Hernandez OF Esteury Ruiz P Logan Gilbert P Kevin Gausman SS Otto Lopez,,,
683,5205191708,cowboys767 (13/20),0,103.9,1B Vladimir Guerrero Jr. 2B Davis Schneider 3B Kazuma Okamoto C Cal Raleigh OF Randy Arozarena OF George Springer OF Daulton Varsho P Logan Gilbert P Kevin Gausman SS Otto Lopez,,,
683,5205320670,Velllo (9/20),0,103.9,1B Yandy Diaz 2B Xavier Edwards 3B Javier Sanoja C Cal Raleigh OF Julio Rodriguez OF Heriberto Hernandez OF Esteury Ruiz P Logan Gilbert P Kevin Gausman SS Otto Lopez,,,
683,5205534641,eagles5016 (18/20),0,103.9,1B Kyle Stowers 2B Xavier Edwards 3B Bo Bichette C Liam Hicks OF Sam Antonacci OF Julio Rodriguez OF Esteury Ruiz P Logan Gilbert P Kevin Gausman SS Javier Sanoja,,,
683,5205538594,Rhombus87 (16/20),0,103.9,1B Vladimir Guerrero Jr. 2B Cole Young 3B Weston Wilson C Cal Raleigh OF Randy Arozarena OF George Springer OF Dominic Canzone P Logan Gilbert P Kevin Gausman SS Francisco Lindor,,,
689,5204975430,Ango0221 (12/20),0,103.7,1B Kyle Stowers 2B Xavier Edwards 3B Junior Caminero C Liam Hicks OF Carson Benge OF Heriberto Hernandez OF Griffin Conine P Drew Rasmussen P Connor Prielipp SS Francisco Lindor,,,
689,5205025425,tbjones2121 (17/20),0,103.7,1B Vladimir Guerrero Jr. 2B JJ Wetherholt 3B Kazuma Okamoto C Alejandro Kirk OF George Springer OF Heriberto Hernandez OF Daulton Varsho P Drew Rasmussen P Connor Prielipp SS Otto Lopez,,,
689,5205282924,rschindler14 (4/20),0,103.7,1B Vladimir Guerrero Jr. 2B Xavier Edwards 3B Kazuma Okamoto C Ryan Jeffers OF George Springer OF Heriberto Hernandez OF Esteury Ruiz P Drew Rasmussen P Connor Prielipp SS Otto Lopez,,,
689,5205286574,FoxyGrandpa252 (13/20),0,103.7,1B Alec Burleson 2B Luis Urias 3B Kazuma Okamoto C Alejandro Kirk OF Jordan Walker OF George Springer OF Daulton Varsho P Drew Rasmussen P Connor Prielipp SS Masyn Winn,,,
693,5205173870,ttillie (20/20),0,103.65,1B Vladimir Guerrero Jr. 2B Luis Urias 3B Yandy Diaz C Alejandro Kirk OF Carson Benge OF Heriberto Hernandez OF Daulton Varsho P Logan Gilbert P Drew Rasmussen SS Francisco Lindor,,,
693,5205204289,JcClark18 (4/20),0,103.65,1B Alec Burleson 2B Luis Urias 3B Kazuma Okamoto C Alejandro Kirk OF Jordan Walker OF Daulton Varsho OF Myles Straw P Logan Gilbert P Drew Rasmussen SS Otto Lopez,,,
693,5205371327,ladybeme06,0,103.65,1B Vladimir Guerrero Jr. 2B Xavier Edwards 3B Junior Caminero C Luis Torrens OF George Springer OF Tyrone Taylor OF Myles Straw P Logan Gilbert P Drew Rasmussen SS Francisco Lindor,,,
693,5205462443,kcroyalfan (16/20),0,103.65,1B Yandy Diaz 2B Luis Urias 3B Junior Caminero C Edgar Quero OF Jonny DeLuca OF Chandler Simpson OF Victor Mesa Jr. P Logan Gilbert P Drew Rasmussen SS Javier Sanoja,,,
693,5205477810,cwthrow24 (20/20),0,103.65,1B Vladimir Guerrero Jr. 2B JJ Wetherholt 3B Blaze Jordan C Cal Raleigh OF George Springer OF Lars Nootbaar OF Daulton Varsho P Logan Gilbert P Drew Rasmussen SS Masyn Winn,,,
693,5205498870,bleeski,0,103.65,1B Alec Burleson 2B Cole Young 3B Kazuma Okamoto C Jimmy Crooks OF Julio Rodriguez OF Carson Benge OF Heriberto Hernandez P Logan Gilbert P Drew Rasmussen SS Otto Lopez,,,
693,5205517741,Schlaurizzle (4/20),0,103.65,1B Vladimir Guerrero Jr. 2B Luis Urias 3B Kazuma Okamoto C Alejandro Kirk OF George Springer OF Carson Benge OF Dominic Canzone P Logan Gilbert P Drew Rasmussen SS Francisco Lindor,,,
693,5205517742,Schlaurizzle (5/20),0,103.65,1B Vladimir Guerrero Jr. 2B Luis Urias 3B Kazuma Okamoto C Alejandro Kirk OF George Springer OF Victor Mesa Jr. OF Heriberto Hernandez P Logan Gilbert P Drew Rasmussen SS Francisco Lindor,,,
701,5204788745,ivymoose (7/20),0,103.25,1B Royce Lewis 2B Kody Clemens 3B Weston Wilson C Ryan Jeffers OF Julio Rodriguez OF Trevor Larnach OF Luke Keaschall P Drew Rasmussen P Kevin Gausman SS Colt Emerson,,,
701,5204975434,Ango0221 (16/20),0,103.25,1B Ryan Vilade 2B Xavier Edwards 3B Junior Caminero C Liam Hicks OF Carson Benge OF Heriberto Hernandez OF Esteury Ruiz P Drew Rasmussen P Kevin Gausman SS Otto Lopez,,,
701,5205123400,az350z (3/20),0,103.25,1B Yandy Diaz 2B Luis Urias 3B Junior Caminero C Alejandro Kirk OF George Springer OF Dominic Canzone OF Daulton Varsho P Drew Rasmussen P Kevin Gausman SS Ernie Clement,,,
701,5205123408,az350z (11/20),0,103.25,1B Vladimir Guerrero Jr. 2B Xavier Edwards 3B Kazuma Okamoto C Alejandro Kirk OF George Springer OF Chandler Simpson OF Daulton Varsho P Drew Rasmussen P Kevin Gausman SS Otto Lopez,,,
701,5205158171,LOCNOTM (2/20),0,103.25,1B Yandy Diaz 2B Luis Urias 3B Junior Caminero C Alejandro Kirk OF Randy Arozarena OF Chandler Simpson OF Victor Mesa Jr. P Drew Rasmussen P Kevin Gausman SS Taylor Walls,,,
701,5205431568,WunstaGuy (14/20),0,103.25,1B Jared Young 2B Marcus Semien 3B Bo Bichette C Ryan Jeffers OF Randy Arozarena OF Carson Benge OF Heriberto Hernandez P Drew Rasmussen P Kevin Gausman SS Francisco Lindor,,,
701,5205477800,cwthrow24 (10/20),0,103.25,1B Royce Lewis 2B Kody Clemens 3B Brooks Lee C Ryan Jeffers OF Randy Arozarena OF Dominic Canzone OF Austin Martin P Drew Rasmussen P Kevin Gausman SS Colt Emerson,,,
708,5205214617,tpyo (12/20),0,103,1B Vladimir Guerrero Jr. 2B Marcus Semien 3B Brett Baty C Ryan Jeffers OF Randy Arozarena OF A.J. Ewing OF Tyrone Taylor P Drew Rasmussen P Zac Thornton SS Francisco Lindor,,,
708,5205285038,mrclean913 (13/20),0,103,1B Alec Burleson 2B Cole Young 3B Blaze Jordan C Ivan Herrera OF Jordan Walker OF Randy Arozarena OF Dominic Canzone P Logan Gilbert P Quinn Mathews SS Masyn Winn,,,
708,5205504051,sportsfan14 (13/20),0,103,1B Alec Burleson 2B Cole Young 3B Blaze Jordan C Ivan Herrera OF Jordan Walker OF Randy Arozarena OF Dominic Canzone P Logan Gilbert P Quinn Mathews SS Masyn Winn,,,
711,5205183610,jnwallen (7/20),0,102.95,1B Kyle Stowers 2B Kody Clemens 3B Brooks Lee C Ryan Jeffers OF Trevor Larnach OF Heriberto Hernandez OF Griffin Conine P Kevin Gausman P Connor Prielipp SS Otto Lopez,,,
711,5205455743,Hey...HereWeGo1 (15/20),0,102.95,1B Kyle Stowers 2B Xavier Edwards 3B Kazuma Okamoto C Alejandro Kirk OF Randy Arozarena OF George Springer OF Heriberto Hernandez P Kevin Gausman P Connor Prielipp SS Otto Lopez,,,
713,5205158118,j-wolf05 (11/20),0,102.9,1B Kyle Stowers 2B Luis Urias 3B Junior Caminero C Liam Hicks OF A.J. Ewing OF Heriberto Hernandez OF Griffin Conine P Logan Gilbert P Kevin Gausman SS Otto Lopez,,,
713,5205247586,jradesanmi (13/20),0,102.9,1B Vladimir Guerrero Jr. 2B Marcus Semien 3B Bo Bichette C Cal Raleigh OF Randy Arozarena OF A.J. Ewing OF Tyrone Taylor P Logan Gilbert P Kevin Gausman SS Francisco Lindor,,,
713,5205247587,jradesanmi (14/20),0,102.9,1B Vladimir Guerrero Jr. 2B Luis Urias 3B Bo Bichette C Alejandro Kirk OF Julio Rodriguez OF George Springer OF Heriberto Hernandez P Logan Gilbert P Kevin Gausman SS Otto Lopez,,,
713,5205474158,ballaholick713 (1/20),0,102.9,1B Josh Naylor 2B Cole Young 3B Kazuma Okamoto C Cal Raleigh OF Randy Arozarena OF George Springer OF Dominic Canzone P Logan Gilbert P Kevin Gausman SS Ernie Clement,,,
713,5205504047,sportsfan14 (9/20),0,102.9,1B Kyle Stowers 2B Cole Young 3B Weston Wilson C Cal Raleigh OF Randy Arozarena OF Julio Rodriguez OF Esteury Ruiz P Logan Gilbert P Kevin Gausman SS Colson Montgomery,,,
713,5205510858,dfwinscom (1/20),0,102.9,1B Vladimir Guerrero Jr. 2B Marcus Semien 3B Bo Bichette C Cal Raleigh OF Randy Arozarena OF A.J. Ewing OF Tyrone Taylor P Logan Gilbert P Kevin Gausman SS Francisco Lindor,,,
713,5205510860,dfwinscom (3/20),0,102.9,1B Vladimir Guerrero Jr. 2B Luis Urias 3B Kazuma Okamoto C Alejandro Kirk OF Randy Arozarena OF Carson Benge OF Daulton Varsho P Logan Gilbert P Kevin Gausman SS Otto Lopez,,,
720,5205072085,Wanna_Square_Up1567 (8/20),0,102.7,1B Vladimir Guerrero Jr. 2B Luis Urias 3B Kazuma Okamoto C Alejandro Kirk OF Jordan Walker OF Daulton Varsho OF Tyrone Taylor P Drew Rasmussen P Connor Prielipp SS Francisco Lindor,,,
720,5205192970,masonplays2014 (20/20),0,102.7,1B Kyle Stowers 2B Kody Clemens 3B Bo Bichette C Liam Hicks OF Carson Benge OF Heriberto Hernandez OF Esteury Ruiz P Drew Rasmussen P Connor Prielipp SS Francisco Lindor,,,
720,5205257570,Rene8480 (2/3),0,102.7,1B Vladimir Guerrero Jr. 2B Kody Clemens 3B Yandy Diaz C Alejandro Kirk OF George Springer OF Carson Benge OF Heriberto Hernandez P Drew Rasmussen P Connor Prielipp SS Francisco Lindor,,,
720,5205424053,homErb0y,0,102.7,1B Alec Burleson 2B Davis Schneider 3B Yandy Diaz C Ryan Jeffers OF George Springer OF Trevor Larnach OF Victor Mesa Jr. P Drew Rasmussen P Connor Prielipp SS Francisco Lindor,,,
724,5204859679,niquisition (4/20),0,102.65,1B Alec Burleson 2B Luis Urias 3B Blaze Jordan C Cal Raleigh OF Jordan Walker OF Julio Rodriguez OF Lars Nootbaar P Logan Gilbert P Drew Rasmussen SS Masyn Winn,,,
724,5204867940,mga120 (11/20),0,102.65,1B Vladimir Guerrero Jr. 2B Luis Urias 3B Kazuma Okamoto C Alejandro Kirk OF Jordan Walker OF George Springer OF Lars Nootbaar P Logan Gilbert P Drew Rasmussen SS Colt Emerson,,,
724,5204975431,Ango0221 (13/20),0,102.65,1B Josh Naylor 2B Marcus Semien 3B Kazuma Okamoto C Luis Torrens OF Randy Arozarena OF A.J. Ewing OF Carson Benge P Logan Gilbert P Drew Rasmussen SS Francisco Lindor,,,
724,5205008494,isaakuerickson (8/10),0,102.65,1B Alec Burleson 2B Marcus Semien 3B Javier Sanoja C Luis Torrens OF Jordan Walker OF A.J. Ewing OF Lars Nootbaar P Logan Gilbert P Drew Rasmussen SS Francisco Lindor,,,
724,5205033024,AverageTuesday (17/20),0,102.65,1B Alec Burleson 2B Brett Baty 3B Bo Bichette C Ivan Herrera OF A.J. Ewing OF Heriberto Hernandez OF Tyrone Taylor P Logan Gilbert P Drew Rasmussen SS Francisco Lindor,,,
724,5205204302,JcClark18 (17/20),0,102.65,1B Jared Young 2B Xavier Edwards 3B Bo Bichette C Liam Hicks OF A.J. Ewing OF Carson Benge OF Tyrone Taylor P Logan Gilbert P Drew Rasmussen SS Otto Lopez,,,
724,5205251612,uvajay (5/20),0,102.65,1B Alec Burleson 2B Marcus Semien 3B Bo Bichette C Cal Raleigh OF A.J. Ewing OF Heriberto Hernandez OF Tyrone Taylor P Logan Gilbert P Drew Rasmussen SS Francisco Lindor,,,
724,5205261850,bmosley21 (9/20),0,102.65,1B Ryan Vilade 2B Ben Williamson 3B Junior Caminero C Nick Fortes OF Jonny DeLuca OF Heriberto Hernandez OF Esteury Ruiz P Logan Gilbert P Drew Rasmussen SS Otto Lopez,,,
724,5205337136,pete0six (2/20),0,102.65,1B Alec Burleson 2B Luis Urias 3B Blaze Jordan C Ivan Herrera OF Jordan Walker OF Heriberto Hernandez OF Lars Nootbaar P Logan Gilbert P Drew Rasmussen SS Francisco Lindor,,,
724,5205465883,BigMart11 (18/20),0,102.65,1B Vladimir Guerrero Jr. 2B Luis Urias 3B Kazuma Okamoto C Nick Fortes OF Julio Rodriguez OF George Springer OF Dominic Canzone P Logan Gilbert P Drew Rasmussen SS Ernie Clement,,,
724,5205492878,whip99 (10/20),0,102.65,1B Alec Burleson 2B JJ Wetherholt 3B Blaze Jordan C Jimmy Crooks OF Jordan Walker OF Heriberto Hernandez OF Myles Straw P Logan Gilbert P Drew Rasmussen SS Otto Lopez,,,
724,5205498706,TroyGilly91 (4/8),0,102.65,1B Alec Burleson 2B Marcus Semien 3B Brett Baty C Cal Raleigh OF Julio Rodriguez OF Dominic Canzone OF Tyrone Taylor P Logan Gilbert P Drew Rasmussen SS Francisco Lindor,,,
724,5205510869,dfwinscom (12/20),0,102.65,1B Vladimir Guerrero Jr. 2B Marcus Semien 3B Bo Bichette C Cal Raleigh OF A.J. Ewing OF Heriberto Hernandez OF Tyrone Taylor P Logan Gilbert P Drew Rasmussen SS Francisco Lindor,,,
724,5205517757,Schlaurizzle (20/20),0,102.65,1B Alec Burleson 2B Luis Urias 3B Blaze Jordan C Ivan Herrera OF Jordan Walker OF Heriberto Hernandez OF Lars Nootbaar P Logan Gilbert P Drew Rasmussen SS Francisco Lindor,,,
724,5205524177,mattmoss12 (2/20),0,102.65,1B Alec Burleson 2B Luis Urias 3B Blaze Jordan C Ivan Herrera OF Jordan Walker OF Heriberto Hernandez OF Lars Nootbaar P Logan Gilbert P Drew Rasmussen SS Francisco Lindor,,,
724,5205538579,Rhombus87 (1/20),0,102.65,1B Vladimir Guerrero Jr. 2B Luis Urias 3B Kazuma Okamoto C Jimmy Crooks OF Julio Rodriguez OF George Springer OF Daulton Varsho P Logan Gilbert P Drew Rasmussen SS Francisco Lindor,,,
740,5205284856,Twinz1987 (7/20),0,102.35,1B Jared Young 2B JJ Wetherholt 3B Junior Caminero C Jimmy Crooks OF Randy Arozarena OF George Springer OF Lars Nootbaar P Drew Rasmussen P Quinn Mathews SS Otto Lopez,,,
740,5205286581,FoxyGrandpa252 (20/20),0,102.35,1B Kyle Stowers 2B Xavier Edwards 3B Junior Caminero C Ryan Jeffers OF Chandler Simpson OF Heriberto Hernandez OF Griffin Conine P Drew Rasmussen P Quinn Mathews SS Javier Sanoja,,,
742,5205086557,dogg47 (1/3),0,102.25,1B Vladimir Guerrero Jr. 2B Luis Urias 3B Junior Caminero C Nick Fortes OF Julio Rodriguez OF George Springer OF Chandler Simpson P Drew Rasmussen P Kevin Gausman SS Ernie Clement,,,
742,5205132389,KristianFTM (7/20),0,102.25,1B Kyle Stowers 2B Xavier Edwards 3B Yandy Diaz C Liam Hicks OF A.J. Ewing OF Carson Benge OF Heriberto Hernandez P Drew Rasmussen P Kevin Gausman SS Otto Lopez,,,
742,5205136281,Caryg07 (12/20),0,102.25,1B Vladimir Guerrero Jr. 2B Luis Urias 3B Junior Caminero C Alejandro Kirk OF George Springer OF Chandler Simpson OF Carson Benge P Drew Rasmussen P Kevin Gausman SS Ernie Clement,,,
742,5205347373,chrispy2005 (11/20),0,102.25,1B Vladimir Guerrero Jr. 2B Royce Lewis 3B Kazuma Okamoto C Ryan Jeffers OF Julio Rodriguez OF Victor Mesa Jr. OF Heriberto Hernandez P Drew Rasmussen P Kevin Gausman SS Javier Sanoja,,,
742,5205415468,BuckeyeCity (14/20),0,102.25,1B Vladimir Guerrero Jr. 2B Luis Urias 3B Kazuma Okamoto C Ryan Jeffers OF George Springer OF Jonny DeLuca OF Ryan Vilade P Drew Rasmussen P Kevin Gausman SS Otto Lopez,,,
742,5205418150,4prongdigger (2/5),0,102.25,1B Yandy Diaz 2B Ernie Clement 3B Kazuma Okamoto C Alejandro Kirk OF George Springer OF Jonny DeLuca OF Daulton Varsho P Drew Rasmussen P Kevin Gausman SS Ben Williamson,,,
742,5205440934,DefendFreedom (13/20),0,102.25,1B Yandy Diaz 2B Cole Young 3B Junior Caminero C Nick Fortes OF George Springer OF Jonny DeLuca OF Dominic Canzone P Drew Rasmussen P Kevin Gausman SS Taylor Walls,,,
742,5205477809,cwthrow24 (19/20),0,102.25,1B Royce Lewis 2B Luis Urias 3B Brooks Lee C Ryan Jeffers OF Kody Clemens OF Julio Rodriguez OF Luke Keaschall P Drew Rasmussen P Kevin Gausman SS Colt Emerson,,,
742,5205520256,SayHeyKid1230 (14/20),0,102.25,1B Vladimir Guerrero Jr. 2B Ernie Clement 3B Leo Jimenez C Liam Hicks OF Carson Benge OF Daulton Varsho OF Tyrone Taylor P Drew Rasmussen P Kevin Gausman SS Ben Williamson,,,
742,5205529177,FunkyKong (10/12),0,102.25,1B Yandy Diaz 2B Royce Lewis 3B Brooks Lee C Ryan Jeffers OF Trevor Larnach OF Daulton Varsho OF Weston Wilson P Drew Rasmussen P Kevin Gausman SS Francisco Lindor,,,
752,5205009862,Whoson1st66,0,102,1B Munetaka Murakami 2B JJ Wetherholt 3B Javier Sanoja C Jimmy Crooks OF Randy Arozarena OF Chandler Simpson OF Esteury Ruiz P Logan Gilbert P Quinn Mathews SS Francisco Lindor,,,
752,5205136284,Caryg07 (15/20),0,102,1B Alec Burleson 2B Cole Young 3B Weston Wilson C Mitch Garver OF Jordan Walker OF Randy Arozarena OF Dominic Canzone P Drew Rasmussen P Zac Thornton SS Francisco Lindor,,,
752,5205212891,tigolebitties91 (1/2),0,102,1B Kyle Stowers 2B Royce Lewis 3B Kazuma Okamoto C Nick Fortes OF Randy Arozarena OF George Springer OF A.J. Ewing P Drew Rasmussen P Zac Thornton SS Francisco Lindor,,,
755,5204975437,Ango0221 (19/20),0,101.9,1B Ryan Vilade 2B Luis Urias 3B Junior Caminero C Alejandro Kirk OF Randy Arozarena OF George Springer OF Daulton Varsho P Logan Gilbert P Kevin Gausman SS Ernie Clement,,,
755,5205143497,cw1tt (13/20),0,101.9,1B Vladimir Guerrero Jr. 2B Cole Young 3B Kazuma Okamoto C Mitch Garver OF Randy Arozarena OF Julio Rodriguez OF Dominic Canzone P Logan Gilbert P Kevin Gausman SS Ernie Clement,,,
755,5205461704,BigMart11 (1/20),0,101.9,1B Vladimir Guerrero Jr. 2B Luis Urias 3B Miguel Vargas C Alejandro Kirk OF Julio Rodriguez OF Heriberto Hernandez OF Tyrone Taylor P Logan Gilbert P Kevin Gausman SS Otto Lopez,,,
755,5205538036,broncswin79 (15/20),0,101.9,1B Vladimir Guerrero Jr. 2B Xavier Edwards 3B Yandy Diaz C Cal Raleigh OF Randy Arozarena OF Heriberto Hernandez OF Weston Wilson P Logan Gilbert P Kevin Gausman SS Javier Sanoja,,,
759,5204947480,csurunnerccr (19/20),0,101.7,1B Royce Lewis 2B JJ Wetherholt 3B Blaze Jordan C Liam Hicks OF Jordan Walker OF Heriberto Hernandez OF Lars Nootbaar P Drew Rasmussen P Connor Prielipp SS Otto Lopez,,,
759,5205191698,cowboys767 (3/20),0,101.7,1B Kyle Stowers 2B Xavier Edwards 3B Junior Caminero C Ryan Jeffers OF Chandler Simpson OF Heriberto Hernandez OF Esteury Ruiz P Drew Rasmussen P Connor Prielipp SS Javier Sanoja,,,
759,5205228664,Awalker3081 (5/20),0,101.7,1B Kyle Stowers 2B Xavier Edwards 3B Bo Bichette C Liam Hicks OF George Springer OF Heriberto Hernandez OF Ryan Vilade P Drew Rasmussen P Connor Prielipp SS Otto Lopez,,,
759,5205337142,pete0six (8/20),0,101.7,1B Alec Burleson 2B JJ Wetherholt 3B Blaze Jordan C Ivan Herrera OF Jordan Walker OF Carson Benge OF Tyrone Taylor P Drew Rasmussen P Connor Prielipp SS Francisco Lindor,,,
759,5205364080,zandwich (7/20),0,101.7,1B Alec Burleson 2B JJ Wetherholt 3B Blaze Jordan C Ivan Herrera OF Jordan Walker OF A.J. Ewing OF Tyrone Taylor P Drew Rasmussen P Connor Prielipp SS Francisco Lindor,,,
759,5205406861,james_thiel (12/20),0,101.7,1B Kyle Stowers 2B Xavier Edwards 3B Junior Caminero C Ryan Jeffers OF Chandler Simpson OF Heriberto Hernandez OF Esteury Ruiz P Drew Rasmussen P Connor Prielipp SS Javier Sanoja,,,
759,5205431556,WunstaGuy (2/20),0,101.7,1B Alec Burleson 2B JJ Wetherholt 3B Blaze Jordan C Ivan Herrera OF Jordan Walker OF A.J. Ewing OF Tyrone Taylor P Drew Rasmussen P Connor Prielipp SS Francisco Lindor,,,
759,5205431572,WunstaGuy (18/20),0,101.7,1B Kyle Stowers 2B Xavier Edwards 3B Yandy Diaz C Ryan Jeffers OF Carson Benge OF Heriberto Hernandez OF Griffin Conine P Drew Rasmussen P Connor Prielipp SS Otto Lopez,,,
759,5205485593,ChicagoMagpie,0,101.7,1B Vladimir Guerrero Jr. 2B Kody Clemens 3B Brooks Lee C Liam Hicks OF Jonny DeLuca OF A.J. Ewing OF Carson Benge P Drew Rasmussen P Connor Prielipp SS Francisco Lindor,,,
759,5205496604,Discostupendously (6/10),0,101.7,1B Kyle Stowers 2B Xavier Edwards 3B Bo Bichette C Ryan Jeffers OF George Springer OF A.J. Ewing OF Esteury Ruiz P Drew Rasmussen P Connor Prielipp SS Otto Lopez,,,
769,5205025409,tbjones2121 (1/20),0,101.65,1B Alec Burleson 2B Luis Urias 3B Blaze Jordan C Ivan Herrera OF Jordan Walker OF Heriberto Hernandez OF Lars Nootbaar P Logan Gilbert P Drew Rasmussen SS Ernie Clement,,,
769,5205033027,AverageTuesday (20/20),0,101.65,1B Kyle Stowers 2B Xavier Edwards 3B Leo Jimenez C Liam Hicks OF Julio Rodriguez OF Heriberto Hernandez OF Nathan Church P Logan Gilbert P Drew Rasmussen SS Masyn Winn,,,
769,5205045885,JamoDab2232 (3/6),0,101.65,1B Vladimir Guerrero Jr. 2B Brett Baty 3B Kazuma Okamoto C Cal Raleigh OF George Springer OF Carson Benge OF Tyrone Taylor P Logan Gilbert P Drew Rasmussen SS Francisco Lindor,,,
769,5205047498,apforadori (3/3),0,101.65,1B Vladimir Guerrero Jr. 2B Luis Urias 3B Bo Bichette C Cal Raleigh OF George Springer OF Dominic Canzone OF Heriberto Hernandez P Logan Gilbert P Drew Rasmussen SS Francisco Lindor,,,
769,5205052005,foutah (6/8),0,101.65,1B Kyle Stowers 2B Chase Meidroth 3B Miguel Vargas C Luis Torrens OF Chandler Simpson OF Trevor Larnach OF Dominic Canzone P Logan Gilbert P Drew Rasmussen SS Javier Sanoja,,,
769,5205059365,d1walker21,0,101.65,1B Vladimir Guerrero Jr. 2B Luis Urias 3B Kazuma Okamoto C Ivan Herrera OF George Springer OF Carson Benge OF Heriberto Hernandez P Logan Gilbert P Drew Rasmussen SS Ernie Clement,,,
769,5205115003,christiangideon (4/10),0,101.65,1B Ryan Vilade 2B Cole Young 3B Yandy Diaz C Mitch Garver OF Jonny DeLuca OF Dominic Canzone OF Heriberto Hernandez P Logan Gilbert P Drew Rasmussen SS Francisco Lindor,,,
769,5205115794,whoadie50310 (1/2),0,101.65,1B Vladimir Guerrero Jr. 2B Luis Urias 3B Kazuma Okamoto C Cal Raleigh OF George Springer OF Dominic Canzone OF Daulton Varsho P Logan Gilbert P Drew Rasmussen SS Otto Lopez,,,
769,5205143490,cw1tt (6/20),0,101.65,1B Jared Young 2B Xavier Edwards 3B Leo Jimenez C Liam Hicks OF Jordan Walker OF Carson Benge OF Esteury Ruiz P Logan Gilbert P Drew Rasmussen SS Otto Lopez,,,
769,5205162723,SxZ19,0,101.65,1B Vladimir Guerrero Jr. 2B Luis Urias 3B Bo Bichette C Cal Raleigh OF George Springer OF Dominic Canzone OF Heriberto Hernandez P Logan Gilbert P Drew Rasmussen SS Francisco Lindor,,,
769,5205173851,ttillie (1/20),0,101.65,1B Vladimir Guerrero Jr. 2B Luis Urias 3B Kazuma Okamoto C Alejandro Kirk OF Carson Benge OF Dominic Canzone OF Heriberto Hernandez P Logan Gilbert P Drew Rasmussen SS Otto Lopez,,,
769,5205232964,madballnj (8/20),0,101.65,1B Vladimir Guerrero Jr. 2B Luis Urias 3B Kazuma Okamoto C Cal Raleigh OF Julio Rodriguez OF George Springer OF Myles Straw P Logan Gilbert P Drew Rasmussen SS Francisco Lindor,,,
769,5205237803,DJsPath23 (3/5),0,101.65,1B Vladimir Guerrero Jr. 2B Luis Urias 3B Kazuma Okamoto C Ivan Herrera OF George Springer OF Jonny DeLuca OF Ryan Vilade P Logan Gilbert P Drew Rasmussen SS Ernie Clement,,,
769,5205256850,chicksdigthewongball (6/20),0,101.65,1B Josh Naylor 2B Luis Urias 3B Kazuma Okamoto C Alejandro Kirk OF Jordan Walker OF Julio Rodriguez OF Daulton Varsho P Logan Gilbert P Drew Rasmussen SS Ernie Clement,,,
769,5205283770,Dhadron (18/20),0,101.65,1B Jared Young 2B Xavier Edwards 3B Bo Bichette C Liam Hicks OF A.J. Ewing OF Heriberto Hernandez OF Tyrone Taylor P Logan Gilbert P Drew Rasmussen SS Francisco Lindor,,,
769,5205409221,JustinAngelo1,0,101.65,1B Vladimir Guerrero Jr. 2B Cole Young 3B Kazuma Okamoto C Alejandro Kirk OF George Springer OF Andrew Benintendi OF Ryan Vilade P Logan Gilbert P Drew Rasmussen SS Francisco Lindor,,,
769,5205437317,slicksid27 (3/4),0,101.65,1B Josh Naylor 2B Xavier Edwards 3B Bo Bichette C Liam Hicks OF Julio Rodriguez OF Carson Benge OF Lars Nootbaar P Logan Gilbert P Drew Rasmussen SS Masyn Winn,,,
769,5205465869,BigMart11 (4/20),0,101.65,1B Vladimir Guerrero Jr. 2B Luis Urias 3B Kazuma Okamoto C Nick Fortes OF Julio Rodriguez OF George Springer OF Chandler Simpson P Logan Gilbert P Drew Rasmussen SS Ernie Clement,,,
769,5205481884,endlessmike03,0,101.65,1B Alec Burleson 2B Luis Urias 3B Blaze Jordan C Ivan Herrera OF Jordan Walker OF A.J. Ewing OF Chandler Simpson P Logan Gilbert P Drew Rasmussen SS Masyn Winn,,,
769,5205485604,KenyanDrake (8/20),0,101.65,1B Jared Young 2B Xavier Edwards 3B Leo Jimenez C Liam Hicks OF Jordan Walker OF A.J. Ewing OF Esteury Ruiz P Logan Gilbert P Drew Rasmussen SS Otto Lopez,,,
769,5205517310,bhess777 (15/20),0,101.65,1B Kyle Stowers 2B Xavier Edwards 3B Bo Bichette C Liam Hicks OF A.J. Ewing OF Heriberto Hernandez OF Davis Schneider P Logan Gilbert P Drew Rasmussen SS Otto Lopez,,,
769,5205517746,Schlaurizzle (9/20),0,101.65,1B Jared Young 2B Marcus Semien 3B Bo Bichette C Alejandro Kirk OF George Springer OF Carson Benge OF Heriberto Hernandez P Logan Gilbert P Drew Rasmussen SS Francisco Lindor,,,
769,5205520132,Remi2011,0,101.65,1B Yandy Diaz 2B Davis Schneider 3B Bo Bichette C Alejandro Kirk OF Randy Arozarena OF Victor Mesa Jr. OF Ryan Vilade P Logan Gilbert P Drew Rasmussen SS Ben Williamson,,,
792,5205152525,kafedaiv (6/20),0,101.4,1B Josh Naylor 2B Ernie Clement 3B Junior Caminero C Ryan Jeffers OF Randy Arozarena OF Julio Rodriguez OF Trevor Larnach P Kevin Gausman P Tyler Phillips SS Ryan Kreidler,,,
793,5205089562,SeanDre (6/20),0,101.35,1B Victor Caratini 2B Royce Lewis 3B Brooks Lee C Ryan Jeffers OF Kody Clemens OF Randy Arozarena OF Julio Rodriguez P Drew Rasmussen P Quinn Mathews SS Colt Emerson,,,
793,5205232035,Navare1212 (8/13),0,101.35,1B Alec Burleson 2B Cole Young 3B Junior Caminero C Nick Fortes OF Jordan Walker OF Lars Nootbaar OF Griffin Conine P Drew Rasmussen P Quinn Mathews SS Francisco Lindor,,,
793,5205321570,BearBuc67,0,101.35,1B Yandy Diaz 2B Marcus Semien 3B Junior Caminero C Nick Fortes OF Jordan Walker OF Randy Arozarena OF Chandler Simpson P Drew Rasmussen P Noah Schultz SS Taylor Walls,,,
796,5204866461,niquisition (20/20),0,101.25,1B Royce Lewis 2B Luis Urias 3B Brooks Lee C Ryan Jeffers OF Kody Clemens OF Trevor Larnach OF Carson Benge P Drew Rasmussen P Kevin Gausman SS Francisco Lindor,,,
796,5205132392,KristianFTM (10/20),0,101.25,1B Vladimir Guerrero Jr. 2B Ernie Clement 3B Junior Caminero C Alejandro Kirk OF Chandler Simpson OF Daulton Varsho OF Myles Straw P Drew Rasmussen P Kevin Gausman SS Otto Lopez,,,
796,5205143495,cw1tt (11/20),0,101.25,1B Royce Lewis 2B Luis Urias 3B Kazuma Okamoto C Ryan Jeffers OF Kody Clemens OF Trevor Larnach OF Luke Keaschall P Drew Rasmussen P Kevin Gausman SS Ernie Clement,,,
796,5205152520,kafedaiv (1/20),0,101.25,1B Yandy Diaz 2B Ernie Clement 3B Junior Caminero C Nick Fortes OF Julio Rodriguez OF Heriberto Hernandez OF Myles Straw P Drew Rasmussen P Kevin Gausman SS Otto Lopez,,,
796,5205158187,LOCNOTM (18/20),0,101.25,1B Josh Naylor 2B Xavier Edwards 3B Kazuma Okamoto C Cal Raleigh OF Randy Arozarena OF Julio Rodriguez OF Weston Wilson P Drew Rasmussen P Kevin Gausman SS Francisco Lindor,,,
796,5205245582,blakemoore15 (2/5),0,101.25,1B Vladimir Guerrero Jr. 2B Cole Young 3B Kazuma Okamoto C Alejandro Kirk OF Randy Arozarena OF Julio Rodriguez OF George Springer P Zac Thornton P Kevin Gausman SS Ernie Clement,,,
796,5205286563,FoxyGrandpa252 (2/20),0,101.25,1B Royce Lewis 2B Kody Clemens 3B Brooks Lee C Ryan Jeffers OF Julio Rodriguez OF Dominic Canzone OF Luke Keaschall P Drew Rasmussen P Kevin Gausman SS Colt Emerson,,,
796,5205331241,Etty022,0,101.25,1B Josh Naylor 2B Xavier Edwards 3B Miguel Vargas C Liam Hicks OF Julio Rodriguez OF Carson Benge OF Daulton Varsho P Drew Rasmussen P Kevin Gausman SS Otto Lopez,,,
796,5205522330,ftwayne19 (1/2),0,101.25,1B Yandy Diaz 2B Chase Meidroth 3B Kazuma Okamoto C Liam Hicks OF Kody Clemens OF Randy Arozarena OF Weston Wilson P Drew Rasmussen P Kevin Gausman SS Ryan Kreidler,,,
796,5205524325,xxbwhitexx,0,101.25,1B Vladimir Guerrero Jr. 2B Ernie Clement 3B Kazuma Okamoto C Alejandro Kirk OF George Springer OF A.J. Ewing OF Carson Benge P Drew Rasmussen P Kevin Gausman SS Francisco Lindor,,,
796,5205538584,Rhombus87 (6/20),0,101.25,1B Vladimir Guerrero Jr. 2B Cole Young 3B Kazuma Okamoto C Victor Caratini OF Kody Clemens OF Julio Rodriguez OF George Springer P Drew Rasmussen P Kevin Gausman SS Ernie Clement,,,
807,5205221825,Navare1212 (5/13),0,101,1B Royce Lewis 2B JJ Wetherholt 3B Blaze Jordan C Mitch Garver OF Randy Arozarena OF Julio Rodriguez OF A.J. Ewing P Drew Rasmussen P Zac Thornton SS Francisco Lindor,,,
808,5205232969,madballnj (13/20),0,100.95,1B Vladimir Guerrero Jr. 2B Xavier Edwards 3B Kazuma Okamoto C Liam Hicks OF George Springer OF Heriberto Hernandez OF Griffin Conine P Kevin Gausman P Connor Prielipp SS Otto Lopez,,,
809,5205090289,drunkonpappy (15/20),0,100.9,1B Vladimir Guerrero Jr. 2B Luis Urias 3B Kazuma Okamoto C Alejandro Kirk OF Julio Rodriguez OF Heriberto Hernandez OF Esteury Ruiz P Logan Gilbert P Kevin Gausman SS Otto Lopez,,,
809,5205163191,titanhawks (2/2),0,100.9,1B Yandy Diaz 2B Xavier Edwards 3B Weston Wilson C Cal Raleigh OF Randy Arozarena OF Heriberto Hernandez OF Esteury Ruiz P Logan Gilbert P Kevin Gausman SS Otto Lopez,,,
809,5205232966,madballnj (10/20),0,100.9,1B Vladimir Guerrero Jr. 2B Marcus Semien 3B Bo Bichette C Alejandro Kirk OF George Springer OF Carson Benge OF Tyrone Taylor P Logan Gilbert P Kevin Gausman SS Francisco Lindor,,,
809,5205320678,Velllo (17/20),0,100.9,1B Yandy Diaz 2B Xavier Edwards 3B Leo Jimenez C Cal Raleigh OF Randy Arozarena OF Heriberto Hernandez OF Esteury Ruiz P Logan Gilbert P Kevin Gausman SS Otto Lopez,,,
809,5205389083,Chadg20 (1/20),0,100.9,1B Munetaka Murakami 2B Cole Young 3B Leo Jimenez C Liam Hicks OF Sam Antonacci OF Heriberto Hernandez OF Griffin Conine P Logan Gilbert P Kevin Gausman SS Otto Lopez,,,
809,5205451002,Timbo314636 (2/2),0,100.9,1B Vladimir Guerrero Jr. 2B Luis Urias 3B Kazuma Okamoto C Cal Raleigh OF Randy Arozarena OF Julio Rodriguez OF George Springer P Logan Gilbert P Kevin Gausman SS Colt Emerson,,,
809,5205524110,xTRISKITx (10/20),0,100.9,1B Vladimir Guerrero Jr. 2B Luis Urias 3B Kazuma Okamoto C Alejandro Kirk OF George Springer OF Jonny DeLuca OF Heriberto Hernandez P Logan Gilbert P Kevin Gausman SS Otto Lopez,,,
809,5205530402,broncswin79 (1/20),0,100.9,1B Yandy Diaz 2B Xavier Edwards 3B Weston Wilson C Cal Raleigh OF Randy Arozarena OF Heriberto Hernandez OF Esteury Ruiz P Logan Gilbert P Kevin Gausman SS Otto Lopez,,,
809,5205530676,broncswin79 (10/20),0,100.9,1B Vladimir Guerrero Jr. 2B Xavier Edwards 3B Yandy Diaz C Cal Raleigh OF Julio Rodriguez OF Heriberto Hernandez OF Esteury Ruiz P Logan Gilbert P Kevin Gausman SS Javier Sanoja,,,
818,5205485403,Csurcek (3/5),0,100.8,1B Kyle Stowers 2B Xavier Edwards 3B Kazuma Okamoto C Alejandro Kirk OF George Springer OF Heriberto Hernandez OF Griffin Conine P Logan Gilbert P Tyler Phillips SS Otto Lopez,,,
818,5205492058,mariobr1709 (11/20),0,100.8,1B Kyle Stowers 2B Xavier Edwards 3B Leo Jimenez C Cal Raleigh OF Randy Arozarena OF Julio Rodriguez OF Esteury Ruiz P Logan Gilbert P Tyler Phillips SS Otto Lopez,,,
820,5204788748,ivymoose (10/20),0,100.7,1B Royce Lewis 2B Xavier Edwards 3B Leo Jimenez C Liam Hicks OF Kody Clemens OF Trevor Larnach OF Heriberto Hernandez P Drew Rasmussen P Connor Prielipp SS Otto Lopez,,,
820,5204867930,mga120 (1/20),0,100.7,1B Royce Lewis 2B Kody Clemens 3B Brooks Lee C Ryan Jeffers OF Carson Benge OF Heriberto Hernandez OF Luke Keaschall P Drew Rasmussen P Connor Prielipp SS Otto Lopez,,,
820,5205033016,AverageTuesday (9/20),0,100.7,1B Alec Burleson 2B JJ Wetherholt 3B Brett Baty C Ivan Herrera OF Jordan Walker OF Heriberto Hernandez OF Tyrone Taylor P Drew Rasmussen P Connor Prielipp SS Masyn Winn,,,
820,5205191705,cowboys767 (10/20),0,100.7,1B Victor Caratini 2B Royce Lewis 3B Junior Caminero C Ryan Jeffers OF Trevor Larnach OF Heriberto Hernandez OF Luke Keaschall P Drew Rasmussen P Connor Prielipp SS Francisco Lindor,,,
820,5205250802,nrlane24 (1/2),0,100.7,1B Royce Lewis 2B Kody Clemens 3B Brooks Lee C Ryan Jeffers OF A.J. Ewing OF Trevor Larnach OF Heriberto Hernandez P Drew Rasmussen P Connor Prielipp SS Masyn Winn,,,
820,5205356500,lklk88088 (5/20),0,100.7,1B Kyle Stowers 2B Xavier Edwards 3B Junior Caminero C Liam Hicks OF A.J. Ewing OF Carson Benge OF Esteury Ruiz P Drew Rasmussen P Connor Prielipp SS Otto Lopez,,,
820,5205433140,lbquadz (1/3),0,100.7,1B Vladimir Guerrero Jr. 2B Ernie Clement 3B Kazuma Okamoto C Alejandro Kirk OF Jordan Walker OF A.J. Ewing OF Tyrone Taylor P Drew Rasmussen P Connor Prielipp SS Francisco Lindor,,,
820,5205473649,henry296 (13/20),0,100.7,1B Vladimir Guerrero Jr. 2B Luis Urias 3B Junior Caminero C Ivan Herrera OF A.J. Ewing OF Chandler Simpson OF Trevor Larnach P Drew Rasmussen P Connor Prielipp SS Otto Lopez,,,
820,5205474162,ballaholick713 (5/20),0,100.7,1B Kyle Stowers 2B Xavier Edwards 3B Junior Caminero C Liam Hicks OF Kody Clemens OF Griffin Conine OF Ryan Vilade P Drew Rasmussen P Connor Prielipp SS Otto Lopez,,,
829,5205047496,apforadori (2/3),0,100.65,1B Vladimir Guerrero Jr. 2B Davis Schneider 3B Bo Bichette C Cal Raleigh OF George Springer OF Dominic Canzone OF Heriberto Hernandez P Logan Gilbert P Drew Rasmussen SS Francisco Lindor,,,
829,5205181631,Kevin1957,0,100.65,1B Kyle Stowers 2B Chase Meidroth 3B Kazuma Okamoto C Nick Fortes OF George Springer OF Jonny DeLuca OF A.J. Ewing P Logan Gilbert P Drew Rasmussen SS Masyn Winn,,,
829,5205397340,wwaazz (1/2),0,100.65,1B Vladimir Guerrero Jr. 2B Luis Urias 3B Yandy Diaz C Cal Raleigh OF Julio Rodriguez OF Heriberto Hernandez OF Weston Wilson P Logan Gilbert P Drew Rasmussen SS Otto Lopez,,,
829,5205434945,stevenhenry43211 (6/14),0,100.65,1B Vladimir Guerrero Jr. 2B Davis Schneider 3B Bo Bichette C Cal Raleigh OF George Springer OF Dominic Canzone OF Heriberto Hernandez P Logan Gilbert P Drew Rasmussen SS Francisco Lindor,,,
829,5205491424,Discostupendously (5/10),0,100.65,1B Kyle Stowers 2B Xavier Edwards 3B Leo Jimenez C Cal Raleigh OF Julio Rodriguez OF Dominic Canzone OF Esteury Ruiz P Logan Gilbert P Drew Rasmussen SS Otto Lopez,,,
829,5205492049,mariobr1709 (2/20),0,100.65,1B Jared Young 2B Xavier Edwards 3B Bo Bichette C Liam Hicks OF A.J. Ewing OF Heriberto Hernandez OF Esteury Ruiz P Logan Gilbert P Drew Rasmussen SS Francisco Lindor,,,
829,5205497624,FunkyKong (6/12),0,100.65,1B Josh Naylor 2B Luis Urias 3B Junior Caminero C Liam Hicks OF Julio Rodriguez OF Jonny DeLuca OF Ryan Vilade P Logan Gilbert P Drew Rasmussen SS Taylor Walls,,,
829,5205510875,dfwinscom (18/20),0,100.65,1B Josh Naylor 2B Cole Young 3B Bo Bichette C Cal Raleigh OF Julio Rodriguez OF A.J. Ewing OF Dominic Canzone P Logan Gilbert P Drew Rasmussen SS Masyn Winn,,,
829,5205511693,xseanx413x (1/2),0,100.65,1B Vladimir Guerrero Jr. 2B Cole Young 3B Kazuma Okamoto C Cal Raleigh OF George Springer OF Dominic Canzone OF Davis Schneider P Logan Gilbert P Drew Rasmussen SS Francisco Lindor,,,
829,5205516818,xseanx413x (2/2),0,100.65,1B Vladimir Guerrero Jr. 2B Luis Urias 3B Bo Bichette C Cal Raleigh OF George Springer OF Carson Benge OF Heriberto Hernandez P Logan Gilbert P Drew Rasmussen SS Francisco Lindor,,,
829,5205529385,texasnumbercruncher (10/20),0,100.65,1B Kyle Stowers 2B Marcus Semien 3B Brett Baty C Cal Raleigh OF Julio Rodriguez OF Carson Benge OF Tyrone Taylor P Logan Gilbert P Drew Rasmussen SS Francisco Lindor,,,
829,5205537834,broncswin79 (14/20),0,100.65,1B Vladimir Guerrero Jr. 2B Luis Urias 3B Yandy Diaz C Cal Raleigh OF Julio Rodriguez OF Heriberto Hernandez OF Weston Wilson P Logan Gilbert P Drew Rasmussen SS Otto Lopez,,,
829,5205538725,DSUTAK34,0,100.65,1B Alec Burleson 2B Xavier Edwards 3B Kazuma Okamoto C Cal Raleigh OF George Springer OF Daulton Varsho OF Griffin Conine P Logan Gilbert P Drew Rasmussen SS Ben Williamson,,,
842,5205431570,WunstaGuy (16/20),0,100.35,1B Vladimir Guerrero Jr. 2B Ernie Clement 3B Kazuma Okamoto C Alejandro Kirk OF George Springer OF Heriberto Hernandez OF Esteury Ruiz P Logan Gilbert P Connor Prielipp SS Otto Lopez,,,
843,5205148847,aurum48 (1/3),0,100.25,1B Jared Young 2B Brett Baty 3B Bo Bichette C Ryan Jeffers OF Randy Arozarena OF Julio Rodriguez OF Carson Benge P Drew Rasmussen P Kevin Gausman SS Francisco Lindor,,,
843,5205158186,LOCNOTM (17/20),0,100.25,1B Kyle Stowers 2B Xavier Edwards 3B Kazuma Okamoto C Cal Raleigh OF Randy Arozarena OF Julio Rodriguez OF Weston Wilson P Drew Rasmussen P Kevin Gausman SS Francisco Lindor,,,
843,5205285041,mrclean913 (16/20),0,100.25,1B Yandy Diaz 2B Luis Urias 3B Junior Caminero C Nick Fortes OF Jonny DeLuca OF Chandler Simpson OF Heriberto Hernandez P Drew Rasmussen P Kevin Gausman SS Otto Lopez,,,
843,5205440927,DefendFreedom (6/20),0,100.25,1B Royce Lewis 2B Kody Clemens 3B Bo Bichette C Luis Torrens OF George Springer OF A.J. Ewing OF Tyrone Taylor P Drew Rasmussen P Kevin Gausman SS Francisco Lindor,,,
843,5205454040,Juan1226 (17/20),0,100.25,1B Vladimir Guerrero Jr. 2B Kody Clemens 3B Kazuma Okamoto C Alejandro Kirk OF George Springer OF A.J. Ewing OF Myles Straw P Drew Rasmussen P Kevin Gausman SS Francisco Lindor,,,
843,5205476876,jaakko (3/3),0,100.25,1B Vladimir Guerrero Jr. 2B JJ Wetherholt 3B Yandy Diaz C Alejandro Kirk OF George Springer OF Chandler Simpson OF Myles Straw P Drew Rasmussen P Kevin Gausman SS Ben Williamson,,,
843,5205515149,dfwtsx08 (7/10),0,100.25,1B Vladimir Guerrero Jr. 2B Royce Lewis 3B Kazuma Okamoto C Cal Raleigh OF Randy Arozarena OF Julio Rodriguez OF Weston Wilson P Drew Rasmussen P Kevin Gausman SS Ben Williamson,,,
850,5205177514,donj9903,0,100,1B Alec Burleson 2B Cole Young 3B Yandy Diaz C Ivan Herrera OF Carson Benge OF Dominic Canzone OF Griffin Conine P Drew Rasmussen P Zac Thornton SS Francisco Lindor,,,
851,5204975429,Ango0221 (11/20),0,99.9,1B Jared Young 2B Marcus Semien 3B Bo Bichette C Liam Hicks OF Randy Arozarena OF Julio Rodriguez OF Carson Benge P Logan Gilbert P Kevin Gausman SS Francisco Lindor,,,
851,5205072082,Wanna_Square_Up1567 (5/20),0,99.9,1B Jared Young 2B Marcus Semien 3B Bo Bichette C Liam Hicks OF Randy Arozarena OF Julio Rodriguez OF Carson Benge P Logan Gilbert P Kevin Gausman SS Francisco Lindor,,,
851,5205200454,rsumrall (12/20),0,99.9,1B Vladimir Guerrero Jr. 2B Marcus Semien 3B Kazuma Okamoto C Alejandro Kirk OF George Springer OF Daulton Varsho OF Tyrone Taylor P Logan Gilbert P Kevin Gausman SS Francisco Lindor,,,
851,5205320663,Velllo (2/20),0,99.9,1B Vladimir Guerrero Jr. 2B Luis Urias 3B Bo Bichette C Cal Raleigh OF Randy Arozarena OF Julio Rodriguez OF Heriberto Hernandez P Logan Gilbert P Kevin Gausman SS Francisco Lindor,,,
851,5205406851,james_thiel (2/20),0,99.9,1B Kyle Stowers 2B Xavier Edwards 3B Javier Sanoja C Cal Raleigh OF Sam Antonacci OF Julio Rodriguez OF Esteury Ruiz P Logan Gilbert P Kevin Gausman SS Otto Lopez,,,
851,5205473654,henry296 (18/20),0,99.9,1B Josh Naylor 2B Luis Urias 3B Yandy Diaz C Cal Raleigh OF Randy Arozarena OF Julio Rodriguez OF Dominic Canzone P Logan Gilbert P Kevin Gausman SS Francisco Lindor,,,
851,5205504042,sportsfan14 (4/20),0,99.9,1B Kyle Stowers 2B Xavier Edwards 3B Miguel Vargas C Liam Hicks OF Heriberto Hernandez OF Esteury Ruiz OF Tyrone Taylor P Logan Gilbert P Kevin Gausman SS Francisco Lindor,,,
851,5205517301,bhess777 (6/20),0,99.9,1B Munetaka Murakami 2B Xavier Edwards 3B Leo Jimenez C Alejandro Kirk OF George Springer OF Heriberto Hernandez OF Griffin Conine P Logan Gilbert P Kevin Gausman SS Otto Lopez,,,
851,5205524176,mattmoss12 (1/20),0,99.9,1B Vladimir Guerrero Jr. 2B Luis Urias 3B Kazuma Okamoto C Alejandro Kirk OF Julio Rodriguez OF George Springer OF Heriberto Hernandez P Logan Gilbert P Kevin Gausman SS Otto Lopez,,,
860,5205033008,AverageTuesday (1/20),0,99.7,1B Alec Burleson 2B JJ Wetherholt 3B Brooks Lee C Victor Caratini OF Jordan Walker OF Lars Nootbaar OF Luke Keaschall P Drew Rasmussen P Connor Prielipp SS Masyn Winn,,,
860,5205405177,SpeedRacer101 (7/20),0,99.7,1B Vladimir Guerrero Jr. 2B Kody Clemens 3B Brooks Lee C Ryan Jeffers OF Trevor Larnach OF Daulton Varsho OF Myles Straw P Drew Rasmussen P Connor Prielipp SS Ernie Clement,,,
860,5205477797,cwthrow24 (7/20),0,99.7,1B Alec Burleson 2B JJ Wetherholt 3B Blaze Jordan C Ivan Herrera OF Jordan Walker OF Heriberto Hernandez OF Daulton Varsho P Drew Rasmussen P Connor Prielipp SS Otto Lopez,,,
863,5204944109,Sammy.Boy (18/20),0,99.65,1B Vladimir Guerrero Jr. 2B Luis Urias 3B Bo Bichette C Luis Torrens OF Jordan Walker OF A.J. Ewing OF Tyrone Taylor P Logan Gilbert P Drew Rasmussen SS Francisco Lindor,,,
863,5205038596,samsli (1/6),0,99.65,1B Vladimir Guerrero Jr. 2B Brett Baty 3B Kazuma Okamoto C Alejandro Kirk OF George Springer OF Carson Benge OF Daulton Varsho P Logan Gilbert P Drew Rasmussen SS Francisco Lindor,,,
863,5205038597,samsli (2/6),0,99.65,1B Vladimir Guerrero Jr. 2B Brett Baty 3B Kazuma Okamoto C Alejandro Kirk OF George Springer OF Carson Benge OF Daulton Varsho P Logan Gilbert P Drew Rasmussen SS Francisco Lindor,,,
863,5205038598,samsli (3/6),0,99.65,1B Vladimir Guerrero Jr. 2B Brett Baty 3B Kazuma Okamoto C Alejandro Kirk OF George Springer OF Carson Benge OF Daulton Varsho P Logan Gilbert P Drew Rasmussen SS Francisco Lindor,,,
863,5205123412,az350z (15/20),0,99.65,1B Alec Burleson 2B Xavier Edwards 3B Blaze Jordan C Ivan Herrera OF Heriberto Hernandez OF Lars Nootbaar OF Nathan Church P Logan Gilbert P Drew Rasmussen SS Otto Lopez,,,
863,5205126908,dominicbasulto (1/3),0,99.65,1B Vladimir Guerrero Jr. 2B Luis Urias 3B Kazuma Okamoto C Alejandro Kirk OF George Springer OF Carson Benge OF Victor Mesa Jr. P Logan Gilbert P Drew Rasmussen SS Francisco Lindor,,,
863,5205136276,Caryg07 (7/20),0,99.65,1B Alec Burleson 2B Luis Urias 3B Kazuma Okamoto C Alejandro Kirk OF Jordan Walker OF Heriberto Hernandez OF Myles Straw P Logan Gilbert P Drew Rasmussen SS Ernie Clement,,,
863,5205176151,TheBossinMyWorld (2/4),0,99.65,1B Vladimir Guerrero Jr. 2B Ernie Clement 3B Kazuma Okamoto C Nick Fortes OF George Springer OF Dominic Canzone OF Daulton Varsho P Logan Gilbert P Drew Rasmussen SS Francisco Lindor,,,
863,5205194711,Ryan138,0,99.65,1B Jared Young 2B Luis Urias 3B Bo Bichette C Cal Raleigh OF Randy Arozarena OF A.J. Ewing OF Carson Benge P Logan Gilbert P Drew Rasmussen SS Francisco Lindor,,,
863,5205282922,rschindler14 (2/20),0,99.65,1B Vladimir Guerrero Jr. 2B Luis Urias 3B Brett Baty C Cal Raleigh OF Julio Rodriguez OF George Springer OF A.J. Ewing P Logan Gilbert P Drew Rasmussen SS Francisco Lindor,,,
863,5205284866,Twinz1987 (17/20),0,99.65,1B Vladimir Guerrero Jr. 2B Luis Urias 3B Junior Caminero C Nick Fortes OF Julio Rodriguez OF Heriberto Hernandez OF Myles Straw P Logan Gilbert P Drew Rasmussen SS Francisco Lindor,,,
863,5205291404,meyers2305 (5/20),0,99.65,1B Vladimir Guerrero Jr. 2B Marcus Semien 3B Bo Bichette C Nick Fortes OF George Springer OF A.J. Ewing OF Carson Benge P Logan Gilbert P Drew Rasmussen SS Francisco Lindor,,,
863,5205364088,zandwich (15/20),0,99.65,1B Jared Young 2B Marcus Semien 3B Bo Bichette C Alejandro Kirk OF Jordan Walker OF Ryan Vilade OF Tyrone Taylor P Logan Gilbert P Drew Rasmussen SS Francisco Lindor,,,
863,5205371382,Abc1289 (6/20),0,99.65,1B Josh Naylor 2B Cole Young 3B Weston Wilson C Ivan Herrera OF Julio Rodriguez OF A.J. Ewing OF Dominic Canzone P Logan Gilbert P Drew Rasmussen SS Francisco Lindor,,,
863,5205374467,jeffburkett013070,0,99.65,1B Vladimir Guerrero Jr. 2B Brett Baty 3B Kazuma Okamoto C Alejandro Kirk OF George Springer OF Carson Benge OF Daulton Varsho P Logan Gilbert P Drew Rasmussen SS Francisco Lindor,,,
863,5205393191,BigMoe19,0,99.65,1B Vladimir Guerrero Jr. 2B Brett Baty 3B Kazuma Okamoto C Alejandro Kirk OF George Springer OF A.J. Ewing OF Myles Straw P Logan Gilbert P Drew Rasmussen SS Francisco Lindor,,,
863,5205406856,james_thiel (7/20),0,99.65,1B Josh Naylor 2B Brett Baty 3B Bo Bichette C Cal Raleigh OF Julio Rodriguez OF A.J. Ewing OF Tyrone Taylor P Logan Gilbert P Drew Rasmussen SS Francisco Lindor,,,
863,5205429992,rikyrotten (2/3),0,99.65,1B Vladimir Guerrero Jr. 2B Marcus Semien 3B Kazuma Okamoto C Alejandro Kirk OF George Springer OF Carson Benge OF Ryan Vilade P Logan Gilbert P Drew Rasmussen SS Francisco Lindor,,,
863,5205435765,kingthurl,0,99.65,1B Kyle Stowers 2B Royce Lewis 3B Junior Caminero C Alejandro Kirk OF George Springer OF Nathan Church OF Myles Straw P Logan Gilbert P Drew Rasmussen SS Ben Williamson,,,
863,5205470972,RelentlessD85 (1/20),0,99.65,1B Vladimir Guerrero Jr. 2B Luis Urias 3B Yandy Diaz C Alejandro Kirk OF George Springer OF Chandler Simpson OF Victor Mesa Jr. P Logan Gilbert P Drew Rasmussen SS Ben Williamson,,,
863,5205477003,ARoman24 (1/4),0,99.65,1B Vladimir Guerrero Jr. 2B Marcus Semien 3B Bo Bichette C Nick Fortes OF George Springer OF A.J. Ewing OF Carson Benge P Logan Gilbert P Drew Rasmussen SS Francisco Lindor,,,
863,5205477177,ARoman24 (2/4),0,99.65,1B Vladimir Guerrero Jr. 2B Ernie Clement 3B Kazuma Okamoto C Nick Fortes OF George Springer OF Dominic Canzone OF Daulton Varsho P Logan Gilbert P Drew Rasmussen SS Francisco Lindor,,,
863,5205510870,dfwinscom (13/20),0,99.65,1B Kyle Stowers 2B Marcus Semien 3B Bo Bichette C Luis Torrens OF Julio Rodriguez OF George Springer OF Carson Benge P Logan Gilbert P Drew Rasmussen SS Francisco Lindor,,,
863,5205517740,Schlaurizzle (3/20),0,99.65,1B Vladimir Guerrero Jr. 2B Luis Urias 3B Kazuma Okamoto C Alejandro Kirk OF George Springer OF Carson Benge OF Victor Mesa Jr. P Logan Gilbert P Drew Rasmussen SS Francisco Lindor,,,
863,5205517812,ydoja2 (15/15),0,99.65,1B Alec Burleson 2B Luis Urias 3B Kazuma Okamoto C Ivan Herrera OF George Springer OF Lars Nootbaar OF Daulton Varsho P Logan Gilbert P Drew Rasmussen SS Ernie Clement,,,
863,5205536526,mrxkronz (2/2),0,99.65,1B Yandy Diaz 2B Xavier Edwards 3B Kazuma Okamoto C Nick Fortes OF Carson Benge OF Heriberto Hernandez OF Esteury Ruiz P Logan Gilbert P Drew Rasmussen SS Otto Lopez,,,
889,5205008495,isaakuerickson (9/10),0,99.25,1B Ryan Vilade 2B Xavier Edwards 3B Leo Jimenez C Liam Hicks OF Kody Clemens OF George Springer OF Heriberto Hernandez P Drew Rasmussen P Kevin Gausman SS Otto Lopez,,,
889,5205158173,LOCNOTM (4/20),0,99.25,1B Royce Lewis 2B Brett Baty 3B Brooks Lee C Ryan Jeffers OF Kody Clemens OF Julio Rodriguez OF Trevor Larnach P Drew Rasmussen P Kevin Gausman SS Colt Emerson,,,
889,5205170869,love245555 (10/20),0,99.25,1B Jared Young 2B Kody Clemens 3B Yandy Diaz C Victor Caratini OF Randy Arozarena OF A.J. Ewing OF Dominic Canzone P Drew Rasmussen P Kevin Gausman SS Francisco Lindor,,,
889,5205204294,JcClark18 (9/20),0,99.25,1B Kyle Stowers 2B Xavier Edwards 3B Bo Bichette C Liam Hicks OF A.J. Ewing OF Chandler Simpson OF Heriberto Hernandez P Drew Rasmussen P Kevin Gausman SS Otto Lopez,,,
889,5205204303,JcClark18 (18/20),0,99.25,1B Vladimir Guerrero Jr. 2B Luis Urias 3B Junior Caminero C Alejandro Kirk OF George Springer OF Chandler Simpson OF Victor Mesa Jr. P Drew Rasmussen P Kevin Gausman SS Ernie Clement,,,
889,5205260366,brontoball,0,99.25,1B Kyle Stowers 2B Chase Meidroth 3B Junior Caminero C Cal Raleigh OF Randy Arozarena OF Carson Benge OF Ryan Vilade P Drew Rasmussen P Kevin Gausman SS Masyn Winn,,,
889,5205356515,lklk88088 (20/20),0,99.25,1B Vladimir Guerrero Jr. 2B Luis Urias 3B Junior Caminero C Alejandro Kirk OF George Springer OF Chandler Simpson OF Victor Mesa Jr. P Drew Rasmussen P Kevin Gausman SS Ernie Clement,,,
889,5205383232,ImaDonk11 (6/20),0,99.25,1B Kyle Stowers 2B Brett Baty 3B Bo Bichette C Liam Hicks OF A.J. Ewing OF Carson Benge OF Heriberto Hernandez P Drew Rasmussen P Kevin Gausman SS Otto Lopez,,,
889,5205488873,jericho911,0,99.25,1B Kyle Stowers 2B Ernie Clement 3B Kazuma Okamoto C Alejandro Kirk OF Kody Clemens OF Julio Rodriguez OF George Springer P Drew Rasmussen P Kevin Gausman SS Ben Williamson,,,
898,5205477801,cwthrow24 (11/20),0,98.95,1B Kyle Stowers 2B Royce Lewis 3B Brooks Lee C Liam Hicks OF Kody Clemens OF Heriberto Hernandez OF Esteury Ruiz P Kevin Gausman P Connor Prielipp SS Otto Lopez,,,
899,5205170860,love245555 (1/20),0,98.9,1B Munetaka Murakami 2B Davis Schneider 3B Bo Bichette C Liam Hicks OF A.J. Ewing OF Heriberto Hernandez OF Griffin Conine P Logan Gilbert P Kevin Gausman SS Otto Lopez,,,
899,5205247583,jradesanmi (10/20),0,98.9,1B Vladimir Guerrero Jr. 2B Davis Schneider 3B Kazuma Okamoto C Cal Raleigh OF Randy Arozarena OF Julio Rodriguez OF Daulton Varsho P Logan Gilbert P Kevin Gausman SS Otto Lopez,,,
899,5205268623,Isklebibble (14/20),0,98.9,1B Vladimir Guerrero Jr. 2B Ernie Clement 3B Bo Bichette C Alejandro Kirk OF George Springer OF Heriberto Hernandez OF Daulton Varsho P Logan Gilbert P Kevin Gausman SS Otto Lopez,,,
899,5205492057,mariobr1709 (10/20),0,98.9,1B Vladimir Guerrero Jr. 2B Luis Urias 3B Kazuma Okamoto C Liam Hicks OF George Springer OF Heriberto Hernandez OF Daulton Varsho P Logan Gilbert P Kevin Gausman SS Otto Lopez,,,
899,5205537827,broncswin79 (13/20),0,98.9,1B Vladimir Guerrero Jr. 2B Luis Urias 3B Yandy Diaz C Cal Raleigh OF Randy Arozarena OF Heriberto Hernandez OF Weston Wilson P Logan Gilbert P Kevin Gausman SS Otto Lopez,,,
899,5205540433,bellsofwar3 (5/14),0,98.9,1B Munetaka Murakami 2B Ben Williamson 3B Leo Jimenez C Liam Hicks OF Jonny DeLuca OF Heriberto Hernandez OF Griffin Conine P Logan Gilbert P Kevin Gausman SS Otto Lopez,,,
905,5205152534,kafedaiv (15/20),0,98.8,1B Kyle Stowers 2B Xavier Edwards 3B Yandy Diaz C Liam Hicks OF Jordan Walker OF Dominic Canzone OF Griffin Conine P Logan Gilbert P Tyler Phillips SS Otto Lopez,,,
906,5204867936,mga120 (7/20),0,98.7,1B Alec Burleson 2B Brett Baty 3B Junior Caminero C Alejandro Kirk OF A.J. Ewing OF Heriberto Hernandez OF Tyrone Taylor P Drew Rasmussen P Connor Prielipp SS Francisco Lindor,,,
906,5204975427,Ango0221 (9/20),0,98.7,1B Vladimir Guerrero Jr. 2B Ernie Clement 3B Junior Caminero C Alejandro Kirk OF George Springer OF A.J. Ewing OF Davis Schneider P Drew Rasmussen P Connor Prielipp SS Francisco Lindor,,,
906,5205019843,hunchoharry (14/20),0,98.7,1B Vladimir Guerrero Jr. 2B Luis Urias 3B Kazuma Okamoto C Alejandro Kirk OF Jordan Walker OF George Springer OF A.J. Ewing P Drew Rasmussen P Connor Prielipp SS Francisco Lindor,,,
906,5205204406,UniversalFriend (1/20),0,98.7,1B Vladimir Guerrero Jr. 2B JJ Wetherholt 3B Blaze Jordan C Ivan Herrera OF Jordan Walker OF George Springer OF Lars Nootbaar P Drew Rasmussen P Connor Prielipp SS Ernie Clement,,,
906,5205228663,Awalker3081 (4/20),0,98.7,1B Kyle Stowers 2B Xavier Edwards 3B Leo Jimenez C Alejandro Kirk OF George Springer OF A.J. Ewing OF Heriberto Hernandez P Drew Rasmussen P Connor Prielipp SS Otto Lopez,,,
906,5205276559,HockeyCardsPlus (4/20),0,98.7,1B Vladimir Guerrero Jr. 2B Luis Urias 3B Kazuma Okamoto C Ivan Herrera OF Jordan Walker OF George Springer OF Heriberto Hernandez P Drew Rasmussen P Connor Prielipp SS Francisco Lindor,,,
906,5205405181,SpeedRacer101 (11/20),0,98.7,1B Vladimir Guerrero Jr. 2B Royce Lewis 3B Bo Bichette C Alejandro Kirk OF George Springer OF A.J. Ewing OF Carson Benge P Drew Rasmussen P Connor Prielipp SS Francisco Lindor,,,
906,5205485404,Csurcek (4/5),0,98.7,1B Yandy Diaz 2B Ernie Clement 3B Junior Caminero C Alejandro Kirk OF George Springer OF Jonny DeLuca OF Daulton Varsho P Drew Rasmussen P Connor Prielipp SS Taylor Walls,,,
906,5205504040,sportsfan14 (2/20),0,98.7,1B Alec Burleson 2B JJ Wetherholt 3B Kazuma Okamoto C Ivan Herrera OF Jordan Walker OF Daulton Varsho OF Tyrone Taylor P Drew Rasmussen P Connor Prielipp SS Masyn Winn,,,
906,5205538581,Rhombus87 (3/20),0,98.7,1B Vladimir Guerrero Jr. 2B Luis Urias 3B Kazuma Okamoto C Ivan Herrera OF Jordan Walker OF George Springer OF Heriberto Hernandez P Drew Rasmussen P Connor Prielipp SS Francisco Lindor,,,
916,5204947463,csurunnerccr (2/20),0,98.65,1B Alec Burleson 2B JJ Wetherholt 3B Blaze Jordan C Cal Raleigh OF Julio Rodriguez OF Lars Nootbaar OF Myles Straw P Logan Gilbert P Drew Rasmussen SS Masyn Winn,,,
916,5204992721,nycgator12,0,98.65,1B Jared Young 2B Marcus Semien 3B Junior Caminero C Cal Raleigh OF Heriberto Hernandez OF Daulton Varsho OF Griffin Conine P Logan Gilbert P Drew Rasmussen SS Francisco Lindor,,,
916,5205013022,thundrenterprises (20/20),0,98.65,1B Vladimir Guerrero Jr. 2B Luis Urias 3B Kazuma Okamoto C Alejandro Kirk OF A.J. Ewing OF Carson Benge OF Daulton Varsho P Logan Gilbert P Drew Rasmussen SS Otto Lopez,,,
916,5205025415,tbjones2121 (7/20),0,98.65,1B Yandy Diaz 2B Luis Urias 3B Leo Jimenez C Liam Hicks OF Chandler Simpson OF Victor Mesa Jr. OF Heriberto Hernandez P Logan Gilbert P Drew Rasmussen SS Otto Lopez,,,
916,5205033014,AverageTuesday (7/20),0,98.65,1B Alec Burleson 2B Luis Urias 3B Kazuma Okamoto C Alejandro Kirk OF Jordan Walker OF Daulton Varsho OF Myles Straw P Logan Gilbert P Drew Rasmussen SS Francisco Lindor,,,
916,5205089566,SeanDre (10/20),0,98.65,1B Alec Burleson 2B Brett Baty 3B Bo Bichette C Mitch Garver OF Carson Benge OF Dominic Canzone OF Tyrone Taylor P Logan Gilbert P Drew Rasmussen SS Francisco Lindor,,,
916,5205101735,welchy81 (12/20),0,98.65,1B Jared Young 2B Brett Baty 3B Bo Bichette C Cal Raleigh OF Randy Arozarena OF A.J. Ewing OF Heriberto Hernandez P Logan Gilbert P Drew Rasmussen SS Francisco Lindor,,,
916,5205126909,dominicbasulto (2/3),0,98.65,1B Vladimir Guerrero Jr. 2B Luis Urias 3B Junior Caminero C Alejandro Kirk OF George Springer OF Chandler Simpson OF Ryan Vilade P Logan Gilbert P Drew Rasmussen SS Colt Emerson,,,
916,5205158127,j-wolf05 (20/20),0,98.65,1B Alec Burleson 2B Luis Urias 3B Kazuma Okamoto C Jimmy Crooks OF Jordan Walker OF George Springer OF Daulton Varsho P Logan Gilbert P Drew Rasmussen SS Ernie Clement,,,
916,5205247108,jlouie30,0,98.65,1B Vladimir Guerrero Jr. 2B Luis Urias 3B Bo Bichette C Alejandro Kirk OF A.J. Ewing OF Carson Benge OF Heriberto Hernandez P Logan Gilbert P Drew Rasmussen SS Francisco Lindor,,,
916,5205251623,uvajay (16/20),0,98.65,1B Ryan Vilade 2B Ben Williamson 3B Kazuma Okamoto C Nick Fortes OF Randy Arozarena OF Jonny DeLuca OF Victor Mesa Jr. P Logan Gilbert P Drew Rasmussen SS Francisco Lindor,,,
916,5205261848,bmosley21 (7/20),0,98.65,1B Jared Young 2B Marcus Semien 3B Bo Bichette C Liam Hicks OF A.J. Ewing OF Carson Benge OF Heriberto Hernandez P Logan Gilbert P Drew Rasmussen SS Otto Lopez,,,
916,5205283761,Dhadron (9/20),0,98.65,1B Kyle Stowers 2B Xavier Edwards 3B Bo Bichette C Luis Torrens OF Carson Benge OF Heriberto Hernandez OF Esteury Ruiz P Logan Gilbert P Drew Rasmussen SS Otto Lopez,,,
916,5205286568,FoxyGrandpa252 (7/20),0,98.65,1B Kyle Stowers 2B Xavier Edwards 3B Bo Bichette C Luis Torrens OF A.J. Ewing OF Heriberto Hernandez OF Esteury Ruiz P Logan Gilbert P Drew Rasmussen SS Otto Lopez,,,
916,5205348845,easymoneynow (2/3),0,98.65,1B Royce Lewis 2B Xavier Edwards 3B Brooks Lee C Mitch Garver OF Julio Rodriguez OF Carson Benge OF Heriberto Hernandez P Logan Gilbert P Drew Rasmussen SS Francisco Lindor,,,
916,5205488791,Overheated84,0,98.65,1B Ryan Vilade 2B Cole Young 3B Kazuma Okamoto C Alejandro Kirk OF Jordan Walker OF Carson Benge OF Heriberto Hernandez P Logan Gilbert P Drew Rasmussen SS Masyn Winn,,,
916,5205504048,sportsfan14 (10/20),0,98.65,1B Alec Burleson 2B Marcus Semien 3B Brett Baty C Luis Torrens OF Jordan Walker OF Daulton Varsho OF Tyrone Taylor P Logan Gilbert P Drew Rasmussen SS Francisco Lindor,,,
916,5205511167,ndesmarais97 (12/20),0,98.65,1B Alec Burleson 2B Brett Baty 3B Kazuma Okamoto C Alejandro Kirk OF George Springer OF Carson Benge OF Daulton Varsho P Logan Gilbert P Drew Rasmussen SS Ernie Clement,,,
916,5205511170,ndesmarais97 (15/20),0,98.65,1B Kyle Stowers 2B Xavier Edwards 3B Leo Jimenez C Liam Hicks OF Julio Rodriguez OF Carson Benge OF Heriberto Hernandez P Logan Gilbert P Drew Rasmussen SS Francisco Lindor,,,
916,5205517314,bhess777 (19/20),0,98.65,1B Ryan Vilade 2B Cole Young 3B Junior Caminero C Nick Fortes OF Randy Arozarena OF Dominic Canzone OF Victor Mesa Jr. P Logan Gilbert P Drew Rasmussen SS Ben Williamson,,,
916,5205517756,Schlaurizzle (19/20),0,98.65,1B Alec Burleson 2B Luis Urias 3B Blaze Jordan C Ivan Herrera OF Jordan Walker OF Carson Benge OF Lars Nootbaar P Logan Gilbert P Drew Rasmussen SS Francisco Lindor,,,
916,5205529633,Dunn2pac,0,98.65,1B Kyle Stowers 2B Cole Young 3B Junior Caminero C Nick Fortes OF Dominic Canzone OF Heriberto Hernandez OF Ryan Vilade P Logan Gilbert P Drew Rasmussen SS Otto Lopez,,,
938,5205440924,DefendFreedom (3/20),0,98.25,1B Vladimir Guerrero Jr. 2B Kody Clemens 3B Kazuma Okamoto C Mitch Garver OF Julio Rodriguez OF George Springer OF Daulton Varsho P Drew Rasmussen P Kevin Gausman SS Colt Emerson,,,
938,5205477186,ARoman24 (3/4),0,98.25,1B Yandy Diaz 2B Luis Urias 3B Junior Caminero C Cal Raleigh OF Jonny DeLuca OF Chandler Simpson OF Victor Mesa Jr. P Drew Rasmussen P Kevin Gausman SS Javier Sanoja,,,
938,5205538596,Rhombus87 (18/20),0,98.25,1B Vladimir Guerrero Jr. 2B Luis Urias 3B Kazuma Okamoto C Alejandro Kirk OF George Springer OF Chandler Simpson OF Victor Mesa Jr. P Drew Rasmussen P Kevin Gausman SS Francisco Lindor,,,
941,5205261835,gcmusketeer,0,98,1B Victor Caratini 2B Cole Young 3B Junior Caminero C Mitch Garver OF Randy Arozarena OF Jonny DeLuca OF Andrew Benintendi P Drew Rasmussen P Zac Thornton SS Francisco Lindor,,,
941,5205274759,kreller17 (10/20),0,98,1B Alec Burleson 2B Royce Lewis 3B Brooks Lee C Mitch Garver OF Julio Rodriguez OF Carson Benge OF Luke Keaschall P Drew Rasmussen P Zac Thornton SS Francisco Lindor,,,
941,5205526519,pinchhits,0,98,1B Royce Lewis 2B Cole Young 3B Bo Bichette C Alejandro Kirk OF Randy Arozarena OF Julio Rodriguez OF A.J. Ewing P Logan Gilbert P Quinn Mathews SS Francisco Lindor,,,
941,5205538392,InflamedColon,0,98,1B Yandy Diaz 2B Royce Lewis 3B Kazuma Okamoto C Nick Fortes OF Randy Arozarena OF Julio Rodriguez OF Ryan Vilade P Drew Rasmussen P Zac Thornton SS Otto Lopez,,,
945,5205232971,madballnj (15/20),0,97.95,1B Kyle Stowers 2B Royce Lewis 3B Javier Sanoja C Ryan Jeffers OF A.J. Ewing OF Heriberto Hernandez OF Esteury Ruiz P Kevin Gausman P Connor Prielipp SS Otto Lopez,,,
946,5204788746,ivymoose (8/20),0,97.9,1B Vladimir Guerrero Jr. 2B Luis Urias 3B Kazuma Okamoto C Mitch Garver OF Randy Arozarena OF Julio Rodriguez OF Dominic Canzone P Logan Gilbert P Kevin Gausman SS Francisco Lindor,,,
946,5205143500,cw1tt (16/20),0,97.9,1B Yandy Diaz 2B Luis Urias 3B Junior Caminero C Alejandro Kirk OF Randy Arozarena OF Daulton Varsho OF Davis Schneider P Logan Gilbert P Kevin Gausman SS Ernie Clement,,,
946,5205170180,dlbell5848 (1/4),0,97.9,1B Josh Naylor 2B Cole Young 3B Kazuma Okamoto C Cal Raleigh OF Julio Rodriguez OF Heriberto Hernandez OF Tyrone Taylor P Logan Gilbert P Kevin Gausman SS Otto Lopez,,,
946,5205191703,cowboys767 (8/20),0,97.9,1B Vladimir Guerrero Jr. 2B Brett Baty 3B Bo Bichette C Cal Raleigh OF Randy Arozarena OF A.J. Ewing OF Tyrone Taylor P Logan Gilbert P Kevin Gausman SS Francisco Lindor,,,
946,5205192960,masonplays2014 (10/20),0,97.9,1B Vladimir Guerrero Jr. 2B Xavier Edwards 3B Leo Jimenez C Liam Hicks OF Julio Rodriguez OF George Springer OF Heriberto Hernandez P Logan Gilbert P Kevin Gausman SS Otto Lopez,,,
946,5205204295,JcClark18 (10/20),0,97.9,1B Vladimir Guerrero Jr. 2B Luis Urias 3B Kazuma Okamoto C Cal Raleigh OF Randy Arozarena OF George Springer OF Dominic Canzone P Logan Gilbert P Kevin Gausman SS Ernie Clement,,,
946,5205214618,tpyo (13/20),0,97.9,1B Josh Naylor 2B Cole Young 3B Leo Jimenez C Ivan Herrera OF Randy Arozarena OF Julio Rodriguez OF Dominic Canzone P Logan Gilbert P Kevin Gausman SS Colson Montgomery,,,
946,5205286562,FoxyGrandpa252 (1/20),0,97.9,1B Munetaka Murakami 2B Xavier Edwards 3B Javier Sanoja C Liam Hicks OF Julio Rodriguez OF Heriberto Hernandez OF Weston Wilson P Logan Gilbert P Kevin Gausman SS Otto Lopez,,,
946,5205406865,james_thiel (16/20),0,97.9,1B Kyle Stowers 2B Xavier Edwards 3B Yandy Diaz C Cal Raleigh OF Chandler Simpson OF Esteury Ruiz OF Griffin Conine P Logan Gilbert P Kevin Gausman SS Otto Lopez,,,
946,5205505195,KingTerryPegula (12/20),0,97.9,1B Jared Young 2B Xavier Edwards 3B Weston Wilson C Alejandro Kirk OF Randy Arozarena OF Julio Rodriguez OF Heriberto Hernandez P Logan Gilbert P Kevin Gausman SS Otto Lopez,,,
946,5205524119,xTRISKITx (19/20),0,97.9,1B Kyle Stowers 2B Xavier Edwards 3B Kazuma Okamoto C Liam Hicks OF George Springer OF Heriberto Hernandez OF Esteury Ruiz P Logan Gilbert P Kevin Gausman SS Francisco Lindor,,,
946,5205524179,mattmoss12 (4/20),0,97.9,1B Vladimir Guerrero Jr. 2B Luis Urias 3B Kazuma Okamoto C Alejandro Kirk OF George Springer OF A.J. Ewing OF Tyrone Taylor P Logan Gilbert P Kevin Gausman SS Francisco Lindor,,,
958,5205173856,ttillie (6/20),0,97.7,1B Yandy Diaz 2B Marcus Semien 3B Bo Bichette C Ivan Herrera OF Jonny DeLuca OF A.J. Ewing OF Heriberto Hernandez P Drew Rasmussen P Connor Prielipp SS Otto Lopez,,,
958,5205258140,qbani2 (2/2),0,97.7,1B Royce Lewis 2B Kody Clemens 3B Brooks Lee C Ryan Jeffers OF Jonny DeLuca OF Trevor Larnach OF Ryan Vilade P Drew Rasmussen P Connor Prielipp SS Francisco Lindor,,,
958,5205288292,JustJames23 (2/3),0,97.7,1B Kyle Stowers 2B Xavier Edwards 3B Junior Caminero C Liam Hicks OF Chandler Simpson OF Victor Mesa Jr. OF Esteury Ruiz P Drew Rasmussen P Connor Prielipp SS Otto Lopez,,,
958,5205454030,Juan1226 (7/20),0,97.7,1B Vladimir Guerrero Jr. 2B JJ Wetherholt 3B Kazuma Okamoto C Alejandro Kirk OF George Springer OF Lars Nootbaar OF Daulton Varsho P Drew Rasmussen P Connor Prielipp SS Masyn Winn,,,
958,5205466710,Blerud15 (1/20),0,97.7,1B Alec Burleson 2B JJ Wetherholt 3B Kazuma Okamoto C Ivan Herrera OF Jordan Walker OF Heriberto Hernandez OF Lars Nootbaar P Drew Rasmussen P Connor Prielipp SS Javier Sanoja,,,
958,5205466717,Blerud15 (8/20),0,97.7,1B Alec Burleson 2B Luis Urias 3B Kazuma Okamoto C Ivan Herrera OF Jordan Walker OF George Springer OF Lars Nootbaar P Drew Rasmussen P Connor Prielipp SS Masyn Winn,,,
964,5204947477,csurunnerccr (16/20),0,97.65,1B Vladimir Guerrero Jr. 2B Luis Urias 3B Kazuma Okamoto C Jimmy Crooks OF Jordan Walker OF George Springer OF Lars Nootbaar P Logan Gilbert P Drew Rasmussen SS Francisco Lindor,,,
964,5205013021,thundrenterprises (19/20),0,97.65,1B Vladimir Guerrero Jr. 2B Luis Urias 3B Kazuma Okamoto C Mitch Garver OF Julio Rodriguez OF Heriberto Hernandez OF Daulton Varsho P Logan Gilbert P Drew Rasmussen SS Ernie Clement,,,
964,5205101734,welchy81 (11/20),0,97.65,1B Vladimir Guerrero Jr. 2B Luis Urias 3B Bo Bichette C Cal Raleigh OF A.J. Ewing OF Chandler Simpson OF Esteury Ruiz P Logan Gilbert P Drew Rasmussen SS Francisco Lindor,,,
964,5205225173,LIUSPORTS (1/2),0,97.65,1B Vladimir Guerrero Jr. 2B Xavier Edwards 3B Junior Caminero C Nick Fortes OF George Springer OF Weston Wilson OF Myles Straw P Logan Gilbert P Drew Rasmussen SS Otto Lopez,,,
964,5205232963,madballnj (7/20),0,97.65,1B Vladimir Guerrero Jr. 2B Luis Urias 3B Junior Caminero C Alejandro Kirk OF Chandler Simpson OF Daulton Varsho OF Myles Straw P Logan Gilbert P Drew Rasmussen SS Francisco Lindor,,,
964,5205237804,DJsPath23 (4/5),0,97.65,1B Vladimir Guerrero Jr. 2B Luis Urias 3B Kazuma Okamoto C Mitch Garver OF George Springer OF A.J. Ewing OF Carson Benge P Logan Gilbert P Drew Rasmussen SS Francisco Lindor,,,
964,5205247593,jradesanmi (20/20),0,97.65,1B Vladimir Guerrero Jr. 2B Luis Urias 3B Bo Bichette C Cal Raleigh OF A.J. Ewing OF Chandler Simpson OF Esteury Ruiz P Logan Gilbert P Drew Rasmussen SS Francisco Lindor,,,
964,5205440926,DefendFreedom (5/20),0,97.65,1B Royce Lewis 2B Cole Young 3B Weston Wilson C Cal Raleigh OF Julio Rodriguez OF Jonny DeLuca OF A.J. Ewing P Logan Gilbert P Drew Rasmussen SS Francisco Lindor,,,
964,5205440940,DefendFreedom (19/20),0,97.65,1B Ryan Vilade 2B Luis Urias 3B Weston Wilson C Cal Raleigh OF Julio Rodriguez OF George Springer OF Dominic Canzone P Logan Gilbert P Drew Rasmussen SS Otto Lopez,,,
964,5205465877,BigMart11 (12/20),0,97.65,1B Yandy Diaz 2B Marcus Semien 3B Brett Baty C Luis Torrens OF Randy Arozarena OF Chandler Simpson OF Victor Mesa Jr. P Logan Gilbert P Drew Rasmussen SS Francisco Lindor,,,
964,5205492870,whip99 (2/20),0,97.65,1B Vladimir Guerrero Jr. 2B Luis Urias 3B Kazuma Okamoto C Ivan Herrera OF George Springer OF Victor Mesa Jr. OF Daulton Varsho P Logan Gilbert P Drew Rasmussen SS Francisco Lindor,,,
964,5205526498,lonerangerjackers (2/2),0,97.65,1B Yandy Diaz 2B Royce Lewis 3B Brett Baty C Ryan Jeffers OF Dominic Canzone OF Daulton Varsho OF Griffin Conine P Logan Gilbert P Drew Rasmussen SS Ryan Kreidler,,,
976,5205143389,wendog36,0,97.4,1B Kyle Stowers 2B Xavier Edwards 3B Junior Caminero C Alejandro Kirk OF Jordan Walker OF George Springer OF Trevor Larnach P Kevin Gausman P Tyler Phillips SS Otto Lopez,,,
977,5205260760,orenict,0,97.35,1B Yandy Diaz 2B Cole Young 3B Junior Caminero C Nick Fortes OF Randy Arozarena OF Chandler Simpson OF Dominic Canzone P Drew Rasmussen P Quinn Mathews SS Taylor Walls,,,
978,5204859681,niquisition (6/20),0,97.25,1B Vladimir Guerrero Jr. 2B Royce Lewis 3B Kazuma Okamoto C Ryan Jeffers OF Trevor Larnach OF Myles Straw OF Davis Schneider P Drew Rasmussen P Kevin Gausman SS Ernie Clement,,,
978,5205136286,Caryg07 (17/20),0,97.25,1B Yandy Diaz 2B Ben Williamson 3B Junior Caminero C Nick Fortes OF A.J. Ewing OF Chandler Simpson OF Tyrone Taylor P Drew Rasmussen P Kevin Gausman SS Otto Lopez,,,
978,5205158182,LOCNOTM (13/20),0,97.25,1B Vladimir Guerrero Jr. 2B Cole Young 3B Yandy Diaz C Ryan Jeffers OF Chandler Simpson OF Victor Mesa Jr. OF Tyrone Taylor P Drew Rasmussen P Kevin Gausman SS Taylor Walls,,,
978,5205266815,rstanley23 (2/2),0,97.25,1B Vladimir Guerrero Jr. 2B Ernie Clement 3B Kazuma Okamoto C Cal Raleigh OF George Springer OF Dominic Canzone OF Heriberto Hernandez P Drew Rasmussen P Kevin Gausman SS Francisco Lindor,,,
978,5205399215,DougGlatt,0,97.25,1B Yandy Diaz 2B Davis Schneider 3B Junior Caminero C Alejandro Kirk OF Jonny DeLuca OF Heriberto Hernandez OF Ryan Vilade P Drew Rasmussen P Kevin Gausman SS Francisco Lindor,,,
978,5205405116,joset322,0,97.25,1B Kyle Stowers 2B Ernie Clement 3B Brooks Lee C Cal Raleigh OF Jonny DeLuca OF A.J. Ewing OF Chandler Simpson P Drew Rasmussen P Kevin Gausman SS Francisco Lindor,,,
978,5205441099,rikyrotten (3/3),0,97.25,1B Jonathan Aranda 2B Marcus Semien 3B Junior Caminero C Alejandro Kirk OF George Springer OF Lars Nootbaar OF Ryan Vilade P Drew Rasmussen P Kevin Gausman SS Otto Lopez,,,
978,5205485405,Csurcek (5/5),0,97.25,1B Yandy Diaz 2B Ernie Clement 3B Kazuma Okamoto C Alejandro Kirk OF George Springer OF Jonny DeLuca OF Victor Mesa Jr. P Drew Rasmussen P Kevin Gausman SS Taylor Walls,,,
986,5205291401,meyers2305 (2/20),0,97,1B Munetaka Murakami 2B Xavier Edwards 3B Javier Sanoja C Cal Raleigh OF Sam Antonacci OF Esteury Ruiz OF Griffin Conine P Logan Gilbert P Quinn Mathews SS Otto Lopez,,,
986,5205291416,meyers2305 (17/20),0,97,1B Munetaka Murakami 2B Xavier Edwards 3B Javier Sanoja C Cal Raleigh OF Sam Antonacci OF Esteury Ruiz OF Griffin Conine P Logan Gilbert P Quinn Mathews SS Otto Lopez,,,
986,5205434948,stevenhenry43211 (9/14),0,97,1B Yandy Diaz 2B Royce Lewis 3B Junior Caminero C Mitch Garver OF Jonny DeLuca OF Griffin Conine OF Nathan Church P Drew Rasmussen P Zac Thornton SS Masyn Winn,,,
986,5205485614,KenyanDrake (18/20),0,97,1B Josh Naylor 2B Marcus Semien 3B Bo Bichette C Cal Raleigh OF Jordan Walker OF Randy Arozarena OF Julio Rodriguez P Logan Gilbert P Noah Schultz SS Francisco Lindor,,,
986,5205500428,Ffillar,0,97,1B Kyle Stowers 2B Luis Urias 3B Junior Caminero C Liam Hicks OF Randy Arozarena OF Heriberto Hernandez OF Andrew Benintendi P Logan Gilbert P Quinn Mathews SS Otto Lopez,,,
986,5205536714,hutch16969,0,97,1B Vladimir Guerrero Jr. 2B Luis Urias 3B Kazuma Okamoto C Alejandro Kirk OF Randy Arozarena OF Sam Antonacci OF Julio Rodriguez P Drew Rasmussen P Zac Thornton SS Taylor Walls,,,
992,5205191711,cowboys767 (16/20),0,96.95,1B Royce Lewis 2B Kody Clemens 3B Brooks Lee C Ryan Jeffers OF Trevor Larnach OF Heriberto Hernandez OF Esteury Ruiz P Kevin Gausman P Connor Prielipp SS Otto Lopez,,,
993,5205158177,LOCNOTM (8/20),0,96.9,1B Kyle Stowers 2B Xavier Edwards 3B Leo Jimenez C Liam Hicks OF Randy Arozarena OF Julio Rodriguez OF Heriberto Hernandez P Logan Gilbert P Kevin Gausman SS Taylor Walls,,,
993,5205163961,Banzai76,0,96.9,1B Josh Naylor 2B Xavier Edwards 3B Weston Wilson C Cal Raleigh OF Randy Arozarena OF Julio Rodriguez OF Heriberto Hernandez P Logan Gilbert P Kevin Gausman SS Otto Lopez,,,
993,5205526945,Grnder_786 (3/20),0,96.9,1B Kyle Stowers 2B Cole Young 3B Yandy Diaz C Cal Raleigh OF Julio Rodriguez OF Heriberto Hernandez OF Esteury Ruiz P Logan Gilbert P Kevin Gausman SS Francisco Lindor,,,
993,5205530608,broncswin79 (5/20),0,96.9,1B Vladimir Guerrero Jr. 2B Luis Urias 3B Yandy Diaz C Cal Raleigh OF Randy Arozarena OF Dominic Canzone OF Heriberto Hernandez P Logan Gilbert P Kevin Gausman SS Ernie Clement,,,
997,5205268619,Isklebibble (10/20),0,96.7,1B Vladimir Guerrero Jr. 2B Ernie Clement 3B Junior Caminero C Alejandro Kirk OF George Springer OF Victor Mesa Jr. OF Daulton Varsho P Drew Rasmussen P Connor Prielipp SS Francisco Lindor,,,
997,5205283758,Dhadron (6/20),0,96.7,1B Yandy Diaz 2B Xavier Edwards 3B Leo Jimenez C Liam Hicks OF Jonny DeLuca OF Chandler Simpson OF Heriberto Hernandez P Drew Rasmussen P Connor Prielipp SS Otto Lopez,,,
997,5205347379,chrispy2005 (17/20),0,96.7,1B Alec Burleson 2B Luis Urias 3B Kazuma Okamoto C Ivan Herrera OF Jordan Walker OF Julio Rodriguez OF Heriberto Hernandez P Drew Rasmussen P Connor Prielipp SS Masyn Winn,,,
997,5205538383,sirleged7777,0,96.7,1B Yandy Diaz 2B Xavier Edwards 3B Junior Caminero C Liam Hicks OF Jonny DeLuca OF Victor Mesa Jr. OF Ryan Vilade P Drew Rasmussen P Connor Prielipp SS Javier Sanoja,,,
1001,5205072094,Wanna_Square_Up1567 (17/20),0,96.65,1B Kyle Stowers 2B Marcus Semien 3B Weston Wilson C Luis Torrens OF A.J. Ewing OF Heriberto Hernandez OF Tyrone Taylor P Logan Gilbert P Drew Rasmussen SS Francisco Lindor,,,
1001,5205157261,Dcline3333,0,96.65,1B Jared Young 2B Xavier Edwards 3B Bo Bichette C Alejandro Kirk OF George Springer OF A.J. Ewing OF Heriberto Hernandez P Logan Gilbert P Drew Rasmussen SS Francisco Lindor,,,
1001,5205158123,j-wolf05 (16/20),0,96.65,1B Alec Burleson 2B Luis Urias 3B Yandy Diaz C Ivan Herrera OF Chandler Simpson OF Lars Nootbaar OF Nathan Church P Logan Gilbert P Drew Rasmussen SS Masyn Winn,,,
1001,5205204410,UniversalFriend (5/20),0,96.65,1B Jared Young 2B Marcus Semien 3B Bo Bichette C Cal Raleigh OF Randy Arozarena OF Carson Benge OF Victor Mesa Jr. P Logan Gilbert P Drew Rasmussen SS Francisco Lindor,,,
1001,5205232961,madballnj (5/20),0,96.65,1B Kyle Stowers 2B JJ Wetherholt 3B Bo Bichette C Luis Torrens OF A.J. Ewing OF Heriberto Hernandez OF Tyrone Taylor P Logan Gilbert P Drew Rasmussen SS Francisco Lindor,,,
1001,5205247951,stevenhenry43211 (2/14),0,96.65,1B Yandy Diaz 2B Xavier Edwards 3B Weston Wilson C Cal Raleigh OF Julio Rodriguez OF Heriberto Hernandez OF Esteury Ruiz P Logan Gilbert P Drew Rasmussen SS Ernie Clement,,,
1001,5205278300,UWAlums03 (4/5),0,96.65,1B Vladimir Guerrero Jr. 2B Luis Urias 3B Kazuma Okamoto C Cal Raleigh OF George Springer OF Dominic Canzone OF Daulton Varsho P Logan Gilbert P Drew Rasmussen SS Francisco Lindor,,,
1001,5205284851,Twinz1987 (2/20),0,96.65,1B Jared Young 2B Brett Baty 3B Junior Caminero C Luis Torrens OF George Springer OF Jonny DeLuca OF Heriberto Hernandez P Logan Gilbert P Drew Rasmussen SS Otto Lopez,,,
1001,5205326589,sdot2350,0,96.65,1B Vladimir Guerrero Jr. 2B Marcus Semien 3B Bo Bichette C Alejandro Kirk OF A.J. Ewing OF Carson Benge OF Daulton Varsho P Logan Gilbert P Drew Rasmussen SS Francisco Lindor,,,
1001,5205371385,Abc1289 (9/20),0,96.65,1B Josh Naylor 2B Cole Young 3B Yandy Diaz C Ivan Herrera OF Jordan Walker OF Dominic Canzone OF Weston Wilson P Logan Gilbert P Drew Rasmussen SS Colt Emerson,,,
1001,5205406546,KyleRaposo,0,96.65,1B Vladimir Guerrero Jr. 2B Luis Urias 3B Bo Bichette C Alejandro Kirk OF A.J. Ewing OF Carson Benge OF Daulton Varsho P Logan Gilbert P Drew Rasmussen SS Francisco Lindor,,,
1001,5205460417,LadyNoLuck,0,96.65,1B Yandy Diaz 2B Luis Urias 3B Kazuma Okamoto C Alejandro Kirk OF George Springer OF Chandler Simpson OF Ryan Vilade P Logan Gilbert P Drew Rasmussen SS Ernie Clement,,,
1001,5205474166,ballaholick713 (9/20),0,96.65,1B Josh Naylor 2B JJ Wetherholt 3B Kazuma Okamoto C Alejandro Kirk OF Julio Rodriguez OF Daulton Varsho OF Davis Schneider P Logan Gilbert P Drew Rasmussen SS Ernie Clement,,,
1001,5205474176,ballaholick713 (19/20),0,96.65,1B Josh Naylor 2B Brett Baty 3B Junior Caminero C Luis Torrens OF Julio Rodriguez OF A.J. Ewing OF Tyrone Taylor P Logan Gilbert P Drew Rasmussen SS Francisco Lindor,,,
1001,5205491420,Discostupendously (1/10),0,96.65,1B Vladimir Guerrero Jr. 2B Brett Baty 3B Bo Bichette C Cal Raleigh OF A.J. Ewing OF Heriberto Hernandez OF Esteury Ruiz P Logan Gilbert P Drew Rasmussen SS Francisco Lindor,,,
1001,5205498703,TroyGilly91 (1/8),0,96.65,1B Vladimir Guerrero Jr. 2B Brett Baty 3B Kazuma Okamoto C Alejandro Kirk OF George Springer OF Daulton Varsho OF Weston Wilson P Logan Gilbert P Drew Rasmussen SS Francisco Lindor,,,
1001,5205518406,perc_nowitzki,0,96.65,1B Jared Young 2B Luis Urias 3B Junior Caminero C Luis Torrens OF Randy Arozarena OF A.J. Ewing OF Carson Benge P Logan Gilbert P Drew Rasmussen SS Francisco Lindor,,,
1001,5205529015,kimikazee,0,96.65,1B Vladimir Guerrero Jr. 2B Ernie Clement 3B Kazuma Okamoto C Alejandro Kirk OF A.J. Ewing OF Heriberto Hernandez OF Davis Schneider P Logan Gilbert P Drew Rasmussen SS Francisco Lindor,,,
1001,5205538590,Rhombus87 (12/20),0,96.65,1B Alec Burleson 2B JJ Wetherholt 3B Kazuma Okamoto C Jimmy Crooks OF George Springer OF Lars Nootbaar OF Daulton Varsho P Logan Gilbert P Drew Rasmussen SS Masyn Winn,,,
1020,5205019833,hunchoharry (4/20),0,96.35,1B Kyle Stowers 2B Xavier Edwards 3B Yandy Diaz C Liam Hicks OF Jordan Walker OF Griffin Conine OF Davis Schneider P Logan Gilbert P Connor Prielipp SS Otto Lopez,,,
1020,5205065323,jersey44 (1/2),0,96.35,1B Jared Young 2B Xavier Edwards 3B Yandy Diaz C Nick Fortes OF Randy Arozarena OF Julio Rodriguez OF A.J. Ewing P Drew Rasmussen P Quinn Mathews SS Francisco Lindor,,,
1020,5205065324,jersey44 (2/2),0,96.35,1B Jared Young 2B Xavier Edwards 3B Yandy Diaz C Nick Fortes OF Randy Arozarena OF Julio Rodriguez OF A.J. Ewing P Drew Rasmussen P Quinn Mathews SS Francisco Lindor,,,
1020,5205268617,Isklebibble (8/20),0,96.35,1B Vladimir Guerrero Jr. 2B Ernie Clement 3B Yandy Diaz C Alejandro Kirk OF George Springer OF Heriberto Hernandez OF Daulton Varsho P Logan Gilbert P Connor Prielipp SS Otto Lopez,,,
1020,5205526552,bownuts611 (3/6),0,96.35,1B Vladimir Guerrero Jr. 2B Chase Meidroth 3B Brett Baty C Mitch Garver OF Jordan Walker OF Randy Arozarena OF Julio Rodriguez P Drew Rasmussen P Quinn Mathews SS Colson Montgomery,,,
1025,5205126593,richalanen,0,96.25,1B Vladimir Guerrero Jr. 2B Ernie Clement 3B Kazuma Okamoto C Cal Raleigh OF Kody Clemens OF Randy Arozarena OF Nathan Church P Drew Rasmussen P Kevin Gausman SS Taylor Walls,,,
1025,5205485402,Csurcek (2/5),0,96.25,1B Kyle Stowers 2B Xavier Edwards 3B Junior Caminero C Nick Fortes OF Jonny DeLuca OF Chandler Simpson OF Heriberto Hernandez P Drew Rasmussen P Kevin Gausman SS Otto Lopez,,,
1025,5205492066,mariobr1709 (19/20),0,96.25,1B Yandy Diaz 2B Davis Schneider 3B Junior Caminero C Alejandro Kirk OF George Springer OF Chandler Simpson OF Daulton Varsho P Drew Rasmussen P Kevin Gausman SS Taylor Walls,,,
1028,5205052004,foutah (5/8),0,96,1B Alec Burleson 2B Xavier Edwards 3B Brooks Lee C Alejandro Kirk OF George Springer OF Jonny DeLuca OF A.J. Ewing P Drew Rasmussen P Zac Thornton SS Ryan Kreidler,,,
1028,5205183608,jnwallen (5/20),0,96,1B Jared Young 2B Cole Young 3B Bo Bichette C Cal Raleigh OF Randy Arozarena OF Julio Rodriguez OF Dominic Canzone P Drew Rasmussen P Zac Thornton SS Francisco Lindor,,,
1028,5205278678,Scruballer,0,96,1B Josh Naylor 2B Marcus Semien 3B Kazuma Okamoto C Ryan Jeffers OF George Springer OF Carson Benge OF Esteury Ruiz P Drew Rasmussen P Zac Thornton SS Otto Lopez,,,
1028,5205466432,kwwagner1142 (3/3),0,96,1B Alec Burleson 2B Xavier Edwards 3B Blaze Jordan C Ivan Herrera OF Jordan Walker OF Randy Arozarena OF Heriberto Hernandez P Logan Gilbert P Quinn Mathews SS Masyn Winn,,,
1028,5205473650,henry296 (14/20),0,96,1B Yandy Diaz 2B Brett Baty 3B Javier Sanoja C Cal Raleigh OF Randy Arozarena OF Julio Rodriguez OF A.J. Ewing P Logan Gilbert P Quinn Mathews SS Francisco Lindor,,,
1028,5205538690,jimbah123,0,96,1B Yandy Diaz 2B Cole Young 3B Brett Baty C Cal Raleigh OF Randy Arozarena OF Jonny DeLuca OF Andrew Benintendi P Drew Rasmussen P Zac Thornton SS Francisco Lindor,,,
1034,5204869562,jettyray (5/5),0,95.95,1B Vladimir Guerrero Jr. 2B Royce Lewis 3B Yandy Diaz C Alejandro Kirk OF Kody Clemens OF George Springer OF Trevor Larnach P Kevin Gausman P Connor Prielipp SS Francisco Lindor,,,
1035,5204863252,jettyray (3/5),0,95.9,1B Vladimir Guerrero Jr. 2B Luis Urias 3B Kazuma Okamoto C Alejandro Kirk OF Julio Rodriguez OF George Springer OF A.J. Ewing P Logan Gilbert P Kevin Gausman SS Otto Lopez,,,
1035,5205008496,isaakuerickson (10/10),0,95.9,1B Vladimir Guerrero Jr. 2B Luis Urias 3B Miguel Vargas C Alejandro Kirk OF Randy Arozarena OF Sam Antonacci OF Myles Straw P Logan Gilbert P Kevin Gausman SS Ernie Clement,,,
1035,5205132387,KristianFTM (5/20),0,95.9,1B Munetaka Murakami 2B Cole Young 3B Weston Wilson C Liam Hicks OF Randy Arozarena OF Sam Antonacci OF Dominic Canzone P Logan Gilbert P Kevin Gausman SS Colt Emerson,,,
1035,5205192951,masonplays2014 (1/20),0,95.9,1B Vladimir Guerrero Jr. 2B Luis Urias 3B Kazuma Okamoto C Alejandro Kirk OF Julio Rodriguez OF George Springer OF A.J. Ewing P Logan Gilbert P Kevin Gausman SS Otto Lopez,,,
1035,5205288291,JustJames23 (1/3),0,95.9,1B Vladimir Guerrero Jr. 2B Luis Urias 3B Miguel Vargas C Alejandro Kirk OF George Springer OF Heriberto Hernandez OF Tyrone Taylor P Logan Gilbert P Kevin Gausman SS Colson Montgomery,,,
1035,5205406852,james_thiel (3/20),0,95.9,1B Munetaka Murakami 2B Xavier Edwards 3B Javier Sanoja C Cal Raleigh OF Dominic Canzone OF Heriberto Hernandez OF Esteury Ruiz P Logan Gilbert P Kevin Gausman SS Otto Lopez,,,
1035,5205454025,Juan1226 (2/20),0,95.9,1B Kyle Stowers 2B Xavier Edwards 3B Leo Jimenez C Cal Raleigh OF Randy Arozarena OF Julio Rodriguez OF Heriberto Hernandez P Logan Gilbert P Kevin Gausman SS Otto Lopez,,,
1035,5205473645,henry296 (9/20),0,95.9,1B Vladimir Guerrero Jr. 2B Luis Urias 3B Kazuma Okamoto C Alejandro Kirk OF Julio Rodriguez OF George Springer OF A.J. Ewing P Logan Gilbert P Kevin Gausman SS Otto Lopez,,,
1035,5205495978,blackliberace (1/2),0,95.9,1B Royce Lewis 2B Cole Young 3B Kazuma Okamoto C Alejandro Kirk OF George Springer OF A.J. Ewing OF Heriberto Hernandez P Logan Gilbert P Kevin Gausman SS Otto Lopez,,,
1035,5205495989,blackliberace (2/2),0,95.9,1B Royce Lewis 2B Cole Young 3B Kazuma Okamoto C Alejandro Kirk OF George Springer OF A.J. Ewing OF Heriberto Hernandez P Logan Gilbert P Kevin Gausman SS Otto Lopez,,,
1045,5205012842,SayHeyKid1230 (12/20),0,95.7,1B Royce Lewis 2B Ben Williamson 3B Brooks Lee C Victor Caratini OF Julio Rodriguez OF Jonny DeLuca OF Chandler Simpson P Drew Rasmussen P Connor Prielipp SS Otto Lopez,,,
1045,5205247579,jradesanmi (6/20),0,95.7,1B Vladimir Guerrero Jr. 2B Kody Clemens 3B Bo Bichette C Alejandro Kirk OF George Springer OF A.J. Ewing OF Carson Benge P Drew Rasmussen P Connor Prielipp SS Francisco Lindor,,,
1045,5205406869,james_thiel (20/20),0,95.7,1B Jared Young 2B Royce Lewis 3B Bo Bichette C Ryan Jeffers OF George Springer OF A.J. Ewing OF Tyrone Taylor P Drew Rasmussen P Connor Prielipp SS Francisco Lindor,,,
1045,5205477807,cwthrow24 (17/20),0,95.7,1B Royce Lewis 2B Kody Clemens 3B Brooks Lee C Ryan Jeffers OF Jordan Walker OF Luke Keaschall OF Myles Straw P Drew Rasmussen P Connor Prielipp SS Ernie Clement,,,
1045,5205511169,ndesmarais97 (14/20),0,95.7,1B Vladimir Guerrero Jr. 2B Xavier Edwards 3B Kazuma Okamoto C Alejandro Kirk OF Jordan Walker OF George Springer OF Daulton Varsho P Drew Rasmussen P Connor Prielipp SS Francisco Lindor,,,
1050,5204788750,ivymoose (12/20),0,95.65,1B Alec Burleson 2B Luis Urias 3B Kazuma Okamoto C Ivan Herrera OF Jordan Walker OF Nathan Church OF Myles Straw P Logan Gilbert P Drew Rasmussen SS Masyn Winn,,,
1050,5205045884,JamoDab2232 (2/6),0,95.65,1B Vladimir Guerrero Jr. 2B Luis Urias 3B Kazuma Okamoto C Alejandro Kirk OF A.J. Ewing OF Carson Benge OF Heriberto Hernandez P Logan Gilbert P Drew Rasmussen SS Francisco Lindor,,,
1050,5205076068,JRaab,0,95.65,1B Vladimir Guerrero Jr. 2B Luis Urias 3B Yandy Diaz C Cal Raleigh OF Julio Rodriguez OF Heriberto Hernandez OF Weston Wilson P Logan Gilbert P Drew Rasmussen SS Francisco Lindor,,,
1050,5205132397,KristianFTM (15/20),0,95.65,1B Alec Burleson 2B JJ Wetherholt 3B Blaze Jordan C Jimmy Crooks OF Jordan Walker OF Julio Rodriguez OF Dominic Canzone P Logan Gilbert P Drew Rasmussen SS Colt Emerson,,,
1050,5205173854,ttillie (4/20),0,95.65,1B Kyle Stowers 2B Cole Young 3B Bo Bichette C Alejandro Kirk OF Dominic Canzone OF Victor Mesa Jr. OF Lars Nootbaar P Logan Gilbert P Drew Rasmussen SS Ernie Clement,,,
1050,5205187590,WILDCATBALLERS (5/20),0,95.65,1B Vladimir Guerrero Jr. 2B Luis Urias 3B Yandy Diaz C Cal Raleigh OF Julio Rodriguez OF Heriberto Hernandez OF Weston Wilson P Logan Gilbert P Drew Rasmussen SS Francisco Lindor,,,
1050,5205191701,cowboys767 (6/20),0,95.65,1B Jared Young 2B Marcus Semien 3B Bo Bichette C Cal Raleigh OF Julio Rodriguez OF A.J. Ewing OF Esteury Ruiz P Logan Gilbert P Drew Rasmussen SS Francisco Lindor,,,
1050,5205200453,rsumrall (11/20),0,95.65,1B Alec Burleson 2B Luis Urias 3B Kazuma Okamoto C Ivan Herrera OF Jordan Walker OF Lars Nootbaar OF Myles Straw P Logan Gilbert P Drew Rasmussen SS Masyn Winn,,,
1050,5205259205,kozy6813 (11/20),0,95.65,1B Josh Naylor 2B Marcus Semien 3B Bo Bichette C Mitch Garver OF Julio Rodriguez OF A.J. Ewing OF Chandler Simpson P Logan Gilbert P Drew Rasmussen SS Francisco Lindor,,,
1050,5205269636,okelly36 (2/4),0,95.65,1B Vladimir Guerrero Jr. 2B Luis Urias 3B Kazuma Okamoto C Alejandro Kirk OF A.J. Ewing OF Chandler Simpson OF Heriberto Hernandez P Logan Gilbert P Drew Rasmussen SS Francisco Lindor,,,
1050,5205276565,HockeyCardsPlus (10/20),0,95.65,1B Alec Burleson 2B Luis Urias 3B Kazuma Okamoto C Jimmy Crooks OF Jordan Walker OF Julio Rodriguez OF Lars Nootbaar P Logan Gilbert P Drew Rasmussen SS Masyn Winn,,,
1050,5205383242,ImaDonk11 (16/20),0,95.65,1B Ryan Vilade 2B Marcus Semien 3B Junior Caminero C Nick Fortes OF Dominic Canzone OF Victor Mesa Jr. OF Tyrone Taylor P Logan Gilbert P Drew Rasmussen SS Otto Lopez,,,
1050,5205384147,sdub314 (3/3),0,95.65,1B Yandy Diaz 2B JJ Wetherholt 3B Blaze Jordan C Nick Fortes OF Jordan Walker OF Tristan Peters OF Myles Straw P Logan Gilbert P Drew Rasmussen SS Otto Lopez,,,
1050,5205437142,LIUSPORTS (2/2),0,95.65,1B Yandy Diaz 2B Xavier Edwards 3B Junior Caminero C Nick Fortes OF Randy Arozarena OF Weston Wilson OF Myles Straw P Logan Gilbert P Drew Rasmussen SS Taylor Walls,,,
1050,5205462444,kcroyalfan (17/20),0,95.65,1B Vladimir Guerrero Jr. 2B Luis Urias 3B Kazuma Okamoto C Alejandro Kirk OF Jonny DeLuca OF Chandler Simpson OF Victor Mesa Jr. P Logan Gilbert P Drew Rasmussen SS Francisco Lindor,,,
1050,5205494537,TinyGiant99 (1/3),0,95.65,1B Vladimir Guerrero Jr. 2B Xavier Edwards 3B Leo Jimenez C Liam Hicks OF Chandler Simpson OF Victor Mesa Jr. OF Heriberto Hernandez P Logan Gilbert P Drew Rasmussen SS Otto Lopez,,,
1050,5205494539,TinyGiant99 (3/3),0,95.65,1B Vladimir Guerrero Jr. 2B Luis Urias 3B Kazuma Okamoto C Alejandro Kirk OF A.J. Ewing OF Chandler Simpson OF Heriberto Hernandez P Logan Gilbert P Drew Rasmussen SS Francisco Lindor,,,
1050,5205530426,broncswin79 (3/20),0,95.65,1B Vladimir Guerrero Jr. 2B Xavier Edwards 3B Yandy Diaz C Cal Raleigh OF Heriberto Hernandez OF Esteury Ruiz OF Weston Wilson P Logan Gilbert P Drew Rasmussen SS Ernie Clement,,,
1050,5205530433,broncswin79 (4/20),0,95.65,1B Vladimir Guerrero Jr. 2B Luis Urias 3B Yandy Diaz C Cal Raleigh OF Julio Rodriguez OF Heriberto Hernandez OF Weston Wilson P Logan Gilbert P Drew Rasmussen SS Francisco Lindor,,,
1050,5205534174,loomisjesse,0,95.65,1B Kyle Stowers 2B Xavier Edwards 3B Brett Baty C Mitch Garver OF Jordan Walker OF George Springer OF Jonny DeLuca P Logan Gilbert P Drew Rasmussen SS Taylor Walls,,,
1050,5205534185,tfamularo (1/2),0,95.65,1B Jared Young 2B Ben Williamson 3B Kazuma Okamoto C Alejandro Kirk OF Julio Rodriguez OF George Springer OF Carson Benge P Logan Gilbert P Drew Rasmussen SS Francisco Lindor,,,
1050,5205535839,MarcusMariota (1/3),0,95.65,1B Jared Young 2B Luis Urias 3B Junior Caminero C Alejandro Kirk OF A.J. Ewing OF Dominic Canzone OF Heriberto Hernandez P Logan Gilbert P Drew Rasmussen SS Otto Lopez,,,
1050,5205535845,MarcusMariota (2/3),0,95.65,1B Jared Young 2B Luis Urias 3B Junior Caminero C Alejandro Kirk OF A.J. Ewing OF Dominic Canzone OF Heriberto Hernandez P Logan Gilbert P Drew Rasmussen SS Otto Lopez,,,
1050,5205535847,MarcusMariota (3/3),0,95.65,1B Jared Young 2B Luis Urias 3B Junior Caminero C Alejandro Kirk OF A.J. Ewing OF Dominic Canzone OF Heriberto Hernandez P Logan Gilbert P Drew Rasmussen SS Otto Lopez,,,
1050,5205538582,Rhombus87 (4/20),0,95.65,1B Alec Burleson 2B Luis Urias 3B Kazuma Okamoto C Ivan Herrera OF Jordan Walker OF Lars Nootbaar OF Myles Straw P Logan Gilbert P Drew Rasmussen SS Masyn Winn,,,
1050,5205540437,bellsofwar3 (9/14),0,95.65,1B Jared Young 2B Xavier Edwards 3B Weston Wilson C Mitch Garver OF Randy Arozarena OF A.J. Ewing OF Carson Benge P Logan Gilbert P Drew Rasmussen SS Francisco Lindor,,,
1076,5205012479,mmaffia5 (7/10),0,95.35,1B Jared Young 2B Xavier Edwards 3B Javier Sanoja C Liam Hicks OF A.J. Ewing OF Carson Benge OF Tyrone Taylor P Logan Gilbert P Connor Prielipp SS Otto Lopez,,,
1076,5205200461,rsumrall (19/20),0,95.35,1B Vladimir Guerrero Jr. 2B JJ Wetherholt 3B Kazuma Okamoto C Alejandro Kirk OF George Springer OF Heriberto Hernandez OF Daulton Varsho P Logan Gilbert P Connor Prielipp SS Javier Sanoja,,,
1076,5205470990,RelentlessD85 (19/20),0,95.35,1B Ryan Vilade 2B Marcus Semien 3B Junior Caminero C Ryan Jeffers OF Jordan Walker OF Esteury Ruiz OF Griffin Conine P Drew Rasmussen P Quinn Mathews SS Ryan Kreidler,,,
1076,5205511175,ndesmarais97 (20/20),0,95.35,1B Vladimir Guerrero Jr. 2B Luis Urias 3B Kazuma Okamoto C Alejandro Kirk OF Jordan Walker OF George Springer OF A.J. Ewing P Logan Gilbert P Connor Prielipp SS Javier Sanoja,,,
1080,5204859693,niquisition (18/20),0,95.25,1B Jared Young 2B Marcus Semien 3B Kazuma Okamoto C Alejandro Kirk OF George Springer OF Carson Benge OF Daulton Varsho P Drew Rasmussen P Kevin Gausman SS Francisco Lindor,,,
1080,5205095884,dogg47 (2/3),0,95.25,1B Vladimir Guerrero Jr. 2B Ernie Clement 3B Kazuma Okamoto C Cal Raleigh OF Julio Rodriguez OF George Springer OF Ryan Vilade P Drew Rasmussen P Kevin Gausman SS Francisco Lindor,,,
1080,5205204292,JcClark18 (7/20),0,95.25,1B Vladimir Guerrero Jr. 2B Luis Urias 3B Kazuma Okamoto C Ryan Jeffers OF Kody Clemens OF Trevor Larnach OF Daulton Varsho P Drew Rasmussen P Kevin Gausman SS Ernie Clement,,,
1080,5205207474,TheDCarman,0,95.25,1B Royce Lewis 2B Cole Young 3B Brooks Lee C Ryan Jeffers OF A.J. Ewing OF Carson Benge OF Dominic Canzone P Drew Rasmussen P Kevin Gausman SS Francisco Lindor,,,
1080,5205517312,bhess777 (17/20),0,95.25,1B Royce Lewis 2B Kody Clemens 3B Junior Caminero C Victor Caratini OF A.J. Ewing OF Trevor Larnach OF Luke Keaschall P Drew Rasmussen P Kevin Gausman SS Ben Williamson,,,
1085,5205123409,az350z (12/20),0,95,1B Alec Burleson 2B Cole Young 3B Weston Wilson C Victor Caratini OF Randy Arozarena OF A.J. Ewing OF Dominic Canzone P Drew Rasmussen P Zac Thornton SS Francisco Lindor,,,
1085,5205141951,dbeam09,0,95,1B Vladimir Guerrero Jr. 2B JJ Wetherholt 3B Kazuma Okamoto C Victor Caratini OF Randy Arozarena OF George Springer OF Nathan Church P Drew Rasmussen P Zac Thornton SS Andres Gimenez,,,
1085,5205153744,gator057,0,95,1B Ryan Vilade 2B Cole Young 3B Junior Caminero C Jimmy Crooks OF Randy Arozarena OF Julio Rodriguez OF Carson Benge P Drew Rasmussen P Zac Thornton SS Francisco Lindor,,,
1085,5205183605,jnwallen (2/20),0,95,1B Alec Burleson 2B Luis Urias 3B Kazuma Okamoto C Alejandro Kirk OF Jordan Walker OF George Springer OF Daulton Varsho P Drew Rasmussen P Zac Thornton SS Masyn Winn,,,
1085,5205215550,ethpix,0,95,1B Ryan Vilade 2B Cole Young 3B Yandy Diaz C Nick Fortes OF Kody Clemens OF Randy Arozarena OF Dominic Canzone P Drew Rasmussen P Zac Thornton SS Francisco Lindor,,,
1085,5205274750,kreller17 (1/20),0,95,1B Alec Burleson 2B Cole Young 3B Miguel Vargas C Ivan Herrera OF Heriberto Hernandez OF Lars Nootbaar OF Esteury Ruiz P Logan Gilbert P Quinn Mathews SS Javier Sanoja,,,
1085,5205276574,HockeyCardsPlus (19/20),0,95,1B Alec Burleson 2B Cole Young 3B Weston Wilson C Ivan Herrera OF Jordan Walker OF Randy Arozarena OF Dominic Canzone P Logan Gilbert P Quinn Mathews SS Masyn Winn,,,
1085,5205496607,Discostupendously (9/10),0,95,1B Alec Burleson 2B Marcus Semien 3B Bo Bichette C Cal Raleigh OF Randy Arozarena OF Julio Rodriguez OF Dominic Canzone P Logan Gilbert P Noah Schultz SS Francisco Lindor,,,
1093,5205265728,barrys.team2015,0,94.95,1B Vladimir Guerrero Jr. 2B Royce Lewis 3B Kazuma Okamoto C Ivan Herrera OF Kody Clemens OF Randy Arozarena OF George Springer P Kevin Gausman P Connor Prielipp SS Francisco Lindor,,,
1093,5205526949,Grnder_786 (7/20),0,94.95,1B Yandy Diaz 2B Ernie Clement 3B Junior Caminero C Alejandro Kirk OF George Springer OF Chandler Simpson OF Esteury Ruiz P Kevin Gausman P Connor Prielipp SS Otto Lopez,,,
1095,5205025411,tbjones2121 (3/20),0,94.9,1B Kyle Stowers 2B Xavier Edwards 3B Kazuma Okamoto C Alejandro Kirk OF Julio Rodriguez OF Heriberto Hernandez OF Esteury Ruiz P Logan Gilbert P Kevin Gausman SS Otto Lopez,,,
1095,5205136270,Caryg07 (1/20),0,94.9,1B Kyle Stowers 2B Xavier Edwards 3B Bo Bichette C Liam Hicks OF A.J. Ewing OF Carson Benge OF Griffin Conine P Logan Gilbert P Kevin Gausman SS Otto Lopez,,,
1095,5205180310,budzie12,0,94.9,1B Yandy Diaz 2B Cole Young 3B Bo Bichette C Luis Torrens OF Randy Arozarena OF A.J. Ewing OF Heriberto Hernandez P Logan Gilbert P Kevin Gausman SS Francisco Lindor,,,
1095,5205256863,chicksdigthewongball (19/20),0,94.9,1B Vladimir Guerrero Jr. 2B Xavier Edwards 3B Kazuma Okamoto C Liam Hicks OF Heriberto Hernandez OF Esteury Ruiz OF Daulton Varsho P Logan Gilbert P Kevin Gausman SS Otto Lopez,,,
1095,5205268621,Isklebibble (12/20),0,94.9,1B Vladimir Guerrero Jr. 2B Luis Urias 3B Junior Caminero C Alejandro Kirk OF George Springer OF Jonny DeLuca OF Davis Schneider P Logan Gilbert P Kevin Gausman SS Francisco Lindor,,,
1095,5205337521,Nchiulli,0,94.9,1B Kyle Stowers 2B Cole Young 3B Miguel Vargas C Edgar Quero OF Randy Arozarena OF A.J. Ewing OF Carson Benge P Logan Gilbert P Kevin Gausman SS Francisco Lindor,,,
1095,5205356510,lklk88088 (15/20),0,94.9,1B Kyle Stowers 2B Xavier Edwards 3B Bo Bichette C Liam Hicks OF A.J. Ewing OF Carson Benge OF Griffin Conine P Logan Gilbert P Kevin Gausman SS Otto Lopez,,,
1095,5205473637,henry296 (1/20),0,94.9,1B Vladimir Guerrero Jr. 2B Marcus Semien 3B Kazuma Okamoto C Alejandro Kirk OF Julio Rodriguez OF George Springer OF Heriberto Hernandez P Logan Gilbert P Kevin Gausman SS Francisco Lindor,,,
1095,5205531904,GeMSta69 (1/2),0,94.9,1B Yandy Diaz 2B Cole Young 3B Kazuma Okamoto C Alejandro Kirk OF Julio Rodriguez OF George Springer OF Myles Straw P Logan Gilbert P Kevin Gausman SS Ernie Clement,,,
1095,5205534642,eagles5016 (19/20),0,94.9,1B Kyle Stowers 2B Cole Young 3B Bo Bichette C Liam Hicks OF Julio Rodriguez OF Dominic Canzone OF Heriberto Hernandez P Logan Gilbert P Kevin Gausman SS Francisco Lindor,,,
1105,5205013007,thundrenterprises (5/20),0,94.7,1B Vladimir Guerrero Jr. 2B JJ Wetherholt 3B Kazuma Okamoto C Alejandro Kirk OF George Springer OF A.J. Ewing OF Daulton Varsho P Drew Rasmussen P Connor Prielipp SS Francisco Lindor,,,
1105,5205019832,hunchoharry (3/20),0,94.7,1B Munetaka Murakami 2B Marcus Semien 3B Junior Caminero C Alejandro Kirk OF A.J. Ewing OF Carson Benge OF Tyrone Taylor P Drew Rasmussen P Connor Prielipp SS Francisco Lindor,,,
1105,5205047479,apforadori (1/3),0,94.7,1B Vladimir Guerrero Jr. 2B Davis Schneider 3B Junior Caminero C Cal Raleigh OF Julio Rodriguez OF George Springer OF Dominic Canzone P Drew Rasmussen P Connor Prielipp SS Francisco Lindor,,,
1105,5205190525,bubbs57 (1/3),0,94.7,1B Vladimir Guerrero Jr. 2B Ernie Clement 3B Bo Bichette C Ivan Herrera OF George Springer OF A.J. Ewing OF Carson Benge P Drew Rasmussen P Connor Prielipp SS Francisco Lindor,,,
1105,5205232968,madballnj (12/20),0,94.7,1B Alec Burleson 2B Xavier Edwards 3B Leo Jimenez C Liam Hicks OF Jordan Walker OF Heriberto Hernandez OF Lars Nootbaar P Drew Rasmussen P Connor Prielipp SS Otto Lopez,,,
1110,5205027738,pickens81 (3/5),0,94.65,1B Alec Burleson 2B JJ Wetherholt 3B Blaze Jordan C Ivan Herrera OF Carson Benge OF Daulton Varsho OF Nathan Church P Logan Gilbert P Drew Rasmussen SS Francisco Lindor,,,
1110,5205132388,KristianFTM (6/20),0,94.65,1B Alec Burleson 2B Luis Urias 3B Kazuma Okamoto C Alejandro Kirk OF Jordan Walker OF A.J. Ewing OF Davis Schneider P Logan Gilbert P Drew Rasmussen SS Ernie Clement,,,
1110,5205201422,squatman2008 (2/5),0,94.65,1B Munetaka Murakami 2B Luis Urias 3B Kazuma Okamoto C Cal Raleigh OF Carson Benge OF Heriberto Hernandez OF Tyrone Taylor P Logan Gilbert P Drew Rasmussen SS Francisco Lindor,,,
1110,5205220132,FantasyGod101,0,94.65,1B Kyle Stowers 2B Cole Young 3B Junior Caminero C Alejandro Kirk OF Carson Benge OF Weston Wilson OF Davis Schneider P Logan Gilbert P Drew Rasmussen SS Ernie Clement,,,
1110,5205346247,newyorkers4ever,0,94.65,1B Jared Young 2B Marcus Semien 3B Kazuma Okamoto C Alejandro Kirk OF George Springer OF A.J. Ewing OF Carson Benge P Logan Gilbert P Drew Rasmussen SS Francisco Lindor,,,
1110,5205371847,rikyrotten (1/3),0,94.65,1B Vladimir Guerrero Jr. 2B Marcus Semien 3B Yandy Diaz C Alejandro Kirk OF Carson Benge OF Lars Nootbaar OF Ryan Vilade P Logan Gilbert P Drew Rasmussen SS Francisco Lindor,,,
1110,5205405173,SpeedRacer101 (3/20),0,94.65,1B Vladimir Guerrero Jr. 2B Luis Urias 3B Bo Bichette C Luis Torrens OF George Springer OF A.J. Ewing OF Carson Benge P Logan Gilbert P Drew Rasmussen SS Francisco Lindor,,,
1110,5205459923,jakethesnake83 (1/3),0,94.65,1B Yandy Diaz 2B Luis Urias 3B Kazuma Okamoto C Alejandro Kirk OF George Springer OF Victor Mesa Jr. OF Ryan Vilade P Logan Gilbert P Drew Rasmussen SS Francisco Lindor,,,
1110,5205465884,BigMart11 (19/20),0,94.65,1B Yandy Diaz 2B Ben Williamson 3B Leo Jimenez C Nick Fortes OF Jonny DeLuca OF Chandler Simpson OF Heriberto Hernandez P Logan Gilbert P Drew Rasmussen SS Otto Lopez,,,
1110,5205511161,ndesmarais97 (6/20),0,94.65,1B Vladimir Guerrero Jr. 2B Brett Baty 3B Junior Caminero C Luis Torrens OF A.J. Ewing OF Heriberto Hernandez OF Tyrone Taylor P Logan Gilbert P Drew Rasmussen SS Francisco Lindor,,,
1110,5205514922,Ccjhmj22,0,94.65,1B Royce Lewis 2B Cole Young 3B Kazuma Okamoto C Cal Raleigh OF Randy Arozarena OF Julio Rodriguez OF Dominic Canzone P Logan Gilbert P Zac Thornton SS Javier Sanoja,,,
1110,5205517748,Schlaurizzle (11/20),0,94.65,1B Jared Young 2B Marcus Semien 3B Kazuma Okamoto C Alejandro Kirk OF George Springer OF A.J. Ewing OF Carson Benge P Logan Gilbert P Drew Rasmussen SS Francisco Lindor,,,
1110,5205520296,jordanh415,0,94.65,1B Jared Young 2B Luis Urias 3B Kazuma Okamoto C Alejandro Kirk OF George Springer OF A.J. Ewing OF Carson Benge P Logan Gilbert P Drew Rasmussen SS Francisco Lindor,,,
1110,5205524785,TeemDeem,0,94.65,1B Jared Young 2B Marcus Semien 3B Kazuma Okamoto C Alejandro Kirk OF George Springer OF A.J. Ewing OF Carson Benge P Logan Gilbert P Drew Rasmussen SS Francisco Lindor,,,
1110,5205529267,bengra99,0,94.65,1B Vladimir Guerrero Jr. 2B Luis Urias 3B Bo Bichette C Cal Raleigh OF George Springer OF Dominic Canzone OF Victor Mesa Jr. P Logan Gilbert P Drew Rasmussen SS Francisco Lindor,,,
1110,5205535921,Falcons31566,0,94.65,1B Alec Burleson 2B Royce Lewis 3B Leo Jimenez C Cal Raleigh OF A.J. Ewing OF Trevor Larnach OF Carson Benge P Logan Gilbert P Drew Rasmussen SS Ernie Clement,,,
1126,5205183616,jnwallen (13/20),0,94.4,1B Vladimir Guerrero Jr. 2B Ernie Clement 3B Kazuma Okamoto C Liam Hicks OF George Springer OF Heriberto Hernandez OF Daulton Varsho P Kevin Gausman P Tyler Phillips SS Otto Lopez,,,
1127,5205019838,hunchoharry (9/20),0,94.35,1B Vladimir Guerrero Jr. 2B Luis Urias 3B Kazuma Okamoto C Liam Hicks OF Julio Rodriguez OF George Springer OF Davis Schneider P Logan Gilbert P Connor Prielipp SS Otto Lopez,,,
1127,5205284860,Twinz1987 (11/20),0,94.35,1B Munetaka Murakami 2B Luis Urias 3B Brooks Lee C Ryan Jeffers OF Julio Rodriguez OF Trevor Larnach OF Weston Wilson P Drew Rasmussen P Quinn Mathews SS Francisco Lindor,,,
1127,5205474161,ballaholick713 (4/20),0,94.35,1B Kyle Stowers 2B JJ Wetherholt 3B Yandy Diaz C Liam Hicks OF Heriberto Hernandez OF Lars Nootbaar OF Esteury Ruiz P Logan Gilbert P Connor Prielipp SS Otto Lopez,,,
1130,5205095890,dogg47 (3/3),0,94.25,1B Vladimir Guerrero Jr. 2B Ernie Clement 3B Yandy Diaz C Cal Raleigh OF Julio Rodriguez OF Heriberto Hernandez OF Ryan Vilade P Drew Rasmussen P Kevin Gausman SS Francisco Lindor,,,
1130,5205107253,christiangideon (2/10),0,94.25,1B Vladimir Guerrero Jr. 2B Xavier Edwards 3B Kazuma Okamoto C Alejandro Kirk OF Jonny DeLuca OF Chandler Simpson OF Victor Mesa Jr. P Drew Rasmussen P Kevin Gausman SS Otto Lopez,,,
1130,5205251614,uvajay (7/20),0,94.25,1B Royce Lewis 2B Marcus Semien 3B Bo Bichette C Ryan Jeffers OF Kody Clemens OF Carson Benge OF Tyrone Taylor P Drew Rasmussen P Kevin Gausman SS Francisco Lindor,,,
1130,5205267170,SFN03 (7/20),0,94.25,1B Royce Lewis 2B Kody Clemens 3B Brooks Lee C Ivan Herrera OF George Springer OF Trevor Larnach OF Tyrone Taylor P Zac Thornton P Kevin Gausman SS Ernie Clement,,,
1130,5205337138,pete0six (4/20),0,94.25,1B Victor Caratini 2B Royce Lewis 3B Weston Wilson C Ryan Jeffers OF Kody Clemens OF Julio Rodriguez OF Trevor Larnach P Drew Rasmussen P Kevin Gausman SS Francisco Lindor,,,
1130,5205477793,cwthrow24 (3/20),0,94.25,1B Royce Lewis 2B Luis Urias 3B Brett Baty C Ryan Jeffers OF Kody Clemens OF Julio Rodriguez OF Trevor Larnach P Drew Rasmussen P Kevin Gausman SS Ryan Kreidler,,,
1130,5205528437,FunkyKong (9/12),0,94.25,1B Josh Naylor 2B Cole Young 3B Junior Caminero C Mitch Garver OF Randy Arozarena OF George Springer OF Dominic Canzone P Zac Thornton P Kevin Gausman SS Francisco Lindor,,,
1130,5205531651,johnferr27 (2/2),0,94.25,1B Yandy Diaz 2B Luis Urias 3B Junior Caminero C Alejandro Kirk OF Jonny DeLuca OF Chandler Simpson OF Ryan Vilade P Drew Rasmussen P Kevin Gausman SS Francisco Lindor,,,
1130,5205538051,broncswin79 (17/20),0,94.25,1B Vladimir Guerrero Jr. 2B Xavier Edwards 3B Yandy Diaz C Cal Raleigh OF Julio Rodriguez OF Heriberto Hernandez OF Weston Wilson P Drew Rasmussen P Kevin Gausman SS Otto Lopez,,,
1139,5205062306,mattped23 (4/5),0,94,1B Kyle Stowers 2B Cole Young 3B Brooks Lee C Cal Raleigh OF Kody Clemens OF Randy Arozarena OF Julio Rodriguez P Logan Gilbert P Quinn Mathews SS Colt Emerson,,,
1139,5205148855,kidshabadu (1/2),0,94,1B Vladimir Guerrero Jr. 2B Luis Urias 3B Kazuma Okamoto C Cal Raleigh OF Randy Arozarena OF A.J. Ewing OF Carson Benge P Drew Rasmussen P Zac Thornton SS Otto Lopez,,,
1139,5205157295,kidshabadu (2/2),0,94,1B Vladimir Guerrero Jr. 2B Luis Urias 3B Kazuma Okamoto C Cal Raleigh OF Randy Arozarena OF A.J. Ewing OF Carson Benge P Drew Rasmussen P Zac Thornton SS Otto Lopez,,,
1139,5205266814,rstanley23 (1/2),0,94,1B Vladimir Guerrero Jr. 2B Royce Lewis 3B Kazuma Okamoto C Alejandro Kirk OF Randy Arozarena OF Julio Rodriguez OF Carson Benge P Logan Gilbert P Noah Schultz SS Colson Montgomery,,,
1139,5205526247,mrwhiskers2.0,0,94,1B Vladimir Guerrero Jr. 2B Marcus Semien 3B Kazuma Okamoto C Alejandro Kirk OF George Springer OF Jonny DeLuca OF Carson Benge P Drew Rasmussen P Zac Thornton SS Francisco Lindor,,,
1139,5205534880,Warr1013 (2/2),0,94,1B Yandy Diaz 2B Cole Young 3B Junior Caminero C Luis Torrens OF A.J. Ewing OF Luke Keaschall OF Tyrone Taylor P Drew Rasmussen P Zac Thornton SS Francisco Lindor,,,
1145,5205090284,drunkonpappy (10/20),0,93.9,1B Munetaka Murakami 2B Xavier Edwards 3B Leo Jimenez C Cal Raleigh OF Julio Rodriguez OF Esteury Ruiz OF Griffin Conine P Logan Gilbert P Kevin Gausman SS Otto Lopez,,,
1145,5205132383,KristianFTM (1/20),0,93.9,1B Kyle Stowers 2B Xavier Edwards 3B Javier Sanoja C Liam Hicks OF Sam Antonacci OF A.J. Ewing OF Carson Benge P Logan Gilbert P Kevin Gausman SS Otto Lopez,,,
1145,5205143485,cw1tt (1/20),0,93.9,1B Munetaka Murakami 2B Xavier Edwards 3B Kazuma Okamoto C Liam Hicks OF Heriberto Hernandez OF Griffin Conine OF Myles Straw P Logan Gilbert P Kevin Gausman SS Otto Lopez,,,
1145,5205274767,kreller17 (18/20),0,93.9,1B Kyle Stowers 2B Xavier Edwards 3B Miguel Vargas C Cal Raleigh OF Julio Rodriguez OF Heriberto Hernandez OF Esteury Ruiz P Logan Gilbert P Kevin Gausman SS Javier Sanoja,,,
1145,5205276566,HockeyCardsPlus (11/20),0,93.9,1B Vladimir Guerrero Jr. 2B Xavier Edwards 3B Kazuma Okamoto C Liam Hicks OF Victor Mesa Jr. OF Heriberto Hernandez OF Griffin Conine P Logan Gilbert P Kevin Gausman SS Otto Lopez,,,
1145,5205285029,mrclean913 (4/20),0,93.9,1B Kyle Stowers 2B Xavier Edwards 3B Javier Sanoja C Liam Hicks OF Sam Antonacci OF A.J. Ewing OF Carson Benge P Logan Gilbert P Kevin Gausman SS Otto Lopez,,,
1145,5205285031,mrclean913 (6/20),0,93.9,1B Vladimir Guerrero Jr. 2B Luis Urias 3B Junior Caminero C Alejandro Kirk OF George Springer OF Chandler Simpson OF Myles Straw P Logan Gilbert P Kevin Gausman SS Otto Lopez,,,
1145,5205337143,pete0six (9/20),0,93.9,1B Kyle Stowers 2B Xavier Edwards 3B Miguel Vargas C Mitch Garver OF Julio Rodriguez OF Heriberto Hernandez OF Griffin Conine P Logan Gilbert P Kevin Gausman SS Otto Lopez,,,
1145,5205390290,JTFarley (1/5),0,93.9,1B Vladimir Guerrero Jr. 2B Cole Young 3B Kazuma Okamoto C Cal Raleigh OF Randy Arozarena OF Julio Rodriguez OF Weston Wilson P Logan Gilbert P Kevin Gausman SS Ernie Clement,,,
1145,5205406857,james_thiel (8/20),0,93.9,1B Josh Naylor 2B Xavier Edwards 3B Leo Jimenez C Cal Raleigh OF Randy Arozarena OF Julio Rodriguez OF Dominic Canzone P Logan Gilbert P Kevin Gausman SS Otto Lopez,,,
1145,5205473642,henry296 (6/20),0,93.9,1B Vladimir Guerrero Jr. 2B Luis Urias 3B Kazuma Okamoto C Cal Raleigh OF Randy Arozarena OF Julio Rodriguez OF Daulton Varsho P Logan Gilbert P Kevin Gausman SS Ernie Clement,,,
1145,5205504056,sportsfan14 (18/20),0,93.9,1B Vladimir Guerrero Jr. 2B Luis Urias 3B Miguel Vargas C Alejandro Kirk OF Randy Arozarena OF Daulton Varsho OF Weston Wilson P Logan Gilbert P Kevin Gausman SS Ernie Clement,,,
1145,5205517798,ydoja2 (1/15),0,93.9,1B Kyle Stowers 2B Xavier Edwards 3B Javier Sanoja C Cal Raleigh OF Julio Rodriguez OF Dominic Canzone OF Heriberto Hernandez P Logan Gilbert P Kevin Gausman SS Otto Lopez,,,
1145,5205524105,xTRISKITx (5/20),0,93.9,1B Vladimir Guerrero Jr. 2B Luis Urias 3B Kazuma Okamoto C Alejandro Kirk OF George Springer OF A.J. Ewing OF Heriberto Hernandez P Logan Gilbert P Kevin Gausman SS Otto Lopez,,,
1145,5205534632,eagles5016 (9/20),0,93.9,1B Munetaka Murakami 2B Xavier Edwards 3B Javier Sanoja C Mitch Garver OF Julio Rodriguez OF Heriberto Hernandez OF Esteury Ruiz P Logan Gilbert P Kevin Gausman SS Colson Montgomery,,,
1160,5205033017,AverageTuesday (10/20),0,93.7,1B Vladimir Guerrero Jr. 2B Luis Urias 3B Kazuma Okamoto C Ivan Herrera OF Jordan Walker OF George Springer OF Lars Nootbaar P Drew Rasmussen P Connor Prielipp SS Ernie Clement,,,
1160,5205204300,JcClark18 (15/20),0,93.7,1B Royce Lewis 2B Ben Williamson 3B Brooks Lee C Ryan Jeffers OF Kody Clemens OF Chandler Simpson OF Luke Keaschall P Drew Rasmussen P Connor Prielipp SS Otto Lopez,,,
1160,5205251613,uvajay (6/20),0,93.7,1B Alec Burleson 2B Luis Urias 3B Kazuma Okamoto C Ivan Herrera OF Jordan Walker OF George Springer OF Lars Nootbaar P Drew Rasmussen P Connor Prielipp SS Ernie Clement,,,
1160,5205259201,kozy6813 (7/20),0,93.7,1B Vladimir Guerrero Jr. 2B Ernie Clement 3B Junior Caminero C Alejandro Kirk OF George Springer OF Chandler Simpson OF Daulton Varsho P Drew Rasmussen P Connor Prielipp SS Taylor Walls,,,
1160,5205347369,chrispy2005 (7/20),0,93.7,1B Vladimir Guerrero Jr. 2B JJ Wetherholt 3B Kazuma Okamoto C Alejandro Kirk OF Jordan Walker OF Daulton Varsho OF Myles Straw P Drew Rasmussen P Connor Prielipp SS Otto Lopez,,,
1160,5205364076,zandwich (3/20),0,93.7,1B Kyle Stowers 2B Xavier Edwards 3B Yandy Diaz C Liam Hicks OF Chandler Simpson OF Victor Mesa Jr. OF Heriberto Hernandez P Drew Rasmussen P Connor Prielipp SS Otto Lopez,,,
1160,5205400263,LubeJobs (2/2),0,93.7,1B Royce Lewis 2B Ben Williamson 3B Junior Caminero C Alejandro Kirk OF George Springer OF Jonny DeLuca OF Ryan Vilade P Drew Rasmussen P Connor Prielipp SS Francisco Lindor,,,
1160,5205529386,texasnumbercruncher (11/20),0,93.7,1B Vladimir Guerrero Jr. 2B Luis Urias 3B Junior Caminero C Alejandro Kirk OF George Springer OF Chandler Simpson OF Victor Mesa Jr. P Drew Rasmussen P Connor Prielipp SS Ernie Clement,,,
1160,5205534654,bownuts611 (6/6),0,93.7,1B Munetaka Murakami 2B Royce Lewis 3B Brooks Lee C Ivan Herrera OF Kody Clemens OF Sam Antonacci OF Andrew Benintendi P Drew Rasmussen P Connor Prielipp SS Javier Sanoja,,,
1169,5204859685,niquisition (10/20),0,93.65,1B Vladimir Guerrero Jr. 2B Luis Urias 3B Kazuma Okamoto C Ivan Herrera OF Jordan Walker OF Lars Nootbaar OF Nathan Church P Logan Gilbert P Drew Rasmussen SS Masyn Winn,,,
1169,5205013019,thundrenterprises (17/20),0,93.65,1B Vladimir Guerrero Jr. 2B Luis Urias 3B Kazuma Okamoto C Alejandro Kirk OF A.J. Ewing OF Carson Benge OF Daulton Varsho P Logan Gilbert P Drew Rasmussen SS Francisco Lindor,,,
1169,5205136679,pandaBEAR83,0,93.65,1B Alec Burleson 2B Marcus Semien 3B Bo Bichette C Ivan Herrera OF A.J. Ewing OF Lars Nootbaar OF Nathan Church P Logan Gilbert P Drew Rasmussen SS Masyn Winn,,,
1169,5205173862,ttillie (12/20),0,93.65,1B Josh Naylor 2B Marcus Semien 3B Kazuma Okamoto C Alejandro Kirk OF A.J. Ewing OF Carson Benge OF Daulton Varsho P Logan Gilbert P Drew Rasmussen SS Francisco Lindor,,,
1169,5205200447,rsumrall (5/20),0,93.65,1B Vladimir Guerrero Jr. 2B Luis Urias 3B Kazuma Okamoto C Alejandro Kirk OF Julio Rodriguez OF Chandler Simpson OF Victor Mesa Jr. P Logan Gilbert P Drew Rasmussen SS Ernie Clement,,,
1169,5205204416,UniversalFriend (11/20),0,93.65,1B Jared Young 2B Brett Baty 3B Bo Bichette C Ivan Herrera OF Jordan Walker OF Lars Nootbaar OF Tyrone Taylor P Logan Gilbert P Drew Rasmussen SS Francisco Lindor,,,
1169,5205232959,madballnj (3/20),0,93.65,1B Vladimir Guerrero Jr. 2B Luis Urias 3B Kazuma Okamoto C Luis Torrens OF George Springer OF A.J. Ewing OF Daulton Varsho P Logan Gilbert P Drew Rasmussen SS Francisco Lindor,,,
1169,5205251146,tmanbigdog (1/3),0,93.65,1B Josh Naylor 2B Kody Clemens 3B Junior Caminero C Alejandro Kirk OF Dominic Canzone OF Myles Straw OF Davis Schneider P Logan Gilbert P Drew Rasmussen SS Ernie Clement,,,
1169,5205259005,tmanbigdog (2/3),0,93.65,1B Josh Naylor 2B Kody Clemens 3B Junior Caminero C Alejandro Kirk OF Dominic Canzone OF Myles Straw OF Davis Schneider P Logan Gilbert P Drew Rasmussen SS Ernie Clement,,,
1169,5205259017,tmanbigdog (3/3),0,93.65,1B Josh Naylor 2B Kody Clemens 3B Junior Caminero C Alejandro Kirk OF Dominic Canzone OF Myles Straw OF Davis Schneider P Logan Gilbert P Drew Rasmussen SS Ernie Clement,,,
1169,5205260989,joncrow (1/2),0,93.65,1B Vladimir Guerrero Jr. 2B Xavier Edwards 3B Kazuma Okamoto C Alejandro Kirk OF Dominic Canzone OF Heriberto Hernandez OF Ryan Vilade P Logan Gilbert P Drew Rasmussen SS Otto Lopez,,,
1169,5205274599,JohnTex7 (2/2),0,93.65,1B Josh Naylor 2B Cole Young 3B Yandy Diaz C Cal Raleigh OF Carson Benge OF Lars Nootbaar OF Nathan Church P Logan Gilbert P Drew Rasmussen SS Francisco Lindor,,,
1169,5205337135,pete0six (1/20),0,93.65,1B Vladimir Guerrero Jr. 2B Luis Urias 3B Kazuma Okamoto C Ivan Herrera OF Jordan Walker OF Lars Nootbaar OF Nathan Church P Logan Gilbert P Drew Rasmussen SS Masyn Winn,,,
1169,5205383235,ImaDonk11 (9/20),0,93.65,1B Josh Naylor 2B Cole Young 3B Bo Bichette C Cal Raleigh OF Randy Arozarena OF A.J. Ewing OF Tyrone Taylor P Logan Gilbert P Zac Thornton SS Francisco Lindor,,,
1169,5205383238,ImaDonk11 (12/20),0,93.65,1B Ryan Vilade 2B Ben Williamson 3B Junior Caminero C Nick Fortes OF George Springer OF Jonny DeLuca OF Daulton Varsho P Logan Gilbert P Drew Rasmussen SS Ernie Clement,,,
1169,5205415456,BuckeyeCity (2/20),0,93.65,1B Alec Burleson 2B Luis Urias 3B Kazuma Okamoto C Ivan Herrera OF Jordan Walker OF Daulton Varsho OF Myles Straw P Logan Gilbert P Drew Rasmussen SS Ernie Clement,,,
1169,5205440941,DefendFreedom (20/20),0,93.65,1B Jared Young 2B Marcus Semien 3B Blaze Jordan C Ivan Herrera OF Jordan Walker OF A.J. Ewing OF Carson Benge P Logan Gilbert P Drew Rasmussen SS Masyn Winn,,,
1169,5205466793,bassguy39 (8/8),0,93.65,1B Kyle Stowers 2B Xavier Edwards 3B Leo Jimenez C Cal Raleigh OF Julio Rodriguez OF Heriberto Hernandez OF Daulton Varsho P Logan Gilbert P Drew Rasmussen SS Otto Lopez,,,
1169,5205497619,FunkyKong (1/12),0,93.65,1B Vladimir Guerrero Jr. 2B Marcus Semien 3B Kazuma Okamoto C Alejandro Kirk OF A.J. Ewing OF Carson Benge OF Daulton Varsho P Logan Gilbert P Drew Rasmussen SS Francisco Lindor,,,
1169,5205509804,BamaRadiohead,0,93.65,1B Vladimir Guerrero Jr. 2B Luis Urias 3B Kazuma Okamoto C Ivan Herrera OF Jordan Walker OF Lars Nootbaar OF Nathan Church P Logan Gilbert P Drew Rasmussen SS Masyn Winn,,,
1169,5205517802,ydoja2 (5/15),0,93.65,1B Vladimir Guerrero Jr. 2B Cole Young 3B Yandy Diaz C Nick Fortes OF Julio Rodriguez OF Chandler Simpson OF Victor Mesa Jr. P Logan Gilbert P Drew Rasmussen SS Taylor Walls,,,
1169,5205524189,mattmoss12 (14/20),0,93.65,1B Vladimir Guerrero Jr. 2B Luis Urias 3B Kazuma Okamoto C Ivan Herrera OF Jordan Walker OF Lars Nootbaar OF Nathan Church P Logan Gilbert P Drew Rasmussen SS Masyn Winn,,,
1169,5205530137,shanezoola (1/2),0,93.65,1B Alec Burleson 2B Marcus Semien 3B Kazuma Okamoto C Cal Raleigh OF Julio Rodriguez OF Carson Benge OF Daulton Varsho P Logan Gilbert P Drew Rasmussen SS Masyn Winn,,,
1169,5205530146,shanezoola (2/2),0,93.65,1B Alec Burleson 2B Marcus Semien 3B Kazuma Okamoto C Cal Raleigh OF Julio Rodriguez OF Carson Benge OF Daulton Varsho P Logan Gilbert P Drew Rasmussen SS Masyn Winn,,,
1193,5204684946,mikebkmm5 (3/4),0,93.35,1B Alec Burleson 2B JJ Wetherholt 3B Leo Jimenez C Ivan Herrera OF Jordan Walker OF Julio Rodriguez OF Trevor Larnach P Drew Rasmussen P Quinn Mathews SS Colt Emerson,,,
1193,5205469785,ralphgonzo10 (3/5),0,93.35,1B Alec Burleson 2B JJ Wetherholt 3B Yandy Diaz C Ivan Herrera OF A.J. Ewing OF Nathan Church OF Tyrone Taylor P Drew Rasmussen P Quinn Mathews SS Francisco Lindor,,,
1195,5205291410,meyers2305 (11/20),0,93.25,1B Vladimir Guerrero Jr. 2B Kody Clemens 3B Weston Wilson C Cal Raleigh OF Julio Rodriguez OF George Springer OF Dominic Canzone P Drew Rasmussen P Kevin Gausman SS Colt Emerson,,,
1195,5205520258,SayHeyKid1230 (16/20),0,93.25,1B Kyle Stowers 2B Ernie Clement 3B Junior Caminero C Liam Hicks OF Carson Benge OF Daulton Varsho OF Austin Martin P Drew Rasmussen P Kevin Gausman SS Francisco Lindor,,,
1197,5205158111,j-wolf05 (4/20),0,93,1B Munetaka Murakami 2B Xavier Edwards 3B Bo Bichette C Liam Hicks OF A.J. Ewing OF Heriberto Hernandez OF Griffin Conine P Logan Gilbert P Noah Schultz SS Otto Lopez,,,
1197,5205281620,reelray56,0,93,1B Kyle Stowers 2B Royce Lewis 3B Kazuma Okamoto C Ivan Herrera OF George Springer OF Carson Benge OF Luke Keaschall P Drew Rasmussen P Zac Thornton SS Francisco Lindor,,,
1197,5205455733,Hey...HereWeGo1 (5/20),0,93,1B Alec Burleson 2B JJ Wetherholt 3B Blaze Jordan C Cal Raleigh OF Randy Arozarena OF Julio Rodriguez OF Dominic Canzone P Logan Gilbert P Quinn Mathews SS Masyn Winn,,,
1197,5205516630,Tiffanyjohnson1998,0,93,1B Vladimir Guerrero Jr. 2B Cole Young 3B Kazuma Okamoto C Cal Raleigh OF George Springer OF Trevor Larnach OF Andrew Benintendi P Drew Rasmussen P Zac Thornton SS Francisco Lindor,,,
1201,5205012476,mmaffia5 (4/10),0,92.9,1B Kyle Stowers 2B Xavier Edwards 3B Weston Wilson C Cal Raleigh OF Randy Arozarena OF Julio Rodriguez OF Dominic Canzone P Logan Gilbert P Kevin Gausman SS Otto Lopez,,,
1201,5205045887,JamoDab2232 (5/6),0,92.9,1B Vladimir Guerrero Jr. 2B Xavier Edwards 3B Bo Bichette C Liam Hicks OF A.J. Ewing OF Carson Benge OF Tyrone Taylor P Logan Gilbert P Kevin Gausman SS Otto Lopez,,,
1201,5205158178,LOCNOTM (9/20),0,92.9,1B Kyle Stowers 2B Xavier Edwards 3B Leo Jimenez C Liam Hicks OF Randy Arozarena OF Sam Antonacci OF Heriberto Hernandez P Logan Gilbert P Kevin Gausman SS Colt Emerson,,,
1201,5205390293,JTFarley (4/5),0,92.9,1B Vladimir Guerrero Jr. 2B Marcus Semien 3B Kazuma Okamoto C Alejandro Kirk OF Julio Rodriguez OF George Springer OF Daulton Varsho P Logan Gilbert P Kevin Gausman SS Francisco Lindor,,,
1201,5205405174,SpeedRacer101 (4/20),0,92.9,1B Kyle Stowers 2B Xavier Edwards 3B Javier Sanoja C Liam Hicks OF Sam Antonacci OF A.J. Ewing OF Heriberto Hernandez P Logan Gilbert P Kevin Gausman SS Francisco Lindor,,,
1201,5205470975,RelentlessD85 (4/20),0,92.9,1B Jared Young 2B Marcus Semien 3B Bo Bichette C Liam Hicks OF A.J. Ewing OF Heriberto Hernandez OF Esteury Ruiz P Logan Gilbert P Kevin Gausman SS Otto Lopez,,,
1201,5205470979,RelentlessD85 (8/20),0,92.9,1B Munetaka Murakami 2B Marcus Semien 3B Brett Baty C Mitch Garver OF Randy Arozarena OF Julio Rodriguez OF Dominic Canzone P Logan Gilbert P Kevin Gausman SS Francisco Lindor,,,
1201,5205498827,D1Sparty,0,92.9,1B Alec Burleson 2B Chase Meidroth 3B Javier Sanoja C Mitch Garver OF Sam Antonacci OF Julio Rodriguez OF Chandler Simpson P Logan Gilbert P Kevin Gausman SS Otto Lopez,,,
1201,5205534857,slimfly,0,92.9,1B Jared Young 2B Xavier Edwards 3B Yandy Diaz C Cal Raleigh OF Randy Arozarena OF A.J. Ewing OF Chandler Simpson P Logan Gilbert P Kevin Gausman SS Javier Sanoja,,,
1201,5205538045,broncswin79 (16/20),0,92.9,1B Vladimir Guerrero Jr. 2B Luis Urias 3B Yandy Diaz C Cal Raleigh OF Julio Rodriguez OF Heriberto Hernandez OF Esteury Ruiz P Logan Gilbert P Kevin Gausman SS Francisco Lindor,,,
1211,5205320665,Velllo (4/20),0,92.8,1B Kyle Stowers 2B Xavier Edwards 3B Junior Caminero C Cal Raleigh OF Julio Rodriguez OF Heriberto Hernandez OF Esteury Ruiz P Logan Gilbert P Tyler Phillips SS Javier Sanoja,,,
1211,5205531627,rocknroll23,0,92.8,1B Yandy Diaz 2B Cole Young 3B Brooks Lee C Alejandro Kirk OF Jordan Walker OF A.J. Ewing OF Esteury Ruiz P Logan Gilbert P Tyler Phillips SS Colson Montgomery,,,
1213,5205277276,wildsch75,0,92.7,1B Vladimir Guerrero Jr. 2B Brett Baty 3B Junior Caminero C Alejandro Kirk OF George Springer OF A.J. Ewing OF Carson Benge P Drew Rasmussen P Connor Prielipp SS Francisco Lindor,,,
1213,5205282932,rschindler14 (12/20),0,92.7,1B Vladimir Guerrero Jr. 2B Royce Lewis 3B Bo Bichette C Ryan Jeffers OF A.J. Ewing OF Trevor Larnach OF Lars Nootbaar P Drew Rasmussen P Connor Prielipp SS Francisco Lindor,,,
1213,5205292052,Navare1212 (10/13),0,92.7,1B Royce Lewis 2B Kody Clemens 3B Junior Caminero C Victor Caratini OF A.J. Ewing OF Chandler Simpson OF Griffin Conine P Drew Rasmussen P Connor Prielipp SS Otto Lopez,,,
1213,5205458356,ac919 (3/7),0,92.7,1B Yandy Diaz 2B Brett Baty 3B Junior Caminero C Nick Fortes OF Julio Rodriguez OF Chandler Simpson OF Trevor Larnach P Drew Rasmussen P Connor Prielipp SS Francisco Lindor,,,
1213,5205466713,Blerud15 (4/20),0,92.7,1B Alec Burleson 2B Luis Urias 3B Kazuma Okamoto C Ivan Herrera OF Jordan Walker OF Heriberto Hernandez OF Lars Nootbaar P Drew Rasmussen P Connor Prielipp SS Otto Lopez,,,
1213,5205466722,Blerud15 (13/20),0,92.7,1B Alec Burleson 2B JJ Wetherholt 3B Yandy Diaz C Ivan Herrera OF Heriberto Hernandez OF Lars Nootbaar OF Nathan Church P Drew Rasmussen P Connor Prielipp SS Otto Lopez,,,
1213,5205517297,bhess777 (2/20),0,92.7,1B Yandy Diaz 2B Xavier Edwards 3B Leo Jimenez C Liam Hicks OF Jordan Walker OF Chandler Simpson OF Heriberto Hernandez P Drew Rasmussen P Connor Prielipp SS Otto Lopez,,,
1213,5205529394,texasnumbercruncher (19/20),0,92.7,1B Alec Burleson 2B Ernie Clement 3B Yandy Diaz C Jimmy Crooks OF Jordan Walker OF Jonny DeLuca OF Chandler Simpson P Drew Rasmussen P Connor Prielipp SS Francisco Lindor,,,
1221,5204788753,ivymoose (15/20),0,92.65,1B Alec Burleson 2B Luis Urias 3B Kazuma Okamoto C Ivan Herrera OF Jordan Walker OF Myles Straw OF Davis Schneider P Logan Gilbert P Drew Rasmussen SS Ernie Clement,,,
1221,5205065394,goofybh207 (3/3),0,92.65,1B Vladimir Guerrero Jr. 2B Luis Urias 3B Kazuma Okamoto C Alejandro Kirk OF A.J. Ewing OF Carson Benge OF Dominic Canzone P Logan Gilbert P Drew Rasmussen SS Francisco Lindor,,,
1221,5205153298,intension,0,92.65,1B Yandy Diaz 2B Luis Urias 3B Junior Caminero C Nick Fortes OF George Springer OF Chandler Simpson OF Daulton Varsho P Logan Gilbert P Drew Rasmussen SS Taylor Walls,,,
1221,5205167470,ron214 (2/4),0,92.65,1B Yandy Diaz 2B Xavier Edwards 3B Bo Bichette C Alejandro Kirk OF Carson Benge OF Heriberto Hernandez OF Davis Schneider P Logan Gilbert P Drew Rasmussen SS Francisco Lindor,,,
1221,5205237801,DJsPath23 (1/5),0,92.65,1B Ryan Vilade 2B Xavier Edwards 3B Junior Caminero C Nick Fortes OF Victor Mesa Jr. OF Heriberto Hernandez OF Esteury Ruiz P Logan Gilbert P Drew Rasmussen SS Otto Lopez,,,
1221,5205285036,mrclean913 (11/20),0,92.65,1B Alec Burleson 2B Luis Urias 3B Kazuma Okamoto C Ivan Herrera OF Jordan Walker OF Daulton Varsho OF Davis Schneider P Logan Gilbert P Drew Rasmussen SS Ernie Clement,,,
1221,5205405176,SpeedRacer101 (6/20),0,92.65,1B Yandy Diaz 2B Luis Urias 3B Kazuma Okamoto C Nick Fortes OF Jonny DeLuca OF Chandler Simpson OF Victor Mesa Jr. P Logan Gilbert P Drew Rasmussen SS Otto Lopez,,,
1221,5205492876,whip99 (8/20),0,92.65,1B Vladimir Guerrero Jr. 2B Ernie Clement 3B Kazuma Okamoto C Cal Raleigh OF Dominic Canzone OF Daulton Varsho OF Myles Straw P Logan Gilbert P Drew Rasmussen SS Otto Lopez,,,
1221,5205510867,dfwinscom (10/20),0,92.65,1B Kyle Stowers 2B Marcus Semien 3B Brett Baty C Cal Raleigh OF George Springer OF A.J. Ewing OF Carson Benge P Logan Gilbert P Drew Rasmussen SS Francisco Lindor,,,
1221,5205524195,mattmoss12 (20/20),0,92.65,1B Kyle Stowers 2B Xavier Edwards 3B Leo Jimenez C Liam Hicks OF A.J. Ewing OF Carson Benge OF Heriberto Hernandez P Logan Gilbert P Drew Rasmussen SS Francisco Lindor,,,
1221,5205529383,texasnumbercruncher (8/20),0,92.65,1B Josh Naylor 2B Marcus Semien 3B Bo Bichette C Mitch Garver OF Julio Rodriguez OF A.J. Ewing OF Weston Wilson P Logan Gilbert P Drew Rasmussen SS Francisco Lindor,,,
1221,5205534141,thorpster888,0,92.65,1B Josh Naylor 2B Xavier Edwards 3B Junior Caminero C Cal Raleigh OF Julio Rodriguez OF Ryan Vilade OF Tyrone Taylor P Logan Gilbert P Drew Rasmussen SS Colt Emerson,,,
1233,5205101727,welchy81 (4/20),0,92.35,1B Vladimir Guerrero Jr. 2B Xavier Edwards 3B Yandy Diaz C Ivan Herrera OF George Springer OF Heriberto Hernandez OF Esteury Ruiz P Logan Gilbert P Connor Prielipp SS Francisco Lindor,,,
1233,5205261138,stingerz22,0,92.35,1B Vladimir Guerrero Jr. 2B Xavier Edwards 3B Yandy Diaz C Alejandro Kirk OF George Springer OF A.J. Ewing OF Esteury Ruiz P Logan Gilbert P Connor Prielipp SS Francisco Lindor,,,
1233,5205383229,ImaDonk11 (3/20),0,92.35,1B Kyle Stowers 2B Xavier Edwards 3B Kazuma Okamoto C Alejandro Kirk OF George Springer OF Heriberto Hernandez OF Griffin Conine P Logan Gilbert P Connor Prielipp SS Ernie Clement,,,
1233,5205421808,tvielkin,0,92.35,1B Vladimir Guerrero Jr. 2B Xavier Edwards 3B Yandy Diaz C Alejandro Kirk OF George Springer OF A.J. Ewing OF Esteury Ruiz P Logan Gilbert P Connor Prielipp SS Francisco Lindor,,,
1233,5205517803,ydoja2 (6/15),0,92.35,1B Alec Burleson 2B JJ Wetherholt 3B Blaze Jordan C Alejandro Kirk OF Jordan Walker OF George Springer OF Daulton Varsho P Logan Gilbert P Connor Prielipp SS Masyn Winn,,,
1238,5205158183,LOCNOTM (14/20),0,92.25,1B Vladimir Guerrero Jr. 2B Royce Lewis 3B Yandy Diaz C Ryan Jeffers OF Chandler Simpson OF Victor Mesa Jr. OF Tyrone Taylor P Drew Rasmussen P Kevin Gausman SS Taylor Walls,,,
1238,5205232967,madballnj (11/20),0,92.25,1B Yandy Diaz 2B Luis Urias 3B Junior Caminero C Nick Fortes OF Julio Rodriguez OF Chandler Simpson OF Victor Mesa Jr. P Drew Rasmussen P Kevin Gausman SS Otto Lopez,,,
1238,5205259211,kozy6813 (17/20),0,92.25,1B Josh Naylor 2B Cole Young 3B Junior Caminero C Cal Raleigh OF Kody Clemens OF Julio Rodriguez OF Daulton Varsho P Drew Rasmussen P Kevin Gausman SS Colt Emerson,,,
1238,5205397381,uptonal07,0,92.25,1B Vladimir Guerrero Jr. 2B Xavier Edwards 3B Junior Caminero C Agustin Ramirez OF Jordan Walker OF Randy Arozarena OF Victor Robles P Drew Rasmussen P Kevin Gausman SS Tristan Gray,,,
1238,5205524101,xTRISKITx (1/20),0,92.25,1B Yandy Diaz 2B Luis Urias 3B Junior Caminero C Nick Fortes OF George Springer OF Chandler Simpson OF Victor Mesa Jr. P Drew Rasmussen P Kevin Gausman SS Francisco Lindor,,,
1243,5205539749,mindhealer3,0,92.05,1B Munetaka Murakami 2B Royce Lewis 3B Leo Jimenez C Ivan Herrera OF Jordan Walker OF Randy Arozarena OF Trevor Larnach P Quinn Mathews P Connor Prielipp SS Otto Lopez,,,
1244,5204531477,Cfw828,0,92,1B Jared Young 2B Luis Urias 3B Junior Caminero C Nick Fortes OF Jordan Walker OF Randy Arozarena OF Chandler Simpson P Drew Rasmussen P Zac Thornton SS Masyn Winn,,,
1244,5205114808,Hawkswin25,0,92,1B Royce Lewis 2B Cole Young 3B Yandy Diaz C Nick Fortes OF Julio Rodriguez OF Jonny DeLuca OF Dominic Canzone P Drew Rasmussen P Zac Thornton SS Francisco Lindor,,,
1244,5205125345,curleeshu (2/5),0,92,1B Josh Naylor 2B Royce Lewis 3B Bo Bichette C Cal Raleigh OF Randy Arozarena OF A.J. Ewing OF Lars Nootbaar P Drew Rasmussen P Zac Thornton SS Francisco Lindor,,,
1244,5205191712,cowboys767 (17/20),0,92,1B Josh Naylor 2B Marcus Semien 3B Miguel Vargas C Cal Raleigh OF Randy Arozarena OF Julio Rodriguez OF Dominic Canzone P Logan Gilbert P Noah Schultz SS Francisco Lindor,,,
1244,5205267172,SFN03 (9/20),0,92,1B Jared Young 2B Royce Lewis 3B Brooks Lee C Ivan Herrera OF A.J. Ewing OF Carson Benge OF Tyrone Taylor P Drew Rasmussen P Zac Thornton SS Otto Lopez,,,
1244,5205272275,stramo88 (2/2),0,92,1B Jared Young 2B Royce Lewis 3B Junior Caminero C Luis Torrens OF Randy Arozarena OF George Springer OF Carson Benge P Drew Rasmussen P Zac Thornton SS Francisco Lindor,,,
1244,5205334997,gogosox2005 (1/2),0,92,1B Yandy Diaz 2B Ernie Clement 3B Brooks Lee C Mitch Garver OF Chandler Simpson OF Trevor Larnach OF Carson Benge P Drew Rasmussen P Zac Thornton SS Francisco Lindor,,,
1244,5205528449,PJP_StaqOtheMAC,0,92,1B Kyle Stowers 2B Cole Young 3B Bo Bichette C Cal Raleigh OF Randy Arozarena OF Julio Rodriguez OF Dominic Canzone P Logan Gilbert P Quinn Mathews SS Francisco Lindor,,,
1252,5205173855,ttillie (5/20),0,91.95,1B Yandy Diaz 2B Royce Lewis 3B Junior Caminero C Liam Hicks OF A.J. Ewing OF Heriberto Hernandez OF Tyrone Taylor P Kevin Gausman P Connor Prielipp SS Otto Lopez,,,
1252,5205261861,bmosley21 (20/20),0,91.95,1B Vladimir Guerrero Jr. 2B Xavier Edwards 3B Yandy Diaz C Liam Hicks OF A.J. Ewing OF Heriberto Hernandez OF Esteury Ruiz P Kevin Gausman P Connor Prielipp SS Otto Lopez,,,
1252,5205356496,lklk88088 (1/20),0,91.95,1B Munetaka Murakami 2B Xavier Edwards 3B Javier Sanoja C Ryan Jeffers OF Kody Clemens OF Heriberto Hernandez OF Griffin Conine P Kevin Gausman P Connor Prielipp SS Otto Lopez,,,
1255,5205008490,isaakuerickson (4/10),0,91.9,1B Vladimir Guerrero Jr. 2B Xavier Edwards 3B Kazuma Okamoto C Alejandro Kirk OF Heriberto Hernandez OF Esteury Ruiz OF Daulton Varsho P Logan Gilbert P Kevin Gausman SS Otto Lopez,,,
1255,5205180506,leighton32 (2/5),0,91.9,1B Kyle Stowers 2B Xavier Edwards 3B Miguel Vargas C Cal Raleigh OF George Springer OF Esteury Ruiz OF Ryan Vilade P Logan Gilbert P Kevin Gausman SS Javier Sanoja,,,
1255,5205274762,kreller17 (13/20),0,91.9,1B Josh Naylor 2B Cole Young 3B Miguel Vargas C Mitch Garver OF Sam Antonacci OF Julio Rodriguez OF Carson Benge P Logan Gilbert P Kevin Gausman SS Javier Sanoja,,,
1255,5205285034,mrclean913 (9/20),0,91.9,1B Munetaka Murakami 2B Cole Young 3B Weston Wilson C Mitch Garver OF Randy Arozarena OF A.J. Ewing OF Dominic Canzone P Logan Gilbert P Kevin Gausman SS Francisco Lindor,,,
1255,5205451314,apenn21,0,91.9,1B Jonathan Aranda 2B Luis Urias 3B Bo Bichette C Cal Raleigh OF Randy Arozarena OF Julio Rodriguez OF Heriberto Hernandez P Logan Gilbert P Kevin Gausman SS Francisco Lindor,,,
1255,5205538068,broncswin79 (20/20),0,91.9,1B Vladimir Guerrero Jr. 2B Xavier Edwards 3B Weston Wilson C Cal Raleigh OF Randy Arozarena OF Julio Rodriguez OF Heriberto Hernandez P Logan Gilbert P Kevin Gausman SS Francisco Lindor,,,
1255,5205540435,bellsofwar3 (7/14),0,91.9,1B Josh Naylor 2B Marcus Semien 3B Weston Wilson C Cal Raleigh OF Randy Arozarena OF A.J. Ewing OF Chandler Simpson P Logan Gilbert P Kevin Gausman SS Otto Lopez,,,
1262,5205008489,isaakuerickson (3/10),0,91.7,1B Alec Burleson 2B Luis Urias 3B Bo Bichette C Ivan Herrera OF Jordan Walker OF A.J. Ewing OF Carson Benge P Drew Rasmussen P Connor Prielipp SS Otto Lopez,,,
1262,5205276569,HockeyCardsPlus (14/20),0,91.7,1B Alec Burleson 2B Marcus Semien 3B Bo Bichette C Ivan Herrera OF Jordan Walker OF Carson Benge OF Lars Nootbaar P Drew Rasmussen P Connor Prielipp SS Otto Lopez,,,
1262,5205538403,dkirk4,0,91.7,1B Yandy Diaz 2B Xavier Edwards 3B Kazuma Okamoto C Alejandro Kirk OF Kody Clemens OF George Springer OF Heriberto Hernandez P Drew Rasmussen P Connor Prielipp SS Francisco Lindor,,,
1265,5205008493,isaakuerickson (7/10),0,91.65,1B Josh Naylor 2B Cole Young 3B Yandy Diaz C Cal Raleigh OF Julio Rodriguez OF Dominic Canzone OF Victor Mesa Jr. P Logan Gilbert P Drew Rasmussen SS Taylor Walls,,,
1265,5205048114,rcarena (3/3),0,91.65,1B Yandy Diaz 2B Cole Young 3B Junior Caminero C Nick Fortes OF Julio Rodriguez OF Dominic Canzone OF Weston Wilson P Logan Gilbert P Drew Rasmussen SS Colt Emerson,,,
1265,5205201421,squatman2008 (1/5),0,91.65,1B Jared Young 2B Xavier Edwards 3B Kazuma Okamoto C Cal Raleigh OF George Springer OF Heriberto Hernandez OF Tyrone Taylor P Logan Gilbert P Drew Rasmussen SS Colson Montgomery,,,
1265,5205251619,uvajay (12/20),0,91.65,1B Vladimir Guerrero Jr. 2B Luis Urias 3B Kazuma Okamoto C Alejandro Kirk OF Julio Rodriguez OF Victor Mesa Jr. OF Ryan Vilade P Logan Gilbert P Drew Rasmussen SS Francisco Lindor,,,
1265,5205276562,HockeyCardsPlus (7/20),0,91.65,1B Vladimir Guerrero Jr. 2B Luis Urias 3B Junior Caminero C Alejandro Kirk OF Chandler Simpson OF Victor Mesa Jr. OF Myles Straw P Logan Gilbert P Drew Rasmussen SS Ernie Clement,,,
1265,5205289675,bcardwell79 (2/9),0,91.65,1B Josh Naylor 2B Xavier Edwards 3B Kazuma Okamoto C Cal Raleigh OF Carson Benge OF Victor Mesa Jr. OF Esteury Ruiz P Logan Gilbert P Drew Rasmussen SS Otto Lopez,,,
1265,5205372765,clenten,0,91.65,1B Vladimir Guerrero Jr. 2B Xavier Edwards 3B Junior Caminero C Luis Torrens OF George Springer OF Myles Straw OF Davis Schneider P Logan Gilbert P Drew Rasmussen SS Francisco Lindor,,,
1265,5205505199,KingTerryPegula (16/20),0,91.65,1B Alec Burleson 2B Luis Urias 3B Yandy Diaz C Cal Raleigh OF Chandler Simpson OF Daulton Varsho OF Myles Straw P Logan Gilbert P Drew Rasmussen SS Ernie Clement,,,
1273,5205140491,sheed6 (2/20),0,91.35,1B Kyle Stowers 2B Xavier Edwards 3B Miguel Vargas C Liam Hicks OF Sam Antonacci OF Andrew Benintendi OF Esteury Ruiz P Drew Rasmussen P Quinn Mathews SS Otto Lopez,,,
1273,5205397704,stlr4307,0,91.35,1B Yandy Diaz 2B Luis Urias 3B Junior Caminero C Cal Raleigh OF Randy Arozarena OF A.J. Ewing OF Weston Wilson P Drew Rasmussen P Quinn Mathews SS Francisco Lindor,,,
1273,5205440939,DefendFreedom (18/20),0,91.35,1B Kyle Stowers 2B Xavier Edwards 3B Kazuma Okamoto C Liam Hicks OF Jordan Walker OF Daulton Varsho OF Griffin Conine P Logan Gilbert P Connor Prielipp SS Otto Lopez,,,
1273,5205466720,Blerud15 (11/20),0,91.35,1B Alec Burleson 2B Royce Lewis 3B Brooks Lee C Ryan Jeffers OF Jordan Walker OF Luke Keaschall OF Austin Martin P Drew Rasmussen P Quinn Mathews SS Colt Emerson,,,
1273,5205477805,cwthrow24 (15/20),0,91.35,1B Royce Lewis 2B Kody Clemens 3B Brooks Lee C Ryan Jeffers OF Julio Rodriguez OF Luke Keaschall OF Weston Wilson P Drew Rasmussen P Quinn Mathews SS Francisco Lindor,,,
1278,5205014801,Boneyball1018 (6/8),0,91.25,1B Vladimir Guerrero Jr. 2B Ernie Clement 3B Kazuma Okamoto C Alejandro Kirk OF Randy Arozarena OF George Springer OF Carson Benge P Zac Thornton P Kevin Gausman SS Francisco Lindor,,,
1278,5205125346,curleeshu (3/5),0,91.25,1B Alec Burleson 2B Kody Clemens 3B Blaze Jordan C Alejandro Kirk OF Jordan Walker OF Randy Arozarena OF Carson Benge P Zac Thornton P Kevin Gausman SS Masyn Winn,,,
1278,5205132399,KristianFTM (17/20),0,91.25,1B Yandy Diaz 2B Luis Urias 3B Junior Caminero C Nick Fortes OF Jonny DeLuca OF A.J. Ewing OF Chandler Simpson P Drew Rasmussen P Kevin Gausman SS Francisco Lindor,,,
1278,5205204296,JcClark18 (11/20),0,91.25,1B Josh Naylor 2B Cole Young 3B Brooks Lee C Ryan Jeffers OF Randy Arozarena OF Julio Rodriguez OF Dominic Canzone P Zac Thornton P Kevin Gausman SS Ryan Kreidler,,,
1278,5205285028,mrclean913 (3/20),0,91.25,1B Jared Young 2B Kody Clemens 3B Brooks Lee C Ryan Jeffers OF A.J. Ewing OF Trevor Larnach OF Carson Benge P Drew Rasmussen P Kevin Gausman SS Ryan Kreidler,,,
1283,5204772183,blitzburgh07 (2/2),0,91,1B Vladimir Guerrero Jr. 2B Ernie Clement 3B Kazuma Okamoto C Alejandro Kirk OF George Springer OF Carson Benge OF Heriberto Hernandez P Drew Rasmussen P Zac Thornton SS Francisco Lindor,,,
1283,5205183607,jnwallen (4/20),0,91,1B Alec Burleson 2B Luis Urias 3B Kazuma Okamoto C Ivan Herrera OF Jordan Walker OF George Springer OF Daulton Varsho P Drew Rasmussen P Zac Thornton SS Masyn Winn,,,
1283,5205285044,mrclean913 (19/20),0,91,1B Vladimir Guerrero Jr. 2B Ernie Clement 3B Kazuma Okamoto C Alejandro Kirk OF A.J. Ewing OF Trevor Larnach OF Daulton Varsho P Drew Rasmussen P Zac Thornton SS Francisco Lindor,,,
1283,5205492064,mariobr1709 (17/20),0,91,1B Kyle Stowers 2B Xavier Edwards 3B Leo Jimenez C Cal Raleigh OF Randy Arozarena OF Julio Rodriguez OF Dominic Canzone P Logan Gilbert P Noah Schultz SS Otto Lopez,,,
1283,5205505197,KingTerryPegula (14/20),0,91,1B Alec Burleson 2B Xavier Edwards 3B Yandy Diaz C Liam Hicks OF Heriberto Hernandez OF Griffin Conine OF Tristan Peters P Logan Gilbert P Quinn Mathews SS Otto Lopez,,,
1288,5205282930,rschindler14 (10/20),0,90.95,1B Munetaka Murakami 2B Xavier Edwards 3B Bo Bichette C Liam Hicks OF George Springer OF A.J. Ewing OF Esteury Ruiz P Kevin Gausman P Connor Prielipp SS Otto Lopez,,,
1288,5205440922,DefendFreedom (1/20),0,90.95,1B Jared Young 2B Marcus Semien 3B Bo Bichette C Ryan Jeffers OF George Springer OF Trevor Larnach OF Tyrone Taylor P Kevin Gausman P Connor Prielipp SS Francisco Lindor,,,
1290,5204944108,Sammy.Boy (17/20),0,90.9,1B Jared Young 2B Xavier Edwards 3B Miguel Vargas C Liam Hicks OF Julio Rodriguez OF Heriberto Hernandez OF Esteury Ruiz P Logan Gilbert P Kevin Gausman SS Otto Lopez,,,
1290,5205008488,isaakuerickson (2/10),0,90.9,1B Jared Young 2B Cole Young 3B Kazuma Okamoto C Cal Raleigh OF Randy Arozarena OF Julio Rodriguez OF Dominic Canzone P Logan Gilbert P Kevin Gausman SS Francisco Lindor,,,
1290,5205055997,mythicalrhymer01 (2/3),0,90.9,1B Kyle Stowers 2B Xavier Edwards 3B Bo Bichette C Liam Hicks OF Sam Antonacci OF Andrew Benintendi OF Griffin Conine P Logan Gilbert P Kevin Gausman SS Otto Lopez,,,
1290,5205072079,Wanna_Square_Up1567 (2/20),0,90.9,1B Vladimir Guerrero Jr. 2B Luis Urias 3B Miguel Vargas C Alejandro Kirk OF Sam Antonacci OF George Springer OF Myles Straw P Logan Gilbert P Kevin Gausman SS Otto Lopez,,,
1290,5205132386,KristianFTM (4/20),0,90.9,1B Munetaka Murakami 2B Luis Urias 3B Kazuma Okamoto C Alejandro Kirk OF George Springer OF Heriberto Hernandez OF Daulton Varsho P Logan Gilbert P Kevin Gausman SS Otto Lopez,,,
1290,5205158115,j-wolf05 (8/20),0,90.9,1B Munetaka Murakami 2B Xavier Edwards 3B Leo Jimenez C Liam Hicks OF Sam Antonacci OF A.J. Ewing OF Esteury Ruiz P Logan Gilbert P Kevin Gausman SS Javier Sanoja,,,
1290,5205170878,love245555 (19/20),0,90.9,1B Jared Young 2B Cole Young 3B Junior Caminero C Mitch Garver OF Randy Arozarena OF Carson Benge OF Dominic Canzone P Logan Gilbert P Kevin Gausman SS Francisco Lindor,,,
1290,5205268625,Isklebibble (16/20),0,90.9,1B Vladimir Guerrero Jr. 2B Xavier Edwards 3B Kazuma Okamoto C Alejandro Kirk OF George Springer OF Heriberto Hernandez OF Daulton Varsho P Logan Gilbert P Kevin Gausman SS Otto Lopez,,,
1290,5205284861,Twinz1987 (12/20),0,90.9,1B Vladimir Guerrero Jr. 2B Luis Urias 3B Junior Caminero C Ryan Jeffers OF Heriberto Hernandez OF Tyrone Taylor OF Davis Schneider P Logan Gilbert P Kevin Gausman SS Otto Lopez,,,
1290,5205337147,pete0six (13/20),0,90.9,1B Kyle Stowers 2B Xavier Edwards 3B Miguel Vargas C Liam Hicks OF Julio Rodriguez OF Heriberto Hernandez OF Andrew Benintendi P Logan Gilbert P Kevin Gausman SS Javier Sanoja,,,
1290,5205431560,WunstaGuy (6/20),0,90.9,1B Vladimir Guerrero Jr. 2B Xavier Edwards 3B Kazuma Okamoto C Alejandro Kirk OF George Springer OF Heriberto Hernandez OF Daulton Varsho P Logan Gilbert P Kevin Gausman SS Otto Lopez,,,
1290,5205454024,Juan1226 (1/20),0,90.9,1B Vladimir Guerrero Jr. 2B Marcus Semien 3B Bo Bichette C Cal Raleigh OF George Springer OF A.J. Ewing OF Esteury Ruiz P Logan Gilbert P Kevin Gausman SS Francisco Lindor,,,
1290,5205470976,RelentlessD85 (5/20),0,90.9,1B Vladimir Guerrero Jr. 2B Xavier Edwards 3B Kazuma Okamoto C Alejandro Kirk OF George Springer OF Heriberto Hernandez OF Daulton Varsho P Logan Gilbert P Kevin Gausman SS Otto Lopez,,,
1290,5205538585,Rhombus87 (7/20),0,90.9,1B Kyle Stowers 2B Xavier Edwards 3B Kazuma Okamoto C Cal Raleigh OF George Springer OF Heriberto Hernandez OF Esteury Ruiz P Logan Gilbert P Kevin Gausman SS Otto Lopez,,,
1304,5205136278,Caryg07 (9/20),0,90.7,1B Victor Caratini 2B Kody Clemens 3B Brooks Lee C Ryan Jeffers OF A.J. Ewing OF Trevor Larnach OF Carson Benge P Drew Rasmussen P Connor Prielipp SS Francisco Lindor,,,
1304,5205158119,j-wolf05 (12/20),0,90.7,1B Jared Young 2B Royce Lewis 3B Brooks Lee C Ryan Jeffers OF Kody Clemens OF A.J. Ewing OF Trevor Larnach P Drew Rasmussen P Connor Prielipp SS Francisco Lindor,,,
1304,5205274755,kreller17 (6/20),0,90.7,1B Alec Burleson 2B Royce Lewis 3B Kazuma Okamoto C Ryan Jeffers OF Trevor Larnach OF Lars Nootbaar OF Daulton Varsho P Drew Rasmussen P Connor Prielipp SS Ernie Clement,,,
1304,5205325899,aliensexist77,0,90.7,1B Royce Lewis 2B Brett Baty 3B Brooks Lee C Ryan Jeffers OF Kody Clemens OF A.J. Ewing OF Trevor Larnach P Drew Rasmussen P Connor Prielipp SS Francisco Lindor,,,
1304,5205432827,smk5430 (4/20),0,90.7,1B Kyle Stowers 2B Xavier Edwards 3B Brett Baty C Ryan Jeffers OF Kody Clemens OF Heriberto Hernandez OF Esteury Ruiz P Drew Rasmussen P Connor Prielipp SS Otto Lopez,,,
1304,5205494538,TinyGiant99 (2/3),0,90.7,1B Yandy Diaz 2B Luis Urias 3B Junior Caminero C Alejandro Kirk OF Chandler Simpson OF Victor Mesa Jr. OF Heriberto Hernandez P Drew Rasmussen P Connor Prielipp SS Otto Lopez,,,
1304,5205525866,Mitchm52,0,90.7,1B Victor Caratini 2B Kody Clemens 3B Brooks Lee C Ryan Jeffers OF A.J. Ewing OF Trevor Larnach OF Carson Benge P Drew Rasmussen P Connor Prielipp SS Francisco Lindor,,,
1311,5205019434,Schoey17 (4/4),0,90.65,1B Vladimir Guerrero Jr. 2B Xavier Edwards 3B Kazuma Okamoto C Luis Torrens OF George Springer OF Carson Benge OF Heriberto Hernandez P Logan Gilbert P Drew Rasmussen SS Francisco Lindor,,,
1311,5205059730,badsanta1000,0,90.65,1B Vladimir Guerrero Jr. 2B Xavier Edwards 3B Yandy Diaz C Nick Fortes OF Julio Rodriguez OF Jonny DeLuca OF Ryan Vilade P Logan Gilbert P Drew Rasmussen SS Ben Williamson,,,
1311,5205072080,Wanna_Square_Up1567 (3/20),0,90.65,1B Ryan Vilade 2B JJ Wetherholt 3B Blaze Jordan C Ivan Herrera OF Julio Rodriguez OF Victor Mesa Jr. OF Lars Nootbaar P Logan Gilbert P Drew Rasmussen SS Masyn Winn,,,
1311,5205166537,soonerbernie2002,0,90.65,1B Jared Young 2B Xavier Edwards 3B Leo Jimenez C Liam Hicks OF A.J. Ewing OF Carson Benge OF Heriberto Hernandez P Logan Gilbert P Drew Rasmussen SS Otto Lopez,,,
1311,5205204407,UniversalFriend (2/20),0,90.65,1B Vladimir Guerrero Jr. 2B Luis Urias 3B Kazuma Okamoto C Alejandro Kirk OF Julio Rodriguez OF Victor Mesa Jr. OF Ryan Vilade P Logan Gilbert P Drew Rasmussen SS Ernie Clement,,,
1311,5205228990,patmicmac,0,90.65,1B Yandy Diaz 2B Luis Urias 3B Kazuma Okamoto C Alejandro Kirk OF A.J. Ewing OF Victor Mesa Jr. OF Heriberto Hernandez P Logan Gilbert P Drew Rasmussen SS Francisco Lindor,,,
1311,5205232960,madballnj (4/20),0,90.65,1B Jared Young 2B Marcus Semien 3B Leo Jimenez C Liam Hicks OF A.J. Ewing OF Carson Benge OF Heriberto Hernandez P Logan Gilbert P Drew Rasmussen SS Francisco Lindor,,,
1311,5205283753,Dhadron (1/20),0,90.65,1B Jared Young 2B Xavier Edwards 3B Leo Jimenez C Liam Hicks OF A.J. Ewing OF Carson Benge OF Heriberto Hernandez P Logan Gilbert P Drew Rasmussen SS Otto Lopez,,,
1311,5205352804,bigpoo44,0,90.65,1B Jared Young 2B Luis Urias 3B Kazuma Okamoto C Cal Raleigh OF Julio Rodriguez OF George Springer OF A.J. Ewing P Logan Gilbert P Drew Rasmussen SS Ernie Clement,,,
1311,5205400726,Yappin01,0,90.65,1B Yandy Diaz 2B Luis Urias 3B Junior Caminero C Jimmy Crooks OF Jonny DeLuca OF Chandler Simpson OF Ryan Vilade P Logan Gilbert P Drew Rasmussen SS Masyn Winn,,,
1311,5205409949,jakeday92,0,90.65,1B Yandy Diaz 2B Richie Palacios 3B Junior Caminero C Hunter Feduccia OF Jonny DeLuca OF Heriberto Hernandez OF Davis Schneider P Logan Gilbert P Drew Rasmussen SS Masyn Winn,,,
1311,5205415471,BuckeyeCity (17/20),0,90.65,1B Kyle Stowers 2B Marcus Semien 3B Brett Baty C Ivan Herrera OF A.J. Ewing OF Carson Benge OF Heriberto Hernandez P Logan Gilbert P Drew Rasmussen SS Francisco Lindor,,,
1311,5205524197,bennybenny420,0,90.65,1B Jared Young 2B Xavier Edwards 3B Brett Baty C Liam Hicks OF A.J. Ewing OF Carson Benge OF Heriberto Hernandez P Logan Gilbert P Drew Rasmussen SS Otto Lopez,,,
1311,5205534624,eagles5016 (1/20),0,90.65,1B Alec Burleson 2B JJ Wetherholt 3B Blaze Jordan C Jimmy Crooks OF Jordan Walker OF Victor Mesa Jr. OF Myles Straw P Logan Gilbert P Drew Rasmussen SS Francisco Lindor,,,
1325,5205187595,WILDCATBALLERS (10/20),0,90.4,1B Munetaka Murakami 2B Xavier Edwards 3B Junior Caminero C Mitch Garver OF Randy Arozarena OF Julio Rodriguez OF Dominic Canzone P Kevin Gausman P Tyler Phillips SS Otto Lopez,,,
1326,5205143499,cw1tt (15/20),0,90.35,1B Alec Burleson 2B JJ Wetherholt 3B Bo Bichette C Ivan Herrera OF A.J. Ewing OF Carson Benge OF Tyrone Taylor P Drew Rasmussen P Quinn Mathews SS Francisco Lindor,,,
1326,5205247580,jradesanmi (7/20),0,90.35,1B Alec Burleson 2B Xavier Edwards 3B Javier Sanoja C Ivan Herrera OF Jordan Walker OF Heriberto Hernandez OF Lars Nootbaar P Logan Gilbert P Connor Prielipp SS Otto Lopez,,,
1326,5205268613,Isklebibble (4/20),0,90.35,1B Vladimir Guerrero Jr. 2B Ernie Clement 3B Miguel Vargas C Alejandro Kirk OF George Springer OF Heriberto Hernandez OF Daulton Varsho P Logan Gilbert P Connor Prielipp SS Otto Lopez,,,
1326,5205347380,chrispy2005 (18/20),0,90.35,1B Kyle Stowers 2B Xavier Edwards 3B Miguel Vargas C Ivan Herrera OF Heriberto Hernandez OF Esteury Ruiz OF Griffin Conine P Logan Gilbert P Connor Prielipp SS Francisco Lindor,,,
1326,5205454039,Juan1226 (16/20),0,90.35,1B Munetaka Murakami 2B Xavier Edwards 3B Javier Sanoja C Liam Hicks OF Sam Antonacci OF Heriberto Hernandez OF Daulton Varsho P Logan Gilbert P Connor Prielipp SS Otto Lopez,,,
1331,5204975425,Ango0221 (7/20),0,90.25,1B Jared Young 2B Xavier Edwards 3B Junior Caminero C Liam Hicks OF George Springer OF Carson Benge OF Ryan Vilade P Drew Rasmussen P Kevin Gausman SS Francisco Lindor,,,
1331,5204975428,Ango0221 (10/20),0,90.25,1B Ryan Vilade 2B Brett Baty 3B Junior Caminero C Alejandro Kirk OF George Springer OF A.J. Ewing OF Carson Benge P Drew Rasmussen P Kevin Gausman SS Francisco Lindor,,,
1331,5205143487,cw1tt (3/20),0,90.25,1B Jared Young 2B Royce Lewis 3B Bo Bichette C Ryan Jeffers OF A.J. Ewing OF Trevor Larnach OF Carson Benge P Drew Rasmussen P Kevin Gausman SS Francisco Lindor,,,
1331,5205204287,JcClark18 (2/20),0,90.25,1B Jared Young 2B Royce Lewis 3B Bo Bichette C Ryan Jeffers OF A.J. Ewing OF Trevor Larnach OF Carson Benge P Drew Rasmussen P Kevin Gausman SS Francisco Lindor,,,
1331,5205315543,bcardwell79 (6/9),0,90.25,1B Josh Naylor 2B Cole Young 3B Kazuma Okamoto C Alejandro Kirk OF Kody Clemens OF Randy Arozarena OF Julio Rodriguez P Zac Thornton P Kevin Gausman SS Francisco Lindor,,,
1331,5205353932,Wineternal (1/2),0,90.25,1B Yandy Diaz 2B Marcus Semien 3B Bo Bichette C Cal Raleigh OF Jonny DeLuca OF Chandler Simpson OF Dominic Canzone P Drew Rasmussen P Kevin Gausman SS Francisco Lindor,,,
1331,5205501374,rlparker22 (2/2),0,90.25,1B Yandy Diaz 2B Marcus Semien 3B Kazuma Okamoto C Nick Fortes OF George Springer OF A.J. Ewing OF Ryan Vilade P Drew Rasmussen P Kevin Gausman SS Francisco Lindor,,,
1338,5205140490,sheed6 (1/20),0,90,1B Munetaka Murakami 2B Xavier Edwards 3B Javier Sanoja C Liam Hicks OF Sam Antonacci OF Andrew Benintendi OF Esteury Ruiz P Logan Gilbert P Quinn Mathews SS Otto Lopez,,,
1338,5205183110,brewerswin,0,90,1B Alec Burleson 2B Xavier Edwards 3B Brett Baty C Liam Hicks OF Randy Arozarena OF A.J. Ewing OF Carson Benge P Logan Gilbert P Quinn Mathews SS Otto Lopez,,,
1338,5205251064,KHICKE11,0,90,1B Yandy Diaz 2B Cole Young 3B Junior Caminero C Nick Fortes OF Randy Arozarena OF Dominic Canzone OF Lars Nootbaar P Logan Gilbert P Quinn Mathews SS Masyn Winn,,,
1338,5205274754,kreller17 (5/20),0,90,1B Alec Burleson 2B Cole Young 3B Blaze Jordan C Ivan Herrera OF Jordan Walker OF Julio Rodriguez OF Heriberto Hernandez P Logan Gilbert P Quinn Mathews SS Masyn Winn,,,
1338,5205389317,Chadg20 (16/20),0,90,1B Alec Burleson 2B Luis Urias 3B Kazuma Okamoto C Alejandro Kirk OF Jordan Walker OF George Springer OF Dominic Canzone P Drew Rasmussen P Zac Thornton SS Ernie Clement,,,
1338,5205477802,cwthrow24 (12/20),0,90,1B Vladimir Guerrero Jr. 2B Luis Urias 3B Junior Caminero C Victor Caratini OF Trevor Larnach OF Luke Keaschall OF Nathan Church P Drew Rasmussen P Zac Thornton SS Ryan Kreidler,,,
1338,5205492052,mariobr1709 (5/20),0,90,1B Vladimir Guerrero Jr. 2B Kody Clemens 3B Brooks Lee C Ryan Jeffers OF Trevor Larnach OF Myles Straw OF Davis Schneider P Drew Rasmussen P Zac Thornton SS Ernie Clement,,,
1338,5205504312,lilmaryy (8/10),0,90,1B Josh Naylor 2B Cole Young 3B Brett Baty C Cal Raleigh OF Randy Arozarena OF Julio Rodriguez OF Jonny DeLuca P Logan Gilbert P Quinn Mathews SS Colson Montgomery,,,
1346,5204788756,ivymoose (18/20),0,89.95,1B Royce Lewis 2B Xavier Edwards 3B Javier Sanoja C Ryan Jeffers OF Kody Clemens OF Heriberto Hernandez OF Esteury Ruiz P Kevin Gausman P Connor Prielipp SS Otto Lopez,,,
1346,5205136271,Caryg07 (2/20),0,89.95,1B Yandy Diaz 2B Xavier Edwards 3B Junior Caminero C Liam Hicks OF Chandler Simpson OF Heriberto Hernandez OF Griffin Conine P Kevin Gausman P Connor Prielipp SS Otto Lopez,,,
1346,5205389303,Chadg20 (2/20),0,89.95,1B Vladimir Guerrero Jr. 2B Kody Clemens 3B Brooks Lee C Ryan Jeffers OF A.J. Ewing OF Trevor Larnach OF Luke Keaschall P Kevin Gausman P Connor Prielipp SS Francisco Lindor,,,
1349,5204956837,Snyp1414 (2/2),0,89.9,1B Vladimir Guerrero Jr. 2B Ernie Clement 3B Bo Bichette C Alejandro Kirk OF George Springer OF Carson Benge OF Daulton Varsho P Logan Gilbert P Kevin Gausman SS Francisco Lindor,,,
1349,5205158117,j-wolf05 (10/20),0,89.9,1B Vladimir Guerrero Jr. 2B Luis Urias 3B Kazuma Okamoto C Alejandro Kirk OF George Springer OF A.J. Ewing OF Carson Benge P Logan Gilbert P Kevin Gausman SS Otto Lopez,,,
1349,5205158176,LOCNOTM (7/20),0,89.9,1B Kyle Stowers 2B Xavier Edwards 3B Leo Jimenez C Liam Hicks OF Randy Arozarena OF Sam Antonacci OF Heriberto Hernandez P Logan Gilbert P Kevin Gausman SS Taylor Walls,,,
1349,5205158181,LOCNOTM (12/20),0,89.9,1B Vladimir Guerrero Jr. 2B Cole Young 3B Junior Caminero C Mitch Garver OF George Springer OF Daulton Varsho OF Myles Straw P Logan Gilbert P Kevin Gausman SS Ernie Clement,,,
1349,5205173859,ttillie (9/20),0,89.9,1B Jared Young 2B Cole Young 3B Yandy Diaz C Liam Hicks OF George Springer OF Victor Mesa Jr. OF Daulton Varsho P Logan Gilbert P Kevin Gausman SS Francisco Lindor,,,
1349,5205191699,cowboys767 (4/20),0,89.9,1B Kyle Stowers 2B Xavier Edwards 3B Bo Bichette C Liam Hicks OF A.J. Ewing OF Heriberto Hernandez OF Esteury Ruiz P Logan Gilbert P Kevin Gausman SS Francisco Lindor,,,
1349,5205320664,Velllo (3/20),0,89.9,1B Vladimir Guerrero Jr. 2B Xavier Edwards 3B Bo Bichette C Cal Raleigh OF George Springer OF Heriberto Hernandez OF Esteury Ruiz P Logan Gilbert P Kevin Gausman SS Francisco Lindor,,,
1349,5205337141,pete0six (7/20),0,89.9,1B Josh Naylor 2B Cole Young 3B Miguel Vargas C Mitch Garver OF Julio Rodriguez OF Dominic Canzone OF Heriberto Hernandez P Logan Gilbert P Kevin Gausman SS Otto Lopez,,,
1349,5205348601,bassguy39 (5/8),0,89.9,1B Kyle Stowers 2B Xavier Edwards 3B Bo Bichette C Liam Hicks OF A.J. Ewing OF Heriberto Hernandez OF Esteury Ruiz P Logan Gilbert P Kevin Gausman SS Francisco Lindor,,,
1349,5205406863,james_thiel (14/20),0,89.9,1B Kyle Stowers 2B Xavier Edwards 3B Kazuma Okamoto C Mitch Garver OF Julio Rodriguez OF Heriberto Hernandez OF Esteury Ruiz P Logan Gilbert P Kevin Gausman SS Otto Lopez,,,
1349,5205534640,eagles5016 (17/20),0,89.9,1B Josh Naylor 2B Ernie Clement 3B Kazuma Okamoto C Cal Raleigh OF Randy Arozarena OF Julio Rodriguez OF Weston Wilson P Logan Gilbert P Kevin Gausman SS Francisco Lindor,,,
1360,5205012843,SayHeyKid1230 (13/20),0,89.7,1B Ryan Vilade 2B JJ Wetherholt 3B Brooks Lee C Victor Caratini OF Jordan Walker OF Jonny DeLuca OF Chandler Simpson P Drew Rasmussen P Connor Prielipp SS Otto Lopez,,,
1360,5205337139,pete0six (5/20),0,89.7,1B Alec Burleson 2B Royce Lewis 3B Blaze Jordan C Ryan Jeffers OF Jordan Walker OF Kody Clemens OF Lars Nootbaar P Drew Rasmussen P Connor Prielipp SS Masyn Winn,,,
1360,5205389311,Chadg20 (10/20),0,89.7,1B Vladimir Guerrero Jr. 2B JJ Wetherholt 3B Kazuma Okamoto C Ivan Herrera OF George Springer OF A.J. Ewing OF Daulton Varsho P Drew Rasmussen P Connor Prielipp SS Ernie Clement,,,
1360,5205466727,Blerud15 (18/20),0,89.7,1B Alec Burleson 2B JJ Wetherholt 3B Leo Jimenez C Ivan Herrera OF Jordan Walker OF Heriberto Hernandez OF Nathan Church P Drew Rasmussen P Connor Prielipp SS Otto Lopez,,,
1360,5205473644,henry296 (8/20),0,89.7,1B Vladimir Guerrero Jr. 2B Luis Urias 3B Kazuma Okamoto C Ryan Jeffers OF George Springer OF A.J. Ewing OF Daulton Varsho P Drew Rasmussen P Connor Prielipp SS Francisco Lindor,,,
1360,5205515145,dfwtsx08 (3/10),0,89.7,1B Kyle Stowers 2B Xavier Edwards 3B Junior Caminero C Liam Hicks OF Chandler Simpson OF Victor Mesa Jr. OF Heriberto Hernandez P Drew Rasmussen P Connor Prielipp SS Otto Lopez,,,
1360,5205517811,ydoja2 (14/15),0,89.7,1B Kyle Stowers 2B Xavier Edwards 3B Junior Caminero C Liam Hicks OF Chandler Simpson OF Victor Mesa Jr. OF Heriberto Hernandez P Drew Rasmussen P Connor Prielipp SS Otto Lopez,,,
1360,5205524185,mattmoss12 (10/20),0,89.7,1B Kyle Stowers 2B Xavier Edwards 3B Junior Caminero C Liam Hicks OF Chandler Simpson OF Victor Mesa Jr. OF Heriberto Hernandez P Drew Rasmussen P Connor Prielipp SS Otto Lopez,,,
1360,5205524193,mattmoss12 (18/20),0,89.7,1B Alec Burleson 2B JJ Wetherholt 3B Leo Jimenez C Ivan Herrera OF Jordan Walker OF Heriberto Hernandez OF Lars Nootbaar P Drew Rasmussen P Connor Prielipp SS Otto Lopez,,,
1369,5204868710,aschuite,0,89.65,1B Ryan Vilade 2B Luis Urias 3B Kazuma Okamoto C Cal Raleigh OF George Springer OF A.J. Ewing OF Heriberto Hernandez P Logan Gilbert P Drew Rasmussen SS Francisco Lindor,,,
1369,5205013012,thundrenterprises (10/20),0,89.65,1B Alec Burleson 2B JJ Wetherholt 3B Leo Jimenez C Nick Fortes OF Julio Rodriguez OF Jonny DeLuca OF Chandler Simpson P Logan Gilbert P Drew Rasmussen SS Taylor Walls,,,
1369,5205013014,thundrenterprises (12/20),0,89.65,1B Kyle Stowers 2B Xavier Edwards 3B Bo Bichette C Luis Torrens OF A.J. Ewing OF Carson Benge OF Esteury Ruiz P Logan Gilbert P Drew Rasmussen SS Francisco Lindor,,,
1369,5205019836,hunchoharry (7/20),0,89.65,1B Jared Young 2B Luis Urias 3B Bo Bichette C Alejandro Kirk OF Jordan Walker OF A.J. Ewing OF Carson Benge P Logan Gilbert P Drew Rasmussen SS Francisco Lindor,,,
1369,5205062307,mattped23 (5/5),0,89.65,1B Munetaka Murakami 2B Xavier Edwards 3B Brett Baty C Mitch Garver OF A.J. Ewing OF Carson Benge OF Tyrone Taylor P Logan Gilbert P Drew Rasmussen SS Francisco Lindor,,,
1369,5205102420,AJMIII,0,89.65,1B Vladimir Guerrero Jr. 2B Xavier Edwards 3B Weston Wilson C Cal Raleigh OF George Springer OF Carson Benge OF Dominic Canzone P Logan Gilbert P Drew Rasmussen SS Francisco Lindor,,,
1369,5205113447,bluefalcon67114,0,89.65,1B Jared Young 2B Luis Urias 3B Junior Caminero C Alejandro Kirk OF Jonny DeLuca OF Carson Benge OF Victor Mesa Jr. P Logan Gilbert P Drew Rasmussen SS Francisco Lindor,,,
1369,5205187516,neterka,0,89.65,1B Jared Young 2B Luis Urias 3B Junior Caminero C Alejandro Kirk OF A.J. Ewing OF Carson Benge OF Heriberto Hernandez P Logan Gilbert P Drew Rasmussen SS Francisco Lindor,,,
1369,5205232965,madballnj (9/20),0,89.65,1B Jared Young 2B Luis Urias 3B Brett Baty C Alejandro Kirk OF Julio Rodriguez OF A.J. Ewing OF Carson Benge P Logan Gilbert P Drew Rasmussen SS Francisco Lindor,,,
1369,5205259196,kozy6813 (2/20),0,89.65,1B Ryan Vilade 2B Cole Young 3B Bo Bichette C Cal Raleigh OF Julio Rodriguez OF Carson Benge OF Dominic Canzone P Logan Gilbert P Drew Rasmussen SS Francisco Lindor,,,
1369,5205267173,SFN03 (10/20),0,89.65,1B Jared Young 2B Luis Urias 3B Miguel Vargas C Ryan Jeffers OF Carson Benge OF Dominic Canzone OF Tyrone Taylor P Logan Gilbert P Drew Rasmussen SS Francisco Lindor,,,
1369,5205371396,Abc1289 (20/20),0,89.65,1B Josh Naylor 2B Xavier Edwards 3B Weston Wilson C Ivan Herrera OF Jordan Walker OF Julio Rodriguez OF Dominic Canzone P Logan Gilbert P Drew Rasmussen SS Colt Emerson,,,
1369,5205387706,MikeRod,0,89.65,1B Jared Young 2B Brett Baty 3B Kazuma Okamoto C Alejandro Kirk OF George Springer OF A.J. Ewing OF Carson Benge P Logan Gilbert P Drew Rasmussen SS Francisco Lindor,,,
1369,5205434953,stevenhenry43211 (14/14),0,89.65,1B Vladimir Guerrero Jr. 2B Davis Schneider 3B Bo Bichette C Cal Raleigh OF A.J. Ewing OF Dominic Canzone OF Heriberto Hernandez P Logan Gilbert P Drew Rasmussen SS Francisco Lindor,,,
1369,5205498708,TroyGilly91 (6/8),0,89.65,1B Jared Young 2B Ernie Clement 3B Yandy Diaz C Luis Torrens OF George Springer OF A.J. Ewing OF Carson Benge P Logan Gilbert P Drew Rasmussen SS Francisco Lindor,,,
1369,5205511163,ndesmarais97 (8/20),0,89.65,1B Vladimir Guerrero Jr. 2B Luis Urias 3B Bo Bichette C Luis Torrens OF Julio Rodriguez OF A.J. Ewing OF Carson Benge P Logan Gilbert P Drew Rasmussen SS Francisco Lindor,,,
1369,5205529382,texasnumbercruncher (7/20),0,89.65,1B Alec Burleson 2B Luis Urias 3B Leo Jimenez C Ivan Herrera OF Jordan Walker OF Lars Nootbaar OF Nathan Church P Logan Gilbert P Drew Rasmussen SS Ernie Clement,,,
1386,5205221044,mcstuffins,0,89.6,1B Yandy Diaz 2B Chase Meidroth 3B Miguel Vargas C Cal Raleigh OF Randy Arozarena OF Julio Rodriguez OF Dominic Canzone P Kevin Gausman P Quinn Mathews SS Javier Sanoja,,,
1387,5205320671,Velllo (10/20),0,89.35,1B Vladimir Guerrero Jr. 2B Luis Urias 3B Junior Caminero C Ivan Herrera OF George Springer OF A.J. Ewing OF Esteury Ruiz P Logan Gilbert P Connor Prielipp SS Francisco Lindor,,,
1387,5205384055,sdub314 (1/3),0,89.35,1B Alec Burleson 2B Xavier Edwards 3B Kazuma Okamoto C Ivan Herrera OF Jordan Walker OF George Springer OF Tyrone Taylor P Logan Gilbert P Connor Prielipp SS Masyn Winn,,,
1387,5205504305,lilmaryy (1/10),0,89.35,1B Munetaka Murakami 2B Xavier Edwards 3B Yandy Diaz C Liam Hicks OF Heriberto Hernandez OF Griffin Conine OF Ryan Vilade P Logan Gilbert P Connor Prielipp SS Otto Lopez,,,
1387,5205526951,Grnder_786 (9/20),0,89.35,1B Vladimir Guerrero Jr. 2B Luis Urias 3B Junior Caminero C Ivan Herrera OF George Springer OF A.J. Ewing OF Esteury Ruiz P Logan Gilbert P Connor Prielipp SS Francisco Lindor,,,
1387,5205527620,Jessiski32,0,89.35,1B Yandy Diaz 2B Xavier Edwards 3B Miguel Vargas C Nick Fortes OF Jordan Walker OF George Springer OF Braden Montgomery P Drew Rasmussen P Noah Schultz SS Francisco Lindor,,,
1392,5205013005,thundrenterprises (3/20),0,89.25,1B Josh Naylor 2B Cole Young 3B Junior Caminero C Cal Raleigh OF Julio Rodriguez OF Chandler Simpson OF Dominic Canzone P Drew Rasmussen P Kevin Gausman SS Taylor Walls,,,
1392,5205025420,tbjones2121 (12/20),0,89.25,1B Yandy Diaz 2B Cole Young 3B Junior Caminero C Nick Fortes OF Julio Rodriguez OF Chandler Simpson OF Carson Benge P Drew Rasmussen P Kevin Gausman SS Taylor Walls,,,
1392,5205089569,SeanDre (13/20),0,89.25,1B Royce Lewis 2B Kody Clemens 3B Brooks Lee C Cal Raleigh OF Randy Arozarena OF Julio Rodriguez OF Luke Keaschall P Zac Thornton P Kevin Gausman SS Colt Emerson,,,
1392,5205204413,UniversalFriend (8/20),0,89.25,1B Victor Caratini 2B Royce Lewis 3B Kazuma Okamoto C Ryan Jeffers OF Kody Clemens OF Julio Rodriguez OF Luke Keaschall P Drew Rasmussen P Kevin Gausman SS Colt Emerson,,,
1392,5205431571,WunstaGuy (17/20),0,89.25,1B Vladimir Guerrero Jr. 2B Kody Clemens 3B Kazuma Okamoto C Luis Torrens OF A.J. Ewing OF Carson Benge OF Tyrone Taylor P Drew Rasmussen P Kevin Gausman SS Francisco Lindor,,,
1392,5205467540,Dricou (4/5),0,89.25,1B Jared Young 2B Marcus Semien 3B Bo Bichette C Ryan Jeffers OF Kody Clemens OF Trevor Larnach OF Carson Benge P Drew Rasmussen P Kevin Gausman SS Francisco Lindor,,,
1392,5205510859,dfwinscom (2/20),0,89.25,1B Kyle Stowers 2B Marcus Semien 3B Bo Bichette C Cal Raleigh OF Julio Rodriguez OF A.J. Ewing OF Carson Benge P Drew Rasmussen P Kevin Gausman SS Francisco Lindor,,,
1399,5204997410,Gabe57 (16/19),0,89,1B Yandy Diaz 2B Cole Young 3B Junior Caminero C Luis Torrens OF Randy Arozarena OF Julio Rodriguez OF Weston Wilson P Drew Rasmussen P Zac Thornton SS Taylor Walls,,,
1399,5205274758,kreller17 (9/20),0,89,1B Jared Young 2B Royce Lewis 3B Brooks Lee C Victor Caratini OF Jordan Walker OF Julio Rodriguez OF Luke Keaschall P Drew Rasmussen P Zac Thornton SS Francisco Lindor,,,
1399,5205485610,KenyanDrake (14/20),0,89,1B Alec Burleson 2B JJ Wetherholt 3B Weston Wilson C Cal Raleigh OF Jordan Walker OF Randy Arozarena OF Dominic Canzone P Logan Gilbert P Noah Schultz SS Masyn Winn,,,
1402,5204944093,Sammy.Boy (2/20),0,88.9,1B Vladimir Guerrero Jr. 2B Luis Urias 3B Kazuma Okamoto C Alejandro Kirk OF George Springer OF A.J. Ewing OF Heriberto Hernandez P Logan Gilbert P Kevin Gausman SS Francisco Lindor,,,
1402,5205090277,drunkonpappy (3/20),0,88.9,1B Josh Naylor 2B Luis Urias 3B Miguel Vargas C Cal Raleigh OF Randy Arozarena OF Sam Antonacci OF Julio Rodriguez P Logan Gilbert P Kevin Gausman SS Colt Emerson,,,
1402,5205140508,sheed6 (19/20),0,88.9,1B Munetaka Murakami 2B Chase Meidroth 3B Miguel Vargas C Edgar Quero OF Andrew Benintendi OF Esteury Ruiz OF Griffin Conine P Logan Gilbert P Kevin Gausman SS Otto Lopez,,,
1402,5205158108,j-wolf05 (1/20),0,88.9,1B Munetaka Murakami 2B Xavier Edwards 3B Leo Jimenez C Liam Hicks OF A.J. Ewing OF Heriberto Hernandez OF Tyrone Taylor P Logan Gilbert P Kevin Gausman SS Otto Lopez,,,
1402,5205268620,Isklebibble (11/20),0,88.9,1B Yandy Diaz 2B Luis Urias 3B Junior Caminero C Alejandro Kirk OF George Springer OF Daulton Varsho OF Myles Straw P Logan Gilbert P Kevin Gausman SS Francisco Lindor,,,
1402,5205320668,Velllo (7/20),0,88.9,1B Vladimir Guerrero Jr. 2B Luis Urias 3B Yandy Diaz C Cal Raleigh OF Julio Rodriguez OF A.J. Ewing OF Esteury Ruiz P Logan Gilbert P Kevin Gausman SS Francisco Lindor,,,
1402,5205347363,chrispy2005 (1/20),0,88.9,1B Josh Naylor 2B Xavier Edwards 3B Javier Sanoja C Cal Raleigh OF Julio Rodriguez OF A.J. Ewing OF Heriberto Hernandez P Logan Gilbert P Kevin Gausman SS Francisco Lindor,,,
1402,5205356497,lklk88088 (2/20),0,88.9,1B Munetaka Murakami 2B Xavier Edwards 3B Leo Jimenez C Liam Hicks OF A.J. Ewing OF Heriberto Hernandez OF Tyrone Taylor P Logan Gilbert P Kevin Gausman SS Otto Lopez,,,
1402,5205389308,Chadg20 (7/20),0,88.9,1B Jared Young 2B Xavier Edwards 3B Bo Bichette C Liam Hicks OF Randy Arozarena OF A.J. Ewing OF Carson Benge P Logan Gilbert P Kevin Gausman SS Francisco Lindor,,,
1402,5205405182,SpeedRacer101 (12/20),0,88.9,1B Vladimir Guerrero Jr. 2B Brett Baty 3B Bo Bichette C Luis Torrens OF Randy Arozarena OF Julio Rodriguez OF Carson Benge P Logan Gilbert P Kevin Gausman SS Francisco Lindor,,,
1402,5205455742,Hey...HereWeGo1 (14/20),0,88.9,1B Kyle Stowers 2B Xavier Edwards 3B Kazuma Okamoto C Alejandro Kirk OF George Springer OF Heriberto Hernandez OF Davis Schneider P Logan Gilbert P Kevin Gausman SS Otto Lopez,,,
1402,5205473653,henry296 (17/20),0,88.9,1B Yandy Diaz 2B Marcus Semien 3B Brett Baty C Luis Torrens OF Randy Arozarena OF Julio Rodriguez OF A.J. Ewing P Logan Gilbert P Kevin Gausman SS Francisco Lindor,,,
1402,5205504054,sportsfan14 (16/20),0,88.9,1B Jared Young 2B Marcus Semien 3B Miguel Vargas C Luis Torrens OF Randy Arozarena OF Sam Antonacci OF Tyrone Taylor P Logan Gilbert P Kevin Gausman SS Francisco Lindor,,,
1402,5205511171,ndesmarais97 (16/20),0,88.9,1B Vladimir Guerrero Jr. 2B Luis Urias 3B Kazuma Okamoto C Liam Hicks OF George Springer OF A.J. Ewing OF Davis Schneider P Logan Gilbert P Kevin Gausman SS Francisco Lindor,,,
1402,5205534638,eagles5016 (15/20),0,88.9,1B Jared Young 2B Xavier Edwards 3B Miguel Vargas C Liam Hicks OF A.J. Ewing OF Heriberto Hernandez OF Griffin Conine P Logan Gilbert P Kevin Gausman SS Otto Lopez,,,
1417,5204761172,tshonts3 (1/5),0,88.7,1B Alec Burleson 2B Ernie Clement 3B Junior Caminero C Jimmy Crooks OF Jordan Walker OF Jonny DeLuca OF Nathan Church P Drew Rasmussen P Connor Prielipp SS Francisco Lindor,,,
1417,5205019831,hunchoharry (2/20),0,88.7,1B Vladimir Guerrero Jr. 2B JJ Wetherholt 3B Blaze Jordan C Ivan Herrera OF Jordan Walker OF A.J. Ewing OF Lars Nootbaar P Drew Rasmussen P Connor Prielipp SS Francisco Lindor,,,
1417,5205019847,hunchoharry (18/20),0,88.7,1B Yandy Diaz 2B Marcus Semien 3B Junior Caminero C Alejandro Kirk OF Jonny DeLuca OF A.J. Ewing OF Ryan Vilade P Drew Rasmussen P Connor Prielipp SS Francisco Lindor,,,
1417,5205033026,AverageTuesday (19/20),0,88.7,1B Alec Burleson 2B Luis Urias 3B Kazuma Okamoto C Alejandro Kirk OF Jordan Walker OF Lars Nootbaar OF Daulton Varsho P Drew Rasmussen P Connor Prielipp SS Ernie Clement,,,
1417,5205072078,Wanna_Square_Up1567 (1/20),0,88.7,1B Vladimir Guerrero Jr. 2B Royce Lewis 3B Blaze Jordan C Ryan Jeffers OF Kody Clemens OF George Springer OF Austin Martin P Drew Rasmussen P Connor Prielipp SS Ryan Kreidler,,,
1417,5205136287,Caryg07 (18/20),0,88.7,1B Yandy Diaz 2B Luis Urias 3B Junior Caminero C Alejandro Kirk OF Jonny DeLuca OF Chandler Simpson OF Victor Mesa Jr. P Drew Rasmussen P Connor Prielipp SS Francisco Lindor,,,
1417,5205144971,sugewhite41,0,88.7,1B Kyle Stowers 2B Kody Clemens 3B Kazuma Okamoto C Ryan Jeffers OF A.J. Ewing OF Heriberto Hernandez OF Esteury Ruiz P Drew Rasmussen P Connor Prielipp SS Francisco Lindor,,,
1417,5205191710,cowboys767 (15/20),0,88.7,1B Vladimir Guerrero Jr. 2B Luis Urias 3B Kazuma Okamoto C Ryan Jeffers OF Kody Clemens OF George Springer OF Daulton Varsho P Drew Rasmussen P Connor Prielipp SS Francisco Lindor,,,
1417,5205284867,Twinz1987 (18/20),0,88.7,1B Vladimir Guerrero Jr. 2B Luis Urias 3B Junior Caminero C Ryan Jeffers OF A.J. Ewing OF Trevor Larnach OF Ryan Vilade P Drew Rasmussen P Connor Prielipp SS Francisco Lindor,,,
1417,5205337140,pete0six (6/20),0,88.7,1B Alec Burleson 2B Luis Urias 3B Junior Caminero C Ivan Herrera OF Jordan Walker OF Chandler Simpson OF Lars Nootbaar P Drew Rasmussen P Connor Prielipp SS Masyn Winn,,,
1417,5205347377,chrispy2005 (15/20),0,88.7,1B Alec Burleson 2B JJ Wetherholt 3B Kazuma Okamoto C Alejandro Kirk OF Jordan Walker OF Daulton Varsho OF Myles Straw P Drew Rasmussen P Connor Prielipp SS Francisco Lindor,,,
1428,5205205183,KGoetsch,0,88.65,1B Vladimir Guerrero Jr. 2B Luis Urias 3B Bo Bichette C Ivan Herrera OF Chandler Simpson OF Dominic Canzone OF Victor Mesa Jr. P Logan Gilbert P Drew Rasmussen SS Francisco Lindor,,,
1428,5205256856,chicksdigthewongball (12/20),0,88.65,1B Jared Young 2B Xavier Edwards 3B Bo Bichette C Liam Hicks OF Chandler Simpson OF Carson Benge OF Heriberto Hernandez P Logan Gilbert P Drew Rasmussen SS Francisco Lindor,,,
1428,5205261849,bmosley21 (8/20),0,88.65,1B Yandy Diaz 2B Luis Urias 3B Junior Caminero C Nick Fortes OF Victor Mesa Jr. OF Heriberto Hernandez OF Ryan Vilade P Logan Gilbert P Drew Rasmussen SS Otto Lopez,,,
1428,5205261853,bmosley21 (12/20),0,88.65,1B Ryan Vilade 2B Luis Urias 3B Junior Caminero C Nick Fortes OF Jonny DeLuca OF A.J. Ewing OF Victor Mesa Jr. P Logan Gilbert P Drew Rasmussen SS Otto Lopez,,,
1428,5205283756,Dhadron (4/20),0,88.65,1B Ryan Vilade 2B Xavier Edwards 3B Junior Caminero C Nick Fortes OF Chandler Simpson OF Victor Mesa Jr. OF Heriberto Hernandez P Logan Gilbert P Drew Rasmussen SS Javier Sanoja,,,
1428,5205284869,Twinz1987 (20/20),0,88.65,1B Vladimir Guerrero Jr. 2B Davis Schneider 3B Junior Caminero C Nick Fortes OF George Springer OF Chandler Simpson OF Victor Mesa Jr. P Logan Gilbert P Drew Rasmussen SS Taylor Walls,,,
1428,5205285033,mrclean913 (8/20),0,88.65,1B Jared Young 2B Xavier Edwards 3B Bo Bichette C Liam Hicks OF A.J. Ewing OF Carson Benge OF Heriberto Hernandez P Logan Gilbert P Drew Rasmussen SS Francisco Lindor,,,
1428,5205371387,Abc1289 (11/20),0,88.65,1B Jared Young 2B Cole Young 3B Bo Bichette C Ivan Herrera OF A.J. Ewing OF Carson Benge OF Dominic Canzone P Logan Gilbert P Drew Rasmussen SS Francisco Lindor,,,
1428,5205440931,DefendFreedom (10/20),0,88.65,1B Josh Naylor 2B Marcus Semien 3B Bo Bichette C Cal Raleigh OF Julio Rodriguez OF A.J. Ewing OF Carson Benge P Logan Gilbert P Drew Rasmussen SS Colt Emerson,,,
1428,5205465873,BigMart11 (8/20),0,88.65,1B Jared Young 2B Marcus Semien 3B Bo Bichette C Alejandro Kirk OF A.J. Ewing OF Chandler Simpson OF Daulton Varsho P Logan Gilbert P Drew Rasmussen SS Francisco Lindor,,,
1438,5205183614,jnwallen (11/20),0,88.5,1B Alec Burleson 2B JJ Wetherholt 3B Leo Jimenez C Liam Hicks OF Jordan Walker OF Heriberto Hernandez OF Griffin Conine P Quinn Mathews P Tyler Phillips SS Otto Lopez,,,
1439,5204982817,stramo88 (1/2),0,88.4,1B Munetaka Murakami 2B Xavier Edwards 3B Leo Jimenez C Alejandro Kirk OF Jordan Walker OF Kody Clemens OF Randy Arozarena P Kevin Gausman P Tyler Phillips SS Otto Lopez,,,
1440,5204975420,Ango0221 (2/20),0,88.35,1B Ryan Vilade 2B Luis Urias 3B Junior Caminero C Liam Hicks OF George Springer OF Jonny DeLuca OF Carson Benge P Logan Gilbert P Connor Prielipp SS Otto Lopez,,,
1440,5205019835,hunchoharry (6/20),0,88.35,1B Munetaka Murakami 2B JJ Wetherholt 3B Javier Sanoja C Ivan Herrera OF Jordan Walker OF Lars Nootbaar OF Nathan Church P Drew Rasmussen P Quinn Mathews SS Colt Emerson,,,
1440,5205247673,Q33Q,0,88.35,1B Victor Caratini 2B Ernie Clement 3B Jorge Polanco C Ivan Herrera OF Jordan Walker OF Randy Arozarena OF George Springer P Logan Gilbert P Connor Prielipp SS Ben Williamson,,,
1440,5205268610,Isklebibble (1/20),0,88.35,1B Vladimir Guerrero Jr. 2B Luis Urias 3B Junior Caminero C Alejandro Kirk OF George Springer OF Chandler Simpson OF Daulton Varsho P Logan Gilbert P Connor Prielipp SS Otto Lopez,,,
1440,5205485605,KenyanDrake (9/20),0,88.35,1B Kyle Stowers 2B Xavier Edwards 3B Leo Jimenez C Ryan Jeffers OF Kody Clemens OF Trevor Larnach OF Heriberto Hernandez P Drew Rasmussen P Quinn Mathews SS Otto Lopez,,,
1445,5205025410,tbjones2121 (2/20),0,88.25,1B Vladimir Guerrero Jr. 2B Marcus Semien 3B Bo Bichette C Cal Raleigh OF A.J. Ewing OF Carson Benge OF Heriberto Hernandez P Drew Rasmussen P Kevin Gausman SS Francisco Lindor,,,
1445,5205072087,Wanna_Square_Up1567 (10/20),0,88.25,1B Vladimir Guerrero Jr. 2B Kody Clemens 3B Brooks Lee C Cal Raleigh OF George Springer OF Trevor Larnach OF Luke Keaschall P Zac Thornton P Kevin Gausman SS Ryan Kreidler,,,
1445,5205167922,sborbell,0,88.25,1B Yandy Diaz 2B Cole Young 3B Kazuma Okamoto C Liam Hicks OF Randy Arozarena OF Carson Benge OF Andrew Benintendi P Zac Thornton P Kevin Gausman SS Otto Lopez,,,
1445,5205354408,easymoneynow (3/3),0,88.25,1B Kyle Stowers 2B Kody Clemens 3B Brooks Lee C Victor Caratini OF Randy Arozarena OF George Springer OF A.J. Ewing P Zac Thornton P Kevin Gausman SS Francisco Lindor,,,
1445,5205437091,texasfrog90,0,88.25,1B Yandy Diaz 2B Marcus Semien 3B Junior Caminero C Nick Fortes OF Jonny DeLuca OF A.J. Ewing OF Ryan Vilade P Drew Rasmussen P Kevin Gausman SS Francisco Lindor,,,
1445,5205504306,lilmaryy (2/10),0,88.25,1B Yandy Diaz 2B Brett Baty 3B Bo Bichette C Cal Raleigh OF George Springer OF A.J. Ewing OF Carson Benge P Drew Rasmussen P Kevin Gausman SS Francisco Lindor,,,
1445,5205510864,dfwinscom (7/20),0,88.25,1B Josh Naylor 2B Cole Young 3B Yandy Diaz C Cal Raleigh OF Randy Arozarena OF Julio Rodriguez OF Carson Benge P Zac Thornton P Kevin Gausman SS Francisco Lindor,,,
1452,5205477808,cwthrow24 (18/20),0,88,1B Alec Burleson 2B Cole Young 3B Weston Wilson C Ivan Herrera OF Jordan Walker OF Randy Arozarena OF Lars Nootbaar P Logan Gilbert P Quinn Mathews SS Colt Emerson,,,
1452,5205478717,whycuz22,0,88,1B Vladimir Guerrero Jr. 2B Luis Urias 3B Brooks Lee C Luis Torrens OF Jordan Walker OF Kody Clemens OF George Springer P Drew Rasmussen P Zac Thornton SS Francisco Lindor,,,
1452,5205520907,BENNIETHEMUSH24,0,88,1B Munetaka Murakami 2B Xavier Edwards 3B Brett Baty C Ivan Herrera OF George Springer OF Trevor Larnach OF Myles Straw P Drew Rasmussen P Zac Thornton SS Francisco Lindor,,,
1455,5205136273,Caryg07 (4/20),0,87.95,1B Munetaka Murakami 2B Xavier Edwards 3B Javier Sanoja C Ryan Jeffers OF Kody Clemens OF Heriberto Hernandez OF Esteury Ruiz P Kevin Gausman P Connor Prielipp SS Otto Lopez,,,
1455,5205191715,cowboys767 (20/20),0,87.95,1B Vladimir Guerrero Jr. 2B Royce Lewis 3B Brooks Lee C Ryan Jeffers OF George Springer OF Luke Keaschall OF Austin Martin P Kevin Gausman P Connor Prielipp SS Francisco Lindor,,,
1455,5205228665,Awalker3081 (6/20),0,87.95,1B Vladimir Guerrero Jr. 2B Xavier Edwards 3B Junior Caminero C Liam Hicks OF A.J. Ewing OF Heriberto Hernandez OF Esteury Ruiz P Kevin Gausman P Connor Prielipp SS Otto Lopez,,,
1455,5205286564,FoxyGrandpa252 (3/20),0,87.95,1B Kyle Stowers 2B Xavier Edwards 3B Bo Bichette C Liam Hicks OF A.J. Ewing OF Carson Benge OF Griffin Conine P Kevin Gausman P Connor Prielipp SS Otto Lopez,,,
1455,5205371386,Abc1289 (10/20),0,87.95,1B Vladimir Guerrero Jr. 2B Ernie Clement 3B Kazuma Okamoto C Ryan Jeffers OF George Springer OF A.J. Ewing OF Tyrone Taylor P Kevin Gausman P Connor Prielipp SS Otto Lopez,,,
1455,5205474113,cachedinar (14/20),0,87.95,1B Munetaka Murakami 2B Xavier Edwards 3B Junior Caminero C Liam Hicks OF Kody Clemens OF Esteury Ruiz OF Daulton Varsho P Kevin Gausman P Connor Prielipp SS Javier Sanoja,,,
1455,5205492880,whip99 (12/20),0,87.95,1B Kyle Stowers 2B Kody Clemens 3B Junior Caminero C Liam Hicks OF Sam Antonacci OF Heriberto Hernandez OF Esteury Ruiz P Kevin Gausman P Connor Prielipp SS Otto Lopez,,,
1462,5204975419,Ango0221 (1/20),0,87.9,1B Kyle Stowers 2B Luis Urias 3B Junior Caminero C Alejandro Kirk OF George Springer OF Carson Benge OF Ryan Vilade P Logan Gilbert P Kevin Gausman SS Otto Lopez,,,
1462,5205055996,mythicalrhymer01 (1/3),0,87.9,1B Munetaka Murakami 2B Xavier Edwards 3B Brett Baty C Liam Hicks OF Carson Benge OF Heriberto Hernandez OF Esteury Ruiz P Logan Gilbert P Kevin Gausman SS Otto Lopez,,,
1462,5205090291,drunkonpappy (17/20),0,87.9,1B Vladimir Guerrero Jr. 2B Davis Schneider 3B Kazuma Okamoto C Cal Raleigh OF Julio Rodriguez OF George Springer OF Daulton Varsho P Logan Gilbert P Kevin Gausman SS Otto Lopez,,,
1462,5205101736,welchy81 (13/20),0,87.9,1B Jared Young 2B Marcus Semien 3B Bo Bichette C Cal Raleigh OF Randy Arozarena OF Julio Rodriguez OF A.J. Ewing P Logan Gilbert P Kevin Gausman SS Francisco Lindor,,,
1462,5205101740,welchy81 (17/20),0,87.9,1B Jared Young 2B Marcus Semien 3B Bo Bichette C Cal Raleigh OF Randy Arozarena OF Julio Rodriguez OF Carson Benge P Logan Gilbert P Kevin Gausman SS Francisco Lindor,,,
1462,5205184974,thrtyftj,0,87.9,1B Vladimir Guerrero Jr. 2B Ernie Clement 3B Kazuma Okamoto C Alejandro Kirk OF Julio Rodriguez OF George Springer OF A.J. Ewing P Logan Gilbert P Kevin Gausman SS Colt Emerson,,,
1462,5205251622,uvajay (15/20),0,87.9,1B Jared Young 2B Cole Young 3B Bo Bichette C Cal Raleigh OF Randy Arozarena OF A.J. Ewing OF Dominic Canzone P Logan Gilbert P Kevin Gausman SS Francisco Lindor,,,
1462,5205276572,HockeyCardsPlus (17/20),0,87.9,1B Josh Naylor 2B Luis Urias 3B Kazuma Okamoto C Cal Raleigh OF Randy Arozarena OF Julio Rodriguez OF Dominic Canzone P Logan Gilbert P Kevin Gausman SS Colson Montgomery,,,
1462,5205406853,james_thiel (4/20),0,87.9,1B Jared Young 2B Marcus Semien 3B Bo Bichette C Cal Raleigh OF Randy Arozarena OF Julio Rodriguez OF A.J. Ewing P Logan Gilbert P Kevin Gausman SS Francisco Lindor,,,
1462,5205465882,BigMart11 (17/20),0,87.9,1B Josh Naylor 2B Cole Young 3B Junior Caminero C Nick Fortes OF Randy Arozarena OF Chandler Simpson OF Victor Mesa Jr. P Logan Gilbert P Kevin Gausman SS Ben Williamson,,,
1462,5205473647,henry296 (11/20),0,87.9,1B Jared Young 2B Marcus Semien 3B Bo Bichette C Cal Raleigh OF Randy Arozarena OF Julio Rodriguez OF A.J. Ewing P Logan Gilbert P Kevin Gausman SS Francisco Lindor,,,
1462,5205492054,mariobr1709 (7/20),0,87.9,1B Alec Burleson 2B Xavier Edwards 3B Blaze Jordan C Liam Hicks OF Jordan Walker OF Lars Nootbaar OF Nathan Church P Logan Gilbert P Kevin Gausman SS Otto Lopez,,,
1462,5205511158,ndesmarais97 (3/20),0,87.9,1B Vladimir Guerrero Jr. 2B Brett Baty 3B Kazuma Okamoto C Alejandro Kirk OF Julio Rodriguez OF George Springer OF Daulton Varsho P Logan Gilbert P Kevin Gausman SS Francisco Lindor,,,
1462,5205517745,Schlaurizzle (8/20),0,87.9,1B Vladimir Guerrero Jr. 2B Marcus Semien 3B Bo Bichette C Alejandro Kirk OF George Springer OF A.J. Ewing OF Carson Benge P Logan Gilbert P Kevin Gausman SS Francisco Lindor,,,
1462,5205517752,Schlaurizzle (15/20),0,87.9,1B Josh Naylor 2B Cole Young 3B Kazuma Okamoto C Cal Raleigh OF Julio Rodriguez OF George Springer OF Dominic Canzone P Logan Gilbert P Kevin Gausman SS Francisco Lindor,,,
1462,5205526961,Grnder_786 (19/20),0,87.9,1B Jared Young 2B Marcus Semien 3B Bo Bichette C Cal Raleigh OF Randy Arozarena OF Julio Rodriguez OF A.J. Ewing P Logan Gilbert P Kevin Gausman SS Francisco Lindor,,,
1462,5205530698,broncswin79 (11/20),0,87.9,1B Vladimir Guerrero Jr. 2B Cole Young 3B Yandy Diaz C Cal Raleigh OF Julio Rodriguez OF Heriberto Hernandez OF Weston Wilson P Logan Gilbert P Kevin Gausman SS Otto Lopez,,,
1479,5205187598,WILDCATBALLERS (13/20),0,87.85,1B Kyle Stowers 2B Xavier Edwards 3B Junior Caminero C Alejandro Kirk OF George Springer OF Chandler Simpson OF Esteury Ruiz P Connor Prielipp P Tyler Phillips SS Otto Lopez,,,
1479,5205258414,pthorpe25 (2/7),0,87.85,1B Royce Lewis 2B Kody Clemens 3B Brooks Lee C Ryan Jeffers OF Sam Antonacci OF George Springer OF Trevor Larnach P Connor Prielipp P Tyler Phillips SS Otto Lopez,,,
1481,5204944099,Sammy.Boy (8/20),0,87.7,1B Alec Burleson 2B JJ Wetherholt 3B Kazuma Okamoto C Alejandro Kirk OF Jordan Walker OF Daulton Varsho OF Myles Straw P Drew Rasmussen P Connor Prielipp SS Ernie Clement,,,
1481,5205013010,thundrenterprises (8/20),0,87.7,1B Alec Burleson 2B Royce Lewis 3B Junior Caminero C Alejandro Kirk OF Jordan Walker OF Daulton Varsho OF Ryan Vilade P Drew Rasmussen P Connor Prielipp SS Ernie Clement,,,
1481,5205259210,kozy6813 (16/20),0,87.7,1B Royce Lewis 2B Kody Clemens 3B Brooks Lee C Ryan Jeffers OF Julio Rodriguez OF Chandler Simpson OF Heriberto Hernandez P Drew Rasmussen P Connor Prielipp SS Ryan Kreidler,,,
1481,5205347372,chrispy2005 (10/20),0,87.7,1B Alec Burleson 2B Luis Urias 3B Bo Bichette C Ryan Jeffers OF Kody Clemens OF Carson Benge OF Heriberto Hernandez P Drew Rasmussen P Connor Prielipp SS Otto Lopez,,,
1481,5205517799,ydoja2 (2/15),0,87.7,1B Alec Burleson 2B Xavier Edwards 3B Leo Jimenez C Ivan Herrera OF Jordan Walker OF Heriberto Hernandez OF Lars Nootbaar P Drew Rasmussen P Connor Prielipp SS Otto Lopez,,,
1481,5205535915,FunkyKong (12/12),0,87.7,1B Vladimir Guerrero Jr. 2B Kody Clemens 3B Kazuma Okamoto C Ryan Jeffers OF Trevor Larnach OF Carson Benge OF Heriberto Hernandez P Drew Rasmussen P Connor Prielipp SS Ryan Kreidler,,,
1487,5205126910,dominicbasulto (3/3),0,87.65,1B Yandy Diaz 2B Marcus Semien 3B Junior Caminero C Luis Torrens OF Victor Mesa Jr. OF Ryan Vilade OF Tyrone Taylor P Logan Gilbert P Drew Rasmussen SS Francisco Lindor,,,
1487,5205283755,Dhadron (3/20),0,87.65,1B Kyle Stowers 2B Marcus Semien 3B Bo Bichette C Luis Torrens OF A.J. Ewing OF Dominic Canzone OF Heriberto Hernandez P Logan Gilbert P Drew Rasmussen SS Francisco Lindor,,,
1487,5205284852,Twinz1987 (3/20),0,87.65,1B Alec Burleson 2B Luis Urias 3B Weston Wilson C Ivan Herrera OF Jordan Walker OF Carson Benge OF Victor Mesa Jr. P Logan Gilbert P Drew Rasmussen SS Francisco Lindor,,,
1487,5205456216,JohnnyDrama34,0,87.65,1B Yandy Diaz 2B Luis Urias 3B Kazuma Okamoto C Alejandro Kirk OF Randy Arozarena OF Julio Rodriguez OF Myles Straw P Logan Gilbert P Zac Thornton SS Francisco Lindor,,,
1487,5205505201,KingTerryPegula (18/20),0,87.65,1B Yandy Diaz 2B Luis Urias 3B Kazuma Okamoto C Alejandro Kirk OF Chandler Simpson OF Daulton Varsho OF Ryan Vilade P Logan Gilbert P Drew Rasmussen SS Ernie Clement,,,
1492,5205268614,Isklebibble (5/20),0,87.35,1B Vladimir Guerrero Jr. 2B JJ Wetherholt 3B Kazuma Okamoto C Alejandro Kirk OF George Springer OF Heriberto Hernandez OF Daulton Varsho P Logan Gilbert P Connor Prielipp SS Otto Lopez,,,
1492,5205268618,Isklebibble (9/20),0,87.35,1B Vladimir Guerrero Jr. 2B Ernie Clement 3B Yandy Diaz C Alejandro Kirk OF George Springer OF Chandler Simpson OF Daulton Varsho P Logan Gilbert P Connor Prielipp SS Francisco Lindor,,,
1492,5205440933,DefendFreedom (12/20),0,87.35,1B Alec Burleson 2B Cole Young 3B Junior Caminero C Ivan Herrera OF George Springer OF Daulton Varsho OF Nathan Church P Logan Gilbert P Connor Prielipp SS Masyn Winn,,,
1495,5205008492,isaakuerickson (6/10),0,87.25,1B Jared Young 2B Royce Lewis 3B Bo Bichette C Cal Raleigh OF Jonny DeLuca OF A.J. Ewing OF Heriberto Hernandez P Drew Rasmussen P Kevin Gausman SS Francisco Lindor,,,
1495,5205033018,AverageTuesday (11/20),0,87.25,1B Josh Naylor 2B Royce Lewis 3B Junior Caminero C Cal Raleigh OF Julio Rodriguez OF Chandler Simpson OF Dominic Canzone P Drew Rasmussen P Kevin Gausman SS Colt Emerson,,,
1495,5205267166,SFN03 (3/20),0,87.25,1B Munetaka Murakami 2B Ernie Clement 3B Weston Wilson C Mitch Garver OF Julio Rodriguez OF Carson Benge OF Dominic Canzone P Drew Rasmussen P Kevin Gausman SS Francisco Lindor,,,
1498,5205474092,SeanyB231 (1/2),0,87.15,1B Kyle Stowers 2B JJ Wetherholt 3B Bo Bichette C Nick Fortes OF Jordan Walker OF Kody Clemens OF Carson Benge P Drew Rasmussen P Tyler Phillips SS Otto Lopez,,,
1499,5204951843,Yasz15 (1/2),0,87,1B Ryan Vilade 2B Cole Young 3B Junior Caminero C Mitch Garver OF George Springer OF Jonny DeLuca OF A.J. Ewing P Drew Rasmussen P Zac Thornton SS Ernie Clement,,,
1499,5205123417,az350z (20/20),0,87,1B Vladimir Guerrero Jr. 2B Luis Urias 3B Kazuma Okamoto C Alejandro Kirk OF George Springer OF A.J. Ewing OF Carson Benge P Drew Rasmussen P Zac Thornton SS Francisco Lindor,,,
1499,5205192953,masonplays2014 (3/20),0,87,1B Josh Naylor 2B Cole Young 3B Miguel Vargas C Cal Raleigh OF Randy Arozarena OF Julio Rodriguez OF Andrew Benintendi P Logan Gilbert P Noah Schultz SS Colson Montgomery,,,
1499,5205334966,galan316,0,87,1B Kyle Stowers 2B Xavier Edwards 3B Javier Sanoja C Cal Raleigh OF Julio Rodriguez OF Carson Benge OF Dominic Canzone P Drew Rasmussen P Zac Thornton SS Francisco Lindor,,,
1499,5205465878,BigMart11 (13/20),0,87,1B Vladimir Guerrero Jr. 2B Luis Urias 3B Kazuma Okamoto C Alejandro Kirk OF George Springer OF A.J. Ewing OF Carson Benge P Drew Rasmussen P Zac Thornton SS Francisco Lindor,,,
1499,5205526977,bownuts611 (4/6),0,87,1B Yandy Diaz 2B Chase Meidroth 3B Javier Sanoja C Liam Hicks OF Jonny DeLuca OF A.J. Ewing OF Chandler Simpson P Logan Gilbert P Quinn Mathews SS Francisco Lindor,,,
1499,5205534903,quixxote,0,87,1B Victor Caratini 2B Cole Young 3B Junior Caminero C Cal Raleigh OF Randy Arozarena OF Julio Rodriguez OF Ryan Vilade P Drew Rasmussen P Zac Thornton SS Ben Williamson,,,
1506,5205200450,rsumrall (8/20),0,86.95,1B Royce Lewis 2B Kody Clemens 3B Miguel Vargas C Ryan Jeffers OF Trevor Larnach OF Heriberto Hernandez OF Esteury Ruiz P Kevin Gausman P Connor Prielipp SS Otto Lopez,,,
1506,5205371391,Abc1289 (15/20),0,86.95,1B Vladimir Guerrero Jr. 2B Ernie Clement 3B Junior Caminero C Alejandro Kirk OF George Springer OF Chandler Simpson OF Myles Straw P Kevin Gausman P Connor Prielipp SS Otto Lopez,,,
1506,5205405171,SpeedRacer101 (1/20),0,86.95,1B Royce Lewis 2B Kody Clemens 3B Brooks Lee C Ryan Jeffers OF Trevor Larnach OF Heriberto Hernandez OF Daulton Varsho P Kevin Gausman P Connor Prielipp SS Otto Lopez,,,
1506,5205454029,Juan1226 (6/20),0,86.95,1B Vladimir Guerrero Jr. 2B Ernie Clement 3B Junior Caminero C Alejandro Kirk OF George Springer OF A.J. Ewing OF Daulton Varsho P Kevin Gausman P Connor Prielipp SS Otto Lopez,,,
1506,5205455744,Hey...HereWeGo1 (16/20),0,86.95,1B Kyle Stowers 2B Xavier Edwards 3B Kazuma Okamoto C Alejandro Kirk OF Julio Rodriguez OF George Springer OF Heriberto Hernandez P Kevin Gausman P Connor Prielipp SS Otto Lopez,,,
1506,5205462436,kcroyalfan (9/20),0,86.95,1B Vladimir Guerrero Jr. 2B Ernie Clement 3B Bo Bichette C Liam Hicks OF Jordan Walker OF George Springer OF A.J. Ewing P Kevin Gausman P Connor Prielipp SS Francisco Lindor,,,
1512,5205090283,drunkonpappy (9/20),0,86.9,1B Josh Naylor 2B Xavier Edwards 3B Kazuma Okamoto C Cal Raleigh OF Julio Rodriguez OF Heriberto Hernandez OF Esteury Ruiz P Logan Gilbert P Kevin Gausman SS Otto Lopez,,,
1512,5205133288,SkyU27,0,86.9,1B Jared Young 2B Cole Young 3B Bo Bichette C Cal Raleigh OF Randy Arozarena OF A.J. Ewing OF Carson Benge P Logan Gilbert P Kevin Gausman SS Francisco Lindor,,,
1512,5205170864,love245555 (5/20),0,86.9,1B Munetaka Murakami 2B Luis Urias 3B Kazuma Okamoto C Alejandro Kirk OF Sam Antonacci OF Esteury Ruiz OF Daulton Varsho P Logan Gilbert P Kevin Gausman SS Otto Lopez,,,
1512,5205214624,tpyo (19/20),0,86.9,1B Munetaka Murakami 2B Cole Young 3B Kazuma Okamoto C Ivan Herrera OF Randy Arozarena OF Dominic Canzone OF Weston Wilson P Logan Gilbert P Kevin Gausman SS Colt Emerson,,,
1512,5205268624,Isklebibble (15/20),0,86.9,1B Vladimir Guerrero Jr. 2B Xavier Edwards 3B Kazuma Okamoto C Alejandro Kirk OF George Springer OF Carson Benge OF Daulton Varsho P Logan Gilbert P Kevin Gausman SS Otto Lopez,,,
1512,5205286569,FoxyGrandpa252 (8/20),0,86.9,1B Vladimir Guerrero Jr. 2B Xavier Edwards 3B Kazuma Okamoto C Alejandro Kirk OF George Springer OF A.J. Ewing OF Myles Straw P Logan Gilbert P Kevin Gausman SS Otto Lopez,,,
1512,5205397663,jackson_0824 (2/5),0,86.9,1B Jared Young 2B Cole Young 3B Junior Caminero C Cal Raleigh OF Jonny DeLuca OF Heriberto Hernandez OF Esteury Ruiz P Logan Gilbert P Kevin Gausman SS Francisco Lindor,,,
1512,5205526954,Grnder_786 (12/20),0,86.9,1B Josh Naylor 2B Xavier Edwards 3B Leo Jimenez C Cal Raleigh OF Julio Rodriguez OF Heriberto Hernandez OF Esteury Ruiz P Logan Gilbert P Kevin Gausman SS Otto Lopez,,,
1512,5205538580,Rhombus87 (2/20),0,86.9,1B Vladimir Guerrero Jr. 2B Marcus Semien 3B Kazuma Okamoto C Alejandro Kirk OF George Springer OF Carson Benge OF Daulton Varsho P Logan Gilbert P Kevin Gausman SS Francisco Lindor,,,
1521,5205527561,Kowpond,0,86.8,1B Josh Naylor 2B JJ Wetherholt 3B Junior Caminero C Alejandro Kirk OF Randy Arozarena OF Carson Benge OF Dominic Canzone P Logan Gilbert P Tyler Phillips SS Ben Williamson,,,
1522,5205191714,cowboys767 (19/20),0,86.7,1B Kyle Stowers 2B Xavier Edwards 3B Leo Jimenez C Ivan Herrera OF Jordan Walker OF A.J. Ewing OF Heriberto Hernandez P Drew Rasmussen P Connor Prielipp SS Otto Lopez,,,
1522,5205240054,RickyBrett,0,86.7,1B Royce Lewis 2B Cole Young 3B Yandy Diaz C Cal Raleigh OF Kody Clemens OF Randy Arozarena OF George Springer P Zac Thornton P Connor Prielipp SS Masyn Winn,,,
1522,5205274753,kreller17 (4/20),0,86.7,1B Kyle Stowers 2B Xavier Edwards 3B Leo Jimenez C Ryan Jeffers OF Kody Clemens OF Carson Benge OF Esteury Ruiz P Drew Rasmussen P Connor Prielipp SS Otto Lopez,,,
1522,5205524182,mattmoss12 (7/20),0,86.7,1B Royce Lewis 2B Kody Clemens 3B Bo Bichette C Ryan Jeffers OF A.J. Ewing OF Carson Benge OF Tyrone Taylor P Drew Rasmussen P Connor Prielipp SS Francisco Lindor,,,
1526,5205065103,Jfuller121380,0,86.65,1B Yandy Diaz 2B Xavier Edwards 3B Kazuma Okamoto C Alejandro Kirk OF Carson Benge OF Dominic Canzone OF Heriberto Hernandez P Logan Gilbert P Drew Rasmussen SS Colt Emerson,,,
1526,5205072092,Wanna_Square_Up1567 (15/20),0,86.65,1B Josh Naylor 2B Marcus Semien 3B Junior Caminero C Mitch Garver OF Jonny DeLuca OF Chandler Simpson OF Victor Mesa Jr. P Logan Gilbert P Drew Rasmussen SS Taylor Walls,,,
1526,5205256860,chicksdigthewongball (16/20),0,86.65,1B Vladimir Guerrero Jr. 2B Luis Urias 3B Junior Caminero C Nick Fortes OF Chandler Simpson OF Victor Mesa Jr. OF Ryan Vilade P Logan Gilbert P Drew Rasmussen SS Otto Lopez,,,
1526,5205259212,kozy6813 (18/20),0,86.65,1B Vladimir Guerrero Jr. 2B Luis Urias 3B Yandy Diaz C Cal Raleigh OF Jonny DeLuca OF Chandler Simpson OF Victor Mesa Jr. P Logan Gilbert P Drew Rasmussen SS Taylor Walls,,,
1526,5205347364,chrispy2005 (2/20),0,86.65,1B Vladimir Guerrero Jr. 2B Luis Urias 3B Kazuma Okamoto C Cal Raleigh OF A.J. Ewing OF Heriberto Hernandez OF Lars Nootbaar P Logan Gilbert P Drew Rasmussen SS Francisco Lindor,,,
1526,5205415467,BuckeyeCity (13/20),0,86.65,1B Jared Young 2B JJ Wetherholt 3B Weston Wilson C Ivan Herrera OF Jordan Walker OF Heriberto Hernandez OF Lars Nootbaar P Logan Gilbert P Drew Rasmussen SS Masyn Winn,,,
1526,5205437036,Monster2783,0,86.65,1B Vladimir Guerrero Jr. 2B Luis Urias 3B Kazuma Okamoto C Cal Raleigh OF A.J. Ewing OF Carson Benge OF Heriberto Hernandez P Logan Gilbert P Drew Rasmussen SS Francisco Lindor,,,
1526,5205466791,bassguy39 (6/8),0,86.65,1B Vladimir Guerrero Jr. 2B Luis Urias 3B Yandy Diaz C Cal Raleigh OF Jonny DeLuca OF Chandler Simpson OF Victor Mesa Jr. P Logan Gilbert P Drew Rasmussen SS Taylor Walls,,,
1526,5205474130,jadaruler,0,86.65,1B Kyle Stowers 2B Luis Urias 3B Kazuma Okamoto C Mitch Garver OF Randy Arozarena OF Julio Rodriguez OF A.J. Ewing P Logan Gilbert P Zac Thornton SS Otto Lopez,,,
1526,5205492872,whip99 (4/20),0,86.65,1B Jared Young 2B Marcus Semien 3B Bo Bichette C Liam Hicks OF A.J. Ewing OF Chandler Simpson OF Victor Mesa Jr. P Logan Gilbert P Drew Rasmussen SS Francisco Lindor,,,
1526,5205524118,xTRISKITx (18/20),0,86.65,1B Kyle Stowers 2B Xavier Edwards 3B Bo Bichette C Luis Torrens OF A.J. Ewing OF Carson Benge OF Heriberto Hernandez P Logan Gilbert P Drew Rasmussen SS Otto Lopez,,,
1537,5205360368,remaxpro9,0,86.5,1B Munetaka Murakami 2B Kody Clemens 3B Kazuma Okamoto C Brian Navarreto OF Jordan Walker OF Randy Arozarena OF Trevor Larnach P Noah Schultz P Tyler Phillips SS Francisco Lindor,,,
1538,5205268616,Isklebibble (7/20),0,86.35,1B Yandy Diaz 2B Ernie Clement 3B Kazuma Okamoto C Alejandro Kirk OF George Springer OF Jonny DeLuca OF Daulton Varsho P Logan Gilbert P Connor Prielipp SS Francisco Lindor,,,
1538,5205526958,Grnder_786 (16/20),0,86.35,1B Kyle Stowers 2B Xavier Edwards 3B Bo Bichette C Alejandro Kirk OF A.J. Ewing OF Heriberto Hernandez OF Esteury Ruiz P Logan Gilbert P Connor Prielipp SS Otto Lopez,,,
1540,5204867937,mga120 (8/20),0,86.25,1B Josh Naylor 2B Luis Urias 3B Junior Caminero C Ryan Jeffers OF Julio Rodriguez OF Chandler Simpson OF Daulton Varsho P Drew Rasmussen P Kevin Gausman SS Taylor Walls,,,
1540,5204952210,Yasz15 (2/2),0,86.25,1B Vladimir Guerrero Jr. 2B Royce Lewis 3B Kazuma Okamoto C Alejandro Kirk OF Randy Arozarena OF Julio Rodriguez OF Carson Benge P Zac Thornton P Kevin Gausman SS Francisco Lindor,,,
1540,5205214820,shades12,0,86.25,1B Yandy Diaz 2B Xavier Edwards 3B Junior Caminero C Cal Raleigh OF Randy Arozarena OF Ryan Vilade OF Victor Robles P Drew Rasmussen P Kevin Gausman SS Taylor Walls,,,
1540,5205259588,Bane2930 (2/2),0,86.25,1B Vladimir Guerrero Jr. 2B Ernie Clement 3B Kazuma Okamoto C Cal Raleigh OF Randy Arozarena OF Julio Rodriguez OF George Springer P Zac Thornton P Kevin Gausman SS Andres Gimenez,,,
1540,5205265724,Bosnia33,0,86.25,1B Vladimir Guerrero Jr. 2B Ernie Clement 3B Yandy Diaz C Francisco Alvarez OF Sam Antonacci OF Carson Benge OF Daulton Varsho P Drew Rasmussen P Kevin Gausman SS Francisco Lindor,,,
1540,5205405188,SpeedRacer101 (18/20),0,86.25,1B Jared Young 2B Marcus Semien 3B Brett Baty C Ryan Jeffers OF Jonny DeLuca OF A.J. Ewing OF Carson Benge P Drew Rasmussen P Kevin Gausman SS Otto Lopez,,,
1540,5205505187,KingTerryPegula (4/20),0,86.25,1B Yandy Diaz 2B Luis Urias 3B Junior Caminero C Luis Torrens OF Jonny DeLuca OF A.J. Ewing OF Chandler Simpson P Drew Rasmussen P Kevin Gausman SS Francisco Lindor,,,
1547,5205528625,gregoryfoots,0,86.15,1B Kyle Stowers 2B JJ Wetherholt 3B Junior Caminero C Cal Raleigh OF Jordan Walker OF George Springer OF Myles Straw P Drew Rasmussen P Tyler Phillips SS Ben Williamson,,,
1548,5205526156,handy6pk,0,86.1,1B Alec Burleson 2B JJ Wetherholt 3B Yandy Diaz C Liam Hicks OF Jordan Walker OF Randy Arozarena OF Sam Antonacci P Quinn Mathews P Jordan Hicks SS Otto Lopez,,,
1549,5205263973,joncrow (2/2),0,86.05,1B Royce Lewis 2B Kody Clemens 3B Brooks Lee C Ivan Herrera OF Jordan Walker OF Randy Arozarena OF A.J. Ewing P Quinn Mathews P Connor Prielipp SS Masyn Winn,,,
1549,5205284850,Twinz1987 (1/20),0,86.05,1B Munetaka Murakami 2B Royce Lewis 3B Miguel Vargas C Ryan Jeffers OF Kody Clemens OF Trevor Larnach OF Griffin Conine P Quinn Mathews P Connor Prielipp SS Javier Sanoja,,,
1551,5205008200,Boneyball1018 (5/8),0,86,1B Yandy Diaz 2B Luis Urias 3B Junior Caminero C Nick Fortes OF Jordan Walker OF Randy Arozarena OF Weston Wilson P Drew Rasmussen P Zac Thornton SS Taylor Walls,,,
1551,5205173863,ttillie (13/20),0,86,1B Jared Young 2B Luis Urias 3B Junior Caminero C Alejandro Kirk OF Jordan Walker OF Carson Benge OF Tyrone Taylor P Drew Rasmussen P Zac Thornton SS Francisco Lindor,,,
1551,5205291419,meyers2305 (20/20),0,86,1B Vladimir Guerrero Jr. 2B Luis Urias 3B Junior Caminero C Ivan Herrera OF George Springer OF Chandler Simpson OF Myles Straw P Drew Rasmussen P Zac Thornton SS Ernie Clement,,,
1551,5205527577,mitbong,0,86,1B Jared Young 2B Ernie Clement 3B Yandy Diaz C Ivan Herrera OF Jordan Walker OF Julio Rodriguez OF Tyrone Taylor P Drew Rasmussen P Zac Thornton SS Ben Williamson,,,
1555,5204944101,Sammy.Boy (10/20),0,85.95,1B Royce Lewis 2B Brett Baty 3B Brooks Lee C Ryan Jeffers OF Kody Clemens OF Trevor Larnach OF Tyrone Taylor P Kevin Gausman P Connor Prielipp SS Francisco Lindor,,,
1555,5204947473,csurunnerccr (12/20),0,85.95,1B Yandy Diaz 2B Xavier Edwards 3B Junior Caminero C Liam Hicks OF Chandler Simpson OF Heriberto Hernandez OF Esteury Ruiz P Kevin Gausman P Connor Prielipp SS Otto Lopez,,,
1555,5205232975,madballnj (19/20),0,85.95,1B Vladimir Guerrero Jr. 2B Royce Lewis 3B Brooks Lee C Ryan Jeffers OF Kody Clemens OF George Springer OF Trevor Larnach P Kevin Gausman P Connor Prielipp SS Ben Williamson,,,
1555,5205258415,pthorpe25 (3/7),0,85.95,1B Royce Lewis 2B Ernie Clement 3B Brooks Lee C Victor Caratini OF George Springer OF Luke Keaschall OF Daulton Varsho P Kevin Gausman P Connor Prielipp SS Ryan Kreidler,,,
1555,5205292795,wormlove3 (4/17),0,85.95,1B Royce Lewis 2B Kody Clemens 3B Brooks Lee C Ryan Jeffers OF Randy Arozarena OF Jonny DeLuca OF Chandler Simpson P Kevin Gausman P Connor Prielipp SS Ben Williamson,,,
1555,5205299323,wormlove3 (10/17),0,85.95,1B Royce Lewis 2B Kody Clemens 3B Brooks Lee C Ryan Jeffers OF Randy Arozarena OF Jonny DeLuca OF Chandler Simpson P Kevin Gausman P Connor Prielipp SS Ben Williamson,,,
1555,5205299332,wormlove3 (16/17),0,85.95,1B Royce Lewis 2B Kody Clemens 3B Brooks Lee C Ryan Jeffers OF Randy Arozarena OF Jonny DeLuca OF Chandler Simpson P Kevin Gausman P Connor Prielipp SS Ben Williamson,,,
1555,5205371388,Abc1289 (12/20),0,85.95,1B Vladimir Guerrero Jr. 2B Ernie Clement 3B Kazuma Okamoto C Ryan Jeffers OF George Springer OF A.J. Ewing OF Griffin Conine P Kevin Gausman P Connor Prielipp SS Francisco Lindor,,,
1555,5205504308,lilmaryy (4/10),0,85.95,1B Yandy Diaz 2B Royce Lewis 3B Junior Caminero C Nick Fortes OF Jonny DeLuca OF Chandler Simpson OF Trevor Larnach P Kevin Gausman P Connor Prielipp SS Otto Lopez,,,
1555,5205517801,ydoja2 (4/15),0,85.95,1B Yandy Diaz 2B Xavier Edwards 3B Junior Caminero C Liam Hicks OF Chandler Simpson OF Heriberto Hernandez OF Esteury Ruiz P Kevin Gausman P Connor Prielipp SS Otto Lopez,,,
1565,5205033021,AverageTuesday (14/20),0,85.9,1B Munetaka Murakami 2B Cole Young 3B Miguel Vargas C Mitch Garver OF Julio Rodriguez OF Dominic Canzone OF Tyrone Taylor P Logan Gilbert P Kevin Gausman SS Colt Emerson,,,
1565,5205045886,JamoDab2232 (4/6),0,85.9,1B Yandy Diaz 2B Luis Urias 3B Bo Bichette C Alejandro Kirk OF George Springer OF A.J. Ewing OF Carson Benge P Logan Gilbert P Kevin Gausman SS Francisco Lindor,,,
1565,5205101726,welchy81 (3/20),0,85.9,1B Vladimir Guerrero Jr. 2B Brett Baty 3B Bo Bichette C Cal Raleigh OF George Springer OF A.J. Ewing OF Esteury Ruiz P Logan Gilbert P Kevin Gausman SS Francisco Lindor,,,
1565,5205148848,aurum48 (2/3),0,85.9,1B Vladimir Guerrero Jr. 2B Ernie Clement 3B Yandy Diaz C Nick Fortes OF Randy Arozarena OF Sam Antonacci OF Ryan Vilade P Logan Gilbert P Kevin Gausman SS Taylor Walls,,,
1565,5205180508,leighton32 (4/5),0,85.9,1B Yandy Diaz 2B Luis Urias 3B Bo Bichette C Alejandro Kirk OF George Springer OF A.J. Ewing OF Carson Benge P Logan Gilbert P Kevin Gausman SS Francisco Lindor,,,
1565,5205256849,chicksdigthewongball (5/20),0,85.9,1B Vladimir Guerrero Jr. 2B Cole Young 3B Kazuma Okamoto C Alejandro Kirk OF George Springer OF Chandler Simpson OF Victor Mesa Jr. P Logan Gilbert P Kevin Gausman SS Ernie Clement,,,
1565,5205257569,Rene8480 (1/3),0,85.9,1B Vladimir Guerrero Jr. 2B Cole Young 3B Kazuma Okamoto C Cal Raleigh OF George Springer OF Dominic Canzone OF Heriberto Hernandez P Logan Gilbert P Kevin Gausman SS Francisco Lindor,,,
1565,5205286577,FoxyGrandpa252 (16/20),0,85.9,1B Jared Young 2B Marcus Semien 3B Brett Baty C Liam Hicks OF A.J. Ewing OF Carson Benge OF Esteury Ruiz P Logan Gilbert P Kevin Gausman SS Otto Lopez,,,
1565,5205320666,Velllo (5/20),0,85.9,1B Vladimir Guerrero Jr. 2B Marcus Semien 3B Bo Bichette C Cal Raleigh OF Julio Rodriguez OF A.J. Ewing OF Esteury Ruiz P Logan Gilbert P Kevin Gausman SS Francisco Lindor,,,
1565,5205383233,ImaDonk11 (7/20),0,85.9,1B Vladimir Guerrero Jr. 2B Ernie Clement 3B Kazuma Okamoto C Luis Torrens OF George Springer OF Daulton Varsho OF Griffin Conine P Logan Gilbert P Kevin Gausman SS Colson Montgomery,,,
1565,5205470978,RelentlessD85 (7/20),0,85.9,1B Jared Young 2B Luis Urias 3B Yandy Diaz C Cal Raleigh OF Randy Arozarena OF Julio Rodriguez OF Dominic Canzone P Logan Gilbert P Kevin Gausman SS Colson Montgomery,,,
1565,5205504045,sportsfan14 (7/20),0,85.9,1B Jared Young 2B Marcus Semien 3B Bo Bichette C Alejandro Kirk OF Julio Rodriguez OF George Springer OF A.J. Ewing P Logan Gilbert P Kevin Gausman SS Francisco Lindor,,,
1577,5205025421,tbjones2121 (13/20),0,85.7,1B Jared Young 2B Kody Clemens 3B Bo Bichette C Ryan Jeffers OF A.J. Ewing OF Heriberto Hernandez OF Tyrone Taylor P Drew Rasmussen P Connor Prielipp SS Francisco Lindor,,,
1577,5205089557,SeanDre (1/20),0,85.7,1B Alec Burleson 2B Royce Lewis 3B Leo Jimenez C Ivan Herrera OF Jordan Walker OF Kody Clemens OF Lars Nootbaar P Drew Rasmussen P Connor Prielipp SS Masyn Winn,,,
1577,5205192968,masonplays2014 (18/20),0,85.7,1B Vladimir Guerrero Jr. 2B Brett Baty 3B Bo Bichette C Ryan Jeffers OF George Springer OF A.J. Ewing OF Carson Benge P Drew Rasmussen P Connor Prielipp SS Francisco Lindor,,,
1577,5205200460,rsumrall (18/20),0,85.7,1B Yandy Diaz 2B Marcus Semien 3B Junior Caminero C Nick Fortes OF Jonny DeLuca OF Chandler Simpson OF Carson Benge P Drew Rasmussen P Connor Prielipp SS Francisco Lindor,,,
1577,5205246462,slappey22 (4/5),0,85.7,1B Alec Burleson 2B JJ Wetherholt 3B Blaze Jordan C Ivan Herrera OF Jordan Walker OF Kody Clemens OF Heriberto Hernandez P Drew Rasmussen P Connor Prielipp SS Ben Williamson,,,
1577,5205267179,SFN03 (16/20),0,85.7,1B Jared Young 2B Luis Urias 3B Kazuma Okamoto C Ryan Jeffers OF Kody Clemens OF George Springer OF Daulton Varsho P Drew Rasmussen P Connor Prielipp SS Otto Lopez,,,
1577,5205320681,Velllo (20/20),0,85.7,1B Jared Young 2B Xavier Edwards 3B Junior Caminero C Ivan Herrera OF Kody Clemens OF Trevor Larnach OF Heriberto Hernandez P Drew Rasmussen P Connor Prielipp SS Francisco Lindor,,,
1577,5205454032,Juan1226 (9/20),0,85.7,1B Yandy Diaz 2B Royce Lewis 3B Junior Caminero C Nick Fortes OF Jonny DeLuca OF Chandler Simpson OF Carson Benge P Drew Rasmussen P Connor Prielipp SS Francisco Lindor,,,
1577,5205471926,ryanthesaint,0,85.7,1B Jared Young 2B Xavier Edwards 3B Junior Caminero C Victor Caratini OF Jordan Walker OF Chandler Simpson OF Trevor Larnach P Drew Rasmussen P Connor Prielipp SS Otto Lopez,,,
1586,5205027051,mfp13 (1/2),0,85.65,1B Yandy Diaz 2B Cole Young 3B Kazuma Okamoto C Nick Fortes OF A.J. Ewing OF Chandler Simpson OF Ryan Vilade P Logan Gilbert P Drew Rasmussen SS Francisco Lindor,,,
1586,5205027052,mfp13 (2/2),0,85.65,1B Yandy Diaz 2B Cole Young 3B Kazuma Okamoto C Nick Fortes OF A.J. Ewing OF Chandler Simpson OF Ryan Vilade P Logan Gilbert P Drew Rasmussen SS Francisco Lindor,,,
1586,5205261842,bmosley21 (1/20),0,85.65,1B Ryan Vilade 2B Ben Williamson 3B Yandy Diaz C Nick Fortes OF Jonny DeLuca OF A.J. Ewing OF Carson Benge P Logan Gilbert P Drew Rasmussen SS Francisco Lindor,,,
1586,5205274757,kreller17 (8/20),0,85.65,1B Alec Burleson 2B JJ Wetherholt 3B Weston Wilson C Ivan Herrera OF Jordan Walker OF Lars Nootbaar OF Davis Schneider P Logan Gilbert P Drew Rasmussen SS Colt Emerson,,,
1586,5205415460,BuckeyeCity (6/20),0,85.65,1B Ryan Vilade 2B Cole Young 3B Junior Caminero C Nick Fortes OF Julio Rodriguez OF Chandler Simpson OF Dominic Canzone P Logan Gilbert P Drew Rasmussen SS Ben Williamson,,,
1586,5205438233,BMOQ,0,85.65,1B Josh Naylor 2B Marcus Semien 3B Kazuma Okamoto C Cal Raleigh OF Julio Rodriguez OF Victor Mesa Jr. OF Lars Nootbaar P Logan Gilbert P Drew Rasmussen SS Francisco Lindor,,,
1586,5205511162,ndesmarais97 (7/20),0,85.65,1B Jared Young 2B Xavier Edwards 3B Bo Bichette C Alejandro Kirk OF A.J. Ewing OF Carson Benge OF Heriberto Hernandez P Logan Gilbert P Drew Rasmussen SS Francisco Lindor,,,
1586,5205511165,ndesmarais97 (10/20),0,85.65,1B Jared Young 2B Marcus Semien 3B Bo Bichette C Cal Raleigh OF George Springer OF Carson Benge OF Victor Mesa Jr. P Logan Gilbert P Drew Rasmussen SS Francisco Lindor,,,
1586,5205534186,tfamularo (2/2),0,85.65,1B Jared Young 2B Xavier Edwards 3B Kazuma Okamoto C Liam Hicks OF A.J. Ewing OF Carson Benge OF Heriberto Hernandez P Logan Gilbert P Drew Rasmussen SS Francisco Lindor,,,
1595,5205134588,Patsqueen_5,0,85.6,1B Vladimir Guerrero Jr. 2B JJ Wetherholt 3B Junior Caminero C Brandon Valenzuela OF Randy Arozarena OF Julio Rodriguez OF Carson Benge P Kevin Gausman P Noah Schultz SS Ernie Clement,,,
1595,5205187596,WILDCATBALLERS (11/20),0,85.6,1B Munetaka Murakami 2B Cole Young 3B Junior Caminero C Mitch Garver OF Randy Arozarena OF Julio Rodriguez OF Weston Wilson P Kevin Gausman P Quinn Mathews SS Francisco Lindor,,,
1597,5205187597,WILDCATBALLERS (12/20),0,85.4,1B Munetaka Murakami 2B Cole Young 3B Junior Caminero C Alejandro Kirk OF George Springer OF Dominic Canzone OF Weston Wilson P Kevin Gausman P Tyler Phillips SS Otto Lopez,,,
1598,5204955610,chelseafinest (1/2),0,85.35,1B Royce Lewis 2B Xavier Edwards 3B Bo Bichette C Cal Raleigh OF Kody Clemens OF Julio Rodriguez OF Trevor Larnach P Drew Rasmussen P Quinn Mathews SS Francisco Lindor,,,
1598,5204956745,DcSports89 (2/5),0,85.35,1B Alec Burleson 2B JJ Wetherholt 3B Blaze Jordan C Ivan Herrera OF Jordan Walker OF Carson Benge OF Tyrone Taylor P Logan Gilbert P Connor Prielipp SS Francisco Lindor,,,
1598,5205101732,welchy81 (9/20),0,85.35,1B Kyle Stowers 2B Xavier Edwards 3B Junior Caminero C Alejandro Kirk OF Chandler Simpson OF Heriberto Hernandez OF Esteury Ruiz P Logan Gilbert P Connor Prielipp SS Otto Lopez,,,
1598,5205152524,kafedaiv (5/20),0,85.35,1B Yandy Diaz 2B Cole Young 3B Junior Caminero C Jimmy Crooks OF Kody Clemens OF Julio Rodriguez OF Weston Wilson P Drew Rasmussen P Quinn Mathews SS Otto Lopez,,,
1598,5205247574,jradesanmi (1/20),0,85.35,1B Munetaka Murakami 2B Xavier Edwards 3B Javier Sanoja C Liam Hicks OF Sam Antonacci OF Heriberto Hernandez OF Andrew Benintendi P Logan Gilbert P Connor Prielipp SS Otto Lopez,,,
1598,5205307764,xXxPLOSIVE (4/5),0,85.35,1B Vladimir Guerrero Jr. 2B Luis Urias 3B Junior Caminero C Alejandro Kirk OF George Springer OF Carson Benge OF Heriberto Hernandez P Logan Gilbert P Connor Prielipp SS Francisco Lindor,,,
1598,5205358166,YoDoggs,0,85.35,1B Alec Burleson 2B JJ Wetherholt 3B Blaze Jordan C Ivan Herrera OF Jordan Walker OF Carson Benge OF Tyrone Taylor P Logan Gilbert P Connor Prielipp SS Francisco Lindor,,,
1598,5205439777,KhaosAddict,0,85.35,1B Vladimir Guerrero Jr. 2B Luis Urias 3B Junior Caminero C Alejandro Kirk OF George Springer OF Carson Benge OF Heriberto Hernandez P Logan Gilbert P Connor Prielipp SS Francisco Lindor,,,
1598,5205517755,Schlaurizzle (18/20),0,85.35,1B Kyle Stowers 2B Xavier Edwards 3B Kazuma Okamoto C Liam Hicks OF George Springer OF Carson Benge OF Heriberto Hernandez P Logan Gilbert P Connor Prielipp SS Otto Lopez,,,
1598,5205538595,Rhombus87 (17/20),0,85.35,1B Alec Burleson 2B Xavier Edwards 3B Leo Jimenez C Liam Hicks OF Jordan Walker OF Jonny DeLuca OF Heriberto Hernandez P Logan Gilbert P Connor Prielipp SS Otto Lopez,,,
1608,5205089565,SeanDre (9/20),0,85.25,1B Royce Lewis 2B Cole Young 3B Brooks Lee C Victor Caratini OF Kody Clemens OF Randy Arozarena OF Julio Rodriguez P Zac Thornton P Kevin Gausman SS Ryan Kreidler,,,
1608,5205143492,cw1tt (8/20),0,85.25,1B Yandy Diaz 2B Xavier Edwards 3B Junior Caminero C Nick Fortes OF Chandler Simpson OF Heriberto Hernandez OF Ryan Vilade P Drew Rasmussen P Kevin Gausman SS Otto Lopez,,,
1608,5205214622,tpyo (17/20),0,85.25,1B Yandy Diaz 2B Royce Lewis 3B Brooks Lee C Ryan Jeffers OF Jonny DeLuca OF Victor Mesa Jr. OF Ryan Vilade P Drew Rasmussen P Kevin Gausman SS Ben Williamson,,,
1608,5205267165,SFN03 (2/20),0,85.25,1B Alec Burleson 2B Luis Urias 3B Brett Baty C Ivan Herrera OF Kody Clemens OF A.J. Ewing OF Carson Benge P Drew Rasmussen P Kevin Gausman SS Francisco Lindor,,,
1608,5205267181,SFN03 (18/20),0,85.25,1B Alec Burleson 2B Kody Clemens 3B Weston Wilson C Ryan Jeffers OF Randy Arozarena OF Julio Rodriguez OF Tyrone Taylor P Zac Thornton P Kevin Gausman SS Colt Emerson,,,
1608,5205517298,bhess777 (3/20),0,85.25,1B Yandy Diaz 2B Cole Young 3B Brooks Lee C Ryan Jeffers OF Trevor Larnach OF Dominic Canzone OF Luke Keaschall P Zac Thornton P Kevin Gausman SS Ryan Kreidler,,,
1608,5205531619,Yvettem36,0,85.25,1B Munetaka Murakami 2B Luis Urias 3B Junior Caminero C Mitch Garver OF Randy Arozarena OF George Springer OF Myles Straw P Zac Thornton P Kevin Gausman SS Francisco Lindor,,,
1615,5205261632,blazer1sd,0,85.05,1B Kyle Stowers 2B Xavier Edwards 3B Junior Caminero C Liam Hicks OF Randy Arozarena OF Sam Antonacci OF Julio Rodriguez P Connor Prielipp P Noah Schultz SS Colson Montgomery,,,
1616,5205038642,bxtrey,0,85,1B Jared Young 2B Ernie Clement 3B Brooks Lee C Ivan Herrera OF George Springer OF A.J. Ewing OF Carson Benge P Drew Rasmussen P Zac Thornton SS Francisco Lindor,,,
1616,5205062305,mattped23 (3/5),0,85,1B Alec Burleson 2B JJ Wetherholt 3B Kazuma Okamoto C Alejandro Kirk OF George Springer OF Daulton Varsho OF Nathan Church P Drew Rasmussen P Zac Thornton SS Ernie Clement,,,
1616,5205128782,cyruscyrus (1/2),0,85,1B Ryan Vilade 2B Brett Baty 3B Yandy Diaz C Cal Raleigh OF Randy Arozarena OF Julio Rodriguez OF Victor Mesa Jr. P Drew Rasmussen P Zac Thornton SS Francisco Lindor,,,
1616,5205267183,SFN03 (20/20),0,85,1B Munetaka Murakami 2B Marcus Semien 3B Brett Baty C Ryan Jeffers OF Carson Benge OF Heriberto Hernandez OF Tyrone Taylor P Drew Rasmussen P Zac Thornton SS Otto Lopez,,,
1616,5205485613,KenyanDrake (17/20),0,85,1B Munetaka Murakami 2B Marcus Semien 3B Bo Bichette C Cal Raleigh OF Randy Arozarena OF Sam Antonacci OF Julio Rodriguez P Logan Gilbert P Noah Schultz SS Colt Emerson,,,
1616,5205524232,rockingrick (7/7),0,85,1B Yandy Diaz 2B Cole Young 3B Junior Caminero C Jimmy Crooks OF Randy Arozarena OF Jonny DeLuca OF Ryan Vilade P Logan Gilbert P Quinn Mathews SS Colt Emerson,,,
1622,5204788741,ivymoose (3/20),0,84.95,1B Kyle Stowers 2B Xavier Edwards 3B Miguel Vargas C Ryan Jeffers OF Kody Clemens OF Heriberto Hernandez OF Griffin Conine P Kevin Gausman P Connor Prielipp SS Javier Sanoja,,,
1623,5205072083,Wanna_Square_Up1567 (6/20),0,84.9,1B Munetaka Murakami 2B Luis Urias 3B Miguel Vargas C Edgar Quero OF Sam Antonacci OF Esteury Ruiz OF Griffin Conine P Logan Gilbert P Kevin Gausman SS Colson Montgomery,,,
1623,5205136279,Caryg07 (10/20),0,84.9,1B Munetaka Murakami 2B Cole Young 3B Weston Wilson C Edgar Quero OF Randy Arozarena OF Sam Antonacci OF Dominic Canzone P Logan Gilbert P Kevin Gausman SS Colson Montgomery,,,
1623,5205148849,aurum48 (3/3),0,84.9,1B Vladimir Guerrero Jr. 2B Ben Williamson 3B Kazuma Okamoto C Liam Hicks OF George Springer OF Carson Benge OF Daulton Varsho P Logan Gilbert P Kevin Gausman SS Francisco Lindor,,,
1623,5205170871,love245555 (12/20),0,84.9,1B Vladimir Guerrero Jr. 2B Luis Urias 3B Kazuma Okamoto C Alejandro Kirk OF Sam Antonacci OF George Springer OF Dominic Canzone P Logan Gilbert P Kevin Gausman SS Francisco Lindor,,,
1623,5205192961,masonplays2014 (11/20),0,84.9,1B Kyle Stowers 2B Xavier Edwards 3B Javier Sanoja C Cal Raleigh OF Heriberto Hernandez OF Andrew Benintendi OF Esteury Ruiz P Logan Gilbert P Kevin Gausman SS Colson Montgomery,,,
1623,5205231127,Pinneyaj,0,84.9,1B Vladimir Guerrero Jr. 2B Marcus Semien 3B Kazuma Okamoto C Alejandro Kirk OF George Springer OF A.J. Ewing OF Carson Benge P Logan Gilbert P Kevin Gausman SS Francisco Lindor,,,
1623,5205259197,kozy6813 (3/20),0,84.9,1B Ryan Vilade 2B Marcus Semien 3B Yandy Diaz C Alejandro Kirk OF Jonny DeLuca OF Victor Mesa Jr. OF Heriberto Hernandez P Logan Gilbert P Kevin Gausman SS Otto Lopez,,,
1623,5205377259,THEOSUKusch,0,84.9,1B Vladimir Guerrero Jr. 2B Marcus Semien 3B Junior Caminero C Mitch Garver OF Julio Rodriguez OF George Springer OF Carson Benge P Logan Gilbert P Kevin Gausman SS Colt Emerson,,,
1623,5205383240,ImaDonk11 (14/20),0,84.9,1B Yandy Diaz 2B Luis Urias 3B Kazuma Okamoto C Nick Fortes OF George Springer OF Victor Mesa Jr. OF Esteury Ruiz P Logan Gilbert P Kevin Gausman SS Ernie Clement,,,
1623,5205415459,BuckeyeCity (5/20),0,84.9,1B Vladimir Guerrero Jr. 2B Luis Urias 3B Kazuma Okamoto C Alejandro Kirk OF George Springer OF A.J. Ewing OF Carson Benge P Logan Gilbert P Kevin Gausman SS Francisco Lindor,,,
1623,5205524184,mattmoss12 (9/20),0,84.9,1B Vladimir Guerrero Jr. 2B Luis Urias 3B Miguel Vargas C Alejandro Kirk OF George Springer OF Heriberto Hernandez OF Daulton Varsho P Logan Gilbert P Kevin Gausman SS Colson Montgomery,,,
1623,5205526757,chris661,0,84.9,1B Kyle Stowers 2B Cole Young 3B Blaze Jordan C Jimmy Crooks OF Jordan Walker OF Sam Antonacci OF George Springer P Logan Gilbert P Kevin Gausman SS Taylor Walls,,,
1623,5205539022,RScholl (2/3),0,84.9,1B Vladimir Guerrero Jr. 2B Ernie Clement 3B Brett Baty C Nick Fortes OF Julio Rodriguez OF George Springer OF A.J. Ewing P Logan Gilbert P Kevin Gausman SS Francisco Lindor,,,
1636,5204944111,Sammy.Boy (20/20),0,84.7,1B Royce Lewis 2B Kody Clemens 3B Kazuma Okamoto C Ryan Jeffers OF Chandler Simpson OF Trevor Larnach OF Heriberto Hernandez P Drew Rasmussen P Connor Prielipp SS Ryan Kreidler,,,
1636,5205072088,Wanna_Square_Up1567 (11/20),0,84.7,1B Vladimir Guerrero Jr. 2B Royce Lewis 3B Junior Caminero C Alejandro Kirk OF Jonny DeLuca OF Chandler Simpson OF Victor Mesa Jr. P Drew Rasmussen P Connor Prielipp SS Ben Williamson,,,
1636,5205176736,pete1217,0,84.7,1B Royce Lewis 2B Kody Clemens 3B Brooks Lee C Ivan Herrera OF Jordan Walker OF Trevor Larnach OF Luke Keaschall P Zac Thornton P Connor Prielipp SS Otto Lopez,,,
1636,5205200448,rsumrall (6/20),0,84.7,1B Alec Burleson 2B JJ Wetherholt 3B Bo Bichette C Ivan Herrera OF A.J. Ewing OF Carson Benge OF Heriberto Hernandez P Drew Rasmussen P Connor Prielipp SS Francisco Lindor,,,
1636,5205286565,FoxyGrandpa252 (4/20),0,84.7,1B Alec Burleson 2B JJ Wetherholt 3B Blaze Jordan C Jimmy Crooks OF Jordan Walker OF A.J. Ewing OF Carson Benge P Drew Rasmussen P Connor Prielipp SS Francisco Lindor,,,
1636,5205356512,lklk88088 (17/20),0,84.7,1B Yandy Diaz 2B Royce Lewis 3B Junior Caminero C Victor Caratini OF Kody Clemens OF Trevor Larnach OF Carson Benge P Drew Rasmussen P Connor Prielipp SS Ryan Kreidler,,,
1636,5205384993,PrimeTime420,0,84.7,1B Alec Burleson 2B JJ Wetherholt 3B Kazuma Okamoto C Ivan Herrera OF Jordan Walker OF Heriberto Hernandez OF Ryan Vilade P Drew Rasmussen P Connor Prielipp SS Masyn Winn,,,
1636,5205504057,sportsfan14 (19/20),0,84.7,1B Royce Lewis 2B Kody Clemens 3B Blaze Jordan C Ryan Jeffers OF Jordan Walker OF Lars Nootbaar OF Nathan Church P Drew Rasmussen P Connor Prielipp SS Masyn Winn,,,
1644,5205261843,bmosley21 (2/20),0,84.65,1B Ryan Vilade 2B Cole Young 3B Junior Caminero C Mitch Garver OF Jonny DeLuca OF Dominic Canzone OF Victor Mesa Jr. P Logan Gilbert P Drew Rasmussen SS Ben Williamson,,,
1644,5205276570,HockeyCardsPlus (15/20),0,84.65,1B Vladimir Guerrero Jr. 2B Luis Urias 3B Junior Caminero C Nick Fortes OF Julio Rodriguez OF Chandler Simpson OF Victor Mesa Jr. P Logan Gilbert P Drew Rasmussen SS Taylor Walls,,,
1644,5205283618,bcardwell79 (1/9),0,84.65,1B Jared Young 2B Marcus Semien 3B Kazuma Okamoto C Alejandro Kirk OF Randy Arozarena OF George Springer OF Chandler Simpson P Logan Gilbert P Zac Thornton SS Francisco Lindor,,,
1644,5205461686,Feces,0,84.65,1B Jared Young 2B Xavier Edwards 3B Yandy Diaz C Luis Torrens OF Julio Rodriguez OF A.J. Ewing OF Carson Benge P Logan Gilbert P Drew Rasmussen SS Otto Lopez,,,
1644,5205467822,robbwarren1231 (2/2),0,84.65,1B Alec Burleson 2B JJ Wetherholt 3B Kazuma Okamoto C Nick Fortes OF George Springer OF Lars Nootbaar OF Ryan Vilade P Logan Gilbert P Drew Rasmussen SS Ben Williamson,,,
1644,5205508897,Hide1away,0,84.65,1B Yandy Diaz 2B Luis Urias 3B Junior Caminero C Jimmy Crooks OF Jonny DeLuca OF Chandler Simpson OF Victor Mesa Jr. P Logan Gilbert P Drew Rasmussen SS Colt Emerson,,,
1644,5205524181,mattmoss12 (6/20),0,84.65,1B Jared Young 2B Luis Urias 3B Bo Bichette C Luis Torrens OF Jordan Walker OF Julio Rodriguez OF A.J. Ewing P Logan Gilbert P Drew Rasmussen SS Francisco Lindor,,,
1644,5205525301,Thatjoewillieluck,0,84.65,1B Kyle Stowers 2B Luis Urias 3B Kazuma Okamoto C Cal Raleigh OF Randy Arozarena OF Trevor Larnach OF Carson Benge P Logan Gilbert P Zac Thornton SS Francisco Lindor,,,
1644,5205529374,ItsME2292,0,84.65,1B Ryan Vilade 2B Ernie Clement 3B Brett Baty C Cal Raleigh OF Jordan Walker OF Jonny DeLuca OF Victor Mesa Jr. P Logan Gilbert P Drew Rasmussen SS Masyn Winn,,,
1644,5205538572,slophound,0,84.65,1B Kyle Stowers 2B Marcus Semien 3B Bo Bichette C Cal Raleigh OF Julio Rodriguez OF Victor Mesa Jr. OF Ryan Vilade P Logan Gilbert P Drew Rasmussen SS Francisco Lindor,,,
1654,5205383246,ImaDonk11 (20/20),0,84.35,1B Alec Burleson 2B JJ Wetherholt 3B Kazuma Okamoto C Alejandro Kirk OF Jordan Walker OF Lars Nootbaar OF Tyrone Taylor P Logan Gilbert P Connor Prielipp SS Masyn Winn,,,
1654,5205454034,Juan1226 (11/20),0,84.35,1B Jared Young 2B Royce Lewis 3B Bo Bichette C Ryan Jeffers OF Jordan Walker OF A.J. Ewing OF Tyrone Taylor P Drew Rasmussen P Quinn Mathews SS Francisco Lindor,,,
1654,5205504049,sportsfan14 (11/20),0,84.35,1B Josh Naylor 2B JJ Wetherholt 3B Weston Wilson C Cal Raleigh OF Jordan Walker OF Julio Rodriguez OF Dominic Canzone P Drew Rasmussen P Quinn Mathews SS Otto Lopez,,,
1654,5205531879,MicheW,0,84.35,1B Vladimir Guerrero Jr. 2B Ernie Clement 3B Junior Caminero C Alejandro Kirk OF George Springer OF Jonny DeLuca OF Daulton Varsho P Logan Gilbert P Connor Prielipp SS Taylor Walls,,,
1658,5205037763,Papia27 (1/2),0,84.25,1B Vladimir Guerrero Jr. 2B Chase Meidroth 3B Bo Bichette C Alejandro Kirk OF Randy Arozarena OF Julio Rodriguez OF Dominic Canzone P Zac Thornton P Kevin Gausman SS Ernie Clement,,,
1658,5205505188,KingTerryPegula (5/20),0,84.25,1B Yandy Diaz 2B Ben Williamson 3B Junior Caminero C Mitch Garver OF Jonny DeLuca OF Chandler Simpson OF Weston Wilson P Drew Rasmussen P Kevin Gausman SS Francisco Lindor,,,
1658,5205505192,KingTerryPegula (9/20),0,84.25,1B Vladimir Guerrero Jr. 2B Ben Williamson 3B Junior Caminero C Nick Fortes OF Julio Rodriguez OF Chandler Simpson OF Ryan Vilade P Drew Rasmussen P Kevin Gausman SS Francisco Lindor,,,
1661,5205266765,Uncas,0,84,1B Alec Burleson 2B Cole Young 3B Kazuma Okamoto C Liam Hicks OF A.J. Ewing OF Carson Benge OF Dominic Canzone P Drew Rasmussen P Zac Thornton SS Ernie Clement,,,
1661,5205477799,cwthrow24 (9/20),0,84,1B Royce Lewis 2B JJ Wetherholt 3B Brooks Lee C Victor Caratini OF Kody Clemens OF Julio Rodriguez OF Luke Keaschall P Drew Rasmussen P Zac Thornton SS Colt Emerson,,,
1661,5205477803,cwthrow24 (13/20),0,84,1B Alec Burleson 2B Luis Urias 3B Kazuma Okamoto C Ivan Herrera OF Jordan Walker OF Julio Rodriguez OF Lars Nootbaar P Drew Rasmussen P Zac Thornton SS Masyn Winn,,,
1661,5205500576,johnbrock636 (2/3),0,84,1B Alec Burleson 2B JJ Wetherholt 3B Bo Bichette C Liam Hicks OF Heriberto Hernandez OF Esteury Ruiz OF Nathan Church P Logan Gilbert P Quinn Mathews SS Francisco Lindor,,,
1665,5205123399,az350z (2/20),0,83.95,1B Kyle Stowers 2B Xavier Edwards 3B Brooks Lee C Ryan Jeffers OF A.J. Ewing OF Heriberto Hernandez OF Esteury Ruiz P Kevin Gausman P Connor Prielipp SS Otto Lopez,,,
1665,5205261857,bmosley21 (16/20),0,83.95,1B Yandy Diaz 2B Ben Williamson 3B Junior Caminero C Nick Fortes OF Jonny DeLuca OF Heriberto Hernandez OF Esteury Ruiz P Kevin Gausman P Connor Prielipp SS Otto Lopez,,,
1665,5205285027,mrclean913 (2/20),0,83.95,1B Munetaka Murakami 2B Xavier Edwards 3B Junior Caminero C Liam Hicks OF Heriberto Hernandez OF Andrew Benintendi OF Griffin Conine P Kevin Gausman P Connor Prielipp SS Otto Lopez,,,
1668,5204975423,Ango0221 (5/20),0,83.9,1B Ryan Vilade 2B Marcus Semien 3B Junior Caminero C Liam Hicks OF A.J. Ewing OF Carson Benge OF Tyrone Taylor P Logan Gilbert P Kevin Gausman SS Francisco Lindor,,,
1668,5205013020,thundrenterprises (18/20),0,83.9,1B Vladimir Guerrero Jr. 2B Luis Urias 3B Kazuma Okamoto C Alejandro Kirk OF Sam Antonacci OF Heriberto Hernandez OF Daulton Varsho P Logan Gilbert P Kevin Gausman SS Otto Lopez,,,
1668,5205090285,drunkonpappy (11/20),0,83.9,1B Munetaka Murakami 2B Luis Urias 3B Miguel Vargas C Edgar Quero OF Sam Antonacci OF Heriberto Hernandez OF Esteury Ruiz P Logan Gilbert P Kevin Gausman SS Otto Lopez,,,
1668,5205090287,drunkonpappy (13/20),0,83.9,1B Vladimir Guerrero Jr. 2B Luis Urias 3B Kazuma Okamoto C Alejandro Kirk OF Sam Antonacci OF George Springer OF A.J. Ewing P Logan Gilbert P Kevin Gausman SS Francisco Lindor,,,
1668,5205133063,Aoteoroa (1/6),0,83.9,1B Josh Naylor 2B Cole Young 3B Yandy Diaz C Cal Raleigh OF Jonny DeLuca OF Carson Benge OF Dominic Canzone P Logan Gilbert P Kevin Gausman SS Francisco Lindor,,,
1668,5205133072,Aoteoroa (4/6),0,83.9,1B Josh Naylor 2B Cole Young 3B Yandy Diaz C Cal Raleigh OF Jonny DeLuca OF Carson Benge OF Dominic Canzone P Logan Gilbert P Kevin Gausman SS Francisco Lindor,,,
1668,5205136274,Caryg07 (5/20),0,83.9,1B Vladimir Guerrero Jr. 2B Luis Urias 3B Kazuma Okamoto C Alejandro Kirk OF Sam Antonacci OF George Springer OF A.J. Ewing P Logan Gilbert P Kevin Gausman SS Francisco Lindor,,,
1668,5205158179,LOCNOTM (10/20),0,83.9,1B Kyle Stowers 2B Xavier Edwards 3B Miguel Vargas C Liam Hicks OF Sam Antonacci OF Heriberto Hernandez OF Andrew Benintendi P Logan Gilbert P Kevin Gausman SS Javier Sanoja,,,
1668,5205251610,uvajay (3/20),0,83.9,1B Vladimir Guerrero Jr. 2B Luis Urias 3B Kazuma Okamoto C Cal Raleigh OF Julio Rodriguez OF George Springer OF Daulton Varsho P Logan Gilbert P Kevin Gausman SS Francisco Lindor,,,
1668,5205282937,rschindler14 (17/20),0,83.9,1B Josh Naylor 2B Luis Urias 3B Junior Caminero C Mitch Garver OF Julio Rodriguez OF Jonny DeLuca OF Chandler Simpson P Logan Gilbert P Kevin Gausman SS Francisco Lindor,,,
1668,5205406867,james_thiel (18/20),0,83.9,1B Kyle Stowers 2B Marcus Semien 3B Bo Bichette C Cal Raleigh OF A.J. Ewing OF Heriberto Hernandez OF Tyrone Taylor P Logan Gilbert P Kevin Gausman SS Francisco Lindor,,,
1668,5205534636,eagles5016 (13/20),0,83.9,1B Jared Young 2B Marcus Semien 3B Miguel Vargas C Mitch Garver OF Randy Arozarena OF Julio Rodriguez OF Dominic Canzone P Logan Gilbert P Kevin Gausman SS Colson Montgomery,,,
1680,5205034462,iBFlexSin (2/2),0,83.7,1B Royce Lewis 2B JJ Wetherholt 3B Junior Caminero C Nick Fortes OF Kody Clemens OF Trevor Larnach OF Ryan Vilade P Drew Rasmussen P Connor Prielipp SS Francisco Lindor,,,
1680,5205132402,KristianFTM (20/20),0,83.7,1B Royce Lewis 2B Ernie Clement 3B Kazuma Okamoto C Ryan Jeffers OF Jordan Walker OF Trevor Larnach OF Austin Martin P Drew Rasmussen P Connor Prielipp SS Ryan Kreidler,,,
1680,5205188745,Ryro39,0,83.7,1B Royce Lewis 2B Ernie Clement 3B Bo Bichette C Victor Caratini OF Jordan Walker OF Kody Clemens OF Julio Rodriguez P Drew Rasmussen P Connor Prielipp SS Francisco Lindor,,,
1680,5205458355,ac919 (2/7),0,83.7,1B Royce Lewis 2B Xavier Edwards 3B Junior Caminero C Ivan Herrera OF A.J. Ewing OF Carson Benge OF Heriberto Hernandez P Drew Rasmussen P Connor Prielipp SS Otto Lopez,,,
1680,5205465876,BigMart11 (11/20),0,83.7,1B Vladimir Guerrero Jr. 2B JJ Wetherholt 3B Kazuma Okamoto C Ryan Jeffers OF Daulton Varsho OF Myles Straw OF Davis Schneider P Drew Rasmussen P Connor Prielipp SS Otto Lopez,,,
1680,5205467171,ralphgonzo10 (2/5),0,83.7,1B Yandy Diaz 2B JJ Wetherholt 3B Junior Caminero C Jimmy Crooks OF Jonny DeLuca OF A.J. Ewing OF Lars Nootbaar P Drew Rasmussen P Connor Prielipp SS Masyn Winn,,,
1680,5205492048,mariobr1709 (1/20),0,83.7,1B Vladimir Guerrero Jr. 2B JJ Wetherholt 3B Kazuma Okamoto C Alejandro Kirk OF Jordan Walker OF Lars Nootbaar OF Nathan Church P Drew Rasmussen P Connor Prielipp SS Ernie Clement,,,
1680,5205526946,Grnder_786 (4/20),0,83.7,1B Jared Young 2B Marcus Semien 3B Junior Caminero C Ryan Jeffers OF A.J. Ewing OF Trevor Larnach OF Carson Benge P Drew Rasmussen P Connor Prielipp SS Francisco Lindor,,,
1688,5204944097,Sammy.Boy (6/20),0,83.65,1B Jared Young 2B Marcus Semien 3B Bo Bichette C Cal Raleigh OF Julio Rodriguez OF Chandler Simpson OF Carson Benge P Logan Gilbert P Drew Rasmussen SS Francisco Lindor,,,
1688,5205131947,20blks,0,83.65,1B Jared Young 2B Brett Baty 3B Javier Sanoja C Cal Raleigh OF Jordan Walker OF Randy Arozarena OF Daulton Varsho P Logan Gilbert P Zac Thornton SS Francisco Lindor,,,
1688,5205132396,KristianFTM (14/20),0,83.65,1B Jared Young 2B Cole Young 3B Bo Bichette C Cal Raleigh OF A.J. Ewing OF Carson Benge OF Dominic Canzone P Logan Gilbert P Drew Rasmussen SS Francisco Lindor,,,
1688,5205291400,meyers2305 (1/20),0,83.65,1B Yandy Diaz 2B Ernie Clement 3B Junior Caminero C Nick Fortes OF Chandler Simpson OF Daulton Varsho OF Myles Straw P Logan Gilbert P Drew Rasmussen SS Taylor Walls,,,
1688,5205320673,Velllo (12/20),0,83.65,1B Jared Young 2B Marcus Semien 3B Bo Bichette C Cal Raleigh OF Julio Rodriguez OF Chandler Simpson OF Carson Benge P Logan Gilbert P Drew Rasmussen SS Francisco Lindor,,,
1688,5205320680,Velllo (19/20),0,83.65,1B Jared Young 2B Brett Baty 3B Bo Bichette C Cal Raleigh OF Julio Rodriguez OF A.J. Ewing OF Carson Benge P Logan Gilbert P Drew Rasmussen SS Otto Lopez,,,
1688,5205364078,zandwich (5/20),0,83.65,1B Jared Young 2B Cole Young 3B Bo Bichette C Cal Raleigh OF A.J. Ewing OF Carson Benge OF Dominic Canzone P Logan Gilbert P Drew Rasmussen SS Francisco Lindor,,,
1688,5205397662,jackson_0824 (1/5),0,83.65,1B Jared Young 2B Cole Young 3B Kazuma Okamoto C Cal Raleigh OF Jonny DeLuca OF Chandler Simpson OF Victor Mesa Jr. P Logan Gilbert P Drew Rasmussen SS Francisco Lindor,,,
1688,5205428311,johnphelps33,0,83.65,1B Yandy Diaz 2B Ernie Clement 3B Kazuma Okamoto C Alejandro Kirk OF A.J. Ewing OF Ryan Vilade OF Weston Wilson P Logan Gilbert P Drew Rasmussen SS Francisco Lindor,,,
1688,5205460964,BChap71 (2/2),0,83.65,1B Jared Young 2B Royce Lewis 3B Kazuma Okamoto C Liam Hicks OF Kody Clemens OF Carson Benge OF Heriberto Hernandez P Logan Gilbert P Drew Rasmussen SS Ben Williamson,,,
1688,5205511174,ndesmarais97 (19/20),0,83.65,1B Yandy Diaz 2B Luis Urias 3B Junior Caminero C Nick Fortes OF Chandler Simpson OF Carson Benge OF Heriberto Hernandez P Logan Gilbert P Drew Rasmussen SS Taylor Walls,,,
1688,5205524113,xTRISKITx (13/20),0,83.65,1B Kyle Stowers 2B Xavier Edwards 3B Kazuma Okamoto C Luis Torrens OF A.J. Ewing OF Carson Benge OF Heriberto Hernandez P Logan Gilbert P Drew Rasmussen SS Otto Lopez,,,
1700,5205152530,kafedaiv (11/20),0,83.5,1B Kyle Stowers 2B JJ Wetherholt 3B Brooks Lee C Ryan Jeffers OF Jordan Walker OF Julio Rodriguez OF Luke Keaschall P Quinn Mathews P Tyler Phillips SS Otto Lopez,,,
1701,5205530140,fatboi23420,0,83.4,1B Josh Naylor 2B Ben Williamson 3B Junior Caminero C Cal Raleigh OF Kody Clemens OF Randy Arozarena OF George Springer P Kevin Gausman P Tyler Phillips SS Colson Montgomery,,,
1702,5205045883,JamoDab2232 (1/6),0,83.35,1B Vladimir Guerrero Jr. 2B Marcus Semien 3B Junior Caminero C Alejandro Kirk OF George Springer OF Carson Benge OF Daulton Varsho P Logan Gilbert P Connor Prielipp SS Francisco Lindor,,,
1702,5205161064,PresidentLeach,0,83.35,1B Alec Burleson 2B Marcus Semien 3B Yandy Diaz C Ivan Herrera OF A.J. Ewing OF Carson Benge OF Tyrone Taylor P Logan Gilbert P Connor Prielipp SS Francisco Lindor,,,
1702,5205243756,slappey22 (1/5),0,83.35,1B Munetaka Murakami 2B Xavier Edwards 3B Kazuma Okamoto C Alejandro Kirk OF Sam Antonacci OF George Springer OF Daulton Varsho P Logan Gilbert P Connor Prielipp SS Javier Sanoja,,,
1702,5205258052,charlesrayallday,0,83.35,1B Alec Burleson 2B Marcus Semien 3B Miguel Vargas C Alejandro Kirk OF George Springer OF A.J. Ewing OF Heriberto Hernandez P Logan Gilbert P Connor Prielipp SS Francisco Lindor,,,
1702,5205283768,Dhadron (16/20),0,83.35,1B Munetaka Murakami 2B Xavier Edwards 3B Leo Jimenez C Liam Hicks OF A.J. Ewing OF Heriberto Hernandez OF Tyrone Taylor P Logan Gilbert P Connor Prielipp SS Otto Lopez,,,
1702,5205511159,ndesmarais97 (4/20),0,83.35,1B Yandy Diaz 2B Ernie Clement 3B Kazuma Okamoto C Alejandro Kirk OF George Springer OF Heriberto Hernandez OF Daulton Varsho P Logan Gilbert P Connor Prielipp SS Francisco Lindor,,,
1702,5205518678,qazws0,0,83.35,1B Alec Burleson 2B JJ Wetherholt 3B Kazuma Okamoto C Mitch Garver OF Jordan Walker OF Daulton Varsho OF Myles Straw P Drew Rasmussen P Quinn Mathews SS Masyn Winn,,,
1702,5205523467,bownuts611 (1/6),0,83.35,1B Kyle Stowers 2B Kody Clemens 3B Bo Bichette C Cal Raleigh OF Randy Arozarena OF Sam Antonacci OF George Springer P Zac Thornton P Noah Schultz SS Otto Lopez,,,
1710,5205192959,masonplays2014 (9/20),0,83.25,1B Yandy Diaz 2B Brett Baty 3B Bo Bichette C Cal Raleigh OF Julio Rodriguez OF A.J. Ewing OF Carson Benge P Drew Rasmussen P Kevin Gausman SS Francisco Lindor,,,
1710,5205204423,UniversalFriend (18/20),0,83.25,1B Josh Naylor 2B Royce Lewis 3B Junior Caminero C Nick Fortes OF Julio Rodriguez OF Chandler Simpson OF Victor Mesa Jr. P Drew Rasmussen P Kevin Gausman SS Taylor Walls,,,
1710,5205329889,bcardwell79 (9/9),0,83.25,1B Vladimir Guerrero Jr. 2B Cole Young 3B Kazuma Okamoto C Cal Raleigh OF Randy Arozarena OF Julio Rodriguez OF Dominic Canzone P Zac Thornton P Kevin Gausman SS Francisco Lindor,,,
1710,5205434951,stevenhenry43211 (12/14),0,83.25,1B Royce Lewis 2B Kody Clemens 3B Brooks Lee C Ryan Jeffers OF Chandler Simpson OF Dominic Canzone OF Weston Wilson P Drew Rasmussen P Kevin Gausman SS Ernie Clement,,,
1710,5205505185,KingTerryPegula (2/20),0,83.25,1B Kyle Stowers 2B Ernie Clement 3B Junior Caminero C Mitch Garver OF A.J. Ewing OF Chandler Simpson OF Weston Wilson P Drew Rasmussen P Kevin Gausman SS Francisco Lindor,,,
1715,5205282921,rschindler14 (1/20),0,83,1B Kyle Stowers 2B Xavier Edwards 3B Yandy Diaz C Cal Raleigh OF Julio Rodriguez OF Heriberto Hernandez OF Esteury Ruiz P Logan Gilbert P Quinn Mathews SS Otto Lopez,,,
1715,5205383237,ImaDonk11 (11/20),0,83,1B Josh Naylor 2B Brett Baty 3B Bo Bichette C Cal Raleigh OF Randy Arozarena OF Julio Rodriguez OF Dominic Canzone P Logan Gilbert P Quinn Mathews SS Francisco Lindor,,,
1715,5205389319,Chadg20 (18/20),0,83,1B Alec Burleson 2B Xavier Edwards 3B Leo Jimenez C Liam Hicks OF Jordan Walker OF A.J. Ewing OF Esteury Ruiz P Logan Gilbert P Quinn Mathews SS Otto Lopez,,,
1715,5205454389,DBHayes76,0,83,1B Yandy Diaz 2B JJ Wetherholt 3B Brooks Lee C Ivan Herrera OF Julio Rodriguez OF Carson Benge OF Dominic Canzone P Logan Gilbert P Noah Schultz SS Masyn Winn,,,
1715,5205515152,dfwtsx08 (10/10),0,83,1B Alec Burleson 2B Luis Urias 3B Kazuma Okamoto C Alejandro Kirk OF George Springer OF Chandler Simpson OF Victor Mesa Jr. P Drew Rasmussen P Zac Thornton SS Ernie Clement,,,
1715,5205534860,FUBAR10,0,83,1B Josh Naylor 2B Xavier Edwards 3B Yandy Diaz C Mitch Garver OF Julio Rodriguez OF A.J. Ewing OF Carson Benge P Drew Rasmussen P Zac Thornton SS Otto Lopez,,,
1721,5205258413,pthorpe25 (1/7),0,82.95,1B Royce Lewis 2B Ernie Clement 3B Brooks Lee C Victor Caratini OF Sam Antonacci OF George Springer OF Luke Keaschall P Kevin Gausman P Connor Prielipp SS Ryan Kreidler,,,
1721,5205261856,bmosley21 (15/20),0,82.95,1B Yandy Diaz 2B Xavier Edwards 3B Junior Caminero C Liam Hicks OF Heriberto Hernandez OF Esteury Ruiz OF Ryan Vilade P Kevin Gausman P Connor Prielipp SS Otto Lopez,,,
1721,5205462430,kcroyalfan (3/20),0,82.95,1B Vladimir Guerrero Jr. 2B Ernie Clement 3B Junior Caminero C Liam Hicks OF George Springer OF A.J. Ewing OF Lars Nootbaar P Kevin Gausman P Connor Prielipp SS Francisco Lindor,,,
1721,5205462437,kcroyalfan (10/20),0,82.95,1B Vladimir Guerrero Jr. 2B Ernie Clement 3B Bo Bichette C Alejandro Kirk OF Jordan Walker OF Sam Antonacci OF George Springer P Kevin Gausman P Connor Prielipp SS Francisco Lindor,,,
1721,5205474118,cachedinar (19/20),0,82.95,1B Munetaka Murakami 2B Marcus Semien 3B Junior Caminero C Ryan Jeffers OF Kody Clemens OF Daulton Varsho OF Tyrone Taylor P Kevin Gausman P Connor Prielipp SS Javier Sanoja,,,
1726,5204944096,Sammy.Boy (5/20),0,82.9,1B Kyle Stowers 2B Xavier Edwards 3B Junior Caminero C Mitch Garver OF Victor Mesa Jr. OF Heriberto Hernandez OF Esteury Ruiz P Logan Gilbert P Kevin Gausman SS Otto Lopez,,,
1726,5205025417,tbjones2121 (9/20),0,82.9,1B Vladimir Guerrero Jr. 2B Luis Urias 3B Kazuma Okamoto C Alejandro Kirk OF Julio Rodriguez OF Dominic Canzone OF Daulton Varsho P Logan Gilbert P Kevin Gausman SS Francisco Lindor,,,
1726,5205101733,welchy81 (10/20),0,82.9,1B Jared Young 2B Brett Baty 3B Bo Bichette C Cal Raleigh OF Randy Arozarena OF Julio Rodriguez OF A.J. Ewing P Logan Gilbert P Kevin Gausman SS Francisco Lindor,,,
1726,5205170866,love245555 (7/20),0,82.9,1B Kyle Stowers 2B Xavier Edwards 3B Bo Bichette C Liam Hicks OF A.J. Ewing OF Carson Benge OF Heriberto Hernandez P Logan Gilbert P Kevin Gausman SS Otto Lopez,,,
1726,5205200445,rsumrall (3/20),0,82.9,1B Vladimir Guerrero Jr. 2B Luis Urias 3B Kazuma Okamoto C Cal Raleigh OF Julio Rodriguez OF George Springer OF Dominic Canzone P Logan Gilbert P Kevin Gausman SS Francisco Lindor,,,
1726,5205223472,brianbrandon71 (1/2),0,82.9,1B Jared Young 2B Brett Baty 3B Bo Bichette C Cal Raleigh OF Randy Arozarena OF Julio Rodriguez OF A.J. Ewing P Logan Gilbert P Kevin Gausman SS Francisco Lindor,,,
1726,5205236842,rhdjr1970,0,82.9,1B Yandy Diaz 2B Luis Urias 3B Kazuma Okamoto C Alejandro Kirk OF George Springer OF A.J. Ewing OF Carson Benge P Logan Gilbert P Kevin Gausman SS Francisco Lindor,,,
1726,5205390294,JTFarley (5/5),0,82.9,1B Vladimir Guerrero Jr. 2B Marcus Semien 3B Bo Bichette C Cal Raleigh OF George Springer OF Carson Benge OF Heriberto Hernandez P Logan Gilbert P Kevin Gausman SS Francisco Lindor,,,
1726,5205402082,rybutts13,0,82.9,1B Kyle Stowers 2B Xavier Edwards 3B Bo Bichette C Liam Hicks OF A.J. Ewing OF Carson Benge OF Heriberto Hernandez P Logan Gilbert P Kevin Gausman SS Otto Lopez,,,
1726,5205457849,swiftyjb (2/2),0,82.9,1B Vladimir Guerrero Jr. 2B Xavier Edwards 3B Javier Sanoja C Cal Raleigh OF A.J. Ewing OF Carson Benge OF Heriberto Hernandez P Logan Gilbert P Kevin Gausman SS Francisco Lindor,,,
1726,5205473646,henry296 (10/20),0,82.9,1B Vladimir Guerrero Jr. 2B Brett Baty 3B Bo Bichette C Alejandro Kirk OF George Springer OF A.J. Ewing OF Carson Benge P Logan Gilbert P Kevin Gausman SS Francisco Lindor,,,
1726,5205517750,Schlaurizzle (13/20),0,82.9,1B Vladimir Guerrero Jr. 2B Brett Baty 3B Bo Bichette C Alejandro Kirk OF George Springer OF A.J. Ewing OF Carson Benge P Logan Gilbert P Kevin Gausman SS Francisco Lindor,,,
1738,5205523506,Briguy20181 (1/4),0,82.85,1B Kyle Stowers 2B Marcus Semien 3B Junior Caminero C Alejandro Kirk OF Jordan Walker OF Kody Clemens OF Randy Arozarena P Connor Prielipp P Tyler Phillips SS Colson Montgomery,,,
1738,5205523702,Briguy20181 (2/4),0,82.85,1B Kyle Stowers 2B Marcus Semien 3B Junior Caminero C Alejandro Kirk OF Jordan Walker OF Kody Clemens OF Randy Arozarena P Connor Prielipp P Tyler Phillips SS Colson Montgomery,,,
1738,5205527204,Briguy20181 (3/4),0,82.85,1B Kyle Stowers 2B Marcus Semien 3B Junior Caminero C Alejandro Kirk OF Jordan Walker OF Kody Clemens OF Randy Arozarena P Connor Prielipp P Tyler Phillips SS Colson Montgomery,,,
1738,5205527225,Briguy20181 (4/4),0,82.85,1B Kyle Stowers 2B Marcus Semien 3B Junior Caminero C Alejandro Kirk OF Jordan Walker OF Kody Clemens OF Randy Arozarena P Connor Prielipp P Tyler Phillips SS Colson Montgomery,,,
1742,5205164686,etrigg63,0,82.8,1B Munetaka Murakami 2B Ben Williamson 3B Javier Sanoja C Cal Raleigh OF Jordan Walker OF Sam Antonacci OF Jonny DeLuca P Logan Gilbert P Tyler Phillips SS Masyn Winn,,,
1743,5205089559,SeanDre (3/20),0,82.7,1B Royce Lewis 2B Luis Urias 3B Brooks Lee C Ryan Jeffers OF Jordan Walker OF Kody Clemens OF Nathan Church P Drew Rasmussen P Connor Prielipp SS Ryan Kreidler,,,
1743,5205151701,acerun34,0,82.7,1B Jared Young 2B Xavier Edwards 3B Brooks Lee C Ryan Jeffers OF Kody Clemens OF George Springer OF Chandler Simpson P Drew Rasmussen P Connor Prielipp SS Ernie Clement,,,
1743,5205453269,mg3era,0,82.7,1B Kyle Stowers 2B Cole Young 3B Junior Caminero C Ryan Jeffers OF Dominic Canzone OF Andrew Benintendi OF Daulton Varsho P Drew Rasmussen P Connor Prielipp SS Francisco Lindor,,,
1743,5205465867,BigMart11 (2/20),0,82.7,1B Ryan Vilade 2B Royce Lewis 3B Yandy Diaz C Ivan Herrera OF Jonny DeLuca OF Chandler Simpson OF Victor Mesa Jr. P Drew Rasmussen P Connor Prielipp SS Francisco Lindor,,,
1743,5205515147,dfwtsx08 (5/10),0,82.7,1B Vladimir Guerrero Jr. 2B JJ Wetherholt 3B Yandy Diaz C Nick Fortes OF Jordan Walker OF Jonny DeLuca OF Victor Mesa Jr. P Drew Rasmussen P Connor Prielipp SS Taylor Walls,,,
1748,5204956836,Snyp1414 (1/2),0,82.65,1B Jared Young 2B Cole Young 3B Bo Bichette C Cal Raleigh OF A.J. Ewing OF Chandler Simpson OF Carson Benge P Logan Gilbert P Drew Rasmussen SS Francisco Lindor,,,
1748,5204975436,Ango0221 (18/20),0,82.65,1B Jared Young 2B Marcus Semien 3B Junior Caminero C Luis Torrens OF George Springer OF A.J. Ewing OF Ryan Vilade P Logan Gilbert P Drew Rasmussen SS Francisco Lindor,,,
1748,5205200462,rsumrall (20/20),0,82.65,1B Jared Young 2B Cole Young 3B Yandy Diaz C Cal Raleigh OF Julio Rodriguez OF Chandler Simpson OF Victor Mesa Jr. P Logan Gilbert P Drew Rasmussen SS Taylor Walls,,,
1748,5205201666,MajerlesMantle (2/2),0,82.65,1B Jared Young 2B Xavier Edwards 3B Bo Bichette C Alejandro Kirk OF A.J. Ewing OF Carson Benge OF Dominic Canzone P Logan Gilbert P Drew Rasmussen SS Francisco Lindor,,,
1748,5205232957,madballnj (2/20),0,82.65,1B Jared Young 2B JJ Wetherholt 3B Bo Bichette C Luis Torrens OF Julio Rodriguez OF Carson Benge OF Heriberto Hernandez P Logan Gilbert P Drew Rasmussen SS Francisco Lindor,,,
1748,5205336718,kchomer,0,82.65,1B Josh Naylor 2B Xavier Edwards 3B Bo Bichette C Cal Raleigh OF Dominic Canzone OF Victor Mesa Jr. OF Heriberto Hernandez P Logan Gilbert P Drew Rasmussen SS Francisco Lindor,,,
1748,5205371860,mrzippy (2/3),0,82.65,1B Yandy Diaz 2B Ben Williamson 3B Brett Baty C Nick Fortes OF Jonny DeLuca OF A.J. Ewing OF Andrew Benintendi P Logan Gilbert P Drew Rasmussen SS Francisco Lindor,,,
1748,5205411176,Choker12 (2/6),0,82.65,1B Alec Burleson 2B JJ Wetherholt 3B Blaze Jordan C Ivan Herrera OF Randy Arozarena OF Julio Rodriguez OF Weston Wilson P Logan Gilbert P Zac Thornton SS Colt Emerson,,,
1748,5205465879,BigMart11 (14/20),0,82.65,1B Ryan Vilade 2B Cole Young 3B Yandy Diaz C Cal Raleigh OF Julio Rodriguez OF Chandler Simpson OF Victor Mesa Jr. P Logan Gilbert P Drew Rasmussen SS Taylor Walls,,,
1748,5205470974,RelentlessD85 (3/20),0,82.65,1B Yandy Diaz 2B Xavier Edwards 3B Leo Jimenez C Liam Hicks OF Chandler Simpson OF Victor Mesa Jr. OF Heriberto Hernandez P Logan Gilbert P Drew Rasmussen SS Taylor Walls,,,
1748,5205497620,FunkyKong (2/12),0,82.65,1B Ryan Vilade 2B Cole Young 3B Bo Bichette C Cal Raleigh OF Randy Arozarena OF Julio Rodriguez OF Dominic Canzone P Logan Gilbert P Zac Thornton SS Masyn Winn,,,
1759,5205192958,masonplays2014 (8/20),0,82.6,1B Munetaka Murakami 2B Marcus Semien 3B Bo Bichette C Ryan Jeffers OF Randy Arozarena OF A.J. Ewing OF Carson Benge P Kevin Gausman P Noah Schultz SS Francisco Lindor,,,
1760,5205274764,kreller17 (15/20),0,82.4,1B Kyle Stowers 2B Xavier Edwards 3B Miguel Vargas C Ryan Jeffers OF Julio Rodriguez OF Heriberto Hernandez OF Esteury Ruiz P Kevin Gausman P Tyler Phillips SS Otto Lopez,,,
1761,5205001877,Boneyball1018 (3/8),0,82.35,1B Yandy Diaz 2B Cole Young 3B Miguel Vargas C Victor Caratini OF Jordan Walker OF Esteury Ruiz OF Nathan Church P Logan Gilbert P Connor Prielipp SS Otto Lopez,,,
1761,5205089570,SeanDre (14/20),0,82.35,1B Alec Burleson 2B JJ Wetherholt 3B Javier Sanoja C Jimmy Crooks OF Jordan Walker OF Heriberto Hernandez OF Lars Nootbaar P Logan Gilbert P Connor Prielipp SS Ernie Clement,,,
1761,5205090293,drunkonpappy (19/20),0,82.35,1B Kyle Stowers 2B Xavier Edwards 3B Miguel Vargas C Alejandro Kirk OF Sam Antonacci OF Heriberto Hernandez OF Esteury Ruiz P Logan Gilbert P Connor Prielipp SS Otto Lopez,,,
1761,5205250990,Bane2930 (1/2),0,82.35,1B Vladimir Guerrero Jr. 2B Marcus Semien 3B Bo Bichette C Alejandro Kirk OF George Springer OF A.J. Ewing OF Carson Benge P Logan Gilbert P Connor Prielipp SS Francisco Lindor,,,
1761,5205267180,SFN03 (17/20),0,82.35,1B Jared Young 2B JJ Wetherholt 3B Kazuma Okamoto C Alejandro Kirk OF George Springer OF Esteury Ruiz OF Daulton Varsho P Logan Gilbert P Connor Prielipp SS Francisco Lindor,,,
1761,5205405190,SpeedRacer101 (20/20),0,82.35,1B Jared Young 2B Xavier Edwards 3B Miguel Vargas C Liam Hicks OF Jordan Walker OF Heriberto Hernandez OF Esteury Ruiz P Logan Gilbert P Connor Prielipp SS Otto Lopez,,,
1761,5205510865,dfwinscom (8/20),0,82.35,1B Vladimir Guerrero Jr. 2B Luis Urias 3B Kazuma Okamoto C Alejandro Kirk OF Jordan Walker OF George Springer OF Carson Benge P Logan Gilbert P Connor Prielipp SS Francisco Lindor,,,
1761,5205517747,Schlaurizzle (10/20),0,82.35,1B Vladimir Guerrero Jr. 2B Marcus Semien 3B Bo Bichette C Alejandro Kirk OF George Springer OF A.J. Ewing OF Carson Benge P Logan Gilbert P Connor Prielipp SS Francisco Lindor,,,
1769,5205492060,mariobr1709 (13/20),0,82.25,1B Vladimir Guerrero Jr. 2B Cole Young 3B Kazuma Okamoto C Cal Raleigh OF Randy Arozarena OF Julio Rodriguez OF Dominic Canzone P Zac Thornton P Kevin Gausman SS Ernie Clement,,,
1769,5205492884,whip99 (16/20),0,82.25,1B Vladimir Guerrero Jr. 2B Davis Schneider 3B Kazuma Okamoto C Ryan Jeffers OF Randy Arozarena OF George Springer OF Dominic Canzone P Zac Thornton P Kevin Gausman SS Ernie Clement,,,
1771,5204956744,DcSports89 (1/5),0,82,1B Josh Naylor 2B JJ Wetherholt 3B Weston Wilson C Cal Raleigh OF Jordan Walker OF Randy Arozarena OF Dominic Canzone P Logan Gilbert P Quinn Mathews SS Masyn Winn,,,
1771,5205155016,ghosey (2/2),0,82,1B Yandy Diaz 2B Marcus Semien 3B Junior Caminero C Nick Fortes OF George Springer OF Jonny DeLuca OF Carson Benge P Drew Rasmussen P Zac Thornton SS Taylor Walls,,,
1771,5205191704,cowboys767 (9/20),0,82,1B Kyle Stowers 2B Xavier Edwards 3B Javier Sanoja C Cal Raleigh OF Jordan Walker OF Heriberto Hernandez OF Esteury Ruiz P Logan Gilbert P Quinn Mathews SS Colson Montgomery,,,
1771,5205292797,wormlove3 (6/17),0,82,1B Yandy Diaz 2B Kody Clemens 3B Bo Bichette C Edgar Quero OF A.J. Ewing OF Chandler Simpson OF Tyrone Taylor P Drew Rasmussen P Zac Thornton SS Francisco Lindor,,,
1771,5205299325,wormlove3 (12/17),0,82,1B Yandy Diaz 2B Kody Clemens 3B Bo Bichette C Edgar Quero OF A.J. Ewing OF Chandler Simpson OF Tyrone Taylor P Drew Rasmussen P Zac Thornton SS Francisco Lindor,,,
1771,5205463603,cyruscyrus (2/2),0,82,1B Vladimir Guerrero Jr. 2B Brett Baty 3B Kazuma Okamoto C Alejandro Kirk OF George Springer OF A.J. Ewing OF Chandler Simpson P Drew Rasmussen P Zac Thornton SS Francisco Lindor,,,
1771,5205485619,bigpapa65,0,82,1B Vladimir Guerrero Jr. 2B Chase Meidroth 3B Kazuma Okamoto C Alejandro Kirk OF George Springer OF Dominic Canzone OF Lars Nootbaar P Drew Rasmussen P Zac Thornton SS Ernie Clement,,,
1771,5205502044,bignew,0,82,1B Vladimir Guerrero Jr. 2B Luis Urias 3B Bo Bichette C Alejandro Kirk OF Jordan Walker OF George Springer OF Carson Benge P Logan Gilbert P Quinn Mathews SS Francisco Lindor,,,
1779,5204788744,ivymoose (6/20),0,81.95,1B Kyle Stowers 2B Xavier Edwards 3B Leo Jimenez C Ryan Jeffers OF Kody Clemens OF Trevor Larnach OF Heriberto Hernandez P Kevin Gausman P Connor Prielipp SS Javier Sanoja,,,
1779,5205282929,rschindler14 (9/20),0,81.95,1B Vladimir Guerrero Jr. 2B Kody Clemens 3B Yandy Diaz C Alejandro Kirk OF Sam Antonacci OF George Springer OF Daulton Varsho P Kevin Gausman P Connor Prielipp SS Francisco Lindor,,,
1779,5205442673,bbalplay4,0,81.95,1B Munetaka Murakami 2B Royce Lewis 3B Yandy Diaz C Alejandro Kirk OF George Springer OF Jonny DeLuca OF Daulton Varsho P Kevin Gausman P Connor Prielipp SS Colson Montgomery,,,
1779,5205529391,texasnumbercruncher (16/20),0,81.95,1B Vladimir Guerrero Jr. 2B Marcus Semien 3B Kazuma Okamoto C Ryan Jeffers OF George Springer OF A.J. Ewing OF Esteury Ruiz P Kevin Gausman P Connor Prielipp SS Francisco Lindor,,,
1783,5205013006,thundrenterprises (4/20),0,81.9,1B Vladimir Guerrero Jr. 2B Xavier Edwards 3B Yandy Diaz C Nick Fortes OF Jonny DeLuca OF Victor Mesa Jr. OF Heriberto Hernandez P Logan Gilbert P Kevin Gausman SS Otto Lopez,,,
1783,5205158180,LOCNOTM (11/20),0,81.9,1B Kyle Stowers 2B Xavier Edwards 3B Miguel Vargas C Liam Hicks OF Victor Mesa Jr. OF Heriberto Hernandez OF Andrew Benintendi P Logan Gilbert P Kevin Gausman SS Javier Sanoja,,,
1783,5205173865,ttillie (15/20),0,81.9,1B Jared Young 2B Luis Urias 3B Junior Caminero C Alejandro Kirk OF George Springer OF Dominic Canzone OF Victor Mesa Jr. P Logan Gilbert P Kevin Gausman SS Otto Lopez,,,
1783,5205214610,tpyo (5/20),0,81.9,1B Vladimir Guerrero Jr. 2B Luis Urias 3B Kazuma Okamoto C Cal Raleigh OF Kody Clemens OF George Springer OF Daulton Varsho P Logan Gilbert P Kevin Gausman SS Otto Lopez,,,
1783,5205256855,chicksdigthewongball (11/20),0,81.9,1B Jared Young 2B Cole Young 3B Yandy Diaz C Luis Torrens OF Randy Arozarena OF A.J. Ewing OF Carson Benge P Logan Gilbert P Kevin Gausman SS Colson Montgomery,,,
1783,5205268626,Isklebibble (17/20),0,81.9,1B Vladimir Guerrero Jr. 2B Ben Williamson 3B Kazuma Okamoto C Alejandro Kirk OF George Springer OF Chandler Simpson OF Daulton Varsho P Logan Gilbert P Kevin Gausman SS Francisco Lindor,,,
1783,5205282927,rschindler14 (7/20),0,81.9,1B Vladimir Guerrero Jr. 2B Luis Urias 3B Junior Caminero C Cal Raleigh OF George Springer OF Andrew Benintendi OF Myles Straw P Logan Gilbert P Kevin Gausman SS Otto Lopez,,,
1783,5205291405,meyers2305 (6/20),0,81.9,1B Kyle Stowers 2B Xavier Edwards 3B Bo Bichette C Cal Raleigh OF Sam Antonacci OF Heriberto Hernandez OF Esteury Ruiz P Logan Gilbert P Kevin Gausman SS Otto Lopez,,,
1783,5205291415,meyers2305 (16/20),0,81.9,1B Kyle Stowers 2B Xavier Edwards 3B Bo Bichette C Cal Raleigh OF Sam Antonacci OF Heriberto Hernandez OF Esteury Ruiz P Logan Gilbert P Kevin Gausman SS Otto Lopez,,,
1783,5205389316,Chadg20 (15/20),0,81.9,1B Munetaka Murakami 2B Brett Baty 3B Bo Bichette C Alejandro Kirk OF A.J. Ewing OF Daulton Varsho OF Tyrone Taylor P Logan Gilbert P Kevin Gausman SS Francisco Lindor,,,
1783,5205390292,JTFarley (3/5),0,81.9,1B Vladimir Guerrero Jr. 2B Brett Baty 3B Bo Bichette C Cal Raleigh OF Julio Rodriguez OF A.J. Ewing OF Tyrone Taylor P Logan Gilbert P Kevin Gausman SS Francisco Lindor,,,
1783,5205415473,BuckeyeCity (19/20),0,81.9,1B Vladimir Guerrero Jr. 2B Luis Urias 3B Kazuma Okamoto C Alejandro Kirk OF George Springer OF Chandler Simpson OF Victor Mesa Jr. P Logan Gilbert P Kevin Gausman SS Francisco Lindor,,,
1783,5205434325,Choker12 (5/6),0,81.9,1B Ryan Vilade 2B Luis Urias 3B Junior Caminero C Cal Raleigh OF Randy Arozarena OF Julio Rodriguez OF Dominic Canzone P Logan Gilbert P Kevin Gausman SS Ben Williamson,,,
1783,5205534635,eagles5016 (12/20),0,81.9,1B Jared Young 2B Xavier Edwards 3B Miguel Vargas C Edgar Quero OF Randy Arozarena OF Julio Rodriguez OF Heriberto Hernandez P Logan Gilbert P Kevin Gausman SS Colson Montgomery,,,
1797,5205089558,SeanDre (2/20),0,81.7,1B Alec Burleson 2B JJ Wetherholt 3B Leo Jimenez C Ivan Herrera OF Jordan Walker OF Lars Nootbaar OF Daulton Varsho P Drew Rasmussen P Connor Prielipp SS Ernie Clement,,,
1797,5205291406,meyers2305 (7/20),0,81.7,1B Jared Young 2B Kody Clemens 3B Bo Bichette C Ryan Jeffers OF A.J. Ewing OF Trevor Larnach OF Carson Benge P Drew Rasmussen P Connor Prielipp SS Francisco Lindor,,,
1797,5205291408,meyers2305 (9/20),0,81.7,1B Jared Young 2B Kody Clemens 3B Bo Bichette C Ryan Jeffers OF A.J. Ewing OF Trevor Larnach OF Carson Benge P Drew Rasmussen P Connor Prielipp SS Francisco Lindor,,,
1797,5205291417,meyers2305 (18/20),0,81.7,1B Jared Young 2B Kody Clemens 3B Bo Bichette C Ryan Jeffers OF A.J. Ewing OF Trevor Larnach OF Carson Benge P Drew Rasmussen P Connor Prielipp SS Francisco Lindor,,,
1797,5205383227,ImaDonk11 (1/20),0,81.7,1B Alec Burleson 2B Kody Clemens 3B Kazuma Okamoto C Ivan Herrera OF Carson Benge OF Heriberto Hernandez OF Nathan Church P Drew Rasmussen P Connor Prielipp SS Francisco Lindor,,,
1797,5205454033,Juan1226 (10/20),0,81.7,1B Alec Burleson 2B JJ Wetherholt 3B Yandy Diaz C Ivan Herrera OF Jonny DeLuca OF Chandler Simpson OF Ryan Vilade P Drew Rasmussen P Connor Prielipp SS Ben Williamson,,,
1797,5205454041,Juan1226 (18/20),0,81.7,1B Jared Young 2B Kody Clemens 3B Bo Bichette C Ryan Jeffers OF A.J. Ewing OF Trevor Larnach OF Carson Benge P Drew Rasmussen P Connor Prielipp SS Francisco Lindor,,,
1804,5205142739,SigMonster42,0,81.65,1B Josh Naylor 2B Xavier Edwards 3B Kazuma Okamoto C Mitch Garver OF A.J. Ewing OF Carson Benge OF Lars Nootbaar P Logan Gilbert P Drew Rasmussen SS Francisco Lindor,,,
1804,5205369734,DaFamRep (2/2),0,81.65,1B Vladimir Guerrero Jr. 2B Cole Young 3B Junior Caminero C Jimmy Crooks OF Chandler Simpson OF Luke Keaschall OF Esteury Ruiz P Logan Gilbert P Zac Thornton SS Francisco Lindor,,,
1804,5205383234,ImaDonk11 (8/20),0,81.65,1B Ryan Vilade 2B Brett Baty 3B Kazuma Okamoto C Alejandro Kirk OF Jonny DeLuca OF Chandler Simpson OF Victor Mesa Jr. P Logan Gilbert P Drew Rasmussen SS Ernie Clement,,,
1804,5205465868,BigMart11 (3/20),0,81.65,1B Kyle Stowers 2B Xavier Edwards 3B Bo Bichette C Luis Torrens OF A.J. Ewing OF Carson Benge OF Heriberto Hernandez P Logan Gilbert P Drew Rasmussen SS Francisco Lindor,,,
1804,5205517285,gerg,0,81.65,1B Jared Young 2B Brett Baty 3B Junior Caminero C Nick Fortes OF Jonny DeLuca OF A.J. Ewing OF Carson Benge P Logan Gilbert P Drew Rasmussen SS Francisco Lindor,,,
1804,5205526943,Grnder_786 (1/20),0,81.65,1B Jared Young 2B Xavier Edwards 3B Bo Bichette C Cal Raleigh OF A.J. Ewing OF Carson Benge OF Heriberto Hernandez P Logan Gilbert P Drew Rasmussen SS Otto Lopez,,,
1810,5205003379,Keendom,0,81.35,1B Vladimir Guerrero Jr. 2B Luis Urias 3B Junior Caminero C Alejandro Kirk OF George Springer OF A.J. Ewing OF Carson Benge P Logan Gilbert P Connor Prielipp SS Francisco Lindor,,,
1810,5205019840,hunchoharry (11/20),0,81.35,1B Jared Young 2B Xavier Edwards 3B Javier Sanoja C Liam Hicks OF A.J. Ewing OF Carson Benge OF Heriberto Hernandez P Logan Gilbert P Connor Prielipp SS Francisco Lindor,,,
1810,5205030406,Edd436811,0,81.35,1B Alec Burleson 2B Cole Young 3B Brooks Lee C Ivan Herrera OF Kody Clemens OF Randy Arozarena OF Braden Montgomery P Zac Thornton P Quinn Mathews SS Francisco Lindor,,,
1810,5205065392,goofybh207 (1/3),0,81.35,1B Vladimir Guerrero Jr. 2B Luis Urias 3B Junior Caminero C Alejandro Kirk OF George Springer OF A.J. Ewing OF Carson Benge P Logan Gilbert P Connor Prielipp SS Francisco Lindor,,,
1810,5205101743,welchy81 (20/20),0,81.35,1B Vladimir Guerrero Jr. 2B Luis Urias 3B Junior Caminero C Alejandro Kirk OF George Springer OF Chandler Simpson OF Carson Benge P Logan Gilbert P Connor Prielipp SS Francisco Lindor,,,
1810,5205283757,Dhadron (5/20),0,81.35,1B Munetaka Murakami 2B Brett Baty 3B Bo Bichette C Liam Hicks OF A.J. Ewing OF Heriberto Hernandez OF Tyrone Taylor P Logan Gilbert P Connor Prielipp SS Francisco Lindor,,,
1810,5205283765,Dhadron (13/20),0,81.35,1B Jared Young 2B Brett Baty 3B Junior Caminero C Liam Hicks OF A.J. Ewing OF Heriberto Hernandez OF Esteury Ruiz P Logan Gilbert P Connor Prielipp SS Otto Lopez,,,
1810,5205356938,Darkhorse911 (2/3),0,81.35,1B Vladimir Guerrero Jr. 2B Luis Urias 3B Kazuma Okamoto C Ivan Herrera OF Jordan Walker OF George Springer OF Heriberto Hernandez P Logan Gilbert P Connor Prielipp SS Ernie Clement,,,
1810,5205405179,SpeedRacer101 (9/20),0,81.35,1B Alec Burleson 2B JJ Wetherholt 3B Weston Wilson C Jimmy Crooks OF Jordan Walker OF Kody Clemens OF Julio Rodriguez P Drew Rasmussen P Quinn Mathews SS Masyn Winn,,,
1810,5205411175,Choker12 (1/6),0,81.35,1B Yandy Diaz 2B Cole Young 3B Junior Caminero C Nick Fortes OF A.J. Ewing OF Carson Benge OF Dominic Canzone P Drew Rasmussen P Quinn Mathews SS Francisco Lindor,,,
1810,5205458360,ac919 (7/7),0,81.35,1B Vladimir Guerrero Jr. 2B Luis Urias 3B Junior Caminero C Alejandro Kirk OF George Springer OF A.J. Ewing OF Carson Benge P Logan Gilbert P Connor Prielipp SS Francisco Lindor,,,
1810,5205474167,ballaholick713 (10/20),0,81.35,1B Vladimir Guerrero Jr. 2B JJ Wetherholt 3B Yandy Diaz C Ivan Herrera OF George Springer OF Daulton Varsho OF Myles Straw P Logan Gilbert P Connor Prielipp SS Ernie Clement,,,
1810,5205496605,Discostupendously (7/10),0,81.35,1B Vladimir Guerrero Jr. 2B Luis Urias 3B Junior Caminero C Alejandro Kirk OF George Springer OF A.J. Ewing OF Carson Benge P Logan Gilbert P Connor Prielipp SS Francisco Lindor,,,
1810,5205526947,Grnder_786 (5/20),0,81.35,1B Vladimir Guerrero Jr. 2B Luis Urias 3B Junior Caminero C Alejandro Kirk OF George Springer OF A.J. Ewing OF Carson Benge P Logan Gilbert P Connor Prielipp SS Francisco Lindor,,,
1810,5205526952,Grnder_786 (10/20),0,81.35,1B Vladimir Guerrero Jr. 2B Luis Urias 3B Junior Caminero C Ivan Herrera OF George Springer OF Heriberto Hernandez OF Lars Nootbaar P Logan Gilbert P Connor Prielipp SS Francisco Lindor,,,
1825,5204947481,csurunnerccr (20/20),0,81.25,1B Josh Naylor 2B Cole Young 3B Junior Caminero C Victor Caratini OF Randy Arozarena OF Julio Rodriguez OF A.J. Ewing P Zac Thornton P Kevin Gausman SS Colt Emerson,,,
1825,5205173857,ttillie (7/20),0,81.25,1B Vladimir Guerrero Jr. 2B Cole Young 3B Kazuma Okamoto C Alejandro Kirk OF Julio Rodriguez OF George Springer OF Dominic Canzone P Zac Thornton P Kevin Gausman SS Francisco Lindor,,,
1825,5205183612,jnwallen (9/20),0,81.25,1B Yandy Diaz 2B Marcus Semien 3B Junior Caminero C Nick Fortes OF A.J. Ewing OF Carson Benge OF Victor Mesa Jr. P Drew Rasmussen P Kevin Gausman SS Francisco Lindor,,,
1825,5205204411,UniversalFriend (6/20),0,81.25,1B Vladimir Guerrero Jr. 2B Ernie Clement 3B Junior Caminero C Victor Caratini OF Jonny DeLuca OF Chandler Simpson OF Victor Mesa Jr. P Drew Rasmussen P Kevin Gausman SS Ben Williamson,,,
1825,5205264096,Timbo314636 (1/2),0,81.25,1B Yandy Diaz 2B Marcus Semien 3B Junior Caminero C Nick Fortes OF Chandler Simpson OF Carson Benge OF Victor Mesa Jr. P Drew Rasmussen P Kevin Gausman SS Francisco Lindor,,,
1825,5205282928,rschindler14 (8/20),0,81.25,1B Jared Young 2B Marcus Semien 3B Junior Caminero C Cal Raleigh OF Julio Rodriguez OF A.J. Ewing OF Carson Benge P Drew Rasmussen P Kevin Gausman SS Francisco Lindor,,,
1825,5205389313,Chadg20 (12/20),0,81.25,1B Yandy Diaz 2B Luis Urias 3B Junior Caminero C Nick Fortes OF A.J. Ewing OF Chandler Simpson OF Victor Mesa Jr. P Drew Rasmussen P Kevin Gausman SS Francisco Lindor,,,
1825,5205470980,RelentlessD85 (9/20),0,81.25,1B Jared Young 2B Marcus Semien 3B Junior Caminero C Cal Raleigh OF Julio Rodriguez OF A.J. Ewing OF Carson Benge P Drew Rasmussen P Kevin Gausman SS Francisco Lindor,,,
1833,5205256848,chicksdigthewongball (4/20),0,81,1B Alec Burleson 2B Cole Young 3B Yandy Diaz C Ivan Herrera OF Julio Rodriguez OF Lars Nootbaar OF Nathan Church P Logan Gilbert P Quinn Mathews SS Masyn Winn,,,
1833,5205291418,meyers2305 (19/20),0,81,1B Jared Young 2B Marcus Semien 3B Kazuma Okamoto C Cal Raleigh OF Randy Arozarena OF A.J. Ewing OF Carson Benge P Drew Rasmussen P Zac Thornton SS Francisco Lindor,,,
1833,5205306259,vavo27 (1/2),0,81,1B Yandy Diaz 2B Luis Urias 3B Junior Caminero C Nick Fortes OF Jonny DeLuca OF A.J. Ewing OF Heriberto Hernandez P Drew Rasmussen P Zac Thornton SS Francisco Lindor,,,
1833,5205306276,vavo27 (2/2),0,81,1B Yandy Diaz 2B Luis Urias 3B Junior Caminero C Nick Fortes OF Jonny DeLuca OF A.J. Ewing OF Heriberto Hernandez P Drew Rasmussen P Zac Thornton SS Francisco Lindor,,,
1833,5205430844,SupremeApex22,0,81,1B Alec Burleson 2B Xavier Edwards 3B Kazuma Okamoto C Alejandro Kirk OF George Springer OF Carson Benge OF Braden Montgomery P Drew Rasmussen P Zac Thornton SS Ernie Clement,,,
1838,5205033022,AverageTuesday (15/20),0,80.95,1B Vladimir Guerrero Jr. 2B Royce Lewis 3B Kazuma Okamoto C Ryan Jeffers OF Kody Clemens OF Trevor Larnach OF Luke Keaschall P Kevin Gausman P Connor Prielipp SS Ernie Clement,,,
1838,5205247590,jradesanmi (17/20),0,80.95,1B Munetaka Murakami 2B Royce Lewis 3B Brooks Lee C Ryan Jeffers OF Trevor Larnach OF Carson Benge OF Heriberto Hernandez P Kevin Gausman P Connor Prielipp SS Francisco Lindor,,,
1838,5205256861,chicksdigthewongball (17/20),0,80.95,1B Vladimir Guerrero Jr. 2B Royce Lewis 3B Kazuma Okamoto C Ryan Jeffers OF Kody Clemens OF Sam Antonacci OF George Springer P Kevin Gausman P Connor Prielipp SS Javier Sanoja,,,
1838,5205462435,kcroyalfan (8/20),0,80.95,1B Yandy Diaz 2B JJ Wetherholt 3B Junior Caminero C Liam Hicks OF George Springer OF Heriberto Hernandez OF Rob Refsnyder P Kevin Gausman P Connor Prielipp SS Francisco Lindor,,,
1838,5205492879,whip99 (11/20),0,80.95,1B Yandy Diaz 2B Ben Williamson 3B Junior Caminero C Liam Hicks OF Jonny DeLuca OF Chandler Simpson OF Heriberto Hernandez P Kevin Gausman P Connor Prielipp SS Otto Lopez,,,
1843,5204867938,mga120 (9/20),0,80.9,1B Yandy Diaz 2B Cole Young 3B Bo Bichette C Luis Torrens OF Sam Antonacci OF A.J. Ewing OF Tyrone Taylor P Logan Gilbert P Kevin Gausman SS Francisco Lindor,,,
1843,5204947462,csurunnerccr (1/20),0,80.9,1B Vladimir Guerrero Jr. 2B Luis Urias 3B Bo Bichette C Cal Raleigh OF A.J. Ewing OF Carson Benge OF Tyrone Taylor P Logan Gilbert P Kevin Gausman SS Francisco Lindor,,,
1843,5205012834,SayHeyKid1230 (4/20),0,80.9,1B Josh Naylor 2B Xavier Edwards 3B Kazuma Okamoto C Liam Hicks OF Julio Rodriguez OF Jonny DeLuca OF Tristan Peters P Logan Gilbert P Kevin Gausman SS Ernie Clement,,,
1843,5205123403,az350z (6/20),0,80.9,1B Munetaka Murakami 2B Cole Young 3B Weston Wilson C Edgar Quero OF Randy Arozarena OF Sam Antonacci OF Andrew Benintendi P Logan Gilbert P Kevin Gausman SS Colson Montgomery,,,
1843,5205276568,HockeyCardsPlus (13/20),0,80.9,1B Kyle Stowers 2B Brett Baty 3B Miguel Vargas C Alejandro Kirk OF A.J. Ewing OF Carson Benge OF Tyrone Taylor P Logan Gilbert P Kevin Gausman SS Francisco Lindor,,,
1843,5205307763,xXxPLOSIVE (3/5),0,80.9,1B Jared Young 2B Marcus Semien 3B Junior Caminero C Cal Raleigh OF Julio Rodriguez OF Heriberto Hernandez OF Esteury Ruiz P Logan Gilbert P Kevin Gausman SS Francisco Lindor,,,
1843,5205320669,Velllo (8/20),0,80.9,1B Vladimir Guerrero Jr. 2B Brett Baty 3B Bo Bichette C Cal Raleigh OF Julio Rodriguez OF A.J. Ewing OF Esteury Ruiz P Logan Gilbert P Kevin Gausman SS Francisco Lindor,,,
1843,5205431558,WunstaGuy (4/20),0,80.9,1B Kyle Stowers 2B Xavier Edwards 3B Leo Jimenez C Liam Hicks OF Julio Rodriguez OF A.J. Ewing OF Heriberto Hernandez P Logan Gilbert P Kevin Gausman SS Francisco Lindor,,,
1843,5205524498,Johnben26,0,80.9,1B Vladimir Guerrero Jr. 2B Xavier Edwards 3B Leo Jimenez C Liam Hicks OF Jordan Walker OF Julio Rodriguez OF Andrew Benintendi P Logan Gilbert P Kevin Gausman SS Masyn Winn,,,
1843,5205526956,Grnder_786 (14/20),0,80.9,1B Vladimir Guerrero Jr. 2B Luis Urias 3B Bo Bichette C Cal Raleigh OF George Springer OF A.J. Ewing OF Myles Straw P Logan Gilbert P Kevin Gausman SS Francisco Lindor,,,
1853,5205187599,WILDCATBALLERS (14/20),0,80.85,1B Munetaka Murakami 2B Xavier Edwards 3B Junior Caminero C Alejandro Kirk OF George Springer OF Victor Mesa Jr. OF Esteury Ruiz P Connor Prielipp P Tyler Phillips SS Otto Lopez,,,
1854,5205492055,mariobr1709 (8/20),0,80.8,1B Yandy Diaz 2B Cole Young 3B Junior Caminero C Cal Raleigh OF Randy Arozarena OF Dominic Canzone OF Ryan Vilade P Logan Gilbert P Tyler Phillips SS Taylor Walls,,,
1855,5205089560,SeanDre (4/20),0,80.7,1B Royce Lewis 2B Kody Clemens 3B Kazuma Okamoto C Ivan Herrera OF Jordan Walker OF Lars Nootbaar OF Nathan Church P Drew Rasmussen P Connor Prielipp SS Masyn Winn,,,
1855,5205259198,kozy6813 (4/20),0,80.7,1B Victor Caratini 2B Marcus Semien 3B Bo Bichette C Ryan Jeffers OF Jonny DeLuca OF A.J. Ewing OF Carson Benge P Drew Rasmussen P Connor Prielipp SS Francisco Lindor,,,
1855,5205276573,HockeyCardsPlus (18/20),0,80.7,1B Yandy Diaz 2B JJ Wetherholt 3B Junior Caminero C Luis Torrens OF Chandler Simpson OF Victor Mesa Jr. OF Tyrone Taylor P Drew Rasmussen P Connor Prielipp SS Francisco Lindor,,,
1855,5205479781,Csurcek (1/5),0,80.7,1B Yandy Diaz 2B Brett Baty 3B Junior Caminero C Nick Fortes OF Jonny DeLuca OF A.J. Ewing OF Chandler Simpson P Drew Rasmussen P Connor Prielipp SS Francisco Lindor,,,
1855,5205537835,bigsmooth69,0,80.7,1B Royce Lewis 2B Xavier Edwards 3B Kazuma Okamoto C Cal Raleigh OF Kody Clemens OF Julio Rodriguez OF George Springer P Drew Rasmussen P Connor Prielipp SS Ryan Kreidler,,,
1860,5204947469,csurunnerccr (8/20),0,80.65,1B Ryan Vilade 2B Ben Williamson 3B Yandy Diaz C Luis Torrens OF Jonny DeLuca OF A.J. Ewing OF Chandler Simpson P Logan Gilbert P Drew Rasmussen SS Francisco Lindor,,,
1860,5205012840,SayHeyKid1230 (10/20),0,80.65,1B Jared Young 2B Cole Young 3B Junior Caminero C Mitch Garver OF A.J. Ewing OF Chandler Simpson OF Dominic Canzone P Logan Gilbert P Drew Rasmussen SS Taylor Walls,,,
1860,5205158184,LOCNOTM (15/20),0,80.65,1B Vladimir Guerrero Jr. 2B Luis Urias 3B Blaze Jordan C Ivan Herrera OF Jordan Walker OF George Springer OF Lars Nootbaar P Logan Gilbert P Zac Thornton SS Masyn Winn,,,
1860,5205200506,colonelforbin22 (1/2),0,80.65,1B Jonathan Aranda 2B Richie Palacios 3B Brett Baty C Liam Hicks OF Chandler Simpson OF Victor Mesa Jr. OF Cedric Mullins P Logan Gilbert P Drew Rasmussen SS Otto Lopez,,,
1864,5205059632,ktown26,0,80.4,1B Munetaka Murakami 2B Ernie Clement 3B Miguel Vargas C Edgar Quero OF Randy Arozarena OF Sam Antonacci OF Julio Rodriguez P Kevin Gausman P Tyler Phillips SS Colson Montgomery,,,
1865,5205125336,WaitTilNextYear,0,80.35,1B Yandy Diaz 2B Luis Urias 3B Junior Caminero C Nick Fortes OF George Springer OF Jonny DeLuca OF Chandler Simpson P Logan Gilbert P Connor Prielipp SS Francisco Lindor,,,
1865,5205181633,joe_mac10,0,80.35,1B Vladimir Guerrero Jr. 2B Xavier Edwards 3B Bo Bichette C Liam Hicks OF George Springer OF A.J. Ewing OF Carson Benge P Logan Gilbert P Connor Prielipp SS Francisco Lindor,,,
1865,5205268612,Isklebibble (3/20),0,80.35,1B Vladimir Guerrero Jr. 2B Ernie Clement 3B Junior Caminero C Alejandro Kirk OF George Springer OF Daulton Varsho OF Ryan Vilade P Logan Gilbert P Connor Prielipp SS Francisco Lindor,,,
1865,5205283764,Dhadron (12/20),0,80.35,1B Kyle Stowers 2B Xavier Edwards 3B Bo Bichette C Liam Hicks OF A.J. Ewing OF Carson Benge OF Esteury Ruiz P Logan Gilbert P Connor Prielipp SS Francisco Lindor,,,
1865,5205307765,xXxPLOSIVE (5/5),0,80.35,1B Munetaka Murakami 2B Cole Young 3B Kazuma Okamoto C Ivan Herrera OF A.J. Ewing OF Heriberto Hernandez OF Esteury Ruiz P Logan Gilbert P Connor Prielipp SS Francisco Lindor,,,
1865,5205375565,tommydoo8,0,80.35,1B Josh Naylor 2B Royce Lewis 3B Bo Bichette C Cal Raleigh OF Jordan Walker OF Sam Antonacci OF Griffin Conine P Logan Gilbert P Connor Prielipp SS Francisco Lindor,,,
1865,5205455738,Hey...HereWeGo1 (10/20),0,80.35,1B Alec Burleson 2B JJ Wetherholt 3B Blaze Jordan C Ivan Herrera OF George Springer OF A.J. Ewing OF Carson Benge P Logan Gilbert P Connor Prielipp SS Francisco Lindor,,,
1865,5205462446,kcroyalfan (19/20),0,80.35,1B Vladimir Guerrero Jr. 2B Xavier Edwards 3B Bo Bichette C Liam Hicks OF George Springer OF A.J. Ewing OF Carson Benge P Logan Gilbert P Connor Prielipp SS Francisco Lindor,,,
1865,5205490659,jpm_joshua2002,0,80.35,1B Vladimir Guerrero Jr. 2B Xavier Edwards 3B Bo Bichette C Liam Hicks OF George Springer OF A.J. Ewing OF Carson Benge P Logan Gilbert P Connor Prielipp SS Francisco Lindor,,,
1865,5205510871,dfwinscom (14/20),0,80.35,1B Yandy Diaz 2B Marcus Semien 3B Bo Bichette C Alejandro Kirk OF George Springer OF A.J. Ewing OF Carson Benge P Logan Gilbert P Connor Prielipp SS Francisco Lindor,,,
1865,5205540441,bellsofwar3 (13/14),0,80.35,1B Kyle Stowers 2B Xavier Edwards 3B Leo Jimenez C Liam Hicks OF George Springer OF A.J. Ewing OF Heriberto Hernandez P Logan Gilbert P Connor Prielipp SS Francisco Lindor,,,
1876,5205158172,LOCNOTM (3/20),0,80.25,1B Jared Young 2B Royce Lewis 3B Kazuma Okamoto C Ryan Jeffers OF Kody Clemens OF Trevor Larnach OF Austin Martin P Drew Rasmussen P Kevin Gausman SS Colt Emerson,,,
1876,5205158174,LOCNOTM (5/20),0,80.25,1B Royce Lewis 2B Brett Baty 3B Kazuma Okamoto C Ryan Jeffers OF Kody Clemens OF Trevor Larnach OF Austin Martin P Drew Rasmussen P Kevin Gausman SS Colt Emerson,,,
1876,5205267176,SFN03 (13/20),0,80.25,1B Jared Young 2B Kody Clemens 3B Kazuma Okamoto C Mitch Garver OF Julio Rodriguez OF A.J. Ewing OF Carson Benge P Drew Rasmussen P Kevin Gausman SS Francisco Lindor,,,
1876,5205412386,Choker12 (3/6),0,80.25,1B Vladimir Guerrero Jr. 2B Luis Urias 3B Kazuma Okamoto C Alejandro Kirk OF Randy Arozarena OF A.J. Ewing OF Carson Benge P Zac Thornton P Kevin Gausman SS Francisco Lindor,,,
1876,5205470279,walter-h,0,80.25,1B Josh Naylor 2B Xavier Edwards 3B Kazuma Okamoto C Ivan Herrera OF Jordan Walker OF Carson Benge OF Victor Mesa Jr. P Drew Rasmussen P Kevin Gausman SS Ernie Clement,,,
1881,5205115029,christiangideon (9/10),0,80,1B Royce Lewis 2B Cole Young 3B Bo Bichette C Mitch Garver OF Jordan Walker OF Jonny DeLuca OF Chandler Simpson P Drew Rasmussen P Zac Thornton SS Ben Williamson,,,
1881,5205132393,KristianFTM (11/20),0,80,1B Alec Burleson 2B Marcus Semien 3B Bo Bichette C Ivan Herrera OF Jordan Walker OF Carson Benge OF Tyrone Taylor P Logan Gilbert P Quinn Mathews SS Francisco Lindor,,,
1881,5205180984,Jaegotdat,0,80,1B Munetaka Murakami 2B Cole Young 3B Kazuma Okamoto C Cal Raleigh OF A.J. Ewing OF Griffin Conine OF Ryan Vilade P Drew Rasmussen P Zac Thornton SS Francisco Lindor,,,
1881,5205485612,KenyanDrake (16/20),0,80,1B Alec Burleson 2B JJ Wetherholt 3B Blaze Jordan C Cal Raleigh OF Jordan Walker OF Julio Rodriguez OF A.J. Ewing P Logan Gilbert P Noah Schultz SS Masyn Winn,,,
1885,5205173858,ttillie (8/20),0,79.95,1B Vladimir Guerrero Jr. 2B Marcus Semien 3B Yandy Diaz C Ryan Jeffers OF George Springer OF Carson Benge OF Heriberto Hernandez P Kevin Gausman P Connor Prielipp SS Francisco Lindor,,,
1885,5205191707,cowboys767 (12/20),0,79.95,1B Munetaka Murakami 2B Xavier Edwards 3B Junior Caminero C Liam Hicks OF Victor Mesa Jr. OF Heriberto Hernandez OF Esteury Ruiz P Kevin Gausman P Connor Prielipp SS Otto Lopez,,,
1885,5205274763,kreller17 (14/20),0,79.95,1B Royce Lewis 2B Luis Urias 3B Miguel Vargas C Ryan Jeffers OF Kody Clemens OF Heriberto Hernandez OF Griffin Conine P Kevin Gausman P Connor Prielipp SS Otto Lopez,,,
1888,5205114999,christiangideon (3/10),0,79.9,1B Vladimir Guerrero Jr. 2B Ernie Clement 3B Javier Sanoja C Cal Raleigh OF Sam Antonacci OF Carson Benge OF Victor Mesa Jr. P Logan Gilbert P Kevin Gausman SS Francisco Lindor,,,
1888,5205123410,az350z (13/20),0,79.9,1B Ryan Vilade 2B Cole Young 3B Junior Caminero C Nick Fortes OF Jonny DeLuca OF Chandler Simpson OF Dominic Canzone P Logan Gilbert P Kevin Gausman SS Otto Lopez,,,
1888,5205136289,Caryg07 (20/20),0,79.9,1B Josh Naylor 2B Cole Young 3B Bo Bichette C Cal Raleigh OF Julio Rodriguez OF A.J. Ewing OF Dominic Canzone P Logan Gilbert P Kevin Gausman SS Francisco Lindor,,,
1888,5205215109,nrbarsky,0,79.9,1B Victor Caratini 2B Xavier Edwards 3B Brett Baty C Alejandro Kirk OF Randy Arozarena OF Sam Antonacci OF Andrew Benintendi P Logan Gilbert P Kevin Gausman SS Ernie Clement,,,
1888,5205308654,sboynton10,0,79.9,1B Josh Naylor 2B Cole Young 3B Bo Bichette C Cal Raleigh OF Julio Rodriguez OF A.J. Ewing OF Dominic Canzone P Logan Gilbert P Kevin Gausman SS Francisco Lindor,,,
1888,5205364077,zandwich (4/20),0,79.9,1B Vladimir Guerrero Jr. 2B Luis Urias 3B Junior Caminero C Alejandro Kirk OF Chandler Simpson OF Daulton Varsho OF Myles Straw P Logan Gilbert P Kevin Gausman SS Francisco Lindor,,,
1888,5205364084,zandwich (11/20),0,79.9,1B Josh Naylor 2B Cole Young 3B Miguel Vargas C Cal Raleigh OF Randy Arozarena OF Andrew Benintendi OF Weston Wilson P Logan Gilbert P Kevin Gausman SS Colson Montgomery,,,
1888,5205431707,hammer224466,0,79.9,1B Vladimir Guerrero Jr. 2B Ernie Clement 3B Kazuma Okamoto C Nick Fortes OF George Springer OF Jonny DeLuca OF Chandler Simpson P Logan Gilbert P Kevin Gausman SS Ben Williamson,,,
1888,5205504307,lilmaryy (3/10),0,79.9,1B Vladimir Guerrero Jr. 2B Xavier Edwards 3B Bo Bichette C Cal Raleigh OF A.J. Ewing OF Heriberto Hernandez OF Tyrone Taylor P Logan Gilbert P Kevin Gausman SS Francisco Lindor,,,
1888,5205515144,dfwtsx08 (2/10),0,79.9,1B Vladimir Guerrero Jr. 2B Luis Urias 3B Miguel Vargas C Alejandro Kirk OF A.J. Ewing OF Heriberto Hernandez OF Daulton Varsho P Logan Gilbert P Kevin Gausman SS Francisco Lindor,,,
1888,5205524112,xTRISKITx (12/20),0,79.9,1B Kyle Stowers 2B Xavier Edwards 3B Kazuma Okamoto C Cal Raleigh OF A.J. Ewing OF Heriberto Hernandez OF Esteury Ruiz P Logan Gilbert P Kevin Gausman SS Otto Lopez,,,
1888,5205526944,Grnder_786 (2/20),0,79.9,1B Josh Naylor 2B Brett Baty 3B Bo Bichette C Cal Raleigh OF Julio Rodriguez OF George Springer OF A.J. Ewing P Logan Gilbert P Kevin Gausman SS Francisco Lindor,,,
1888,5205538583,Rhombus87 (5/20),0,79.9,1B Vladimir Guerrero Jr. 2B Luis Urias 3B Miguel Vargas C Alejandro Kirk OF George Springer OF Heriberto Hernandez OF Andrew Benintendi P Logan Gilbert P Kevin Gausman SS Colson Montgomery,,,
1901,5205025412,tbjones2121 (4/20),0,79.7,1B Yandy Diaz 2B Royce Lewis 3B Junior Caminero C Nick Fortes OF Chandler Simpson OF Victor Mesa Jr. OF Heriberto Hernandez P Drew Rasmussen P Connor Prielipp SS Francisco Lindor,,,
1901,5205025416,tbjones2121 (8/20),0,79.7,1B Alec Burleson 2B JJ Wetherholt 3B Bo Bichette C Jimmy Crooks OF Jordan Walker OF A.J. Ewing OF Nathan Church P Drew Rasmussen P Connor Prielipp SS Francisco Lindor,,,
1901,5205183611,jnwallen (8/20),0,79.7,1B Alec Burleson 2B JJ Wetherholt 3B Bo Bichette C Jimmy Crooks OF Jordan Walker OF A.J. Ewing OF Carson Benge P Drew Rasmussen P Connor Prielipp SS Francisco Lindor,,,
1901,5205204425,UniversalFriend (20/20),0,79.7,1B Vladimir Guerrero Jr. 2B Kody Clemens 3B Brooks Lee C Ivan Herrera OF Jordan Walker OF Trevor Larnach OF Luke Keaschall P Zac Thornton P Connor Prielipp SS Ryan Kreidler,,,
1901,5205348599,bassguy39 (3/8),0,79.7,1B Yandy Diaz 2B Xavier Edwards 3B Junior Caminero C Nick Fortes OF Chandler Simpson OF Victor Mesa Jr. OF Heriberto Hernandez P Drew Rasmussen P Connor Prielipp SS Otto Lopez,,,
1901,5205524102,xTRISKITx (2/20),0,79.7,1B Alec Burleson 2B Luis Urias 3B Junior Caminero C Ivan Herrera OF Jordan Walker OF Chandler Simpson OF Lars Nootbaar P Drew Rasmussen P Connor Prielipp SS Taylor Walls,,,
1907,5205291403,meyers2305 (4/20),0,79.65,1B Vladimir Guerrero Jr. 2B Luis Urias 3B Weston Wilson C Cal Raleigh OF Randy Arozarena OF Julio Rodriguez OF Dominic Canzone P Logan Gilbert P Zac Thornton SS Francisco Lindor,,,
1907,5205405178,SpeedRacer101 (8/20),0,79.65,1B Jared Young 2B Brett Baty 3B Junior Caminero C Luis Torrens OF Chandler Simpson OF Victor Mesa Jr. OF Tyrone Taylor P Logan Gilbert P Drew Rasmussen SS Francisco Lindor,,,
1907,5205522304,tclark3333,0,79.65,1B Munetaka Murakami 2B Cole Young 3B Junior Caminero C Cal Raleigh OF Nathan Church OF Weston Wilson OF Davis Schneider P Logan Gilbert P Drew Rasmussen SS Colt Emerson,,,
1910,5205152522,kafedaiv (3/20),0,79.6,1B Josh Naylor 2B Ernie Clement 3B Junior Caminero C Francisco Alvarez OF Randy Arozarena OF Julio Rodriguez OF Victor Mesa Jr. P Kevin Gausman P Quinn Mathews SS Francisco Lindor,,,
1911,5205438993,marek5050,0,79.4,1B Vladimir Guerrero Jr. 2B Cole Young 3B Bo Bichette C Ivan Herrera OF Jordan Walker OF Julio Rodriguez OF A.J. Ewing P Logan Gilbert P Jordan Hicks SS Otto Lopez,,,
1912,5205012478,mmaffia5 (6/10),0,79.35,1B Jared Young 2B Xavier Edwards 3B Bo Bichette C Liam Hicks OF A.J. Ewing OF Carson Benge OF Tyrone Taylor P Logan Gilbert P Connor Prielipp SS Otto Lopez,,,
1912,5205247591,jradesanmi (18/20),0,79.35,1B Vladimir Guerrero Jr. 2B Luis Urias 3B Kazuma Okamoto C Alejandro Kirk OF George Springer OF A.J. Ewing OF Carson Benge P Logan Gilbert P Connor Prielipp SS Francisco Lindor,,,
1912,5205536454,SEANYCASH,0,79.35,1B Vladimir Guerrero Jr. 2B Ernie Clement 3B Kazuma Okamoto C Alejandro Kirk OF George Springer OF A.J. Ewing OF Carson Benge P Logan Gilbert P Connor Prielipp SS Francisco Lindor,,,
1915,5205144843,vymo09 (1/2),0,79.25,1B Yandy Diaz 2B Xavier Edwards 3B Junior Caminero C Nick Fortes OF Julio Rodriguez OF Carson Benge OF Andrew Benintendi P Drew Rasmussen P Kevin Gausman SS Ryan Kreidler,,,
1916,5204732723,PaPamoneyman,0,79.05,1B Munetaka Murakami 2B Chase Meidroth 3B Miguel Vargas C Nick Fortes OF Jordan Walker OF Randy Arozarena OF George Springer P Connor Prielipp P Noah Schultz SS Colson Montgomery,,,
1916,5205052001,foutah (2/8),0,79.05,1B Yandy Diaz 2B Kody Clemens 3B Miguel Vargas C Ivan Herrera OF Randy Arozarena OF Julio Rodriguez OF Weston Wilson P Quinn Mathews P Connor Prielipp SS Otto Lopez,,,
1916,5205180460,mybabywendy,0,79.05,1B Alec Burleson 2B JJ Wetherholt 3B Junior Caminero C Liam Hicks OF Randy Arozarena OF Victor Mesa Jr. OF Nathan Church P Quinn Mathews P Connor Prielipp SS Francisco Lindor,,,
1919,5204825760,jdgith,0,79,1B Vladimir Guerrero Jr. 2B Ernie Clement 3B Kazuma Okamoto C Brandon Valenzuela OF Julio Rodriguez OF George Springer OF Andrew Benintendi P Drew Rasmussen P Zac Thornton SS Francisco Lindor,,,
1919,5204947475,csurunnerccr (14/20),0,79,1B Alec Burleson 2B Cole Young 3B Weston Wilson C Ivan Herrera OF Jordan Walker OF Julio Rodriguez OF Dominic Canzone P Logan Gilbert P Quinn Mathews SS Masyn Winn,,,
1919,5205158126,j-wolf05 (19/20),0,79,1B Munetaka Murakami 2B Cole Young 3B Weston Wilson C Cal Raleigh OF Randy Arozarena OF Sam Antonacci OF Dominic Canzone P Logan Gilbert P Noah Schultz SS Colson Montgomery,,,
1919,5205258359,Run8,0,79,1B Vladimir Guerrero Jr. 2B Marcus Semien 3B Kazuma Okamoto C Cal Raleigh OF Kody Clemens OF Julio Rodriguez OF Heriberto Hernandez P Drew Rasmussen P Zac Thornton SS Masyn Winn,,,
1919,5205287406,JBH3,0,79,1B Ryan Vilade 2B Luis Urias 3B Junior Caminero C Cal Raleigh OF Randy Arozarena OF Julio Rodriguez OF Dominic Canzone P Logan Gilbert P Quinn Mathews SS Francisco Lindor,,,
1919,5205418149,4prongdigger (1/5),0,79,1B Ryan Vilade 2B Ernie Clement 3B Junior Caminero C Alejandro Kirk OF George Springer OF Jonny DeLuca OF Victor Mesa Jr. P Drew Rasmussen P Zac Thornton SS Taylor Walls,,,
1919,5205431569,WunstaGuy (15/20),0,79,1B Alec Burleson 2B Xavier Edwards 3B Leo Jimenez C Liam Hicks OF Julio Rodriguez OF Dominic Canzone OF Heriberto Hernandez P Logan Gilbert P Quinn Mathews SS Otto Lopez,,,
1919,5205497621,FunkyKong (3/12),0,79,1B Alec Burleson 2B JJ Wetherholt 3B Brett Baty C Ivan Herrera OF Jordan Walker OF Lars Nootbaar OF Tyrone Taylor P Drew Rasmussen P Zac Thornton SS Taylor Walls,,,
1927,5205192963,masonplays2014 (13/20),0,78.95,1B Munetaka Murakami 2B Royce Lewis 3B Kazuma Okamoto C Alejandro Kirk OF George Springer OF Heriberto Hernandez OF Daulton Varsho P Kevin Gausman P Connor Prielipp SS Francisco Lindor,,,
1927,5205237805,DJsPath23 (5/5),0,78.95,1B Yandy Diaz 2B Xavier Edwards 3B Junior Caminero C Mitch Garver OF Randy Arozarena OF A.J. Ewing OF Carson Benge P Kevin Gausman P Connor Prielipp SS Francisco Lindor,,,
1927,5205247576,jradesanmi (3/20),0,78.95,1B Royce Lewis 2B Luis Urias 3B Junior Caminero C Ryan Jeffers OF Kody Clemens OF Trevor Larnach OF Heriberto Hernandez P Kevin Gausman P Connor Prielipp SS Otto Lopez,,,
1927,5205492888,whip99 (20/20),0,78.95,1B Vladimir Guerrero Jr. 2B Kody Clemens 3B Bo Bichette C Ryan Jeffers OF Sam Antonacci OF Trevor Larnach OF Luke Keaschall P Kevin Gausman P Connor Prielipp SS Ryan Kreidler,,,
1931,5204859690,niquisition (15/20),0,78.9,1B Munetaka Murakami 2B Luis Urias 3B Yandy Diaz C Edgar Quero OF Sam Antonacci OF Heriberto Hernandez OF Esteury Ruiz P Logan Gilbert P Kevin Gausman SS Colson Montgomery,,,
1931,5204867935,mga120 (6/20),0,78.9,1B Jared Young 2B Marcus Semien 3B Junior Caminero C Luis Torrens OF Randy Arozarena OF A.J. Ewing OF Chandler Simpson P Logan Gilbert P Kevin Gausman SS Francisco Lindor,,,
1931,5204867944,mga120 (15/20),0,78.9,1B Munetaka Murakami 2B Marcus Semien 3B Bo Bichette C Luis Torrens OF Sam Antonacci OF Julio Rodriguez OF Tyrone Taylor P Logan Gilbert P Kevin Gausman SS Francisco Lindor,,,
1931,5205090282,drunkonpappy (8/20),0,78.9,1B Munetaka Murakami 2B Xavier Edwards 3B Leo Jimenez C Mitch Garver OF Sam Antonacci OF Heriberto Hernandez OF Esteury Ruiz P Logan Gilbert P Kevin Gausman SS Otto Lopez,,,
1931,5205204286,JcClark18 (1/20),0,78.9,1B Munetaka Murakami 2B Xavier Edwards 3B Leo Jimenez C Liam Hicks OF Dominic Canzone OF Heriberto Hernandez OF Daulton Varsho P Logan Gilbert P Kevin Gausman SS Otto Lopez,,,
1931,5205214608,tpyo (3/20),0,78.9,1B Josh Naylor 2B Cole Young 3B Miguel Vargas C Ivan Herrera OF Julio Rodriguez OF Dominic Canzone OF Weston Wilson P Logan Gilbert P Kevin Gausman SS Francisco Lindor,,,
1931,5205510873,dfwinscom (16/20),0,78.9,1B Josh Naylor 2B Marcus Semien 3B Bo Bichette C Cal Raleigh OF George Springer OF A.J. Ewing OF Carson Benge P Logan Gilbert P Kevin Gausman SS Francisco Lindor,,,
1931,5205521769,rockingrick (6/7),0,78.9,1B Yandy Diaz 2B Luis Urias 3B Junior Caminero C Alejandro Kirk OF Jonny DeLuca OF Ryan Vilade OF Myles Straw P Logan Gilbert P Kevin Gausman SS Ernie Clement,,,
1931,5205534634,eagles5016 (11/20),0,78.9,1B Jared Young 2B Xavier Edwards 3B Miguel Vargas C Edgar Quero OF Randy Arozarena OF Julio Rodriguez OF Dominic Canzone P Logan Gilbert P Kevin Gausman SS Colson Montgomery,,,
1940,5205356937,Darkhorse911 (1/3),0,78.7,1B Vladimir Guerrero Jr. 2B Luis Urias 3B Kazuma Okamoto C Ryan Jeffers OF A.J. Ewing OF Carson Benge OF Daulton Varsho P Drew Rasmussen P Connor Prielipp SS Francisco Lindor,,,
1940,5205448738,mgo14,0,78.7,1B Jared Young 2B JJ Wetherholt 3B Bo Bichette C Victor Caratini OF Jordan Walker OF Kody Clemens OF Heriberto Hernandez P Drew Rasmussen P Connor Prielipp SS Otto Lopez,,,
1942,5205089576,SeanDre (20/20),0,78.65,1B Alec Burleson 2B Marcus Semien 3B Weston Wilson C Cal Raleigh OF Randy Arozarena OF Julio Rodriguez OF Braden Montgomery P Logan Gilbert P Zac Thornton SS Francisco Lindor,,,
1942,5205247366,TomasOrr,0,78.65,1B Ryan Vilade 2B Xavier Edwards 3B Yandy Diaz C Victor Caratini OF Julio Rodriguez OF Carson Benge OF Victor Mesa Jr. P Logan Gilbert P Drew Rasmussen SS Francisco Lindor,,,
1942,5205261844,bmosley21 (3/20),0,78.65,1B Jared Young 2B Ben Williamson 3B Junior Caminero C Nick Fortes OF Jonny DeLuca OF A.J. Ewing OF Ryan Vilade P Logan Gilbert P Drew Rasmussen SS Francisco Lindor,,,
1942,5205283759,Dhadron (7/20),0,78.65,1B Jared Young 2B Brett Baty 3B Junior Caminero C Nick Fortes OF Jonny DeLuca OF Chandler Simpson OF Victor Mesa Jr. P Logan Gilbert P Drew Rasmussen SS Francisco Lindor,,,
1942,5205364089,zandwich (16/20),0,78.65,1B Vladimir Guerrero Jr. 2B Ernie Clement 3B Kazuma Okamoto C Nick Fortes OF Chandler Simpson OF Victor Mesa Jr. OF Daulton Varsho P Logan Gilbert P Drew Rasmussen SS Taylor Walls,,,
1942,5205389314,Chadg20 (13/20),0,78.65,1B Munetaka Murakami 2B Cole Young 3B Weston Wilson C Alejandro Kirk OF Randy Arozarena OF Sam Antonacci OF Dominic Canzone P Logan Gilbert P Zac Thornton SS Colt Emerson,,,
1942,5205436310,Choker12 (6/6),0,78.65,1B Josh Naylor 2B Brett Baty 3B Weston Wilson C Ivan Herrera OF Randy Arozarena OF Julio Rodriguez OF A.J. Ewing P Logan Gilbert P Zac Thornton SS Francisco Lindor,,,
1942,5205492873,whip99 (5/20),0,78.65,1B Yandy Diaz 2B Marcus Semien 3B Bo Bichette C Luis Torrens OF Chandler Simpson OF Carson Benge OF Victor Mesa Jr. P Logan Gilbert P Drew Rasmussen SS Francisco Lindor,,,
1942,5205505200,KingTerryPegula (17/20),0,78.65,1B Yandy Diaz 2B Luis Urias 3B Kazuma Okamoto C Cal Raleigh OF Chandler Simpson OF Daulton Varsho OF Ryan Vilade P Logan Gilbert P Drew Rasmussen SS Ernie Clement,,,
1942,5205506604,okelly36 (4/4),0,78.65,1B Yandy Diaz 2B Ernie Clement 3B Kazuma Okamoto C Jimmy Crooks OF A.J. Ewing OF Carson Benge OF Ryan Vilade P Logan Gilbert P Drew Rasmussen SS Francisco Lindor,,,
1952,5205152539,kafedaiv (20/20),0,78.5,1B Yandy Diaz 2B JJ Wetherholt 3B Junior Caminero C Ivan Herrera OF Randy Arozarena OF Chandler Simpson OF Carson Benge P Quinn Mathews P Tyler Phillips SS Masyn Winn,,,
1953,5205258416,pthorpe25 (4/7),0,78.4,1B Yandy Diaz 2B Kody Clemens 3B Junior Caminero C Victor Caratini OF Chandler Simpson OF Trevor Larnach OF Luke Keaschall P Kevin Gausman P Tyler Phillips SS Ryan Kreidler,,,
1954,5205138334,cking29,0,78.35,1B Jared Young 2B Xavier Edwards 3B Junior Caminero C Cal Raleigh OF Julio Rodriguez OF Jonny DeLuca OF Heriberto Hernandez P Drew Rasmussen P Quinn Mathews SS Francisco Lindor,,,
1954,5205143496,cw1tt (12/20),0,78.35,1B Kyle Stowers 2B Xavier Edwards 3B Miguel Vargas C Liam Hicks OF Sam Antonacci OF Andrew Benintendi OF Esteury Ruiz P Logan Gilbert P Connor Prielipp SS Otto Lopez,,,
1954,5205259200,kozy6813 (6/20),0,78.35,1B Jared Young 2B Xavier Edwards 3B Bo Bichette C Liam Hicks OF A.J. Ewing OF Heriberto Hernandez OF Tyrone Taylor P Logan Gilbert P Connor Prielipp SS Francisco Lindor,,,
1954,5205268615,Isklebibble (6/20),0,78.35,1B Vladimir Guerrero Jr. 2B JJ Wetherholt 3B Kazuma Okamoto C Alejandro Kirk OF George Springer OF Lars Nootbaar OF Daulton Varsho P Logan Gilbert P Connor Prielipp SS Francisco Lindor,,,
1954,5205282926,rschindler14 (6/20),0,78.35,1B Vladimir Guerrero Jr. 2B Luis Urias 3B Junior Caminero C Ivan Herrera OF A.J. Ewing OF Chandler Simpson OF Esteury Ruiz P Logan Gilbert P Connor Prielipp SS Francisco Lindor,,,
1954,5205282938,rschindler14 (18/20),0,78.35,1B Alec Burleson 2B Luis Urias 3B Kazuma Okamoto C Ivan Herrera OF Jordan Walker OF George Springer OF Lars Nootbaar P Logan Gilbert P Connor Prielipp SS Francisco Lindor,,,
1954,5205282940,rschindler14 (20/20),0,78.35,1B Josh Naylor 2B Royce Lewis 3B Junior Caminero C Cal Raleigh OF Jonny DeLuca OF Chandler Simpson OF Ryan Vilade P Drew Rasmussen P Quinn Mathews SS Francisco Lindor,,,
1954,5205383228,ImaDonk11 (2/20),0,78.35,1B Alec Burleson 2B Luis Urias 3B Junior Caminero C Alejandro Kirk OF George Springer OF Daulton Varsho OF Davis Schneider P Logan Gilbert P Connor Prielipp SS Colson Montgomery,,,
1954,5205400699,ehaugen (4/4),0,78.35,1B Kyle Stowers 2B Cole Young 3B Kazuma Okamoto C Cal Raleigh OF Jordan Walker OF Sam Antonacci OF Julio Rodriguez P Drew Rasmussen P Quinn Mathews SS Taylor Walls,,,
1954,5205462445,kcroyalfan (18/20),0,78.35,1B Yandy Diaz 2B Marcus Semien 3B Bo Bichette C Liam Hicks OF Julio Rodriguez OF A.J. Ewing OF Carson Benge P Logan Gilbert P Connor Prielipp SS Francisco Lindor,,,
1954,5205526489,wmdeaton,0,78.35,1B Royce Lewis 2B Xavier Edwards 3B Yandy Diaz C Ivan Herrera OF Jordan Walker OF Julio Rodriguez OF Braden Montgomery P Drew Rasmussen P Quinn Mathews SS Taylor Walls,,,
1965,5205200452,rsumrall (10/20),0,78.25,1B Yandy Diaz 2B Luis Urias 3B Junior Caminero C Cal Raleigh OF Julio Rodriguez OF Chandler Simpson OF Victor Mesa Jr. P Drew Rasmussen P Kevin Gausman SS Taylor Walls,,,
1966,5205022408,spabhook,0,78,1B Yandy Diaz 2B Marcus Semien 3B Kazuma Okamoto C Alejandro Kirk OF Chandler Simpson OF Carson Benge OF Heriberto Hernandez P Drew Rasmussen P Zac Thornton SS Francisco Lindor,,,
1966,5205123413,az350z (16/20),0,78,1B Yandy Diaz 2B Marcus Semien 3B Junior Caminero C Luis Torrens OF A.J. Ewing OF Chandler Simpson OF Tyrone Taylor P Drew Rasmussen P Zac Thornton SS Francisco Lindor,,,
1966,5205204301,JcClark18 (16/20),0,78,1B Alec Burleson 2B JJ Wetherholt 3B Blaze Jordan C Ivan Herrera OF Julio Rodriguez OF Dominic Canzone OF Lars Nootbaar P Logan Gilbert P Quinn Mathews SS Otto Lopez,,,
1966,5205256858,chicksdigthewongball (14/20),0,78,1B Royce Lewis 2B Kody Clemens 3B Bo Bichette C Luis Torrens OF Jordan Walker OF A.J. Ewing OF Tyrone Taylor P Drew Rasmussen P Zac Thornton SS Francisco Lindor,,,
1966,5205285045,mrclean913 (20/20),0,78,1B Alec Burleson 2B JJ Wetherholt 3B Brett Baty C Luis Torrens OF Jordan Walker OF A.J. Ewing OF Tyrone Taylor P Drew Rasmussen P Zac Thornton SS Francisco Lindor,,,
1966,5205371404,steviejane1113,0,78,1B Kyle Stowers 2B Cole Young 3B Miguel Vargas C Edgar Quero OF Randy Arozarena OF Dominic Canzone OF Andrew Benintendi P Logan Gilbert P Quinn Mathews SS Colson Montgomery,,,
1966,5205405184,SpeedRacer101 (14/20),0,78,1B Yandy Diaz 2B Marcus Semien 3B Junior Caminero C Luis Torrens OF Chandler Simpson OF Carson Benge OF Tyrone Taylor P Drew Rasmussen P Zac Thornton SS Francisco Lindor,,,
1966,5205408708,loigwine (1/2),0,78,1B Munetaka Murakami 2B Cole Young 3B Bo Bichette C Cal Raleigh OF George Springer OF Carson Benge OF Dominic Canzone P Logan Gilbert P Noah Schultz SS Francisco Lindor,,,
1966,5205485608,KenyanDrake (12/20),0,78,1B Alec Burleson 2B JJ Wetherholt 3B Weston Wilson C Ivan Herrera OF Jordan Walker OF Julio Rodriguez OF Dominic Canzone P Logan Gilbert P Noah Schultz SS Masyn Winn,,,
1966,5205531656,Twinheighsta,0,78,1B Josh Naylor 2B Chase Meidroth 3B Junior Caminero C Nick Fortes OF George Springer OF Chandler Simpson OF Braden Montgomery P Drew Rasmussen P Zac Thornton SS Francisco Lindor,,,
1976,5204975433,Ango0221 (15/20),0,77.95,1B Yandy Diaz 2B Ben Williamson 3B Junior Caminero C Liam Hicks OF George Springer OF Chandler Simpson OF Ryan Vilade P Kevin Gausman P Connor Prielipp SS Otto Lopez,,,
1976,5205012475,mmaffia5 (3/10),0,77.95,1B Munetaka Murakami 2B Xavier Edwards 3B Brooks Lee C Victor Caratini OF Sam Antonacci OF Trevor Larnach OF Luke Keaschall P Kevin Gausman P Connor Prielipp SS Ryan Kreidler,,,
1976,5205261854,bmosley21 (13/20),0,77.95,1B Yandy Diaz 2B Ben Williamson 3B Junior Caminero C Liam Hicks OF Jonny DeLuca OF Victor Mesa Jr. OF Heriberto Hernandez P Kevin Gausman P Connor Prielipp SS Otto Lopez,,,
1976,5205364091,zandwich (18/20),0,77.95,1B Vladimir Guerrero Jr. 2B Royce Lewis 3B Miguel Vargas C Alejandro Kirk OF Sam Antonacci OF George Springer OF Daulton Varsho P Kevin Gausman P Connor Prielipp SS Ernie Clement,,,
1976,5205462428,kcroyalfan (1/20),0,77.95,1B Vladimir Guerrero Jr. 2B Xavier Edwards 3B Junior Caminero C Liam Hicks OF George Springer OF A.J. Ewing OF Carson Benge P Kevin Gausman P Connor Prielipp SS Francisco Lindor,,,
1976,5205526948,Grnder_786 (6/20),0,77.95,1B Vladimir Guerrero Jr. 2B Royce Lewis 3B Junior Caminero C Alejandro Kirk OF George Springer OF Jonny DeLuca OF Victor Mesa Jr. P Kevin Gausman P Connor Prielipp SS Colson Montgomery,,,
1982,5204975426,Ango0221 (8/20),0,77.9,1B Jared Young 2B Xavier Edwards 3B Bo Bichette C Liam Hicks OF George Springer OF A.J. Ewing OF Carson Benge P Logan Gilbert P Kevin Gausman SS Francisco Lindor,,,
1982,5205013018,thundrenterprises (16/20),0,77.9,1B Vladimir Guerrero Jr. 2B Luis Urias 3B Kazuma Okamoto C Cal Raleigh OF George Springer OF A.J. Ewing OF Daulton Varsho P Logan Gilbert P Kevin Gausman SS Francisco Lindor,,,
1982,5205101730,welchy81 (7/20),0,77.9,1B Vladimir Guerrero Jr. 2B Brett Baty 3B Bo Bichette C Cal Raleigh OF George Springer OF A.J. Ewing OF Heriberto Hernandez P Logan Gilbert P Kevin Gausman SS Francisco Lindor,,,
1982,5205101742,welchy81 (19/20),0,77.9,1B Jared Young 2B Brett Baty 3B Junior Caminero C Cal Raleigh OF George Springer OF A.J. Ewing OF Tyrone Taylor P Logan Gilbert P Kevin Gausman SS Francisco Lindor,,,
1982,5205109497,wwestry,0,77.9,1B Kyle Stowers 2B Xavier Edwards 3B Bo Bichette C Liam Hicks OF A.J. Ewing OF Carson Benge OF Heriberto Hernandez P Logan Gilbert P Kevin Gausman SS Francisco Lindor,,,
1982,5205214619,tpyo (14/20),0,77.9,1B Vladimir Guerrero Jr. 2B Luis Urias 3B Kazuma Okamoto C Ryan Jeffers OF George Springer OF A.J. Ewing OF Davis Schneider P Logan Gilbert P Kevin Gausman SS Francisco Lindor,,,
1982,5205222609,joedirt1369,0,77.9,1B Vladimir Guerrero Jr. 2B Brett Baty 3B Bo Bichette C Alejandro Kirk OF Julio Rodriguez OF A.J. Ewing OF Carson Benge P Logan Gilbert P Kevin Gausman SS Francisco Lindor,,,
1982,5205473643,henry296 (7/20),0,77.9,1B Kyle Stowers 2B Xavier Edwards 3B Junior Caminero C Luis Torrens OF Julio Rodriguez OF A.J. Ewing OF Tyrone Taylor P Logan Gilbert P Kevin Gausman SS Francisco Lindor,,,
1982,5205485602,KenyanDrake (6/20),0,77.9,1B Vladimir Guerrero Jr. 2B Luis Urias 3B Kazuma Okamoto C Alejandro Kirk OF Sam Antonacci OF George Springer OF Braden Montgomery P Logan Gilbert P Kevin Gausman SS Colson Montgomery,,,
1991,5205019834,hunchoharry (5/20),0,77.7,1B Munetaka Murakami 2B Marcus Semien 3B Bo Bichette C Jimmy Crooks OF Jordan Walker OF A.J. Ewing OF Carson Benge P Drew Rasmussen P Connor Prielipp SS Francisco Lindor,,,
1991,5205191713,cowboys767 (18/20),0,77.7,1B Jared Young 2B Brett Baty 3B Junior Caminero C Ryan Jeffers OF Kody Clemens OF A.J. Ewing OF Tyrone Taylor P Drew Rasmussen P Connor Prielipp SS Francisco Lindor,,,
1991,5205192964,masonplays2014 (14/20),0,77.7,1B Jared Young 2B Brett Baty 3B Junior Caminero C Ryan Jeffers OF Kody Clemens OF A.J. Ewing OF Tyrone Taylor P Drew Rasmussen P Connor Prielipp SS Francisco Lindor,,,
1991,5205465881,BigMart11 (16/20),0,77.7,1B Yandy Diaz 2B Royce Lewis 3B Junior Caminero C Alejandro Kirk OF Chandler Simpson OF Victor Mesa Jr. OF Daulton Varsho P Drew Rasmussen P Connor Prielipp SS Taylor Walls,,,
1995,5205204412,UniversalFriend (7/20),0,77.65,1B Alec Burleson 2B Luis Urias 3B Blaze Jordan C Ivan Herrera OF Jordan Walker OF Julio Rodriguez OF Daulton Varsho P Logan Gilbert P Zac Thornton SS Masyn Winn,,,
1995,5205437833,wwaazz (2/2),0,77.65,1B Vladimir Guerrero Jr. 2B Cole Young 3B Weston Wilson C Cal Raleigh OF Randy Arozarena OF A.J. Ewing OF Carson Benge P Logan Gilbert P Zac Thornton SS Francisco Lindor,,,
1995,5205513224,ericadop4887,0,77.65,1B Yandy Diaz 2B Luis Urias 3B Junior Caminero C Luis Torrens OF A.J. Ewing OF Chandler Simpson OF Carson Benge P Logan Gilbert P Drew Rasmussen SS Colt Emerson,,,
1998,5205012481,mmaffia5 (9/10),0,77.35,1B Vladimir Guerrero Jr. 2B Luis Urias 3B Kazuma Okamoto C Alejandro Kirk OF Jordan Walker OF Sam Antonacci OF Daulton Varsho P Logan Gilbert P Connor Prielipp SS Otto Lopez,,,
1998,5205245581,blakemoore15 (1/5),0,77.35,1B Kyle Stowers 2B Xavier Edwards 3B Yandy Diaz C Liam Hicks OF Chandler Simpson OF Victor Mesa Jr. OF Heriberto Hernandez P Logan Gilbert P Connor Prielipp SS Otto Lopez,,,
1998,5205247575,jradesanmi (2/20),0,77.35,1B Vladimir Guerrero Jr. 2B Luis Urias 3B Junior Caminero C Alejandro Kirk OF George Springer OF Chandler Simpson OF Daulton Varsho P Logan Gilbert P Connor Prielipp SS Colson Montgomery,,,
1998,5205259204,kozy6813 (10/20),0,77.35,1B Kyle Stowers 2B Xavier Edwards 3B Yandy Diaz C Liam Hicks OF Chandler Simpson OF Victor Mesa Jr. OF Heriberto Hernandez P Logan Gilbert P Connor Prielipp SS Otto Lopez,,,
1998,5205283763,Dhadron (11/20),0,77.35,1B Munetaka Murakami 2B Xavier Edwards 3B Leo Jimenez C Liam Hicks OF Jonny DeLuca OF Chandler Simpson OF Heriberto Hernandez P Logan Gilbert P Connor Prielipp SS Otto Lopez,,,
1998,5205283767,Dhadron (15/20),0,77.35,1B Munetaka Murakami 2B Xavier Edwards 3B Leo Jimenez C Liam Hicks OF A.J. Ewing OF Heriberto Hernandez OF Esteury Ruiz P Logan Gilbert P Connor Prielipp SS Francisco Lindor,,,
1998,5205455732,Hey...HereWeGo1 (4/20),0,77.35,1B Alec Burleson 2B JJ Wetherholt 3B Blaze Jordan C Cal Raleigh OF Randy Arozarena OF Julio Rodriguez OF Dominic Canzone P Zac Thornton P Quinn Mathews SS Masyn Winn,,,
1998,5205477791,cwthrow24 (1/20),0,77.35,1B Alec Burleson 2B JJ Wetherholt 3B Kazuma Okamoto C Alejandro Kirk OF George Springer OF Lars Nootbaar OF Daulton Varsho P Logan Gilbert P Connor Prielipp SS Ernie Clement,,,
1998,5205518344,Cstevenson96 (2/2),0,77.35,1B Yandy Diaz 2B Royce Lewis 3B Kazuma Okamoto C Alejandro Kirk OF George Springer OF Chandler Simpson OF Carson Benge P Logan Gilbert P Connor Prielipp SS Francisco Lindor,,,
2007,5205417298,Erich00,0,77.25,1B Ryan Vilade 2B Xavier Edwards 3B Kazuma Okamoto C Alejandro Kirk OF Randy Arozarena OF Sam Antonacci OF George Springer P Zac Thornton P Kevin Gausman SS Francisco Lindor,,,
2007,5205505186,KingTerryPegula (3/20),0,77.25,1B Yandy Diaz 2B Ben Williamson 3B Junior Caminero C Mitch Garver OF A.J. Ewing OF Chandler Simpson OF Weston Wilson P Drew Rasmussen P Kevin Gausman SS Francisco Lindor,,,
2007,5205540431,bellsofwar3 (3/14),0,77.25,1B Ryan Vilade 2B Xavier Edwards 3B Junior Caminero C Liam Hicks OF A.J. Ewing OF Victor Mesa Jr. OF Heriberto Hernandez P Drew Rasmussen P Kevin Gausman SS Ben Williamson,,,
2010,5205523493,bownuts611 (2/6),0,77.1,1B Munetaka Murakami 2B Ernie Clement 3B Bo Bichette C Ryan Jeffers OF Jordan Walker OF Kody Clemens OF Randy Arozarena P Noah Schultz P Jordan Hicks SS Otto Lopez,,,
2011,5205498701,Rickbobbi2,0,77.05,1B Alec Burleson 2B JJ Wetherholt 3B Brooks Lee C Nick Fortes OF Jordan Walker OF Kody Clemens OF George Springer P Quinn Mathews P Connor Prielipp SS Otto Lopez,,,
2012,5205007803,Boneyball1018 (4/8),0,77,1B Yandy Diaz 2B Luis Urias 3B Junior Caminero C Luis Torrens OF Jordan Walker OF Julio Rodriguez OF Nathan Church P Drew Rasmussen P Zac Thornton SS Masyn Winn,,,
2012,5205152531,kafedaiv (12/20),0,77,1B Josh Naylor 2B JJ Wetherholt 3B Junior Caminero C Jimmy Crooks OF Julio Rodriguez OF Carson Benge OF Dominic Canzone P Drew Rasmussen P Zac Thornton SS Masyn Winn,,,
2012,5205415461,BuckeyeCity (7/20),0,77,1B Alec Burleson 2B JJ Wetherholt 3B Blaze Jordan C Cal Raleigh OF Jordan Walker OF Lars Nootbaar OF Tyrone Taylor P Logan Gilbert P Quinn Mathews SS Francisco Lindor,,,
2012,5205470977,RelentlessD85 (6/20),0,77,1B Vladimir Guerrero Jr. 2B JJ Wetherholt 3B Brett Baty C Cal Raleigh OF Julio Rodriguez OF George Springer OF Chandler Simpson P Logan Gilbert P Noah Schultz SS Francisco Lindor,,,
2016,5204788739,ivymoose (1/20),0,76.95,1B Kyle Stowers 2B Xavier Edwards 3B Miguel Vargas C Ryan Jeffers OF Kody Clemens OF Heriberto Hernandez OF Griffin Conine P Kevin Gausman P Connor Prielipp SS Otto Lopez,,,
2016,5204867942,mga120 (13/20),0,76.95,1B Royce Lewis 2B Luis Urias 3B Miguel Vargas C Ryan Jeffers OF Sam Antonacci OF George Springer OF Esteury Ruiz P Kevin Gausman P Connor Prielipp SS Ernie Clement,,,
2016,5205371380,Abc1289 (4/20),0,76.95,1B Vladimir Guerrero Jr. 2B Ernie Clement 3B Kazuma Okamoto C Alejandro Kirk OF Sam Antonacci OF George Springer OF A.J. Ewing P Kevin Gausman P Connor Prielipp SS Francisco Lindor,,,
2016,5205371389,Abc1289 (13/20),0,76.95,1B Vladimir Guerrero Jr. 2B Ernie Clement 3B Yandy Diaz C Alejandro Kirk OF Sam Antonacci OF George Springer OF Chandler Simpson P Kevin Gausman P Connor Prielipp SS Colson Montgomery,,,
2016,5205474110,cachedinar (11/20),0,76.95,1B Munetaka Murakami 2B Xavier Edwards 3B Junior Caminero C Ryan Jeffers OF Esteury Ruiz OF Daulton Varsho OF Tyrone Taylor P Kevin Gausman P Connor Prielipp SS Ernie Clement,,,
2021,5205089572,SeanDre (16/20),0,76.9,1B Munetaka Murakami 2B Luis Urias 3B Miguel Vargas C Edgar Quero OF Randy Arozarena OF Braden Montgomery OF Weston Wilson P Logan Gilbert P Kevin Gausman SS Colson Montgomery,,,
2021,5205090281,drunkonpappy (7/20),0,76.9,1B Vladimir Guerrero Jr. 2B Luis Urias 3B Kazuma Okamoto C Cal Raleigh OF George Springer OF A.J. Ewing OF Davis Schneider P Logan Gilbert P Kevin Gausman SS Francisco Lindor,,,
2021,5205127303,Jspears30,0,76.9,1B Yandy Diaz 2B Xavier Edwards 3B Junior Caminero C Hayden Senger OF Randy Arozarena OF Julio Rodriguez OF Nick Morabito P Logan Gilbert P Kevin Gausman SS Ben Williamson,,,
2021,5205167471,ron214 (3/4),0,76.9,1B Munetaka Murakami 2B Luis Urias 3B Junior Caminero C Alejandro Kirk OF George Springer OF Heriberto Hernandez OF Weston Wilson P Logan Gilbert P Kevin Gausman SS Ben Williamson,,,
2021,5205256859,chicksdigthewongball (15/20),0,76.9,1B Munetaka Murakami 2B Cole Young 3B Weston Wilson C Mitch Garver OF Julio Rodriguez OF Jonny DeLuca OF Dominic Canzone P Logan Gilbert P Kevin Gausman SS Colson Montgomery,,,
2021,5205445528,lunchbox11,0,76.9,1B Vladimir Guerrero Jr. 2B Xavier Edwards 3B Kazuma Okamoto C Alejandro Kirk OF George Springer OF Carson Benge OF Andrew Benintendi P Logan Gilbert P Kevin Gausman SS Francisco Lindor,,,
2027,5204975435,Ango0221 (17/20),0,76.7,1B Yandy Diaz 2B Ben Williamson 3B Junior Caminero C Liam Hicks OF Carson Benge OF Victor Mesa Jr. OF Ryan Vilade P Drew Rasmussen P Connor Prielipp SS Francisco Lindor,,,
2027,5205019841,hunchoharry (12/20),0,76.7,1B Jared Young 2B Kody Clemens 3B Bo Bichette C Liam Hicks OF A.J. Ewing OF Carson Benge OF Victor Mesa Jr. P Drew Rasmussen P Connor Prielipp SS Francisco Lindor,,,
2027,5205529381,texasnumbercruncher (6/20),0,76.7,1B Vladimir Guerrero Jr. 2B Luis Urias 3B Junior Caminero C Ivan Herrera OF Chandler Simpson OF Victor Mesa Jr. OF Ryan Vilade P Drew Rasmussen P Connor Prielipp SS Francisco Lindor,,,
2030,5205261852,bmosley21 (11/20),0,76.65,1B Jared Young 2B Marcus Semien 3B Junior Caminero C Nick Fortes OF A.J. Ewing OF Carson Benge OF Ryan Vilade P Logan Gilbert P Drew Rasmussen SS Francisco Lindor,,,
2030,5205267177,SFN03 (14/20),0,76.65,1B Jared Young 2B Kody Clemens 3B Brett Baty C Jimmy Crooks OF Randy Arozarena OF Dominic Canzone OF Tyrone Taylor P Logan Gilbert P Zac Thornton SS Francisco Lindor,,,
2030,5205276557,HockeyCardsPlus (2/20),0,76.65,1B Jared Young 2B Marcus Semien 3B Junior Caminero C Nick Fortes OF Chandler Simpson OF Carson Benge OF Victor Mesa Jr. P Logan Gilbert P Drew Rasmussen SS Francisco Lindor,,,
2030,5205356502,lklk88088 (7/20),0,76.65,1B Alec Burleson 2B Luis Urias 3B Blaze Jordan C Ivan Herrera OF Jordan Walker OF George Springer OF Lars Nootbaar P Logan Gilbert P Zac Thornton SS Ernie Clement,,,
2030,5205504314,lilmaryy (10/10),0,76.65,1B Jared Young 2B Brett Baty 3B Junior Caminero C Mitch Garver OF A.J. Ewing OF Carson Benge OF Dominic Canzone P Logan Gilbert P Drew Rasmussen SS Francisco Lindor,,,
2035,5205530775,danielcro,0,76.5,1B Munetaka Murakami 2B JJ Wetherholt 3B Miguel Vargas C Jimmy Crooks OF Jordan Walker OF Randy Arozarena OF Tyrone Taylor P Quinn Mathews P Tyler Phillips SS Colson Montgomery,,,
2036,5205303269,jmc2501,0,76.35,1B Josh Naylor 2B Cole Young 3B Junior Caminero C Cal Raleigh OF A.J. Ewing OF Chandler Simpson OF Victor Mesa Jr. P Drew Rasmussen P Quinn Mathews SS Francisco Lindor,,,
2036,5205371859,mrzippy (1/3),0,76.35,1B Yandy Diaz 2B Ernie Clement 3B Brett Baty C Nick Fortes OF Jordan Walker OF Kody Clemens OF Jonny DeLuca P Drew Rasmussen P Quinn Mathews SS Ben Williamson,,,
2036,5205517808,ydoja2 (11/15),0,76.35,1B Alec Burleson 2B JJ Wetherholt 3B Bo Bichette C Jimmy Crooks OF Jordan Walker OF Carson Benge OF Lars Nootbaar P Drew Rasmussen P Quinn Mathews SS Francisco Lindor,,,
2039,5205158125,j-wolf05 (18/20),0,76.25,1B Jared Young 2B Xavier Edwards 3B Bo Bichette C Ryan Jeffers OF A.J. Ewing OF Carson Benge OF Heriberto Hernandez P Drew Rasmussen P Kevin Gausman SS Francisco Lindor,,,
2039,5205466721,Blerud15 (12/20),0,76.25,1B Jared Young 2B Xavier Edwards 3B Junior Caminero C Cal Raleigh OF Chandler Simpson OF Victor Mesa Jr. OF Heriberto Hernandez P Drew Rasmussen P Kevin Gausman SS Otto Lopez,,,
2041,5205158122,j-wolf05 (15/20),0,76,1B Alec Burleson 2B JJ Wetherholt 3B Blaze Jordan C Jimmy Crooks OF Jordan Walker OF A.J. Ewing OF Carson Benge P Drew Rasmussen P Zac Thornton SS Francisco Lindor,,,
2041,5205192952,masonplays2014 (2/20),0,76,1B Alec Burleson 2B JJ Wetherholt 3B Yandy Diaz C Jimmy Crooks OF Jordan Walker OF Nathan Church OF Tyrone Taylor P Logan Gilbert P Quinn Mathews SS Francisco Lindor,,,
2041,5205204293,JcClark18 (8/20),0,76,1B Alec Burleson 2B JJ Wetherholt 3B Blaze Jordan C Jimmy Crooks OF Jordan Walker OF A.J. Ewing OF Carson Benge P Drew Rasmussen P Zac Thornton SS Francisco Lindor,,,
2041,5205204422,UniversalFriend (17/20),0,76,1B Alec Burleson 2B JJ Wetherholt 3B Blaze Jordan C Jimmy Crooks OF Jordan Walker OF A.J. Ewing OF Carson Benge P Drew Rasmussen P Zac Thornton SS Francisco Lindor,,,
2041,5205417032,loigwine (2/2),0,76,1B Munetaka Murakami 2B Cole Young 3B Bo Bichette C Luis Torrens OF Randy Arozarena OF Carson Benge OF Victor Mesa Jr. P Logan Gilbert P Quinn Mathews SS Francisco Lindor,,,
2046,5205132384,KristianFTM (2/20),0,75.95,1B Royce Lewis 2B Kody Clemens 3B Brooks Lee C Ryan Jeffers OF A.J. Ewing OF Trevor Larnach OF Carson Benge P Kevin Gausman P Connor Prielipp SS Francisco Lindor,,,
2046,5205371395,Abc1289 (19/20),0,75.95,1B Vladimir Guerrero Jr. 2B Kody Clemens 3B Yandy Diaz C Alejandro Kirk OF Sam Antonacci OF George Springer OF Ryan Vilade P Kevin Gausman P Connor Prielipp SS Ernie Clement,,,
2048,5205101739,welchy81 (16/20),0,75.9,1B Vladimir Guerrero Jr. 2B Marcus Semien 3B Bo Bichette C Cal Raleigh OF George Springer OF A.J. Ewing OF Andrew Benintendi P Logan Gilbert P Kevin Gausman SS Francisco Lindor,,,
2048,5205214620,tpyo (15/20),0,75.9,1B Munetaka Murakami 2B Cole Young 3B Bo Bichette C Cal Raleigh OF Julio Rodriguez OF Dominic Canzone OF Heriberto Hernandez P Logan Gilbert P Kevin Gausman SS Colt Emerson,,,
2048,5205214623,tpyo (18/20),0,75.9,1B Vladimir Guerrero Jr. 2B Davis Schneider 3B Miguel Vargas C Cal Raleigh OF George Springer OF A.J. Ewing OF Daulton Varsho P Logan Gilbert P Kevin Gausman SS Ernie Clement,,,
2048,5205276575,HockeyCardsPlus (20/20),0,75.9,1B Jared Young 2B Xavier Edwards 3B Bo Bichette C Liam Hicks OF A.J. Ewing OF Carson Benge OF Heriberto Hernandez P Logan Gilbert P Kevin Gausman SS Otto Lopez,,,
2048,5205387491,tgrenwelge,0,75.9,1B Kyle Stowers 2B Ernie Clement 3B Connor Norby C Ivan Herrera OF Jordan Walker OF Ryan Vilade OF Tyrone Taylor P Logan Gilbert P Kevin Gausman SS Colson Montgomery,,,
2048,5205467821,robbwarren1231 (1/2),0,75.9,1B Vladimir Guerrero Jr. 2B Luis Urias 3B Kazuma Okamoto C Cal Raleigh OF George Springer OF A.J. Ewing OF Carson Benge P Logan Gilbert P Kevin Gausman SS Francisco Lindor,,,
2054,5205251626,uvajay (19/20),0,75.7,1B Yandy Diaz 2B Luis Urias 3B Junior Caminero C Nick Fortes OF Jordan Walker OF A.J. Ewing OF Chandler Simpson P Drew Rasmussen P Connor Prielipp SS Taylor Walls,,,
2054,5205431561,WunstaGuy (7/20),0,75.7,1B Alec Burleson 2B JJ Wetherholt 3B Yandy Diaz C Nick Fortes OF Jordan Walker OF Chandler Simpson OF Victor Mesa Jr. P Drew Rasmussen P Connor Prielipp SS Taylor Walls,,,
2054,5205467541,Dricou (5/5),0,75.7,1B Royce Lewis 2B Marcus Semien 3B Bo Bichette C Ryan Jeffers OF Kody Clemens OF A.J. Ewing OF Carson Benge P Drew Rasmussen P Connor Prielipp SS Francisco Lindor,,,
2057,5205026943,Panchito1113,0,75.65,1B Vladimir Guerrero Jr. 2B Luis Urias 3B Yandy Diaz C Cal Raleigh OF Randy Arozarena OF Lars Nootbaar OF Ryan Vilade P Logan Gilbert P Zac Thornton SS Francisco Lindor,,,
2057,5205278301,UWAlums03 (5/5),0,75.65,1B Ryan Vilade 2B Ben Williamson 3B Junior Caminero C Nick Fortes OF Chandler Simpson OF Carson Benge OF Dominic Canzone P Logan Gilbert P Drew Rasmussen SS Francisco Lindor,,,
2057,5205291414,meyers2305 (15/20),0,75.65,1B Alec Burleson 2B Marcus Semien 3B Brett Baty C Luis Torrens OF Jordan Walker OF George Springer OF Tyrone Taylor P Logan Gilbert P Zac Thornton SS Francisco Lindor,,,
2057,5205391041,swaggybees,0,75.65,1B Jared Young 2B JJ Wetherholt 3B Brett Baty C Cal Raleigh OF A.J. Ewing OF Carson Benge OF Heriberto Hernandez P Logan Gilbert P Drew Rasmussen SS Francisco Lindor,,,
2057,5205536971,blacklabelkk,0,75.65,1B Yandy Diaz 2B Ernie Clement 3B Kazuma Okamoto C Luis Torrens OF A.J. Ewing OF Carson Benge OF Ryan Vilade P Logan Gilbert P Drew Rasmussen SS Francisco Lindor,,,
2062,5205191706,cowboys767 (11/20),0,75.35,1B Vladimir Guerrero Jr. 2B JJ Wetherholt 3B Kazuma Okamoto C Ivan Herrera OF George Springer OF Lars Nootbaar OF Nathan Church P Logan Gilbert P Connor Prielipp SS Masyn Winn,,,
2062,5205496601,captainzen,0,75.35,1B Ryan Vilade 2B Xavier Edwards 3B Yandy Diaz C Ryan Jeffers OF A.J. Ewing OF Carson Benge OF Heriberto Hernandez P Drew Rasmussen P Quinn Mathews SS Otto Lopez,,,
2064,5205040974,Boltmantom,0,75.25,1B Vladimir Guerrero Jr. 2B Ernie Clement 3B Kazuma Okamoto C Alejandro Kirk OF Julio Rodriguez OF George Springer OF Carson Benge P Zac Thornton P Kevin Gausman SS Francisco Lindor,,,
2064,5205331696,cessnak30,0,75.25,1B Vladimir Guerrero Jr. 2B Brett Baty 3B Kazuma Okamoto C Francisco Alvarez OF Randy Arozarena OF Julio Rodriguez OF George Springer P Zac Thornton P Kevin Gausman SS Colson Montgomery,,,
2066,5204867948,mga120 (19/20),0,75,1B Josh Naylor 2B Xavier Edwards 3B Leo Jimenez C Liam Hicks OF Jordan Walker OF Heriberto Hernandez OF Lars Nootbaar P Logan Gilbert P Quinn Mathews SS Otto Lopez,,,
2066,5205012832,SayHeyKid1230 (2/20),0,75,1B Munetaka Murakami 2B Cole Young 3B Junior Caminero C Mitch Garver OF Chandler Simpson OF Lars Nootbaar OF Braden Montgomery P Logan Gilbert P Quinn Mathews SS Javier Sanoja,,,
2066,5205013004,thundrenterprises (2/20),0,75,1B Alec Burleson 2B Brett Baty 3B Miguel Vargas C Ivan Herrera OF Jordan Walker OF Lars Nootbaar OF Tyrone Taylor P Logan Gilbert P Quinn Mathews SS Masyn Winn,,,
2066,5205140496,sheed6 (7/20),0,75,1B Kyle Stowers 2B Xavier Edwards 3B Miguel Vargas C Liam Hicks OF Sam Antonacci OF Esteury Ruiz OF Tristan Peters P Logan Gilbert P Quinn Mathews SS Otto Lopez,,,
2066,5205256847,chicksdigthewongball (3/20),0,75,1B Jared Young 2B JJ Wetherholt 3B Miguel Vargas C Jimmy Crooks OF Randy Arozarena OF Julio Rodriguez OF Dominic Canzone P Logan Gilbert P Quinn Mathews SS Francisco Lindor,,,
2066,5205385264,Cincybengal12,0,75,1B Yandy Diaz 2B Royce Lewis 3B Kazuma Okamoto C Ivan Herrera OF Dominic Canzone OF Heriberto Hernandez OF Braden Montgomery P Drew Rasmussen P Zac Thornton SS Francisco Lindor,,,
2066,5205432826,smk5430 (3/20),0,75,1B Alec Burleson 2B Marcus Semien 3B Bo Bichette C Ivan Herrera OF A.J. Ewing OF Carson Benge OF Lars Nootbaar P Drew Rasmussen P Zac Thornton SS Francisco Lindor,,,
2066,5205462311,deadend110 (2/4),0,75,1B Alec Burleson 2B Brett Baty 3B Miguel Vargas C Edgar Quero OF Jordan Walker OF Sam Antonacci OF Tyrone Taylor P Logan Gilbert P Quinn Mathews SS Otto Lopez,,,
2066,5205465908,deadend110 (4/4),0,75,1B Alec Burleson 2B Brett Baty 3B Miguel Vargas C Edgar Quero OF Jordan Walker OF Sam Antonacci OF Tyrone Taylor P Logan Gilbert P Quinn Mathews SS Otto Lopez,,,
2066,5205466723,Blerud15 (14/20),0,75,1B Kyle Stowers 2B Xavier Edwards 3B Blaze Jordan C Ivan Herrera OF Jordan Walker OF Julio Rodriguez OF Lars Nootbaar P Logan Gilbert P Quinn Mathews SS Masyn Winn,,,
2066,5205477795,cwthrow24 (5/20),0,75,1B Alec Burleson 2B JJ Wetherholt 3B Blaze Jordan C Ivan Herrera OF Chandler Simpson OF Heriberto Hernandez OF Lars Nootbaar P Logan Gilbert P Quinn Mathews SS Otto Lopez,,,
2077,5205232972,madballnj (16/20),0,74.95,1B Kyle Stowers 2B Xavier Edwards 3B Kazuma Okamoto C Ryan Jeffers OF Victor Mesa Jr. OF Heriberto Hernandez OF Griffin Conine P Kevin Gausman P Connor Prielipp SS Otto Lopez,,,
2077,5205474109,cachedinar (10/20),0,74.95,1B Munetaka Murakami 2B Xavier Edwards 3B Junior Caminero C Liam Hicks OF Sam Antonacci OF Daulton Varsho OF Tyrone Taylor P Kevin Gausman P Connor Prielipp SS Ernie Clement,,,
2079,5205090275,drunkonpappy (1/20),0,74.9,1B Vladimir Guerrero Jr. 2B Luis Urias 3B Kazuma Okamoto C Alejandro Kirk OF Sam Antonacci OF Julio Rodriguez OF Daulton Varsho P Logan Gilbert P Kevin Gausman SS Colson Montgomery,,,
2079,5205204415,UniversalFriend (10/20),0,74.9,1B Yandy Diaz 2B Luis Urias 3B Kazuma Okamoto C Nick Fortes OF Jonny DeLuca OF Chandler Simpson OF Victor Mesa Jr. P Logan Gilbert P Kevin Gausman SS Otto Lopez,,,
2079,5205284853,Twinz1987 (4/20),0,74.9,1B Yandy Diaz 2B Marcus Semien 3B Miguel Vargas C Luis Torrens OF Julio Rodriguez OF Dominic Canzone OF Tyrone Taylor P Logan Gilbert P Kevin Gausman SS Colson Montgomery,,,
2079,5205286571,FoxyGrandpa252 (10/20),0,74.9,1B Munetaka Murakami 2B Luis Urias 3B Miguel Vargas C Edgar Quero OF Sam Antonacci OF Andrew Benintendi OF Griffin Conine P Logan Gilbert P Kevin Gausman SS Ernie Clement,,,
2079,5205347381,chrispy2005 (19/20),0,74.9,1B Vladimir Guerrero Jr. 2B Luis Urias 3B Kazuma Okamoto C Alejandro Kirk OF Sam Antonacci OF George Springer OF Andrew Benintendi P Logan Gilbert P Kevin Gausman SS Colson Montgomery,,,
2079,5205485603,KenyanDrake (7/20),0,74.9,1B Vladimir Guerrero Jr. 2B Luis Urias 3B Kazuma Okamoto C Alejandro Kirk OF Sam Antonacci OF George Springer OF Andrew Benintendi P Logan Gilbert P Kevin Gausman SS Colson Montgomery,,,
2079,5205488901,bigbfb83,0,74.9,1B Kyle Stowers 2B Xavier Edwards 3B Brooks Lee C Alejandro Kirk OF Jordan Walker OF Chandler Simpson OF Carson Benge P Logan Gilbert P Kevin Gausman SS Taylor Walls,,,
2079,5205531573,vicviking76,0,74.9,1B Vladimir Guerrero Jr. 2B Royce Lewis 3B Kazuma Okamoto C Alejandro Kirk OF Sam Antonacci OF Carson Benge OF Ryan Vilade P Logan Gilbert P Kevin Gausman SS Otto Lopez,,,
2087,5205187600,WILDCATBALLERS (15/20),0,74.85,1B Munetaka Murakami 2B Xavier Edwards 3B Kazuma Okamoto C Alejandro Kirk OF George Springer OF Chandler Simpson OF Victor Mesa Jr. P Connor Prielipp P Tyler Phillips SS Javier Sanoja,,,
2088,5205539550,Titanjeep (1/2),0,74.8,1B Josh Naylor 2B Chase Meidroth 3B Yandy Diaz C Cal Raleigh OF Sam Antonacci OF Julio Rodriguez OF Jonny DeLuca P Logan Gilbert P Tyler Phillips SS Francisco Lindor,,,
2089,5205322171,Wiggs151,0,74.7,1B Alec Burleson 2B JJ Wetherholt 3B Kazuma Okamoto C Nick Fortes OF Kody Clemens OF Randy Arozarena OF Jonny DeLuca P Zac Thornton P Connor Prielipp SS Masyn Winn,,,
2089,5205474093,SeanyB231 (2/2),0,74.7,1B Alec Burleson 2B Kody Clemens 3B Kazuma Okamoto C Jimmy Crooks OF George Springer OF Trevor Larnach OF Andrew Benintendi P Quinn Mathews P Noah Schultz SS Masyn Winn,,,
2091,5205014019,Nick628,0,74.65,1B Jared Young 2B Brett Baty 3B Junior Caminero C Nick Fortes OF A.J. Ewing OF Chandler Simpson OF Carson Benge P Logan Gilbert P Drew Rasmussen SS Francisco Lindor,,,
2091,5205193048,RedRusyn,0,74.65,1B Jared Young 2B Marcus Semien 3B Junior Caminero C Alejandro Kirk OF Jonny DeLuca OF Dominic Canzone OF Tyrone Taylor P Logan Gilbert P Zac Thornton SS Francisco Lindor,,,
2091,5205337146,pete0six (12/20),0,74.65,1B Alec Burleson 2B JJ Wetherholt 3B Kazuma Okamoto C Jimmy Crooks OF Jordan Walker OF Lars Nootbaar OF Weston Wilson P Logan Gilbert P Drew Rasmussen SS Taylor Walls,,,
2091,5205432828,smk5430 (5/20),0,74.65,1B Vladimir Guerrero Jr. 2B Luis Urias 3B Kazuma Okamoto C Cal Raleigh OF Randy Arozarena OF Dominic Canzone OF Daulton Varsho P Logan Gilbert P Zac Thornton SS Ernie Clement,,,
2095,5205183604,jnwallen (1/20),0,74.6,1B Yandy Diaz 2B Xavier Edwards 3B Junior Caminero C Liam Hicks OF Jonny DeLuca OF Heriberto Hernandez OF Ryan Vilade P Kevin Gausman P Quinn Mathews SS Otto Lopez,,,
2096,5205268611,Isklebibble (2/20),0,74.35,1B Vladimir Guerrero Jr. 2B Ben Williamson 3B Junior Caminero C Nick Fortes OF George Springer OF Jonny DeLuca OF Victor Mesa Jr. P Logan Gilbert P Connor Prielipp SS Francisco Lindor,,,
2096,5205374688,BadMOFO55 (1/2),0,74.35,1B Alec Burleson 2B Xavier Edwards 3B Yandy Diaz C Liam Hicks OF Carson Benge OF Victor Mesa Jr. OF Lars Nootbaar P Logan Gilbert P Connor Prielipp SS Otto Lopez,,,
2096,5205473651,henry296 (15/20),0,74.35,1B Vladimir Guerrero Jr. 2B Xavier Edwards 3B Kazuma Okamoto C Alejandro Kirk OF George Springer OF A.J. Ewing OF Chandler Simpson P Logan Gilbert P Connor Prielipp SS Francisco Lindor,,,
2096,5205517751,Schlaurizzle (14/20),0,74.35,1B Vladimir Guerrero Jr. 2B Ben Williamson 3B Junior Caminero C Nick Fortes OF George Springer OF Jonny DeLuca OF Victor Mesa Jr. P Logan Gilbert P Connor Prielipp SS Francisco Lindor,,,
2100,5205517805,ydoja2 (8/15),0,74.25,1B Jared Young 2B Royce Lewis 3B Bo Bichette C Ryan Jeffers OF Chandler Simpson OF Carson Benge OF Victor Mesa Jr. P Drew Rasmussen P Kevin Gausman SS Francisco Lindor,,,
2101,5205152529,kafedaiv (10/20),0,74,1B Alec Burleson 2B Cole Young 3B Miguel Vargas C Nick Fortes OF Julio Rodriguez OF Chandler Simpson OF Heriberto Hernandez P Logan Gilbert P Quinn Mathews SS Francisco Lindor,,,
2101,5205243800,slappey22 (2/5),0,74,1B Munetaka Murakami 2B Brett Baty 3B Bo Bichette C Nick Fortes OF Randy Arozarena OF A.J. Ewing OF Carson Benge P Logan Gilbert P Quinn Mathews SS Francisco Lindor,,,
2101,5205284868,Twinz1987 (19/20),0,74,1B Munetaka Murakami 2B Marcus Semien 3B Junior Caminero C Luis Torrens OF Julio Rodriguez OF Heriberto Hernandez OF Tyrone Taylor P Logan Gilbert P Quinn Mathews SS Francisco Lindor,,,
2101,5205364090,zandwich (17/20),0,74,1B Kyle Stowers 2B Xavier Edwards 3B Bo Bichette C Liam Hicks OF A.J. Ewing OF Chandler Simpson OF Heriberto Hernandez P Logan Gilbert P Quinn Mathews SS Otto Lopez,,,
2101,5205531310,RScholl (1/3),0,74,1B Yandy Diaz 2B Marcus Semien 3B Junior Caminero C Luis Torrens OF Jonny DeLuca OF Carson Benge OF Daulton Varsho P Drew Rasmussen P Zac Thornton SS Francisco Lindor,,,
2106,5205025414,tbjones2121 (6/20),0,73.95,1B Vladimir Guerrero Jr. 2B Kody Clemens 3B Kazuma Okamoto C Ryan Jeffers OF George Springer OF Luke Keaschall OF Daulton Varsho P Kevin Gausman P Connor Prielipp SS Colson Montgomery,,,
2106,5205440930,DefendFreedom (9/20),0,73.95,1B Jared Young 2B Brett Baty 3B Junior Caminero C Ryan Jeffers OF Trevor Larnach OF Carson Benge OF Tyrone Taylor P Kevin Gausman P Connor Prielipp SS Francisco Lindor,,,
2106,5205462431,kcroyalfan (4/20),0,73.95,1B Yandy Diaz 2B Marcus Semien 3B Junior Caminero C Ivan Herrera OF George Springer OF A.J. Ewing OF Carson Benge P Kevin Gausman P Connor Prielipp SS Francisco Lindor,,,
2106,5205539058,TheCompletePackage,0,73.95,1B Munetaka Murakami 2B Kody Clemens 3B Kazuma Okamoto C Alejandro Kirk OF Sam Antonacci OF Heriberto Hernandez OF Esteury Ruiz P Kevin Gausman P Connor Prielipp SS Francisco Lindor,,,
2110,5205101725,welchy81 (2/20),0,73.9,1B Vladimir Guerrero Jr. 2B Luis Urias 3B Bo Bichette C Cal Raleigh OF Julio Rodriguez OF A.J. Ewing OF Chandler Simpson P Logan Gilbert P Kevin Gausman SS Francisco Lindor,,,
2110,5205192966,masonplays2014 (16/20),0,73.9,1B Josh Naylor 2B Ben Williamson 3B Junior Caminero C Cal Raleigh OF Julio Rodriguez OF Chandler Simpson OF Esteury Ruiz P Logan Gilbert P Kevin Gausman SS Taylor Walls,,,
2110,5205278297,UWAlums03 (1/5),0,73.9,1B Yandy Diaz 2B Xavier Edwards 3B Weston Wilson C Cal Raleigh OF Julio Rodriguez OF Dominic Canzone OF Heriberto Hernandez P Logan Gilbert P Kevin Gausman SS Otto Lopez,,,
2110,5205292792,wormlove3 (1/17),0,73.9,1B Alec Burleson 2B JJ Wetherholt 3B Bo Bichette C Alejandro Kirk OF Kody Clemens OF Heriberto Hernandez OF Nathan Church P Logan Gilbert P Kevin Gausman SS Colt Emerson,,,
2110,5205299320,wormlove3 (7/17),0,73.9,1B Alec Burleson 2B JJ Wetherholt 3B Bo Bichette C Alejandro Kirk OF Kody Clemens OF Heriberto Hernandez OF Nathan Church P Logan Gilbert P Kevin Gausman SS Colt Emerson,,,
2110,5205299329,wormlove3 (13/17),0,73.9,1B Alec Burleson 2B JJ Wetherholt 3B Bo Bichette C Alejandro Kirk OF Kody Clemens OF Heriberto Hernandez OF Nathan Church P Logan Gilbert P Kevin Gausman SS Colt Emerson,,,
2110,5205356939,Darkhorse911 (3/3),0,73.9,1B Yandy Diaz 2B Luis Urias 3B Junior Caminero C Luis Torrens OF Jonny DeLuca OF Carson Benge OF Heriberto Hernandez P Logan Gilbert P Kevin Gausman SS Francisco Lindor,,,
2110,5205498704,TroyGilly91 (2/8),0,73.9,1B Vladimir Guerrero Jr. 2B Brett Baty 3B Bo Bichette C Alejandro Kirk OF A.J. Ewing OF Carson Benge OF Daulton Varsho P Logan Gilbert P Kevin Gausman SS Francisco Lindor,,,
2110,5205522998,Sprtsguy,0,73.9,1B Kyle Stowers 2B Xavier Edwards 3B Brooks Lee C Ryan Jeffers OF Andrew Benintendi OF Griffin Conine OF Ryan Vilade P Logan Gilbert P Kevin Gausman SS Colson Montgomery,,,
2119,5205013003,thundrenterprises (1/20),0,73.7,1B Royce Lewis 2B Luis Urias 3B Junior Caminero C Ryan Jeffers OF Jonny DeLuca OF Chandler Simpson OF Victor Mesa Jr. P Drew Rasmussen P Connor Prielipp SS Ben Williamson,,,
2119,5205284863,Twinz1987 (14/20),0,73.7,1B Vladimir Guerrero Jr. 2B Marcus Semien 3B Junior Caminero C Ryan Jeffers OF Chandler Simpson OF Victor Mesa Jr. OF Heriberto Hernandez P Drew Rasmussen P Connor Prielipp SS Taylor Walls,,,
2119,5205432830,smk5430 (7/20),0,73.7,1B Alec Burleson 2B JJ Wetherholt 3B Blaze Jordan C Alejandro Kirk OF Jordan Walker OF George Springer OF Daulton Varsho P Zac Thornton P Connor Prielipp SS Francisco Lindor,,,
2119,5205505683,magpie0607,0,73.7,1B Kyle Stowers 2B JJ Wetherholt 3B Junior Caminero C Agustin Ramirez OF A.J. Ewing OF Carson Benge OF Ryan Vilade P Drew Rasmussen P Connor Prielipp SS Otto Lopez,,,
2123,5205258280,E-Steelers,0,73.65,1B Yandy Diaz 2B Davis Schneider 3B Junior Caminero C Nick Fortes OF George Springer OF Chandler Simpson OF Cedric Mullins P Logan Gilbert P Zac Thornton SS Javier Sanoja,,,
2123,5205371393,Abc1289 (17/20),0,73.65,1B Jared Young 2B Xavier Edwards 3B Bo Bichette C Cal Raleigh OF A.J. Ewing OF Carson Benge OF Dominic Canzone P Logan Gilbert P Drew Rasmussen SS Francisco Lindor,,,
2123,5205426967,slicksid27 (1/4),0,73.65,1B Kyle Stowers 2B Cole Young 3B Kazuma Okamoto C Alejandro Kirk OF George Springer OF A.J. Ewing OF Carson Benge P Logan Gilbert P Zac Thornton SS Ernie Clement,,,
2123,5205515072,sh-13,0,73.65,1B Jared Young 2B Cole Young 3B Bo Bichette C Cal Raleigh OF Randy Arozarena OF A.J. Ewing OF Dominic Canzone P Logan Gilbert P Zac Thornton SS Francisco Lindor,,,
2123,5205517806,ydoja2 (9/15),0,73.65,1B Ryan Vilade 2B Brett Baty 3B Junior Caminero C Luis Torrens OF Jonny DeLuca OF Chandler Simpson OF Victor Mesa Jr. P Logan Gilbert P Drew Rasmussen SS Francisco Lindor,,,
2128,5205019845,hunchoharry (16/20),0,73.35,1B Munetaka Murakami 2B Chase Meidroth 3B Javier Sanoja C Liam Hicks OF Sam Antonacci OF Andrew Benintendi OF Tristan Peters P Logan Gilbert P Connor Prielipp SS Francisco Lindor,,,
2128,5205045888,JamoDab2232 (6/6),0,73.35,1B Jared Young 2B Xavier Edwards 3B Junior Caminero C Liam Hicks OF Jonny DeLuca OF Victor Mesa Jr. OF Heriberto Hernandez P Logan Gilbert P Connor Prielipp SS Otto Lopez,,,
2128,5205115009,christiangideon (5/10),0,73.35,1B Yandy Diaz 2B Xavier Edwards 3B Bo Bichette C Liam Hicks OF Sam Antonacci OF George Springer OF Daulton Varsho P Logan Gilbert P Connor Prielipp SS Taylor Walls,,,
2128,5205247585,jradesanmi (12/20),0,73.35,1B Yandy Diaz 2B Marcus Semien 3B Junior Caminero C Nick Fortes OF Jonny DeLuca OF Chandler Simpson OF Heriberto Hernandez P Logan Gilbert P Connor Prielipp SS Francisco Lindor,,,
2128,5205270395,Lucano,0,73.35,1B Yandy Diaz 2B Xavier Edwards 3B Junior Caminero C Nick Fortes OF Jordan Walker OF Carson Benge OF Ryan Vilade P Drew Rasmussen P Quinn Mathews SS Masyn Winn,,,
2128,5205283769,Dhadron (17/20),0,73.35,1B Yandy Diaz 2B Xavier Edwards 3B Leo Jimenez C Liam Hicks OF A.J. Ewing OF Carson Benge OF Heriberto Hernandez P Logan Gilbert P Connor Prielipp SS Otto Lopez,,,
2128,5205284862,Twinz1987 (13/20),0,73.35,1B Munetaka Murakami 2B Luis Urias 3B Junior Caminero C Luis Torrens OF Julio Rodriguez OF Trevor Larnach OF Carson Benge P Logan Gilbert P Connor Prielipp SS Francisco Lindor,,,
2128,5205431370,jlp4765,0,73.35,1B Yandy Diaz 2B Xavier Edwards 3B Junior Caminero C Cal Raleigh OF Carson Benge OF Heriberto Hernandez OF Weston Wilson P Drew Rasmussen P Quinn Mathews SS Otto Lopez,,,
2128,5205517754,Schlaurizzle (17/20),0,73.35,1B Vladimir Guerrero Jr. 2B Cole Young 3B Junior Caminero C Nick Fortes OF Jonny DeLuca OF Chandler Simpson OF Victor Mesa Jr. P Logan Gilbert P Connor Prielipp SS Francisco Lindor,,,
2137,5205180507,leighton32 (3/5),0,73.25,1B Ryan Vilade 2B Cole Young 3B Junior Caminero C Ryan Jeffers OF Chandler Simpson OF Dominic Canzone OF Victor Mesa Jr. P Drew Rasmussen P Kevin Gausman SS Taylor Walls,,,
2137,5205183613,jnwallen (10/20),0,73.25,1B Jared Young 2B Kody Clemens 3B Brooks Lee C Ryan Jeffers OF Trevor Larnach OF Carson Benge OF Luke Keaschall P Zac Thornton P Kevin Gausman SS Francisco Lindor,,,
2137,5205247784,packncheese1,0,73.25,1B Royce Lewis 2B Ernie Clement 3B Brooks Lee C Cal Raleigh OF Jordan Walker OF George Springer OF Lars Nootbaar P Zac Thornton P Kevin Gausman SS Masyn Winn,,,
2137,5205285040,mrclean913 (15/20),0,73.25,1B Royce Lewis 2B Cole Young 3B Brooks Lee C Ryan Jeffers OF Kody Clemens OF Dominic Canzone OF Luke Keaschall P Zac Thornton P Kevin Gausman SS Francisco Lindor,,,
2141,5205529377,texasnumbercruncher (2/20),0,73.05,1B Royce Lewis 2B Xavier Edwards 3B Brooks Lee C Ryan Jeffers OF Kody Clemens OF Trevor Larnach OF Heriberto Hernandez P Quinn Mathews P Connor Prielipp SS Otto Lopez,,,
2142,5205438876,FantasyBallerz99,0,73,1B Alec Burleson 2B Ernie Clement 3B Yandy Diaz C Nick Fortes OF A.J. Ewing OF Carson Benge OF Victor Mesa Jr. P Drew Rasmussen P Zac Thornton SS Francisco Lindor,,,
2143,5204788754,ivymoose (16/20),0,72.95,1B Kyle Stowers 2B Xavier Edwards 3B Miguel Vargas C Liam Hicks OF Sam Antonacci OF Heriberto Hernandez OF Esteury Ruiz P Kevin Gausman P Connor Prielipp SS Colson Montgomery,,,
2143,5204867931,mga120 (2/20),0,72.95,1B Vladimir Guerrero Jr. 2B Royce Lewis 3B Kazuma Okamoto C Ryan Jeffers OF Kody Clemens OF Trevor Larnach OF Daulton Varsho P Kevin Gausman P Connor Prielipp SS Francisco Lindor,,,
2143,5205140500,sheed6 (11/20),0,72.95,1B Munetaka Murakami 2B Chase Meidroth 3B Miguel Vargas C Liam Hicks OF Sam Antonacci OF Andrew Benintendi OF Esteury Ruiz P Kevin Gausman P Connor Prielipp SS Otto Lopez,,,
2143,5205371381,Abc1289 (5/20),0,72.95,1B Vladimir Guerrero Jr. 2B Ernie Clement 3B Junior Caminero C Alejandro Kirk OF Sam Antonacci OF George Springer OF Chandler Simpson P Kevin Gausman P Connor Prielipp SS Taylor Walls,,,
2143,5205477794,cwthrow24 (4/20),0,72.95,1B Royce Lewis 2B Luis Urias 3B Kazuma Okamoto C Ryan Jeffers OF Kody Clemens OF George Springer OF Trevor Larnach P Kevin Gausman P Connor Prielipp SS Colson Montgomery,,,
2143,5205478128,ggone400 (3/3),0,72.95,1B Munetaka Murakami 2B Kody Clemens 3B Brooks Lee C Agustin Ramirez OF George Springer OF Trevor Larnach OF Victor Mesa Jr. P Kevin Gausman P Connor Prielipp SS Colson Montgomery,,,
2149,5205013016,thundrenterprises (14/20),0,72.9,1B Yandy Diaz 2B Marcus Semien 3B Junior Caminero C Luis Torrens OF Carson Benge OF Victor Mesa Jr. OF Tyrone Taylor P Logan Gilbert P Kevin Gausman SS Francisco Lindor,,,
2149,5205158113,j-wolf05 (6/20),0,72.9,1B Munetaka Murakami 2B Xavier Edwards 3B Bo Bichette C Luis Torrens OF A.J. Ewing OF Carson Benge OF Esteury Ruiz P Logan Gilbert P Kevin Gausman SS Otto Lopez,,,
2149,5205170875,love245555 (16/20),0,72.9,1B Yandy Diaz 2B Davis Schneider 3B Junior Caminero C Nick Fortes OF Chandler Simpson OF Victor Mesa Jr. OF Heriberto Hernandez P Logan Gilbert P Kevin Gausman SS Otto Lopez,,,
2149,5205282935,rschindler14 (15/20),0,72.9,1B Vladimir Guerrero Jr. 2B Davis Schneider 3B Kazuma Okamoto C Cal Raleigh OF Sam Antonacci OF Julio Rodriguez OF Heriberto Hernandez P Logan Gilbert P Kevin Gausman SS Francisco Lindor,,,
2149,5205286573,FoxyGrandpa252 (12/20),0,72.9,1B Yandy Diaz 2B Xavier Edwards 3B Junior Caminero C Nick Fortes OF Chandler Simpson OF Heriberto Hernandez OF Esteury Ruiz P Logan Gilbert P Kevin Gausman SS Ben Williamson,,,
2149,5205418152,4prongdigger (4/5),0,72.9,1B Munetaka Murakami 2B Luis Urias 3B Kazuma Okamoto C Alejandro Kirk OF George Springer OF Andrew Benintendi OF Daulton Varsho P Logan Gilbert P Kevin Gausman SS Colson Montgomery,,,
2149,5205440929,DefendFreedom (8/20),0,72.9,1B Jared Young 2B Cole Young 3B Yandy Diaz C Mitch Garver OF Julio Rodriguez OF Carson Benge OF Dominic Canzone P Logan Gilbert P Kevin Gausman SS Colson Montgomery,,,
2149,5205485598,KenyanDrake (2/20),0,72.9,1B Munetaka Murakami 2B Marcus Semien 3B Miguel Vargas C Edgar Quero OF Sam Antonacci OF Andrew Benintendi OF Tyrone Taylor P Logan Gilbert P Kevin Gausman SS Francisco Lindor,,,
2149,5205505193,KingTerryPegula (10/20),0,72.9,1B Vladimir Guerrero Jr. 2B Luis Urias 3B Junior Caminero C Nick Fortes OF Julio Rodriguez OF Chandler Simpson OF Ryan Vilade P Logan Gilbert P Kevin Gausman SS Francisco Lindor,,,
2149,5205538586,Rhombus87 (8/20),0,72.9,1B Yandy Diaz 2B Marcus Semien 3B Brett Baty C Cal Raleigh OF Julio Rodriguez OF Carson Benge OF Heriberto Hernandez P Logan Gilbert P Kevin Gausman SS Francisco Lindor,,,
2159,5204944095,Sammy.Boy (4/20),0,72.7,1B Jared Young 2B Kody Clemens 3B Bo Bichette C Ryan Jeffers OF A.J. Ewing OF Carson Benge OF Heriberto Hernandez P Drew Rasmussen P Connor Prielipp SS Francisco Lindor,,,
2159,5205214613,tpyo (8/20),0,72.7,1B Ryan Vilade 2B JJ Wetherholt 3B Yandy Diaz C Ivan Herrera OF Kody Clemens OF Jonny DeLuca OF Victor Mesa Jr. P Drew Rasmussen P Connor Prielipp SS Ben Williamson,,,
2159,5205286579,FoxyGrandpa252 (18/20),0,72.7,1B Jared Young 2B JJ Wetherholt 3B Bo Bichette C Ivan Herrera OF A.J. Ewing OF Carson Benge OF Lars Nootbaar P Drew Rasmussen P Connor Prielipp SS Francisco Lindor,,,
2159,5205531940,JW7664,0,72.7,1B Vladimir Guerrero Jr. 2B Cole Young 3B Weston Wilson C Luis Torrens OF Kody Clemens OF Randy Arozarena OF George Springer P Zac Thornton P Connor Prielipp SS Colson Montgomery,,,
2163,5205136280,Caryg07 (11/20),0,72.65,1B Alec Burleson 2B JJ Wetherholt 3B Blaze Jordan C Jimmy Crooks OF Jordan Walker OF A.J. Ewing OF Tyrone Taylor P Logan Gilbert P Zac Thornton SS Francisco Lindor,,,
2163,5205202794,bucs65,0,72.65,1B Jonathan Aranda 2B Luis Urias 3B Bo Bichette C Alejandro Kirk OF Julio Rodriguez OF George Springer OF Dominic Canzone P Logan Gilbert P Zac Thornton SS Francisco Lindor,,,
2163,5205227138,smartin417,0,72.65,1B Jared Young 2B Davis Schneider 3B Junior Caminero C Mitch Garver OF Randy Arozarena OF Julio Rodriguez OF Victor Mesa Jr. P Logan Gilbert P Zac Thornton SS Francisco Lindor,,,
2163,5205514552,DEMONFIST45,0,72.65,1B Munetaka Murakami 2B Cole Young 3B Weston Wilson C Edgar Quero OF Randy Arozarena OF Sam Antonacci OF A.J. Ewing P Logan Gilbert P Zac Thornton SS Ryan Kreidler,,,
2167,5204975421,Ango0221 (3/20),0,72.35,1B Ryan Vilade 2B Xavier Edwards 3B Junior Caminero C Alejandro Kirk OF George Springer OF Carson Benge OF Heriberto Hernandez P Logan Gilbert P Connor Prielipp SS Francisco Lindor,,,
2167,5205157527,JBTribeTime,0,72.35,1B Yandy Diaz 2B Xavier Edwards 3B Junior Caminero C Mitch Garver OF Jonny DeLuca OF Carson Benge OF Heriberto Hernandez P Logan Gilbert P Connor Prielipp SS Masyn Winn,,,
2167,5205192967,masonplays2014 (17/20),0,72.35,1B Kyle Stowers 2B Xavier Edwards 3B Bo Bichette C Liam Hicks OF A.J. Ewing OF Carson Benge OF Heriberto Hernandez P Logan Gilbert P Connor Prielipp SS Francisco Lindor,,,
2167,5205204417,UniversalFriend (12/20),0,72.35,1B Munetaka Murakami 2B Luis Urias 3B Miguel Vargas C Alejandro Kirk OF George Springer OF Daulton Varsho OF Myles Straw P Logan Gilbert P Connor Prielipp SS Colson Montgomery,,,
2167,5205256852,chicksdigthewongball (8/20),0,72.35,1B Yandy Diaz 2B Marcus Semien 3B Junior Caminero C Nick Fortes OF A.J. Ewing OF Chandler Simpson OF Victor Mesa Jr. P Drew Rasmussen P Quinn Mathews SS Francisco Lindor,,,
2167,5205261641,clutchpfc,0,72.35,1B Yandy Diaz 2B Cole Young 3B Junior Caminero C Luis Torrens OF A.J. Ewing OF Chandler Simpson OF Victor Mesa Jr. P Drew Rasmussen P Quinn Mathews SS Francisco Lindor,,,
2167,5205474160,ballaholick713 (3/20),0,72.35,1B Munetaka Murakami 2B Luis Urias 3B Kazuma Okamoto C Alejandro Kirk OF Jordan Walker OF George Springer OF Davis Schneider P Logan Gilbert P Connor Prielipp SS Colson Montgomery,,,
2174,5205415463,BuckeyeCity (9/20),0,72.25,1B Yandy Diaz 2B Luis Urias 3B Junior Caminero C Cal Raleigh OF A.J. Ewing OF Chandler Simpson OF Victor Mesa Jr. P Drew Rasmussen P Kevin Gausman SS Taylor Walls,,,
2175,5205434536,LoganDFS812 (3/3),0,72,1B Yandy Diaz 2B Xavier Edwards 3B Junior Caminero C Nick Fortes OF Victor Mesa Jr. OF Heriberto Hernandez OF Esteury Ruiz P Logan Gilbert P Quinn Mathews SS Otto Lopez,,,
2175,5205485611,KenyanDrake (15/20),0,72,1B Alec Burleson 2B JJ Wetherholt 3B Weston Wilson C Cal Raleigh OF Jordan Walker OF Julio Rodriguez OF A.J. Ewing P Logan Gilbert P Noah Schultz SS Masyn Winn,,,
2177,5204859678,niquisition (3/20),0,71.95,1B Royce Lewis 2B Kody Clemens 3B Miguel Vargas C Ryan Jeffers OF Trevor Larnach OF Heriberto Hernandez OF Austin Martin P Kevin Gausman P Connor Prielipp SS Otto Lopez,,,
2177,5205196847,LBDTitan (1/2),0,71.95,1B Yandy Diaz 2B Xavier Edwards 3B Junior Caminero C Ryan Jeffers OF Heriberto Hernandez OF Esteury Ruiz OF Ryan Vilade P Kevin Gausman P Connor Prielipp SS Otto Lopez,,,
2177,5205462434,kcroyalfan (7/20),0,71.95,1B Vladimir Guerrero Jr. 2B Marcus Semien 3B Junior Caminero C Alejandro Kirk OF Jordan Walker OF A.J. Ewing OF Carson Benge P Kevin Gausman P Connor Prielipp SS Francisco Lindor,,,
2177,5205473639,henry296 (3/20),0,71.95,1B Vladimir Guerrero Jr. 2B Brett Baty 3B Bo Bichette C Ryan Jeffers OF George Springer OF A.J. Ewing OF Heriberto Hernandez P Kevin Gausman P Connor Prielipp SS Francisco Lindor,,,
2177,5205473648,henry296 (12/20),0,71.95,1B Munetaka Murakami 2B Xavier Edwards 3B Junior Caminero C Victor Caratini OF George Springer OF Jonny DeLuca OF Heriberto Hernandez P Kevin Gausman P Connor Prielipp SS Francisco Lindor,,,
2177,5205474159,ballaholick713 (2/20),0,71.95,1B Yandy Diaz 2B Marcus Semien 3B Junior Caminero C Ryan Jeffers OF A.J. Ewing OF Carson Benge OF Tyrone Taylor P Kevin Gausman P Connor Prielipp SS Francisco Lindor,,,
2183,5205214615,tpyo (10/20),0,71.9,1B Vladimir Guerrero Jr. 2B Luis Urias 3B Kazuma Okamoto C Cal Raleigh OF George Springer OF Chandler Simpson OF Daulton Varsho P Logan Gilbert P Kevin Gausman SS Colson Montgomery,,,
2183,5205389304,Chadg20 (3/20),0,71.9,1B Munetaka Murakami 2B Luis Urias 3B Junior Caminero C Alejandro Kirk OF Sam Antonacci OF Myles Straw OF Davis Schneider P Logan Gilbert P Kevin Gausman SS Ernie Clement,,,
2183,5205431567,WunstaGuy (13/20),0,71.9,1B Vladimir Guerrero Jr. 2B Luis Urias 3B Kazuma Okamoto C Cal Raleigh OF George Springer OF Chandler Simpson OF Victor Mesa Jr. P Logan Gilbert P Kevin Gausman SS Ernie Clement,,,
2183,5205473640,henry296 (4/20),0,71.9,1B Vladimir Guerrero Jr. 2B Marcus Semien 3B Bo Bichette C Cal Raleigh OF A.J. Ewing OF Carson Benge OF Heriberto Hernandez P Logan Gilbert P Kevin Gausman SS Francisco Lindor,,,
2183,5205504041,sportsfan14 (3/20),0,71.9,1B Josh Naylor 2B Cole Young 3B Miguel Vargas C Mitch Garver OF Julio Rodriguez OF Dominic Canzone OF Victor Mesa Jr. P Logan Gilbert P Kevin Gausman SS Colson Montgomery,,,
2183,5205504310,lilmaryy (6/10),0,71.9,1B Josh Naylor 2B Marcus Semien 3B Bo Bichette C Cal Raleigh OF A.J. Ewing OF Carson Benge OF Heriberto Hernandez P Logan Gilbert P Kevin Gausman SS Francisco Lindor,,,
2183,5205510868,dfwinscom (11/20),0,71.9,1B Vladimir Guerrero Jr. 2B Marcus Semien 3B Bo Bichette C Cal Raleigh OF A.J. Ewing OF Carson Benge OF Heriberto Hernandez P Logan Gilbert P Kevin Gausman SS Francisco Lindor,,,
2183,5205511172,ndesmarais97 (17/20),0,71.9,1B Ryan Vilade 2B Luis Urias 3B Junior Caminero C Alejandro Kirk OF Jonny DeLuca OF Chandler Simpson OF Victor Mesa Jr. P Logan Gilbert P Kevin Gausman SS Francisco Lindor,,,
2183,5205524188,mattmoss12 (13/20),0,71.9,1B Munetaka Murakami 2B Cole Young 3B Weston Wilson C Cal Raleigh OF Julio Rodriguez OF Carson Benge OF Dominic Canzone P Logan Gilbert P Kevin Gausman SS Francisco Lindor,,,
2192,5204947471,csurunnerccr (10/20),0,71.7,1B Jared Young 2B JJ Wetherholt 3B Kazuma Okamoto C Ryan Jeffers OF Jordan Walker OF Lars Nootbaar OF Nathan Church P Drew Rasmussen P Connor Prielipp SS Masyn Winn,,,
2192,5205089561,SeanDre (5/20),0,71.7,1B Royce Lewis 2B Xavier Edwards 3B Leo Jimenez C Ryan Jeffers OF Jordan Walker OF Kody Clemens OF Heriberto Hernandez P Drew Rasmussen P Connor Prielipp SS Ryan Kreidler,,,
2192,5205405187,SpeedRacer101 (17/20),0,71.7,1B Ryan Vilade 2B JJ Wetherholt 3B Junior Caminero C Jimmy Crooks OF Jordan Walker OF Jonny DeLuca OF Chandler Simpson P Drew Rasmussen P Connor Prielipp SS Taylor Walls,,,
2195,5205089563,SeanDre (7/20),0,71.65,1B Munetaka Murakami 2B Luis Urias 3B Miguel Vargas C Mitch Garver OF Randy Arozarena OF Julio Rodriguez OF Weston Wilson P Logan Gilbert P Zac Thornton SS Colt Emerson,,,
2195,5205132401,KristianFTM (19/20),0,71.65,1B Vladimir Guerrero Jr. 2B Luis Urias 3B Kazuma Okamoto C Alejandro Kirk OF George Springer OF A.J. Ewing OF Dominic Canzone P Logan Gilbert P Zac Thornton SS Francisco Lindor,,,
2195,5205261846,bmosley21 (5/20),0,71.65,1B Ryan Vilade 2B Ben Williamson 3B Junior Caminero C Nick Fortes OF A.J. Ewing OF Carson Benge OF Victor Mesa Jr. P Logan Gilbert P Drew Rasmussen SS Francisco Lindor,,,
2195,5205261851,bmosley21 (10/20),0,71.65,1B Ryan Vilade 2B Marcus Semien 3B Junior Caminero C Luis Torrens OF A.J. Ewing OF Carson Benge OF Victor Mesa Jr. P Logan Gilbert P Drew Rasmussen SS Francisco Lindor,,,
2195,5205397666,jackson_0824 (5/5),0,71.65,1B Ryan Vilade 2B Brett Baty 3B Junior Caminero C Nick Fortes OF Chandler Simpson OF Carson Benge OF Victor Mesa Jr. P Logan Gilbert P Drew Rasmussen SS Francisco Lindor,,,
2195,5205470973,RelentlessD85 (2/20),0,71.65,1B Jared Young 2B Marcus Semien 3B Junior Caminero C Luis Torrens OF A.J. Ewing OF Chandler Simpson OF Victor Mesa Jr. P Logan Gilbert P Drew Rasmussen SS Francisco Lindor,,,
2195,5205540438,bellsofwar3 (10/14),0,71.65,1B Jared Young 2B Marcus Semien 3B Junior Caminero C Luis Torrens OF Chandler Simpson OF Carson Benge OF Victor Mesa Jr. P Logan Gilbert P Drew Rasmussen SS Francisco Lindor,,,
2202,5204684945,mikebkmm5 (2/4),0,71.6,1B Royce Lewis 2B Kody Clemens 3B Javier Sanoja C Ryan Jeffers OF Sam Antonacci OF Trevor Larnach OF Andrew Benintendi P Kevin Gausman P Quinn Mathews SS Colson Montgomery,,,
2202,5205094027,thegunnard,0,71.6,1B Munetaka Murakami 2B Brett Baty 3B Junior Caminero C Cal Raleigh OF Julio Rodriguez OF George Springer OF Dominic Canzone P Kevin Gausman P Noah Schultz SS Francisco Lindor,,,
2204,5205183620,jnwallen (17/20),0,71.5,1B Yandy Diaz 2B Xavier Edwards 3B Junior Caminero C Liam Hicks OF Jonny DeLuca OF Victor Mesa Jr. OF Heriberto Hernandez P Quinn Mathews P Tyler Phillips SS Otto Lopez,,,
2205,5204867949,mga120 (20/20),0,71.35,1B Alec Burleson 2B Royce Lewis 3B Brooks Lee C Ivan Herrera OF Jordan Walker OF Kody Clemens OF Luke Keaschall P Zac Thornton P Quinn Mathews SS Masyn Winn,,,
2205,5205033011,AverageTuesday (4/20),0,71.35,1B Alec Burleson 2B JJ Wetherholt 3B Kazuma Okamoto C Ivan Herrera OF George Springer OF Lars Nootbaar OF Nathan Church P Logan Gilbert P Connor Prielipp SS Ernie Clement,,,
2205,5205274752,kreller17 (3/20),0,71.35,1B Alec Burleson 2B Luis Urias 3B Miguel Vargas C Ivan Herrera OF Jordan Walker OF Sam Antonacci OF Myles Straw P Logan Gilbert P Connor Prielipp SS Masyn Winn,,,
2205,5205356508,lklk88088 (13/20),0,71.35,1B Alec Burleson 2B JJ Wetherholt 3B Kazuma Okamoto C Alejandro Kirk OF Jordan Walker OF Daulton Varsho OF Myles Straw P Logan Gilbert P Connor Prielipp SS Ernie Clement,,,
2205,5205384528,btBaseball123,0,71.35,1B Kyle Stowers 2B JJ Wetherholt 3B Kazuma Okamoto C Ryan Jeffers OF A.J. Ewing OF Carson Benge OF Myles Straw P Drew Rasmussen P Quinn Mathews SS Francisco Lindor,,,
2205,5205538597,Rhombus87 (19/20),0,71.35,1B Yandy Diaz 2B Brett Baty 3B Junior Caminero C Victor Caratini OF Jonny DeLuca OF Chandler Simpson OF Victor Mesa Jr. P Drew Rasmussen P Quinn Mathews SS Francisco Lindor,,,
2211,5205432835,smk5430 (12/20),0,71.25,1B Ryan Vilade 2B Cole Young 3B Junior Caminero C Cal Raleigh OF Randy Arozarena OF Julio Rodriguez OF Dominic Canzone P Zac Thornton P Kevin Gausman SS Ben Williamson,,,
2212,5205183618,jnwallen (15/20),0,71.15,1B Alec Burleson 2B JJ Wetherholt 3B Kazuma Okamoto C Alejandro Kirk OF Jordan Walker OF George Springer OF Daulton Varsho P Zac Thornton P Tyler Phillips SS Masyn Winn,,,
2213,5205201456,hub70,0,71,1B Yandy Diaz 2B Luis Urias 3B Brett Baty C Ivan Herrera OF Jordan Walker OF Julio Rodriguez OF Chandler Simpson P Logan Gilbert P Quinn Mathews SS Masyn Winn,,,
2213,5205465871,BigMart11 (6/20),0,71,1B Alec Burleson 2B JJ Wetherholt 3B Leo Jimenez C Ivan Herrera OF Jordan Walker OF Lars Nootbaar OF Andrew Benintendi P Logan Gilbert P Quinn Mathews SS Javier Sanoja,,,
2213,5205485609,KenyanDrake (13/20),0,71,1B Alec Burleson 2B JJ Wetherholt 3B Weston Wilson C Ivan Herrera OF Jordan Walker OF Sam Antonacci OF Dominic Canzone P Logan Gilbert P Noah Schultz SS Masyn Winn,,,
2213,5205492059,mariobr1709 (12/20),0,71,1B Yandy Diaz 2B Marcus Semien 3B Bo Bichette C Nick Fortes OF A.J. Ewing OF Chandler Simpson OF Carson Benge P Drew Rasmussen P Zac Thornton SS Francisco Lindor,,,
2213,5205534643,eagles5016 (20/20),0,71,1B Alec Burleson 2B JJ Wetherholt 3B Blaze Jordan C Jimmy Crooks OF Jordan Walker OF Julio Rodriguez OF Braden Montgomery P Logan Gilbert P Quinn Mathews SS Francisco Lindor,,,
2218,5205170862,love245555 (3/20),0,70.95,1B Jared Young 2B Royce Lewis 3B Junior Caminero C Ryan Jeffers OF A.J. Ewing OF Trevor Larnach OF Carson Benge P Kevin Gausman P Connor Prielipp SS Otto Lopez,,,
2218,5205232970,madballnj (14/20),0,70.95,1B Vladimir Guerrero Jr. 2B Xavier Edwards 3B Leo Jimenez C Liam Hicks OF Chandler Simpson OF Victor Mesa Jr. OF Heriberto Hernandez P Kevin Gausman P Connor Prielipp SS Otto Lopez,,,
2218,5205261855,bmosley21 (14/20),0,70.95,1B Yandy Diaz 2B Xavier Edwards 3B Junior Caminero C Liam Hicks OF Jonny DeLuca OF Victor Mesa Jr. OF Ryan Vilade P Kevin Gausman P Connor Prielipp SS Otto Lopez,,,
2218,5205371383,Abc1289 (7/20),0,70.95,1B Vladimir Guerrero Jr. 2B Ernie Clement 3B Yandy Diaz C Ryan Jeffers OF Sam Antonacci OF George Springer OF Daulton Varsho P Kevin Gausman P Connor Prielipp SS Taylor Walls,,,
2218,5205462429,kcroyalfan (2/20),0,70.95,1B Vladimir Guerrero Jr. 2B Ernie Clement 3B Junior Caminero C Cal Raleigh OF George Springer OF A.J. Ewing OF Carson Benge P Kevin Gausman P Connor Prielipp SS Francisco Lindor,,,
2223,5204788752,ivymoose (14/20),0,70.9,1B Munetaka Murakami 2B Marcus Semien 3B Miguel Vargas C Edgar Quero OF A.J. Ewing OF Braden Montgomery OF Tyrone Taylor P Logan Gilbert P Kevin Gausman SS Colson Montgomery,,,
2223,5204944098,Sammy.Boy (7/20),0,70.9,1B Vladimir Guerrero Jr. 2B Luis Urias 3B Miguel Vargas C Alejandro Kirk OF Sam Antonacci OF Daulton Varsho OF Myles Straw P Logan Gilbert P Kevin Gausman SS Colson Montgomery,,,
2223,5204947465,csurunnerccr (4/20),0,70.9,1B Jared Young 2B Cole Young 3B Junior Caminero C Alejandro Kirk OF Jonny DeLuca OF Chandler Simpson OF Victor Mesa Jr. P Logan Gilbert P Kevin Gausman SS Ben Williamson,,,
2223,5205152535,kafedaiv (16/20),0,70.9,1B Jared Young 2B Chase Meidroth 3B Yandy Diaz C Cal Raleigh OF Randy Arozarena OF Carson Benge OF Ryan Vilade P Logan Gilbert P Kevin Gausman SS Colson Montgomery,,,
2223,5205204299,JcClark18 (14/20),0,70.9,1B Yandy Diaz 2B Brett Baty 3B Junior Caminero C Luis Torrens OF A.J. Ewing OF Chandler Simpson OF Tyrone Taylor P Logan Gilbert P Kevin Gausman SS Francisco Lindor,,,
2223,5205274766,kreller17 (17/20),0,70.9,1B Munetaka Murakami 2B Luis Urias 3B Miguel Vargas C Edgar Quero OF Heriberto Hernandez OF Esteury Ruiz OF Tristan Peters P Logan Gilbert P Kevin Gausman SS Colson Montgomery,,,
2223,5205373243,colskshreds,0,70.9,1B Kyle Stowers 2B Xavier Edwards 3B Bo Bichette C Liam Hicks OF A.J. Ewing OF Carson Benge OF Luis Robert Jr. P Logan Gilbert P Kevin Gausman SS Francisco Lindor,,,
2223,5205485599,KenyanDrake (3/20),0,70.9,1B Munetaka Murakami 2B Brett Baty 3B Miguel Vargas C Edgar Quero OF Sam Antonacci OF Carson Benge OF Tyrone Taylor P Logan Gilbert P Kevin Gausman SS Francisco Lindor,,,
2223,5205485601,KenyanDrake (5/20),0,70.9,1B Munetaka Murakami 2B Brett Baty 3B Miguel Vargas C Edgar Quero OF Sam Antonacci OF Braden Montgomery OF Tyrone Taylor P Logan Gilbert P Kevin Gausman SS Francisco Lindor,,,
2223,5205517306,bhess777 (11/20),0,70.9,1B Munetaka Murakami 2B Ernie Clement 3B Kazuma Okamoto C Luis Torrens OF A.J. Ewing OF Carson Benge OF Tyrone Taylor P Logan Gilbert P Kevin Gausman SS Francisco Lindor,,,
2223,5205528456,randigidi,0,70.9,1B Yandy Diaz 2B Marcus Semien 3B Junior Caminero C Nick Fortes OF Esteury Ruiz OF Ryan Vilade OF Weston Wilson P Logan Gilbert P Kevin Gausman SS Colt Emerson,,,
2223,5205534631,eagles5016 (8/20),0,70.9,1B Munetaka Murakami 2B Xavier Edwards 3B Leo Jimenez C Mitch Garver OF Julio Rodriguez OF Chandler Simpson OF Esteury Ruiz P Logan Gilbert P Kevin Gausman SS Colson Montgomery,,,
2235,5205311178,emptypockets1,0,70.7,1B Alec Burleson 2B Kody Clemens 3B Kazuma Okamoto C Luis Torrens OF Jordan Walker OF George Springer OF Trevor Larnach P Zac Thornton P Connor Prielipp SS Otto Lopez,,,
2235,5205369733,DaFamRep (1/2),0,70.7,1B Alec Burleson 2B JJ Wetherholt 3B Kazuma Okamoto C Jimmy Crooks OF Jordan Walker OF Luke Keaschall OF Esteury Ruiz P Zac Thornton P Connor Prielipp SS Masyn Winn,,,
2237,5204859677,niquisition (2/20),0,70.65,1B Vladimir Guerrero Jr. 2B Luis Urias 3B Kazuma Okamoto C Alejandro Kirk OF Jordan Walker OF George Springer OF Weston Wilson P Logan Gilbert P Zac Thornton SS Francisco Lindor,,,
2237,5205000622,Boneyball1018 (2/8),0,70.65,1B Yandy Diaz 2B Luis Urias 3B Miguel Vargas C Nick Fortes OF Jordan Walker OF Randy Arozarena OF Ryan Vilade P Logan Gilbert P Zac Thornton SS Colt Emerson,,,
2237,5205201424,squatman2008 (4/5),0,70.65,1B Vladimir Guerrero Jr. 2B Luis Urias 3B Kazuma Okamoto C Cal Raleigh OF Jordan Walker OF Heriberto Hernandez OF Tyrone Taylor P Logan Gilbert P Zac Thornton SS Francisco Lindor,,,
2237,5205239894,Dewek23,0,70.65,1B Vladimir Guerrero Jr. 2B Luis Urias 3B Kazuma Okamoto C Mitch Garver OF Jordan Walker OF George Springer OF Daulton Varsho P Logan Gilbert P Zac Thornton SS Francisco Lindor,,,
2237,5205420275,kevinreider4,0,70.65,1B Vladimir Guerrero Jr. 2B Luis Urias 3B Kazuma Okamoto C Alejandro Kirk OF George Springer OF A.J. Ewing OF Carson Benge P Logan Gilbert P Zac Thornton SS Francisco Lindor,,,
2242,5205384084,sdub314 (2/3),0,70.6,1B Alec Burleson 2B JJ Wetherholt 3B Kazuma Okamoto C Ivan Herrera OF Jordan Walker OF George Springer OF Tristan Peters P Kevin Gausman P Quinn Mathews SS Masyn Winn,,,
2242,5205449266,CDayne,0,70.6,1B Munetaka Murakami 2B Marcus Semien 3B Bo Bichette C Edgar Quero OF Kody Clemens OF Randy Arozarena OF Sam Antonacci P Kevin Gausman P Quinn Mathews SS Colson Montgomery,,,
2244,5205294777,Diggs1421,0,70.5,1B Munetaka Murakami 2B Xavier Edwards 3B Miguel Vargas C Liam Hicks OF Kody Clemens OF Chandler Simpson OF Trevor Larnach P Quinn Mathews P Tyler Phillips SS Otto Lopez,,,
2245,5204680754,mikebkmm5 (1/4),0,70.35,1B Alec Burleson 2B Luis Urias 3B Bo Bichette C Ivan Herrera OF Jordan Walker OF A.J. Ewing OF Carson Benge P Logan Gilbert P Connor Prielipp SS Francisco Lindor,,,
2245,5205158110,j-wolf05 (3/20),0,70.35,1B Munetaka Murakami 2B Xavier Edwards 3B Leo Jimenez C Liam Hicks OF A.J. Ewing OF Carson Benge OF Heriberto Hernandez P Logan Gilbert P Connor Prielipp SS Otto Lopez,,,
2245,5205158112,j-wolf05 (5/20),0,70.35,1B Munetaka Murakami 2B Xavier Edwards 3B Brett Baty C Liam Hicks OF A.J. Ewing OF Carson Benge OF Heriberto Hernandez P Logan Gilbert P Connor Prielipp SS Otto Lopez,,,
2245,5205313238,thinman2001 (2/3),0,70.35,1B Yandy Diaz 2B JJ Wetherholt 3B Junior Caminero C Jimmy Crooks OF Chandler Simpson OF Victor Mesa Jr. OF Lars Nootbaar P Drew Rasmussen P Quinn Mathews SS Masyn Winn,,,
2245,5205364085,zandwich (12/20),0,70.35,1B Ryan Vilade 2B Royce Lewis 3B Junior Caminero C Cal Raleigh OF Jonny DeLuca OF Chandler Simpson OF Victor Mesa Jr. P Drew Rasmussen P Quinn Mathews SS Francisco Lindor,,,
2245,5205425447,bilbrd69 (1/5),0,70.35,1B Yandy Diaz 2B Royce Lewis 3B Kazuma Okamoto C Victor Caratini OF Kody Clemens OF Randy Arozarena OF George Springer P Zac Thornton P Quinn Mathews SS Francisco Lindor,,,
2245,5205434534,LoganDFS812 (1/3),0,70.35,1B Jared Young 2B Marcus Semien 3B Junior Caminero C Cal Raleigh OF Jonny DeLuca OF A.J. Ewing OF Victor Mesa Jr. P Drew Rasmussen P Quinn Mathews SS Francisco Lindor,,,
2245,5205434928,bilbrd69 (2/5),0,70.35,1B Yandy Diaz 2B Royce Lewis 3B Kazuma Okamoto C Victor Caratini OF Kody Clemens OF Randy Arozarena OF George Springer P Zac Thornton P Quinn Mathews SS Francisco Lindor,,,
2245,5205434943,bilbrd69 (3/5),0,70.35,1B Yandy Diaz 2B Royce Lewis 3B Kazuma Okamoto C Victor Caratini OF Kody Clemens OF Randy Arozarena OF George Springer P Zac Thornton P Quinn Mathews SS Francisco Lindor,,,
2245,5205434966,bilbrd69 (4/5),0,70.35,1B Yandy Diaz 2B Royce Lewis 3B Kazuma Okamoto C Victor Caratini OF Kody Clemens OF Randy Arozarena OF George Springer P Zac Thornton P Quinn Mathews SS Francisco Lindor,,,
2245,5205434981,bilbrd69 (5/5),0,70.35,1B Yandy Diaz 2B Royce Lewis 3B Kazuma Okamoto C Victor Caratini OF Kody Clemens OF Randy Arozarena OF George Springer P Zac Thornton P Quinn Mathews SS Francisco Lindor,,,
2245,5205492063,mariobr1709 (16/20),0,70.35,1B Yandy Diaz 2B JJ Wetherholt 3B Junior Caminero C Jimmy Crooks OF Chandler Simpson OF Victor Mesa Jr. OF Lars Nootbaar P Drew Rasmussen P Quinn Mathews SS Masyn Winn,,,
2245,5205520262,SayHeyKid1230 (20/20),0,70.35,1B Josh Naylor 2B JJ Wetherholt 3B Brett Baty C Ivan Herrera OF Jordan Walker OF Randy Arozarena OF Braden Montgomery P Zac Thornton P Quinn Mathews SS Masyn Winn,,,
2258,5205143489,cw1tt (5/20),0,70.25,1B Vladimir Guerrero Jr. 2B Luis Urias 3B Junior Caminero C Alejandro Kirk OF George Springer OF A.J. Ewing OF Chandler Simpson P Zac Thornton P Kevin Gausman SS Ernie Clement,,,
2258,5205152533,kafedaiv (14/20),0,70.25,1B Yandy Diaz 2B Cole Young 3B Brooks Lee C Ryan Jeffers OF George Springer OF Carson Benge OF Ryan Vilade P Zac Thornton P Kevin Gausman SS Ernie Clement,,,
2258,5205166905,TheBossinMyWorld (1/4),0,70.25,1B Munetaka Murakami 2B Luis Urias 3B Miguel Vargas C Edgar Quero OF Randy Arozarena OF Julio Rodriguez OF Braden Montgomery P Zac Thornton P Kevin Gausman SS Colson Montgomery,,,
2261,5204997396,Gabe57 (2/19),0,70.05,1B Royce Lewis 2B Xavier Edwards 3B Brooks Lee C Liam Hicks OF Kody Clemens OF Sam Antonacci OF Heriberto Hernandez P Quinn Mathews P Connor Prielipp SS Otto Lopez,,,
2261,5205428827,Navare1212 (12/13),0,70.05,1B Alec Burleson 2B Chase Meidroth 3B Junior Caminero C Ivan Herrera OF Jordan Walker OF Chandler Simpson OF Griffin Conine P Quinn Mathews P Connor Prielipp SS Francisco Lindor,,,
2263,5205192415,mrbig91,0,70,1B Kyle Stowers 2B Xavier Edwards 3B Kazuma Okamoto C Agustin Ramirez OF George Springer OF A.J. Ewing OF Carson Benge P Drew Rasmussen P Zac Thornton SS Francisco Lindor,,,
2263,5205210807,partymole,0,70,1B Ryan Vilade 2B Kody Clemens 3B Junior Caminero C Alejandro Kirk OF A.J. Ewing OF Carson Benge OF Nathan Church P Drew Rasmussen P Zac Thornton SS Masyn Winn,,,
2263,5205383231,ImaDonk11 (5/20),0,70,1B Jared Young 2B Brett Baty 3B Bo Bichette C Ivan Herrera OF Randy Arozarena OF Carson Benge OF Tristan Peters P Logan Gilbert P Quinn Mathews SS Francisco Lindor,,,
2263,5205488912,crabbey77,0,70,1B Ryan Vilade 2B Chase Meidroth 3B Kazuma Okamoto C Francisco Alvarez OF Julio Rodriguez OF George Springer OF Jonny DeLuca P Drew Rasmussen P Zac Thornton SS Colson Montgomery,,,
2263,5205508003,Double_L,0,70,1B Vladimir Guerrero Jr. 2B Cole Young 3B Javier Sanoja C Cal Raleigh OF George Springer OF Dominic Canzone OF Heriberto Hernandez P Jose Berrios P Patrick Corbin SS Francisco Lindor,,,
2268,5205371379,Abc1289 (3/20),0,69.95,1B Vladimir Guerrero Jr. 2B Marcus Semien 3B Kazuma Okamoto C Ryan Jeffers OF George Springer OF A.J. Ewing OF Carson Benge P Kevin Gausman P Connor Prielipp SS Francisco Lindor,,,
2268,5205462432,kcroyalfan (5/20),0,69.95,1B Yandy Diaz 2B Ernie Clement 3B Junior Caminero C Liam Hicks OF A.J. Ewing OF Carson Benge OF Lars Nootbaar P Kevin Gausman P Connor Prielipp SS Francisco Lindor,,,
2268,5205466718,Blerud15 (9/20),0,69.95,1B Kyle Stowers 2B Royce Lewis 3B Miguel Vargas C Ryan Jeffers OF Kody Clemens OF Luke Keaschall OF Austin Martin P Kevin Gausman P Connor Prielipp SS Otto Lopez,,,
2268,5205470983,RelentlessD85 (12/20),0,69.95,1B Munetaka Murakami 2B Royce Lewis 3B Miguel Vargas C Victor Caratini OF Kody Clemens OF Trevor Larnach OF Luke Keaschall P Kevin Gausman P Connor Prielipp SS Colson Montgomery,,,
2268,5205517300,bhess777 (5/20),0,69.95,1B Munetaka Murakami 2B Kody Clemens 3B Kazuma Okamoto C Alejandro Kirk OF Sam Antonacci OF George Springer OF Daulton Varsho P Kevin Gausman P Connor Prielipp SS Ernie Clement,,,
2273,5205136283,Caryg07 (14/20),0,69.9,1B Jared Young 2B Brett Baty 3B Junior Caminero C Liam Hicks OF A.J. Ewing OF Carson Benge OF Heriberto Hernandez P Logan Gilbert P Kevin Gausman SS Francisco Lindor,,,
2273,5205204414,UniversalFriend (9/20),0,69.9,1B Munetaka Murakami 2B Brett Baty 3B Miguel Vargas C Luis Torrens OF A.J. Ewing OF Heriberto Hernandez OF Tyrone Taylor P Logan Gilbert P Kevin Gausman SS Francisco Lindor,,,
2273,5205282923,rschindler14 (3/20),0,69.9,1B Jared Young 2B Xavier Edwards 3B Bo Bichette C Cal Raleigh OF George Springer OF A.J. Ewing OF Heriberto Hernandez P Logan Gilbert P Kevin Gausman SS Francisco Lindor,,,
2273,5205285026,mrclean913 (1/20),0,69.9,1B Munetaka Murakami 2B Luis Urias 3B Kazuma Okamoto C Alejandro Kirk OF Sam Antonacci OF Dominic Canzone OF Daulton Varsho P Logan Gilbert P Kevin Gausman SS Ernie Clement,,,
2273,5205356514,lklk88088 (19/20),0,69.9,1B Josh Naylor 2B Cole Young 3B Miguel Vargas C Mitch Garver OF Sam Antonacci OF Julio Rodriguez OF Weston Wilson P Logan Gilbert P Kevin Gausman SS Colson Montgomery,,,
2273,5205431566,WunstaGuy (12/20),0,69.9,1B Munetaka Murakami 2B Brett Baty 3B Miguel Vargas C Luis Torrens OF A.J. Ewing OF Heriberto Hernandez OF Tyrone Taylor P Logan Gilbert P Kevin Gausman SS Francisco Lindor,,,
2273,5205459955,jakethesnake83 (2/3),0,69.9,1B Ryan Vilade 2B Luis Urias 3B Junior Caminero C Alejandro Kirk OF Jordan Walker OF Victor Mesa Jr. OF Daulton Varsho P Logan Gilbert P Kevin Gausman SS Francisco Lindor,,,
2273,5205538591,Rhombus87 (13/20),0,69.9,1B Vladimir Guerrero Jr. 2B Brett Baty 3B Miguel Vargas C Luis Torrens OF Sam Antonacci OF A.J. Ewing OF Tyrone Taylor P Logan Gilbert P Kevin Gausman SS Francisco Lindor,,,
2281,5205012474,mmaffia5 (2/10),0,69.85,1B Alec Burleson 2B JJ Wetherholt 3B Kazuma Okamoto C Ivan Herrera OF Jordan Walker OF George Springer OF Lars Nootbaar P Connor Prielipp P Tyler Phillips SS Ernie Clement,,,
2282,5205334998,gogosox2005 (2/2),0,69.8,1B Vladimir Guerrero Jr. 2B JJ Wetherholt 3B Bo Bichette C Cal Raleigh OF Sam Antonacci OF Heriberto Hernandez OF Braden Montgomery P Logan Gilbert P Tyler Phillips SS Otto Lopez,,,
2283,5205203707,Boneyball1018 (7/8),0,69.7,1B Kyle Stowers 2B JJ Wetherholt 3B Junior Caminero C Victor Caratini OF A.J. Ewing OF Carson Benge OF Victor Mesa Jr. P Drew Rasmussen P Connor Prielipp SS Ernie Clement,,,
2283,5205492885,whip99 (17/20),0,69.7,1B Alec Burleson 2B JJ Wetherholt 3B Blaze Jordan C Ivan Herrera OF Jordan Walker OF Trevor Larnach OF Carson Benge P Zac Thornton P Connor Prielipp SS Francisco Lindor,,,
2285,5205189078,Lscanson,0,69.65,1B Vladimir Guerrero Jr. 2B Marcus Semien 3B Yandy Diaz C Nick Fortes OF George Springer OF A.J. Ewing OF Carson Benge P Logan Gilbert P Zac Thornton SS Ernie Clement,,,
2285,5205374006,Wilmsy636,0,69.65,1B Kyle Stowers 2B Cole Young 3B Kazuma Okamoto C Cal Raleigh OF George Springer OF Jonny DeLuca OF Ryan Vilade P Logan Gilbert P Zac Thornton SS Francisco Lindor,,,
2285,5205390950,chrisallday618,0,69.65,1B Vladimir Guerrero Jr. 2B Chase Meidroth 3B Kazuma Okamoto C Cal Raleigh OF Randy Arozarena OF George Springer OF Andrew Benintendi P Logan Gilbert P Zac Thornton SS Tristan Gray,,,
2285,5205400852,chex43,0,69.65,1B Vladimir Guerrero Jr. 2B Luis Urias 3B Kazuma Okamoto C Cal Raleigh OF Julio Rodriguez OF George Springer OF Daulton Varsho P Logan Gilbert P Zac Thornton SS Francisco Lindor,,,
2285,5205458615,Cole3pt,0,69.65,1B Vladimir Guerrero Jr. 2B Xavier Edwards 3B Kazuma Okamoto C Alejandro Kirk OF George Springer OF Daulton Varsho OF Ryan Vilade P Logan Gilbert P Zac Thornton SS Otto Lopez,,,
2285,5205537453,dheredia,0,69.65,1B Vladimir Guerrero Jr. 2B Luis Urias 3B Bo Bichette C Cal Raleigh OF Jordan Walker OF A.J. Ewing OF Carson Benge P Logan Gilbert P Zac Thornton SS Javier Sanoja,,,
2291,5205173852,ttillie (2/20),0,69.35,1B Jared Young 2B JJ Wetherholt 3B Bo Bichette C Ivan Herrera OF Jordan Walker OF Randy Arozarena OF Dominic Canzone P Zac Thornton P Noah Schultz SS Ernie Clement,,,
2291,5205214625,tpyo (20/20),0,69.35,1B Jared Young 2B Brett Baty 3B Junior Caminero C Ivan Herrera OF Jordan Walker OF A.J. Ewing OF Tyrone Taylor P Logan Gilbert P Connor Prielipp SS Francisco Lindor,,,
2291,5205383244,ImaDonk11 (18/20),0,69.35,1B Vladimir Guerrero Jr. 2B Chase Meidroth 3B Kazuma Okamoto C Alejandro Kirk OF Sam Antonacci OF George Springer OF Myles Straw P Logan Gilbert P Connor Prielipp SS Colson Montgomery,,,
2291,5205455737,Hey...HereWeGo1 (9/20),0,69.35,1B Alec Burleson 2B JJ Wetherholt 3B Blaze Jordan C Ivan Herrera OF A.J. Ewing OF Carson Benge OF Nathan Church P Logan Gilbert P Connor Prielipp SS Francisco Lindor,,,
2291,5205474164,ballaholick713 (7/20),0,69.35,1B Munetaka Murakami 2B Brett Baty 3B Junior Caminero C Luis Torrens OF Jonny DeLuca OF A.J. Ewing OF Tyrone Taylor P Logan Gilbert P Connor Prielipp SS Francisco Lindor,,,
2291,5205504311,lilmaryy (7/10),0,69.35,1B Jared Young 2B Xavier Edwards 3B Junior Caminero C Liam Hicks OF A.J. Ewing OF Heriberto Hernandez OF Braden Montgomery P Logan Gilbert P Connor Prielipp SS Otto Lopez,,,
2297,5205259203,kozy6813 (9/20),0,69.25,1B Royce Lewis 2B Luis Urias 3B Brooks Lee C Ryan Jeffers OF Kody Clemens OF A.J. Ewing OF Trevor Larnach P Zac Thornton P Kevin Gausman SS Francisco Lindor,,,
2298,5205258139,qbani2 (1/2),0,69,1B Alec Burleson 2B JJ Wetherholt 3B Weston Wilson C Ivan Herrera OF Jordan Walker OF Dominic Canzone OF Heriberto Hernandez P Logan Gilbert P Quinn Mathews SS Masyn Winn,,,
2298,5205280280,Sallibone,0,69,1B Royce Lewis 2B Cole Young 3B Yandy Diaz C Francisco Alvarez OF Kody Clemens OF A.J. Ewing OF Ryan Vilade P Drew Rasmussen P Zac Thornton SS Francisco Lindor,,,
2298,5205455780,ecaras0381,0,69,1B Kyle Stowers 2B JJ Wetherholt 3B Bo Bichette C Cal Raleigh OF Jonny DeLuca OF A.J. Ewing OF Heriberto Hernandez P Logan Gilbert P Quinn Mathews SS Masyn Winn,,,
2298,5205476875,jaakko (2/3),0,69,1B Alec Burleson 2B Chase Meidroth 3B Blaze Jordan C Ivan Herrera OF Jordan Walker OF Sam Antonacci OF Braden Montgomery P Logan Gilbert P Quinn Mathews SS Masyn Winn,,,
2302,5204788743,ivymoose (5/20),0,68.95,1B Kyle Stowers 2B Xavier Edwards 3B Miguel Vargas C Liam Hicks OF Sam Antonacci OF Heriberto Hernandez OF Andrew Benintendi P Kevin Gausman P Connor Prielipp SS Otto Lopez,,,
2302,5205170970,KenTasch (2/2),0,68.95,1B Munetaka Murakami 2B Ernie Clement 3B Miguel Vargas C Alejandro Kirk OF George Springer OF Carson Benge OF Daulton Varsho P Kevin Gausman P Connor Prielipp SS Colson Montgomery,,,
2302,5205183615,jnwallen (12/20),0,68.95,1B Kyle Stowers 2B Xavier Edwards 3B Miguel Vargas C Liam Hicks OF Sam Antonacci OF Heriberto Hernandez OF Andrew Benintendi P Kevin Gausman P Connor Prielipp SS Otto Lopez,,,
2302,5205192969,masonplays2014 (19/20),0,68.95,1B Munetaka Murakami 2B Marcus Semien 3B Bo Bichette C Ryan Jeffers OF Kody Clemens OF A.J. Ewing OF Tyrone Taylor P Kevin Gausman P Connor Prielipp SS Francisco Lindor,,,
2302,5205247592,jradesanmi (19/20),0,68.95,1B Royce Lewis 2B Kody Clemens 3B Junior Caminero C Victor Caratini OF Sam Antonacci OF George Springer OF Luke Keaschall P Kevin Gausman P Connor Prielipp SS Colson Montgomery,,,
2307,5205196848,LBDTitan (2/2),0,68.9,1B Vladimir Guerrero Jr. 2B Xavier Edwards 3B Kazuma Okamoto C Luis Torrens OF George Springer OF A.J. Ewing OF Carson Benge P Logan Gilbert P Kevin Gausman SS Francisco Lindor,,,
2307,5205204421,UniversalFriend (16/20),0,68.9,1B Josh Naylor 2B Cole Young 3B Miguel Vargas C Cal Raleigh OF Sam Antonacci OF Julio Rodriguez OF Andrew Benintendi P Logan Gilbert P Kevin Gausman SS Colt Emerson,,,
2307,5205276556,HockeyCardsPlus (1/20),0,68.9,1B Munetaka Murakami 2B Luis Urias 3B Miguel Vargas C Edgar Quero OF Sam Antonacci OF Heriberto Hernandez OF Tristan Peters P Logan Gilbert P Kevin Gausman SS Otto Lopez,,,
2307,5205524194,mattmoss12 (19/20),0,68.9,1B Vladimir Guerrero Jr. 2B Marcus Semien 3B Junior Caminero C Nick Fortes OF Chandler Simpson OF Victor Mesa Jr. OF Daulton Varsho P Logan Gilbert P Kevin Gausman SS Francisco Lindor,,,
2311,5205247578,jradesanmi (5/20),0,68.7,1B Yandy Diaz 2B Xavier Edwards 3B Junior Caminero C Luis Torrens OF A.J. Ewing OF Chandler Simpson OF Carson Benge P Drew Rasmussen P Connor Prielipp SS Francisco Lindor,,,
2311,5205261112,chelterbrand,0,68.7,1B Royce Lewis 2B Luis Urias 3B Yandy Diaz C Ivan Herrera OF Sam Antonacci OF George Springer OF Trevor Larnach P Zac Thornton P Connor Prielipp SS Colson Montgomery,,,
2311,5205388694,Bigdawg73,0,68.7,1B Jonathan Aranda 2B Brett Baty 3B Bo Bichette C Cal Raleigh OF Jordan Walker OF A.J. Ewing OF Carson Benge P Drew Rasmussen P Connor Prielipp SS Francisco Lindor,,,
2314,5205064253,ariric864,0,68.65,1B Jared Young 2B Ernie Clement 3B Kazuma Okamoto C Alejandro Kirk OF Julio Rodriguez OF George Springer OF Carson Benge P Logan Gilbert P Zac Thornton SS Francisco Lindor,,,
2314,5205072091,Wanna_Square_Up1567 (14/20),0,68.65,1B Alec Burleson 2B Luis Urias 3B Miguel Vargas C Jimmy Crooks OF Jordan Walker OF George Springer OF Nathan Church P Logan Gilbert P Zac Thornton SS Masyn Winn,,,
2314,5205175815,DEEZ.NU.TEES,0,68.65,1B Munetaka Murakami 2B Brett Baty 3B Blaze Jordan C Nick Fortes OF Jordan Walker OF George Springer OF A.J. Ewing P Logan Gilbert P Zac Thornton SS Masyn Winn,,,
2314,5205256862,chicksdigthewongball (18/20),0,68.65,1B Jared Young 2B JJ Wetherholt 3B Blaze Jordan C Ivan Herrera OF Jordan Walker OF Lars Nootbaar OF Tyrone Taylor P Logan Gilbert P Zac Thornton SS Francisco Lindor,,,
2314,5205455850,michael.g.christe,0,68.65,1B Jared Young 2B Ernie Clement 3B Yandy Diaz C Alejandro Kirk OF Julio Rodriguez OF George Springer OF Carson Benge P Logan Gilbert P Zac Thornton SS Ben Williamson,,,
2314,5205527623,jet6388,0,68.65,1B Munetaka Murakami 2B Cole Young 3B Blaze Jordan C Cal Raleigh OF A.J. Ewing OF Trevor Larnach OF Carson Benge P Logan Gilbert P Zac Thornton SS Ryan Kreidler,,,
2314,5205539913,GeMSta69 (2/2),0,68.65,1B Munetaka Murakami 2B Marcus Semien 3B Yandy Diaz C Luis Torrens OF Randy Arozarena OF A.J. Ewing OF Nathan Church P Logan Gilbert P Zac Thornton SS Colt Emerson,,,
2321,5205101538,butchismyhomie,0,68.35,1B Vladimir Guerrero Jr. 2B Marcus Semien 3B Miguel Vargas C Ivan Herrera OF A.J. Ewing OF Carson Benge OF Heriberto Hernandez P Logan Gilbert P Connor Prielipp SS Francisco Lindor,,,
2321,5205171812,madcol123,0,68.35,1B Alec Burleson 2B Chase Meidroth 3B Miguel Vargas C Ivan Herrera OF A.J. Ewing OF Andrew Benintendi OF Esteury Ruiz P Logan Gilbert P Connor Prielipp SS Francisco Lindor,,,
2321,5205364082,zandwich (9/20),0,68.35,1B Munetaka Murakami 2B Xavier Edwards 3B Miguel Vargas C Luis Torrens OF Carson Benge OF Heriberto Hernandez OF Esteury Ruiz P Logan Gilbert P Connor Prielipp SS Otto Lopez,,,
2321,5205455731,Hey...HereWeGo1 (3/20),0,68.35,1B Alec Burleson 2B JJ Wetherholt 3B Blaze Jordan C Cal Raleigh OF Randy Arozarena OF Julio Rodriguez OF Dominic Canzone P Zac Thornton P Quinn Mathews SS Colson Montgomery,,,
2321,5205462438,kcroyalfan (11/20),0,68.35,1B Jared Young 2B Ernie Clement 3B Bo Bichette C Cal Raleigh OF Jordan Walker OF George Springer OF Carson Benge P Logan Gilbert P Connor Prielipp SS Francisco Lindor,,,
2321,5205474163,ballaholick713 (6/20),0,68.35,1B Vladimir Guerrero Jr. 2B JJ Wetherholt 3B Kazuma Okamoto C Alejandro Kirk OF Jordan Walker OF Lars Nootbaar OF Davis Schneider P Logan Gilbert P Connor Prielipp SS Ernie Clement,,,
2321,5205529390,texasnumbercruncher (15/20),0,68.35,1B Vladimir Guerrero Jr. 2B Marcus Semien 3B Kazuma Okamoto C Ivan Herrera OF Jordan Walker OF Jonny DeLuca OF Chandler Simpson P Logan Gilbert P Connor Prielipp SS Taylor Walls,,,
2328,5205267171,SFN03 (8/20),0,68.25,1B Vladimir Guerrero Jr. 2B Ernie Clement 3B Kazuma Okamoto C Alejandro Kirk OF Julio Rodriguez OF A.J. Ewing OF Heriberto Hernandez P Zac Thornton P Kevin Gausman SS Francisco Lindor,,,
2328,5205267175,SFN03 (12/20),0,68.25,1B Jared Young 2B Luis Urias 3B Bo Bichette C Ryan Jeffers OF George Springer OF A.J. Ewing OF Tyrone Taylor P Zac Thornton P Kevin Gausman SS Ernie Clement,,,
2328,5205286575,FoxyGrandpa252 (14/20),0,68.25,1B Munetaka Murakami 2B Luis Urias 3B Junior Caminero C Alejandro Kirk OF Sam Antonacci OF Daulton Varsho OF Tyrone Taylor P Zac Thornton P Kevin Gausman SS Ernie Clement,,,
2328,5205356509,lklk88088 (14/20),0,68.25,1B Vladimir Guerrero Jr. 2B Kody Clemens 3B Kazuma Okamoto C Alejandro Kirk OF George Springer OF A.J. Ewing OF Daulton Varsho P Zac Thornton P Kevin Gausman SS Francisco Lindor,,,
2328,5205492886,whip99 (18/20),0,68.25,1B Jared Young 2B Royce Lewis 3B Brooks Lee C Ryan Jeffers OF Kody Clemens OF Trevor Larnach OF Heriberto Hernandez P Zac Thornton P Kevin Gausman SS Francisco Lindor,,,
2333,5205004143,doubleday123,0,68.05,1B Yandy Diaz 2B Xavier Edwards 3B Junior Caminero C Liam Hicks OF Jonny DeLuca OF A.J. Ewing OF Carson Benge P Quinn Mathews P Connor Prielipp SS Otto Lopez,,,
2333,5205258417,pthorpe25 (5/7),0,68.05,1B Royce Lewis 2B Kody Clemens 3B Brooks Lee C Victor Caratini OF Sam Antonacci OF Chandler Simpson OF Luke Keaschall P Quinn Mathews P Connor Prielipp SS Otto Lopez,,,
2335,5205526957,Grnder_786 (15/20),0,68,1B Jared Young 2B Xavier Edwards 3B Bo Bichette C Cal Raleigh OF Julio Rodriguez OF A.J. Ewing OF Heriberto Hernandez P Logan Gilbert P Noah Schultz SS Otto Lopez,,,
2335,5205534940,ccrider729,0,68,1B Alec Burleson 2B JJ Wetherholt 3B Kazuma Okamoto C Nick Fortes OF Carson Benge OF Victor Mesa Jr. OF Heriberto Hernandez P Drew Rasmussen P Zac Thornton SS Francisco Lindor,,,
2337,5205143493,cw1tt (9/20),0,67.95,1B Munetaka Murakami 2B Ernie Clement 3B Kazuma Okamoto C Alejandro Kirk OF Sam Antonacci OF George Springer OF Daulton Varsho P Kevin Gausman P Connor Prielipp SS Colson Montgomery,,,
2337,5205261860,bmosley21 (19/20),0,67.95,1B Yandy Diaz 2B Marcus Semien 3B Bo Bichette C Liam Hicks OF A.J. Ewing OF Carson Benge OF Victor Mesa Jr. P Kevin Gausman P Connor Prielipp SS Francisco Lindor,,,
2337,5205347378,chrispy2005 (16/20),0,67.95,1B Jared Young 2B Xavier Edwards 3B Miguel Vargas C Ryan Jeffers OF George Springer OF Heriberto Hernandez OF Daulton Varsho P Kevin Gausman P Connor Prielipp SS Otto Lopez,,,
2337,5205474100,cachedinar (1/20),0,67.95,1B Kyle Stowers 2B Xavier Edwards 3B Junior Caminero C Ryan Jeffers OF Kody Clemens OF Daulton Varsho OF Tyrone Taylor P Kevin Gausman P Connor Prielipp SS Ernie Clement,,,
2341,5205265233,ggone400 (1/3),0,67.9,1B Vladimir Guerrero Jr. 2B Xavier Edwards 3B Kazuma Okamoto C Agustin Ramirez OF George Springer OF A.J. Ewing OF Carson Benge P Logan Gilbert P Kevin Gausman SS Ernie Clement,,,
2341,5205485600,KenyanDrake (4/20),0,67.9,1B Munetaka Murakami 2B Brett Baty 3B Miguel Vargas C Edgar Quero OF Sam Antonacci OF Andrew Benintendi OF Tyrone Taylor P Logan Gilbert P Kevin Gausman SS Francisco Lindor,,,
2343,5205014718,iBFlexSin (1/2),0,67.7,1B Royce Lewis 2B JJ Wetherholt 3B Junior Caminero C Nick Fortes OF Kody Clemens OF Victor Mesa Jr. OF Ryan Vilade P Drew Rasmussen P Connor Prielipp SS Francisco Lindor,,,
2343,5205123441,imryan87 (1/2),0,67.7,1B Alec Burleson 2B JJ Wetherholt 3B Yandy Diaz C Ivan Herrera OF Jordan Walker OF Cedric Mullins OF Tyrone Taylor P Zac Thornton P Connor Prielipp SS Masyn Winn,,,
2343,5205251621,uvajay (14/20),0,67.7,1B Royce Lewis 2B Kody Clemens 3B Yandy Diaz C Ryan Jeffers OF Chandler Simpson OF Carson Benge OF Victor Mesa Jr. P Drew Rasmussen P Connor Prielipp SS Taylor Walls,,,
2343,5205432842,smk5430 (19/20),0,67.7,1B Royce Lewis 2B Kody Clemens 3B Bo Bichette C Ryan Jeffers OF A.J. Ewing OF Trevor Larnach OF Tyrone Taylor P Zac Thornton P Connor Prielipp SS Francisco Lindor,,,
2343,5205455735,Hey...HereWeGo1 (7/20),0,67.7,1B Alec Burleson 2B JJ Wetherholt 3B Blaze Jordan C Ivan Herrera OF Jordan Walker OF George Springer OF Carson Benge P Zac Thornton P Connor Prielipp SS Francisco Lindor,,,
2348,5205199010,Bad99Jaybird,0,67.65,1B Munetaka Murakami 2B Luis Urias 3B Javier Sanoja C Cal Raleigh OF Chandler Simpson OF Carson Benge OF Heriberto Hernandez P Logan Gilbert P Zac Thornton SS Ernie Clement,,,
2348,5205259195,kozy6813 (1/20),0,67.65,1B Vladimir Guerrero Jr. 2B Luis Urias 3B Kazuma Okamoto C Alejandro Kirk OF George Springer OF Chandler Simpson OF Victor Mesa Jr. P Logan Gilbert P Zac Thornton SS Francisco Lindor,,,
2348,5205431564,WunstaGuy (10/20),0,67.65,1B Alec Burleson 2B Luis Urias 3B Kazuma Okamoto C Ivan Herrera OF George Springer OF Lars Nootbaar OF Daulton Varsho P Logan Gilbert P Zac Thornton SS Ernie Clement,,,
2348,5205531650,johnferr27 (1/2),0,67.65,1B Jared Young 2B Luis Urias 3B Bo Bichette C Cal Raleigh OF Randy Arozarena OF A.J. Ewing OF Carson Benge P Logan Gilbert P Zac Thornton SS Francisco Lindor,,,
2352,5205537647,boys4,0,67.6,1B Alec Burleson 2B JJ Wetherholt 3B Kazuma Okamoto C Ivan Herrera OF Jordan Walker OF George Springer OF Lars Nootbaar P Kevin Gausman P Quinn Mathews SS Colt Emerson,,,
2353,5205251625,uvajay (18/20),0,67.35,1B Jared Young 2B Brett Baty 3B Miguel Vargas C Liam Hicks OF A.J. Ewing OF Carson Benge OF Heriberto Hernandez P Logan Gilbert P Connor Prielipp SS Otto Lopez,,,
2353,5205274768,kreller17 (19/20),0,67.35,1B Alec Burleson 2B Luis Urias 3B Kazuma Okamoto C Ivan Herrera OF Jordan Walker OF Lars Nootbaar OF Nathan Church P Logan Gilbert P Connor Prielipp SS Francisco Lindor,,,
2353,5205283766,Dhadron (14/20),0,67.35,1B Munetaka Murakami 2B Xavier Edwards 3B Leo Jimenez C Liam Hicks OF A.J. Ewing OF Victor Mesa Jr. OF Heriberto Hernandez P Logan Gilbert P Connor Prielipp SS Otto Lopez,,,
2353,5205467538,Dricou (2/5),0,67.35,1B Jared Young 2B Royce Lewis 3B Bo Bichette C Ryan Jeffers OF Kody Clemens OF A.J. Ewing OF Carson Benge P Drew Rasmussen P Quinn Mathews SS Francisco Lindor,,,
2353,5205522331,ftwayne19 (2/2),0,67.35,1B Alec Burleson 2B Royce Lewis 3B Miguel Vargas C Liam Hicks OF Trevor Larnach OF Carson Benge OF Victor Mesa Jr. P Zac Thornton P Quinn Mathews SS Otto Lopez,,,
2358,5205125369,curleeshu (4/5),0,67.25,1B Vladimir Guerrero Jr. 2B Xavier Edwards 3B Bo Bichette C Alejandro Kirk OF Kody Clemens OF George Springer OF Dominic Canzone P Zac Thornton P Kevin Gausman SS Francisco Lindor,,,
2358,5205517302,bhess777 (7/20),0,67.25,1B Vladimir Guerrero Jr. 2B Luis Urias 3B Miguel Vargas C Alejandro Kirk OF Sam Antonacci OF George Springer OF A.J. Ewing P Zac Thornton P Kevin Gausman SS Ernie Clement,,,
2360,5205183619,jnwallen (16/20),0,67.15,1B Alec Burleson 2B JJ Wetherholt 3B Kazuma Okamoto C Ivan Herrera OF Jordan Walker OF George Springer OF Daulton Varsho P Zac Thornton P Tyler Phillips SS Masyn Winn,,,
2361,5205121311,Grampyoz,0,67.1,1B Yandy Diaz 2B JJ Wetherholt 3B Kazuma Okamoto C Ivan Herrera OF Jordan Walker OF Kody Clemens OF Randy Arozarena P Noah Schultz P Jordan Hicks SS Colson Montgomery,,,
2362,5205470989,RelentlessD85 (18/20),0,67.05,1B Yandy Diaz 2B Royce Lewis 3B Bo Bichette C Ivan Herrera OF Jordan Walker OF Chandler Simpson OF Esteury Ruiz P Quinn Mathews P Connor Prielipp SS Ryan Kreidler,,,
2362,5205538593,Rhombus87 (15/20),0,67.05,1B Alec Burleson 2B JJ Wetherholt 3B Miguel Vargas C Ivan Herrera OF Jordan Walker OF Lars Nootbaar OF Tyrone Taylor P Quinn Mathews P Connor Prielipp SS Francisco Lindor,,,
2364,5205089574,SeanDre (18/20),0,67,1B Munetaka Murakami 2B Chase Meidroth 3B Blaze Jordan C Edgar Quero OF Jordan Walker OF Lars Nootbaar OF Esteury Ruiz P Logan Gilbert P Quinn Mathews SS Colson Montgomery,,,
2364,5205091869,polk45,0,67,1B Vladimir Guerrero Jr. 2B Ernie Clement 3B Kazuma Okamoto C Cal Raleigh OF Julio Rodriguez OF A.J. Ewing OF Carson Benge P Drew Rasmussen P Zac Thornton SS Ben Williamson,,,
2364,5205354407,postalwolf,0,67,1B Munetaka Murakami 2B Luis Urias 3B Yandy Diaz C Cal Raleigh OF Sam Antonacci OF Chandler Simpson OF Weston Wilson P Drew Rasmussen P Zac Thornton SS Masyn Winn,,,
2364,5205511684,louiswat (2/2),0,67,1B Yandy Diaz 2B Cole Young 3B Miguel Vargas C Victor Caratini OF Jordan Walker OF Carson Benge OF Andrew Benintendi P Drew Rasmussen P Zac Thornton SS Colt Emerson,,,
2368,5205013011,thundrenterprises (9/20),0,66.95,1B Munetaka Murakami 2B Luis Urias 3B Kazuma Okamoto C Alejandro Kirk OF Kody Clemens OF Sam Antonacci OF Jonny DeLuca P Kevin Gausman P Connor Prielipp SS Francisco Lindor,,,
2368,5205274760,kreller17 (11/20),0,66.95,1B Munetaka Murakami 2B Brett Baty 3B Miguel Vargas C Alejandro Kirk OF Sam Antonacci OF Heriberto Hernandez OF Daulton Varsho P Kevin Gausman P Connor Prielipp SS Otto Lopez,,,
2368,5205371394,Abc1289 (18/20),0,66.95,1B Vladimir Guerrero Jr. 2B Ernie Clement 3B Junior Caminero C Ryan Jeffers OF Sam Antonacci OF George Springer OF Myles Straw P Kevin Gausman P Connor Prielipp SS Taylor Walls,,,
2368,5205474105,cachedinar (6/20),0,66.95,1B Kyle Stowers 2B Xavier Edwards 3B Junior Caminero C Ryan Jeffers OF Kody Clemens OF Esteury Ruiz OF Daulton Varsho P Kevin Gausman P Connor Prielipp SS Ernie Clement,,,
2368,5205474111,cachedinar (12/20),0,66.95,1B Kyle Stowers 2B Xavier Edwards 3B Junior Caminero C Ryan Jeffers OF Sam Antonacci OF Esteury Ruiz OF Daulton Varsho P Kevin Gausman P Connor Prielipp SS Ernie Clement,,,
2373,5205115035,christiangideon (10/10),0,66.9,1B Ryan Vilade 2B Marcus Semien 3B Yandy Diaz C Alejandro Kirk OF Sam Antonacci OF A.J. Ewing OF Daulton Varsho P Logan Gilbert P Kevin Gausman SS Colson Montgomery,,,
2373,5205412168,wmax,0,66.9,1B Vladimir Guerrero Jr. 2B Cole Young 3B Junior Caminero C Luis Torrens OF Chandler Simpson OF Carson Benge OF Andrew Benintendi P Logan Gilbert P Kevin Gausman SS Francisco Lindor,,,
2373,5205431557,WunstaGuy (3/20),0,66.9,1B Yandy Diaz 2B Marcus Semien 3B Bo Bichette C Nick Fortes OF Jonny DeLuca OF Chandler Simpson OF Victor Mesa Jr. P Logan Gilbert P Kevin Gausman SS Colson Montgomery,,,
2373,5205479507,ARoman24 (4/4),0,66.9,1B Vladimir Guerrero Jr. 2B Brett Baty 3B Bo Bichette C Cal Raleigh OF A.J. Ewing OF Carson Benge OF Heriberto Hernandez P Logan Gilbert P Kevin Gausman SS Francisco Lindor,,,
2373,5205517810,ydoja2 (13/15),0,66.9,1B Munetaka Murakami 2B Marcus Semien 3B Miguel Vargas C Luis Torrens OF Sam Antonacci OF Andrew Benintendi OF Tyrone Taylor P Logan Gilbert P Kevin Gausman SS Francisco Lindor,,,
2373,5205534639,eagles5016 (16/20),0,66.9,1B Yandy Diaz 2B Xavier Edwards 3B Leo Jimenez C Cal Raleigh OF Sam Antonacci OF Dominic Canzone OF Heriberto Hernandez P Logan Gilbert P Kevin Gausman SS Otto Lopez,,,
2379,5205115012,christiangideon (6/10),0,66.85,1B Yandy Diaz 2B JJ Wetherholt 3B Kazuma Okamoto C Liam Hicks OF Jordan Walker OF Chandler Simpson OF Victor Mesa Jr. P Connor Prielipp P Tyler Phillips SS Otto Lopez,,,
2380,5205371377,Abc1289 (1/20),0,66.7,1B Vladimir Guerrero Jr. 2B Ernie Clement 3B Kazuma Okamoto C Alejandro Kirk OF Jordan Walker OF George Springer OF A.J. Ewing P Zac Thornton P Connor Prielipp SS Francisco Lindor,,,
2381,5205383241,ImaDonk11 (15/20),0,66.65,1B Yandy Diaz 2B Brett Baty 3B Junior Caminero C Luis Torrens OF A.J. Ewing OF Carson Benge OF Ryan Vilade P Logan Gilbert P Drew Rasmussen SS Taylor Walls,,,
2381,5205459967,jakethesnake83 (3/3),0,66.65,1B Vladimir Guerrero Jr. 2B Luis Urias 3B Yandy Diaz C Cal Raleigh OF George Springer OF Victor Mesa Jr. OF Daulton Varsho P Logan Gilbert P Zac Thornton SS Francisco Lindor,,,
2381,5205534629,eagles5016 (6/20),0,66.65,1B Josh Naylor 2B JJ Wetherholt 3B Blaze Jordan C Ivan Herrera OF Jordan Walker OF Julio Rodriguez OF Nathan Church P Logan Gilbert P Zac Thornton SS Colt Emerson,,,
2384,5205183622,jnwallen (19/20),0,66.35,1B Alec Burleson 2B JJ Wetherholt 3B Weston Wilson C Cal Raleigh OF Jordan Walker OF Randy Arozarena OF Dominic Canzone P Zac Thornton P Quinn Mathews SS Masyn Winn,,,
2384,5205247577,jradesanmi (4/20),0,66.35,1B Yandy Diaz 2B Marcus Semien 3B Junior Caminero C Nick Fortes OF A.J. Ewing OF Chandler Simpson OF Heriberto Hernandez P Logan Gilbert P Connor Prielipp SS Francisco Lindor,,,
2384,5205251615,uvajay (8/20),0,66.35,1B Munetaka Murakami 2B Luis Urias 3B Miguel Vargas C Alejandro Kirk OF Sam Antonacci OF Andrew Benintendi OF Tyrone Taylor P Logan Gilbert P Connor Prielipp SS Colson Montgomery,,,
2384,5205520261,SayHeyKid1230 (19/20),0,66.35,1B Josh Naylor 2B JJ Wetherholt 3B Brett Baty C Jimmy Crooks OF Jordan Walker OF Randy Arozarena OF Braden Montgomery P Zac Thornton P Quinn Mathews SS Masyn Winn,,,
2388,5205267164,SFN03 (1/20),0,66.25,1B Jared Young 2B Kody Clemens 3B Brooks Lee C Ryan Jeffers OF A.J. Ewing OF Heriberto Hernandez OF Tyrone Taylor P Zac Thornton P Kevin Gausman SS Francisco Lindor,,,
2388,5205492062,mariobr1709 (15/20),0,66.25,1B Jared Young 2B Ernie Clement 3B Bo Bichette C Alejandro Kirk OF George Springer OF Carson Benge OF Daulton Varsho P Zac Thornton P Kevin Gausman SS Francisco Lindor,,,
2390,5205089568,SeanDre (12/20),0,66.05,1B Alec Burleson 2B JJ Wetherholt 3B Bo Bichette C Ivan Herrera OF Jordan Walker OF Heriberto Hernandez OF Lars Nootbaar P Quinn Mathews P Connor Prielipp SS Otto Lopez,,,
2391,5205144964,topcat987 (1/2),0,66,1B Jared Young 2B JJ Wetherholt 3B Weston Wilson C Cal Raleigh OF Randy Arozarena OF Sam Antonacci OF A.J. Ewing P Logan Gilbert P Quinn Mathews SS Francisco Lindor,,,
2391,5205383245,ImaDonk11 (19/20),0,66,1B Yandy Diaz 2B Ben Williamson 3B Junior Caminero C Luis Torrens OF Jonny DeLuca OF Ryan Vilade OF Tyrone Taylor P Logan Gilbert P Quinn Mathews SS Francisco Lindor,,,
2391,5205415469,BuckeyeCity (15/20),0,66,1B Yandy Diaz 2B Marcus Semien 3B Junior Caminero C Luis Torrens OF Sam Antonacci OF A.J. Ewing OF Tyrone Taylor P Logan Gilbert P Quinn Mathews SS Francisco Lindor,,,
2391,5205434952,stevenhenry43211 (13/14),0,66,1B Josh Naylor 2B Xavier Edwards 3B Bo Bichette C Cal Raleigh OF Jordan Walker OF Julio Rodriguez OF Lars Nootbaar P Logan Gilbert P Quinn Mathews SS Masyn Winn,,,
2391,5205466712,Blerud15 (3/20),0,66,1B Alec Burleson 2B Xavier Edwards 3B Leo Jimenez C Ivan Herrera OF Jordan Walker OF Heriberto Hernandez OF Lars Nootbaar P Logan Gilbert P Quinn Mathews SS Masyn Winn,,,
2396,5205434950,stevenhenry43211 (11/14),0,65.95,1B Munetaka Murakami 2B Chase Meidroth 3B Miguel Vargas C Liam Hicks OF Sam Antonacci OF Griffin Conine OF Ryan Vilade P Kevin Gausman P Connor Prielipp SS Colson Montgomery,,,
2396,5205474119,cachedinar (20/20),0,65.95,1B Royce Lewis 2B Xavier Edwards 3B Junior Caminero C Ryan Jeffers OF Kody Clemens OF Daulton Varsho OF Tyrone Taylor P Kevin Gausman P Connor Prielipp SS Ernie Clement,,,
2398,5205025424,tbjones2121 (16/20),0,65.9,1B Jared Young 2B Luis Urias 3B Junior Caminero C Nick Fortes OF Jonny DeLuca OF Chandler Simpson OF Victor Mesa Jr. P Logan Gilbert P Kevin Gausman SS Francisco Lindor,,,
2398,5205256845,chicksdigthewongball (1/20),0,65.9,1B Yandy Diaz 2B Luis Urias 3B Miguel Vargas C Nick Fortes OF Sam Antonacci OF Jonny DeLuca OF Chandler Simpson P Logan Gilbert P Kevin Gausman SS Taylor Walls,,,
2398,5205266444,managyjr,0,65.9,1B Vladimir Guerrero Jr. 2B Xavier Edwards 3B Kazuma Okamoto C Alejandro Kirk OF A.J. Ewing OF Carson Benge OF Victor Mesa Jr. P Logan Gilbert P Kevin Gausman SS Francisco Lindor,,,
2401,5205412167,llcoach311,0,65.7,1B Alec Burleson 2B Ernie Clement 3B Yandy Diaz C Ryan Jeffers OF Carson Benge OF Heriberto Hernandez OF Luke Keaschall P Zac Thornton P Connor Prielipp SS Francisco Lindor,,,
2402,5205154233,topcat987 (2/2),0,65.65,1B Alec Burleson 2B JJ Wetherholt 3B Weston Wilson C Ivan Herrera OF A.J. Ewing OF Nathan Church OF Tyrone Taylor P Logan Gilbert P Zac Thornton SS Francisco Lindor,,,
2402,5205266909,jokerdpo,0,65.65,1B Vladimir Guerrero Jr. 2B Luis Urias 3B Kazuma Okamoto C Alejandro Kirk OF Julio Rodriguez OF A.J. Ewing OF Carson Benge P Logan Gilbert P Zac Thornton SS Francisco Lindor,,,
2402,5205397665,jackson_0824 (4/5),0,65.65,1B Vladimir Guerrero Jr. 2B Luis Urias 3B Kazuma Okamoto C Cal Raleigh OF George Springer OF Jonny DeLuca OF Victor Mesa Jr. P Logan Gilbert P Zac Thornton SS Francisco Lindor,,,
2402,5205475452,quinceylu,0,65.65,1B Alec Burleson 2B Luis Urias 3B Kazuma Okamoto C Alejandro Kirk OF Sam Antonacci OF George Springer OF Victor Mesa Jr. P Logan Gilbert P Zac Thornton SS Ernie Clement,,,
2402,5205525145,treaks63,0,65.65,1B Josh Naylor 2B JJ Wetherholt 3B Brooks Lee C Alejandro Kirk OF Carson Benge OF Victor Mesa Jr. OF Daulton Varsho P Logan Gilbert P Zac Thornton SS Francisco Lindor,,,
2407,5205089567,SeanDre (11/20),0,65.35,1B Alec Burleson 2B JJ Wetherholt 3B Leo Jimenez C Ivan Herrera OF Jordan Walker OF Lars Nootbaar OF Myles Straw P Logan Gilbert P Connor Prielipp SS Ernie Clement,,,
2407,5205236230,djpop10,0,65.35,1B Yandy Diaz 2B Ernie Clement 3B Junior Caminero C Luis Torrens OF George Springer OF Carson Benge OF Ryan Vilade P Logan Gilbert P Connor Prielipp SS Francisco Lindor,,,
2407,5205483476,MichaelBayneTech,0,65.35,1B Munetaka Murakami 2B Chase Meidroth 3B Junior Caminero C Nick Fortes OF George Springer OF Lars Nootbaar OF Andrew Benintendi P Logan Gilbert P Connor Prielipp SS Masyn Winn,,,
2410,5205267167,SFN03 (4/20),0,65.25,1B Munetaka Murakami 2B Cole Young 3B Kazuma Okamoto C Mitch Garver OF Julio Rodriguez OF Carson Benge OF Dominic Canzone P Zac Thornton P Kevin Gausman SS Otto Lopez,,,
2410,5205498403,jsw1264,0,65.25,1B Josh Naylor 2B Chase Meidroth 3B Junior Caminero C Cal Raleigh OF Randy Arozarena OF Chandler Simpson OF Carson Benge P Zac Thornton P Kevin Gausman SS Ryan Kreidler,,,
2410,5205534090,bownuts611 (5/6),0,65.25,1B Josh Naylor 2B Xavier Edwards 3B Kazuma Okamoto C Ivan Herrera OF Jordan Walker OF George Springer OF Daulton Varsho P Zac Thornton P Kevin Gausman SS Francisco Lindor,,,
2413,5205188029,Navare1212 (3/13),0,65.15,1B Munetaka Murakami 2B Royce Lewis 3B Kazuma Okamoto C Ivan Herrera OF Jordan Walker OF Chandler Simpson OF Luke Keaschall P Zac Thornton P Tyler Phillips SS Otto Lopez,,,
2414,5205531887,ralphgonzo10 (5/5),0,65.05,1B Alec Burleson 2B JJ Wetherholt 3B Yandy Diaz C Ryan Jeffers OF Kody Clemens OF Nathan Church OF Tyrone Taylor P Quinn Mathews P Connor Prielipp SS Francisco Lindor,,,
2415,5205010245,wh0red0zer9,0,65,1B Yandy Diaz 2B Marcus Semien 3B Bo Bichette C Cal Raleigh OF A.J. Ewing OF Carson Benge OF Victor Mesa Jr. P Drew Rasmussen P Zac Thornton SS Francisco Lindor,,,
2415,5205251608,uvajay (1/20),0,65,1B Jared Young 2B JJ Wetherholt 3B Blaze Jordan C Ivan Herrera OF Jordan Walker OF Heriberto Hernandez OF Lars Nootbaar P Logan Gilbert P Quinn Mathews SS Francisco Lindor,,,
2415,5205252376,ekard35 (1/2),0,65,1B Jared Young 2B JJ Wetherholt 3B Brett Baty C Ivan Herrera OF Jordan Walker OF Dominic Canzone OF Lars Nootbaar P Drew Rasmussen P Zac Thornton SS Francisco Lindor,,,
2415,5205390587,curleeshu (5/5),0,65,1B Royce Lewis 2B Ben Williamson 3B Junior Caminero C Cal Raleigh OF Sam Antonacci OF Lars Nootbaar OF Daulton Varsho P Drew Rasmussen P Zac Thornton SS Masyn Winn,,,
2415,5205512603,rockingrick (1/7),0,65,1B Yandy Diaz 2B Xavier Edwards 3B Junior Caminero C Jimmy Crooks OF Jonny DeLuca OF Heriberto Hernandez OF Ryan Vilade P Logan Gilbert P Quinn Mathews SS Otto Lopez,,,
2415,5205538766,Djk21,0,65,1B Alec Burleson 2B Marcus Semien 3B Junior Caminero C Nick Fortes OF Jonny DeLuca OF A.J. Ewing OF Victor Mesa Jr. P Logan Gilbert P Quinn Mathews SS Francisco Lindor,,,
2421,5204956746,DcSports89 (3/5),0,64.95,1B Yandy Diaz 2B Kody Clemens 3B Junior Caminero C Nick Fortes OF Jonny DeLuca OF A.J. Ewing OF Carson Benge P Kevin Gausman P Connor Prielipp SS Francisco Lindor,,,
2421,5205247581,jradesanmi (8/20),0,64.95,1B Jared Young 2B Royce Lewis 3B Bo Bichette C Ryan Jeffers OF George Springer OF A.J. Ewing OF Carson Benge P Kevin Gausman P Connor Prielipp SS Francisco Lindor,,,
2421,5205284855,Twinz1987 (6/20),0,64.95,1B Yandy Diaz 2B Kody Clemens 3B Junior Caminero C Alejandro Kirk OF Jonny DeLuca OF Victor Mesa Jr. OF Ryan Vilade P Kevin Gausman P Connor Prielipp SS Francisco Lindor,,,
2421,5205474104,cachedinar (5/20),0,64.95,1B Kyle Stowers 2B Xavier Edwards 3B Junior Caminero C Liam Hicks OF Kody Clemens OF Sam Antonacci OF Daulton Varsho P Kevin Gausman P Connor Prielipp SS Ernie Clement,,,
2421,5205474177,ballaholick713 (20/20),0,64.95,1B Vladimir Guerrero Jr. 2B Ben Williamson 3B Junior Caminero C Ryan Jeffers OF George Springer OF Jonny DeLuca OF Victor Mesa Jr. P Kevin Gausman P Connor Prielipp SS Taylor Walls,,,
2426,5205072084,Wanna_Square_Up1567 (7/20),0,64.9,1B Yandy Diaz 2B Luis Urias 3B Kazuma Okamoto C Mitch Garver OF Jonny DeLuca OF Chandler Simpson OF Victor Mesa Jr. P Logan Gilbert P Kevin Gausman SS Taylor Walls,,,
2426,5205170868,love245555 (9/20),0,64.9,1B Munetaka Murakami 2B Davis Schneider 3B Miguel Vargas C Edgar Quero OF Sam Antonacci OF Dominic Canzone OF Andrew Benintendi P Logan Gilbert P Kevin Gausman SS Otto Lopez,,,
2426,5205251624,uvajay (17/20),0,64.9,1B Yandy Diaz 2B Ben Williamson 3B Miguel Vargas C Nick Fortes OF Chandler Simpson OF Victor Mesa Jr. OF Tyrone Taylor P Logan Gilbert P Kevin Gausman SS Colson Montgomery,,,
2426,5205337149,pete0six (15/20),0,64.9,1B Munetaka Murakami 2B Luis Urias 3B Miguel Vargas C Edgar Quero OF Julio Rodriguez OF Heriberto Hernandez OF Andrew Benintendi P Logan Gilbert P Kevin Gausman SS Colson Montgomery,,,
2426,5205376924,axeman216,0,64.9,1B Vladimir Guerrero Jr. 2B Xavier Edwards 3B Yandy Diaz C Nick Fortes OF Sam Antonacci OF Carson Benge OF Andrew Benintendi P Logan Gilbert P Kevin Gausman SS Francisco Lindor,,,
2426,5205383239,ImaDonk11 (13/20),0,64.9,1B Ryan Vilade 2B Xavier Edwards 3B Junior Caminero C Alejandro Kirk OF George Springer OF Chandler Simpson OF Victor Mesa Jr. P Logan Gilbert P Kevin Gausman SS Taylor Walls,,,
2426,5205405180,SpeedRacer101 (10/20),0,64.9,1B Josh Naylor 2B Chase Meidroth 3B Miguel Vargas C Mitch Garver OF Julio Rodriguez OF Heriberto Hernandez OF Andrew Benintendi P Logan Gilbert P Kevin Gausman SS Colson Montgomery,,,
2426,5205433141,lbquadz (2/3),0,64.9,1B Munetaka Murakami 2B Marcus Semien 3B Miguel Vargas C Edgar Quero OF Heriberto Hernandez OF Braden Montgomery OF Andrew Benintendi P Logan Gilbert P Kevin Gausman SS Francisco Lindor,,,
2426,5205435455,caryreynolds11,0,64.9,1B Munetaka Murakami 2B Luis Urias 3B Miguel Vargas C Edgar Quero OF Julio Rodriguez OF Heriberto Hernandez OF Andrew Benintendi P Logan Gilbert P Kevin Gausman SS Colson Montgomery,,,
2426,5205517800,ydoja2 (3/15),0,64.9,1B Jared Young 2B Marcus Semien 3B Bo Bichette C Cal Raleigh OF Sam Antonacci OF Julio Rodriguez OF Carson Benge P Logan Gilbert P Kevin Gausman SS Francisco Lindor,,,
2426,5205526962,Grnder_786 (20/20),0,64.9,1B Yandy Diaz 2B Brett Baty 3B Bo Bichette C Cal Raleigh OF A.J. Ewing OF Carson Benge OF Heriberto Hernandez P Logan Gilbert P Kevin Gausman SS Francisco Lindor,,,
2437,5205454031,Juan1226 (8/20),0,64.85,1B Yandy Diaz 2B Royce Lewis 3B Junior Caminero C Ryan Jeffers OF Jonny DeLuca OF Chandler Simpson OF Victor Mesa Jr. P Connor Prielipp P Tyler Phillips SS Otto Lopez,,,
2438,5205121282,MasterLaster,0,64.7,1B Yandy Diaz 2B Marcus Semien 3B Junior Caminero C Nick Fortes OF George Springer OF Jonny DeLuca OF Carson Benge P Zac Thornton P Connor Prielipp SS Francisco Lindor,,,
2438,5205418153,4prongdigger (5/5),0,64.7,1B Vladimir Guerrero Jr. 2B Ernie Clement 3B Kazuma Okamoto C Ivan Herrera OF Jordan Walker OF George Springer OF Daulton Varsho P Zac Thornton P Connor Prielipp SS Francisco Lindor,,,
2440,5205140503,sheed6 (14/20),0,64.65,1B Munetaka Murakami 2B Xavier Edwards 3B Javier Sanoja C Edgar Quero OF Sam Antonacci OF Braden Montgomery OF Andrew Benintendi P Logan Gilbert P Zac Thornton SS Otto Lopez,,,
2440,5205155015,ghosey (1/2),0,64.65,1B Vladimir Guerrero Jr. 2B Ernie Clement 3B Kazuma Okamoto C Nick Fortes OF George Springer OF Carson Benge OF Lars Nootbaar P Logan Gilbert P Zac Thornton SS Francisco Lindor,,,
2440,5205204304,JcClark18 (19/20),0,64.65,1B Jared Young 2B Ernie Clement 3B Kazuma Okamoto C Alejandro Kirk OF George Springer OF A.J. Ewing OF Daulton Varsho P Logan Gilbert P Zac Thornton SS Francisco Lindor,,,
2440,5205260764,Hawkeye-1,0,64.65,1B Jared Young 2B Brett Baty 3B Kazuma Okamoto C Alejandro Kirk OF George Springer OF Jonny DeLuca OF A.J. Ewing P Logan Gilbert P Zac Thornton SS Francisco Lindor,,,
2444,5205376886,wfnugget11,0,64.5,1B Royce Lewis 2B Kody Clemens 3B Junior Caminero C Cal Raleigh OF Julio Rodriguez OF George Springer OF A.J. Ewing P Quinn Mathews P Tyler Phillips SS Francisco Lindor,,,
2445,5205243386,Navare1212 (9/13),0,64.4,1B Munetaka Murakami 2B Luis Urias 3B Kazuma Okamoto C Ryan Jeffers OF Kody Clemens OF Sam Antonacci OF George Springer P Kevin Gausman P Tyler Phillips SS Ernie Clement,,,
2446,5204986430,DcSports89 (5/5),0,64.35,1B Munetaka Murakami 2B Luis Urias 3B Miguel Vargas C Edgar Quero OF Sam Antonacci OF George Springer OF Daulton Varsho P Logan Gilbert P Connor Prielipp SS Colson Montgomery,,,
2446,5205150969,JohnTex7 (1/2),0,64.35,1B Josh Naylor 2B Cole Young 3B Kazuma Okamoto C Ivan Herrera OF Jordan Walker OF Julio Rodriguez OF Chandler Simpson P Zac Thornton P Quinn Mathews SS Otto Lopez,,,
2446,5205183609,jnwallen (6/20),0,64.35,1B Alec Burleson 2B JJ Wetherholt 3B Bo Bichette C Ivan Herrera OF Jordan Walker OF Carson Benge OF Tyrone Taylor P Zac Thornton P Quinn Mathews SS Masyn Winn,,,
2446,5205307957,chauboodle,0,64.35,1B Munetaka Murakami 2B Xavier Edwards 3B Kazuma Okamoto C Alejandro Kirk OF A.J. Ewing OF Heriberto Hernandez OF Andrew Benintendi P Logan Gilbert P Connor Prielipp SS Otto Lopez,,,
2446,5205347368,chrispy2005 (6/20),0,64.35,1B Munetaka Murakami 2B Marcus Semien 3B Miguel Vargas C Luis Torrens OF Sam Antonacci OF Chandler Simpson OF Tyrone Taylor P Logan Gilbert P Connor Prielipp SS Francisco Lindor,,,
2446,5205455739,Hey...HereWeGo1 (11/20),0,64.35,1B Jared Young 2B JJ Wetherholt 3B Blaze Jordan C Ivan Herrera OF Jordan Walker OF A.J. Ewing OF Carson Benge P Logan Gilbert P Connor Prielipp SS Francisco Lindor,,,
2446,5205475104,fdale32,0,64.35,1B Josh Naylor 2B Marcus Semien 3B Miguel Vargas C Alejandro Kirk OF Jordan Walker OF Sam Antonacci OF A.J. Ewing P Logan Gilbert P Connor Prielipp SS Taylor Walls,,,
2453,5205013015,thundrenterprises (13/20),0,64.25,1B Ryan Vilade 2B Kody Clemens 3B Junior Caminero C Cal Raleigh OF Chandler Simpson OF Dominic Canzone OF Victor Mesa Jr. P Drew Rasmussen P Kevin Gausman SS Taylor Walls,,,
2453,5205052002,foutah (3/8),0,64.25,1B Alec Burleson 2B Ernie Clement 3B Bo Bichette C Liam Hicks OF Sam Antonacci OF Carson Benge OF Dominic Canzone P Zac Thornton P Kevin Gausman SS Francisco Lindor,,,
2453,5205158124,j-wolf05 (17/20),0,64.25,1B Munetaka Murakami 2B Luis Urias 3B Miguel Vargas C Alejandro Kirk OF Sam Antonacci OF George Springer OF Myles Straw P Zac Thornton P Kevin Gausman SS Ernie Clement,,,
2456,5205522132,lonerangerjackers (1/2),0,64.15,1B Kyle Stowers 2B Xavier Edwards 3B Kazuma Okamoto C Luis Torrens OF Randy Arozarena OF Sam Antonacci OF George Springer P Zac Thornton P Tyler Phillips SS Colson Montgomery,,,
2457,5205202627,LuckyDog21,0,64,1B Kyle Stowers 2B Chase Meidroth 3B Kazuma Okamoto C Liam Hicks OF Jordan Walker OF Sam Antonacci OF Ryan Vilade P Logan Gilbert P Quinn Mathews SS Masyn Winn,,,
2458,5204788755,ivymoose (17/20),0,63.95,1B Munetaka Murakami 2B Luis Urias 3B Miguel Vargas C Alejandro Kirk OF George Springer OF Braden Montgomery OF Andrew Benintendi P Kevin Gausman P Connor Prielipp SS Colson Montgomery,,,
2458,5205339836,Jimbobwae42,0,63.95,1B Munetaka Murakami 2B Chase Meidroth 3B Junior Caminero C Edgar Quero OF Sam Antonacci OF George Springer OF Carson Benge P Kevin Gausman P Connor Prielipp SS Francisco Lindor,,,
2460,5204867933,mga120 (4/20),0,63.9,1B Jared Young 2B Xavier Edwards 3B Bo Bichette C Cal Raleigh OF A.J. Ewing OF Carson Benge OF Heriberto Hernandez P Logan Gilbert P Kevin Gausman SS Otto Lopez,,,
2460,5204944110,Sammy.Boy (19/20),0,63.9,1B Josh Naylor 2B Cole Young 3B Miguel Vargas C Cal Raleigh OF Julio Rodriguez OF Andrew Benintendi OF Weston Wilson P Logan Gilbert P Kevin Gausman SS Colson Montgomery,,,
2460,5205406196,TheASSMAN1,0,63.9,1B Vladimir Guerrero Jr. 2B Marcus Semien 3B Kazuma Okamoto C Cal Raleigh OF Chandler Simpson OF Dominic Canzone OF Heriberto Hernandez P Logan Gilbert P Kevin Gausman SS Colson Montgomery,,,
2463,5205187603,WILDCATBALLERS (18/20),0,63.85,1B Kyle Stowers 2B JJ Wetherholt 3B Kazuma Okamoto C Ryan Jeffers OF Chandler Simpson OF Victor Mesa Jr. OF Daulton Varsho P Connor Prielipp P Tyler Phillips SS Javier Sanoja,,,
2463,5205310087,CNOLAN,0,63.85,1B Alec Burleson 2B Xavier Edwards 3B Yandy Diaz C Cal Raleigh OF Jordan Walker OF Sam Antonacci OF Julio Rodriguez P Connor Prielipp P Tyler Phillips SS Francisco Lindor,,,
2465,5205523004,Bain14,0,63.7,1B Munetaka Murakami 2B Ernie Clement 3B Miguel Vargas C Ivan Herrera OF Julio Rodriguez OF A.J. Ewing OF Chandler Simpson P Quinn Mathews P Noah Schultz SS Otto Lopez,,,
2466,5205284269,egar15,0,63.65,1B Alec Burleson 2B Marcus Semien 3B Kazuma Okamoto C Alejandro Kirk OF A.J. Ewing OF Carson Benge OF Heriberto Hernandez P Logan Gilbert P Zac Thornton SS Francisco Lindor,,,
2466,5205405183,SpeedRacer101 (13/20),0,63.65,1B Jared Young 2B Ben Williamson 3B Junior Caminero C Cal Raleigh OF Victor Mesa Jr. OF Heriberto Hernandez OF Ryan Vilade P Logan Gilbert P Drew Rasmussen SS Taylor Walls,,,
2466,5205411042,elshaba,0,63.65,1B Josh Naylor 2B Marcus Semien 3B Kazuma Okamoto C Alejandro Kirk OF Jordan Walker OF A.J. Ewing OF Daulton Varsho P Logan Gilbert P Zac Thornton SS Ernie Clement,,,
2466,5205505203,KingTerryPegula (20/20),0,63.65,1B Alec Burleson 2B Luis Urias 3B Kazuma Okamoto C Ivan Herrera OF Jordan Walker OF Nathan Church OF Myles Straw P Logan Gilbert P Zac Thornton SS Masyn Winn,,,
2470,5204997395,Gabe57 (1/19),0,63.6,1B Munetaka Murakami 2B Kody Clemens 3B Brooks Lee C Victor Caratini OF A.J. Ewing OF Trevor Larnach OF Carson Benge P Kevin Gausman P Quinn Mathews SS Colson Montgomery,,,
2470,5205455746,Hey...HereWeGo1 (18/20),0,63.6,1B Jared Young 2B Kody Clemens 3B Yandy Diaz C Ryan Jeffers OF A.J. Ewing OF Trevor Larnach OF Carson Benge P Kevin Gausman P Quinn Mathews SS Francisco Lindor,,,
2472,5204859688,niquisition (13/20),0,63.35,1B Alec Burleson 2B JJ Wetherholt 3B Miguel Vargas C Ivan Herrera OF Lars Nootbaar OF Andrew Benintendi OF Daulton Varsho P Logan Gilbert P Connor Prielipp SS Masyn Winn,,,
2472,5204888667,vstar1300 (3/3),0,63.35,1B Yandy Diaz 2B Royce Lewis 3B Junior Caminero C Jimmy Crooks OF Kody Clemens OF Chandler Simpson OF Victor Mesa Jr. P Drew Rasmussen P Quinn Mathews SS Ben Williamson,,,
2472,5205187604,WILDCATBALLERS (19/20),0,63.35,1B Josh Naylor 2B Cole Young 3B Kazuma Okamoto C Alejandro Kirk OF Sam Antonacci OF Dominic Canzone OF Daulton Varsho P Zac Thornton P Noah Schultz SS Francisco Lindor,,,
2472,5205334337,kfahey42,0,63.35,1B Kyle Stowers 2B Cole Young 3B Kazuma Okamoto C Ivan Herrera OF George Springer OF Chandler Simpson OF Carson Benge P Zac Thornton P Quinn Mathews SS Masyn Winn,,,
2472,5205466143,yetzt117,0,63.35,1B Munetaka Murakami 2B Cole Young 3B Kazuma Okamoto C Francisco Alvarez OF Jordan Walker OF Randy Arozarena OF Luis Robert Jr. P Zac Thornton P Quinn Mathews SS Masyn Winn,,,
2472,5205498709,TroyGilly91 (7/8),0,63.35,1B Yandy Diaz 2B Marcus Semien 3B Kazuma Okamoto C Alejandro Kirk OF A.J. Ewing OF Chandler Simpson OF Victor Mesa Jr. P Logan Gilbert P Connor Prielipp SS Francisco Lindor,,,
2478,5205183617,jnwallen (14/20),0,63.05,1B Alec Burleson 2B JJ Wetherholt 3B Leo Jimenez C Ivan Herrera OF Jordan Walker OF Heriberto Hernandez OF Lars Nootbaar P Quinn Mathews P Connor Prielipp SS Otto Lopez,,,
2478,5205466431,kwwagner1142 (2/3),0,63.05,1B Alec Burleson 2B JJ Wetherholt 3B Kazuma Okamoto C Ivan Herrera OF Jordan Walker OF Heriberto Hernandez OF Lars Nootbaar P Quinn Mathews P Connor Prielipp SS Otto Lopez,,,
2478,5205485607,KenyanDrake (11/20),0,63.05,1B Alec Burleson 2B JJ Wetherholt 3B Junior Caminero C Ivan Herrera OF Jordan Walker OF Chandler Simpson OF Victor Mesa Jr. P Connor Prielipp P Noah Schultz SS Masyn Winn,,,
2478,5205515190,hart132,0,63.05,1B Munetaka Murakami 2B Xavier Edwards 3B Miguel Vargas C Ivan Herrera OF Kody Clemens OF Sam Antonacci OF George Springer P Connor Prielipp P Noah Schultz SS Masyn Winn,,,
2482,5204859694,niquisition (19/20),0,63,1B Kyle Stowers 2B Xavier Edwards 3B Leo Jimenez C Liam Hicks OF Julio Rodriguez OF Victor Mesa Jr. OF Heriberto Hernandez P Logan Gilbert P Quinn Mathews SS Colson Montgomery,,,
2482,5205462442,kcroyalfan (15/20),0,63,1B Ryan Vilade 2B Marcus Semien 3B Bo Bichette C Ryan Jeffers OF A.J. Ewing OF Chandler Simpson OF Carson Benge P Drew Rasmussen P Zac Thornton SS Francisco Lindor,,,
2482,5205520259,SayHeyKid1230 (17/20),0,63,1B Kyle Stowers 2B Xavier Edwards 3B Miguel Vargas C Ivan Herrera OF Sam Antonacci OF Braden Montgomery OF Daulton Varsho P Logan Gilbert P Noah Schultz SS Francisco Lindor,,,
2485,5205276567,HockeyCardsPlus (12/20),0,62.95,1B Vladimir Guerrero Jr. 2B Luis Urias 3B Yandy Diaz C Ryan Jeffers OF Jonny DeLuca OF Chandler Simpson OF Victor Mesa Jr. P Kevin Gausman P Connor Prielipp SS Colson Montgomery,,,
2486,5204788747,ivymoose (9/20),0,62.9,1B Munetaka Murakami 2B Brett Baty 3B Miguel Vargas C Luis Torrens OF A.J. Ewing OF Andrew Benintendi OF Tyrone Taylor P Logan Gilbert P Kevin Gausman SS Francisco Lindor,,,
2486,5205173868,ttillie (18/20),0,62.9,1B Jared Young 2B Luis Urias 3B Junior Caminero C Cal Raleigh OF A.J. Ewing OF Carson Benge OF Heriberto Hernandez P Logan Gilbert P Kevin Gausman SS Francisco Lindor,,,
2486,5205285042,mrclean913 (17/20),0,62.9,1B Jared Young 2B Brett Baty 3B Junior Caminero C Alejandro Kirk OF A.J. Ewing OF Chandler Simpson OF Carson Benge P Logan Gilbert P Kevin Gausman SS Francisco Lindor,,,
2486,5205348598,bassguy39 (2/8),0,62.9,1B Jared Young 2B Marcus Semien 3B Kazuma Okamoto C Cal Raleigh OF Julio Rodriguez OF A.J. Ewing OF Carson Benge P Logan Gilbert P Kevin Gausman SS Francisco Lindor,,,
2486,5205504050,sportsfan14 (12/20),0,62.9,1B Jared Young 2B Brett Baty 3B Kazuma Okamoto C Cal Raleigh OF George Springer OF A.J. Ewing OF Carson Benge P Logan Gilbert P Kevin Gausman SS Francisco Lindor,,,
2491,5205365602,TrojanMom85,0,62.7,1B Munetaka Murakami 2B Cole Young 3B Kazuma Okamoto C Alejandro Kirk OF Sam Antonacci OF George Springer OF Carson Benge P Zac Thornton P Connor Prielipp SS Francisco Lindor,,,
2491,5205431607,slicksid27 (2/4),0,62.7,1B Royce Lewis 2B Chase Meidroth 3B Bo Bichette C Victor Caratini OF Jordan Walker OF Randy Arozarena OF Sam Antonacci P Zac Thornton P Connor Prielipp SS Francisco Lindor,,,
2491,5205451541,beaverboy,0,62.7,1B Alec Burleson 2B JJ Wetherholt 3B Blaze Jordan C Ivan Herrera OF Jordan Walker OF Julio Rodriguez OF Carson Benge P Zac Thornton P Connor Prielipp SS Francisco Lindor,,,
2494,5205012837,SayHeyKid1230 (7/20),0,62.65,1B Yandy Diaz 2B JJ Wetherholt 3B Blaze Jordan C Alejandro Kirk OF Jordan Walker OF Ryan Vilade OF Tristan Peters P Logan Gilbert P Zac Thornton SS Masyn Winn,,,
2494,5205013009,thundrenterprises (7/20),0,62.65,1B Munetaka Murakami 2B Marcus Semien 3B Brett Baty C Luis Torrens OF Randy Arozarena OF Carson Benge OF Andrew Benintendi P Logan Gilbert P Zac Thornton SS Francisco Lindor,,,
2494,5205291407,meyers2305 (8/20),0,62.65,1B Jared Young 2B Marcus Semien 3B Bo Bichette C Cal Raleigh OF Julio Rodriguez OF George Springer OF Carson Benge P Logan Gilbert P Zac Thornton SS Francisco Lindor,,,
2494,5205537484,RealMclovin,0,62.65,1B Munetaka Murakami 2B Luis Urias 3B Kazuma Okamoto C Nick Fortes OF Sam Antonacci OF George Springer OF Jonny DeLuca P Logan Gilbert P Zac Thornton SS Ryan Kreidler,,,
2498,5205458389,Gogamble777,0,62.4,1B Munetaka Murakami 2B Cole Young 3B Miguel Vargas C Alejandro Kirk OF Sam Antonacci OF George Springer OF Andrew Benintendi P Logan Gilbert P Jordan Hicks SS Colson Montgomery,,,
2499,5205170870,love245555 (11/20),0,62.05,1B Munetaka Murakami 2B JJ Wetherholt 3B Blaze Jordan C Ivan Herrera OF Jordan Walker OF A.J. Ewing OF Lars Nootbaar P Quinn Mathews P Connor Prielipp SS Otto Lopez,,,
2499,5205455741,Hey...HereWeGo1 (13/20),0,62.05,1B Kyle Stowers 2B Xavier Edwards 3B Junior Caminero C Ivan Herrera OF Jordan Walker OF A.J. Ewing OF Heriberto Hernandez P Quinn Mathews P Connor Prielipp SS Otto Lopez,,,
2501,5205052006,foutah (7/8),0,62,1B Yandy Diaz 2B Royce Lewis 3B Junior Caminero C Victor Caratini OF Victor Mesa Jr. OF Heriberto Hernandez OF Lars Nootbaar P Drew Rasmussen P Zac Thornton SS Taylor Walls,,,
2501,5205101738,welchy81 (15/20),0,62,1B Munetaka Murakami 2B Brett Baty 3B Bo Bichette C Cal Raleigh OF Julio Rodriguez OF A.J. Ewing OF Carson Benge P Logan Gilbert P Noah Schultz SS Francisco Lindor,,,
2501,5205300257,Davinci51,0,62,1B Munetaka Murakami 2B Xavier Edwards 3B Miguel Vargas C Nick Fortes OF Sam Antonacci OF Heriberto Hernandez OF Andrew Benintendi P Logan Gilbert P Quinn Mathews SS Javier Sanoja,,,
2501,5205313189,thinman2001 (1/3),0,62,1B Yandy Diaz 2B Brett Baty 3B Junior Caminero C Nick Fortes OF Chandler Simpson OF Carson Benge OF Ryan Vilade P Drew Rasmussen P Zac Thornton SS Francisco Lindor,,,
2501,5205363092,gitsum40 (2/2),0,62,1B Alec Burleson 2B Ben Williamson 3B Yandy Diaz C Ivan Herrera OF A.J. Ewing OF Chandler Simpson OF Victor Mesa Jr. P Logan Gilbert P Quinn Mathews SS Masyn Winn,,,
2501,5205485597,KenyanDrake (1/20),0,62,1B Munetaka Murakami 2B Xavier Edwards 3B Miguel Vargas C Edgar Quero OF Sam Antonacci OF Heriberto Hernandez OF Andrew Benintendi P Logan Gilbert P Noah Schultz SS Otto Lopez,,,
2507,5205194715,NO_REGERTZ,0,61.95,1B Royce Lewis 2B Xavier Edwards 3B Kazuma Okamoto C Ivan Herrera OF Kody Clemens OF Sam Antonacci OF Heriberto Hernandez P Kevin Gausman P Connor Prielipp SS Otto Lopez,,,
2507,5205247584,jradesanmi (11/20),0,61.95,1B Vladimir Guerrero Jr. 2B Royce Lewis 3B Kazuma Okamoto C Ryan Jeffers OF Kody Clemens OF Trevor Larnach OF Austin Martin P Kevin Gausman P Connor Prielipp SS Colson Montgomery,,,
2507,5205465872,BigMart11 (7/20),0,61.95,1B Ryan Vilade 2B Kody Clemens 3B Junior Caminero C Alejandro Kirk OF Jonny DeLuca OF Chandler Simpson OF Victor Mesa Jr. P Kevin Gausman P Connor Prielipp SS Francisco Lindor,,,
2507,5205474103,cachedinar (4/20),0,61.95,1B Munetaka Murakami 2B Xavier Edwards 3B Junior Caminero C Ryan Jeffers OF Daulton Varsho OF Ryan Vilade OF Tyrone Taylor P Kevin Gausman P Connor Prielipp SS Ernie Clement,,,
2511,5205505194,KingTerryPegula (11/20),0,61.9,1B Vladimir Guerrero Jr. 2B Xavier Edwards 3B Junior Caminero C Nick Fortes OF Julio Rodriguez OF Chandler Simpson OF Ryan Vilade P Logan Gilbert P Kevin Gausman SS Taylor Walls,,,
2511,5205515108,mrfreid,0,61.9,1B Munetaka Murakami 2B Luis Urias 3B Miguel Vargas C Edgar Quero OF Julio Rodriguez OF Dominic Canzone OF Andrew Benintendi P Logan Gilbert P Kevin Gausman SS Colson Montgomery,,,
2511,5205529659,Warr1013 (1/2),0,61.9,1B Munetaka Murakami 2B Cole Young 3B Kazuma Okamoto C Alejandro Kirk OF Lars Nootbaar OF Andrew Benintendi OF Ryan Vilade P Logan Gilbert P Kevin Gausman SS Colson Montgomery,,,
2511,5205540436,bellsofwar3 (8/14),0,61.9,1B Vladimir Guerrero Jr. 2B Xavier Edwards 3B Brett Baty C Luis Torrens OF A.J. Ewing OF Carson Benge OF Heriberto Hernandez P Logan Gilbert P Kevin Gausman SS Francisco Lindor,,,
2515,5205012835,SayHeyKid1230 (5/20),0,61.7,1B Royce Lewis 2B Luis Urias 3B Brooks Lee C Ryan Jeffers OF Jordan Walker OF Trevor Larnach OF Carson Benge P Zac Thornton P Connor Prielipp SS Colson Montgomery,,,
2515,5205157773,duetz316,0,61.7,1B Kyle Stowers 2B Royce Lewis 3B Kazuma Okamoto C Cal Raleigh OF Kody Clemens OF Randy Arozarena OF Sam Antonacci P Zac Thornton P Connor Prielipp SS Ernie Clement,,,
2515,5205288293,JustJames23 (3/3),0,61.7,1B Alec Burleson 2B Luis Urias 3B Kazuma Okamoto C Ivan Herrera OF Jordan Walker OF George Springer OF Lars Nootbaar P Zac Thornton P Connor Prielipp SS Ernie Clement,,,
2515,5205432838,smk5430 (15/20),0,61.7,1B Royce Lewis 2B Kody Clemens 3B Brooks Lee C Ryan Jeffers OF A.J. Ewing OF Carson Benge OF Tyrone Taylor P Zac Thornton P Connor Prielipp SS Francisco Lindor,,,
2515,5205534107,Titanwarrior,0,61.7,1B Yandy Diaz 2B Xavier Edwards 3B Junior Caminero C Nick Fortes OF George Springer OF A.J. Ewing OF Heriberto Hernandez P Zac Thornton P Connor Prielipp SS Otto Lopez,,,
2520,5205017455,8EIGHT8,0,61.65,1B Vladimir Guerrero Jr. 2B Luis Urias 3B Yandy Diaz C Cal Raleigh OF George Springer OF A.J. Ewing OF Carson Benge P Logan Gilbert P Zac Thornton SS Ben Williamson,,,
2521,5205256851,chicksdigthewongball (7/20),0,61.35,1B Munetaka Murakami 2B Marcus Semien 3B Brett Baty C Luis Torrens OF Jordan Walker OF Sam Antonacci OF Tyrone Taylor P Logan Gilbert P Connor Prielipp SS Colson Montgomery,,,
2521,5205415464,BuckeyeCity (10/20),0,61.35,1B Yandy Diaz 2B Brett Baty 3B Junior Caminero C Nick Fortes OF Chandler Simpson OF Victor Mesa Jr. OF Tyrone Taylor P Logan Gilbert P Connor Prielipp SS Colson Montgomery,,,
2521,5205496380,Wizan (2/2),0,61.35,1B Yandy Diaz 2B Xavier Edwards 3B Kazuma Okamoto C Alejandro Kirk OF A.J. Ewing OF Chandler Simpson OF Carson Benge P Logan Gilbert P Connor Prielipp SS Francisco Lindor,,,
2524,5205274756,kreller17 (7/20),0,61.25,1B Vladimir Guerrero Jr. 2B Luis Urias 3B Kazuma Okamoto C Cal Raleigh OF Kody Clemens OF George Springer OF Daulton Varsho P Zac Thornton P Kevin Gausman SS Francisco Lindor,,,
2524,5205480711,janpierolopez,0,61.25,1B Munetaka Murakami 2B Chase Meidroth 3B Kazuma Okamoto C Alejandro Kirk OF George Springer OF Luke Keaschall OF Andrew Benintendi P Zac Thornton P Kevin Gausman SS Colson Montgomery,,,
2526,5205462439,kcroyalfan (12/20),0,61.05,1B Munetaka Murakami 2B Luis Urias 3B Yandy Diaz C Ryan Jeffers OF Sam Antonacci OF George Springer OF Carson Benge P Quinn Mathews P Connor Prielipp SS Francisco Lindor,,,
2527,5205025423,tbjones2121 (15/20),0,61,1B Alec Burleson 2B JJ Wetherholt 3B Yandy Diaz C Ivan Herrera OF Victor Mesa Jr. OF Lars Nootbaar OF Ryan Vilade P Logan Gilbert P Quinn Mathews SS Masyn Winn,,,
2527,5205030822,Hitstyx9 (2/2),0,61,1B Alec Burleson 2B JJ Wetherholt 3B Brett Baty C Ivan Herrera OF Jordan Walker OF Carson Benge OF Tristan Peters P Logan Gilbert P Quinn Mathews SS Masyn Winn,,,
2527,5205249997,JR6724,0,61,1B Alec Burleson 2B Xavier Edwards 3B Kazuma Okamoto C Nick Fortes OF Kody Clemens OF A.J. Ewing OF Victor Mesa Jr. P Drew Rasmussen P Zac Thornton SS Francisco Lindor,,,
2527,5205423732,eperchess,0,61,1B Vladimir Guerrero Jr. 2B Ernie Clement 3B Kazuma Okamoto C Ivan Herrera OF Sam Antonacci OF Lars Nootbaar OF Braden Montgomery P Logan Gilbert P Noah Schultz SS Colson Montgomery,,,
2527,5205455740,Hey...HereWeGo1 (12/20),0,61,1B Jared Young 2B JJ Wetherholt 3B Blaze Jordan C Ivan Herrera OF Jordan Walker OF A.J. Ewing OF Carson Benge P Logan Gilbert P Quinn Mathews SS Francisco Lindor,,,
2527,5205499238,tshonts3 (5/5),0,61,1B Munetaka Murakami 2B Luis Urias 3B Miguel Vargas C Edgar Quero OF Sam Antonacci OF Julio Rodriguez OF A.J. Ewing P Logan Gilbert P Noah Schultz SS Colson Montgomery,,,
2527,5205513220,rockingrick (2/7),0,61,1B Yandy Diaz 2B Marcus Semien 3B Junior Caminero C Jimmy Crooks OF Jonny DeLuca OF A.J. Ewing OF Ryan Vilade P Logan Gilbert P Quinn Mathews SS Francisco Lindor,,,
2527,5205520660,rockingrick (5/7),0,61,1B Yandy Diaz 2B JJ Wetherholt 3B Junior Caminero C Jimmy Crooks OF Jonny DeLuca OF Nathan Church OF Ryan Vilade P Logan Gilbert P Quinn Mathews SS Masyn Winn,,,
2535,5204788696,rmprescott,0,60.95,1B Munetaka Murakami 2B Xavier Edwards 3B Yandy Diaz C Ryan Jeffers OF Chandler Simpson OF Heriberto Hernandez OF Myles Straw P Kevin Gausman P Connor Prielipp SS Francisco Lindor,,,
2535,5205191700,cowboys767 (5/20),0,60.95,1B Vladimir Guerrero Jr. 2B Marcus Semien 3B Bo Bichette C Ryan Jeffers OF Kody Clemens OF A.J. Ewing OF Carson Benge P Kevin Gausman P Connor Prielipp SS Francisco Lindor,,,
2535,5205232973,madballnj (17/20),0,60.95,1B Yandy Diaz 2B Chase Meidroth 3B Miguel Vargas C Alejandro Kirk OF Sam Antonacci OF George Springer OF Andrew Benintendi P Kevin Gausman P Connor Prielipp SS Colson Montgomery,,,
2535,5205258419,pthorpe25 (7/7),0,60.95,1B Yandy Diaz 2B Ben Williamson 3B Junior Caminero C Ryan Jeffers OF Chandler Simpson OF Trevor Larnach OF Ryan Vilade P Kevin Gausman P Connor Prielipp SS Ryan Kreidler,,,
2535,5205259208,kozy6813 (14/20),0,60.95,1B Jared Young 2B Davis Schneider 3B Kazuma Okamoto C Ryan Jeffers OF Kody Clemens OF George Springer OF Daulton Varsho P Kevin Gausman P Connor Prielipp SS Ernie Clement,,,
2535,5205261859,bmosley21 (18/20),0,60.95,1B Ryan Vilade 2B Ben Williamson 3B Yandy Diaz C Ryan Jeffers OF Jonny DeLuca OF A.J. Ewing OF Victor Mesa Jr. P Kevin Gausman P Connor Prielipp SS Otto Lopez,,,
2535,5205455745,Hey...HereWeGo1 (17/20),0,60.95,1B Jared Young 2B Kody Clemens 3B Miguel Vargas C Ryan Jeffers OF A.J. Ewing OF Trevor Larnach OF Carson Benge P Kevin Gausman P Connor Prielipp SS Francisco Lindor,,,
2535,5205473655,henry296 (19/20),0,60.95,1B Munetaka Murakami 2B Brett Baty 3B Junior Caminero C Victor Caratini OF Kody Clemens OF A.J. Ewing OF Esteury Ruiz P Kevin Gausman P Connor Prielipp SS Francisco Lindor,,,
2535,5205474112,cachedinar (13/20),0,60.95,1B Ryan Vilade 2B Xavier Edwards 3B Junior Caminero C Ryan Jeffers OF Kody Clemens OF Sam Antonacci OF Daulton Varsho P Kevin Gausman P Connor Prielipp SS Javier Sanoja,,,
2535,5205474116,cachedinar (17/20),0,60.95,1B Munetaka Murakami 2B Xavier Edwards 3B Junior Caminero C Ryan Jeffers OF Esteury Ruiz OF Daulton Varsho OF Ryan Vilade P Kevin Gausman P Connor Prielipp SS Ernie Clement,,,
2535,5205517304,bhess777 (9/20),0,60.95,1B Kyle Stowers 2B Xavier Edwards 3B Kazuma Okamoto C Ryan Jeffers OF Sam Antonacci OF A.J. Ewing OF Heriberto Hernandez P Kevin Gausman P Connor Prielipp SS Otto Lopez,,,
2546,5205143494,cw1tt (10/20),0,60.9,1B Jared Young 2B Xavier Edwards 3B Bo Bichette C Cal Raleigh OF Julio Rodriguez OF A.J. Ewing OF Carson Benge P Logan Gilbert P Kevin Gausman SS Francisco Lindor,,,
2546,5205204290,JcClark18 (5/20),0,60.9,1B Munetaka Murakami 2B Brett Baty 3B Bo Bichette C Edgar Quero OF Sam Antonacci OF A.J. Ewing OF Carson Benge P Logan Gilbert P Kevin Gausman SS Francisco Lindor,,,
2546,5205364079,zandwich (6/20),0,60.9,1B Munetaka Murakami 2B Ben Williamson 3B Yandy Diaz C Alejandro Kirk OF Chandler Simpson OF Braden Montgomery OF Ryan Vilade P Logan Gilbert P Kevin Gausman SS Taylor Walls,,,
2549,5205012836,SayHeyKid1230 (6/20),0,60.7,1B Royce Lewis 2B Cole Young 3B Brooks Lee C Alejandro Kirk OF Jordan Walker OF Kody Clemens OF Carson Benge P Zac Thornton P Connor Prielipp SS Colson Montgomery,,,
2549,5205359328,1st-and-ten,0,60.7,1B Yandy Diaz 2B JJ Wetherholt 3B Kazuma Okamoto C Jimmy Crooks OF Randy Arozarena OF Sam Antonacci OF A.J. Ewing P Zac Thornton P Connor Prielipp SS Francisco Lindor,,,
2549,5205393150,jsjs8 (1/3),0,60.7,1B Alec Burleson 2B JJ Wetherholt 3B Brett Baty C Ryan Jeffers OF Jordan Walker OF Lars Nootbaar OF Tyrone Taylor P Zac Thornton P Connor Prielipp SS Masyn Winn,,,
2549,5205393151,jsjs8 (2/3),0,60.7,1B Royce Lewis 2B Kody Clemens 3B Brooks Lee C Ryan Jeffers OF A.J. Ewing OF Trevor Larnach OF Carson Benge P Zac Thornton P Connor Prielipp SS Ernie Clement,,,
2549,5205470984,RelentlessD85 (13/20),0,60.7,1B Royce Lewis 2B JJ Wetherholt 3B Brooks Lee C Ryan Jeffers OF Kody Clemens OF Trevor Larnach OF Andrew Benintendi P Zac Thornton P Connor Prielipp SS Masyn Winn,,,
2554,5205449866,Jadrian7,0,60.65,1B Munetaka Murakami 2B Chase Meidroth 3B Kazuma Okamoto C Edgar Quero OF Randy Arozarena OF Andrew Benintendi OF Ryan Vilade P Logan Gilbert P Zac Thornton SS Francisco Lindor,,,
2554,5205510874,dfwinscom (17/20),0,60.65,1B Yandy Diaz 2B Cole Young 3B Bo Bichette C Cal Raleigh OF Julio Rodriguez OF Carson Benge OF Dominic Canzone P Logan Gilbert P Zac Thornton SS Colt Emerson,,,
2556,5205455747,Hey...HereWeGo1 (19/20),0,60.6,1B Jared Young 2B Kody Clemens 3B Bo Bichette C Ryan Jeffers OF A.J. Ewing OF Trevor Larnach OF Carson Benge P Kevin Gausman P Quinn Mathews SS Francisco Lindor,,,
2557,5204859692,niquisition (17/20),0,60.35,1B Alec Burleson 2B Chase Meidroth 3B Miguel Vargas C Edgar Quero OF Jordan Walker OF Sam Antonacci OF Tristan Peters P Logan Gilbert P Connor Prielipp SS Masyn Winn,,,
2557,5205026858,FearTheBull,0,60.35,1B Jared Young 2B Cole Young 3B Brett Baty C Ryan Jeffers OF Jordan Walker OF A.J. Ewing OF Carson Benge P Logan Gilbert P Connor Prielipp SS Francisco Lindor,,,
2559,5205173362,rreide,0,60.25,1B Yandy Diaz 2B Luis Urias 3B Kazuma Okamoto C Ivan Herrera OF Jordan Walker OF Carson Benge OF Lars Nootbaar P Zac Thornton P Kevin Gausman SS Otto Lopez,,,
2560,5205295356,bcardwell79 (4/9),0,60.15,1B Josh Naylor 2B Chase Meidroth 3B Kazuma Okamoto C Ryan Jeffers OF Jordan Walker OF Kody Clemens OF Randy Arozarena P Zac Thornton P Tyler Phillips SS Taylor Walls,,,
2561,5205019839,hunchoharry (10/20),0,60.05,1B Yandy Diaz 2B Xavier Edwards 3B Junior Caminero C Liam Hicks OF Jonny DeLuca OF Chandler Simpson OF Victor Mesa Jr. P Quinn Mathews P Connor Prielipp SS Francisco Lindor,,,
2561,5205210308,Stackhouse5310 (2/2),0,60.05,1B Munetaka Murakami 2B JJ Wetherholt 3B Brooks Lee C Ivan Herrera OF Jordan Walker OF Dominic Canzone OF Nathan Church P Quinn Mathews P Connor Prielipp SS Francisco Lindor,,,
2563,5205021686,Hitstyx9 (1/2),0,60,1B Munetaka Murakami 2B Brett Baty 3B Javier Sanoja C Ivan Herrera OF Sam Antonacci OF Braden Montgomery OF Tristan Peters P Logan Gilbert P Quinn Mathews SS Colson Montgomery,,,
2563,5205123416,az350z (19/20),0,60,1B Munetaka Murakami 2B Xavier Edwards 3B Leo Jimenez C Liam Hicks OF Sam Antonacci OF Dominic Canzone OF Andrew Benintendi P Logan Gilbert P Quinn Mathews SS Otto Lopez,,,
2563,5205176214,TheBossinMyWorld (4/4),0,60,1B Vladimir Guerrero Jr. 2B Chase Meidroth 3B Miguel Vargas C Cal Raleigh OF George Springer OF Braden Montgomery OF Andrew Benintendi P Logan Gilbert P Noah Schultz SS Colson Montgomery,,,
2563,5205291413,meyers2305 (14/20),0,60,1B Jared Young 2B Marcus Semien 3B Kazuma Okamoto C Ryan Jeffers OF A.J. Ewing OF Carson Benge OF Lars Nootbaar P Drew Rasmussen P Zac Thornton SS Francisco Lindor,,,
2563,5205419638,Choker12 (4/6),0,60,1B Yandy Diaz 2B JJ Wetherholt 3B Junior Caminero C Ivan Herrera OF Dominic Canzone OF Weston Wilson OF Davis Schneider P Logan Gilbert P Quinn Mathews SS Masyn Winn,,,
2568,5205204419,UniversalFriend (14/20),0,59.95,1B Yandy Diaz 2B Marcus Semien 3B Bo Bichette C Ryan Jeffers OF A.J. Ewing OF Chandler Simpson OF Carson Benge P Kevin Gausman P Connor Prielipp SS Francisco Lindor,,,
2569,5204859684,niquisition (9/20),0,59.9,1B Yandy Diaz 2B Ben Williamson 3B Miguel Vargas C Nick Fortes OF Sam Antonacci OF Julio Rodriguez OF Victor Mesa Jr. P Logan Gilbert P Kevin Gausman SS Colt Emerson,,,
2569,5205356499,lklk88088 (4/20),0,59.9,1B Munetaka Murakami 2B Luis Urias 3B Bo Bichette C Luis Torrens OF Sam Antonacci OF A.J. Ewing OF Carson Benge P Logan Gilbert P Kevin Gausman SS Francisco Lindor,,,
2569,5205492881,whip99 (13/20),0,59.9,1B Munetaka Murakami 2B Luis Urias 3B Miguel Vargas C Edgar Quero OF Sam Antonacci OF Carson Benge OF Andrew Benintendi P Logan Gilbert P Kevin Gausman SS Francisco Lindor,,,
2569,5205492882,whip99 (14/20),0,59.9,1B Munetaka Murakami 2B Marcus Semien 3B Miguel Vargas C Edgar Quero OF Dominic Canzone OF Heriberto Hernandez OF Andrew Benintendi P Logan Gilbert P Kevin Gausman SS Colson Montgomery,,,
2573,5205528250,BaWalter,0,59.7,1B Munetaka Murakami 2B Brett Baty 3B Kazuma Okamoto C Ivan Herrera OF Randy Arozarena OF Sam Antonacci OF Dominic Canzone P Zac Thornton P Connor Prielipp SS Ernie Clement,,,
2574,5204725222,blitzburgh07 (1/2),0,59.65,1B Jared Young 2B Chase Meidroth 3B Kazuma Okamoto C Alejandro Kirk OF Julio Rodriguez OF Jonny DeLuca OF A.J. Ewing P Logan Gilbert P Zac Thornton SS Francisco Lindor,,,
2574,5204947472,csurunnerccr (11/20),0,59.65,1B Josh Naylor 2B Marcus Semien 3B Bo Bichette C Cal Raleigh OF Julio Rodriguez OF A.J. Ewing OF Carson Benge P Logan Gilbert P Zac Thornton SS Francisco Lindor,,,
2574,5205072096,Wanna_Square_Up1567 (19/20),0,59.65,1B Munetaka Murakami 2B Marcus Semien 3B Bo Bichette C Luis Torrens OF George Springer OF Carson Benge OF Daulton Varsho P Logan Gilbert P Zac Thornton SS Francisco Lindor,,,
2574,5205315977,MotownCats,0,59.65,1B Yandy Diaz 2B Cole Young 3B Junior Caminero C Nick Fortes OF Jonny DeLuca OF Ryan Vilade OF Weston Wilson P Logan Gilbert P Zac Thornton SS Francisco Lindor,,,
2578,5205284865,Twinz1987 (16/20),0,59.6,1B Munetaka Murakami 2B Luis Urias 3B Junior Caminero C Ryan Jeffers OF Julio Rodriguez OF Heriberto Hernandez OF Weston Wilson P Kevin Gausman P Quinn Mathews SS Francisco Lindor,,,
2579,5205279322,Ammomaz,0,59.5,1B Munetaka Murakami 2B Xavier Edwards 3B Miguel Vargas C Ryan Jeffers OF Sam Antonacci OF George Springer OF Heriberto Hernandez P Quinn Mathews P Tyler Phillips SS Masyn Winn,,,
2580,5205505184,KingTerryPegula (1/20),0,59.35,1B Munetaka Murakami 2B Brett Baty 3B Miguel Vargas C Luis Torrens OF Sam Antonacci OF A.J. Ewing OF Tyrone Taylor P Logan Gilbert P Connor Prielipp SS Francisco Lindor,,,
2580,5205531262,cclarkh,0,59.35,1B Munetaka Murakami 2B Cole Young 3B Brett Baty C Ryan Jeffers OF George Springer OF A.J. Ewing OF Carson Benge P Zac Thornton P Noah Schultz SS Francisco Lindor,,,
2582,5205097982,Papia27 (2/2),0,59.25,1B Vladimir Guerrero Jr. 2B Ernie Clement 3B Miguel Vargas C Alejandro Kirk OF A.J. Ewing OF Carson Benge OF Dominic Canzone P Zac Thornton P Kevin Gausman SS Francisco Lindor,,,
2583,5205519722,BadMOFO55 (2/2),0,59.05,1B Yandy Diaz 2B Xavier Edwards 3B Junior Caminero C Nick Fortes OF Jordan Walker OF Chandler Simpson OF Heriberto Hernandez P Quinn Mathews P Connor Prielipp SS Otto Lopez,,,
2584,5205012477,mmaffia5 (5/10),0,59,1B Alec Burleson 2B JJ Wetherholt 3B Blaze Jordan C Cal Raleigh OF Jonny DeLuca OF Victor Mesa Jr. OF Lars Nootbaar P Logan Gilbert P Quinn Mathews SS Colson Montgomery,,,
2584,5205143491,cw1tt (7/20),0,59,1B Munetaka Murakami 2B JJ Wetherholt 3B Blaze Jordan C Jimmy Crooks OF Jordan Walker OF Sam Antonacci OF Andrew Benintendi P Logan Gilbert P Quinn Mathews SS Masyn Winn,,,
2584,5205397664,jackson_0824 (3/5),0,59,1B Yandy Diaz 2B Cole Young 3B Junior Caminero C Cal Raleigh OF Jonny DeLuca OF Victor Mesa Jr. OF Ryan Vilade P Logan Gilbert P Quinn Mathews SS Colt Emerson,,,
2584,5205512981,Cheesepuffs,0,59,1B Munetaka Murakami 2B Cole Young 3B Miguel Vargas C Alejandro Kirk OF Sam Antonacci OF Andrew Benintendi OF Weston Wilson P Logan Gilbert P Noah Schultz SS Colson Montgomery,,,
2588,5204788749,ivymoose (11/20),0,58.95,1B Royce Lewis 2B Kody Clemens 3B Miguel Vargas C Ryan Jeffers OF Sam Antonacci OF Trevor Larnach OF Tristan Peters P Kevin Gausman P Connor Prielipp SS Ryan Kreidler,,,
2588,5205465880,BigMart11 (15/20),0,58.95,1B Jared Young 2B Kody Clemens 3B Miguel Vargas C Liam Hicks OF Sam Antonacci OF Heriberto Hernandez OF Andrew Benintendi P Kevin Gausman P Connor Prielipp SS Francisco Lindor,,,
2588,5205474114,cachedinar (15/20),0,58.95,1B Munetaka Murakami 2B Xavier Edwards 3B Junior Caminero C Liam Hicks OF Sam Antonacci OF Daulton Varsho OF Ryan Vilade P Kevin Gausman P Connor Prielipp SS Ernie Clement,,,
2591,5205140493,sheed6 (4/20),0,58.9,1B Munetaka Murakami 2B Cole Young 3B Miguel Vargas C Mitch Garver OF Sam Antonacci OF Andrew Benintendi OF Tristan Peters P Logan Gilbert P Kevin Gausman SS Colt Emerson,,,
2591,5205143503,cw1tt (19/20),0,58.9,1B Munetaka Murakami 2B Brett Baty 3B Bo Bichette C Luis Torrens OF Sam Antonacci OF A.J. Ewing OF Heriberto Hernandez P Logan Gilbert P Kevin Gausman SS Francisco Lindor,,,
2591,5205356504,lklk88088 (9/20),0,58.9,1B Munetaka Murakami 2B Luis Urias 3B Yandy Diaz C Nick Fortes OF Sam Antonacci OF Chandler Simpson OF Victor Mesa Jr. P Logan Gilbert P Kevin Gausman SS Ben Williamson,,,
2591,5205465875,BigMart11 (10/20),0,58.9,1B Yandy Diaz 2B Ben Williamson 3B Miguel Vargas C Edgar Quero OF Sam Antonacci OF Jonny DeLuca OF Ryan Vilade P Logan Gilbert P Kevin Gausman SS Taylor Walls,,,
2591,5205534633,eagles5016 (10/20),0,58.9,1B Munetaka Murakami 2B Marcus Semien 3B Bo Bichette C Luis Torrens OF A.J. Ewing OF Carson Benge OF Heriberto Hernandez P Logan Gilbert P Kevin Gausman SS Colson Montgomery,,,
2596,5205143502,cw1tt (18/20),0,58.7,1B Munetaka Murakami 2B JJ Wetherholt 3B Brooks Lee C Victor Caratini OF Jordan Walker OF Trevor Larnach OF Lars Nootbaar P Zac Thornton P Connor Prielipp SS Ryan Kreidler,,,
2596,5205514972,phlyinhigh,0,58.7,1B Alec Burleson 2B Royce Lewis 3B Brooks Lee C Ivan Herrera OF Sam Antonacci OF Jonny DeLuca OF A.J. Ewing P Zac Thornton P Connor Prielipp SS Colson Montgomery,,,
2598,5204867945,mga120 (16/20),0,58.65,1B Alec Burleson 2B Luis Urias 3B Miguel Vargas C Ivan Herrera OF Sam Antonacci OF Dominic Canzone OF Nathan Church P Logan Gilbert P Zac Thornton SS Masyn Winn,,,
2598,5205170867,love245555 (8/20),0,58.65,1B Alec Burleson 2B Luis Urias 3B Weston Wilson C Ivan Herrera OF Jordan Walker OF A.J. Ewing OF Carson Benge P Logan Gilbert P Zac Thornton SS Francisco Lindor,,,
2598,5205179393,love245555 (20/20),0,58.65,1B Alec Burleson 2B Luis Urias 3B Junior Caminero C Ivan Herrera OF Sam Antonacci OF Myles Straw OF Davis Schneider P Logan Gilbert P Zac Thornton SS Ernie Clement,,,
2598,5205535374,NITEMARE1993,0,58.65,1B Vladimir Guerrero Jr. 2B Ernie Clement 3B Kazuma Okamoto C Alejandro Kirk OF A.J. Ewing OF Andrew Benintendi OF Daulton Varsho P Logan Gilbert P Zac Thornton SS Francisco Lindor,,,
2602,5205183621,jnwallen (18/20),0,58.5,1B Munetaka Murakami 2B Xavier Edwards 3B Miguel Vargas C Liam Hicks OF Sam Antonacci OF Heriberto Hernandez OF Andrew Benintendi P Quinn Mathews P Tyler Phillips SS Otto Lopez,,,
2603,5205033019,AverageTuesday (12/20),0,58.35,1B Munetaka Murakami 2B Marcus Semien 3B Miguel Vargas C Luis Torrens OF Sam Antonacci OF Carson Benge OF Tyrone Taylor P Logan Gilbert P Connor Prielipp SS Colson Montgomery,,,
2603,5205492883,whip99 (15/20),0,58.35,1B Munetaka Murakami 2B Marcus Semien 3B Yandy Diaz C Edgar Quero OF Sam Antonacci OF Heriberto Hernandez OF Andrew Benintendi P Logan Gilbert P Connor Prielipp SS Colson Montgomery,,,
2603,5205517309,bhess777 (14/20),0,58.35,1B Munetaka Murakami 2B Davis Schneider 3B Junior Caminero C Nick Fortes OF Sam Antonacci OF Jonny DeLuca OF Chandler Simpson P Logan Gilbert P Connor Prielipp SS Taylor Walls,,,
2603,5205540442,bellsofwar3 (14/14),0,58.35,1B Jared Young 2B Luis Urias 3B Junior Caminero C Luis Torrens OF Jonny DeLuca OF A.J. Ewing OF Carson Benge P Logan Gilbert P Connor Prielipp SS Francisco Lindor,,,
2607,5205123411,az350z (14/20),0,58.25,1B Jared Young 2B Royce Lewis 3B Bo Bichette C Ryan Jeffers OF A.J. Ewing OF Trevor Larnach OF Carson Benge P Zac Thornton P Kevin Gausman SS Francisco Lindor,,,
2607,5205492887,whip99 (19/20),0,58.25,1B Josh Naylor 2B Cole Young 3B Junior Caminero C Cal Raleigh OF Kody Clemens OF Julio Rodriguez OF Carson Benge P Zac Thornton P Kevin Gausman SS Colt Emerson,,,
2609,5205012473,mmaffia5 (1/10),0,58.05,1B Kyle Stowers 2B Xavier Edwards 3B Junior Caminero C Ivan Herrera OF Sam Antonacci OF Jonny DeLuca OF Victor Mesa Jr. P Quinn Mathews P Connor Prielipp SS Otto Lopez,,,
2609,5205267858,McDookatron,0,58.05,1B Munetaka Murakami 2B Royce Lewis 3B Brooks Lee C Ryan Jeffers OF Sam Antonacci OF Trevor Larnach OF Tristan Peters P Quinn Mathews P Connor Prielipp SS Colson Montgomery,,,
2609,5205489598,RonSantosCubs10,0,58.05,1B Yandy Diaz 2B Xavier Edwards 3B Junior Caminero C Nick Fortes OF Sam Antonacci OF Jonny DeLuca OF Chandler Simpson P Quinn Mathews P Connor Prielipp SS Otto Lopez,,,
2609,5205529500,SMITTOFF11 (2/8),0,58.05,1B Alec Burleson 2B JJ Wetherholt 3B Kazuma Okamoto C Ivan Herrera OF Jordan Walker OF Chandler Simpson OF Heriberto Hernandez P Quinn Mathews P Connor Prielipp SS Francisco Lindor,,,
2609,5205536209,SMITTOFF11 (4/8),0,58.05,1B Alec Burleson 2B JJ Wetherholt 3B Kazuma Okamoto C Ivan Herrera OF Jordan Walker OF Chandler Simpson OF Heriberto Hernandez P Quinn Mathews P Connor Prielipp SS Francisco Lindor,,,
2609,5205536215,SMITTOFF11 (6/8),0,58.05,1B Alec Burleson 2B JJ Wetherholt 3B Kazuma Okamoto C Ivan Herrera OF Jordan Walker OF Chandler Simpson OF Heriberto Hernandez P Quinn Mathews P Connor Prielipp SS Francisco Lindor,,,
2609,5205536501,SMITTOFF11 (8/8),0,58.05,1B Alec Burleson 2B JJ Wetherholt 3B Kazuma Okamoto C Ivan Herrera OF Jordan Walker OF Chandler Simpson OF Heriberto Hernandez P Quinn Mathews P Connor Prielipp SS Francisco Lindor,,,
2616,5205192552,jonjonlegend,0,58,1B Munetaka Murakami 2B Cole Young 3B Junior Caminero C Nick Fortes OF A.J. Ewing OF Carson Benge OF Weston Wilson P Logan Gilbert P Quinn Mathews SS Francisco Lindor,,,
2616,5205276561,HockeyCardsPlus (6/20),0,58,1B Alec Burleson 2B JJ Wetherholt 3B Bo Bichette C Luis Torrens OF A.J. Ewing OF Carson Benge OF Heriberto Hernandez P Logan Gilbert P Quinn Mathews SS Francisco Lindor,,,
2616,5205497622,FunkyKong (4/12),0,58,1B Yandy Diaz 2B Ben Williamson 3B Junior Caminero C Victor Caratini OF Chandler Simpson OF Victor Mesa Jr. OF Nathan Church P Drew Rasmussen P Zac Thornton SS Ernie Clement,,,
2616,5205520260,SayHeyKid1230 (18/20),0,58,1B Kyle Stowers 2B Xavier Edwards 3B Miguel Vargas C Ivan Herrera OF Dominic Canzone OF Braden Montgomery OF Daulton Varsho P Logan Gilbert P Quinn Mathews SS Francisco Lindor,,,
2616,5205531343,TheHyperCritic,0,58,1B Alec Burleson 2B JJ Wetherholt 3B Leo Jimenez C Ivan Herrera OF Jordan Walker OF Lars Nootbaar OF Weston Wilson P Logan Gilbert P Quinn Mathews SS Francisco Lindor,,,
2621,5205140507,sheed6 (18/20),0,57.95,1B Munetaka Murakami 2B Cole Young 3B Miguel Vargas C Mitch Garver OF Sam Antonacci OF Julio Rodriguez OF Andrew Benintendi P Kevin Gausman P Connor Prielipp SS Colson Montgomery,,,
2621,5205173853,ttillie (3/20),0,57.95,1B Munetaka Murakami 2B Marcus Semien 3B Yandy Diaz C Ryan Jeffers OF Carson Benge OF Victor Mesa Jr. OF Daulton Varsho P Kevin Gausman P Connor Prielipp SS Ernie Clement,,,
2621,5205405822,Rene8480 (3/3),0,57.95,1B Yandy Diaz 2B Brett Baty 3B Junior Caminero C Ryan Jeffers OF Jonny DeLuca OF Carson Benge OF Ryan Vilade P Kevin Gausman P Connor Prielipp SS Francisco Lindor,,,
2621,5205440936,DefendFreedom (15/20),0,57.95,1B Vladimir Guerrero Jr. 2B Luis Urias 3B Kazuma Okamoto C Ryan Jeffers OF A.J. Ewing OF Carson Benge OF Daulton Varsho P Kevin Gausman P Connor Prielipp SS Ryan Kreidler,,,
2621,5205474107,cachedinar (8/20),0,57.95,1B Jared Young 2B Xavier Edwards 3B Junior Caminero C Ryan Jeffers OF Kody Clemens OF Sam Antonacci OF Tyrone Taylor P Kevin Gausman P Connor Prielipp SS Ernie Clement,,,
2626,5204947478,csurunnerccr (17/20),0,57.9,1B Yandy Diaz 2B Ben Williamson 3B Bo Bichette C Cal Raleigh OF Julio Rodriguez OF Chandler Simpson OF Victor Mesa Jr. P Logan Gilbert P Kevin Gausman SS Taylor Walls,,,
2626,5205140506,sheed6 (17/20),0,57.9,1B Yandy Diaz 2B Ben Williamson 3B Miguel Vargas C Nick Fortes OF Sam Antonacci OF Jonny DeLuca OF Andrew Benintendi P Logan Gilbert P Kevin Gausman SS Taylor Walls,,,
2626,5205534630,eagles5016 (7/20),0,57.9,1B Munetaka Murakami 2B Luis Urias 3B Miguel Vargas C Edgar Quero OF Sam Antonacci OF Heriberto Hernandez OF Ryan Vilade P Logan Gilbert P Kevin Gausman SS Colson Montgomery,,,
2629,5204867947,mga120 (18/20),0,57.7,1B Yandy Diaz 2B Ernie Clement 3B Miguel Vargas C Alejandro Kirk OF George Springer OF Carson Benge OF Daulton Varsho P Zac Thornton P Connor Prielipp SS Colson Montgomery,,,
2629,5205529378,texasnumbercruncher (3/20),0,57.7,1B Vladimir Guerrero Jr. 2B JJ Wetherholt 3B Kazuma Okamoto C Ryan Jeffers OF Trevor Larnach OF Daulton Varsho OF Myles Straw P Zac Thornton P Connor Prielipp SS Ernie Clement,,,
2631,5205212892,tigolebitties91 (2/2),0,57.65,1B Vladimir Guerrero Jr. 2B Ernie Clement 3B Kazuma Okamoto C Alejandro Kirk OF Carson Benge OF Dominic Canzone OF Andrew Benintendi P Logan Gilbert P Zac Thornton SS Francisco Lindor,,,
2632,5205308779,kellydonald,0,57.5,1B Yandy Diaz 2B Xavier Edwards 3B Junior Caminero C Victor Caratini OF Jordan Walker OF Sam Antonacci OF Heriberto Hernandez P Quinn Mathews P Tyler Phillips SS Otto Lopez,,,
2633,5205152521,kafedaiv (2/20),0,57.4,1B Yandy Diaz 2B Kody Clemens 3B Brooks Lee C Ryan Jeffers OF Chandler Simpson OF Braden Montgomery OF Ryan Vilade P Kevin Gausman P Tyler Phillips SS Colson Montgomery,,,
2634,5205072081,Wanna_Square_Up1567 (4/20),0,57.35,1B Alec Burleson 2B JJ Wetherholt 3B Kazuma Okamoto C Ivan Herrera OF Lars Nootbaar OF Daulton Varsho OF Nathan Church P Logan Gilbert P Connor Prielipp SS Colson Montgomery,,,
2634,5205247588,jradesanmi (15/20),0,57.35,1B Yandy Diaz 2B Marcus Semien 3B Junior Caminero C Luis Torrens OF A.J. Ewing OF Chandler Simpson OF Carson Benge P Logan Gilbert P Connor Prielipp SS Francisco Lindor,,,
2634,5205406864,james_thiel (15/20),0,57.35,1B Munetaka Murakami 2B Brett Baty 3B Bo Bichette C Ivan Herrera OF A.J. Ewing OF Carson Benge OF Lars Nootbaar P Logan Gilbert P Connor Prielipp SS Francisco Lindor,,,
2637,5205170872,love245555 (13/20),0,57.25,1B Munetaka Murakami 2B Marcus Semien 3B Junior Caminero C Luis Torrens OF A.J. Ewing OF Chandler Simpson OF Tyrone Taylor P Zac Thornton P Kevin Gausman SS Francisco Lindor,,,
2638,5205492056,mariobr1709 (9/20),0,57.05,1B Alec Burleson 2B JJ Wetherholt 3B Yandy Diaz C Ivan Herrera OF Jordan Walker OF Victor Mesa Jr. OF Ryan Vilade P Quinn Mathews P Connor Prielipp SS Masyn Winn,,,
2639,5205190526,bubbs57 (2/3),0,57,1B Yandy Diaz 2B Marcus Semien 3B Junior Caminero C Brian Navarreto OF Jonny DeLuca OF Chandler Simpson OF Luis Robert Jr. P Logan Gilbert P Quinn Mathews SS Ernie Clement,,,
2639,5205196385,billythekid29,0,57,1B Yandy Diaz 2B Marcus Semien 3B Junior Caminero C Mitch Garver OF A.J. Ewing OF Carson Benge OF Ryan Vilade P Logan Gilbert P Quinn Mathews SS Francisco Lindor,,,
2639,5205267174,SFN03 (11/20),0,57,1B Jared Young 2B Kody Clemens 3B Bo Bichette C Cal Raleigh OF A.J. Ewing OF Carson Benge OF Heriberto Hernandez P Logan Gilbert P Quinn Mathews SS Otto Lopez,,,
2639,5205513824,rockingrick (4/7),0,57,1B Yandy Diaz 2B Royce Lewis 3B Junior Caminero C Jimmy Crooks OF Kody Clemens OF Jonny DeLuca OF Ryan Vilade P Logan Gilbert P Quinn Mathews SS Ryan Kreidler,,,
2643,5205286567,FoxyGrandpa252 (6/20),0,56.95,1B Ryan Vilade 2B Kody Clemens 3B Junior Caminero C Ryan Jeffers OF Chandler Simpson OF Trevor Larnach OF Austin Martin P Kevin Gausman P Connor Prielipp SS Ryan Kreidler,,,
2644,5205455736,Hey...HereWeGo1 (8/20),0,56.7,1B Alec Burleson 2B JJ Wetherholt 3B Blaze Jordan C Ivan Herrera OF Jordan Walker OF A.J. Ewing OF Carson Benge P Zac Thornton P Connor Prielipp SS Francisco Lindor,,,
2644,5205517315,bhess777 (20/20),0,56.7,1B Alec Burleson 2B JJ Wetherholt 3B Blaze Jordan C Ivan Herrera OF Jordan Walker OF A.J. Ewing OF Carson Benge P Zac Thornton P Connor Prielipp SS Francisco Lindor,,,
2644,5205534949,mikebkmm5 (4/4),0,56.7,1B Yandy Diaz 2B Royce Lewis 3B Bo Bichette C Alejandro Kirk OF Jordan Walker OF A.J. Ewing OF Carson Benge P Zac Thornton P Connor Prielipp SS Francisco Lindor,,,
2647,5205133065,Aoteoroa (3/6),0,56.65,1B Ryan Vilade 2B Cole Young 3B Junior Caminero C Alejandro Kirk OF Julio Rodriguez OF Dominic Canzone OF Victor Mesa Jr. P Logan Gilbert P Zac Thornton SS Ben Williamson,,,
2647,5205133074,Aoteoroa (6/6),0,56.65,1B Ryan Vilade 2B Cole Young 3B Junior Caminero C Alejandro Kirk OF Julio Rodriguez OF Dominic Canzone OF Victor Mesa Jr. P Logan Gilbert P Zac Thornton SS Ben Williamson,,,
2647,5205201423,squatman2008 (3/5),0,56.65,1B Munetaka Murakami 2B Luis Urias 3B Kazuma Okamoto C Cal Raleigh OF Carson Benge OF Heriberto Hernandez OF Tyrone Taylor P Logan Gilbert P Zac Thornton SS Colson Montgomery,,,
2650,5205187605,WILDCATBALLERS (20/20),0,56.5,1B Munetaka Murakami 2B Xavier Edwards 3B Leo Jimenez C Mitch Garver OF Chandler Simpson OF Dominic Canzone OF Victor Mesa Jr. P Quinn Mathews P Tyler Phillips SS Javier Sanoja,,,
2651,5205019837,hunchoharry (8/20),0,56.35,1B Munetaka Murakami 2B Luis Urias 3B Bo Bichette C Liam Hicks OF Sam Antonacci OF Andrew Benintendi OF Tristan Peters P Logan Gilbert P Connor Prielipp SS Colson Montgomery,,,
2651,5205111679,integra6979,0,56.35,1B Yandy Diaz 2B Marcus Semien 3B Junior Caminero C Nick Fortes OF Julio Rodriguez OF Jonny DeLuca OF Chandler Simpson P Zac Thornton P Quinn Mathews SS Francisco Lindor,,,
2651,5205524997,Evilempire2626,0,56.35,1B Royce Lewis 2B Kody Clemens 3B Kazuma Okamoto C Ryan Jeffers OF Dominic Canzone OF Heriberto Hernandez OF Ryan Vilade P Logan Gilbert P Connor Prielipp SS Francisco Lindor,,,
2651,5205529388,texasnumbercruncher (13/20),0,56.35,1B Munetaka Murakami 2B Chase Meidroth 3B Yandy Diaz C Edgar Quero OF Sam Antonacci OF Chandler Simpson OF Heriberto Hernandez P Logan Gilbert P Connor Prielipp SS Taylor Walls,,,
2655,5205245585,blakemoore15 (5/5),0,56.25,1B Munetaka Murakami 2B Chase Meidroth 3B Brooks Lee C Edgar Quero OF Kody Clemens OF Trevor Larnach OF Andrew Benintendi P Zac Thornton P Kevin Gausman SS Colson Montgomery,,,
2656,5205171996,jamj53,0,56.15,1B Josh Naylor 2B Kody Clemens 3B Junior Caminero C Liam Hicks OF Sam Antonacci OF Dominic Canzone OF Lars Nootbaar P Zac Thornton P Tyler Phillips SS Ernie Clement,,,
2657,5205492065,mariobr1709 (18/20),0,56.05,1B Munetaka Murakami 2B Royce Lewis 3B Miguel Vargas C Victor Caratini OF Kody Clemens OF Sam Antonacci OF Trevor Larnach P Connor Prielipp P Noah Schultz SS Colson Montgomery,,,
2658,5205158189,LOCNOTM (20/20),0,56,1B Yandy Diaz 2B Brett Baty 3B Miguel Vargas C Nick Fortes OF Chandler Simpson OF Victor Mesa Jr. OF Tyrone Taylor P Logan Gilbert P Quinn Mathews SS Colson Montgomery,,,
2658,5205210268,Stackhouse5310 (1/2),0,56,1B Royce Lewis 2B Kody Clemens 3B Kazuma Okamoto C Ryan Jeffers OF Carson Benge OF Ryan Vilade OF Weston Wilson P Drew Rasmussen P Zac Thornton SS Francisco Lindor,,,
2658,5205363803,NikeGriffin32,0,56,1B Jared Young 2B JJ Wetherholt 3B Bo Bichette C Cal Raleigh OF A.J. Ewing OF Carson Benge OF Victor Mesa Jr. P Drew Rasmussen P Zac Thornton SS Francisco Lindor,,,
2658,5205448393,sloan1310,0,56,1B Alec Burleson 2B JJ Wetherholt 3B Brett Baty C Cal Raleigh OF Sam Antonacci OF Andrew Benintendi OF Tyrone Taylor P Logan Gilbert P Quinn Mathews SS Colson Montgomery,,,
2662,5205473652,henry296 (16/20),0,55.95,1B Royce Lewis 2B Kody Clemens 3B Bo Bichette C Ryan Jeffers OF A.J. Ewing OF Chandler Simpson OF Carson Benge P Kevin Gausman P Connor Prielipp SS Francisco Lindor,,,
2662,5205538589,Rhombus87 (11/20),0,55.95,1B Munetaka Murakami 2B Royce Lewis 3B Miguel Vargas C Victor Caratini OF Kody Clemens OF Trevor Larnach OF Andrew Benintendi P Kevin Gausman P Connor Prielipp SS Colson Montgomery,,,
2664,5204788740,ivymoose (2/20),0,55.9,1B Munetaka Murakami 2B Brett Baty 3B Miguel Vargas C Luis Torrens OF Sam Antonacci OF Tristan Peters OF Tyrone Taylor P Logan Gilbert P Kevin Gausman SS Colson Montgomery,,,
2664,5205115024,christiangideon (8/10),0,55.9,1B Vladimir Guerrero Jr. 2B Chase Meidroth 3B Miguel Vargas C Cal Raleigh OF A.J. Ewing OF Carson Benge OF Daulton Varsho P Logan Gilbert P Kevin Gausman SS Taylor Walls,,,
2664,5205132398,KristianFTM (16/20),0,55.9,1B Jared Young 2B Marcus Semien 3B Miguel Vargas C Alejandro Kirk OF Sam Antonacci OF Braden Montgomery OF Andrew Benintendi P Logan Gilbert P Kevin Gausman SS Colson Montgomery,,,
2664,5205302422,exjarhead (2/2),0,55.9,1B Vladimir Guerrero Jr. 2B Ernie Clement 3B Kazuma Okamoto C Francisco Alvarez OF Sam Antonacci OF Cedric Mullins OF Andrew Benintendi P Logan Gilbert P Kevin Gausman SS Francisco Lindor,,,
2668,5205187601,WILDCATBALLERS (16/20),0,55.7,1B Munetaka Murakami 2B Ernie Clement 3B Kazuma Okamoto C Alejandro Kirk OF George Springer OF Chandler Simpson OF Victor Mesa Jr. P Zac Thornton P Connor Prielipp SS Francisco Lindor,,,
2668,5205446853,cookiesox48,0,55.7,1B Yandy Diaz 2B Luis Urias 3B Junior Caminero C Alejandro Kirk OF Jordan Walker OF Carson Benge OF Braden Montgomery P Zac Thornton P Connor Prielipp SS Francisco Lindor,,,
2668,5205539929,swanny.66,0,55.7,1B Yandy Diaz 2B Marcus Semien 3B Junior Caminero C Ryan Jeffers OF Carson Benge OF Luke Keaschall OF Nathan Church P Zac Thornton P Connor Prielipp SS Francisco Lindor,,,
2671,5205140492,sheed6 (3/20),0,55.65,1B Munetaka Murakami 2B Xavier Edwards 3B Miguel Vargas C Edgar Quero OF Andrew Benintendi OF Esteury Ruiz OF Tristan Peters P Logan Gilbert P Zac Thornton SS Otto Lopez,,,
2671,5205143504,cw1tt (20/20),0,55.65,1B Vladimir Guerrero Jr. 2B Luis Urias 3B Kazuma Okamoto C Alejandro Kirk OF Sam Antonacci OF Dominic Canzone OF Daulton Varsho P Logan Gilbert P Zac Thornton SS Colson Montgomery,,,
2671,5205204305,JcClark18 (20/20),0,55.65,1B Munetaka Murakami 2B Cole Young 3B Weston Wilson C Edgar Quero OF Sam Antonacci OF Jonny DeLuca OF Dominic Canzone P Logan Gilbert P Zac Thornton SS Colson Montgomery,,,
2671,5205271980,bigshawn33,0,55.65,1B Jared Young 2B Marcus Semien 3B Junior Caminero C Mitch Garver OF Julio Rodriguez OF Carson Benge OF Dominic Canzone P Logan Gilbert P Zac Thornton SS Francisco Lindor,,,
2671,5205389307,Chadg20 (6/20),0,55.65,1B Alec Burleson 2B JJ Wetherholt 3B Weston Wilson C Jimmy Crooks OF Jordan Walker OF A.J. Ewing OF Dominic Canzone P Logan Gilbert P Zac Thornton SS Masyn Winn,,,
2671,5205422507,BChap71 (1/2),0,55.65,1B Vladimir Guerrero Jr. 2B Luis Urias 3B Kazuma Okamoto C Cal Raleigh OF Julio Rodriguez OF A.J. Ewing OF Carson Benge P Logan Gilbert P Zac Thornton SS Ernie Clement,,,
2671,5205518343,Cstevenson96 (1/2),0,55.65,1B Ryan Vilade 2B Chase Meidroth 3B Kazuma Okamoto C Nick Fortes OF Randy Arozarena OF Sam Antonacci OF Braden Montgomery P Logan Gilbert P Zac Thornton SS Colson Montgomery,,,
2678,5205012480,mmaffia5 (8/10),0,55.35,1B Yandy Diaz 2B Chase Meidroth 3B Junior Caminero C Edgar Quero OF Sam Antonacci OF Jonny DeLuca OF Victor Mesa Jr. P Logan Gilbert P Connor Prielipp SS Ben Williamson,,,
2678,5205027739,pickens81 (4/5),0,55.35,1B Munetaka Murakami 2B Luis Urias 3B Miguel Vargas C Edgar Quero OF Sam Antonacci OF Chandler Simpson OF Heriberto Hernandez P Logan Gilbert P Connor Prielipp SS Colson Montgomery,,,
2678,5205112523,Molly2019 (1/2),0,55.35,1B Munetaka Murakami 2B Xavier Edwards 3B Brett Baty C Alejandro Kirk OF Sam Antonacci OF Jonny DeLuca OF Tristan Peters P Logan Gilbert P Connor Prielipp SS Colson Montgomery,,,
2678,5205183623,jnwallen (20/20),0,55.35,1B Alec Burleson 2B JJ Wetherholt 3B Weston Wilson C Ivan Herrera OF Jordan Walker OF Julio Rodriguez OF Dominic Canzone P Zac Thornton P Quinn Mathews SS Masyn Winn,,,
2678,5205454037,Juan1226 (14/20),0,55.35,1B Munetaka Murakami 2B Kody Clemens 3B Brooks Lee C Victor Caratini OF Sam Antonacci OF Trevor Larnach OF Andrew Benintendi P Zac Thornton P Noah Schultz SS Ryan Kreidler,,,
2678,5205470987,RelentlessD85 (16/20),0,55.35,1B Alec Burleson 2B Royce Lewis 3B Junior Caminero C Cal Raleigh OF Trevor Larnach OF Lars Nootbaar OF Braden Montgomery P Zac Thornton P Quinn Mathews SS Francisco Lindor,,,
2678,5205524103,xTRISKITx (3/20),0,55.35,1B Alec Burleson 2B JJ Wetherholt 3B Yandy Diaz C Ivan Herrera OF Chandler Simpson OF Victor Mesa Jr. OF Ryan Vilade P Logan Gilbert P Connor Prielipp SS Taylor Walls,,,
2685,5205230236,Navare1212 (7/13),0,55.25,1B Alec Burleson 2B Ernie Clement 3B Kazuma Okamoto C Victor Caratini OF Kody Clemens OF George Springer OF Daulton Varsho P Zac Thornton P Kevin Gausman SS Colson Montgomery,,,
2686,5205012831,SayHeyKid1230 (1/20),0,55,1B Ryan Vilade 2B Ben Williamson 3B Junior Caminero C Ivan Herrera OF Chandler Simpson OF Lars Nootbaar OF Braden Montgomery P Logan Gilbert P Quinn Mathews SS Otto Lopez,,,
2686,5205531928,cracki40,0,55,1B Munetaka Murakami 2B Xavier Edwards 3B Brett Baty C Cal Raleigh OF A.J. Ewing OF Carson Benge OF Heriberto Hernandez P Logan Gilbert P Quinn Mathews SS Otto Lopez,,,
2688,5205033023,AverageTuesday (16/20),0,54.95,1B Munetaka Murakami 2B Xavier Edwards 3B Miguel Vargas C Liam Hicks OF Heriberto Hernandez OF Braden Montgomery OF Tristan Peters P Kevin Gausman P Connor Prielipp SS Colson Montgomery,,,
2688,5205423673,backstage377,0,54.95,1B Vladimir Guerrero Jr. 2B Xavier Edwards 3B Kazuma Okamoto C Ryan Jeffers OF Sam Antonacci OF George Springer OF Ryan Vilade P Kevin Gausman P Connor Prielipp SS Colson Montgomery,,,
2688,5205474108,cachedinar (9/20),0,54.95,1B Jared Young 2B Xavier Edwards 3B Junior Caminero C Ryan Jeffers OF Kody Clemens OF Esteury Ruiz OF Daulton Varsho P Kevin Gausman P Connor Prielipp SS Colson Montgomery,,,
2688,5205474115,cachedinar (16/20),0,54.95,1B Jared Young 2B Xavier Edwards 3B Junior Caminero C Ryan Jeffers OF Sam Antonacci OF Esteury Ruiz OF Daulton Varsho P Kevin Gausman P Connor Prielipp SS Colson Montgomery,,,
2692,5204716582,CaliCapper22,0,54.9,1B Jared Young 2B Brett Baty 3B Junior Caminero C Cal Raleigh OF A.J. Ewing OF Carson Benge OF Dominic Canzone P Logan Gilbert P Kevin Gausman SS Francisco Lindor,,,
2692,5205012833,SayHeyKid1230 (3/20),0,54.9,1B Munetaka Murakami 2B Xavier Edwards 3B Kazuma Okamoto C Edgar Quero OF Sam Antonacci OF Julio Rodriguez OF Tristan Peters P Logan Gilbert P Kevin Gausman SS Taylor Walls,,,
2694,5205432834,smk5430 (11/20),0,54.7,1B Royce Lewis 2B Kody Clemens 3B Bo Bichette C Ryan Jeffers OF A.J. Ewing OF Carson Benge OF Tyrone Taylor P Zac Thornton P Connor Prielipp SS Francisco Lindor,,,
2695,5205123414,az350z (17/20),0,54.65,1B Munetaka Murakami 2B Brett Baty 3B Bo Bichette C Alejandro Kirk OF A.J. Ewing OF Carson Benge OF Myles Straw P Logan Gilbert P Zac Thornton SS Francisco Lindor,,,
2695,5205223633,brianbrandon71 (2/2),0,54.65,1B Yandy Diaz 2B Davis Schneider 3B Junior Caminero C Mitch Garver OF Jonny DeLuca OF Chandler Simpson OF Victor Mesa Jr. P Logan Gilbert P Zac Thornton SS Colt Emerson,,,
2695,5205286580,FoxyGrandpa252 (19/20),0,54.65,1B Munetaka Murakami 2B Chase Meidroth 3B Blaze Jordan C Edgar Quero OF Jordan Walker OF Sam Antonacci OF Andrew Benintendi P Logan Gilbert P Zac Thornton SS Masyn Winn,,,
2698,5205173801,mrmochapb,0,54.6,1B Munetaka Murakami 2B Brett Baty 3B Miguel Vargas C Mitch Garver OF Julio Rodriguez OF A.J. Ewing OF Carson Benge P Kevin Gausman P Quinn Mathews SS Francisco Lindor,,,
2699,5205444401,Steppoman,0,54.5,1B Munetaka Murakami 2B Chase Meidroth 3B Miguel Vargas C Ivan Herrera OF Jordan Walker OF Chandler Simpson OF Lars Nootbaar P Quinn Mathews P Tyler Phillips SS Otto Lopez,,,
2700,5205069251,bkcle,0,54.35,1B Vladimir Guerrero Jr. 2B Xavier Edwards 3B Junior Caminero C Francisco Alvarez OF Randy Arozarena OF Lars Nootbaar OF Ryan Vilade P Zac Thornton P Quinn Mathews SS Francisco Lindor,,,
2700,5205070094,freakazoid0,0,54.35,1B Munetaka Murakami 2B Jorge Polanco 3B Bo Bichette C Victor Caratini OF Jordan Walker OF Sam Antonacci OF Andrew Benintendi P Logan Gilbert P Connor Prielipp SS Masyn Winn,,,
2700,5205289010,Paulith,0,54.35,1B Munetaka Murakami 2B Royce Lewis 3B Kazuma Okamoto C Cal Raleigh OF Randy Arozarena OF Carson Benge OF Cedric Mullins P Zac Thornton P Quinn Mathews SS Francisco Lindor,,,
2700,5205529395,texasnumbercruncher (20/20),0,54.35,1B Yandy Diaz 2B Brett Baty 3B Junior Caminero C Nick Fortes OF A.J. Ewing OF Chandler Simpson OF Victor Mesa Jr. P Logan Gilbert P Connor Prielipp SS Francisco Lindor,,,
2704,5205454043,Juan1226 (20/20),0,54.15,1B Victor Caratini 2B Royce Lewis 3B Brooks Lee C Ryan Jeffers OF Sam Antonacci OF Trevor Larnach OF Andrew Benintendi P Zac Thornton P Tyler Phillips SS Colson Montgomery,,,
2705,5205434947,stevenhenry43211 (8/14),0,54.05,1B Kyle Stowers 2B Kody Clemens 3B Junior Caminero C Ryan Jeffers OF Heriberto Hernandez OF Luke Keaschall OF Andrew Benintendi P Quinn Mathews P Connor Prielipp SS Colson Montgomery,,,
2705,5205466430,kwwagner1142 (1/3),0,54.05,1B Alec Burleson 2B JJ Wetherholt 3B Kazuma Okamoto C Ivan Herrera OF Jordan Walker OF A.J. Ewing OF Lars Nootbaar P Quinn Mathews P Connor Prielipp SS Francisco Lindor,,,
2707,5205003747,brianLiza,0,54,1B Munetaka Murakami 2B Brett Baty 3B Kazuma Okamoto C Victor Caratini OF A.J. Ewing OF Carson Benge OF Andrew Benintendi P Drew Rasmussen P Zac Thornton SS Francisco Lindor,,,
2707,5205142933,cwitte80,0,54,1B Jared Young 2B JJ Wetherholt 3B Junior Caminero C Cal Raleigh OF Julio Rodriguez OF Carson Benge OF Heriberto Hernandez P Logan Gilbert P Quinn Mathews SS Colt Emerson,,,
2707,5205363091,gitsum40 (1/2),0,54,1B Jared Young 2B JJ Wetherholt 3B Yandy Diaz C Cal Raleigh OF Julio Rodriguez OF A.J. Ewing OF Chandler Simpson P Logan Gilbert P Quinn Mathews SS Colt Emerson,,,
2707,5205371861,mrzippy (3/3),0,54,1B Vladimir Guerrero Jr. 2B Brett Baty 3B Junior Caminero C Cal Raleigh OF Jonny DeLuca OF Chandler Simpson OF Carson Benge P Logan Gilbert P Quinn Mathews SS Taylor Walls,,,
2711,5205033009,AverageTuesday (2/20),0,53.95,1B Munetaka Murakami 2B Ernie Clement 3B Miguel Vargas C Alejandro Kirk OF Sam Antonacci OF Andrew Benintendi OF Daulton Varsho P Kevin Gausman P Connor Prielipp SS Colson Montgomery,,,
2711,5205432840,smk5430 (17/20),0,53.95,1B Munetaka Murakami 2B Marcus Semien 3B Bo Bichette C Ryan Jeffers OF A.J. Ewing OF Carson Benge OF Ryan Vilade P Kevin Gausman P Connor Prielipp SS Francisco Lindor,,,
2713,5205008491,isaakuerickson (5/10),0,53.9,1B Yandy Diaz 2B Luis Urias 3B Miguel Vargas C Nick Fortes OF Chandler Simpson OF Victor Mesa Jr. OF Ryan Vilade P Logan Gilbert P Kevin Gausman SS Colson Montgomery,,,
2714,5205371384,Abc1289 (8/20),0,53.7,1B Vladimir Guerrero Jr. 2B JJ Wetherholt 3B Kazuma Okamoto C Alejandro Kirk OF Jordan Walker OF A.J. Ewing OF Daulton Varsho P Zac Thornton P Connor Prielipp SS Ernie Clement,,,
2715,5204815215,s9439,0,53.65,1B Vladimir Guerrero Jr. 2B Cole Young 3B Kazuma Okamoto C Cal Raleigh OF Carson Benge OF Dominic Canzone OF Andrew Benintendi P Logan Gilbert P Zac Thornton SS Francisco Lindor,,,
2715,5205455748,Hey...HereWeGo1 (20/20),0,53.65,1B Munetaka Murakami 2B Brett Baty 3B Leo Jimenez C Cal Raleigh OF Julio Rodriguez OF Carson Benge OF Tyrone Taylor P Logan Gilbert P Zac Thornton SS Colson Montgomery,,,
2715,5205466804,Mrboozer,0,53.65,1B Yandy Diaz 2B Luis Urias 3B Junior Caminero C Alejandro Kirk OF Braden Montgomery OF Andrew Benintendi OF Tristan Peters P Logan Gilbert P Zac Thornton SS Francisco Lindor,,,
2715,5205521595,ralphgonzo10 (4/5),0,53.65,1B Jared Young 2B JJ Wetherholt 3B Kazuma Okamoto C Luis Torrens OF Jordan Walker OF A.J. Ewing OF Tyrone Taylor P Logan Gilbert P Zac Thornton SS Francisco Lindor,,,
2719,5205405064,gooey911,0,53.35,1B Yandy Diaz 2B JJ Wetherholt 3B Junior Caminero C Cal Raleigh OF Randy Arozarena OF Nathan Church OF Ryan Vilade P Zac Thornton P Quinn Mathews SS Colt Emerson,,,
2719,5205417002,Habersham1275H,0,53.35,1B Yandy Diaz 2B JJ Wetherholt 3B Brett Baty C Luis Torrens OF Jordan Walker OF Julio Rodriguez OF George Springer P Zac Thornton P Quinn Mathews SS Francisco Lindor,,,
2721,5205019849,hunchoharry (20/20),0,53.05,1B Jared Young 2B JJ Wetherholt 3B Bo Bichette C Luis Torrens OF Jordan Walker OF George Springer OF A.J. Ewing P Quinn Mathews P Connor Prielipp SS Francisco Lindor,,,
2722,5205167917,ron214 (4/4),0,52.95,1B Munetaka Murakami 2B Xavier Edwards 3B Junior Caminero C Victor Caratini OF Sam Antonacci OF Carson Benge OF Heriberto Hernandez P Kevin Gausman P Connor Prielipp SS Francisco Lindor,,,
2722,5205474106,cachedinar (7/20),0,52.95,1B Jared Young 2B Xavier Edwards 3B Junior Caminero C Liam Hicks OF Kody Clemens OF Sam Antonacci OF Daulton Varsho P Kevin Gausman P Connor Prielipp SS Colson Montgomery,,,
2722,5205524190,mattmoss12 (15/20),0,52.95,1B Munetaka Murakami 2B Royce Lewis 3B Miguel Vargas C Nick Fortes OF Sam Antonacci OF Jonny DeLuca OF Victor Mesa Jr. P Kevin Gausman P Connor Prielipp SS Colson Montgomery,,,
2725,5205072089,Wanna_Square_Up1567 (12/20),0,52.9,1B Jared Young 2B Brett Baty 3B Miguel Vargas C Luis Torrens OF Sam Antonacci OF A.J. Ewing OF Heriberto Hernandez P Logan Gilbert P Kevin Gausman SS Francisco Lindor,,,
2725,5205534637,eagles5016 (14/20),0,52.9,1B Jared Young 2B Xavier Edwards 3B Miguel Vargas C Edgar Quero OF Sam Antonacci OF A.J. Ewing OF Heriberto Hernandez P Logan Gilbert P Kevin Gausman SS Colson Montgomery,,,
2727,5205124808,imryan87 (2/2),0,52.7,1B Ryan Vilade 2B Xavier Edwards 3B Yandy Diaz C Liam Hicks OF Sam Antonacci OF A.J. Ewing OF Carson Benge P Zac Thornton P Connor Prielipp SS Otto Lopez,,,
2727,5205455734,Hey...HereWeGo1 (6/20),0,52.7,1B Alec Burleson 2B JJ Wetherholt 3B Blaze Jordan C Ryan Jeffers OF Jordan Walker OF Carson Benge OF Nathan Church P Zac Thornton P Connor Prielipp SS Francisco Lindor,,,
2729,5205143388,mikeslindy,0,52.65,1B Yandy Diaz 2B Ernie Clement 3B Junior Caminero C Nick Fortes OF Carson Benge OF Ryan Vilade OF Myles Straw P Logan Gilbert P Zac Thornton SS Francisco Lindor,,,
2729,5205266434,louiswat (1/2),0,52.65,1B Kyle Stowers 2B Royce Lewis 3B Yandy Diaz C Victor Caratini OF Kody Clemens OF A.J. Ewing OF Heriberto Hernandez P Logan Gilbert P Zac Thornton SS Ben Williamson,,,
2729,5205445322,TANK45YOU,0,52.65,1B Alec Burleson 2B Xavier Edwards 3B Bo Bichette C Alejandro Kirk OF A.J. Ewing OF Lars Nootbaar OF Davis Schneider P Logan Gilbert P Zac Thornton SS Colson Montgomery,,,
2729,5205481935,slicksid27 (4/4),0,52.65,1B Ryan Vilade 2B Ernie Clement 3B Yandy Diaz C Cal Raleigh OF A.J. Ewing OF Carson Benge OF Dominic Canzone P Logan Gilbert P Zac Thornton SS Masyn Winn,,,
2733,5204888204,vstar1300 (2/3),0,52.25,1B Ryan Vilade 2B Royce Lewis 3B Brooks Lee C Ryan Jeffers OF Kody Clemens OF Jonny DeLuca OF Chandler Simpson P Zac Thornton P Kevin Gausman SS Ben Williamson,,,
2733,5205356506,lklk88088 (11/20),0,52.25,1B Jared Young 2B Brett Baty 3B Junior Caminero C Ryan Jeffers OF A.J. Ewing OF Chandler Simpson OF Tyrone Taylor P Zac Thornton P Kevin Gausman SS Francisco Lindor,,,
2733,5205359228,theczar89,0,52.25,1B Jonathan Aranda 2B Ernie Clement 3B Kazuma Okamoto C Alejandro Kirk OF Jordan Walker OF Sam Antonacci OF Daulton Varsho P Zac Thornton P Kevin Gausman SS Andres Gimenez,,,
2736,5204997399,Gabe57 (5/19),0,52.15,1B Alec Burleson 2B JJ Wetherholt 3B Kazuma Okamoto C Ivan Herrera OF Jordan Walker OF Lars Nootbaar OF Daulton Varsho P Zac Thornton P Tyler Phillips SS Ernie Clement,,,
2736,5204997400,Gabe57 (6/19),0,52.15,1B Alec Burleson 2B JJ Wetherholt 3B Kazuma Okamoto C Ivan Herrera OF Jordan Walker OF Lars Nootbaar OF Daulton Varsho P Zac Thornton P Tyler Phillips SS Ernie Clement,,,
2738,5205089573,SeanDre (17/20),0,52.05,1B Alec Burleson 2B Royce Lewis 3B Brooks Lee C Ryan Jeffers OF Kody Clemens OF Sam Antonacci OF Victor Mesa Jr. P Quinn Mathews P Connor Prielipp SS Ryan Kreidler,,,
2738,5205140505,sheed6 (16/20),0,52.05,1B Munetaka Murakami 2B Xavier Edwards 3B Miguel Vargas C Liam Hicks OF Sam Antonacci OF Braden Montgomery OF Andrew Benintendi P Quinn Mathews P Connor Prielipp SS Otto Lopez,,,
2740,5205089564,SeanDre (8/20),0,51.95,1B Victor Caratini 2B Royce Lewis 3B Brooks Lee C Ryan Jeffers OF Kody Clemens OF Sam Antonacci OF Andrew Benintendi P Kevin Gausman P Connor Prielipp SS Colson Montgomery,,,
2740,5205123402,az350z (5/20),0,51.95,1B Munetaka Murakami 2B Marcus Semien 3B Junior Caminero C Luis Torrens OF Sam Antonacci OF A.J. Ewing OF Carson Benge P Kevin Gausman P Connor Prielipp SS Francisco Lindor,,,
2740,5205261858,bmosley21 (17/20),0,51.95,1B Yandy Diaz 2B Brett Baty 3B Bo Bichette C Ryan Jeffers OF A.J. Ewing OF Carson Benge OF Victor Mesa Jr. P Kevin Gausman P Connor Prielipp SS Francisco Lindor,,,
2740,5205406858,james_thiel (9/20),0,51.95,1B Munetaka Murakami 2B Brett Baty 3B Bo Bichette C Ryan Jeffers OF A.J. Ewing OF Chandler Simpson OF Carson Benge P Kevin Gausman P Connor Prielipp SS Francisco Lindor,,,
2740,5205474101,cachedinar (2/20),0,51.95,1B Kyle Stowers 2B Xavier Edwards 3B Junior Caminero C Ryan Jeffers OF Kody Clemens OF Daulton Varsho OF Ryan Vilade P Kevin Gausman P Connor Prielipp SS Ernie Clement,,,
2740,5205474117,cachedinar (18/20),0,51.95,1B Jared Young 2B Marcus Semien 3B Junior Caminero C Ryan Jeffers OF Kody Clemens OF Sam Antonacci OF Daulton Varsho P Kevin Gausman P Connor Prielipp SS Ernie Clement,,,
2746,5205319314,iluverica,0,51.9,1B Yandy Diaz 2B Ben Williamson 3B Junior Caminero C Cal Raleigh OF Dominic Canzone OF Victor Mesa Jr. OF Ryan Vilade P Logan Gilbert P Kevin Gausman SS Colt Emerson,,,
2747,5205228671,Awalker3081 (12/20),0,51.7,1B Yandy Diaz 2B Ben Williamson 3B Junior Caminero C Alejandro Kirk OF Jonny DeLuca OF Chandler Simpson OF Andrew Benintendi P Zac Thornton P Connor Prielipp SS Francisco Lindor,,,
2747,5205470986,RelentlessD85 (15/20),0,51.7,1B Alec Burleson 2B Kody Clemens 3B Bo Bichette C Ivan Herrera OF Jordan Walker OF Lars Nootbaar OF Nathan Church P Zac Thornton P Connor Prielipp SS Francisco Lindor,,,
2749,5205431573,WunstaGuy (19/20),0,51.65,1B Jared Young 2B Marcus Semien 3B Bo Bichette C Nick Fortes OF Jordan Walker OF Chandler Simpson OF Carson Benge P Logan Gilbert P Zac Thornton SS Francisco Lindor,,,
2749,5205539059,RScholl (3/3),0,51.65,1B Josh Naylor 2B Marcus Semien 3B Junior Caminero C Cal Raleigh OF Carson Benge OF Daulton Varsho OF Ryan Vilade P Logan Gilbert P Zac Thornton SS Francisco Lindor,,,
2751,5205342086,clarkyd08,0,51.35,1B Royce Lewis 2B Kody Clemens 3B Brooks Lee C Ryan Jeffers OF Carson Benge OF Dominic Canzone OF Luke Keaschall P Zac Thornton P Quinn Mathews SS Colson Montgomery,,,
2752,5205534881,Dogcatcher32,0,51.25,1B Yandy Diaz 2B Marcus Semien 3B Junior Caminero C Luis Torrens OF Jonny DeLuca OF Chandler Simpson OF Victor Mesa Jr. P Zac Thornton P Kevin Gausman SS Francisco Lindor,,,
2753,5205089571,SeanDre (15/20),0,51.05,1B Alec Burleson 2B JJ Wetherholt 3B Junior Caminero C Ivan Herrera OF Jonny DeLuca OF Chandler Simpson OF Victor Mesa Jr. P Quinn Mathews P Connor Prielipp SS Taylor Walls,,,
2753,5205376710,johnbrock636 (1/3),0,51.05,1B Alec Burleson 2B JJ Wetherholt 3B Bo Bichette C Jimmy Crooks OF Jordan Walker OF Kody Clemens OF Sam Antonacci P Quinn Mathews P Connor Prielipp SS Francisco Lindor,,,
2755,5204863051,jettyray (1/5),0,51,1B Munetaka Murakami 2B Luis Urias 3B Miguel Vargas C Alejandro Kirk OF Sam Antonacci OF Andrew Benintendi OF Davis Schneider P Logan Gilbert P Quinn Mathews SS Colson Montgomery,,,
2755,5204863256,jettyray (4/5),0,51,1B Jared Young 2B Brett Baty 3B Junior Caminero C Cal Raleigh OF Julio Rodriguez OF A.J. Ewing OF Carson Benge P Logan Gilbert P Quinn Mathews SS Francisco Lindor,,,
2755,5205176177,TheBossinMyWorld (3/4),0,51,1B Munetaka Murakami 2B Chase Meidroth 3B Miguel Vargas C Cal Raleigh OF Dominic Canzone OF Braden Montgomery OF Andrew Benintendi P Logan Gilbert P Noah Schultz SS Francisco Lindor,,,
2755,5205282925,rschindler14 (5/20),0,51,1B Munetaka Murakami 2B Marcus Semien 3B Bo Bichette C Cal Raleigh OF A.J. Ewing OF Carson Benge OF Andrew Benintendi P Logan Gilbert P Quinn Mathews SS Francisco Lindor,,,
2755,5205316675,GreatTabbarinos,0,51,1B Munetaka Murakami 2B JJ Wetherholt 3B Weston Wilson C Edgar Quero OF Jordan Walker OF Kody Clemens OF Carson Benge P Logan Gilbert P Quinn Mathews SS Colt Emerson,,,
2755,5205514230,RSorbs,0,51,1B Jared Young 2B Brett Baty 3B Junior Caminero C Cal Raleigh OF Julio Rodriguez OF A.J. Ewing OF Carson Benge P Logan Gilbert P Quinn Mathews SS Francisco Lindor,,,
2761,5205072093,Wanna_Square_Up1567 (16/20),0,50.95,1B Royce Lewis 2B Kody Clemens 3B Miguel Vargas C Edgar Quero OF Sam Antonacci OF Braden Montgomery OF Daulton Varsho P Kevin Gausman P Connor Prielipp SS Colson Montgomery,,,
2762,5204867946,mga120 (17/20),0,50.8,1B Munetaka Murakami 2B Ben Williamson 3B Junior Caminero C Nick Fortes OF Julio Rodriguez OF Victor Mesa Jr. OF Ryan Vilade P Logan Gilbert P Tyler Phillips SS Colson Montgomery,,,
2763,5204980286,stumpfest,0,50.7,1B Royce Lewis 2B Cole Young 3B Yandy Diaz C Ryan Jeffers OF Sam Antonacci OF A.J. Ewing OF Carson Benge P Zac Thornton P Connor Prielipp SS Ernie Clement,,,
2763,5205228674,Awalker3081 (15/20),0,50.7,1B Yandy Diaz 2B Luis Urias 3B Junior Caminero C Alejandro Kirk OF Jonny DeLuca OF Chandler Simpson OF Ryan Vilade P Zac Thornton P Connor Prielipp SS Colson Montgomery,,,
2765,5205012838,SayHeyKid1230 (8/20),0,50.65,1B Vladimir Guerrero Jr. 2B JJ Wetherholt 3B Weston Wilson C Alejandro Kirk OF Jordan Walker OF Carson Benge OF Tristan Peters P Logan Gilbert P Zac Thornton SS Ben Williamson,,,
2765,5205136288,Caryg07 (19/20),0,50.65,1B Munetaka Murakami 2B Davis Schneider 3B Kazuma Okamoto C Alejandro Kirk OF Sam Antonacci OF Andrew Benintendi OF Daulton Varsho P Logan Gilbert P Zac Thornton SS Ernie Clement,,,
2765,5205152527,kafedaiv (8/20),0,50.65,1B Vladimir Guerrero Jr. 2B Ernie Clement 3B Brett Baty C Cal Raleigh OF Julio Rodriguez OF A.J. Ewing OF Carson Benge P Logan Gilbert P Zac Thornton SS Ben Williamson,,,
2765,5205237178,Boneyball1018 (8/8),0,50.65,1B Josh Naylor 2B Ben Williamson 3B Bo Bichette C Ivan Herrera OF A.J. Ewing OF Carson Benge OF Victor Mesa Jr. P Logan Gilbert P Zac Thornton SS Francisco Lindor,,,
2765,5205529393,texasnumbercruncher (18/20),0,50.65,1B Josh Naylor 2B Marcus Semien 3B Brett Baty C Cal Raleigh OF Sam Antonacci OF Julio Rodriguez OF Dominic Canzone P Logan Gilbert P Zac Thornton SS Colson Montgomery,,,
2770,5205187602,WILDCATBALLERS (17/20),0,50.35,1B Josh Naylor 2B JJ Wetherholt 3B Kazuma Okamoto C Alejandro Kirk OF Sam Antonacci OF Dominic Canzone OF Weston Wilson P Zac Thornton P Noah Schultz SS Francisco Lindor,,,
2770,5205200455,rsumrall (13/20),0,50.35,1B Ryan Vilade 2B JJ Wetherholt 3B Junior Caminero C Nick Fortes OF Chandler Simpson OF Carson Benge OF Victor Mesa Jr. P Logan Gilbert P Connor Prielipp SS Francisco Lindor,,,
2770,5205335797,bacon15,0,50.35,1B Alec Burleson 2B Brett Baty 3B Yandy Diaz C Cal Raleigh OF Jordan Walker OF Carson Benge OF Dominic Canzone P Zac Thornton P Quinn Mathews SS Otto Lopez,,,
2770,5205454035,Juan1226 (12/20),0,50.35,1B Alec Burleson 2B Royce Lewis 3B Miguel Vargas C Victor Caratini OF Jordan Walker OF Trevor Larnach OF Nathan Church P Zac Thornton P Quinn Mathews SS Colson Montgomery,,,
2770,5205517307,bhess777 (12/20),0,50.35,1B Alec Burleson 2B JJ Wetherholt 3B Kazuma Okamoto C Edgar Quero OF Sam Antonacci OF Braden Montgomery OF Andrew Benintendi P Logan Gilbert P Connor Prielipp SS Colson Montgomery,,,
2775,5205062303,mattped23 (1/5),0,50.25,1B Yandy Diaz 2B Ernie Clement 3B Junior Caminero C Nick Fortes OF Jonny DeLuca OF Braden Montgomery OF Ryan Vilade P Zac Thornton P Kevin Gausman SS Colson Montgomery,,,
2775,5205286566,FoxyGrandpa252 (5/20),0,50.25,1B Munetaka Murakami 2B Marcus Semien 3B Bo Bichette C Edgar Quero OF Sam Antonacci OF A.J. Ewing OF Carson Benge P Zac Thornton P Kevin Gausman SS Francisco Lindor,,,
2777,5205513518,rockingrick (3/7),0,50,1B Yandy Diaz 2B Chase Meidroth 3B Junior Caminero C Jimmy Crooks OF Jonny DeLuca OF Braden Montgomery OF Ryan Vilade P Logan Gilbert P Quinn Mathews SS Colson Montgomery,,,
2778,5205233475,madballnj (20/20),0,49.95,1B Munetaka Murakami 2B Marcus Semien 3B Miguel Vargas C Edgar Quero OF Sam Antonacci OF A.J. Ewing OF Carson Benge P Kevin Gausman P Connor Prielipp SS Colson Montgomery,,,
2779,5205200458,rsumrall (16/20),0,49.9,1B Munetaka Murakami 2B Luis Urias 3B Miguel Vargas C Cal Raleigh OF Andrew Benintendi OF Tristan Peters OF Myles Straw P Logan Gilbert P Kevin Gausman SS Colson Montgomery,,,
2779,5205517311,bhess777 (16/20),0,49.9,1B Munetaka Murakami 2B Davis Schneider 3B Weston Wilson C Cal Raleigh OF Sam Antonacci OF Dominic Canzone OF Andrew Benintendi P Logan Gilbert P Kevin Gausman SS Colson Montgomery,,,
2781,5205123404,az350z (7/20),0,49.7,1B Munetaka Murakami 2B JJ Wetherholt 3B Blaze Jordan C Jimmy Crooks OF Jordan Walker OF Sam Antonacci OF Chandler Simpson P Zac Thornton P Connor Prielipp SS Masyn Winn,,,
2781,5205137619,Calmax,0,49.7,1B Jared Young 2B Kody Clemens 3B Bo Bichette C Ryan Jeffers OF A.J. Ewing OF Trevor Larnach OF Carson Benge P Zac Thornton P Connor Prielipp SS Francisco Lindor,,,
2781,5205170874,love245555 (15/20),0,49.7,1B Jared Young 2B JJ Wetherholt 3B Bo Bichette C Ryan Jeffers OF A.J. Ewing OF Trevor Larnach OF Carson Benge P Zac Thornton P Connor Prielipp SS Francisco Lindor,,,
2781,5205228673,Awalker3081 (14/20),0,49.7,1B Yandy Diaz 2B Ben Williamson 3B Junior Caminero C Nick Fortes OF George Springer OF Chandler Simpson OF Andrew Benintendi P Zac Thornton P Connor Prielipp SS Francisco Lindor,,,
2781,5205269635,okelly36 (1/4),0,49.7,1B Yandy Diaz 2B Marcus Semien 3B Junior Caminero C Alejandro Kirk OF A.J. Ewing OF Chandler Simpson OF Victor Mesa Jr. P Zac Thornton P Connor Prielipp SS Francisco Lindor,,,
2781,5205505202,KingTerryPegula (19/20),0,49.7,1B Alec Burleson 2B JJ Wetherholt 3B Kazuma Okamoto C Ivan Herrera OF Jordan Walker OF Lars Nootbaar OF Myles Straw P Zac Thornton P Connor Prielipp SS Ernie Clement,,,
2787,5205140497,sheed6 (8/20),0,49.65,1B Kyle Stowers 2B Xavier Edwards 3B Miguel Vargas C Edgar Quero OF Sam Antonacci OF Braden Montgomery OF Andrew Benintendi P Logan Gilbert P Zac Thornton SS Otto Lopez,,,
2787,5205467169,SaucyJack1001,0,49.65,1B Munetaka Murakami 2B Kody Clemens 3B Blaze Jordan C Jimmy Crooks OF Sam Antonacci OF A.J. Ewing OF Nathan Church P Logan Gilbert P Zac Thornton SS Ernie Clement,,,
2789,5205052000,foutah (1/8),0,49.5,1B Munetaka Murakami 2B JJ Wetherholt 3B Junior Caminero C Ryan Jeffers OF Kody Clemens OF Myles Straw OF Davis Schneider P Noah Schultz P Tyler Phillips SS Colson Montgomery,,,
2790,5205115795,whoadie50310 (2/2),0,49.35,1B Munetaka Murakami 2B Ben Williamson 3B Kazuma Okamoto C Nick Fortes OF Sam Antonacci OF Jonny DeLuca OF Andrew Benintendi P Logan Gilbert P Connor Prielipp SS Colson Montgomery,,,
2790,5205132395,KristianFTM (13/20),0,49.35,1B Munetaka Murakami 2B Luis Urias 3B Junior Caminero C Nick Fortes OF Sam Antonacci OF Chandler Simpson OF Victor Mesa Jr. P Logan Gilbert P Connor Prielipp SS Ben Williamson,,,
2790,5205283754,Dhadron (2/20),0,49.35,1B Yandy Diaz 2B Ben Williamson 3B Junior Caminero C Luis Torrens OF Chandler Simpson OF Carson Benge OF Victor Mesa Jr. P Logan Gilbert P Connor Prielipp SS Francisco Lindor,,,
2790,5205460000,coachcd13,0,49.35,1B Munetaka Murakami 2B Royce Lewis 3B Junior Caminero C Mitch Garver OF Carson Benge OF Victor Mesa Jr. OF Luke Keaschall P Zac Thornton P Quinn Mathews SS Francisco Lindor,,,
2794,5205267169,SFN03 (6/20),0,49.25,1B Alec Burleson 2B Brett Baty 3B Bo Bichette C Ryan Jeffers OF Carson Benge OF Dominic Canzone OF Nathan Church P Zac Thornton P Kevin Gausman SS Francisco Lindor,,,
2794,5205492050,mariobr1709 (3/20),0,49.25,1B Josh Naylor 2B Royce Lewis 3B Weston Wilson C Ryan Jeffers OF Kody Clemens OF Julio Rodriguez OF Austin Martin P Zac Thornton P Kevin Gausman SS Colt Emerson,,,
2794,5205506777,gokullect,0,49.25,1B Yandy Diaz 2B Marcus Semien 3B Junior Caminero C Nick Fortes OF A.J. Ewing OF Chandler Simpson OF Victor Mesa Jr. P Zac Thornton P Kevin Gausman SS Francisco Lindor,,,
2797,5205529392,texasnumbercruncher (17/20),0,49.05,1B Alec Burleson 2B JJ Wetherholt 3B Miguel Vargas C Jimmy Crooks OF Jordan Walker OF Sam Antonacci OF Lars Nootbaar P Quinn Mathews P Connor Prielipp SS Francisco Lindor,,,
2798,5205033012,AverageTuesday (5/20),0,48.9,1B Ryan Vilade 2B Ben Williamson 3B Miguel Vargas C Edgar Quero OF Sam Antonacci OF Chandler Simpson OF Braden Montgomery P Logan Gilbert P Kevin Gausman SS Colson Montgomery,,,
2799,5205228676,Awalker3081 (17/20),0,48.7,1B Yandy Diaz 2B Ben Williamson 3B Junior Caminero C Alejandro Kirk OF Jonny DeLuca OF Andrew Benintendi OF Ryan Vilade P Zac Thornton P Connor Prielipp SS Francisco Lindor,,,
2799,5205232974,madballnj (18/20),0,48.7,1B Alec Burleson 2B JJ Wetherholt 3B Kazuma Okamoto C Ivan Herrera OF Jordan Walker OF Lars Nootbaar OF Davis Schneider P Zac Thornton P Connor Prielipp SS Ernie Clement,,,
2799,5205529380,texasnumbercruncher (5/20),0,48.7,1B Alec Burleson 2B Luis Urias 3B Miguel Vargas C Ryan Jeffers OF Trevor Larnach OF Andrew Benintendi OF Nathan Church P Zac Thornton P Connor Prielipp SS Colson Montgomery,,,
2802,5205052007,foutah (8/8),0,48.65,1B Josh Naylor 2B Ernie Clement 3B Brett Baty C Mitch Garver OF Jordan Walker OF Braden Montgomery OF Andrew Benintendi P Logan Gilbert P Zac Thornton SS Colson Montgomery,,,
2802,5205283772,Dhadron (20/20),0,48.65,1B Munetaka Murakami 2B Ben Williamson 3B Bo Bichette C Luis Torrens OF A.J. Ewing OF Carson Benge OF Tyrone Taylor P Logan Gilbert P Zac Thornton SS Taylor Walls,,,
2802,5205286578,FoxyGrandpa252 (17/20),0,48.65,1B Jared Young 2B Cole Young 3B Bo Bichette C Luis Torrens OF Sam Antonacci OF A.J. Ewing OF Dominic Canzone P Logan Gilbert P Zac Thornton SS Francisco Lindor,,,
2802,5205527979,PEANUT1FFQ,0,48.65,1B Ryan Vilade 2B Cole Young 3B Kazuma Okamoto C Cal Raleigh OF Kody Clemens OF Carson Benge OF Andrew Benintendi P Logan Gilbert P Zac Thornton SS Otto Lopez,,,
2806,5205284858,Twinz1987 (9/20),0,48.5,1B Yandy Diaz 2B Kody Clemens 3B Junior Caminero C Ivan Herrera OF Jonny DeLuca OF Victor Mesa Jr. OF Ryan Vilade P Quinn Mathews P Tyler Phillips SS Colson Montgomery,,,
2806,5205454036,Juan1226 (13/20),0,48.5,1B Munetaka Murakami 2B Royce Lewis 3B Miguel Vargas C Ryan Jeffers OF Sam Antonacci OF Braden Montgomery OF Andrew Benintendi P Quinn Mathews P Tyler Phillips SS Otto Lopez,,,
2808,5205012482,mmaffia5 (10/10),0,48.35,1B Munetaka Murakami 2B Marcus Semien 3B Brett Baty C Luis Torrens OF Jordan Walker OF Sam Antonacci OF Carson Benge P Logan Gilbert P Connor Prielipp SS Colson Montgomery,,,
2808,5205285037,mrclean913 (12/20),0,48.35,1B Munetaka Murakami 2B Luis Urias 3B Miguel Vargas C Edgar Quero OF Sam Antonacci OF Chandler Simpson OF Victor Mesa Jr. P Logan Gilbert P Connor Prielipp SS Colson Montgomery,,,
2808,5205466792,bassguy39 (7/8),0,48.35,1B Munetaka Murakami 2B Luis Urias 3B Miguel Vargas C Edgar Quero OF Sam Antonacci OF Chandler Simpson OF Victor Mesa Jr. P Logan Gilbert P Connor Prielipp SS Colson Montgomery,,,
2811,5204986404,DcSports89 (4/5),0,48.05,1B Yandy Diaz 2B JJ Wetherholt 3B Junior Caminero C Ivan Herrera OF Jordan Walker OF Lars Nootbaar OF Nathan Church P Quinn Mathews P Connor Prielipp SS Taylor Walls,,,
2811,5205241381,KILLANADZ24,0,48.05,1B Munetaka Murakami 2B Luis Urias 3B Miguel Vargas C Ivan Herrera OF Jordan Walker OF Sam Antonacci OF Andrew Benintendi P Quinn Mathews P Connor Prielipp SS Francisco Lindor,,,
2811,5205251636,Jaymars17,0,48.05,1B Jared Young 2B Richie Palacios 3B Junior Caminero C Ryan Jeffers OF Jordan Walker OF Julio Rodriguez OF Carson Benge P Quinn Mathews P Connor Prielipp SS Francisco Lindor,,,
2811,5205455730,Hey...HereWeGo1 (2/20),0,48.05,1B Jared Young 2B JJ Wetherholt 3B Junior Caminero C Ivan Herrera OF Jordan Walker OF A.J. Ewing OF Nathan Church P Quinn Mathews P Connor Prielipp SS Francisco Lindor,,,
2811,5205459520,ralphgonzo10 (1/5),0,48.05,1B Jared Young 2B JJ Wetherholt 3B Junior Caminero C Francisco Alvarez OF Jordan Walker OF Jonny DeLuca OF A.J. Ewing P Quinn Mathews P Connor Prielipp SS Francisco Lindor,,,
2816,5204859676,niquisition (1/20),0,48,1B Josh Naylor 2B Chase Meidroth 3B Miguel Vargas C Cal Raleigh OF Julio Rodriguez OF Braden Montgomery OF Tristan Peters P Logan Gilbert P Quinn Mathews SS Colson Montgomery,,,
2816,5204859680,niquisition (5/20),0,48,1B Munetaka Murakami 2B Cole Young 3B Miguel Vargas C Edgar Quero OF Lars Nootbaar OF Andrew Benintendi OF Ryan Vilade P Logan Gilbert P Quinn Mathews SS Colson Montgomery,,,
2818,5204788742,ivymoose (4/20),0,47.9,1B Munetaka Murakami 2B Luis Urias 3B Miguel Vargas C Cal Raleigh OF Braden Montgomery OF Andrew Benintendi OF Weston Wilson P Logan Gilbert P Kevin Gausman SS Colson Montgomery,,,
2818,5205140509,sheed6 (20/20),0,47.9,1B Munetaka Murakami 2B Ben Williamson 3B Miguel Vargas C Nick Fortes OF Sam Antonacci OF Braden Montgomery OF Andrew Benintendi P Logan Gilbert P Kevin Gausman SS Taylor Walls,,,
2820,5205228670,Awalker3081 (11/20),0,47.7,1B Munetaka Murakami 2B Luis Urias 3B Junior Caminero C Nick Fortes OF Jonny DeLuca OF Chandler Simpson OF Victor Mesa Jr. P Zac Thornton P Connor Prielipp SS Francisco Lindor,,,
2820,5205228675,Awalker3081 (16/20),0,47.7,1B Yandy Diaz 2B Royce Lewis 3B Junior Caminero C Nick Fortes OF Jonny DeLuca OF Victor Mesa Jr. OF Andrew Benintendi P Zac Thornton P Connor Prielipp SS Francisco Lindor,,,
2822,5205356511,lklk88088 (16/20),0,47.65,1B Munetaka Murakami 2B Cole Young 3B Weston Wilson C Cal Raleigh OF Sam Antonacci OF A.J. Ewing OF Dominic Canzone P Logan Gilbert P Zac Thornton SS Colt Emerson,,,
2823,5205152528,kafedaiv (9/20),0,47.35,1B Yandy Diaz 2B Cole Young 3B Miguel Vargas C Cal Raleigh OF Julio Rodriguez OF Dominic Canzone OF Victor Mesa Jr. P Zac Thornton P Quinn Mathews SS Francisco Lindor,,,
2823,5205291762,MordorCityMauler,0,47.35,1B Yandy Diaz 2B Royce Lewis 3B Kazuma Okamoto C Ryan Jeffers OF George Springer OF Carson Benge OF Ryan Vilade P Zac Thornton P Quinn Mathews SS Francisco Lindor,,,
2823,5205504052,sportsfan14 (14/20),0,47.35,1B Munetaka Murakami 2B Ben Williamson 3B Miguel Vargas C Nick Fortes OF Jonny DeLuca OF Victor Mesa Jr. OF Ryan Vilade P Logan Gilbert P Connor Prielipp SS Colson Montgomery,,,
2823,5205529914,heromark,0,47.35,1B Yandy Diaz 2B Marcus Semien 3B Junior Caminero C Nick Fortes OF Jonny DeLuca OF Carson Benge OF Andrew Benintendi P Zac Thornton P Quinn Mathews SS Francisco Lindor,,,
2827,5205062304,mattped23 (2/5),0,47.25,1B Munetaka Murakami 2B Luis Urias 3B Miguel Vargas C Nick Fortes OF Sam Antonacci OF Jonny DeLuca OF Braden Montgomery P Zac Thornton P Kevin Gausman SS Colson Montgomery,,,
2827,5205143488,cw1tt (4/20),0,47.25,1B Munetaka Murakami 2B Marcus Semien 3B Miguel Vargas C Edgar Quero OF Sam Antonacci OF A.J. Ewing OF Carson Benge P Zac Thornton P Kevin Gausman SS Francisco Lindor,,,
2827,5205389310,Chadg20 (9/20),0,47.25,1B Munetaka Murakami 2B Marcus Semien 3B Yandy Diaz C Luis Torrens OF Sam Antonacci OF A.J. Ewing OF Carson Benge P Zac Thornton P Kevin Gausman SS Francisco Lindor,,,
2830,5205505967,jsan04,0,47.1,1B Munetaka Murakami 2B Royce Lewis 3B Brooks Lee C Ivan Herrera OF Jordan Walker OF Kody Clemens OF Sam Antonacci P Quinn Mathews P Jordan Hicks SS Colson Montgomery,,,
2831,5205153012,Getman,0,47.05,1B Jared Young 2B Marcus Semien 3B Junior Caminero C Ryan Jeffers OF Jordan Walker OF A.J. Ewing OF Carson Benge P Quinn Mathews P Connor Prielipp SS Francisco Lindor,,,
2831,5205180509,leighton32 (5/5),0,47.05,1B Alec Burleson 2B JJ Wetherholt 3B Junior Caminero C Ivan Herrera OF Jordan Walker OF Lars Nootbaar OF Tristan Peters P Quinn Mathews P Connor Prielipp SS Ben Williamson,,,
2831,5205189370,sikwitit317,0,47.05,1B Yandy Diaz 2B Royce Lewis 3B Junior Caminero C Ryan Jeffers OF Chandler Simpson OF Carson Benge OF Ryan Vilade P Quinn Mathews P Connor Prielipp SS Francisco Lindor,,,
2834,5205524510,baggerlind,0,47,1B Jared Young 2B Xavier Edwards 3B Junior Caminero C Cal Raleigh OF A.J. Ewing OF Carson Benge OF Andrew Benintendi P Logan Gilbert P Quinn Mathews SS Otto Lopez,,,
2835,5205044679,jetsfan8183,0,46.7,1B Munetaka Murakami 2B Ernie Clement 3B Kazuma Okamoto C Alejandro Kirk OF Sam Antonacci OF A.J. Ewing OF Carson Benge P Zac Thornton P Connor Prielipp SS Francisco Lindor,,,
2835,5205228678,Awalker3081 (19/20),0,46.7,1B Yandy Diaz 2B Luis Urias 3B Junior Caminero C Ivan Herrera OF Jonny DeLuca OF Chandler Simpson OF Ryan Vilade P Zac Thornton P Connor Prielipp SS Colson Montgomery,,,
2837,5205283771,Dhadron (19/20),0,46.65,1B Munetaka Murakami 2B Marcus Semien 3B Yandy Diaz C Nick Fortes OF Chandler Simpson OF Dominic Canzone OF Victor Mesa Jr. P Logan Gilbert P Zac Thornton SS Taylor Walls,,,
2837,5205476874,jaakko (1/3),0,46.65,1B Munetaka Murakami 2B Chase Meidroth 3B Blaze Jordan C Edgar Quero OF Jordan Walker OF Andrew Benintendi OF Nathan Church P Logan Gilbert P Zac Thornton SS Colson Montgomery,,,
2839,5205033025,AverageTuesday (18/20),0,46.35,1B Yandy Diaz 2B Ben Williamson 3B Miguel Vargas C Nick Fortes OF Chandler Simpson OF Victor Mesa Jr. OF Lars Nootbaar P Logan Gilbert P Connor Prielipp SS Colson Montgomery,,,
2839,5205226012,Navare1212 (6/13),0,46.35,1B Munetaka Murakami 2B Cole Young 3B Miguel Vargas C Victor Caratini OF Sam Antonacci OF A.J. Ewing OF Tyrone Taylor P Zac Thornton P Quinn Mathews SS Colson Montgomery,,,
2839,5205277837,dreday17,0,46.35,1B Josh Naylor 2B Chase Meidroth 3B Brooks Lee C Victor Caratini OF Jordan Walker OF Kody Clemens OF Sam Antonacci P Zac Thornton P Quinn Mathews SS Francisco Lindor,,,
2839,5205434946,stevenhenry43211 (7/14),0,46.35,1B Alec Burleson 2B JJ Wetherholt 3B Kazuma Okamoto C Alejandro Kirk OF Jordan Walker OF Andrew Benintendi OF Nathan Church P Zac Thornton P Quinn Mathews SS Francisco Lindor,,,
2843,5205353954,Wineternal (2/2),0,46.25,1B Munetaka Murakami 2B Luis Urias 3B Kazuma Okamoto C Alejandro Kirk OF Sam Antonacci OF A.J. Ewing OF Carson Benge P Zac Thornton P Kevin Gausman SS Colson Montgomery,,,
2844,5205142770,Johnnypay,0,46.15,1B Jonathan Aranda 2B Royce Lewis 3B Kazuma Okamoto C Cal Raleigh OF Jordan Walker OF Kody Clemens OF Julio Rodriguez P Zac Thornton P Tyler Phillips SS Francisco Lindor,,,
2845,5205455729,Hey...HereWeGo1 (1/20),0,46.05,1B Jared Young 2B JJ Wetherholt 3B Miguel Vargas C Ivan Herrera OF Jordan Walker OF A.J. Ewing OF Carson Benge P Quinn Mathews P Connor Prielipp SS Francisco Lindor,,,
2846,5205140494,sheed6 (5/20),0,45.9,1B Munetaka Murakami 2B Ben Williamson 3B Miguel Vargas C Edgar Quero OF Sam Antonacci OF Victor Mesa Jr. OF Andrew Benintendi P Logan Gilbert P Kevin Gausman SS Taylor Walls,,,
2846,5205140501,sheed6 (12/20),0,45.9,1B Munetaka Murakami 2B Ben Williamson 3B Miguel Vargas C Nick Fortes OF Chandler Simpson OF Victor Mesa Jr. OF Andrew Benintendi P Logan Gilbert P Kevin Gausman SS Taylor Walls,,,
2846,5205140504,sheed6 (15/20),0,45.9,1B Munetaka Murakami 2B Marcus Semien 3B Miguel Vargas C Luis Torrens OF Carson Benge OF Andrew Benintendi OF Tristan Peters P Logan Gilbert P Kevin Gausman SS Colson Montgomery,,,
2849,5205283760,Dhadron (8/20),0,45.7,1B Yandy Diaz 2B Marcus Semien 3B Junior Caminero C Luis Torrens OF Jonny DeLuca OF Chandler Simpson OF Victor Mesa Jr. P Zac Thornton P Connor Prielipp SS Francisco Lindor,,,
2850,5205367237,shagdog,0,45.65,1B Ryan Vilade 2B Xavier Edwards 3B Bo Bichette C Cal Raleigh OF Julio Rodriguez OF Chandler Simpson OF Carson Benge P Logan Gilbert P Zac Thornton SS Ernie Clement,,,
2850,5205419055,Oxyfide,0,45.65,1B Yandy Diaz 2B Marcus Semien 3B Junior Caminero C Luis Torrens OF Chandler Simpson OF Carson Benge OF Weston Wilson P Logan Gilbert P Zac Thornton SS Francisco Lindor,,,
2852,5204944104,Sammy.Boy (13/20),0,45.35,1B Munetaka Murakami 2B Marcus Semien 3B Miguel Vargas C Luis Torrens OF Sam Antonacci OF Andrew Benintendi OF Tristan Peters P Logan Gilbert P Connor Prielipp SS Francisco Lindor,,,
2852,5205221096,Navare1212 (4/13),0,45.35,1B Alec Burleson 2B JJ Wetherholt 3B Brett Baty C Ivan Herrera OF Jordan Walker OF A.J. Ewing OF Nathan Church P Zac Thornton P Quinn Mathews SS Francisco Lindor,,,
2852,5205365507,matt7777s,0,45.35,1B Alec Burleson 2B JJ Wetherholt 3B Brett Baty C Ivan Herrera OF Jordan Walker OF Carson Benge OF Lars Nootbaar P Zac Thornton P Quinn Mathews SS Francisco Lindor,,,
2852,5205380697,chupachabra,0,45.35,1B Alec Burleson 2B Marcus Semien 3B Junior Caminero C Cal Raleigh OF Julio Rodriguez OF A.J. Ewing OF Luis Robert Jr. P Zac Thornton P Quinn Mathews SS Francisco Lindor,,,
2852,5205538990,tybit1,0,45.35,1B Alec Burleson 2B JJ Wetherholt 3B Junior Caminero C Jimmy Crooks OF A.J. Ewing OF Carson Benge OF Lars Nootbaar P Zac Thornton P Quinn Mathews SS Otto Lopez,,,
2852,5205539158,ladyfingers (2/2),0,45.35,1B Kyle Stowers 2B Ben Williamson 3B Bo Bichette C Ryan Jeffers OF Jordan Walker OF Carson Benge OF Heriberto Hernandez P Zac Thornton P Quinn Mathews SS Francisco Lindor,,,
2858,5205140502,sheed6 (13/20),0,45.05,1B Munetaka Murakami 2B Xavier Edwards 3B Miguel Vargas C Liam Hicks OF Sam Antonacci OF Heriberto Hernandez OF Andrew Benintendi P Quinn Mathews P Connor Prielipp SS Colson Montgomery,,,
2859,5205140498,sheed6 (9/20),0,45,1B Munetaka Murakami 2B Marcus Semien 3B Miguel Vargas C Luis Torrens OF Sam Antonacci OF Braden Montgomery OF Andrew Benintendi P Logan Gilbert P Quinn Mathews SS Francisco Lindor,,,
2859,5205267168,SFN03 (5/20),0,45,1B Jared Young 2B Marcus Semien 3B Kazuma Okamoto C Cal Raleigh OF Jordan Walker OF A.J. Ewing OF Carson Benge P Logan Gilbert P Quinn Mathews SS Colson Montgomery,,,
2859,5205393718,ehaugen (2/4),0,45,1B Ryan Vilade 2B Chase Meidroth 3B Junior Caminero C Alejandro Kirk OF Chandler Simpson OF Victor Mesa Jr. OF Braden Montgomery P Logan Gilbert P Quinn Mathews SS Colson Montgomery,,,
2859,5205419263,ggone400 (2/3),0,45,1B Jared Young 2B JJ Wetherholt 3B Junior Caminero C Agustin Ramirez OF A.J. Ewing OF Carson Benge OF Nathan Church P Logan Gilbert P Quinn Mathews SS Francisco Lindor,,,
2859,5205492053,mariobr1709 (6/20),0,45,1B Munetaka Murakami 2B Chase Meidroth 3B Miguel Vargas C Luis Torrens OF A.J. Ewing OF Carson Benge OF Braden Montgomery P Logan Gilbert P Noah Schultz SS Colson Montgomery,,,
2859,5205534996,FunkyKong (11/12),0,45,1B Alec Burleson 2B JJ Wetherholt 3B Bo Bichette C Luis Torrens OF A.J. Ewing OF Carson Benge OF Victor Mesa Jr. P Logan Gilbert P Quinn Mathews SS Colson Montgomery,,,
2865,5204947476,csurunnerccr (15/20),0,44.95,1B Yandy Diaz 2B Brett Baty 3B Junior Caminero C Ryan Jeffers OF A.J. Ewing OF Chandler Simpson OF Victor Mesa Jr. P Kevin Gausman P Connor Prielipp SS Ben Williamson,,,
2866,5205216699,tbone633,0,44.7,1B Kyle Stowers 2B Royce Lewis 3B Kazuma Okamoto C Cal Raleigh OF Jordan Walker OF Kody Clemens OF Carson Benge P Zac Thornton P Connor Prielipp SS Francisco Lindor,,,
2866,5205458298,tshonts3 (4/5),0,44.7,1B Jared Young 2B Marcus Semien 3B Junior Caminero C Ryan Jeffers OF Julio Rodriguez OF A.J. Ewing OF Carson Benge P Zac Thornton P Connor Prielipp SS Francisco Lindor,,,
2868,5205470982,RelentlessD85 (11/20),0,44.65,1B Jared Young 2B Marcus Semien 3B Miguel Vargas C Cal Raleigh OF George Springer OF Carson Benge OF Tristan Peters P Logan Gilbert P Zac Thornton SS Colson Montgomery,,,
2869,5205025419,tbjones2121 (11/20),0,44.35,1B Munetaka Murakami 2B Marcus Semien 3B Miguel Vargas C Nick Fortes OF Sam Antonacci OF Victor Mesa Jr. OF Ryan Vilade P Logan Gilbert P Connor Prielipp SS Colson Montgomery,,,
2869,5205530429,Dhueb,0,44.35,1B Royce Lewis 2B Kody Clemens 3B Bo Bichette C Cal Raleigh OF Julio Rodriguez OF Jonny DeLuca OF Carson Benge P Zac Thornton P Quinn Mathews SS Colson Montgomery,,,
2871,5205540440,bellsofwar3 (12/14),0,44.25,1B Munetaka Murakami 2B Royce Lewis 3B Bo Bichette C Luis Torrens OF Sam Antonacci OF A.J. Ewing OF Carson Benge P Zac Thornton P Kevin Gausman SS Francisco Lindor,,,
2872,5205251828,mistertachyon,0,44.05,1B Munetaka Murakami 2B Xavier Edwards 3B Miguel Vargas C Cal Raleigh OF Sam Antonacci OF Heriberto Hernandez OF Andrew Benintendi P Quinn Mathews P Connor Prielipp SS Otto Lopez,,,
2872,5205299241,nineman,0,44.05,1B Munetaka Murakami 2B Xavier Edwards 3B Bo Bichette C Victor Caratini OF Jordan Walker OF Sam Antonacci OF A.J. Ewing P Quinn Mathews P Connor Prielipp SS Francisco Lindor,,,
2874,5205389315,Chadg20 (14/20),0,43.95,1B Munetaka Murakami 2B Xavier Edwards 3B Junior Caminero C Edgar Quero OF Sam Antonacci OF Chandler Simpson OF Andrew Benintendi P Kevin Gausman P Connor Prielipp SS Colson Montgomery,,,
2874,5205408494,BuckeyeCity (1/20),0,43.95,1B Munetaka Murakami 2B Kody Clemens 3B Miguel Vargas C Edgar Quero OF Sam Antonacci OF Chandler Simpson OF Ryan Vilade P Kevin Gausman P Connor Prielipp SS Colson Montgomery,,,
2876,5205228679,Awalker3081 (20/20),0,43.7,1B Yandy Diaz 2B Ben Williamson 3B Junior Caminero C Nick Fortes OF George Springer OF Carson Benge OF Victor Mesa Jr. P Zac Thornton P Connor Prielipp SS Colson Montgomery,,,
2877,5205152536,kafedaiv (17/20),0,43.5,1B Yandy Diaz 2B Xavier Edwards 3B Junior Caminero C Ryan Jeffers OF Kody Clemens OF Chandler Simpson OF Braden Montgomery P Quinn Mathews P Tyler Phillips SS Ryan Kreidler,,,
2878,5205492051,mariobr1709 (4/20),0,43.4,1B Munetaka Murakami 2B Ben Williamson 3B Miguel Vargas C Nick Fortes OF Sam Antonacci OF Chandler Simpson OF Victor Mesa Jr. P Kevin Gausman P Tyler Phillips SS Colson Montgomery,,,
2879,5205462447,kcroyalfan (20/20),0,43.35,1B Munetaka Murakami 2B Cole Young 3B Junior Caminero C Mitch Garver OF A.J. Ewing OF Carson Benge OF Andrew Benintendi P Zac Thornton P Quinn Mathews SS Francisco Lindor,,,
2879,5205470988,RelentlessD85 (17/20),0,43.35,1B Alec Burleson 2B JJ Wetherholt 3B Bo Bichette C Mitch Garver OF Kody Clemens OF Sam Antonacci OF Carson Benge P Zac Thornton P Noah Schultz SS Colson Montgomery,,,
2879,5205539110,ladyfingers (1/2),0,43.35,1B Kyle Stowers 2B JJ Wetherholt 3B Bo Bichette C Ivan Herrera OF Jordan Walker OF Carson Benge OF Andrew Benintendi P Zac Thornton P Quinn Mathews SS Ernie Clement,,,
2882,5204947468,csurunnerccr (7/20),0,43,1B Yandy Diaz 2B Chase Meidroth 3B Junior Caminero C Edgar Quero OF Chandler Simpson OF Victor Mesa Jr. OF Tristan Peters P Logan Gilbert P Quinn Mathews SS Colson Montgomery,,,
2883,5205364087,zandwich (14/20),0,42.7,1B Yandy Diaz 2B Luis Urias 3B Junior Caminero C Ivan Herrera OF Jordan Walker OF Chandler Simpson OF Victor Mesa Jr. P Zac Thornton P Connor Prielipp SS Taylor Walls,,,
2883,5205535917,liberatemelord1 (2/2),0,42.7,1B Munetaka Murakami 2B Kody Clemens 3B Kazuma Okamoto C Nick Fortes OF Sam Antonacci OF A.J. Ewing OF Carson Benge P Zac Thornton P Connor Prielipp SS Otto Lopez,,,
2885,5205112682,Molly2019 (2/2),0,42.35,1B Ryan Vilade 2B JJ Wetherholt 3B Bo Bichette C Ryan Jeffers OF Kody Clemens OF A.J. Ewing OF Weston Wilson P Logan Gilbert P Connor Prielipp SS Ben Williamson,,,
2885,5205142049,BOOKMAHON,0,42.35,1B Munetaka Murakami 2B Ernie Clement 3B Miguel Vargas C Nick Fortes OF Andrew Benintendi OF Ryan Vilade OF Tristan Peters P Logan Gilbert P Connor Prielipp SS Colson Montgomery,,,
2885,5205454042,Juan1226 (19/20),0,42.35,1B Munetaka Murakami 2B JJ Wetherholt 3B Blaze Jordan C Ivan Herrera OF Jordan Walker OF Carson Benge OF Lars Nootbaar P Zac Thornton P Quinn Mathews SS Ben Williamson,,,
2888,5205248631,hbcards (1/2),0,42,1B Munetaka Murakami 2B Xavier Edwards 3B Miguel Vargas C Jimmy Crooks OF Heriberto Hernandez OF Braden Montgomery OF Tristan Peters P Logan Gilbert P Quinn Mathews SS Colson Montgomery,,,
2889,5205432829,smk5430 (6/20),0,41.7,1B Munetaka Murakami 2B Marcus Semien 3B Miguel Vargas C Edgar Quero OF Sam Antonacci OF A.J. Ewing OF Carson Benge P Zac Thornton P Connor Prielipp SS Francisco Lindor,,,
2889,5205529389,texasnumbercruncher (14/20),0,41.7,1B Yandy Diaz 2B Kody Clemens 3B Junior Caminero C Victor Caratini OF Jonny DeLuca OF Chandler Simpson OF Victor Mesa Jr. P Zac Thornton P Connor Prielipp SS Ryan Kreidler,,,
2891,5205300784,exjarhead (1/2),0,41.65,1B Munetaka Murakami 2B Chase Meidroth 3B Miguel Vargas C Francisco Alvarez OF Ryan Vilade OF Tyrone Taylor OF Rob Refsnyder P Logan Gilbert P Zac Thornton SS Colson Montgomery,,,
2891,5205319879,bcardwell79 (8/9),0,41.65,1B Jared Young 2B Marcus Semien 3B Kazuma Okamoto C Cal Raleigh OF Sam Antonacci OF A.J. Ewing OF Chandler Simpson P Logan Gilbert P Zac Thornton SS Francisco Lindor,,,
2893,5205053304,futball09,0,41.35,1B Alec Burleson 2B Chase Meidroth 3B Bo Bichette C Jimmy Crooks OF Jordan Walker OF Sam Antonacci OF A.J. Ewing P Zac Thornton P Quinn Mathews SS Francisco Lindor,,,
2893,5205110988,Chevy1217,0,41.35,1B Kyle Stowers 2B Cole Young 3B Kazuma Okamoto C Ryan Jeffers OF Kody Clemens OF Carson Benge OF Andrew Benintendi P Zac Thornton P Quinn Mathews SS Francisco Lindor,,,
2893,5205356513,lklk88088 (18/20),0,41.35,1B Alec Burleson 2B JJ Wetherholt 3B Bo Bichette C Luis Torrens OF Jordan Walker OF A.J. Ewing OF Carson Benge P Zac Thornton P Quinn Mathews SS Francisco Lindor,,,
2893,5205539940,vblack,0,41.35,1B Yandy Diaz 2B Marcus Semien 3B Junior Caminero C Ivan Herrera OF Sam Antonacci OF Carson Benge OF Weston Wilson P Zac Thornton P Quinn Mathews SS Francisco Lindor,,,
2897,5205393553,ehaugen (1/4),0,41.25,1B Yandy Diaz 2B JJ Wetherholt 3B Miguel Vargas C Edgar Quero OF Sam Antonacci OF Andrew Benintendi OF Tristan Peters P Zac Thornton P Kevin Gausman SS Francisco Lindor,,,
2898,5205120391,HankOverton645,0,41.05,1B Munetaka Murakami 2B Chase Meidroth 3B Junior Caminero C Nick Fortes OF Sam Antonacci OF Jonny DeLuca OF Andrew Benintendi P Quinn Mathews P Connor Prielipp SS Colson Montgomery,,,
2898,5205257175,bizzyG,0,41.05,1B Munetaka Murakami 2B Royce Lewis 3B Junior Caminero C Ryan Jeffers OF Carson Benge OF Andrew Benintendi OF Ryan Vilade P Quinn Mathews P Connor Prielipp SS Francisco Lindor,,,
2898,5205291409,meyers2305 (10/20),0,41.05,1B Munetaka Murakami 2B JJ Wetherholt 3B Miguel Vargas C Edgar Quero OF Sam Antonacci OF A.J. Ewing OF Andrew Benintendi P Quinn Mathews P Connor Prielipp SS Francisco Lindor,,,
2898,5205360451,mgionest,0,41.05,1B Munetaka Murakami 2B JJ Wetherholt 3B Miguel Vargas C Ivan Herrera OF Sam Antonacci OF Nathan Church OF Myles Straw P Quinn Mathews P Connor Prielipp SS Colson Montgomery,,,
2898,5205504055,sportsfan14 (17/20),0,41.05,1B Alec Burleson 2B JJ Wetherholt 3B Miguel Vargas C Jimmy Crooks OF Jordan Walker OF Andrew Benintendi OF Nathan Church P Quinn Mathews P Connor Prielipp SS Colson Montgomery,,,
2903,5204859687,niquisition (12/20),0,40.95,1B Royce Lewis 2B Chase Meidroth 3B Miguel Vargas C Ryan Jeffers OF Kody Clemens OF Braden Montgomery OF Tristan Peters P Kevin Gausman P Connor Prielipp SS Colson Montgomery,,,
2904,5205135879,Miracle52,0,40.7,1B Royce Lewis 2B Kody Clemens 3B Brooks Lee C Victor Caratini OF Jordan Walker OF Sam Antonacci OF Luis Robert Jr. P Zac Thornton P Connor Prielipp SS Colson Montgomery,,,
2904,5205228672,Awalker3081 (13/20),0,40.7,1B Yandy Diaz 2B Luis Urias 3B Junior Caminero C Nick Fortes OF Chandler Simpson OF Victor Mesa Jr. OF Andrew Benintendi P Zac Thornton P Connor Prielipp SS Francisco Lindor,,,
2904,5205228677,Awalker3081 (18/20),0,40.7,1B Yandy Diaz 2B Ben Williamson 3B Junior Caminero C Alejandro Kirk OF Chandler Simpson OF Victor Mesa Jr. OF Daulton Varsho P Zac Thornton P Connor Prielipp SS Colson Montgomery,,,
2904,5205389320,Chadg20 (19/20),0,40.7,1B Jared Young 2B Brett Baty 3B Junior Caminero C Ivan Herrera OF Jordan Walker OF A.J. Ewing OF Carson Benge P Zac Thornton P Connor Prielipp SS Francisco Lindor,,,
2904,5205498823,laken04,0,40.7,1B Munetaka Murakami 2B Cole Young 3B Miguel Vargas C Jimmy Crooks OF Sam Antonacci OF Julio Rodriguez OF Victor Mesa Jr. P Zac Thornton P Connor Prielipp SS Colson Montgomery,,,
2909,5205347375,chrispy2005 (13/20),0,40.65,1B Jared Young 2B Brett Baty 3B Miguel Vargas C Cal Raleigh OF Carson Benge OF Dominic Canzone OF Daulton Varsho P Logan Gilbert P Zac Thornton SS Francisco Lindor,,,
2910,5205200084,REDNECKDUCK,0,40.35,1B Munetaka Murakami 2B JJ Wetherholt 3B Brett Baty C Nick Fortes OF Sam Antonacci OF Julio Rodriguez OF Chandler Simpson P Zac Thornton P Quinn Mathews SS Francisco Lindor,,,
2910,5205462440,kcroyalfan (13/20),0,40.35,1B Munetaka Murakami 2B Brett Baty 3B Miguel Vargas C Mitch Garver OF Sam Antonacci OF Andrew Benintendi OF Ryan Vilade P Logan Gilbert P Connor Prielipp SS Colson Montgomery,,,
2912,5205474102,cachedinar (3/20),0,39.95,1B Jared Young 2B Xavier Edwards 3B Junior Caminero C Ryan Jeffers OF Kody Clemens OF Daulton Varsho OF Ryan Vilade P Kevin Gausman P Connor Prielipp SS Colson Montgomery,,,
2913,5205012839,SayHeyKid1230 (9/20),0,39.65,1B Munetaka Murakami 2B JJ Wetherholt 3B Weston Wilson C Alejandro Kirk OF Carson Benge OF Victor Mesa Jr. OF Tristan Peters P Logan Gilbert P Zac Thornton SS Ben Williamson,,,
2913,5205462258,deadend110 (1/4),0,39.65,1B Munetaka Murakami 2B Marcus Semien 3B Kazuma Okamoto C Cal Raleigh OF Braden Montgomery OF Andrew Benintendi OF Ryan Vilade P Logan Gilbert P Zac Thornton SS Francisco Lindor,,,
2913,5205462363,deadend110 (3/4),0,39.65,1B Munetaka Murakami 2B Marcus Semien 3B Kazuma Okamoto C Cal Raleigh OF Braden Montgomery OF Andrew Benintendi OF Ryan Vilade P Logan Gilbert P Zac Thornton SS Francisco Lindor,,,
2916,5204955769,chelseafinest (2/2),0,39.35,1B Alec Burleson 2B JJ Wetherholt 3B Yandy Diaz C Ivan Herrera OF Jordan Walker OF Andrew Benintendi OF Tristan Peters P Zac Thornton P Quinn Mathews SS Taylor Walls,,,
2916,5205492061,mariobr1709 (14/20),0,39.35,1B Alec Burleson 2B JJ Wetherholt 3B Junior Caminero C Ivan Herrera OF Jonny DeLuca OF Andrew Benintendi OF Ryan Vilade P Zac Thornton P Quinn Mathews SS Ben Williamson,,,
2918,5205415465,BuckeyeCity (11/20),0,39.25,1B Jared Young 2B Kody Clemens 3B Bo Bichette C Ryan Jeffers OF A.J. Ewing OF Carson Benge OF Victor Mesa Jr. P Zac Thornton P Kevin Gausman SS Francisco Lindor,,,
2918,5205470985,RelentlessD85 (14/20),0,39.25,1B Victor Caratini 2B Kody Clemens 3B Junior Caminero C Cal Raleigh OF A.J. Ewing OF Braden Montgomery OF Andrew Benintendi P Zac Thornton P Kevin Gausman SS Francisco Lindor,,,
2920,5205089575,SeanDre (19/20),0,39.05,1B Munetaka Murakami 2B JJ Wetherholt 3B Miguel Vargas C Edgar Quero OF Jordan Walker OF Lars Nootbaar OF Tristan Peters P Quinn Mathews P Connor Prielipp SS Colson Montgomery,,,
2921,5205515150,dfwtsx08 (8/10),0,38.95,1B Munetaka Murakami 2B Chase Meidroth 3B Miguel Vargas C Nick Fortes OF Chandler Simpson OF Victor Mesa Jr. OF Andrew Benintendi P Kevin Gausman P Connor Prielipp SS Colson Montgomery,,,
2922,5205003656,ParlayKinng,0,38.35,1B Yandy Diaz 2B Marcus Semien 3B Junior Caminero C Luis Torrens OF A.J. Ewing OF Chandler Simpson OF Carson Benge P Zac Thornton P Quinn Mathews SS Francisco Lindor,,,
2923,5205258418,pthorpe25 (6/7),0,38.05,1B Munetaka Murakami 2B Royce Lewis 3B Miguel Vargas C Ryan Jeffers OF Sam Antonacci OF Braden Montgomery OF Tristan Peters P Quinn Mathews P Connor Prielipp SS Ryan Kreidler,,,
2923,5205264708,alanaghan,0,38.05,1B Munetaka Murakami 2B Xavier Edwards 3B Miguel Vargas C Ivan Herrera OF Sam Antonacci OF Heriberto Hernandez OF Andrew Benintendi P Quinn Mathews P Connor Prielipp SS Colson Montgomery,,,
2925,5204947464,csurunnerccr (3/20),0,36.7,1B Royce Lewis 2B JJ Wetherholt 3B Kazuma Okamoto C Ryan Jeffers OF Kody Clemens OF Daulton Varsho OF Austin Martin P Zac Thornton P Connor Prielipp SS Francisco Lindor,,,
2925,5205246450,slappey22 (3/5),0,36.7,1B Munetaka Murakami 2B Chase Meidroth 3B Miguel Vargas C Alejandro Kirk OF Carson Benge OF Lars Nootbaar OF Braden Montgomery P Zac Thornton P Connor Prielipp SS Colson Montgomery,,,
2925,5205384160,mrcontinental,0,36.7,1B Munetaka Murakami 2B Brett Baty 3B Miguel Vargas C Victor Caratini OF Sam Antonacci OF Trevor Larnach OF Andrew Benintendi P Zac Thornton P Connor Prielipp SS Colson Montgomery,,,
2925,5205432831,smk5430 (8/20),0,36.7,1B Munetaka Murakami 2B Chase Meidroth 3B Miguel Vargas C Edgar Quero OF Sam Antonacci OF A.J. Ewing OF Carson Benge P Zac Thornton P Connor Prielipp SS Francisco Lindor,,,
2929,5205256506,hbcards (2/2),0,36.35,1B Yandy Diaz 2B Brett Baty 3B Junior Caminero C Cal Raleigh OF A.J. Ewing OF Carson Benge OF Dominic Canzone P Zac Thornton P Quinn Mathews SS Francisco Lindor,,,
2929,5205443761,Starsfan10,0,36.35,1B Yandy Diaz 2B Cole Young 3B Junior Caminero C Cal Raleigh OF A.J. Ewing OF Chandler Simpson OF Victor Mesa Jr. P Zac Thornton P Quinn Mathews SS Ben Williamson,,,
2931,5205132390,KristianFTM (8/20),0,36.25,1B Munetaka Murakami 2B Brett Baty 3B Miguel Vargas C Luis Torrens OF Sam Antonacci OF A.J. Ewing OF Carson Benge P Zac Thornton P Kevin Gausman SS Francisco Lindor,,,
2932,5205204297,JcClark18 (12/20),0,35.95,1B Munetaka Murakami 2B Xavier Edwards 3B Miguel Vargas C Luis Torrens OF Sam Antonacci OF A.J. Ewing OF Andrew Benintendi P Kevin Gausman P Connor Prielipp SS Colson Montgomery,,,
2933,5205136282,Caryg07 (13/20),0,35.7,1B Munetaka Murakami 2B JJ Wetherholt 3B Bo Bichette C Luis Torrens OF Sam Antonacci OF A.J. Ewing OF Carson Benge P Zac Thornton P Connor Prielipp SS Francisco Lindor,,,
2933,5205284857,Twinz1987 (8/20),0,35.7,1B Jared Young 2B Marcus Semien 3B Miguel Vargas C Ryan Jeffers OF Kody Clemens OF A.J. Ewing OF Carson Benge P Zac Thornton P Connor Prielipp SS Francisco Lindor,,,
2933,5205285032,mrclean913 (7/20),0,35.7,1B Munetaka Murakami 2B Kody Clemens 3B Bo Bichette C Luis Torrens OF Sam Antonacci OF A.J. Ewing OF Carson Benge P Zac Thornton P Connor Prielipp SS Francisco Lindor,,,
2936,5205278183,Cory_Hawkins92,0,35.35,1B Jared Young 2B Kody Clemens 3B Bo Bichette C Cal Raleigh OF Jordan Walker OF A.J. Ewing OF Carson Benge P Zac Thornton P Quinn Mathews SS Francisco Lindor,,,
2937,5205393152,jsjs8 (3/3),0,35.1,1B Munetaka Murakami 2B JJ Wetherholt 3B Miguel Vargas C Ivan Herrera OF Sam Antonacci OF Julio Rodriguez OF Andrew Benintendi P Quinn Mathews P Jordan Hicks SS Colson Montgomery,,,
2938,5205383617,gators9324,0,34.7,1B Munetaka Murakami 2B Luis Urias 3B Miguel Vargas C Ryan Jeffers OF Sam Antonacci OF Braden Montgomery OF Tristan Peters P Zac Thornton P Connor Prielipp SS Ernie Clement,,,
2938,5205540411,crackerjack03,0,34.7,1B Munetaka Murakami 2B Chase Meidroth 3B Bo Bichette C Ryan Jeffers OF A.J. Ewing OF Braden Montgomery OF Austin Martin P Zac Thornton P Connor Prielipp SS Francisco Lindor,,,
2940,5205449821,swiftyjb (1/2),0,34.35,1B Ryan Vilade 2B Ernie Clement 3B Junior Caminero C Mitch Garver OF Sam Antonacci OF Julio Rodriguez OF Victor Mesa Jr. P Zac Thornton P Quinn Mathews SS Colson Montgomery,,,
2941,5205167469,ron214 (1/4),0,33.65,1B Munetaka Murakami 2B Luis Urias 3B Miguel Vargas C Jimmy Crooks OF Sam Antonacci OF Andrew Benintendi OF Weston Wilson P Logan Gilbert P Zac Thornton SS Colson Montgomery,,,
2942,5205214825,tfos99,0,32.65,1B Munetaka Murakami 2B Chase Meidroth 3B Kazuma Okamoto C Mitch Garver OF Braden Montgomery OF Luis Robert Jr. OF Tristan Peters P Logan Gilbert P Zac Thornton SS Colson Montgomery,,,
2943,5205528409,FunkyKong (8/12),0,32.25,1B Munetaka Murakami 2B Ben Williamson 3B Miguel Vargas C Nick Fortes OF Sam Antonacci OF Braden Montgomery OF Ryan Vilade P Zac Thornton P Kevin Gausman SS Colson Montgomery,,,
2944,5205530404,KingPin982,0,29.35,1B Munetaka Murakami 2B Brett Baty 3B Junior Caminero C Cal Raleigh OF A.J. Ewing OF Carson Benge OF Weston Wilson P Zac Thornton P Quinn Mathews SS Francisco Lindor,,,
2945,5205170828,KenTasch (1/2),0,27.35,1B Jared Young 2B JJ Wetherholt 3B Miguel Vargas C Ivan Herrera OF Sam Antonacci OF Andrew Benintendi OF Tristan Peters P Zac Thornton P Quinn Mathews SS Francisco Lindor,,,
2946,5205136562,caraann27 (1/2),0,15.45,1B Patrick Wisdom 2B Charles McAdoo 3B Tanner Murray C Hayden Senger OF Rikuu Nishida OF Emmanuel Rodriguez OF Joshua Baez P Connor Prielipp P Jordan Hicks SS Orlando Arcia,,,
2946,5205136568,caraann27 (2/2),0,15.45,1B Patrick Wisdom 2B Charles McAdoo 3B Tanner Murray C Hayden Senger OF Rikuu Nishida OF Emmanuel Rodriguez OF Joshua Baez P Connor Prielipp P Jordan Hicks SS Orlando Arcia,,,
2948,5205175788,Wheredacash,0,0,,,,
2948,5205290328,bama6571,0,0,,,,
2948,5205300656,tmoles (1/2),0,0,,,,
2948,5205408498,fish1.0,0,0,,,,
2948,5205413623,jrsr411,0,0,,,,
2948,5205535892,mng77777 (1/20),0,0,,,,
2948,5205535893,mng77777 (2/20),0,0,,,,
2948,5205535894,mng77777 (3/20),0,0,,,,
2948,5205535895,mng77777 (4/20),0,0,,,,
2948,5205535896,mng77777 (5/20),0,0,,,,
2948,5205535897,mng77777 (6/20),0,0,,,,
2948,5205535898,mng77777 (7/20),0,0,,,,
2948,5205535899,mng77777 (8/20),0,0,,,,
2948,5205535900,mng77777 (9/20),0,0,,,,
2948,5205535901,mng77777 (10/20),0,0,,,,
2948,5205535902,mng77777 (11/20),0,0,,,,
2948,5205535903,mng77777 (12/20),0,0,,,,
2948,5205535904,mng77777 (13/20),0,0,,,,
2948,5205535905,mng77777 (14/20),0,0,,,,
2948,5205535906,mng77777 (15/20),0,0,,,,
2948,5205535907,mng77777 (16/20),0,0,,,,
2948,5205535908,mng77777 (17/20),0,0,,,,
2948,5205535909,mng77777 (18/20),0,0,,,,
2948,5205535910,mng77777 (19/20),0,0,,,,
2948,5205535911,mng77777 (20/20),0,0,,,,
