Rank,EntryId,EntryName,TimeRemaining,Points,Lineup,,Player,Roster Position,%Drafted,FPTS
1,5224903974,kasie111 (2/3),0,110,CPT Ben Rice UTIL Gerrit Cole UTIL Luis Garcia Jr. UTIL Dylan Beavers UTIL Spencer Jones UTIL Austin Wells,,Austin Wells,UTIL,42.72%,5
2,5224489882,whoisjohngalt420 (17/20),0,108.75,CPT Gerrit Cole UTIL Luis Garcia Jr. UTIL Jazz Chisholm Jr. UTIL Heliot Ramos UTIL Spencer Jones UTIL Carlos Narvaez,,Colton Cowser,UTIL,40.45%,0
2,5224750068,austin60915 (7/20),0,108.75,CPT Gerrit Cole UTIL Luis Garcia Jr. UTIL Jazz Chisholm Jr. UTIL Heliot Ramos UTIL Spencer Jones UTIL Carlos Narvaez,,George Lombard Jr.,UTIL,38.77%,0
4,5224822543,jiombardo444,0,107.75,CPT Gerrit Cole UTIL Luis Garcia Jr. UTIL Jose Caballero UTIL George Lombard Jr. UTIL Dylan Beavers UTIL Spencer Jones,,Gerrit Cole,CPT,37.34%,42.75
5,5224251693,Sammy.Boy (15/20),0,107.5,CPT Gerrit Cole UTIL Kyle Bradish UTIL Luis Garcia Jr. UTIL Spencer Jones UTIL Austin Wells UTIL Carlos Narvaez,,Gerrit Cole,UTIL,36.08%,28.5
5,5224482549,Satch65 (6/20),0,107.5,CPT Gerrit Cole UTIL Kyle Bradish UTIL Luis Garcia Jr. UTIL Spencer Jones UTIL Austin Wells UTIL Carlos Narvaez,,Kyle Bradish,UTIL,32.38%,10.75
5,5224583474,rsumrall (10/10),0,107.5,CPT Gerrit Cole UTIL Kyle Bradish UTIL Luis Garcia Jr. UTIL Spencer Jones UTIL Austin Wells UTIL Carlos Narvaez,,Spencer Jones,UTIL,30.03%,27
5,5224645002,LOCNOTM (19/20),0,107.5,CPT Gerrit Cole UTIL Kyle Bradish UTIL Luis Garcia Jr. UTIL Spencer Jones UTIL Austin Wells UTIL Carlos Narvaez,,Samuel Basallo,UTIL,28.01%,0
9,5224595031,FoxyGrandpa252 (9/20),0,106.75,CPT Gerrit Cole UTIL Luis Garcia Jr. UTIL Jazz Chisholm Jr. UTIL Spencer Jones UTIL Austin Wells UTIL Samuel Basallo,,Trent Grisham,UTIL,27.42%,5
10,5224443125,az350z (12/20),0,106.5,CPT Jazz Chisholm Jr. UTIL Gerrit Cole UTIL Luis Garcia Jr. UTIL George Lombard Jr. UTIL Dylan Beavers UTIL Spencer Jones,,Carlos Narvaez,UTIL,25.82%,0
11,5224248357,MikeeesPicks,0,105.75,CPT Gerrit Cole UTIL Luis Garcia Jr. UTIL Leody Taveras UTIL George Lombard Jr. UTIL Dylan Beavers UTIL Spencer Jones,,Jazz Chisholm Jr.,UTIL,22.96%,10
12,5224829592,belowzir0,0,104.75,CPT Gerrit Cole UTIL Ben Rice UTIL Heliot Ramos UTIL Dylan Beavers UTIL Spencer Jones UTIL Austin Wells,,Ben Rice,UTIL,22.79%,9
13,5224482898,gwatts77 (5/20),0,103.75,CPT Gerrit Cole UTIL Luis Garcia Jr. UTIL Jackson Holliday UTIL Heliot Ramos UTIL Spencer Jones UTIL Austin Wells,,Kyle Bradish,CPT,22.20%,16.12
13,5224723559,kbrisacher (12/20),0,103.75,CPT Gerrit Cole UTIL Luis Garcia Jr. UTIL Trent Grisham UTIL Heliot Ramos UTIL Spencer Jones UTIL Carlos Narvaez,,Leody Taveras,UTIL,19.68%,0
15,5224620183,SpeedRacer101 (14/20),0,102.75,CPT Gerrit Cole UTIL Ben Rice UTIL Trent Grisham UTIL Dylan Beavers UTIL Spencer Jones UTIL Austin Wells,,Dylan Beavers,UTIL,18.92%,14
15,5224723556,kbrisacher (9/20),0,102.75,CPT Gerrit Cole UTIL Ben Rice UTIL Trent Grisham UTIL Dylan Beavers UTIL Spencer Jones UTIL Austin Wells,,Pete Alonso,UTIL,18.67%,6
15,5224767940,jonsierak (1/3),0,102.75,CPT Gerrit Cole UTIL Ben Rice UTIL Trent Grisham UTIL Dylan Beavers UTIL Spencer Jones UTIL Austin Wells,,Gunnar Henderson,UTIL,16.06%,5
15,5224795239,Robertcotner (2/3),0,102.75,CPT Gerrit Cole UTIL Ben Rice UTIL Trent Grisham UTIL Dylan Beavers UTIL Spencer Jones UTIL Austin Wells,,Heliot Ramos,UTIL,15.90%,7
19,5224644996,LOCNOTM (13/20),0,102.5,CPT Gerrit Cole UTIL Kyle Bradish UTIL Luis Garcia Jr. UTIL Spencer Jones UTIL Colton Cowser UTIL Carlos Narvaez,,Luis Garcia Jr.,UTIL,15.64%,22
19,5224750064,austin60915 (3/20),0,102.5,CPT Gerrit Cole UTIL Kyle Bradish UTIL Jazz Chisholm Jr. UTIL Spencer Jones UTIL Austin Wells UTIL Grant Wolfram,,Jackson Holliday,UTIL,14.72%,0
19,5224864228,Mige1 (14/20),0,102.5,CPT Gerrit Cole UTIL Kyle Bradish UTIL Luis Garcia Jr. UTIL Spencer Jones UTIL Colton Cowser UTIL Carlos Narvaez,,Jose Caballero,UTIL,11.94%,2
22,5224810489,joeythewin (7/9),0,102,CPT Spencer Jones UTIL Gerrit Cole UTIL Pete Alonso UTIL Luis Garcia Jr. UTIL Jackson Holliday UTIL Austin Wells,,Christian Encarnacion-Strand,UTIL,10.51%,0
23,5224482905,gwatts77 (12/20),0,101.75,CPT Gerrit Cole UTIL Gunnar Henderson UTIL Luis Garcia Jr. UTIL George Lombard Jr. UTIL Spencer Jones UTIL Austin Wells,,Ben Rice,CPT,6.90%,13.5
23,5224880020,crf_333,0,101.75,CPT Gerrit Cole UTIL Luis Garcia Jr. UTIL Jazz Chisholm Jr. UTIL George Lombard Jr. UTIL Spencer Jones UTIL Colton Cowser,,Pete Alonso,CPT,5.47%,9
25,5224251697,Sammy.Boy (19/20),0,101.5,CPT Gerrit Cole UTIL Kyle Bradish UTIL Heliot Ramos UTIL Dylan Beavers UTIL Spencer Jones UTIL Carlos Narvaez,,Trent Grisham,CPT,4.63%,7.5
26,5224788257,floydian80 (14/20),0,101,CPT Trent Grisham UTIL Gerrit Cole UTIL Luis Garcia Jr. UTIL Jose Caballero UTIL Dylan Beavers UTIL Spencer Jones,,George Lombard Jr.,CPT,3.03%,0
27,5224361469,JcClark18 (6/15),0,100.75,CPT Gerrit Cole UTIL Luis Garcia Jr. UTIL Heliot Ramos UTIL Jose Caballero UTIL Spencer Jones UTIL Alex Hoppe,,Jazz Chisholm Jr.,CPT,2.69%,15
27,5224801312,KelvinDubs (14/20),0,100.75,CPT Gerrit Cole UTIL Jazz Chisholm Jr. UTIL Heliot Ramos UTIL Dylan Beavers UTIL Spencer Jones UTIL Samuel Basallo,,Luis Garcia Jr.,CPT,2.52%,33
27,5224918453,austinsteve24 (2/2),0,100.75,CPT Gerrit Cole UTIL Jazz Chisholm Jr. UTIL Heliot Ramos UTIL George Lombard Jr. UTIL Dylan Beavers UTIL Spencer Jones,,Gunnar Henderson,CPT,2.19%,7.5
30,5224341676,Wijason,0,99.75,CPT Gerrit Cole UTIL Ben Rice UTIL Heliot Ramos UTIL Dylan Beavers UTIL Spencer Jones UTIL Colton Cowser,,Spencer Jones,CPT,2.02%,40.5
31,5224595041,FoxyGrandpa252 (19/20),0,99.5,CPT Gerrit Cole UTIL Kyle Bradish UTIL Heliot Ramos UTIL Spencer Jones UTIL Austin Wells UTIL Grant Wolfram,,Jose Caballero,CPT,2.02%,3
31,5224675531,Orangechocolate70 (4/9),0,99.5,CPT Gerrit Cole UTIL Kyle Bradish UTIL George Lombard Jr. UTIL Dylan Beavers UTIL Spencer Jones UTIL Austin Wells,,Samuel Basallo,CPT,1.93%,0
33,5224595030,FoxyGrandpa252 (8/20),0,98.75,CPT Gerrit Cole UTIL Luis Garcia Jr. UTIL Trent Grisham UTIL Jose Caballero UTIL Spencer Jones UTIL Colton Cowser,,Jackson Holliday,CPT,1.18%,0
33,5224723564,kbrisacher (17/20),0,98.75,CPT Gerrit Cole UTIL Luis Garcia Jr. UTIL Jackson Holliday UTIL Jose Caballero UTIL Spencer Jones UTIL Austin Wells,,Christian Encarnacion-Strand,CPT,1.09%,0
33,5224741395,ataribravo (14/20),0,98.75,CPT Gerrit Cole UTIL Luis Garcia Jr. UTIL Trent Grisham UTIL Jose Caballero UTIL Spencer Jones UTIL Colton Cowser,,Grant Wolfram,UTIL,1.01%,7
33,5224750076,austin60915 (15/20),0,98.75,CPT Gerrit Cole UTIL Luis Garcia Jr. UTIL Trent Grisham UTIL Jose Caballero UTIL Spencer Jones UTIL Colton Cowser,,Austin Wells,CPT,1.01%,7.5
33,5224836894,Stebler1979,0,98.75,CPT Gerrit Cole UTIL Gunnar Henderson UTIL Jazz Chisholm Jr. UTIL Dylan Beavers UTIL Spencer Jones UTIL Colton Cowser,,Colton Cowser,CPT,1.01%,0
33,5224905174,chrispy2005 (19/20),0,98.75,CPT Gerrit Cole UTIL Luis Garcia Jr. UTIL Trent Grisham UTIL Jose Caballero UTIL Spencer Jones UTIL Colton Cowser,,Leody Taveras,CPT,0.84%,0
39,5224587716,kkruze58,0,98.625,CPT Kyle Bradish UTIL Gerrit Cole UTIL Luis Garcia Jr. UTIL Spencer Jones UTIL Colton Cowser UTIL Austin Wells,,Heliot Ramos,CPT,0.76%,10.5
40,5224807649,Robertcotner (3/3),0,98.5,CPT Luis Garcia Jr. UTIL Gerrit Cole UTIL Jazz Chisholm Jr. UTIL Leody Taveras UTIL Spencer Jones UTIL Samuel Basallo,,Paul Goldschmidt,UTIL,0.76%,0
41,5224874293,nbllove (1/4),0,97.75,CPT Gerrit Cole UTIL Ben Rice UTIL Jackson Holliday UTIL Dylan Beavers UTIL Spencer Jones UTIL Austin Wells,,Jasson Dominguez,UTIL,0.67%,0
42,5224443129,az350z (16/20),0,97.5,CPT Luis Garcia Jr. UTIL Gerrit Cole UTIL Heliot Ramos UTIL Jose Caballero UTIL Spencer Jones UTIL Samuel Basallo,,Anthony Volpe,UTIL,0.59%,0
42,5224579462,Celticsnc,0,97.5,CPT Gerrit Cole UTIL Kyle Bradish UTIL Trent Grisham UTIL Spencer Jones UTIL Austin Wells UTIL Grant Wolfram,,Coby Mayo,UTIL,0.59%,0
44,5224606347,The_Legend_2018,0,97.25,CPT Spencer Jones UTIL Kyle Bradish UTIL Gunnar Henderson UTIL Luis Garcia Jr. UTIL Trent Grisham UTIL Dylan Beavers,,Tyler O'Neill,UTIL,0.59%,0
45,5224600619,purebutter80,0,96,CPT Spencer Jones UTIL Gerrit Cole UTIL Luis Garcia Jr. UTIL Christian Encarnacion-Strand UTIL Trent Grisham UTIL George Lombard Jr.,,Alex Hoppe,UTIL,0.59%,0
46,5224509225,groikula,0,95.75,CPT Gerrit Cole UTIL Trent Grisham UTIL Heliot Ramos UTIL George Lombard Jr. UTIL Dylan Beavers UTIL Spencer Jones,,Andrew Kittredge,UTIL,0.59%,0
46,5224801311,KelvinDubs (13/20),0,95.75,CPT Gerrit Cole UTIL Trent Grisham UTIL Heliot Ramos UTIL Leody Taveras UTIL Dylan Beavers UTIL Spencer Jones,,Josh Walker,UTIL,0.42%,0
48,5224187293,MultipleWinGasms (5/20),0,95.5,CPT Gerrit Cole UTIL Kyle Bradish UTIL Jazz Chisholm Jr. UTIL Spencer Jones UTIL Colton Cowser UTIL Austin Wells,,Amed Rosario,UTIL,0.42%,0
48,5224409530,foutah (1/5),0,95.5,CPT Gerrit Cole UTIL Kyle Bradish UTIL Jazz Chisholm Jr. UTIL Spencer Jones UTIL Austin Wells UTIL Carlos Narvaez,,Carlos Narvaez,CPT,0.34%,0
48,5224457135,Caryg07 (6/20),0,95.5,CPT Gerrit Cole UTIL Kyle Bradish UTIL Jazz Chisholm Jr. UTIL Spencer Jones UTIL Austin Wells UTIL Alex Hoppe,,Max Schuemann,UTIL,0.25%,0
48,5224467155,jvjvjv11,0,95.5,CPT Gerrit Cole UTIL Kyle Bradish UTIL Jazz Chisholm Jr. UTIL Spencer Jones UTIL Colton Cowser UTIL Austin Wells,,Jeremiah Jackson,UTIL,0.25%,0
48,5224573479,diamondd669,0,95.5,CPT Gerrit Cole UTIL Kyle Bradish UTIL Jazz Chisholm Jr. UTIL Spencer Jones UTIL Colton Cowser UTIL Austin Wells,,Dylan Beavers,CPT,0.25%,21
48,5224637363,mrclean913 (7/20),0,95.5,CPT Gerrit Cole UTIL Kyle Bradish UTIL Jazz Chisholm Jr. UTIL Spencer Jones UTIL Austin Wells UTIL David Bednar,,Christian Franklin,UTIL,0.25%,0
48,5224723548,kbrisacher (1/20),0,95.5,CPT Gerrit Cole UTIL Kyle Bradish UTIL Jazz Chisholm Jr. UTIL Spencer Jones UTIL Colton Cowser UTIL Austin Wells,,Ryan McMahon,UTIL,0.17%,0
48,5224741384,ataribravo (3/20),0,95.5,CPT Gerrit Cole UTIL Kyle Bradish UTIL Jazz Chisholm Jr. UTIL Spencer Jones UTIL Colton Cowser UTIL Austin Wells,,Fernando Cruz,UTIL,0.17%,0
48,5224911431,D_MAGS,0,95.5,CPT Gerrit Cole UTIL Kyle Bradish UTIL Jazz Chisholm Jr. UTIL Spencer Jones UTIL Colton Cowser UTIL Austin Wells,,Yennier Cano,UTIL,0.17%,0
57,5224871422,scottyboy6969,0,94.75,CPT Spencer Jones UTIL Gerrit Cole UTIL Kyle Bradish UTIL Jazz Chisholm Jr. UTIL Jackson Holliday UTIL Austin Wells,,Yohel Pozo,UTIL,0.17%,0
58,5224889149,Dmerkel1980,0,94.5,CPT Gerrit Cole UTIL Kyle Bradish UTIL George Lombard Jr. UTIL Dylan Beavers UTIL Spencer Jones UTIL Colton Cowser,,Yerry de los Santos,UTIL,0.17%,0
59,5224516822,the__moose,0,93.75,CPT Spencer Jones UTIL Gerrit Cole UTIL Kyle Bradish UTIL Jackson Holliday UTIL George Lombard Jr. UTIL Dylan Beavers,,Tim Hill,UTIL,0.17%,0
59,5224832176,gittoj (17/20),0,93.75,CPT Gerrit Cole UTIL Jazz Chisholm Jr. UTIL Jackson Holliday UTIL George Lombard Jr. UTIL Dylan Beavers UTIL Spencer Jones,,David Bednar,UTIL,0.08%,0
61,5224457146,Caryg07 (17/20),0,92.625,CPT Kyle Bradish UTIL Gerrit Cole UTIL Dylan Beavers UTIL Spencer Jones UTIL Samuel Basallo UTIL Grant Wolfram,,Amed Rosario,CPT,0.08%,0
62,5224788247,floydian80 (4/20),0,92.5,CPT Jazz Chisholm Jr. UTIL Gerrit Cole UTIL Luis Garcia Jr. UTIL George Lombard Jr. UTIL Spencer Jones UTIL Samuel Basallo,,Rico Garcia,UTIL,0.08%,0
62,5224864220,Mige1 (6/20),0,92.5,CPT Gerrit Cole UTIL Kyle Bradish UTIL Heliot Ramos UTIL Spencer Jones UTIL Colton Cowser UTIL Austin Wells,,Brent Headrick,UTIL,0.08%,0
64,5224899800,rnenn30,0,92,CPT Gunnar Henderson UTIL Gerrit Cole UTIL Luis Garcia Jr. UTIL Heliot Ramos UTIL Spencer Jones UTIL Colton Cowser,,J.C. Escarra,UTIL,0.08%,0
65,5224482899,gwatts77 (6/20),0,91.75,CPT Gerrit Cole UTIL Christian Encarnacion-Strand UTIL Jazz Chisholm Jr. UTIL Heliot Ramos UTIL Spencer Jones UTIL Austin Wells,,Yennier Cano,CPT,0.08%,0
65,5224764442,number1pct,0,91.75,CPT Gerrit Cole UTIL Luis Garcia Jr. UTIL Leody Taveras UTIL George Lombard Jr. UTIL Spencer Jones UTIL Samuel Basallo,,Oswaldo Cabrera,UTIL,0.08%,0
65,5224832174,gittoj (15/20),0,91.75,CPT Gerrit Cole UTIL Luis Garcia Jr. UTIL Leody Taveras UTIL George Lombard Jr. UTIL Spencer Jones UTIL Samuel Basallo,,,
68,5224788249,floydian80 (6/20),0,91,CPT Spencer Jones UTIL Gerrit Cole UTIL Jazz Chisholm Jr. UTIL Trent Grisham UTIL Jackson Holliday UTIL Heliot Ramos,,,
69,5224361475,JcClark18 (12/15),0,90.75,CPT Gerrit Cole UTIL Ben Rice UTIL Heliot Ramos UTIL Spencer Jones UTIL Austin Wells UTIL Samuel Basallo,,,
69,5224434283,Calmax,0,90.75,CPT Gerrit Cole UTIL Ben Rice UTIL Heliot Ramos UTIL Spencer Jones UTIL Austin Wells UTIL Samuel Basallo,,,
69,5224482900,gwatts77 (7/20),0,90.75,CPT Gerrit Cole UTIL Ben Rice UTIL Heliot Ramos UTIL Spencer Jones UTIL Austin Wells UTIL Samuel Basallo,,,
69,5224482902,gwatts77 (9/20),0,90.75,CPT Gerrit Cole UTIL Pete Alonso UTIL Jazz Chisholm Jr. UTIL George Lombard Jr. UTIL Spencer Jones UTIL Austin Wells,,,
69,5224583472,rsumrall (8/10),0,90.75,CPT Gerrit Cole UTIL Ben Rice UTIL Heliot Ramos UTIL Spencer Jones UTIL Austin Wells UTIL Samuel Basallo,,,
69,5224620174,SpeedRacer101 (5/20),0,90.75,CPT Gerrit Cole UTIL Ben Rice UTIL Heliot Ramos UTIL Spencer Jones UTIL Austin Wells UTIL Samuel Basallo,,,
69,5224807463,jmd917,0,90.75,CPT Spencer Jones UTIL Gerrit Cole UTIL Kyle Bradish UTIL Pete Alonso UTIL George Lombard Jr. UTIL Austin Wells,,,
69,5224864219,Mige1 (5/20),0,90.75,CPT Gerrit Cole UTIL Luis Garcia Jr. UTIL Trent Grisham UTIL Jose Caballero UTIL Dylan Beavers UTIL Austin Wells,,,
69,5224883857,Slim1042 (1/2),0,90.75,CPT Gerrit Cole UTIL Pete Alonso UTIL Jazz Chisholm Jr. UTIL George Lombard Jr. UTIL Spencer Jones UTIL Austin Wells,,,
69,5224897074,Biscuits209 (4/9),0,90.75,CPT Gerrit Cole UTIL Luis Garcia Jr. UTIL Trent Grisham UTIL Jose Caballero UTIL Dylan Beavers UTIL Austin Wells,,,
69,5224905170,chrispy2005 (15/20),0,90.75,CPT Gerrit Cole UTIL Ben Rice UTIL Heliot Ramos UTIL Spencer Jones UTIL Austin Wells UTIL Samuel Basallo,,,
80,5224184518,charleso83 (2/2),0,90.5,CPT Gerrit Cole UTIL Kyle Bradish UTIL Trent Grisham UTIL Spencer Jones UTIL Colton Cowser UTIL Austin Wells,,,
80,5224187290,MultipleWinGasms (2/20),0,90.5,CPT Gerrit Cole UTIL Kyle Bradish UTIL Gunnar Henderson UTIL Spencer Jones UTIL Austin Wells UTIL Carlos Narvaez,,,
80,5224251686,Sammy.Boy (8/20),0,90.5,CPT Gerrit Cole UTIL Kyle Bradish UTIL Trent Grisham UTIL Spencer Jones UTIL Colton Cowser UTIL Austin Wells,,,
80,5224415739,apforadori (2/3),0,90.5,CPT Gerrit Cole UTIL Kyle Bradish UTIL Trent Grisham UTIL Spencer Jones UTIL Colton Cowser UTIL Austin Wells,,,
80,5224637370,mrclean913 (14/20),0,90.5,CPT Jose Caballero UTIL Gerrit Cole UTIL Luis Garcia Jr. UTIL Jazz Chisholm Jr. UTIL Leody Taveras UTIL Spencer Jones,,,
80,5224644989,LOCNOTM (6/20),0,90.5,CPT Gerrit Cole UTIL Kyle Bradish UTIL Trent Grisham UTIL Spencer Jones UTIL Austin Wells UTIL Carlos Narvaez,,,
80,5224801300,KelvinDubs (2/20),0,90.5,CPT Gerrit Cole UTIL Kyle Bradish UTIL Trent Grisham UTIL Spencer Jones UTIL Colton Cowser UTIL Austin Wells,,,
87,5224775437,Rolly,0,90,CPT Trent Grisham UTIL Gerrit Cole UTIL Gunnar Henderson UTIL Luis Garcia Jr. UTIL Spencer Jones UTIL Colton Cowser,,,
88,5224453226,chillyp1,0,89.75,CPT Gerrit Cole UTIL Ben Rice UTIL Pete Alonso UTIL Spencer Jones UTIL Colton Cowser UTIL Austin Wells,,,
88,5224470128,PrimeTime39,0,89.75,CPT Gerrit Cole UTIL Ben Rice UTIL Pete Alonso UTIL Spencer Jones UTIL Colton Cowser UTIL Austin Wells,,,
88,5224482906,gwatts77 (13/20),0,89.75,CPT Gerrit Cole UTIL Jazz Chisholm Jr. UTIL Trent Grisham UTIL Jackson Holliday UTIL Spencer Jones UTIL Austin Wells,,,
88,5224620177,SpeedRacer101 (8/20),0,89.75,CPT Gerrit Cole UTIL Jazz Chisholm Jr. UTIL Trent Grisham UTIL Jackson Holliday UTIL Spencer Jones UTIL Austin Wells,,,
88,5224725881,Grizzadams (2/2),0,89.75,CPT Spencer Jones UTIL Gerrit Cole UTIL Kyle Bradish UTIL Jazz Chisholm Jr. UTIL George Lombard Jr. UTIL Colton Cowser,,,
88,5224832226,Nellie64,0,89.75,CPT Gerrit Cole UTIL Ben Rice UTIL Pete Alonso UTIL Spencer Jones UTIL Colton Cowser UTIL Austin Wells,,,
88,5224844404,crippy123,0,89.75,CPT Gerrit Cole UTIL Gunnar Henderson UTIL Jazz Chisholm Jr. UTIL Spencer Jones UTIL Austin Wells UTIL Samuel Basallo,,,
88,5224905169,chrispy2005 (14/20),0,89.75,CPT Gerrit Cole UTIL Ben Rice UTIL Pete Alonso UTIL Spencer Jones UTIL Colton Cowser UTIL Austin Wells,,,
88,5224911377,laharpe,0,89.75,CPT Gerrit Cole UTIL Ben Rice UTIL Pete Alonso UTIL Spencer Jones UTIL Austin Wells UTIL Carlos Narvaez,,,
97,5224489879,whoisjohngalt420 (14/20),0,89.5,CPT Gerrit Cole UTIL Kyle Bradish UTIL Luis Garcia Jr. UTIL Dylan Beavers UTIL Colton Cowser UTIL Carlos Narvaez,,,
97,5224897100,Biscuits209 (6/9),0,89.5,CPT Luis Garcia Jr. UTIL Gerrit Cole UTIL Ben Rice UTIL Dylan Beavers UTIL Austin Wells UTIL Samuel Basallo,,,
99,5224832172,gittoj (13/20),0,89.125,CPT Kyle Bradish UTIL Luis Garcia Jr. UTIL Jazz Chisholm Jr. UTIL Dylan Beavers UTIL Spencer Jones UTIL Samuel Basallo,,,
100,5224788251,floydian80 (8/20),0,89,CPT Heliot Ramos UTIL Gerrit Cole UTIL Ben Rice UTIL Luis Garcia Jr. UTIL Dylan Beavers UTIL Austin Wells,,,
100,5224846918,kellydjk (2/8),0,89,CPT Heliot Ramos UTIL Gerrit Cole UTIL Ben Rice UTIL Luis Garcia Jr. UTIL Dylan Beavers UTIL Austin Wells,,,
102,5224369605,catdaddy0806,0,88.75,CPT Spencer Jones UTIL Gerrit Cole UTIL Kyle Bradish UTIL Ben Rice UTIL George Lombard Jr. UTIL Carlos Narvaez,,,
102,5224595033,FoxyGrandpa252 (11/20),0,88.75,CPT Gerrit Cole UTIL Luis Garcia Jr. UTIL Trent Grisham UTIL George Lombard Jr. UTIL Dylan Beavers UTIL Austin Wells,,,
102,5224723555,kbrisacher (8/20),0,88.75,CPT Gerrit Cole UTIL Ben Rice UTIL Jazz Chisholm Jr. UTIL George Lombard Jr. UTIL Spencer Jones UTIL Carlos Narvaez,,,
102,5224730755,KevinLeonK3 (2/2),0,88.75,CPT Gerrit Cole UTIL Ben Rice UTIL Jazz Chisholm Jr. UTIL George Lombard Jr. UTIL Spencer Jones UTIL Carlos Narvaez,,,
102,5224832171,gittoj (12/20),0,88.75,CPT Gerrit Cole UTIL Gunnar Henderson UTIL George Lombard Jr. UTIL Dylan Beavers UTIL Spencer Jones UTIL Samuel Basallo,,,
102,5224850741,dinoimp (2/2),0,88.75,CPT Gerrit Cole UTIL Ben Rice UTIL Jazz Chisholm Jr. UTIL George Lombard Jr. UTIL Spencer Jones UTIL Carlos Narvaez,,,
102,5224917717,Lakesnow13 (1/3),0,88.75,CPT Gerrit Cole UTIL Luis Garcia Jr. UTIL Jazz Chisholm Jr. UTIL George Lombard Jr. UTIL Dylan Beavers UTIL Colton Cowser,,,
109,5224832163,gittoj (4/20),0,88,CPT Spencer Jones UTIL Gerrit Cole UTIL Ben Rice UTIL Jazz Chisholm Jr. UTIL Leody Taveras UTIL Samuel Basallo,,,
110,5224375935,mythicalrhymer01 (5/5),0,87.75,CPT Gerrit Cole UTIL Ben Rice UTIL Heliot Ramos UTIL Jose Caballero UTIL Spencer Jones UTIL Carlos Narvaez,,,
110,5224457133,Caryg07 (4/20),0,87.75,CPT Gerrit Cole UTIL Ben Rice UTIL Heliot Ramos UTIL Jose Caballero UTIL Spencer Jones UTIL Carlos Narvaez,,,
110,5224723563,kbrisacher (16/20),0,87.75,CPT Gerrit Cole UTIL Pete Alonso UTIL Heliot Ramos UTIL George Lombard Jr. UTIL Spencer Jones UTIL Austin Wells,,,
113,5224282643,MultipleWinGasms (14/20),0,87.25,CPT Luis Garcia Jr. UTIL Gerrit Cole UTIL Kyle Bradish UTIL Jazz Chisholm Jr. UTIL Austin Wells UTIL Carlos Narvaez,,,
113,5224788263,floydian80 (20/20),0,87.25,CPT Leody Taveras UTIL Gerrit Cole UTIL Kyle Bradish UTIL Heliot Ramos UTIL Dylan Beavers UTIL Spencer Jones,,,
113,5224854793,caseyrine,0,87.25,CPT Luis Garcia Jr. UTIL Gerrit Cole UTIL Kyle Bradish UTIL Jazz Chisholm Jr. UTIL Austin Wells UTIL Carlos Narvaez,,,
116,5224482896,gwatts77 (3/20),0,86.75,CPT Gerrit Cole UTIL Christian Encarnacion-Strand UTIL Trent Grisham UTIL Heliot Ramos UTIL Spencer Jones UTIL Austin Wells,,,
116,5224801318,KelvinDubs (20/20),0,86.75,CPT Gerrit Cole UTIL Jazz Chisholm Jr. UTIL Heliot Ramos UTIL Leody Taveras UTIL George Lombard Jr. UTIL Spencer Jones,,,
116,5224816852,slotone (3/15),0,86.75,CPT Gerrit Cole UTIL Jazz Chisholm Jr. UTIL Trent Grisham UTIL Jose Caballero UTIL Spencer Jones UTIL Colton Cowser,,,
116,5224832177,gittoj (18/20),0,86.75,CPT Gerrit Cole UTIL Jazz Chisholm Jr. UTIL Heliot Ramos UTIL Leody Taveras UTIL George Lombard Jr. UTIL Spencer Jones,,,
116,5224905167,chrispy2005 (12/20),0,86.75,CPT Gerrit Cole UTIL Jazz Chisholm Jr. UTIL Heliot Ramos UTIL Leody Taveras UTIL George Lombard Jr. UTIL Spencer Jones,,,
121,5224862270,JWMSKJJ,0,86.5,CPT Jazz Chisholm Jr. UTIL Gerrit Cole UTIL Ben Rice UTIL Heliot Ramos UTIL Spencer Jones UTIL Colton Cowser,,,
122,5224534197,kreller17 (2/10),0,86.25,CPT Jazz Chisholm Jr. UTIL Gerrit Cole UTIL Kyle Bradish UTIL Spencer Jones UTIL Austin Wells UTIL Samuel Basallo,,,
122,5224620185,SpeedRacer101 (16/20),0,86.25,CPT Jazz Chisholm Jr. UTIL Gerrit Cole UTIL Kyle Bradish UTIL Spencer Jones UTIL Austin Wells UTIL Samuel Basallo,,,
122,5224782414,EmeraldReign (2/4),0,86.25,CPT Luis Garcia Jr. UTIL Gerrit Cole UTIL Kyle Bradish UTIL George Lombard Jr. UTIL Dylan Beavers UTIL Carlos Narvaez,,,
122,5224782429,EmeraldReign (3/4),0,86.25,CPT Luis Garcia Jr. UTIL Gerrit Cole UTIL Kyle Bradish UTIL George Lombard Jr. UTIL Dylan Beavers UTIL Carlos Narvaez,,,
122,5224880475,eddie22345 (7/20),0,86.25,CPT Luis Garcia Jr. UTIL Gerrit Cole UTIL Kyle Bradish UTIL George Lombard Jr. UTIL Dylan Beavers UTIL Carlos Narvaez,,,
127,5224851389,oldschoolyankee,0,86,CPT Trent Grisham UTIL Gerrit Cole UTIL Ben Rice UTIL George Lombard Jr. UTIL Dylan Beavers UTIL Spencer Jones,,,
128,5224363062,davespak,0,85.75,CPT Gerrit Cole UTIL Ben Rice UTIL Heliot Ramos UTIL George Lombard Jr. UTIL Spencer Jones UTIL Colton Cowser,,,
128,5224457138,Caryg07 (9/20),0,85.75,CPT Gerrit Cole UTIL Ben Rice UTIL Luis Garcia Jr. UTIL Heliot Ramos UTIL Austin Wells UTIL Carlos Narvaez,,,
128,5224469163,2boys2girls (1/3),0,85.75,CPT Gerrit Cole UTIL Ben Rice UTIL Heliot Ramos UTIL George Lombard Jr. UTIL Spencer Jones UTIL Colton Cowser,,,
128,5224482913,gwatts77 (20/20),0,85.75,CPT Gerrit Cole UTIL Pete Alonso UTIL Trent Grisham UTIL George Lombard Jr. UTIL Spencer Jones UTIL Austin Wells,,,
128,5224583469,rsumrall (5/10),0,85.75,CPT Gerrit Cole UTIL Pete Alonso UTIL Trent Grisham UTIL George Lombard Jr. UTIL Spencer Jones UTIL Austin Wells,,,
128,5224711353,yaya0130,0,85.75,CPT Gerrit Cole UTIL Pete Alonso UTIL Trent Grisham UTIL George Lombard Jr. UTIL Spencer Jones UTIL Austin Wells,,,
128,5224770309,MicShaGri,0,85.75,CPT Gerrit Cole UTIL Ben Rice UTIL Heliot Ramos UTIL George Lombard Jr. UTIL Spencer Jones UTIL Colton Cowser,,,
128,5224810355,ohbuck63,0,85.75,CPT Gerrit Cole UTIL Pete Alonso UTIL Trent Grisham UTIL George Lombard Jr. UTIL Spencer Jones UTIL Austin Wells,,,
128,5224864036,gupsbroncos,0,85.75,CPT Gerrit Cole UTIL Pete Alonso UTIL Trent Grisham UTIL George Lombard Jr. UTIL Spencer Jones UTIL Austin Wells,,,
128,5224864222,Mige1 (8/20),0,85.75,CPT Gerrit Cole UTIL Ben Rice UTIL Jose Caballero UTIL Spencer Jones UTIL Austin Wells UTIL Samuel Basallo,,,
128,5224873581,Douglas1990 (1/4),0,85.75,CPT Gerrit Cole UTIL Ben Rice UTIL Heliot Ramos UTIL George Lombard Jr. UTIL Spencer Jones UTIL Colton Cowser,,,
128,5224888583,sfu23,0,85.75,CPT Gerrit Cole UTIL Ben Rice UTIL Heliot Ramos UTIL George Lombard Jr. UTIL Spencer Jones UTIL Colton Cowser,,,
128,5224889111,sturgeonking86 (3/3),0,85.75,CPT Gerrit Cole UTIL Ben Rice UTIL Luis Garcia Jr. UTIL Heliot Ramos UTIL Austin Wells UTIL Carlos Narvaez,,,
128,5224899392,vincentpitz (2/2),0,85.75,CPT Gerrit Cole UTIL Ben Rice UTIL Luis Garcia Jr. UTIL Heliot Ramos UTIL Austin Wells UTIL Carlos Narvaez,,,
142,5224251692,Sammy.Boy (14/20),0,85.625,CPT Kyle Bradish UTIL Gerrit Cole UTIL Jackson Holliday UTIL Dylan Beavers UTIL Spencer Jones UTIL Carlos Narvaez,,,
142,5224389522,Daily_Big_Kahuna (4/7),0,85.625,CPT Kyle Bradish UTIL Gerrit Cole UTIL Luis Garcia Jr. UTIL Dylan Beavers UTIL Colton Cowser UTIL Austin Wells,,,
142,5224534201,kreller17 (6/10),0,85.625,CPT Kyle Bradish UTIL Gerrit Cole UTIL Dylan Beavers UTIL Spencer Jones UTIL Colton Cowser UTIL Samuel Basallo,,,
142,5224741388,ataribravo (7/20),0,85.625,CPT Kyle Bradish UTIL Gerrit Cole UTIL Jackson Holliday UTIL Dylan Beavers UTIL Spencer Jones UTIL Carlos Narvaez,,,
142,5224864227,Mige1 (13/20),0,85.625,CPT Kyle Bradish UTIL Gerrit Cole UTIL Jackson Holliday UTIL Dylan Beavers UTIL Spencer Jones UTIL Carlos Narvaez,,,
147,5224164809,ivymoose (9/10),0,85.5,CPT Gerrit Cole UTIL Kyle Bradish UTIL Leody Taveras UTIL George Lombard Jr. UTIL Spencer Jones UTIL Austin Wells,,,
147,5224251683,Sammy.Boy (5/20),0,85.5,CPT Gerrit Cole UTIL Kyle Bradish UTIL George Lombard Jr. UTIL Spencer Jones UTIL Austin Wells UTIL Samuel Basallo,,,
147,5224282637,MultipleWinGasms (8/20),0,85.5,CPT Gerrit Cole UTIL Kyle Bradish UTIL George Lombard Jr. UTIL Spencer Jones UTIL Austin Wells UTIL Samuel Basallo,,,
147,5224286285,sgtpreston (2/2),0,85.5,CPT Gerrit Cole UTIL Kyle Bradish UTIL Coby Mayo UTIL Spencer Jones UTIL Tyler O'Neill UTIL Austin Wells,,,
147,5224482550,Satch65 (7/20),0,85.5,CPT Gerrit Cole UTIL Kyle Bradish UTIL Jackson Holliday UTIL Spencer Jones UTIL Colton Cowser UTIL Austin Wells,,,
147,5224482563,Satch65 (20/20),0,85.5,CPT Gerrit Cole UTIL Kyle Bradish UTIL George Lombard Jr. UTIL Spencer Jones UTIL Austin Wells UTIL Samuel Basallo,,,
147,5224482731,Fuzz988,0,85.5,CPT Gerrit Cole UTIL Kyle Bradish UTIL Leody Taveras UTIL George Lombard Jr. UTIL Spencer Jones UTIL Austin Wells,,,
147,5224489878,whoisjohngalt420 (13/20),0,85.5,CPT Gerrit Cole UTIL Kyle Bradish UTIL George Lombard Jr. UTIL Spencer Jones UTIL Austin Wells UTIL Samuel Basallo,,,
147,5224534204,kreller17 (9/10),0,85.5,CPT Gerrit Cole UTIL Kyle Bradish UTIL George Lombard Jr. UTIL Spencer Jones UTIL Austin Wells UTIL Samuel Basallo,,,
147,5224537325,Kep1215,0,85.5,CPT Gerrit Cole UTIL Kyle Bradish UTIL George Lombard Jr. UTIL Spencer Jones UTIL Austin Wells UTIL Samuel Basallo,,,
147,5224570701,terryf20,0,85.5,CPT Gerrit Cole UTIL Kyle Bradish UTIL George Lombard Jr. UTIL Spencer Jones UTIL Austin Wells UTIL Samuel Basallo,,,
147,5224583465,rsumrall (1/10),0,85.5,CPT Gerrit Cole UTIL Kyle Bradish UTIL George Lombard Jr. UTIL Spencer Jones UTIL Austin Wells UTIL Samuel Basallo,,,
147,5224595636,BigBlue781,0,85.5,CPT Gerrit Cole UTIL Kyle Bradish UTIL George Lombard Jr. UTIL Spencer Jones UTIL Austin Wells UTIL Samuel Basallo,,,
147,5224620181,SpeedRacer101 (12/20),0,85.5,CPT Gerrit Cole UTIL Kyle Bradish UTIL Christian Encarnacion-Strand UTIL Spencer Jones UTIL Colton Cowser UTIL Austin Wells,,,
147,5224644990,LOCNOTM (7/20),0,85.5,CPT Gerrit Cole UTIL Kyle Bradish UTIL George Lombard Jr. UTIL Spencer Jones UTIL Austin Wells UTIL Samuel Basallo,,,
147,5224644998,LOCNOTM (15/20),0,85.5,CPT Gerrit Cole UTIL Kyle Bradish UTIL Leody Taveras UTIL George Lombard Jr. UTIL Spencer Jones UTIL Austin Wells,,,
147,5224662485,beaner1966 (1/2),0,85.5,CPT Gerrit Cole UTIL Kyle Bradish UTIL George Lombard Jr. UTIL Spencer Jones UTIL Austin Wells UTIL Samuel Basallo,,,
147,5224675530,Orangechocolate70 (3/9),0,85.5,CPT Luis Garcia Jr. UTIL Gerrit Cole UTIL Ben Rice UTIL Jazz Chisholm Jr. UTIL Austin Wells UTIL Carlos Narvaez,,,
147,5224676779,Gladiatorsrule,0,85.5,CPT Gerrit Cole UTIL Kyle Bradish UTIL George Lombard Jr. UTIL Spencer Jones UTIL Austin Wells UTIL Samuel Basallo,,,
147,5224690537,jstoltman3 (2/2),0,85.5,CPT Gerrit Cole UTIL Kyle Bradish UTIL George Lombard Jr. UTIL Spencer Jones UTIL Austin Wells UTIL Samuel Basallo,,,
147,5224779328,dweather09 (3/20),0,85.5,CPT Gerrit Cole UTIL Kyle Bradish UTIL George Lombard Jr. UTIL Spencer Jones UTIL Austin Wells UTIL Samuel Basallo,,,
147,5224798364,tbone1934,0,85.5,CPT Gerrit Cole UTIL Kyle Bradish UTIL George Lombard Jr. UTIL Spencer Jones UTIL Austin Wells UTIL Samuel Basallo,,,
147,5224799639,Rootytoot33,0,85.5,CPT George Lombard Jr. UTIL Gerrit Cole UTIL Pete Alonso UTIL Jazz Chisholm Jr. UTIL Dylan Beavers UTIL Spencer Jones,,,
147,5224801307,KelvinDubs (9/20),0,85.5,CPT Gerrit Cole UTIL Kyle Bradish UTIL George Lombard Jr. UTIL Spencer Jones UTIL Austin Wells UTIL Samuel Basallo,,,
147,5224814529,whoabuck,0,85.5,CPT Gerrit Cole UTIL Kyle Bradish UTIL George Lombard Jr. UTIL Spencer Jones UTIL Austin Wells UTIL Samuel Basallo,,,
147,5224824272,Spicegren (1/3),0,85.5,CPT Gerrit Cole UTIL Kyle Bradish UTIL George Lombard Jr. UTIL Spencer Jones UTIL Austin Wells UTIL Samuel Basallo,,,
147,5224864215,Mige1 (1/20),0,85.5,CPT Gerrit Cole UTIL Kyle Bradish UTIL Leody Taveras UTIL George Lombard Jr. UTIL Spencer Jones UTIL Austin Wells,,,
147,5224872511,liquidnick37,0,85.5,CPT Gerrit Cole UTIL Kyle Bradish UTIL Leody Taveras UTIL George Lombard Jr. UTIL Spencer Jones UTIL Austin Wells,,,
147,5224894066,yellow47 (1/2),0,85.5,CPT Gerrit Cole UTIL Kyle Bradish UTIL Leody Taveras UTIL George Lombard Jr. UTIL Spencer Jones UTIL Austin Wells,,,
147,5224908542,xXxPLOSIVE (4/4),0,85.5,CPT Gerrit Cole UTIL Kyle Bradish UTIL George Lombard Jr. UTIL Spencer Jones UTIL Austin Wells UTIL Samuel Basallo,,,
177,5224277038,sgtpreston (1/2),0,85,CPT Trent Grisham UTIL Gerrit Cole UTIL Luis Garcia Jr. UTIL George Lombard Jr. UTIL Spencer Jones UTIL Samuel Basallo,,,
178,5224304693,JohnE12,0,84.75,CPT Ben Rice UTIL Gerrit Cole UTIL Kyle Bradish UTIL Spencer Jones UTIL Austin Wells UTIL Carlos Narvaez,,,
178,5224361478,JcClark18 (15/15),0,84.75,CPT Gerrit Cole UTIL Luis Garcia Jr. UTIL Jazz Chisholm Jr. UTIL Trent Grisham UTIL Colton Cowser UTIL Austin Wells,,,
178,5224637375,mrclean913 (19/20),0,84.75,CPT Gerrit Cole UTIL Luis Garcia Jr. UTIL Jazz Chisholm Jr. UTIL Trent Grisham UTIL Colton Cowser UTIL Austin Wells,,,
178,5224901506,willyjoe69,0,84.75,CPT Gerrit Cole UTIL Jazz Chisholm Jr. UTIL Trent Grisham UTIL Jackson Holliday UTIL Spencer Jones UTIL Colton Cowser,,,
182,5224748525,termayf1,0,84.5,CPT Luis Garcia Jr. UTIL Gerrit Cole UTIL Ben Rice UTIL George Lombard Jr. UTIL Dylan Beavers UTIL Carlos Narvaez,,,
183,5224786531,tgeroux (1/10),0,84.25,CPT Jose Caballero UTIL Gerrit Cole UTIL Kyle Bradish UTIL Jazz Chisholm Jr. UTIL Spencer Jones UTIL Austin Wells,,,
183,5224786556,tgeroux (2/10),0,84.25,CPT Jose Caballero UTIL Gerrit Cole UTIL Kyle Bradish UTIL Jazz Chisholm Jr. UTIL Spencer Jones UTIL Austin Wells,,,
183,5224786602,tgeroux (3/10),0,84.25,CPT Jose Caballero UTIL Gerrit Cole UTIL Kyle Bradish UTIL Jazz Chisholm Jr. UTIL Spencer Jones UTIL Austin Wells,,,
183,5224786615,tgeroux (4/10),0,84.25,CPT Jose Caballero UTIL Gerrit Cole UTIL Kyle Bradish UTIL Jazz Chisholm Jr. UTIL Spencer Jones UTIL Austin Wells,,,
183,5224786623,tgeroux (5/10),0,84.25,CPT Jose Caballero UTIL Gerrit Cole UTIL Kyle Bradish UTIL Jazz Chisholm Jr. UTIL Spencer Jones UTIL Austin Wells,,,
183,5224791096,tgeroux (6/10),0,84.25,CPT Jose Caballero UTIL Gerrit Cole UTIL Kyle Bradish UTIL Jazz Chisholm Jr. UTIL Spencer Jones UTIL Austin Wells,,,
183,5224791126,tgeroux (7/10),0,84.25,CPT Jose Caballero UTIL Gerrit Cole UTIL Kyle Bradish UTIL Jazz Chisholm Jr. UTIL Spencer Jones UTIL Austin Wells,,,
183,5224791291,tgeroux (8/10),0,84.25,CPT Jose Caballero UTIL Gerrit Cole UTIL Kyle Bradish UTIL Jazz Chisholm Jr. UTIL Spencer Jones UTIL Austin Wells,,,
183,5224791458,tgeroux (9/10),0,84.25,CPT Jose Caballero UTIL Gerrit Cole UTIL Kyle Bradish UTIL Jazz Chisholm Jr. UTIL Spencer Jones UTIL Austin Wells,,,
183,5224791466,tgeroux (10/10),0,84.25,CPT Jose Caballero UTIL Gerrit Cole UTIL Kyle Bradish UTIL Jazz Chisholm Jr. UTIL Spencer Jones UTIL Austin Wells,,,
183,5224837574,Primrose_877,0,84.25,CPT Jose Caballero UTIL Gerrit Cole UTIL Kyle Bradish UTIL Jazz Chisholm Jr. UTIL Spencer Jones UTIL Austin Wells,,,
194,5224724591,hansobeau (1/3),0,84,CPT Ben Rice UTIL Gerrit Cole UTIL Jazz Chisholm Jr. UTIL Leody Taveras UTIL Spencer Jones UTIL Austin Wells,,,
194,5224724592,hansobeau (2/3),0,84,CPT Ben Rice UTIL Gerrit Cole UTIL Jazz Chisholm Jr. UTIL Leody Taveras UTIL Spencer Jones UTIL Austin Wells,,,
194,5224724593,hansobeau (3/3),0,84,CPT Ben Rice UTIL Gerrit Cole UTIL Jazz Chisholm Jr. UTIL Leody Taveras UTIL Spencer Jones UTIL Austin Wells,,,
197,5224223078,AdamBlasingame23,0,83.75,CPT Gerrit Cole UTIL Ben Rice UTIL Jackson Holliday UTIL George Lombard Jr. UTIL Spencer Jones UTIL Austin Wells,,,
197,5224389523,Daily_Big_Kahuna (5/7),0,83.75,CPT Gerrit Cole UTIL Ben Rice UTIL Jackson Holliday UTIL George Lombard Jr. UTIL Spencer Jones UTIL Austin Wells,,,
197,5224482909,gwatts77 (16/20),0,83.75,CPT Gerrit Cole UTIL Ben Rice UTIL Jackson Holliday UTIL George Lombard Jr. UTIL Spencer Jones UTIL Austin Wells,,,
197,5224489871,whoisjohngalt420 (6/20),0,83.75,CPT Gerrit Cole UTIL Ben Rice UTIL Jackson Holliday UTIL George Lombard Jr. UTIL Spencer Jones UTIL Austin Wells,,,
197,5224551270,TurtlePunch,0,83.75,CPT Gerrit Cole UTIL Ben Rice UTIL Jackson Holliday UTIL George Lombard Jr. UTIL Spencer Jones UTIL Austin Wells,,,
197,5224595029,FoxyGrandpa252 (7/20),0,83.75,CPT Gerrit Cole UTIL Ben Rice UTIL Trent Grisham UTIL George Lombard Jr. UTIL Spencer Jones UTIL Carlos Narvaez,,,
197,5224816851,slotone (2/15),0,83.75,CPT Gerrit Cole UTIL Ben Rice UTIL Trent Grisham UTIL George Lombard Jr. UTIL Spencer Jones UTIL Carlos Narvaez,,,
197,5224869612,Juggles513 (1/2),0,83.75,CPT Gerrit Cole UTIL Ben Rice UTIL Jackson Holliday UTIL George Lombard Jr. UTIL Spencer Jones UTIL Austin Wells,,,
197,5224869624,Juggles513 (2/2),0,83.75,CPT Gerrit Cole UTIL Ben Rice UTIL Jackson Holliday UTIL George Lombard Jr. UTIL Spencer Jones UTIL Austin Wells,,,
197,5224882127,Mbuckholz,0,83.75,CPT Gerrit Cole UTIL Ben Rice UTIL Trent Grisham UTIL George Lombard Jr. UTIL Spencer Jones UTIL Carlos Narvaez,,,
197,5224894808,Dreak01,0,83.75,CPT Gerrit Cole UTIL Ben Rice UTIL Jackson Holliday UTIL George Lombard Jr. UTIL Spencer Jones UTIL Austin Wells,,,
197,5224905166,chrispy2005 (11/20),0,83.75,CPT Gerrit Cole UTIL Ben Rice UTIL Trent Grisham UTIL George Lombard Jr. UTIL Spencer Jones UTIL Carlos Narvaez,,,
209,5224829087,imnotstoppIN (2/2),0,83.25,CPT Jose Caballero UTIL Gerrit Cole UTIL Kyle Bradish UTIL George Lombard Jr. UTIL Dylan Beavers UTIL Spencer Jones,,,
210,5224291084,domxsans,0,83,CPT Trent Grisham UTIL Gerrit Cole UTIL Pete Alonso UTIL George Lombard Jr. UTIL Dylan Beavers UTIL Spencer Jones,,,
210,5224745515,snaytricia,0,83,CPT Ben Rice UTIL Gerrit Cole UTIL Leody Taveras UTIL George Lombard Jr. UTIL Dylan Beavers UTIL Spencer Jones,,,
210,5224774096,cooper8,0,83,CPT Spencer Jones UTIL Gerrit Cole UTIL Ben Rice UTIL Trent Grisham UTIL George Lombard Jr. UTIL Samuel Basallo,,,
210,5224821553,FakeNewsCNN1 (1/2),0,83,CPT Spencer Jones UTIL Gerrit Cole UTIL Ben Rice UTIL Trent Grisham UTIL George Lombard Jr. UTIL Samuel Basallo,,,
210,5224872021,louiswat (2/3),0,83,CPT Ben Rice UTIL Gerrit Cole UTIL George Lombard Jr. UTIL Dylan Beavers UTIL Spencer Jones UTIL Samuel Basallo,,,
210,5224875026,cobra01,0,83,CPT Ben Rice UTIL Gerrit Cole UTIL George Lombard Jr. UTIL Dylan Beavers UTIL Spencer Jones UTIL Samuel Basallo,,,
216,5224392912,zenhead91,0,82.75,CPT Austin Wells UTIL Gerrit Cole UTIL Kyle Bradish UTIL Ben Rice UTIL Spencer Jones UTIL Samuel Basallo,,,
217,5224361470,JcClark18 (7/15),0,82.625,CPT Kyle Bradish UTIL Gerrit Cole UTIL Pete Alonso UTIL Spencer Jones UTIL Austin Wells UTIL Carlos Narvaez,,,
217,5224375932,mythicalrhymer01 (2/5),0,82.625,CPT Kyle Bradish UTIL Gerrit Cole UTIL Pete Alonso UTIL Spencer Jones UTIL Austin Wells UTIL Carlos Narvaez,,,
217,5224864225,Mige1 (11/20),0,82.625,CPT Kyle Bradish UTIL Gerrit Cole UTIL Pete Alonso UTIL Spencer Jones UTIL Austin Wells UTIL Carlos Narvaez,,,
217,5224880474,eddie22345 (6/20),0,82.625,CPT Kyle Bradish UTIL Gerrit Cole UTIL Pete Alonso UTIL Spencer Jones UTIL Austin Wells UTIL Carlos Narvaez,,,
221,5224361466,JcClark18 (3/15),0,82.5,CPT Gerrit Cole UTIL Kyle Bradish UTIL Jose Caballero UTIL George Lombard Jr. UTIL Spencer Jones UTIL Carlos Narvaez,,,
221,5224457130,Caryg07 (1/20),0,82.5,CPT Gerrit Cole UTIL Kyle Bradish UTIL Jose Caballero UTIL George Lombard Jr. UTIL Spencer Jones UTIL Carlos Narvaez,,,
221,5224482912,gwatts77 (19/20),0,82.5,CPT Gerrit Cole UTIL Kyle Bradish UTIL Jose Caballero UTIL George Lombard Jr. UTIL Spencer Jones UTIL Carlos Narvaez,,,
221,5224637357,mrclean913 (1/20),0,82.5,CPT Gerrit Cole UTIL Kyle Bradish UTIL Jose Caballero UTIL George Lombard Jr. UTIL Spencer Jones UTIL Carlos Narvaez,,,
221,5224741391,ataribravo (10/20),0,82.5,CPT Gerrit Cole UTIL Kyle Bradish UTIL Jose Caballero UTIL George Lombard Jr. UTIL Spencer Jones UTIL Carlos Narvaez,,,
221,5224750062,austin60915 (1/20),0,82.5,CPT Gerrit Cole UTIL Kyle Bradish UTIL Jose Caballero UTIL George Lombard Jr. UTIL Spencer Jones UTIL Carlos Narvaez,,,
221,5224792176,Chesublimino (2/2),0,82.5,CPT Luis Garcia Jr. UTIL Gerrit Cole UTIL Ben Rice UTIL Trent Grisham UTIL Colton Cowser UTIL Grant Wolfram,,,
221,5224839642,sibobterminator,0,82.5,CPT Gerrit Cole UTIL Kyle Bradish UTIL Jose Caballero UTIL George Lombard Jr. UTIL Spencer Jones UTIL Carlos Narvaez,,,
221,5224864229,Mige1 (15/20),0,82.5,CPT Jazz Chisholm Jr. UTIL Gerrit Cole UTIL Trent Grisham UTIL Heliot Ramos UTIL Spencer Jones UTIL Samuel Basallo,,,
221,5224898516,kchomer (2/2),0,82.5,CPT Gerrit Cole UTIL Kyle Bradish UTIL Jose Caballero UTIL George Lombard Jr. UTIL Spencer Jones UTIL Carlos Narvaez,,,
221,5224904708,Steppoman (7/10),0,82.5,CPT Jazz Chisholm Jr. UTIL Gerrit Cole UTIL Trent Grisham UTIL Heliot Ramos UTIL Leody Taveras UTIL Spencer Jones,,,
232,5224443116,az350z (3/20),0,81.75,CPT Gerrit Cole UTIL Luis Garcia Jr. UTIL Jazz Chisholm Jr. UTIL Heliot Ramos UTIL George Lombard Jr. UTIL Carlos Narvaez,,,
232,5224445850,sisterflight (1/2),0,81.75,CPT Gerrit Cole UTIL Trent Grisham UTIL Heliot Ramos UTIL Leody Taveras UTIL George Lombard Jr. UTIL Spencer Jones,,,
232,5224449808,squeels1111,0,81.75,CPT Gerrit Cole UTIL Gunnar Henderson UTIL Luis Garcia Jr. UTIL Heliot Ramos UTIL Austin Wells UTIL Carlos Narvaez,,,
232,5224482904,gwatts77 (11/20),0,81.75,CPT Gerrit Cole UTIL Trent Grisham UTIL Heliot Ramos UTIL George Lombard Jr. UTIL Spencer Jones UTIL Samuel Basallo,,,
232,5224583466,rsumrall (2/10),0,81.75,CPT Gerrit Cole UTIL Luis Garcia Jr. UTIL Jazz Chisholm Jr. UTIL Heliot Ramos UTIL George Lombard Jr. UTIL Carlos Narvaez,,,
232,5224595025,FoxyGrandpa252 (3/20),0,81.75,CPT Gerrit Cole UTIL Luis Garcia Jr. UTIL Jazz Chisholm Jr. UTIL Heliot Ramos UTIL George Lombard Jr. UTIL Carlos Narvaez,,,
232,5224602305,ling4662,0,81.75,CPT Gerrit Cole UTIL Trent Grisham UTIL Heliot Ramos UTIL George Lombard Jr. UTIL Spencer Jones UTIL Samuel Basallo,,,
232,5224637361,mrclean913 (5/20),0,81.75,CPT Gerrit Cole UTIL Trent Grisham UTIL Heliot Ramos UTIL George Lombard Jr. UTIL Spencer Jones UTIL Samuel Basallo,,,
232,5224727300,18Peyton,0,81.75,CPT Gerrit Cole UTIL Trent Grisham UTIL Heliot Ramos UTIL Leody Taveras UTIL George Lombard Jr. UTIL Spencer Jones,,,
232,5224741399,ataribravo (18/20),0,81.75,CPT Gerrit Cole UTIL Luis Garcia Jr. UTIL Jazz Chisholm Jr. UTIL Heliot Ramos UTIL George Lombard Jr. UTIL Carlos Narvaez,,,
232,5224805127,warp61 (2/3),0,81.75,CPT Gerrit Cole UTIL Trent Grisham UTIL Heliot Ramos UTIL Leody Taveras UTIL George Lombard Jr. UTIL Spencer Jones,,,
232,5224832179,gittoj (20/20),0,81.75,CPT Gerrit Cole UTIL Trent Grisham UTIL Heliot Ramos UTIL George Lombard Jr. UTIL Spencer Jones UTIL Samuel Basallo,,,
232,5224864218,Mige1 (4/20),0,81.75,CPT Gerrit Cole UTIL Luis Garcia Jr. UTIL Jazz Chisholm Jr. UTIL Heliot Ramos UTIL George Lombard Jr. UTIL Carlos Narvaez,,,
232,5224864300,roberts2525,0,81.75,CPT Gerrit Cole UTIL Trent Grisham UTIL Heliot Ramos UTIL Leody Taveras UTIL George Lombard Jr. UTIL Spencer Jones,,,
232,5224865324,Romeoandjuliet,0,81.75,CPT Gerrit Cole UTIL Trent Grisham UTIL Heliot Ramos UTIL George Lombard Jr. UTIL Spencer Jones UTIL Samuel Basallo,,,
232,5224871317,JZink,0,81.75,CPT Gerrit Cole UTIL Trent Grisham UTIL Heliot Ramos UTIL George Lombard Jr. UTIL Spencer Jones UTIL Samuel Basallo,,,
232,5224888751,ATremor (1/2),0,81.75,CPT Gerrit Cole UTIL Christian Encarnacion-Strand UTIL Trent Grisham UTIL Jose Caballero UTIL Spencer Jones UTIL Austin Wells,,,
232,5224901508,Steppoman (5/10),0,81.75,CPT Gerrit Cole UTIL Trent Grisham UTIL Heliot Ramos UTIL Leody Taveras UTIL George Lombard Jr. UTIL Spencer Jones,,,
232,5224909419,FlairFlyers,0,81.75,CPT Gerrit Cole UTIL Jazz Chisholm Jr. UTIL Jose Caballero UTIL George Lombard Jr. UTIL Spencer Jones UTIL Samuel Basallo,,,
251,5224801315,KelvinDubs (17/20),0,81.5,CPT George Lombard Jr. UTIL Gerrit Cole UTIL Luis Garcia Jr. UTIL Jazz Chisholm Jr. UTIL Heliot Ramos UTIL Dylan Beavers,,,
251,5224836660,jrwhitey5454,0,81.5,CPT Jazz Chisholm Jr. UTIL Gerrit Cole UTIL Ben Rice UTIL Jose Caballero UTIL Spencer Jones UTIL Colton Cowser,,,
253,5224662490,beaner1966 (2/2),0,81.25,CPT Jazz Chisholm Jr. UTIL Gerrit Cole UTIL Kyle Bradish UTIL George Lombard Jr. UTIL Spencer Jones UTIL Colton Cowser,,,
254,5224282641,MultipleWinGasms (12/20),0,81,CPT Ben Rice UTIL Gerrit Cole UTIL Trent Grisham UTIL Heliot Ramos UTIL Spencer Jones UTIL Carlos Narvaez,,,
254,5224596491,IBrits,0,81,CPT Luis Garcia Jr. UTIL Pete Alonso UTIL Jazz Chisholm Jr. UTIL Trent Grisham UTIL George Lombard Jr. UTIL Spencer Jones,,,
256,5224282638,MultipleWinGasms (9/20),0,80.75,CPT Gerrit Cole UTIL Ben Rice UTIL Luis Garcia Jr. UTIL Jose Caballero UTIL Austin Wells UTIL Carlos Narvaez,,,
256,5224457131,Caryg07 (2/20),0,80.75,CPT Gerrit Cole UTIL Luis Garcia Jr. UTIL Heliot Ramos UTIL Jose Caballero UTIL George Lombard Jr. UTIL Grant Wolfram,,,
256,5224620179,SpeedRacer101 (10/20),0,80.75,CPT Gerrit Cole UTIL Ben Rice UTIL Luis Garcia Jr. UTIL Jose Caballero UTIL Austin Wells UTIL Carlos Narvaez,,,
256,5224637365,mrclean913 (9/20),0,80.75,CPT Gerrit Cole UTIL Ben Rice UTIL Luis Garcia Jr. UTIL Jose Caballero UTIL Austin Wells UTIL Carlos Narvaez,,,
256,5224723566,kbrisacher (19/20),0,80.75,CPT Gerrit Cole UTIL Jazz Chisholm Jr. UTIL Heliot Ramos UTIL Jose Caballero UTIL Dylan Beavers UTIL Austin Wells,,,
256,5224741397,ataribravo (16/20),0,80.75,CPT Gerrit Cole UTIL Ben Rice UTIL Luis Garcia Jr. UTIL Jose Caballero UTIL Austin Wells UTIL Carlos Narvaez,,,
256,5224849264,nedmartin (2/2),0,80.75,CPT Gerrit Cole UTIL Ben Rice UTIL Jose Caballero UTIL George Lombard Jr. UTIL Spencer Jones UTIL Colton Cowser,,,
256,5224871269,Steelersnation57 (1/3),0,80.75,CPT Gerrit Cole UTIL Pete Alonso UTIL Trent Grisham UTIL George Lombard Jr. UTIL Spencer Jones UTIL Colton Cowser,,,
256,5224878102,Steelersnation57 (2/3),0,80.75,CPT Gerrit Cole UTIL Pete Alonso UTIL Trent Grisham UTIL George Lombard Jr. UTIL Spencer Jones UTIL Colton Cowser,,,
256,5224878138,Steelersnation57 (3/3),0,80.75,CPT Gerrit Cole UTIL Pete Alonso UTIL Trent Grisham UTIL George Lombard Jr. UTIL Spencer Jones UTIL Colton Cowser,,,
266,5224164806,ivymoose (6/10),0,80.5,CPT Gerrit Cole UTIL Kyle Bradish UTIL Leody Taveras UTIL George Lombard Jr. UTIL Spencer Jones UTIL Colton Cowser,,,
266,5224164808,ivymoose (8/10),0,80.5,CPT Gerrit Cole UTIL Kyle Bradish UTIL Luis Garcia Jr. UTIL George Lombard Jr. UTIL Austin Wells UTIL Carlos Narvaez,,,
266,5224187291,MultipleWinGasms (3/20),0,80.5,CPT Gerrit Cole UTIL Kyle Bradish UTIL Luis Garcia Jr. UTIL George Lombard Jr. UTIL Austin Wells UTIL Carlos Narvaez,,,
266,5224251687,Sammy.Boy (9/20),0,80.5,CPT Gerrit Cole UTIL Kyle Bradish UTIL Luis Garcia Jr. UTIL George Lombard Jr. UTIL Austin Wells UTIL Carlos Narvaez,,,
266,5224314255,DeB090,0,80.5,CPT Luis Garcia Jr. UTIL Gerrit Cole UTIL Trent Grisham UTIL Leody Taveras UTIL Dylan Beavers UTIL Samuel Basallo,,,
266,5224482546,Satch65 (3/20),0,80.5,CPT Gerrit Cole UTIL Kyle Bradish UTIL Leody Taveras UTIL George Lombard Jr. UTIL Spencer Jones UTIL Colton Cowser,,,
266,5224637367,mrclean913 (11/20),0,80.5,CPT Gerrit Cole UTIL Kyle Bradish UTIL Luis Garcia Jr. UTIL George Lombard Jr. UTIL Austin Wells UTIL Carlos Narvaez,,,
266,5224644987,LOCNOTM (4/20),0,80.5,CPT Gerrit Cole UTIL Kyle Bradish UTIL Leody Taveras UTIL George Lombard Jr. UTIL Spencer Jones UTIL Colton Cowser,,,
266,5224644999,LOCNOTM (16/20),0,80.5,CPT Gerrit Cole UTIL Kyle Bradish UTIL Luis Garcia Jr. UTIL Leody Taveras UTIL Austin Wells UTIL Carlos Narvaez,,,
266,5224675589,bennybenny420,0,80.5,CPT Gerrit Cole UTIL Kyle Bradish UTIL Leody Taveras UTIL George Lombard Jr. UTIL Spencer Jones UTIL Colton Cowser,,,
266,5224679453,madgreek895,0,80.5,CPT Luis Garcia Jr. UTIL Gerrit Cole UTIL Ben Rice UTIL Jazz Chisholm Jr. UTIL Colton Cowser UTIL Carlos Narvaez,,,
266,5224750071,austin60915 (10/20),0,80.5,CPT Gerrit Cole UTIL Kyle Bradish UTIL Luis Garcia Jr. UTIL George Lombard Jr. UTIL Austin Wells UTIL Carlos Narvaez,,,
266,5224759631,wnorrad,0,80.5,CPT Gerrit Cole UTIL Kyle Bradish UTIL Luis Garcia Jr. UTIL George Lombard Jr. UTIL Austin Wells UTIL Carlos Narvaez,,,
266,5224785908,calnuss,0,80.5,CPT Gerrit Cole UTIL Kyle Bradish UTIL Luis Garcia Jr. UTIL George Lombard Jr. UTIL Austin Wells UTIL Carlos Narvaez,,,
266,5224788262,floydian80 (19/20),0,80.5,CPT Luis Garcia Jr. UTIL Gerrit Cole UTIL Jazz Chisholm Jr. UTIL Heliot Ramos UTIL Jose Caballero UTIL Colton Cowser,,,
266,5224796516,warp61 (1/3),0,80.5,CPT Gerrit Cole UTIL Kyle Bradish UTIL Leody Taveras UTIL George Lombard Jr. UTIL Spencer Jones UTIL Colton Cowser,,,
266,5224801305,KelvinDubs (7/20),0,80.5,CPT Gerrit Cole UTIL Kyle Bradish UTIL Luis Garcia Jr. UTIL George Lombard Jr. UTIL Austin Wells UTIL Carlos Narvaez,,,
266,5224801306,KelvinDubs (8/20),0,80.5,CPT Gerrit Cole UTIL Kyle Bradish UTIL Leody Taveras UTIL George Lombard Jr. UTIL Spencer Jones UTIL Colton Cowser,,,
266,5224805880,bkelling,0,80.5,CPT Gerrit Cole UTIL Kyle Bradish UTIL George Lombard Jr. UTIL Spencer Jones UTIL Carlos Narvaez UTIL Samuel Basallo,,,
266,5224816853,slotone (4/15),0,80.5,CPT Gerrit Cole UTIL Kyle Bradish UTIL George Lombard Jr. UTIL Spencer Jones UTIL Carlos Narvaez UTIL Samuel Basallo,,,
266,5224876087,VTHM76,0,80.5,CPT Gerrit Cole UTIL Kyle Bradish UTIL Leody Taveras UTIL George Lombard Jr. UTIL Spencer Jones UTIL Colton Cowser,,,
266,5224900798,dirtyone70,0,80.5,CPT Gerrit Cole UTIL Kyle Bradish UTIL George Lombard Jr. UTIL Spencer Jones UTIL Carlos Narvaez UTIL Samuel Basallo,,,
288,5224620172,SpeedRacer101 (3/20),0,80.25,CPT Pete Alonso UTIL Gerrit Cole UTIL Kyle Bradish UTIL Spencer Jones UTIL Colton Cowser UTIL Austin Wells,,,
288,5224662359,300CLUB300,0,80.25,CPT Amed Rosario UTIL Gerrit Cole UTIL Kyle Bradish UTIL Dylan Beavers UTIL Spencer Jones UTIL Tyler O'Neill,,,
288,5224667974,cshipley1999,0,80.25,CPT Jackson Holliday UTIL Gerrit Cole UTIL Kyle Bradish UTIL Dylan Beavers UTIL Spencer Jones UTIL Colton Cowser,,,
288,5224880481,eddie22345 (13/20),0,80.25,CPT Pete Alonso UTIL Gerrit Cole UTIL Kyle Bradish UTIL Spencer Jones UTIL Colton Cowser UTIL Austin Wells,,,
292,5224313080,JeffreyG33 (1/4),0,79.75,CPT Spencer Jones UTIL Gerrit Cole UTIL Kyle Bradish UTIL Leody Taveras UTIL George Lombard Jr. UTIL Samuel Basallo,,,
292,5224313997,JeffreyG33 (3/4),0,79.75,CPT Spencer Jones UTIL Gerrit Cole UTIL Kyle Bradish UTIL Leody Taveras UTIL George Lombard Jr. UTIL Samuel Basallo,,,
292,5224723558,kbrisacher (11/20),0,79.75,CPT Gerrit Cole UTIL Luis Garcia Jr. UTIL Jazz Chisholm Jr. UTIL George Lombard Jr. UTIL Austin Wells UTIL Samuel Basallo,,,
292,5224832160,gittoj (1/20),0,79.75,CPT Spencer Jones UTIL Gerrit Cole UTIL Kyle Bradish UTIL Leody Taveras UTIL George Lombard Jr. UTIL Samuel Basallo,,,
292,5224864302,wsox,0,79.75,CPT Gerrit Cole UTIL Luis Garcia Jr. UTIL Jazz Chisholm Jr. UTIL George Lombard Jr. UTIL Austin Wells UTIL Samuel Basallo,,,
292,5224874435,nbllove (2/4),0,79.75,CPT Gerrit Cole UTIL Luis Garcia Jr. UTIL Christian Encarnacion-Strand UTIL Jazz Chisholm Jr. UTIL Austin Wells UTIL Carlos Narvaez,,,
298,5224637371,mrclean913 (15/20),0,79.5,CPT Gerrit Cole UTIL Kyle Bradish UTIL Heliot Ramos UTIL Dylan Beavers UTIL Austin Wells UTIL Alex Hoppe,,,
299,5224792862,EasyGene2,0,79.25,CPT Jose Caballero UTIL Gerrit Cole UTIL Kyle Bradish UTIL Trent Grisham UTIL Spencer Jones UTIL Austin Wells,,,
300,5224741400,ataribravo (19/20),0,79,CPT Ben Rice UTIL Gerrit Cole UTIL Jazz Chisholm Jr. UTIL George Lombard Jr. UTIL Spencer Jones UTIL Colton Cowser,,,
300,5224804946,Orangechocolate70 (7/9),0,79,CPT Ben Rice UTIL Gerrit Cole UTIL Jazz Chisholm Jr. UTIL George Lombard Jr. UTIL Spencer Jones UTIL Colton Cowser,,,
300,5224810488,joeythewin (6/9),0,79,CPT Ben Rice UTIL Gerrit Cole UTIL Luis Garcia Jr. UTIL Jazz Chisholm Jr. UTIL Austin Wells UTIL Carlos Narvaez,,,
300,5224816858,slotone (9/15),0,79,CPT Ben Rice UTIL Gerrit Cole UTIL Jazz Chisholm Jr. UTIL George Lombard Jr. UTIL Spencer Jones UTIL Colton Cowser,,,
300,5224880266,Douglas1990 (3/4),0,79,CPT Ben Rice UTIL Gerrit Cole UTIL Jazz Chisholm Jr. UTIL George Lombard Jr. UTIL Spencer Jones UTIL Colton Cowser,,,
300,5224897001,Biscuits209 (1/9),0,79,CPT Ben Rice UTIL Gerrit Cole UTIL Jazz Chisholm Jr. UTIL Spencer Jones UTIL Colton Cowser UTIL Samuel Basallo,,,
306,5224375933,mythicalrhymer01 (3/5),0,78.75,CPT Gerrit Cole UTIL Luis Garcia Jr. UTIL Heliot Ramos UTIL Jose Caballero UTIL Leody Taveras UTIL Austin Wells,,,
306,5224550403,bilnuts,0,78.75,CPT Gerrit Cole UTIL Ben Rice UTIL Luis Garcia Jr. UTIL George Lombard Jr. UTIL Colton Cowser UTIL Austin Wells,,,
306,5224620187,SpeedRacer101 (18/20),0,78.75,CPT Gerrit Cole UTIL Luis Garcia Jr. UTIL Heliot Ramos UTIL Jose Caballero UTIL Leody Taveras UTIL Austin Wells,,,
306,5224750854,Dennylee23,0,78.75,CPT Gerrit Cole UTIL Ben Rice UTIL Luis Garcia Jr. UTIL George Lombard Jr. UTIL Colton Cowser UTIL Austin Wells,,,
306,5224812953,Mimmy2300,0,78.75,CPT Gerrit Cole UTIL Ben Rice UTIL George Lombard Jr. UTIL Spencer Jones UTIL Colton Cowser UTIL Samuel Basallo,,,
306,5224852427,coolsouthernbrees (3/16),0,78.75,CPT Gerrit Cole UTIL Ben Rice UTIL Luis Garcia Jr. UTIL George Lombard Jr. UTIL Colton Cowser UTIL Austin Wells,,,
306,5224857694,minihockey8,0,78.75,CPT Gerrit Cole UTIL Ben Rice UTIL Jackson Holliday UTIL Leody Taveras UTIL Spencer Jones UTIL Carlos Narvaez,,,
306,5224894032,Hooty17,0,78.75,CPT Gerrit Cole UTIL Ben Rice UTIL Luis Garcia Jr. UTIL Austin Wells UTIL Carlos Narvaez UTIL Samuel Basallo,,,
306,5224897757,xmrsav,0,78.75,CPT Gerrit Cole UTIL Ben Rice UTIL Leody Taveras UTIL George Lombard Jr. UTIL Spencer Jones UTIL Colton Cowser,,,
306,5224901663,sloppyD (4/4),0,78.75,CPT Gerrit Cole UTIL Ben Rice UTIL Luis Garcia Jr. UTIL George Lombard Jr. UTIL Colton Cowser UTIL Austin Wells,,,
306,5224905172,chrispy2005 (17/20),0,78.75,CPT Trent Grisham UTIL Gerrit Cole UTIL Kyle Bradish UTIL Spencer Jones UTIL Austin Wells UTIL Samuel Basallo,,,
306,5224907658,MichaelB9B,0,78.75,CPT Gerrit Cole UTIL Jazz Chisholm Jr. UTIL Trent Grisham UTIL Jose Caballero UTIL Dylan Beavers UTIL Austin Wells,,,
318,5224282639,MultipleWinGasms (10/20),0,78.625,CPT Kyle Bradish UTIL Gerrit Cole UTIL Heliot Ramos UTIL George Lombard Jr. UTIL Spencer Jones UTIL Carlos Narvaez,,,
319,5224606626,kpmonahan,0,78.5,CPT Luis Garcia Jr. UTIL Gerrit Cole UTIL Jazz Chisholm Jr. UTIL Heliot Ramos UTIL Colton Cowser UTIL Samuel Basallo,,,
320,5224409719,foutah (3/5),0,78,CPT Ben Rice UTIL Gerrit Cole UTIL Heliot Ramos UTIL Jose Caballero UTIL Spencer Jones UTIL Colton Cowser,,,
320,5224832162,gittoj (3/20),0,78,CPT Spencer Jones UTIL Gerrit Cole UTIL Ben Rice UTIL Christian Encarnacion-Strand UTIL George Lombard Jr. UTIL Samuel Basallo,,,
322,5224781383,zanva (1/4),0,77.5,CPT Gerrit Cole UTIL Kyle Bradish UTIL Gunnar Henderson UTIL Dylan Beavers UTIL Austin Wells UTIL Carlos Narvaez,,,
323,5224534199,kreller17 (4/10),0,77.25,CPT Luis Garcia Jr. UTIL Gerrit Cole UTIL Kyle Bradish UTIL Trent Grisham UTIL Colton Cowser UTIL Carlos Narvaez,,,
323,5224882569,dukhukfred,0,77.25,CPT Luis Garcia Jr. UTIL Gerrit Cole UTIL Kyle Bradish UTIL Colton Cowser UTIL Austin Wells UTIL Samuel Basallo,,,
323,5224905162,chrispy2005 (7/20),0,77.25,CPT Luis Garcia Jr. UTIL Gerrit Cole UTIL Kyle Bradish UTIL Trent Grisham UTIL Colton Cowser UTIL Carlos Narvaez,,,
326,5224846925,kellydjk (8/8),0,77,CPT Austin Wells UTIL Gerrit Cole UTIL Ben Rice UTIL Luis Garcia Jr. UTIL Jazz Chisholm Jr. UTIL Samuel Basallo,,,
327,5224194069,bucs4,0,76.75,CPT Gerrit Cole UTIL Jackson Holliday UTIL Heliot Ramos UTIL George Lombard Jr. UTIL Spencer Jones UTIL Samuel Basallo,,,
327,5224389518,AverillsAvengers,0,76.75,CPT Gerrit Cole UTIL Luis Garcia Jr. UTIL Trent Grisham UTIL Heliot Ramos UTIL George Lombard Jr. UTIL Carlos Narvaez,,,
327,5224489876,whoisjohngalt420 (11/20),0,76.75,CPT Gerrit Cole UTIL Luis Garcia Jr. UTIL Trent Grisham UTIL Heliot Ramos UTIL George Lombard Jr. UTIL Carlos Narvaez,,,
327,5224534196,kreller17 (1/10),0,76.75,CPT Gerrit Cole UTIL Luis Garcia Jr. UTIL Trent Grisham UTIL Heliot Ramos UTIL George Lombard Jr. UTIL Carlos Narvaez,,,
327,5224554129,tampayardie,0,76.75,CPT Gerrit Cole UTIL Trent Grisham UTIL Jose Caballero UTIL Leody Taveras UTIL George Lombard Jr. UTIL Spencer Jones,,,
327,5224583471,rsumrall (7/10),0,76.75,CPT Gerrit Cole UTIL Luis Garcia Jr. UTIL Trent Grisham UTIL Heliot Ramos UTIL George Lombard Jr. UTIL Carlos Narvaez,,,
327,5224723557,kbrisacher (10/20),0,76.75,CPT Gerrit Cole UTIL Trent Grisham UTIL Jose Caballero UTIL George Lombard Jr. UTIL Spencer Jones UTIL Samuel Basallo,,,
327,5224865502,JoeNY07 (6/7),0,76.75,CPT Gerrit Cole UTIL Christian Encarnacion-Strand UTIL Trent Grisham UTIL Jose Caballero UTIL Spencer Jones UTIL Colton Cowser,,,
327,5224879451,PocketsSloppy,0,76.75,CPT Gerrit Cole UTIL Luis Garcia Jr. UTIL Trent Grisham UTIL Heliot Ramos UTIL George Lombard Jr. UTIL Carlos Narvaez,,,
336,5224467641,comac (1/2),0,76.625,CPT Kyle Bradish UTIL Gerrit Cole UTIL Christian Encarnacion-Strand UTIL Spencer Jones UTIL Colton Cowser UTIL Austin Wells,,,
336,5224620171,SpeedRacer101 (2/20),0,76.625,CPT Kyle Bradish UTIL Gerrit Cole UTIL Gunnar Henderson UTIL Spencer Jones UTIL Colton Cowser UTIL Carlos Narvaez,,,
338,5224846950,skunks20,0,75.75,CPT Gerrit Cole UTIL Pete Alonso UTIL George Lombard Jr. UTIL Spencer Jones UTIL Colton Cowser UTIL Samuel Basallo,,,
338,5224862470,2015Falcons,0,75.75,CPT Gerrit Cole UTIL Ben Rice UTIL Jazz Chisholm Jr. UTIL George Lombard Jr. UTIL Dylan Beavers UTIL Carlos Narvaez,,,
340,5224482561,Satch65 (18/20),0,75.5,CPT Gerrit Cole UTIL Kyle Bradish UTIL Luis Garcia Jr. UTIL George Lombard Jr. UTIL Colton Cowser UTIL Carlos Narvaez,,,
340,5224489866,whoisjohngalt420 (1/20),0,75.5,CPT Gerrit Cole UTIL Kyle Bradish UTIL Luis Garcia Jr. UTIL George Lombard Jr. UTIL Colton Cowser UTIL Carlos Narvaez,,,
340,5224779329,dweather09 (4/20),0,75.5,CPT Gerrit Cole UTIL Kyle Bradish UTIL Luis Garcia Jr. UTIL George Lombard Jr. UTIL Colton Cowser UTIL Carlos Narvaez,,,
340,5224779336,dweather09 (11/20),0,75.5,CPT Luis Garcia Jr. UTIL Gerrit Cole UTIL Ben Rice UTIL George Lombard Jr. UTIL Austin Wells UTIL Samuel Basallo,,,
340,5224832166,gittoj (7/20),0,75.5,CPT Jazz Chisholm Jr. UTIL Gerrit Cole UTIL Gunnar Henderson UTIL George Lombard Jr. UTIL Spencer Jones UTIL Samuel Basallo,,,
340,5224880477,eddie22345 (9/20),0,75.5,CPT Gerrit Cole UTIL Kyle Bradish UTIL Luis Garcia Jr. UTIL George Lombard Jr. UTIL Colton Cowser UTIL Carlos Narvaez,,,
346,5224534202,kreller17 (7/10),0,75.25,CPT Pete Alonso UTIL Gerrit Cole UTIL Kyle Bradish UTIL Spencer Jones UTIL Colton Cowser UTIL Carlos Narvaez,,,
346,5224778613,ecaras0381,0,75.25,CPT George Lombard Jr. UTIL Gerrit Cole UTIL Kyle Bradish UTIL Ben Rice UTIL Spencer Jones UTIL Carlos Narvaez,,,
346,5224901639,sloppyD (2/4),0,75.25,CPT George Lombard Jr. UTIL Gerrit Cole UTIL Kyle Bradish UTIL Ben Rice UTIL Spencer Jones UTIL Carlos Narvaez,,,
349,5224514808,duanebertonallen (2/2),0,74.75,CPT Austin Wells UTIL Gerrit Cole UTIL Kyle Bradish UTIL Pete Alonso UTIL Luis Garcia Jr. UTIL Colton Cowser,,,
349,5224635953,hitters9,0,74.75,CPT Gerrit Cole UTIL Gunnar Henderson UTIL Christian Encarnacion-Strand UTIL George Lombard Jr. UTIL Spencer Jones UTIL Colton Cowser,,,
349,5224777892,E_Minor89,0,74.75,CPT Gerrit Cole UTIL Trent Grisham UTIL Coby Mayo UTIL Leody Taveras UTIL George Lombard Jr. UTIL Spencer Jones,,,
352,5224832164,gittoj (5/20),0,74.5,CPT George Lombard Jr. UTIL Gerrit Cole UTIL Ben Rice UTIL Jazz Chisholm Jr. UTIL Spencer Jones UTIL Samuel Basallo,,,
352,5224846924,kellydjk (7/8),0,74.5,CPT George Lombard Jr. UTIL Gerrit Cole UTIL Ben Rice UTIL Jazz Chisholm Jr. UTIL Spencer Jones UTIL Samuel Basallo,,,
354,5224443119,az350z (6/20),0,74.25,CPT Jose Caballero UTIL Gerrit Cole UTIL Kyle Bradish UTIL Trent Grisham UTIL Spencer Jones UTIL Colton Cowser,,,
354,5224891669,puspopent (1/3),0,74.25,CPT Spencer Jones UTIL Kyle Bradish UTIL Pete Alonso UTIL Jazz Chisholm Jr. UTIL Heliot Ramos UTIL Leody Taveras,,,
354,5224899134,puspopent (2/3),0,74.25,CPT Spencer Jones UTIL Kyle Bradish UTIL Pete Alonso UTIL Jazz Chisholm Jr. UTIL Heliot Ramos UTIL Leody Taveras,,,
354,5224899164,puspopent (3/3),0,74.25,CPT Spencer Jones UTIL Kyle Bradish UTIL Pete Alonso UTIL Jazz Chisholm Jr. UTIL Heliot Ramos UTIL Leody Taveras,,,
358,5224443133,az350z (20/20),0,74,CPT Ben Rice UTIL Gerrit Cole UTIL Trent Grisham UTIL Leody Taveras UTIL Spencer Jones UTIL Josh Walker,,,
358,5224637376,mrclean913 (20/20),0,74,CPT Ben Rice UTIL Gerrit Cole UTIL Trent Grisham UTIL George Lombard Jr. UTIL Spencer Jones UTIL Colton Cowser,,,
358,5224719168,ste6000,0,74,CPT Ben Rice UTIL Gerrit Cole UTIL Trent Grisham UTIL George Lombard Jr. UTIL Spencer Jones UTIL Colton Cowser,,,
358,5224801313,KelvinDubs (15/20),0,74,CPT Austin Wells UTIL Gerrit Cole UTIL Ben Rice UTIL Luis Garcia Jr. UTIL Jackson Holliday UTIL Heliot Ramos,,,
358,5224818565,joeythewin (9/9),0,74,CPT Ben Rice UTIL Gerrit Cole UTIL Christian Encarnacion-Strand UTIL Spencer Jones UTIL Austin Wells UTIL Samuel Basallo,,,
358,5224898701,Steppoman (4/10),0,74,CPT Ben Rice UTIL Gerrit Cole UTIL Trent Grisham UTIL Spencer Jones UTIL Colton Cowser UTIL Samuel Basallo,,,
364,5224251681,Sammy.Boy (3/20),0,73.75,CPT Gerrit Cole UTIL Ben Rice UTIL Jazz Chisholm Jr. UTIL Heliot Ramos UTIL Colton Cowser UTIL Austin Wells,,,
364,5224297876,FesterBlack,0,73.75,CPT Gerrit Cole UTIL Luis Garcia Jr. UTIL Heliot Ramos UTIL Jose Caballero UTIL Leody Taveras UTIL Colton Cowser,,,
364,5224443120,az350z (7/20),0,73.75,CPT Gerrit Cole UTIL Luis Garcia Jr. UTIL Heliot Ramos UTIL Jose Caballero UTIL George Lombard Jr. UTIL Josh Walker,,,
364,5224443132,az350z (19/20),0,73.75,CPT Gerrit Cole UTIL Ben Rice UTIL Jazz Chisholm Jr. UTIL George Lombard Jr. UTIL Austin Wells UTIL Grant Wolfram,,,
364,5224489874,whoisjohngalt420 (9/20),0,73.75,CPT Gerrit Cole UTIL Ben Rice UTIL Jazz Chisholm Jr. UTIL Heliot Ramos UTIL Colton Cowser UTIL Austin Wells,,,
364,5224637360,mrclean913 (4/20),0,73.75,CPT Gerrit Cole UTIL Ben Rice UTIL Jazz Chisholm Jr. UTIL Heliot Ramos UTIL Colton Cowser UTIL Austin Wells,,,
364,5224746501,cwh2638 (1/2),0,73.75,CPT Gerrit Cole UTIL Ben Rice UTIL Luis Garcia Jr. UTIL Paul Goldschmidt UTIL Yohel Pozo UTIL Anthony Volpe,,,
364,5224803477,conlinscopy,0,73.75,CPT Gerrit Cole UTIL Ben Rice UTIL Jazz Chisholm Jr. UTIL Heliot Ramos UTIL Colton Cowser UTIL Austin Wells,,,
364,5224821614,FakeNewsCNN1 (2/2),0,73.75,CPT Trent Grisham UTIL Gerrit Cole UTIL Kyle Bradish UTIL George Lombard Jr. UTIL Spencer Jones UTIL Colton Cowser,,,
364,5224855416,ctech1 (1/3),0,73.75,CPT Gerrit Cole UTIL Ben Rice UTIL Jazz Chisholm Jr. UTIL Heliot Ramos UTIL Colton Cowser UTIL Austin Wells,,,
364,5224876005,bhickman99 (2/10),0,73.75,CPT Pete Alonso UTIL Kyle Bradish UTIL Luis Garcia Jr. UTIL Jackson Holliday UTIL Spencer Jones UTIL Austin Wells,,,
364,5224876038,MaddHatter916 (1/2),0,73.75,CPT Gerrit Cole UTIL Ben Rice UTIL Jazz Chisholm Jr. UTIL Heliot Ramos UTIL Colton Cowser UTIL Austin Wells,,,
364,5224883521,MaddHatter916 (2/2),0,73.75,CPT Gerrit Cole UTIL Ben Rice UTIL Jazz Chisholm Jr. UTIL Heliot Ramos UTIL Colton Cowser UTIL Austin Wells,,,
364,5224910338,savrome2425 (13/20),0,73.75,CPT Gerrit Cole UTIL Christian Encarnacion-Strand UTIL Jazz Chisholm Jr. UTIL Jose Caballero UTIL Dylan Beavers UTIL Austin Wells,,,
378,5224910330,savrome2425 (5/20),0,73.625,CPT Kyle Bradish UTIL Gerrit Cole UTIL Jazz Chisholm Jr. UTIL Dylan Beavers UTIL Colton Cowser UTIL Austin Wells,,,
379,5224334035,Zmoney526,0,73.5,CPT Jackson Holliday UTIL Gerrit Cole UTIL Ben Rice UTIL Luis Garcia Jr. UTIL Dylan Beavers UTIL Carlos Narvaez,,,
380,5224880483,eddie22345 (15/20),0,73.25,CPT Jackson Holliday UTIL Gerrit Cole UTIL Kyle Bradish UTIL Jose Caballero UTIL Spencer Jones UTIL Austin Wells,,,
381,5224825853,slotone (12/15),0,73,CPT Trent Grisham UTIL Gerrit Cole UTIL Jazz Chisholm Jr. UTIL Jackson Holliday UTIL Leody Taveras UTIL Spencer Jones,,,
381,5224825855,slotone (14/15),0,73,CPT Jose Caballero UTIL Pete Alonso UTIL Gunnar Henderson UTIL Luis Garcia Jr. UTIL Jazz Chisholm Jr. UTIL Spencer Jones,,,
383,5224750073,austin60915 (12/20),0,72.75,CPT Gerrit Cole UTIL Ben Rice UTIL Jose Caballero UTIL George Lombard Jr. UTIL Dylan Beavers UTIL Austin Wells,,,
383,5224832097,mike_sb,0,72.75,CPT Gerrit Cole UTIL Ben Rice UTIL Heliot Ramos UTIL George Lombard Jr. UTIL Dylan Beavers UTIL Colton Cowser,,,
385,5224645001,LOCNOTM (18/20),0,72.5,CPT Gerrit Cole UTIL Kyle Bradish UTIL Trent Grisham UTIL Dylan Beavers UTIL Colton Cowser UTIL Carlos Narvaez,,,
385,5224788252,floydian80 (9/20),0,72.5,CPT Gerrit Cole UTIL Kyle Bradish UTIL Trent Grisham UTIL Dylan Beavers UTIL Colton Cowser UTIL Brent Headrick,,,
385,5224856732,JoeNY07 (2/7),0,72.5,CPT Gerrit Cole UTIL Kyle Bradish UTIL Leody Taveras UTIL George Lombard Jr. UTIL Dylan Beavers UTIL Austin Wells,,,
385,5224880478,eddie22345 (10/20),0,72.5,CPT Gerrit Cole UTIL Kyle Bradish UTIL Trent Grisham UTIL Dylan Beavers UTIL Colton Cowser UTIL Tim Hill,,,
385,5224909944,DannyG75137,0,72.5,CPT Gerrit Cole UTIL Kyle Bradish UTIL Leody Taveras UTIL George Lombard Jr. UTIL Dylan Beavers UTIL Austin Wells,,,
390,5224788259,floydian80 (16/20),0,72.25,CPT Colton Cowser UTIL Gerrit Cole UTIL Kyle Bradish UTIL Pete Alonso UTIL George Lombard Jr. UTIL Spencer Jones,,,
390,5224880480,eddie22345 (12/20),0,72.25,CPT Leody Taveras UTIL Gerrit Cole UTIL Kyle Bradish UTIL Pete Alonso UTIL Spencer Jones UTIL Carlos Narvaez,,,
392,5224832169,gittoj (10/20),0,72.125,CPT Kyle Bradish UTIL Gunnar Henderson UTIL Jazz Chisholm Jr. UTIL George Lombard Jr. UTIL Dylan Beavers UTIL Spencer Jones,,,
393,5224195168,sdray199,0,72,CPT Trent Grisham UTIL Gerrit Cole UTIL Ben Rice UTIL Luis Garcia Jr. UTIL Colton Cowser UTIL Austin Wells,,,
394,5224282640,MultipleWinGasms (11/20),0,71.75,CPT Ben Rice UTIL Gerrit Cole UTIL Kyle Bradish UTIL Dylan Beavers UTIL Austin Wells UTIL Carlos Narvaez,,,
394,5224443127,az350z (14/20),0,71.75,CPT Gerrit Cole UTIL Ben Rice UTIL Jazz Chisholm Jr. UTIL Trent Grisham UTIL Austin Wells UTIL Carlos Narvaez,,,
394,5224459764,Valhalla,0,71.75,CPT Gerrit Cole UTIL Ben Rice UTIL Jazz Chisholm Jr. UTIL Trent Grisham UTIL Austin Wells UTIL Carlos Narvaez,,,
394,5224694819,jsw1264,0,71.75,CPT Gerrit Cole UTIL Christian Encarnacion-Strand UTIL Jose Caballero UTIL Leody Taveras UTIL George Lombard Jr. UTIL Spencer Jones,,,
394,5224727403,STLCards6,0,71.75,CPT Gerrit Cole UTIL Ben Rice UTIL Jazz Chisholm Jr. UTIL Trent Grisham UTIL Austin Wells UTIL Carlos Narvaez,,,
394,5224816850,slotone (1/15),0,71.75,CPT Gerrit Cole UTIL Ben Rice UTIL Jazz Chisholm Jr. UTIL Trent Grisham UTIL Austin Wells UTIL Carlos Narvaez,,,
394,5224856711,jdap,0,71.75,CPT Gerrit Cole UTIL Ben Rice UTIL Jazz Chisholm Jr. UTIL Trent Grisham UTIL Austin Wells UTIL Carlos Narvaez,,,
394,5224879771,jimm1925,0,71.75,CPT Gerrit Cole UTIL Ben Rice UTIL Jazz Chisholm Jr. UTIL Trent Grisham UTIL Austin Wells UTIL Carlos Narvaez,,,
394,5224880484,eddie22345 (16/20),0,71.75,CPT Gerrit Cole UTIL Luis Garcia Jr. UTIL Trent Grisham UTIL Jose Caballero UTIL Carlos Narvaez UTIL Samuel Basallo,,,
394,5224905164,chrispy2005 (9/20),0,71.75,CPT Ben Rice UTIL Gerrit Cole UTIL Kyle Bradish UTIL Dylan Beavers UTIL Austin Wells UTIL Carlos Narvaez,,,
394,5224905175,chrispy2005 (20/20),0,71.75,CPT Gerrit Cole UTIL Luis Garcia Jr. UTIL Jackson Holliday UTIL Jose Caballero UTIL George Lombard Jr. UTIL Austin Wells,,,
405,5224389520,Daily_Big_Kahuna (2/7),0,71.625,CPT Kyle Bradish UTIL Gerrit Cole UTIL Leody Taveras UTIL Spencer Jones UTIL Colton Cowser UTIL Samuel Basallo,,,
405,5224443115,az350z (2/20),0,71.625,CPT Kyle Bradish UTIL Gerrit Cole UTIL Leody Taveras UTIL Spencer Jones UTIL Colton Cowser UTIL Samuel Basallo,,,
405,5224489877,whoisjohngalt420 (12/20),0,71.625,CPT Kyle Bradish UTIL Gerrit Cole UTIL Leody Taveras UTIL Spencer Jones UTIL Colton Cowser UTIL Samuel Basallo,,,
405,5224556000,r_howell21 (1/2),0,71.625,CPT Kyle Bradish UTIL Gerrit Cole UTIL Leody Taveras UTIL Spencer Jones UTIL Colton Cowser UTIL Samuel Basallo,,,
405,5224556001,r_howell21 (2/2),0,71.625,CPT Kyle Bradish UTIL Gerrit Cole UTIL Leody Taveras UTIL Spencer Jones UTIL Colton Cowser UTIL Samuel Basallo,,,
405,5224565149,Rustycle (1/2),0,71.625,CPT Kyle Bradish UTIL Gerrit Cole UTIL Leody Taveras UTIL George Lombard Jr. UTIL Spencer Jones UTIL Colton Cowser,,,
405,5224637374,mrclean913 (18/20),0,71.625,CPT Kyle Bradish UTIL Gerrit Cole UTIL Leody Taveras UTIL Spencer Jones UTIL Colton Cowser UTIL Samuel Basallo,,,
405,5224723551,kbrisacher (4/20),0,71.625,CPT Kyle Bradish UTIL Gerrit Cole UTIL Leody Taveras UTIL Spencer Jones UTIL Colton Cowser UTIL Samuel Basallo,,,
405,5224744756,Apocalypse91351 (1/2),0,71.625,CPT Kyle Bradish UTIL Gerrit Cole UTIL George Lombard Jr. UTIL Spencer Jones UTIL Colton Cowser UTIL Samuel Basallo,,,
405,5224764268,YoungDoe36 (1/2),0,71.625,CPT Kyle Bradish UTIL Gerrit Cole UTIL George Lombard Jr. UTIL Spencer Jones UTIL Tyler O'Neill UTIL Jasson Dominguez,,,
405,5224801308,KelvinDubs (10/20),0,71.625,CPT Kyle Bradish UTIL Gerrit Cole UTIL Leody Taveras UTIL Spencer Jones UTIL Colton Cowser UTIL Samuel Basallo,,,
405,5224852388,coolsouthernbrees (2/16),0,71.625,CPT Kyle Bradish UTIL Gerrit Cole UTIL Christian Encarnacion-Strand UTIL Spencer Jones UTIL Colton Cowser UTIL Carlos Narvaez,,,
405,5224906808,ctech1 (3/3),0,71.625,CPT Kyle Bradish UTIL Gerrit Cole UTIL George Lombard Jr. UTIL Spencer Jones UTIL Colton Cowser UTIL Samuel Basallo,,,
405,5224909155,Steppoman (10/10),0,71.625,CPT Kyle Bradish UTIL Gerrit Cole UTIL George Lombard Jr. UTIL Spencer Jones UTIL Colton Cowser UTIL Samuel Basallo,,,
419,5224442589,blazer1sd,0,71.5,CPT George Lombard Jr. UTIL Gerrit Cole UTIL Ben Rice UTIL Heliot Ramos UTIL Spencer Jones UTIL Samuel Basallo,,,
419,5224876006,bhickman99 (3/10),0,71.5,CPT Luis Garcia Jr. UTIL Gerrit Cole UTIL Jazz Chisholm Jr. UTIL Jackson Holliday UTIL Colton Cowser UTIL Samuel Basallo,,,
421,5224443117,az350z (4/20),0,71.25,CPT Spencer Jones UTIL Kyle Bradish UTIL Pete Alonso UTIL Christian Encarnacion-Strand UTIL Jackson Holliday UTIL Dylan Beavers,,,
421,5224820934,dwman34 (1/2),0,71.25,CPT Leody Taveras UTIL Gerrit Cole UTIL Kyle Bradish UTIL Gunnar Henderson UTIL Spencer Jones UTIL Colton Cowser,,,
423,5224904664,Monkeybutz,0,71,CPT Ben Rice UTIL Gerrit Cole UTIL Jazz Chisholm Jr. UTIL Leody Taveras UTIL Dylan Beavers UTIL Austin Wells,,,
423,5224908340,Steppoman (9/10),0,71,CPT Heliot Ramos UTIL Gerrit Cole UTIL Christian Encarnacion-Strand UTIL Trent Grisham UTIL Leody Taveras UTIL Spencer Jones,,,
425,5224543590,EEChick1400,0,70.75,CPT Gerrit Cole UTIL Ben Rice UTIL Trent Grisham UTIL George Lombard Jr. UTIL Dylan Beavers UTIL Carlos Narvaez,,,
425,5224876004,bhickman99 (1/10),0,70.75,CPT Gerrit Cole UTIL Pete Alonso UTIL Jazz Chisholm Jr. UTIL Heliot Ramos UTIL Colton Cowser UTIL Austin Wells,,,
427,5224361464,JcClark18 (1/15),0,70.5,CPT Gerrit Cole UTIL Kyle Bradish UTIL Trent Grisham UTIL George Lombard Jr. UTIL Austin Wells UTIL Grant Wolfram,,,
427,5224668468,zeusturnmeloose,0,70.5,CPT Trent Grisham UTIL Ben Rice UTIL Gunnar Henderson UTIL Luis Garcia Jr. UTIL Spencer Jones UTIL Samuel Basallo,,,
427,5224726148,jasons1876,0,70.5,CPT George Lombard Jr. UTIL Gerrit Cole UTIL Jazz Chisholm Jr. UTIL Trent Grisham UTIL Jackson Holliday UTIL Spencer Jones,,,
427,5224823333,crawdaddy_11 (3/3),0,70.5,CPT Luis Garcia Jr. UTIL Gerrit Cole UTIL Ben Rice UTIL Leody Taveras UTIL George Lombard Jr. UTIL Colton Cowser,,,
427,5224846917,kellydjk (1/8),0,70.5,CPT Jazz Chisholm Jr. UTIL Gerrit Cole UTIL Luis Garcia Jr. UTIL Trent Grisham UTIL Colton Cowser UTIL Samuel Basallo,,,
432,5224832173,gittoj (14/20),0,70.125,CPT Kyle Bradish UTIL Luis Garcia Jr. UTIL Trent Grisham UTIL George Lombard Jr. UTIL Spencer Jones UTIL Samuel Basallo,,,
433,5224741571,rlwestjr (2/2),0,70,CPT Trent Grisham UTIL Gerrit Cole UTIL Luis Garcia Jr. UTIL Heliot Ramos UTIL Leody Taveras UTIL Austin Wells,,,
433,5224813284,tonzoo,0,70,CPT Trent Grisham UTIL Gerrit Cole UTIL Christian Encarnacion-Strand UTIL Heliot Ramos UTIL George Lombard Jr. UTIL Spencer Jones,,,
433,5224856750,JoeNY07 (4/7),0,70,CPT George Lombard Jr. UTIL Pete Alonso UTIL Luis Garcia Jr. UTIL Jazz Chisholm Jr. UTIL Spencer Jones UTIL Austin Wells,,,
436,5224303163,Rubbertow,0,69.75,CPT Gerrit Cole UTIL Luis Garcia Jr. UTIL Trent Grisham UTIL George Lombard Jr. UTIL Colton Cowser UTIL Samuel Basallo,,,
436,5224489868,whoisjohngalt420 (3/20),0,69.75,CPT Gerrit Cole UTIL Jazz Chisholm Jr. UTIL Trent Grisham UTIL Heliot Ramos UTIL Leody Taveras UTIL Austin Wells,,,
438,5224560727,KJDenman1,0,69.5,CPT George Lombard Jr. UTIL Gerrit Cole UTIL Ben Rice UTIL Trent Grisham UTIL Spencer Jones UTIL Samuel Basallo,,,
438,5224620188,SpeedRacer101 (19/20),0,69.5,CPT Samuel Basallo UTIL Gerrit Cole UTIL Ben Rice UTIL Trent Grisham UTIL George Lombard Jr. UTIL Spencer Jones,,,
438,5224635774,flair60,0,69.5,CPT Ben Rice UTIL Gunnar Henderson UTIL Luis Garcia Jr. UTIL Jose Caballero UTIL George Lombard Jr. UTIL Spencer Jones,,,
438,5224860569,ncpackfan30,0,69.5,CPT Samuel Basallo UTIL Gerrit Cole UTIL Ben Rice UTIL Trent Grisham UTIL George Lombard Jr. UTIL Spencer Jones,,,
438,5224864057,cwade720,0,69.5,CPT Luis Garcia Jr. UTIL Gerrit Cole UTIL Pete Alonso UTIL Jose Caballero UTIL George Lombard Jr. UTIL Carlos Narvaez,,,
443,5224463031,AstroDon,0,69,CPT Gunnar Henderson UTIL Gerrit Cole UTIL Pete Alonso UTIL George Lombard Jr. UTIL Spencer Jones UTIL Colton Cowser,,,
443,5224825854,slotone (13/15),0,69,CPT Christian Encarnacion-Strand UTIL Gunnar Henderson UTIL Luis Garcia Jr. UTIL Jazz Chisholm Jr. UTIL Trent Grisham UTIL Spencer Jones,,,
443,5224876010,bhickman99 (7/10),0,69,CPT Gunnar Henderson UTIL Gerrit Cole UTIL Pete Alonso UTIL Luis Garcia Jr. UTIL Austin Wells UTIL Carlos Narvaez,,,
443,5224880915,nbllove (4/4),0,69,CPT Ben Rice UTIL Gerrit Cole UTIL Christian Encarnacion-Strand UTIL George Lombard Jr. UTIL Spencer Jones UTIL Colton Cowser,,,
443,5224904720,kasie111 (3/3),0,69,CPT Pete Alonso UTIL Ben Rice UTIL Luis Garcia Jr. UTIL Jazz Chisholm Jr. UTIL Dylan Beavers UTIL Austin Wells,,,
443,5224906734,djslinky950,0,69,CPT Trent Grisham UTIL Gerrit Cole UTIL Pete Alonso UTIL Leody Taveras UTIL George Lombard Jr. UTIL Spencer Jones,,,
449,5224361468,JcClark18 (5/15),0,68.75,CPT Gerrit Cole UTIL Ben Rice UTIL Jazz Chisholm Jr. UTIL Jose Caballero UTIL Austin Wells UTIL Josh Walker,,,
449,5224534198,kreller17 (3/10),0,68.75,CPT Gerrit Cole UTIL Ben Rice UTIL Trent Grisham UTIL Heliot Ramos UTIL Colton Cowser UTIL Austin Wells,,,
449,5224583468,rsumrall (4/10),0,68.75,CPT Gerrit Cole UTIL Ben Rice UTIL Trent Grisham UTIL Heliot Ramos UTIL Colton Cowser UTIL Austin Wells,,,
449,5224595023,FoxyGrandpa252 (1/20),0,68.75,CPT Gerrit Cole UTIL Ben Rice UTIL Trent Grisham UTIL Heliot Ramos UTIL Colton Cowser UTIL Austin Wells,,,
449,5224703423,GeorgeAllen (2/2),0,68.75,CPT Gerrit Cole UTIL Trent Grisham UTIL Heliot Ramos UTIL Leody Taveras UTIL George Lombard Jr. UTIL Dylan Beavers,,,
449,5224719172,malaka62,0,68.75,CPT Gerrit Cole UTIL Pete Alonso UTIL Jazz Chisholm Jr. UTIL Trent Grisham UTIL Austin Wells UTIL Christian Franklin,,,
449,5224741401,ataribravo (20/20),0,68.75,CPT Gerrit Cole UTIL Ben Rice UTIL Trent Grisham UTIL Heliot Ramos UTIL Austin Wells UTIL Josh Walker,,,
449,5224750065,austin60915 (4/20),0,68.75,CPT Gerrit Cole UTIL Ben Rice UTIL Trent Grisham UTIL Heliot Ramos UTIL Austin Wells UTIL Josh Walker,,,
449,5224755921,Tomhawk12,0,68.75,CPT Gerrit Cole UTIL Pete Alonso UTIL Jazz Chisholm Jr. UTIL Trent Grisham UTIL Austin Wells UTIL Carlos Narvaez,,,
449,5224864224,Mige1 (10/20),0,68.75,CPT Gerrit Cole UTIL Ben Rice UTIL Trent Grisham UTIL Heliot Ramos UTIL Colton Cowser UTIL Austin Wells,,,
449,5224880470,eddie22345 (2/20),0,68.75,CPT Gerrit Cole UTIL Ben Rice UTIL Trent Grisham UTIL Heliot Ramos UTIL Colton Cowser UTIL Austin Wells,,,
460,5224482552,Satch65 (9/20),0,68.625,CPT Kyle Bradish UTIL Gerrit Cole UTIL Trent Grisham UTIL Dylan Beavers UTIL Colton Cowser UTIL Austin Wells,,,
461,5224187292,MultipleWinGasms (4/20),0,68.5,CPT Gerrit Cole UTIL Kyle Bradish UTIL Jazz Chisholm Jr. UTIL George Lombard Jr. UTIL Colton Cowser UTIL Austin Wells,,,
461,5224251691,Sammy.Boy (13/20),0,68.5,CPT Gerrit Cole UTIL Kyle Bradish UTIL Jazz Chisholm Jr. UTIL George Lombard Jr. UTIL Colton Cowser UTIL Austin Wells,,,
461,5224361471,JcClark18 (8/15),0,68.5,CPT Gerrit Cole UTIL Kyle Bradish UTIL Jazz Chisholm Jr. UTIL George Lombard Jr. UTIL Colton Cowser UTIL Austin Wells,,,
461,5224423101,apforadori (3/3),0,68.5,CPT Gerrit Cole UTIL Kyle Bradish UTIL Jazz Chisholm Jr. UTIL George Lombard Jr. UTIL Colton Cowser UTIL Austin Wells,,,
461,5224457134,Caryg07 (5/20),0,68.5,CPT Gerrit Cole UTIL Kyle Bradish UTIL Jazz Chisholm Jr. UTIL George Lombard Jr. UTIL Colton Cowser UTIL Austin Wells,,,
461,5224477176,dogman0076,0,68.5,CPT Gerrit Cole UTIL Kyle Bradish UTIL Jazz Chisholm Jr. UTIL George Lombard Jr. UTIL Colton Cowser UTIL Austin Wells,,,
461,5224482548,Satch65 (5/20),0,68.5,CPT Gerrit Cole UTIL Kyle Bradish UTIL Jazz Chisholm Jr. UTIL George Lombard Jr. UTIL Austin Wells UTIL Carlos Narvaez,,,
461,5224583470,rsumrall (6/10),0,68.5,CPT Gerrit Cole UTIL Kyle Bradish UTIL Jazz Chisholm Jr. UTIL George Lombard Jr. UTIL Colton Cowser UTIL Austin Wells,,,
461,5224595024,FoxyGrandpa252 (2/20),0,68.5,CPT Gerrit Cole UTIL Kyle Bradish UTIL Jazz Chisholm Jr. UTIL George Lombard Jr. UTIL Colton Cowser UTIL Austin Wells,,,
461,5224644984,LOCNOTM (1/20),0,68.5,CPT Gerrit Cole UTIL Kyle Bradish UTIL Jazz Chisholm Jr. UTIL George Lombard Jr. UTIL Colton Cowser UTIL Austin Wells,,,
461,5224644991,LOCNOTM (8/20),0,68.5,CPT Gerrit Cole UTIL Kyle Bradish UTIL Jazz Chisholm Jr. UTIL George Lombard Jr. UTIL Austin Wells UTIL Carlos Narvaez,,,
461,5224741166,LoganGrewe50,0,68.5,CPT Gerrit Cole UTIL Kyle Bradish UTIL Jazz Chisholm Jr. UTIL George Lombard Jr. UTIL Colton Cowser UTIL Austin Wells,,,
461,5224750078,austin60915 (17/20),0,68.5,CPT Gerrit Cole UTIL Kyle Bradish UTIL Jazz Chisholm Jr. UTIL George Lombard Jr. UTIL Colton Cowser UTIL Austin Wells,,,
461,5224763401,imnotstoppIN (1/2),0,68.5,CPT Gerrit Cole UTIL Kyle Bradish UTIL Jazz Chisholm Jr. UTIL George Lombard Jr. UTIL Colton Cowser UTIL Austin Wells,,,
461,5224795230,Robertcotner (1/3),0,68.5,CPT Gerrit Cole UTIL Kyle Bradish UTIL Jazz Chisholm Jr. UTIL George Lombard Jr. UTIL Colton Cowser UTIL Austin Wells,,,
461,5224801302,KelvinDubs (4/20),0,68.5,CPT Gerrit Cole UTIL Kyle Bradish UTIL Jazz Chisholm Jr. UTIL George Lombard Jr. UTIL Colton Cowser UTIL Austin Wells,,,
461,5224836870,74riZionup (1/2),0,68.5,CPT Gerrit Cole UTIL Kyle Bradish UTIL Jazz Chisholm Jr. UTIL George Lombard Jr. UTIL Colton Cowser UTIL Austin Wells,,,
461,5224848398,nedmartin (1/2),0,68.5,CPT Gerrit Cole UTIL Kyle Bradish UTIL Jazz Chisholm Jr. UTIL George Lombard Jr. UTIL Colton Cowser UTIL Austin Wells,,,
461,5224852371,coolsouthernbrees (1/16),0,68.5,CPT Gerrit Cole UTIL Kyle Bradish UTIL Jazz Chisholm Jr. UTIL George Lombard Jr. UTIL Colton Cowser UTIL Austin Wells,,,
461,5224864217,Mige1 (3/20),0,68.5,CPT Gerrit Cole UTIL Kyle Bradish UTIL Jazz Chisholm Jr. UTIL George Lombard Jr. UTIL Colton Cowser UTIL Austin Wells,,,
461,5224871366,louiswat (1/3),0,68.5,CPT Gerrit Cole UTIL Kyle Bradish UTIL Jazz Chisholm Jr. UTIL George Lombard Jr. UTIL Colton Cowser UTIL Austin Wells,,,
461,5224876007,bhickman99 (4/10),0,68.5,CPT Jazz Chisholm Jr. UTIL Gerrit Cole UTIL Pete Alonso UTIL Jackson Holliday UTIL Dylan Beavers UTIL Austin Wells,,,
461,5224896420,patton22,0,68.5,CPT Gerrit Cole UTIL Kyle Bradish UTIL Jazz Chisholm Jr. UTIL George Lombard Jr. UTIL Colton Cowser UTIL Austin Wells,,,
484,5224810483,joeythewin (4/9),0,68.25,CPT Jose Caballero UTIL Gerrit Cole UTIL Kyle Bradish UTIL Heliot Ramos UTIL Dylan Beavers UTIL Austin Wells,,,
485,5224832167,gittoj (8/20),0,68.125,CPT Kyle Bradish UTIL Ben Rice UTIL Jose Caballero UTIL George Lombard Jr. UTIL Dylan Beavers UTIL Spencer Jones,,,
486,5224698069,kimballwaters,0,68,CPT Pete Alonso UTIL Luis Garcia Jr. UTIL Christian Encarnacion-Strand UTIL Jazz Chisholm Jr. UTIL Leody Taveras UTIL Spencer Jones,,,
486,5224874323,ohairyone,0,68,CPT Trent Grisham UTIL Gerrit Cole UTIL Pete Alonso UTIL Heliot Ramos UTIL Dylan Beavers UTIL Austin Wells,,,
486,5224891454,Yankeeguy27,0,68,CPT Gunnar Henderson UTIL Gerrit Cole UTIL Trent Grisham UTIL Leody Taveras UTIL George Lombard Jr. UTIL Spencer Jones,,,
489,5224901654,sloppyD (3/4),0,67.75,CPT Gerrit Cole UTIL Gunnar Henderson UTIL Jazz Chisholm Jr. UTIL Trent Grisham UTIL Colton Cowser UTIL Austin Wells,,,
490,5224187289,MultipleWinGasms (1/20),0,67.5,CPT Gerrit Cole UTIL Kyle Bradish UTIL Ben Rice UTIL Colton Cowser UTIL Austin Wells UTIL Carlos Narvaez,,,
490,5224275616,jsimoniette23 (3/3),0,67.5,CPT Gerrit Cole UTIL Kyle Bradish UTIL Ben Rice UTIL Colton Cowser UTIL Austin Wells UTIL Carlos Narvaez,,,
490,5224391746,CMoehring34,0,67.5,CPT Gerrit Cole UTIL Kyle Bradish UTIL Ben Rice UTIL Colton Cowser UTIL Austin Wells UTIL Carlos Narvaez,,,
490,5224464953,joe_mac10,0,67.5,CPT Gerrit Cole UTIL Kyle Bradish UTIL Ben Rice UTIL Colton Cowser UTIL Austin Wells UTIL Carlos Narvaez,,,
490,5224482544,Satch65 (1/20),0,67.5,CPT Gerrit Cole UTIL Kyle Bradish UTIL Ben Rice UTIL Colton Cowser UTIL Austin Wells UTIL Carlos Narvaez,,,
490,5224482894,gwatts77 (1/20),0,67.5,CPT Gerrit Cole UTIL Kyle Bradish UTIL Heliot Ramos UTIL Jose Caballero UTIL Austin Wells UTIL Carlos Narvaez,,,
490,5224511369,SaintWaveCubPel84,0,67.5,CPT Gerrit Cole UTIL Kyle Bradish UTIL Ben Rice UTIL Colton Cowser UTIL Austin Wells UTIL Carlos Narvaez,,,
490,5224645003,LOCNOTM (20/20),0,67.5,CPT Gerrit Cole UTIL Kyle Bradish UTIL Ben Rice UTIL Colton Cowser UTIL Austin Wells UTIL Carlos Narvaez,,,
490,5224779326,dweather09 (1/20),0,67.5,CPT Gerrit Cole UTIL Kyle Bradish UTIL Ben Rice UTIL Colton Cowser UTIL Austin Wells UTIL Carlos Narvaez,,,
490,5224835877,ParlayPimpinDon (4/5),0,67.5,CPT Gerrit Cole UTIL Kyle Bradish UTIL Ben Rice UTIL Colton Cowser UTIL Austin Wells UTIL Carlos Narvaez,,,
490,5224861756,kudos72off (3/4),0,67.5,CPT Gerrit Cole UTIL Kyle Bradish UTIL Heliot Ramos UTIL Jose Caballero UTIL Austin Wells UTIL Carlos Narvaez,,,
490,5224897107,Kevin1957,0,67.5,CPT Gerrit Cole UTIL Kyle Bradish UTIL Ben Rice UTIL Colton Cowser UTIL Austin Wells UTIL Carlos Narvaez,,,
490,5224899086,trappwimm80 (3/4),0,67.5,CPT Gerrit Cole UTIL Kyle Bradish UTIL Ben Rice UTIL Colton Cowser UTIL Austin Wells UTIL Carlos Narvaez,,,
503,5224880382,1gilligan,0,67.25,CPT Gunnar Henderson UTIL Kyle Bradish UTIL Luis Garcia Jr. UTIL George Lombard Jr. UTIL Spencer Jones UTIL Samuel Basallo,,,
504,5224885129,branhugh,0,67,CPT Jazz Chisholm Jr. UTIL Ben Rice UTIL Luis Garcia Jr. UTIL Heliot Ramos UTIL Leody Taveras UTIL Dylan Beavers,,,
505,5224720119,RYates32,0,66.75,CPT Gerrit Cole UTIL Ben Rice UTIL Jazz Chisholm Jr. UTIL George Lombard Jr. UTIL Colton Cowser UTIL Austin Wells,,,
505,5224751846,Jayssan1960,0,66.75,CPT Gerrit Cole UTIL Ben Rice UTIL Jazz Chisholm Jr. UTIL Colton Cowser UTIL Austin Wells UTIL Samuel Basallo,,,
505,5224816420,ParlayPimpinDon (2/5),0,66.75,CPT Gerrit Cole UTIL Ben Rice UTIL Jazz Chisholm Jr. UTIL Coby Mayo UTIL Colton Cowser UTIL Austin Wells,,,
505,5224832178,gittoj (19/20),0,66.75,CPT Gerrit Cole UTIL Jazz Chisholm Jr. UTIL Leody Taveras UTIL George Lombard Jr. UTIL Dylan Beavers UTIL Samuel Basallo,,,
505,5224865129,degdx4life (2/2),0,66.75,CPT Gerrit Cole UTIL Ben Rice UTIL Jazz Chisholm Jr. UTIL Trent Grisham UTIL Colton Cowser UTIL Carlos Narvaez,,,
510,5224251682,Sammy.Boy (4/20),0,66.625,CPT Kyle Bradish UTIL Gerrit Cole UTIL Luis Garcia Jr. UTIL Leody Taveras UTIL Colton Cowser UTIL Carlos Narvaez,,,
510,5224361467,JcClark18 (4/15),0,66.625,CPT Kyle Bradish UTIL Gerrit Cole UTIL Luis Garcia Jr. UTIL Leody Taveras UTIL Colton Cowser UTIL Carlos Narvaez,,,
510,5224457143,Caryg07 (14/20),0,66.625,CPT Kyle Bradish UTIL Gerrit Cole UTIL Luis Garcia Jr. UTIL Colton Cowser UTIL Carlos Narvaez UTIL Samuel Basallo,,,
510,5224482555,Satch65 (12/20),0,66.625,CPT Kyle Bradish UTIL Gerrit Cole UTIL Luis Garcia Jr. UTIL Colton Cowser UTIL Carlos Narvaez UTIL Samuel Basallo,,,
510,5224620178,SpeedRacer101 (9/20),0,66.625,CPT Kyle Bradish UTIL Gerrit Cole UTIL Luis Garcia Jr. UTIL Leody Taveras UTIL Colton Cowser UTIL Carlos Narvaez,,,
510,5224644992,LOCNOTM (9/20),0,66.625,CPT Kyle Bradish UTIL Gerrit Cole UTIL Luis Garcia Jr. UTIL Colton Cowser UTIL Carlos Narvaez UTIL Samuel Basallo,,,
510,5224741386,ataribravo (5/20),0,66.625,CPT Kyle Bradish UTIL Gerrit Cole UTIL Luis Garcia Jr. UTIL Leody Taveras UTIL Colton Cowser UTIL Carlos Narvaez,,,
510,5224750081,austin60915 (20/20),0,66.625,CPT Kyle Bradish UTIL Gerrit Cole UTIL Luis Garcia Jr. UTIL Colton Cowser UTIL Carlos Narvaez UTIL Samuel Basallo,,,
510,5224864233,Mige1 (19/20),0,66.625,CPT Kyle Bradish UTIL Gerrit Cole UTIL Luis Garcia Jr. UTIL Colton Cowser UTIL Carlos Narvaez UTIL Samuel Basallo,,,
510,5224885821,okelly36,0,66.625,CPT Kyle Bradish UTIL Gerrit Cole UTIL Luis Garcia Jr. UTIL Colton Cowser UTIL Carlos Narvaez UTIL Samuel Basallo,,,
520,5224789402,hatchii112,0,66.5,CPT Luis Garcia Jr. UTIL Gerrit Cole UTIL Trent Grisham UTIL Jackson Holliday UTIL Leody Taveras UTIL Colton Cowser,,,
520,5224844405,DMax,0,66.5,CPT Spencer Jones UTIL Pete Alonso UTIL Gunnar Henderson UTIL Jazz Chisholm Jr. UTIL Trent Grisham UTIL Jackson Holliday,,,
520,5224899172,mrpeabody,0,66.5,CPT George Lombard Jr. UTIL Gerrit Cole UTIL Ben Rice UTIL Luis Garcia Jr. UTIL Heliot Ramos UTIL Colton Cowser,,,
523,5224313996,JeffreyG33 (2/4),0,66.25,CPT George Lombard Jr. UTIL Gerrit Cole UTIL Kyle Bradish UTIL Leody Taveras UTIL Spencer Jones UTIL Samuel Basallo,,,
523,5224322168,JeffreyG33 (4/4),0,66.25,CPT George Lombard Jr. UTIL Gerrit Cole UTIL Kyle Bradish UTIL Leody Taveras UTIL Spencer Jones UTIL Samuel Basallo,,,
523,5224767942,jonsierak (3/3),0,66.25,CPT Samuel Basallo UTIL Gerrit Cole UTIL Kyle Bradish UTIL Leody Taveras UTIL George Lombard Jr. UTIL Spencer Jones,,,
523,5224832161,gittoj (2/20),0,66.25,CPT George Lombard Jr. UTIL Gerrit Cole UTIL Kyle Bradish UTIL Leody Taveras UTIL Spencer Jones UTIL Samuel Basallo,,,
523,5224906820,Steppoman (8/10),0,66.25,CPT George Lombard Jr. UTIL Gerrit Cole UTIL Kyle Bradish UTIL Leody Taveras UTIL Spencer Jones UTIL Samuel Basallo,,,
528,5224810478,joeythewin (2/9),0,65.75,CPT Trent Grisham UTIL Gerrit Cole UTIL Kyle Bradish UTIL Dylan Beavers UTIL Austin Wells UTIL Samuel Basallo,,,
528,5224864926,Edbris561 (5/5),0,65.75,CPT Gunnar Henderson UTIL Gerrit Cole UTIL Kyle Bradish UTIL Dylan Beavers UTIL Colton Cowser UTIL Austin Wells,,,
530,5224251679,Sammy.Boy (1/20),0,65.5,CPT Gerrit Cole UTIL Kyle Bradish UTIL Trent Grisham UTIL Jose Caballero UTIL Austin Wells UTIL Carlos Narvaez,,,
530,5224275604,jsimoniette23 (1/3),0,65.5,CPT Gerrit Cole UTIL Kyle Bradish UTIL Trent Grisham UTIL Jose Caballero UTIL Austin Wells UTIL Carlos Narvaez,,,
530,5224282635,MultipleWinGasms (6/20),0,65.5,CPT Gerrit Cole UTIL Kyle Bradish UTIL Trent Grisham UTIL Jose Caballero UTIL Austin Wells UTIL Carlos Narvaez,,,
530,5224282636,MultipleWinGasms (7/20),0,65.5,CPT Gerrit Cole UTIL Kyle Bradish UTIL Jackson Holliday UTIL Heliot Ramos UTIL Austin Wells UTIL Carlos Narvaez,,,
530,5224361473,JcClark18 (10/15),0,65.5,CPT Gerrit Cole UTIL Kyle Bradish UTIL Trent Grisham UTIL Jose Caballero UTIL Austin Wells UTIL Carlos Narvaez,,,
530,5224389519,Daily_Big_Kahuna (1/7),0,65.5,CPT Gerrit Cole UTIL Kyle Bradish UTIL Trent Grisham UTIL Jose Caballero UTIL Austin Wells UTIL Carlos Narvaez,,,
530,5224443114,az350z (1/20),0,65.5,CPT Gerrit Cole UTIL Kyle Bradish UTIL Trent Grisham UTIL Jose Caballero UTIL Austin Wells UTIL Carlos Narvaez,,,
530,5224457132,Caryg07 (3/20),0,65.5,CPT Gerrit Cole UTIL Kyle Bradish UTIL Trent Grisham UTIL Jose Caballero UTIL Austin Wells UTIL Carlos Narvaez,,,
530,5224482547,Satch65 (4/20),0,65.5,CPT Gerrit Cole UTIL Kyle Bradish UTIL Jackson Holliday UTIL Heliot Ramos UTIL Austin Wells UTIL Carlos Narvaez,,,
530,5224489870,whoisjohngalt420 (5/20),0,65.5,CPT Gerrit Cole UTIL Kyle Bradish UTIL Trent Grisham UTIL Jose Caballero UTIL Austin Wells UTIL Carlos Narvaez,,,
530,5224583467,rsumrall (3/10),0,65.5,CPT Gerrit Cole UTIL Kyle Bradish UTIL Trent Grisham UTIL Jose Caballero UTIL Austin Wells UTIL Carlos Narvaez,,,
530,5224595027,FoxyGrandpa252 (5/20),0,65.5,CPT Gerrit Cole UTIL Kyle Bradish UTIL Trent Grisham UTIL Jose Caballero UTIL Austin Wells UTIL Carlos Narvaez,,,
530,5224637358,mrclean913 (2/20),0,65.5,CPT Gerrit Cole UTIL Kyle Bradish UTIL Trent Grisham UTIL Jose Caballero UTIL Austin Wells UTIL Carlos Narvaez,,,
530,5224647982,Joco6959 (1/2),0,65.5,CPT Spencer Jones UTIL Ben Rice UTIL Pete Alonso UTIL Gunnar Henderson UTIL Trent Grisham UTIL George Lombard Jr.,,,
530,5224723550,kbrisacher (3/20),0,65.5,CPT Gerrit Cole UTIL Kyle Bradish UTIL Trent Grisham UTIL Jose Caballero UTIL Austin Wells UTIL Carlos Narvaez,,,
530,5224741389,ataribravo (8/20),0,65.5,CPT Gerrit Cole UTIL Kyle Bradish UTIL Trent Grisham UTIL Jose Caballero UTIL Austin Wells UTIL Carlos Narvaez,,,
530,5224741393,ataribravo (12/20),0,65.5,CPT Gerrit Cole UTIL Kyle Bradish UTIL Heliot Ramos UTIL Austin Wells UTIL Samuel Basallo UTIL Alex Hoppe,,,
530,5224750069,austin60915 (8/20),0,65.5,CPT Gerrit Cole UTIL Kyle Bradish UTIL Trent Grisham UTIL Jose Caballero UTIL Austin Wells UTIL Carlos Narvaez,,,
530,5224779331,dweather09 (6/20),0,65.5,CPT Gerrit Cole UTIL Kyle Bradish UTIL Heliot Ramos UTIL Colton Cowser UTIL Austin Wells UTIL Samuel Basallo,,,
530,5224856748,degdx4life (1/2),0,65.5,CPT Ben Rice UTIL Pete Alonso UTIL Trent Grisham UTIL George Lombard Jr. UTIL Dylan Beavers UTIL Spencer Jones,,,
530,5224864216,Mige1 (2/20),0,65.5,CPT Gerrit Cole UTIL Kyle Bradish UTIL Trent Grisham UTIL Jose Caballero UTIL Austin Wells UTIL Carlos Narvaez,,,
530,5224876104,phoolio777,0,65.5,CPT Gerrit Cole UTIL Kyle Bradish UTIL Heliot Ramos UTIL George Lombard Jr. UTIL Colton Cowser UTIL Austin Wells,,,
530,5224877703,berlin48,0,65.5,CPT Gerrit Cole UTIL Kyle Bradish UTIL Heliot Ramos UTIL Colton Cowser UTIL Austin Wells UTIL Samuel Basallo,,,
530,5224880286,Douglas1990 (4/4),0,65.5,CPT Ben Rice UTIL Pete Alonso UTIL Gunnar Henderson UTIL George Lombard Jr. UTIL Dylan Beavers UTIL Spencer Jones,,,
554,5224876008,bhickman99 (5/10),0,65.25,CPT Ben Rice UTIL Kyle Bradish UTIL Jackson Holliday UTIL George Lombard Jr. UTIL Dylan Beavers UTIL Spencer Jones,,,
554,5224876013,bhickman99 (10/10),0,65.25,CPT Ben Rice UTIL Kyle Bradish UTIL Jackson Holliday UTIL George Lombard Jr. UTIL Dylan Beavers UTIL Spencer Jones,,,
556,5224596487,tam92267,0,65,CPT Pete Alonso UTIL Gunnar Henderson UTIL Luis Garcia Jr. UTIL Jose Caballero UTIL Leody Taveras UTIL Spencer Jones,,,
556,5224860585,Lakeworthjets,0,65,CPT Pete Alonso UTIL Gunnar Henderson UTIL Luis Garcia Jr. UTIL Jazz Chisholm Jr. UTIL Dylan Beavers UTIL Austin Wells,,,
556,5224861185,coolsouthernbrees (9/16),0,65,CPT Jazz Chisholm Jr. UTIL Pete Alonso UTIL Gunnar Henderson UTIL Trent Grisham UTIL Heliot Ramos UTIL Spencer Jones,,,
559,5224008157,Freyze,0,64.75,CPT Gerrit Cole UTIL Jazz Chisholm Jr. UTIL Trent Grisham UTIL Heliot Ramos UTIL George Lombard Jr. UTIL Colton Cowser,,,
559,5224389521,Daily_Big_Kahuna (3/7),0,64.75,CPT Gerrit Cole UTIL Jazz Chisholm Jr. UTIL Trent Grisham UTIL Heliot Ramos UTIL George Lombard Jr. UTIL Colton Cowser,,,
559,5224457137,Caryg07 (8/20),0,64.75,CPT Gerrit Cole UTIL Jazz Chisholm Jr. UTIL Trent Grisham UTIL Heliot Ramos UTIL George Lombard Jr. UTIL Colton Cowser,,,
559,5224649873,GambiTCereaL,0,64.75,CPT Gerrit Cole UTIL Jazz Chisholm Jr. UTIL Trent Grisham UTIL Heliot Ramos UTIL George Lombard Jr. UTIL Colton Cowser,,,
559,5224723553,kbrisacher (6/20),0,64.75,CPT Gerrit Cole UTIL Jazz Chisholm Jr. UTIL Trent Grisham UTIL Heliot Ramos UTIL George Lombard Jr. UTIL Colton Cowser,,,
559,5224750079,austin60915 (18/20),0,64.75,CPT Gerrit Cole UTIL Jazz Chisholm Jr. UTIL Trent Grisham UTIL Jose Caballero UTIL Austin Wells UTIL Samuel Basallo,,,
559,5224880471,eddie22345 (3/20),0,64.75,CPT Gerrit Cole UTIL Jazz Chisholm Jr. UTIL Trent Grisham UTIL Heliot Ramos UTIL George Lombard Jr. UTIL Colton Cowser,,,
559,5224897093,Runninrebel02 (2/5),0,64.75,CPT Gerrit Cole UTIL Jazz Chisholm Jr. UTIL Trent Grisham UTIL Heliot Ramos UTIL George Lombard Jr. UTIL Colton Cowser,,,
567,5224282645,MultipleWinGasms (16/20),0,64.5,CPT Gerrit Cole UTIL Kyle Bradish UTIL Pete Alonso UTIL Colton Cowser UTIL Austin Wells UTIL Carlos Narvaez,,,
567,5224725880,Grizzadams (1/2),0,64.5,CPT George Lombard Jr. UTIL Gerrit Cole UTIL Ben Rice UTIL Jackson Holliday UTIL Spencer Jones UTIL Samuel Basallo,,,
567,5224781386,zanva (2/4),0,64.5,CPT Gerrit Cole UTIL Kyle Bradish UTIL Pete Alonso UTIL Colton Cowser UTIL Austin Wells UTIL Carlos Narvaez,,,
567,5224788261,floydian80 (18/20),0,64.5,CPT George Lombard Jr. UTIL Gerrit Cole UTIL Jazz Chisholm Jr. UTIL Trent Grisham UTIL Heliot Ramos UTIL Dylan Beavers,,,
567,5224804948,Orangechocolate70 (9/9),0,64.5,CPT Gerrit Cole UTIL Kyle Bradish UTIL Pete Alonso UTIL Colton Cowser UTIL Austin Wells UTIL Carlos Narvaez,,,
567,5224846971,67JCON,0,64.5,CPT George Lombard Jr. UTIL Gerrit Cole UTIL Ben Rice UTIL Jackson Holliday UTIL Spencer Jones UTIL Samuel Basallo,,,
567,5224852921,coolsouthernbrees (5/16),0,64.5,CPT Ben Rice UTIL Luis Garcia Jr. UTIL Jazz Chisholm Jr. UTIL Trent Grisham UTIL Dylan Beavers UTIL Colton Cowser,,,
567,5224873694,2boys2girls (3/3),0,64.5,CPT Ben Rice UTIL Luis Garcia Jr. UTIL Jazz Chisholm Jr. UTIL Trent Grisham UTIL George Lombard Jr. UTIL Dylan Beavers,,,
575,5223954552,kenread133 (1/2),0,64,CPT Pete Alonso UTIL Ben Rice UTIL Gunnar Henderson UTIL George Lombard Jr. UTIL Dylan Beavers UTIL Spencer Jones,,,
576,5224238989,millerjt7 (2/2),0,63.75,CPT Heliot Ramos UTIL Gerrit Cole UTIL Kyle Bradish UTIL Ben Rice UTIL Austin Wells UTIL Carlos Narvaez,,,
576,5224251689,Sammy.Boy (11/20),0,63.75,CPT Gerrit Cole UTIL Ben Rice UTIL Trent Grisham UTIL Jose Caballero UTIL Colton Cowser UTIL Austin Wells,,,
576,5224563549,dinoimp (1/2),0,63.75,CPT Gerrit Cole UTIL Ben Rice UTIL Trent Grisham UTIL Jose Caballero UTIL Colton Cowser UTIL Austin Wells,,,
576,5224879511,LALA420,0,63.75,CPT Gerrit Cole UTIL Ben Rice UTIL Trent Grisham UTIL Jose Caballero UTIL Colton Cowser UTIL Austin Wells,,,
576,5224910344,savrome2425 (19/20),0,63.75,CPT Gerrit Cole UTIL Ben Rice UTIL Trent Grisham UTIL Jose Caballero UTIL Colton Cowser UTIL Austin Wells,,,
581,5224164803,ivymoose (3/10),0,63.625,CPT Kyle Bradish UTIL Gerrit Cole UTIL Christian Encarnacion-Strand UTIL Dylan Beavers UTIL Colton Cowser UTIL Austin Wells,,,
581,5224251694,Sammy.Boy (16/20),0,63.625,CPT Kyle Bradish UTIL Gerrit Cole UTIL Gunnar Henderson UTIL Dylan Beavers UTIL Colton Cowser UTIL Carlos Narvaez,,,
581,5224251698,Sammy.Boy (20/20),0,63.625,CPT Kyle Bradish UTIL Gerrit Cole UTIL Leody Taveras UTIL Dylan Beavers UTIL Austin Wells UTIL Samuel Basallo,,,
581,5224361465,JcClark18 (2/15),0,63.625,CPT Kyle Bradish UTIL Gerrit Cole UTIL Gunnar Henderson UTIL Dylan Beavers UTIL Colton Cowser UTIL Carlos Narvaez,,,
581,5224443121,az350z (8/20),0,63.625,CPT Kyle Bradish UTIL Gerrit Cole UTIL Leody Taveras UTIL Dylan Beavers UTIL Austin Wells UTIL Samuel Basallo,,,
581,5224443130,az350z (17/20),0,63.625,CPT Kyle Bradish UTIL Gerrit Cole UTIL Gunnar Henderson UTIL Dylan Beavers UTIL Carlos Narvaez UTIL Andrew Kittredge,,,
581,5224457136,Caryg07 (7/20),0,63.625,CPT Kyle Bradish UTIL Gerrit Cole UTIL Gunnar Henderson UTIL Dylan Beavers UTIL Colton Cowser UTIL Carlos Narvaez,,,
581,5224482908,gwatts77 (15/20),0,63.625,CPT Kyle Bradish UTIL Gerrit Cole UTIL Leody Taveras UTIL Dylan Beavers UTIL Austin Wells UTIL Samuel Basallo,,,
581,5224675419,Orangechocolate70 (1/9),0,63.625,CPT Kyle Bradish UTIL Gerrit Cole UTIL Christian Encarnacion-Strand UTIL Dylan Beavers UTIL Colton Cowser UTIL Austin Wells,,,
581,5224723554,kbrisacher (7/20),0,63.625,CPT Kyle Bradish UTIL Gerrit Cole UTIL Jackson Holliday UTIL Dylan Beavers UTIL Colton Cowser UTIL Austin Wells,,,
581,5224741383,ataribravo (2/20),0,63.625,CPT Kyle Bradish UTIL Gerrit Cole UTIL Leody Taveras UTIL Dylan Beavers UTIL Austin Wells UTIL Samuel Basallo,,,
581,5224750070,austin60915 (9/20),0,63.625,CPT Kyle Bradish UTIL Gerrit Cole UTIL Gunnar Henderson UTIL Dylan Beavers UTIL Colton Cowser UTIL Carlos Narvaez,,,
581,5224810429,joeythewin (1/9),0,63.625,CPT Kyle Bradish UTIL Gerrit Cole UTIL George Lombard Jr. UTIL Dylan Beavers UTIL Austin Wells UTIL Samuel Basallo,,,
581,5224825856,slotone (15/15),0,63.625,CPT Kyle Bradish UTIL Gerrit Cole UTIL Leody Taveras UTIL George Lombard Jr. UTIL Dylan Beavers UTIL Austin Wells,,,
581,5224864226,Mige1 (12/20),0,63.625,CPT Kyle Bradish UTIL Gerrit Cole UTIL Gunnar Henderson UTIL Dylan Beavers UTIL Colton Cowser UTIL Carlos Narvaez,,,
581,5224898505,kchomer (1/2),0,63.625,CPT Kyle Bradish UTIL Gerrit Cole UTIL George Lombard Jr. UTIL Dylan Beavers UTIL Austin Wells UTIL Samuel Basallo,,,
581,5224910329,savrome2425 (4/20),0,63.625,CPT Kyle Bradish UTIL Gerrit Cole UTIL Christian Encarnacion-Strand UTIL Dylan Beavers UTIL Colton Cowser UTIL Austin Wells,,,
598,5224138094,rajonrondough,0,63.5,CPT Gerrit Cole UTIL Kyle Bradish UTIL Trent Grisham UTIL George Lombard Jr. UTIL Colton Cowser UTIL Austin Wells,,,
598,5224181702,nickenyon6,0,63.5,CPT Gerrit Cole UTIL Kyle Bradish UTIL Trent Grisham UTIL George Lombard Jr. UTIL Colton Cowser UTIL Austin Wells,,,
598,5224251695,Sammy.Boy (17/20),0,63.5,CPT Gerrit Cole UTIL Kyle Bradish UTIL Trent Grisham UTIL George Lombard Jr. UTIL Colton Cowser UTIL Austin Wells,,,
598,5224275613,jsimoniette23 (2/3),0,63.5,CPT Gerrit Cole UTIL Kyle Bradish UTIL Trent Grisham UTIL George Lombard Jr. UTIL Colton Cowser UTIL Austin Wells,,,
598,5224366596,Sportsgarage88888 (1/4),0,63.5,CPT Gerrit Cole UTIL Kyle Bradish UTIL Trent Grisham UTIL George Lombard Jr. UTIL Colton Cowser UTIL Austin Wells,,,
598,5224375931,mythicalrhymer01 (1/5),0,63.5,CPT Gerrit Cole UTIL Kyle Bradish UTIL Trent Grisham UTIL George Lombard Jr. UTIL Austin Wells UTIL Alex Hoppe,,,
598,5224411393,nycgator12,0,63.5,CPT Gerrit Cole UTIL Kyle Bradish UTIL Trent Grisham UTIL Austin Wells UTIL Carlos Narvaez UTIL Samuel Basallo,,,
598,5224430276,dolan21 (1/2),0,63.5,CPT Gerrit Cole UTIL Kyle Bradish UTIL Trent Grisham UTIL George Lombard Jr. UTIL Colton Cowser UTIL Austin Wells,,,
598,5224430282,dolan21 (2/2),0,63.5,CPT Gerrit Cole UTIL Kyle Bradish UTIL Trent Grisham UTIL George Lombard Jr. UTIL Colton Cowser UTIL Austin Wells,,,
598,5224448870,joejoe113 (1/2),0,63.5,CPT Gerrit Cole UTIL Kyle Bradish UTIL Trent Grisham UTIL George Lombard Jr. UTIL Colton Cowser UTIL Austin Wells,,,
598,5224457103,Littlebilly65,0,63.5,CPT Gerrit Cole UTIL Kyle Bradish UTIL Trent Grisham UTIL George Lombard Jr. UTIL Colton Cowser UTIL Austin Wells,,,
598,5224482551,Satch65 (8/20),0,63.5,CPT Gerrit Cole UTIL Kyle Bradish UTIL Jazz Chisholm Jr. UTIL Leody Taveras UTIL Colton Cowser UTIL Carlos Narvaez,,,
598,5224482559,Satch65 (16/20),0,63.5,CPT Gerrit Cole UTIL Kyle Bradish UTIL Trent Grisham UTIL George Lombard Jr. UTIL Colton Cowser UTIL Austin Wells,,,
598,5224482562,Satch65 (19/20),0,63.5,CPT Gerrit Cole UTIL Kyle Bradish UTIL Trent Grisham UTIL Leody Taveras UTIL Austin Wells UTIL Carlos Narvaez,,,
598,5224489884,whoisjohngalt420 (19/20),0,63.5,CPT Gerrit Cole UTIL Kyle Bradish UTIL Trent Grisham UTIL George Lombard Jr. UTIL Colton Cowser UTIL Austin Wells,,,
598,5224644985,LOCNOTM (2/20),0,63.5,CPT Gerrit Cole UTIL Kyle Bradish UTIL Trent Grisham UTIL Leody Taveras UTIL Austin Wells UTIL Carlos Narvaez,,,
598,5224644993,LOCNOTM (10/20),0,63.5,CPT Gerrit Cole UTIL Kyle Bradish UTIL Jazz Chisholm Jr. UTIL George Lombard Jr. UTIL Colton Cowser UTIL Carlos Narvaez,,,
598,5224645000,LOCNOTM (17/20),0,63.5,CPT Gerrit Cole UTIL Kyle Bradish UTIL Jazz Chisholm Jr. UTIL Leody Taveras UTIL Colton Cowser UTIL Carlos Narvaez,,,
598,5224689298,Foleyface,0,63.5,CPT Gerrit Cole UTIL Kyle Bradish UTIL Trent Grisham UTIL George Lombard Jr. UTIL Colton Cowser UTIL Austin Wells,,,
598,5224732522,ajbrennan96,0,63.5,CPT Gerrit Cole UTIL Kyle Bradish UTIL Gunnar Henderson UTIL Amed Rosario UTIL Colton Cowser UTIL Austin Wells,,,
598,5224779327,dweather09 (2/20),0,63.5,CPT Gerrit Cole UTIL Kyle Bradish UTIL Trent Grisham UTIL George Lombard Jr. UTIL Colton Cowser UTIL Austin Wells,,,
598,5224788260,floydian80 (17/20),0,63.5,CPT Gerrit Cole UTIL Kyle Bradish UTIL Jazz Chisholm Jr. UTIL Leody Taveras UTIL Carlos Narvaez UTIL Andrew Kittredge,,,
598,5224801299,KelvinDubs (1/20),0,63.5,CPT Gerrit Cole UTIL Kyle Bradish UTIL Trent Grisham UTIL George Lombard Jr. UTIL Colton Cowser UTIL Austin Wells,,,
598,5224801301,KelvinDubs (3/20),0,63.5,CPT Gerrit Cole UTIL Kyle Bradish UTIL Trent Grisham UTIL Leody Taveras UTIL Colton Cowser UTIL Austin Wells,,,
598,5224801303,KelvinDubs (5/20),0,63.5,CPT Gerrit Cole UTIL Kyle Bradish UTIL Trent Grisham UTIL Austin Wells UTIL Carlos Narvaez UTIL Samuel Basallo,,,
598,5224813738,TinyGiant99,0,63.5,CPT Gerrit Cole UTIL Kyle Bradish UTIL Trent Grisham UTIL George Lombard Jr. UTIL Colton Cowser UTIL Austin Wells,,,
598,5224824273,Spicegren (2/3),0,63.5,CPT Gerrit Cole UTIL Kyle Bradish UTIL Trent Grisham UTIL George Lombard Jr. UTIL Colton Cowser UTIL Austin Wells,,,
598,5224829077,georgeconfused (2/6),0,63.5,CPT Gerrit Cole UTIL Kyle Bradish UTIL Trent Grisham UTIL George Lombard Jr. UTIL Austin Wells UTIL Yerry de los Santos,,,
598,5224845258,FrozenFromundaCheese,0,63.5,CPT Gerrit Cole UTIL Kyle Bradish UTIL Trent Grisham UTIL George Lombard Jr. UTIL Colton Cowser UTIL Austin Wells,,,
598,5224850869,jrjk88,0,63.5,CPT Gerrit Cole UTIL Kyle Bradish UTIL Trent Grisham UTIL George Lombard Jr. UTIL Colton Cowser UTIL Austin Wells,,,
598,5224873585,Douglas1990 (2/4),0,63.5,CPT Gerrit Cole UTIL Kyle Bradish UTIL Trent Grisham UTIL George Lombard Jr. UTIL Colton Cowser UTIL Austin Wells,,,
598,5224880328,sgrupp,0,63.5,CPT Gerrit Cole UTIL Kyle Bradish UTIL Trent Grisham UTIL George Lombard Jr. UTIL Colton Cowser UTIL Austin Wells,,,
598,5224884080,criticalmass048 (1/5),0,63.5,CPT Gerrit Cole UTIL Kyle Bradish UTIL Trent Grisham UTIL Leody Taveras UTIL Colton Cowser UTIL Austin Wells,,,
598,5224908540,xXxPLOSIVE (2/4),0,63.5,CPT Gerrit Cole UTIL Kyle Bradish UTIL Trent Grisham UTIL Austin Wells UTIL Carlos Narvaez UTIL Samuel Basallo,,,
598,5224908541,xXxPLOSIVE (3/4),0,63.5,CPT Gerrit Cole UTIL Kyle Bradish UTIL Trent Grisham UTIL George Lombard Jr. UTIL Colton Cowser UTIL Austin Wells,,,
598,5224910334,savrome2425 (9/20),0,63.5,CPT Gerrit Cole UTIL Kyle Bradish UTIL Trent Grisham UTIL George Lombard Jr. UTIL Colton Cowser UTIL Austin Wells,,,
634,5224868539,mrichter22 (2/2),0,63.25,CPT Leody Taveras UTIL Gerrit Cole UTIL Kyle Bradish UTIL Gunnar Henderson UTIL Dylan Beavers UTIL Austin Wells,,,
634,5224910326,savrome2425 (1/20),0,63.25,CPT Samuel Basallo UTIL Gerrit Cole UTIL Kyle Bradish UTIL Trent Grisham UTIL Dylan Beavers UTIL Austin Wells,,,
636,5224840785,Discko,0,63,CPT Trent Grisham UTIL Gerrit Cole UTIL Christian Encarnacion-Strand UTIL Jackson Holliday UTIL George Lombard Jr. UTIL Spencer Jones,,,
637,5224776485,eagles1980,0,62.75,CPT Gerrit Cole UTIL Christian Encarnacion-Strand UTIL Jazz Chisholm Jr. UTIL Trent Grisham UTIL Colton Cowser UTIL Austin Wells,,,
637,5224845986,gfromsd23,0,62.75,CPT Gerrit Cole UTIL Ben Rice UTIL Pete Alonso UTIL George Lombard Jr. UTIL Austin Wells UTIL Carlos Narvaez,,,
637,5224856719,JoeNY07 (1/7),0,62.75,CPT Gerrit Cole UTIL Ben Rice UTIL Pete Alonso UTIL George Lombard Jr. UTIL Austin Wells UTIL Carlos Narvaez,,,
637,5224858805,dwman34 (2/2),0,62.75,CPT Gerrit Cole UTIL Gunnar Henderson UTIL Jazz Chisholm Jr. UTIL Leody Taveras UTIL George Lombard Jr. UTIL Austin Wells,,,
637,5224876612,mportigue,0,62.75,CPT Gerrit Cole UTIL Ben Rice UTIL Pete Alonso UTIL Austin Wells UTIL Carlos Narvaez UTIL Samuel Basallo,,,
637,5224889124,zenlax,0,62.75,CPT Gerrit Cole UTIL Jazz Chisholm Jr. UTIL Trent Grisham UTIL George Lombard Jr. UTIL Austin Wells UTIL Samuel Basallo,,,
637,5224905173,chrispy2005 (18/20),0,62.75,CPT Gerrit Cole UTIL Gunnar Henderson UTIL Jazz Chisholm Jr. UTIL Leody Taveras UTIL George Lombard Jr. UTIL Austin Wells,,,
637,5224911697,austinsteve24 (1/2),0,62.75,CPT Gerrit Cole UTIL Ben Rice UTIL Pete Alonso UTIL George Lombard Jr. UTIL Austin Wells UTIL Carlos Narvaez,,,
645,5224457144,Caryg07 (15/20),0,62.625,CPT Kyle Bradish UTIL Gerrit Cole UTIL Pete Alonso UTIL Colton Cowser UTIL Austin Wells UTIL Grant Wolfram,,,
646,5224750075,austin60915 (14/20),0,62.5,CPT Gerrit Cole UTIL Kyle Bradish UTIL Heliot Ramos UTIL Jose Caballero UTIL Colton Cowser UTIL Carlos Narvaez,,,
646,5224825852,slotone (11/15),0,62.5,CPT Jazz Chisholm Jr. UTIL Gerrit Cole UTIL Ben Rice UTIL Trent Grisham UTIL Colton Cowser UTIL Austin Wells,,,
648,5224692398,aklease,0,62.25,CPT Colton Cowser UTIL Gerrit Cole UTIL Kyle Bradish UTIL Ben Rice UTIL George Lombard Jr. UTIL Dylan Beavers,,,
648,5224741390,ataribravo (9/20),0,62.25,CPT Pete Alonso UTIL Gerrit Cole UTIL Kyle Bradish UTIL Dylan Beavers UTIL Colton Cowser UTIL Carlos Narvaez,,,
648,5224837292,cheeksday,0,62.25,CPT Spencer Jones UTIL Kyle Bradish UTIL Pete Alonso UTIL Gunnar Henderson UTIL George Lombard Jr. UTIL Samuel Basallo,,,
651,5224012682,gibsonboy87 (9/20),0,62.125,CPT Kyle Bradish UTIL Gunnar Henderson UTIL Jackson Holliday UTIL Dylan Beavers UTIL Spencer Jones UTIL Samuel Basallo,,,
651,5224917616,rileyrulz,0,62.125,CPT Kyle Bradish UTIL Gunnar Henderson UTIL Jackson Holliday UTIL Leody Taveras UTIL Dylan Beavers UTIL Spencer Jones,,,
653,5224443118,az350z (5/20),0,62,CPT Trent Grisham UTIL Gerrit Cole UTIL Ben Rice UTIL Gunnar Henderson UTIL Austin Wells UTIL Grant Wolfram,,,
653,5224801314,KelvinDubs (16/20),0,62,CPT Austin Wells UTIL Gerrit Cole UTIL Ben Rice UTIL Christian Encarnacion-Strand UTIL Jazz Chisholm Jr. UTIL Heliot Ramos,,,
653,5224815992,ParlayPimpinDon (1/5),0,62,CPT Ben Rice UTIL Gerrit Cole UTIL Gunnar Henderson UTIL Jazz Chisholm Jr. UTIL Austin Wells UTIL Anthony Volpe,,,
653,5224880486,eddie22345 (18/20),0,62,CPT Heliot Ramos UTIL Gerrit Cole UTIL Ben Rice UTIL George Lombard Jr. UTIL Dylan Beavers UTIL Samuel Basallo,,,
653,5224889774,TruBlue15,0,62,CPT Ben Rice UTIL Gerrit Cole UTIL Jazz Chisholm Jr. UTIL Trent Grisham UTIL Colton Cowser UTIL Austin Wells,,,
653,5224900035,trappwimm80 (4/4),0,62,CPT Ben Rice UTIL Gerrit Cole UTIL Jazz Chisholm Jr. UTIL Trent Grisham UTIL Colton Cowser UTIL Austin Wells,,,
659,5224602638,Thirtywater,0,61.75,CPT Gerrit Cole UTIL Gunnar Henderson UTIL Heliot Ramos UTIL Jose Caballero UTIL George Lombard Jr. UTIL Austin Wells,,,
659,5224645522,Hammer197045,0,61.75,CPT Gerrit Cole UTIL Ben Rice UTIL Trent Grisham UTIL George Lombard Jr. UTIL Colton Cowser UTIL Austin Wells,,,
659,5224745130,whitmorcj,0,61.75,CPT Gerrit Cole UTIL Ben Rice UTIL Gunnar Henderson UTIL George Lombard Jr. UTIL Colton Cowser UTIL Austin Wells,,,
659,5224844697,hurttattack,0,61.75,CPT Gerrit Cole UTIL Ben Rice UTIL Gunnar Henderson UTIL George Lombard Jr. UTIL Colton Cowser UTIL Austin Wells,,,
659,5224858432,SomeDayinBuffalo (1/2),0,61.75,CPT Gerrit Cole UTIL Ben Rice UTIL Gunnar Henderson UTIL George Lombard Jr. UTIL Colton Cowser UTIL Austin Wells,,,
659,5224884247,Slim1042 (2/2),0,61.75,CPT Gerrit Cole UTIL Gunnar Henderson UTIL Jackson Holliday UTIL Leody Taveras UTIL Dylan Beavers UTIL Colton Cowser,,,
665,5224627999,platavato,0,61.5,CPT George Lombard Jr. UTIL Gerrit Cole UTIL Ben Rice UTIL Luis Garcia Jr. UTIL Jose Caballero UTIL Colton Cowser,,,
666,5224625921,fratstar23,0,61.25,CPT George Lombard Jr. UTIL Gerrit Cole UTIL Kyle Bradish UTIL Luis Garcia Jr. UTIL Leody Taveras UTIL Colton Cowser,,,
666,5224838113,georgeconfused (4/6),0,61.25,CPT Carlos Narvaez UTIL Gerrit Cole UTIL Kyle Bradish UTIL Jazz Chisholm Jr. UTIL Trent Grisham UTIL Heliot Ramos,,,
668,5224779343,dweather09 (18/20),0,61,CPT George Lombard Jr. UTIL Ben Rice UTIL Pete Alonso UTIL Luis Garcia Jr. UTIL Jazz Chisholm Jr. UTIL Dylan Beavers,,,
668,5224798567,cdunmon,0,61,CPT Ben Rice UTIL Gerrit Cole UTIL Trent Grisham UTIL George Lombard Jr. UTIL Dylan Beavers UTIL Colton Cowser,,,
670,5224884082,criticalmass048 (3/5),0,60.75,CPT Austin Wells UTIL Gerrit Cole UTIL Kyle Bradish UTIL Ben Rice UTIL Trent Grisham UTIL Colton Cowser,,,
671,5224482895,gwatts77 (2/20),0,60.625,CPT Kyle Bradish UTIL Gerrit Cole UTIL Jose Caballero UTIL Leody Taveras UTIL Dylan Beavers UTIL Carlos Narvaez,,,
671,5224595040,FoxyGrandpa252 (18/20),0,60.625,CPT Kyle Bradish UTIL Gerrit Cole UTIL Jose Caballero UTIL Leody Taveras UTIL Dylan Beavers UTIL Carlos Narvaez,,,
673,5224457149,Caryg07 (20/20),0,60.5,CPT Gerrit Cole UTIL Kyle Bradish UTIL Heliot Ramos UTIL Colton Cowser UTIL Samuel Basallo UTIL Alex Hoppe,,,
673,5224482558,Satch65 (15/20),0,60.5,CPT Gerrit Cole UTIL Kyle Bradish UTIL Jose Caballero UTIL Colton Cowser UTIL Austin Wells UTIL Samuel Basallo,,,
673,5224559628,mbrummy1,0,60.5,CPT Colton Cowser UTIL Gerrit Cole UTIL Luis Garcia Jr. UTIL Christian Encarnacion-Strand UTIL Jazz Chisholm Jr. UTIL Jackson Holliday,,,
673,5224787945,labarmj,0,60.5,CPT Spencer Jones UTIL Ben Rice UTIL Pete Alonso UTIL Gunnar Henderson UTIL Christian Encarnacion-Strand UTIL George Lombard Jr.,,,
673,5224858996,ronjon721,0,60.5,CPT Gerrit Cole UTIL Kyle Bradish UTIL Jose Caballero UTIL George Lombard Jr. UTIL Colton Cowser UTIL Austin Wells,,,
673,5224910336,savrome2425 (11/20),0,60.5,CPT Gerrit Cole UTIL Kyle Bradish UTIL Jose Caballero UTIL Colton Cowser UTIL Austin Wells UTIL Samuel Basallo,,,
673,5224911212,jiglove81 (1/2),0,60.5,CPT Ben Rice UTIL Pete Alonso UTIL Gunnar Henderson UTIL Luis Garcia Jr. UTIL Dylan Beavers UTIL Oswaldo Cabrera,,,
680,5224448945,joejoe113 (2/2),0,60,CPT Austin Wells UTIL Gerrit Cole UTIL Ben Rice UTIL Gunnar Henderson UTIL Jazz Chisholm Jr. UTIL George Lombard Jr.,,,
680,5224801317,KelvinDubs (19/20),0,60,CPT Austin Wells UTIL Gerrit Cole UTIL Ben Rice UTIL Jazz Chisholm Jr. UTIL Trent Grisham UTIL Jackson Holliday,,,
680,5224810485,joeythewin (5/9),0,60,CPT Gunnar Henderson UTIL Gerrit Cole UTIL Luis Garcia Jr. UTIL Jose Caballero UTIL Carlos Narvaez UTIL Samuel Basallo,,,
683,5224482897,gwatts77 (4/20),0,59.75,CPT Gerrit Cole UTIL Christian Encarnacion-Strand UTIL Trent Grisham UTIL Heliot Ramos UTIL George Lombard Jr. UTIL Austin Wells,,,
683,5224660927,shmatty1,0,59.75,CPT Luis Garcia Jr. UTIL Kyle Bradish UTIL Pete Alonso UTIL Jazz Chisholm Jr. UTIL George Lombard Jr. UTIL Carlos Narvaez,,,
683,5224744933,Apocalypse91351 (2/2),0,59.75,CPT Gerrit Cole UTIL Jazz Chisholm Jr. UTIL Trent Grisham UTIL Jose Caballero UTIL George Lombard Jr. UTIL Colton Cowser,,,
683,5224762632,coastrat69,0,59.75,CPT Gerrit Cole UTIL Jazz Chisholm Jr. UTIL Trent Grisham UTIL Jose Caballero UTIL George Lombard Jr. UTIL Colton Cowser,,,
683,5224829079,georgeconfused (3/6),0,59.75,CPT Gerrit Cole UTIL Jazz Chisholm Jr. UTIL Trent Grisham UTIL Jose Caballero UTIL George Lombard Jr. UTIL Colton Cowser,,,
688,5224184517,charleso83 (1/2),0,59.625,CPT Kyle Bradish UTIL Gerrit Cole UTIL Jazz Chisholm Jr. UTIL Colton Cowser UTIL Austin Wells UTIL Samuel Basallo,,,
688,5224389525,Daily_Big_Kahuna (7/7),0,59.625,CPT Kyle Bradish UTIL Gerrit Cole UTIL Jazz Chisholm Jr. UTIL Leody Taveras UTIL Colton Cowser UTIL Austin Wells,,,
688,5224482554,Satch65 (11/20),0,59.625,CPT Kyle Bradish UTIL Gerrit Cole UTIL Jazz Chisholm Jr. UTIL Leody Taveras UTIL Colton Cowser UTIL Austin Wells,,,
688,5224484658,dtm615,0,59.625,CPT Kyle Bradish UTIL Gerrit Cole UTIL Jazz Chisholm Jr. UTIL Colton Cowser UTIL Austin Wells UTIL Samuel Basallo,,,
688,5224595032,FoxyGrandpa252 (10/20),0,59.625,CPT Kyle Bradish UTIL Gerrit Cole UTIL Jazz Chisholm Jr. UTIL Leody Taveras UTIL Colton Cowser UTIL Austin Wells,,,
688,5224789177,Captgrif,0,59.625,CPT Kyle Bradish UTIL Gerrit Cole UTIL Jazz Chisholm Jr. UTIL Colton Cowser UTIL Austin Wells UTIL Samuel Basallo,,,
688,5224846001,74riZionup (2/2),0,59.625,CPT Kyle Bradish UTIL Gerrit Cole UTIL Jazz Chisholm Jr. UTIL Colton Cowser UTIL Austin Wells UTIL Samuel Basallo,,,
688,5224853905,GMoneyV4,0,59.625,CPT Kyle Bradish UTIL Gerrit Cole UTIL Jazz Chisholm Jr. UTIL George Lombard Jr. UTIL Colton Cowser UTIL Austin Wells,,,
688,5224901607,sloppyD (1/4),0,59.625,CPT Kyle Bradish UTIL Gerrit Cole UTIL Jazz Chisholm Jr. UTIL George Lombard Jr. UTIL Colton Cowser UTIL Austin Wells,,,
697,5224788258,floydian80 (15/20),0,59.5,CPT Jazz Chisholm Jr. UTIL Gerrit Cole UTIL Ben Rice UTIL Jose Caballero UTIL Leody Taveras UTIL Austin Wells,,,
697,5224817895,sambergps2,0,59.5,CPT Trent Grisham UTIL Ben Rice UTIL Pete Alonso UTIL Jazz Chisholm Jr. UTIL Spencer Jones UTIL Samuel Basallo,,,
697,5224865299,iggywags2481,0,59.5,CPT Jazz Chisholm Jr. UTIL Gerrit Cole UTIL Ben Rice UTIL Heliot Ramos UTIL Carlos Narvaez UTIL Samuel Basallo,,,
697,5224899415,GaryS1001,0,59.5,CPT Trent Grisham UTIL Ben Rice UTIL Pete Alonso UTIL Jazz Chisholm Jr. UTIL George Lombard Jr. UTIL Spencer Jones,,,
701,5224534203,kreller17 (8/10),0,59.25,CPT Jazz Chisholm Jr. UTIL Gerrit Cole UTIL Kyle Bradish UTIL Jackson Holliday UTIL Colton Cowser UTIL Austin Wells,,,
701,5224788256,floydian80 (13/20),0,59.25,CPT Carlos Narvaez UTIL Gerrit Cole UTIL Kyle Bradish UTIL Pete Alonso UTIL Jackson Holliday UTIL Dylan Beavers,,,
701,5224801309,KelvinDubs (11/20),0,59.25,CPT Colton Cowser UTIL Gerrit Cole UTIL Kyle Bradish UTIL Pete Alonso UTIL Dylan Beavers UTIL Samuel Basallo,,,
701,5224801316,KelvinDubs (18/20),0,59.25,CPT Colton Cowser UTIL Gerrit Cole UTIL Kyle Bradish UTIL Pete Alonso UTIL Leody Taveras UTIL Dylan Beavers,,,
701,5224855509,Majic09 (2/3),0,59.25,CPT Trent Grisham UTIL Kyle Bradish UTIL Ben Rice UTIL Gunnar Henderson UTIL Spencer Jones UTIL Carlos Narvaez,,,
706,5224828790,arkansasbogey,0,59,CPT Luis Garcia Jr. UTIL Ben Rice UTIL Jazz Chisholm Jr. UTIL Heliot Ramos UTIL Coby Mayo UTIL Samuel Basallo,,,
707,5224382074,cubcrazyfool,0,58.75,CPT Gerrit Cole UTIL Ben Rice UTIL Jose Caballero UTIL Leody Taveras UTIL George Lombard Jr. UTIL Austin Wells,,,
707,5224723561,kbrisacher (14/20),0,58.75,CPT Gerrit Cole UTIL Ben Rice UTIL Jose Caballero UTIL Leody Taveras UTIL George Lombard Jr. UTIL Austin Wells,,,
707,5224755445,RobD513,0,58.75,CPT Gerrit Cole UTIL Ben Rice UTIL Christian Encarnacion-Strand UTIL Jose Caballero UTIL Colton Cowser UTIL Austin Wells,,,
710,5224164801,ivymoose (1/10),0,58.625,CPT Kyle Bradish UTIL Gerrit Cole UTIL Christian Encarnacion-Strand UTIL Dylan Beavers UTIL Colton Cowser UTIL Carlos Narvaez,,,
710,5224164805,ivymoose (5/10),0,58.625,CPT Kyle Bradish UTIL Gerrit Cole UTIL Leody Taveras UTIL George Lombard Jr. UTIL Dylan Beavers UTIL Colton Cowser,,,
710,5224251680,Sammy.Boy (2/20),0,58.625,CPT Kyle Bradish UTIL Gerrit Cole UTIL George Lombard Jr. UTIL Dylan Beavers UTIL Colton Cowser UTIL Samuel Basallo,,,
710,5224251688,Sammy.Boy (10/20),0,58.625,CPT Kyle Bradish UTIL Gerrit Cole UTIL Leody Taveras UTIL Dylan Beavers UTIL Carlos Narvaez UTIL Samuel Basallo,,,
710,5224361476,JcClark18 (13/15),0,58.625,CPT Kyle Bradish UTIL Gerrit Cole UTIL Leody Taveras UTIL Dylan Beavers UTIL Carlos Narvaez UTIL Samuel Basallo,,,
710,5224482903,gwatts77 (10/20),0,58.625,CPT Kyle Bradish UTIL Gerrit Cole UTIL George Lombard Jr. UTIL Dylan Beavers UTIL Colton Cowser UTIL Samuel Basallo,,,
710,5224482911,gwatts77 (18/20),0,58.625,CPT Kyle Bradish UTIL Gerrit Cole UTIL Leody Taveras UTIL George Lombard Jr. UTIL Dylan Beavers UTIL Colton Cowser,,,
710,5224489867,whoisjohngalt420 (2/20),0,58.625,CPT Kyle Bradish UTIL Gerrit Cole UTIL Leody Taveras UTIL Dylan Beavers UTIL Carlos Narvaez UTIL Samuel Basallo,,,
710,5224489873,whoisjohngalt420 (8/20),0,58.625,CPT Kyle Bradish UTIL Gerrit Cole UTIL George Lombard Jr. UTIL Dylan Beavers UTIL Colton Cowser UTIL Samuel Basallo,,,
710,5224637366,mrclean913 (10/20),0,58.625,CPT Kyle Bradish UTIL Gerrit Cole UTIL George Lombard Jr. UTIL Dylan Beavers UTIL Colton Cowser UTIL Samuel Basallo,,,
710,5224723549,kbrisacher (2/20),0,58.625,CPT Kyle Bradish UTIL Gerrit Cole UTIL George Lombard Jr. UTIL Dylan Beavers UTIL Carlos Narvaez UTIL Samuel Basallo,,,
710,5224741382,ataribravo (1/20),0,58.625,CPT Kyle Bradish UTIL Gerrit Cole UTIL George Lombard Jr. UTIL Dylan Beavers UTIL Colton Cowser UTIL Samuel Basallo,,,
710,5224750063,austin60915 (2/20),0,58.625,CPT Kyle Bradish UTIL Gerrit Cole UTIL Leody Taveras UTIL Dylan Beavers UTIL Carlos Narvaez UTIL Samuel Basallo,,,
710,5224863074,k.wisneski,0,58.625,CPT Kyle Bradish UTIL Gerrit Cole UTIL Leody Taveras UTIL George Lombard Jr. UTIL Dylan Beavers UTIL Colton Cowser,,,
710,5224864223,Mige1 (9/20),0,58.625,CPT Kyle Bradish UTIL Gerrit Cole UTIL Leody Taveras UTIL Dylan Beavers UTIL Carlos Narvaez UTIL Samuel Basallo,,,
710,5224880482,eddie22345 (14/20),0,58.625,CPT Kyle Bradish UTIL Gerrit Cole UTIL Ben Rice UTIL Colton Cowser UTIL Austin Wells UTIL Yennier Cano,,,
710,5224910331,savrome2425 (6/20),0,58.625,CPT Kyle Bradish UTIL Gerrit Cole UTIL Leody Taveras UTIL George Lombard Jr. UTIL Dylan Beavers UTIL Colton Cowser,,,
727,5224482560,Satch65 (17/20),0,58.5,CPT Gerrit Cole UTIL Kyle Bradish UTIL Trent Grisham UTIL Colton Cowser UTIL Carlos Narvaez UTIL Samuel Basallo,,,
727,5224627444,harmon2121,0,58.5,CPT Ben Rice UTIL Pete Alonso UTIL Trent Grisham UTIL Heliot Ramos UTIL George Lombard Jr. UTIL Spencer Jones,,,
727,5224644986,LOCNOTM (3/20),0,58.5,CPT Gerrit Cole UTIL Kyle Bradish UTIL Trent Grisham UTIL Colton Cowser UTIL Carlos Narvaez UTIL Samuel Basallo,,,
727,5224644994,LOCNOTM (11/20),0,58.5,CPT Gerrit Cole UTIL Kyle Bradish UTIL Jackson Holliday UTIL George Lombard Jr. UTIL Colton Cowser UTIL Austin Wells,,,
727,5224644997,LOCNOTM (14/20),0,58.5,CPT Gerrit Cole UTIL Kyle Bradish UTIL Jackson Holliday UTIL Colton Cowser UTIL Austin Wells UTIL Samuel Basallo,,,
727,5224779330,dweather09 (5/20),0,58.5,CPT Gerrit Cole UTIL Kyle Bradish UTIL Trent Grisham UTIL Colton Cowser UTIL Carlos Narvaez UTIL Samuel Basallo,,,
727,5224788721,happy-greatful (2/2),0,58.5,CPT Gunnar Henderson UTIL Luis Garcia Jr. UTIL Jazz Chisholm Jr. UTIL Trent Grisham UTIL Jackson Holliday UTIL Dylan Beavers,,,
727,5224801304,KelvinDubs (6/20),0,58.5,CPT Gerrit Cole UTIL Kyle Bradish UTIL Trent Grisham UTIL George Lombard Jr. UTIL Colton Cowser UTIL Carlos Narvaez,,,
727,5224824274,Spicegren (3/3),0,58.5,CPT Gerrit Cole UTIL Kyle Bradish UTIL George Lombard Jr. UTIL Colton Cowser UTIL Austin Wells UTIL Samuel Basallo,,,
727,5224875137,cubie99,0,58.5,CPT Gerrit Cole UTIL Kyle Bradish UTIL Trent Grisham UTIL George Lombard Jr. UTIL Carlos Narvaez UTIL Yerry de los Santos,,,
727,5224908539,xXxPLOSIVE (1/4),0,58.5,CPT Gerrit Cole UTIL Kyle Bradish UTIL Trent Grisham UTIL Colton Cowser UTIL Carlos Narvaez UTIL Samuel Basallo,,,
738,5224742686,rzsedge,0,58.25,CPT Colton Cowser UTIL Gerrit Cole UTIL Kyle Bradish UTIL Gunnar Henderson UTIL Dylan Beavers UTIL Samuel Basallo,,,
738,5224853479,kudos72off (1/4),0,58.25,CPT Samuel Basallo UTIL Gerrit Cole UTIL Kyle Bradish UTIL Gunnar Henderson UTIL Dylan Beavers UTIL Carlos Narvaez,,,
738,5224884083,criticalmass048 (4/5),0,58.25,CPT Colton Cowser UTIL Gerrit Cole UTIL Kyle Bradish UTIL Ben Rice UTIL Trent Grisham UTIL Austin Wells,,,
741,5224779338,dweather09 (13/20),0,58.125,CPT Kyle Bradish UTIL Pete Alonso UTIL Luis Garcia Jr. UTIL Dylan Beavers UTIL Colton Cowser UTIL Samuel Basallo,,,
742,5224786653,sergiop369,0,58,CPT Trent Grisham UTIL Gerrit Cole UTIL Luis Garcia Jr. UTIL Leody Taveras UTIL George Lombard Jr. UTIL Samuel Basallo,,,
742,5224856070,Blitzburgh2023,0,58,CPT Pete Alonso UTIL Christian Encarnacion-Strand UTIL Jazz Chisholm Jr. UTIL Trent Grisham UTIL Heliot Ramos UTIL Spencer Jones,,,
742,5224876011,bhickman99 (8/10),0,58,CPT Heliot Ramos UTIL Gerrit Cole UTIL Trent Grisham UTIL Jackson Holliday UTIL Dylan Beavers UTIL Samuel Basallo,,,
745,5224819419,JulieBV,0,57.75,CPT Gerrit Cole UTIL Jazz Chisholm Jr. UTIL Trent Grisham UTIL Paul Goldschmidt UTIL Tyler O'Neill UTIL Jasson Dominguez,,,
745,5224911237,mrfreid,0,57.75,CPT Christian Encarnacion-Strand UTIL Kyle Bradish UTIL Pete Alonso UTIL Dylan Beavers UTIL Spencer Jones UTIL Samuel Basallo,,,
747,5224637369,mrclean913 (13/20),0,57.625,CPT Kyle Bradish UTIL Gerrit Cole UTIL Pete Alonso UTIL Colton Cowser UTIL Carlos Narvaez UTIL Grant Wolfram,,,
748,5224758375,kurtisgant,0,57.5,CPT Jazz Chisholm Jr. UTIL Gerrit Cole UTIL Ben Rice UTIL Trent Grisham UTIL George Lombard Jr. UTIL Carlos Narvaez,,,
748,5224897095,Runninrebel02 (4/5),0,57.5,CPT Jazz Chisholm Jr. UTIL Gerrit Cole UTIL Ben Rice UTIL Trent Grisham UTIL George Lombard Jr. UTIL Carlos Narvaez,,,
748,5224910328,savrome2425 (3/20),0,57.5,CPT Jazz Chisholm Jr. UTIL Gerrit Cole UTIL Ben Rice UTIL Leody Taveras UTIL George Lombard Jr. UTIL Austin Wells,,,
751,5224012684,gibsonboy87 (11/20),0,57.125,CPT Kyle Bradish UTIL Gunnar Henderson UTIL Luis Garcia Jr. UTIL Dylan Beavers UTIL Colton Cowser UTIL Samuel Basallo,,,
751,5224012691,gibsonboy87 (18/20),0,57.125,CPT Kyle Bradish UTIL Christian Encarnacion-Strand UTIL Jackson Holliday UTIL Dylan Beavers UTIL Spencer Jones UTIL Samuel Basallo,,,
753,5224326872,LokoL14,0,57,CPT Gunnar Henderson UTIL Gerrit Cole UTIL Pete Alonso UTIL Jazz Chisholm Jr. UTIL Colton Cowser UTIL Austin Wells,,,
753,5224705744,cmcbutch,0,57,CPT Ben Rice UTIL Gerrit Cole UTIL Gunnar Henderson UTIL Trent Grisham UTIL Austin Wells UTIL Carlos Narvaez,,,
753,5224779339,dweather09 (14/20),0,57,CPT Luis Garcia Jr. UTIL Ben Rice UTIL Jazz Chisholm Jr. UTIL Trent Grisham UTIL George Lombard Jr. UTIL Samuel Basallo,,,
753,5224812790,metalhead55555 (1/3),0,57,CPT Ben Rice UTIL Gerrit Cole UTIL Christian Encarnacion-Strand UTIL Jazz Chisholm Jr. UTIL Colton Cowser UTIL Austin Wells,,,
757,5224880479,eddie22345 (11/20),0,56.75,CPT Trent Grisham UTIL Gerrit Cole UTIL Kyle Bradish UTIL Gunnar Henderson UTIL Austin Wells UTIL Carlos Narvaez,,,
758,5224482545,Satch65 (2/20),0,56.625,CPT Kyle Bradish UTIL Gerrit Cole UTIL Trent Grisham UTIL Heliot Ramos UTIL Colton Cowser UTIL Carlos Narvaez,,,
758,5224482556,Satch65 (13/20),0,56.625,CPT Kyle Bradish UTIL Gerrit Cole UTIL Heliot Ramos UTIL Colton Cowser UTIL Austin Wells UTIL Samuel Basallo,,,
758,5224670272,ed8802,0,56.625,CPT Kyle Bradish UTIL Gerrit Cole UTIL Trent Grisham UTIL Heliot Ramos UTIL Colton Cowser UTIL Carlos Narvaez,,,
758,5224741385,ataribravo (4/20),0,56.625,CPT Kyle Bradish UTIL Gerrit Cole UTIL Trent Grisham UTIL Heliot Ramos UTIL Colton Cowser UTIL Carlos Narvaez,,,
758,5224905171,chrispy2005 (16/20),0,56.625,CPT Kyle Bradish UTIL Gerrit Cole UTIL Trent Grisham UTIL Heliot Ramos UTIL Colton Cowser UTIL Carlos Narvaez,,,
763,5224669250,darkwave,0,56.5,CPT Ben Rice UTIL Pete Alonso UTIL Luis Garcia Jr. UTIL Jazz Chisholm Jr. UTIL George Lombard Jr. UTIL Austin Wells,,,
763,5224779345,dweather09 (20/20),0,56.5,CPT Ben Rice UTIL Pete Alonso UTIL Luis Garcia Jr. UTIL Jazz Chisholm Jr. UTIL George Lombard Jr. UTIL Austin Wells,,,
763,5224832165,gittoj (6/20),0,56.5,CPT George Lombard Jr. UTIL Gerrit Cole UTIL Ben Rice UTIL Trent Grisham UTIL Dylan Beavers UTIL Samuel Basallo,,,
766,5224595042,FoxyGrandpa252 (20/20),0,56.25,CPT George Lombard Jr. UTIL Gerrit Cole UTIL Kyle Bradish UTIL Trent Grisham UTIL Heliot Ramos UTIL Austin Wells,,,
767,5224620170,SpeedRacer101 (1/20),0,56.125,CPT Kyle Bradish UTIL Pete Alonso UTIL Jackson Holliday UTIL Heliot Ramos UTIL Spencer Jones UTIL Colton Cowser,,,
768,5224760818,Chesublimino (1/2),0,56,CPT Trent Grisham UTIL Gerrit Cole UTIL Ben Rice UTIL Pete Alonso UTIL Colton Cowser UTIL Austin Wells,,,
768,5224772298,EmeraldReign (1/4),0,56,CPT Trent Grisham UTIL Gerrit Cole UTIL Ben Rice UTIL Pete Alonso UTIL Colton Cowser UTIL Austin Wells,,,
768,5224779333,dweather09 (8/20),0,56,CPT Austin Wells UTIL Gerrit Cole UTIL Ben Rice UTIL Pete Alonso UTIL Trent Grisham UTIL George Lombard Jr.,,,
768,5224792451,KO2858,0,56,CPT Jazz Chisholm Jr. UTIL Ben Rice UTIL Gunnar Henderson UTIL Jackson Holliday UTIL George Lombard Jr. UTIL Spencer Jones,,,
768,5224816856,slotone (7/15),0,56,CPT Pete Alonso UTIL Gunnar Henderson UTIL Jazz Chisholm Jr. UTIL Trent Grisham UTIL Leody Taveras UTIL Spencer Jones,,,
768,5224838475,MamaBear9582,0,56,CPT Trent Grisham UTIL Gerrit Cole UTIL Ben Rice UTIL Pete Alonso UTIL Colton Cowser UTIL Austin Wells,,,
768,5224904913,bredwinner216,0,56,CPT Austin Wells UTIL Gerrit Cole UTIL Ben Rice UTIL Pete Alonso UTIL Trent Grisham UTIL George Lombard Jr.,,,
775,5224819403,pipes22,0,55.75,CPT Gerrit Cole UTIL Pete Alonso UTIL Heliot Ramos UTIL Coby Mayo UTIL George Lombard Jr. UTIL Christian Franklin,,,
775,5224856196,petemigs,0,55.75,CPT Austin Wells UTIL Gerrit Cole UTIL Kyle Bradish UTIL Jackson Holliday UTIL Heliot Ramos UTIL Jose Caballero,,,
775,5224892175,Tesa1211,0,55.75,CPT Gerrit Cole UTIL Pete Alonso UTIL Heliot Ramos UTIL Leody Taveras UTIL George Lombard Jr. UTIL Colton Cowser,,,
778,5224282646,MultipleWinGasms (17/20),0,55.625,CPT Kyle Bradish UTIL Gerrit Cole UTIL Pete Alonso UTIL Colton Cowser UTIL Austin Wells UTIL Carlos Narvaez,,,
778,5224489872,whoisjohngalt420 (7/20),0,55.625,CPT Kyle Bradish UTIL Gerrit Cole UTIL Pete Alonso UTIL Colton Cowser UTIL Austin Wells UTIL Carlos Narvaez,,,
778,5224891898,trappwimm80 (1/4),0,55.625,CPT Kyle Bradish UTIL Gerrit Cole UTIL Pete Alonso UTIL Colton Cowser UTIL Austin Wells UTIL Carlos Narvaez,,,
781,5224706278,mcgoch,0,55.5,CPT Jazz Chisholm Jr. UTIL Gerrit Cole UTIL Trent Grisham UTIL Jackson Holliday UTIL Heliot Ramos UTIL Colton Cowser,,,
781,5224825444,theeapplehead,0,55.5,CPT Gerrit Cole UTIL Kyle Bradish UTIL Jose Caballero UTIL George Lombard Jr. UTIL Tyler O'Neill UTIL Anthony Volpe,,,
781,5224856717,Edbris561 (2/5),0,55.5,CPT Trent Grisham UTIL Pete Alonso UTIL Gunnar Henderson UTIL Luis Garcia Jr. UTIL Jazz Chisholm Jr. UTIL Austin Wells,,,
784,5224832170,gittoj (11/20),0,55.125,CPT Kyle Bradish UTIL Gunnar Henderson UTIL Heliot Ramos UTIL George Lombard Jr. UTIL Spencer Jones UTIL Samuel Basallo,,,
784,5224917989,Lakesnow13 (2/3),0,55.125,CPT Kyle Bradish UTIL Gunnar Henderson UTIL Christian Encarnacion-Strand UTIL Heliot Ramos UTIL Spencer Jones UTIL Colton Cowser,,,
786,5224436283,mconfer1000,0,55,CPT Luis Garcia Jr. UTIL Christian Encarnacion-Strand UTIL Jazz Chisholm Jr. UTIL Trent Grisham UTIL Heliot Ramos UTIL Samuel Basallo,,,
786,5224457140,Caryg07 (11/20),0,55,CPT Trent Grisham UTIL Gerrit Cole UTIL Gunnar Henderson UTIL Heliot Ramos UTIL Jose Caballero UTIL Austin Wells,,,
786,5224880469,eddie22345 (1/20),0,55,CPT Trent Grisham UTIL Gerrit Cole UTIL Ben Rice UTIL Jazz Chisholm Jr. UTIL George Lombard Jr. UTIL Carlos Narvaez,,,
789,5224778615,buonomckay,0,54.75,CPT Gerrit Cole UTIL Trent Grisham UTIL Jackson Holliday UTIL Jose Caballero UTIL George Lombard Jr. UTIL Austin Wells,,,
790,5224251685,Sammy.Boy (7/20),0,54.625,CPT Kyle Bradish UTIL Gerrit Cole UTIL Gunnar Henderson UTIL Leody Taveras UTIL Austin Wells UTIL Carlos Narvaez,,,
790,5224409577,foutah (2/5),0,54.625,CPT Kyle Bradish UTIL Gerrit Cole UTIL Gunnar Henderson UTIL Leody Taveras UTIL Austin Wells UTIL Carlos Narvaez,,,
790,5224410045,bcarbaugh,0,54.625,CPT Kyle Bradish UTIL Gerrit Cole UTIL Trent Grisham UTIL George Lombard Jr. UTIL Colton Cowser UTIL Austin Wells,,,
790,5224415726,apforadori (1/3),0,54.625,CPT Kyle Bradish UTIL Gerrit Cole UTIL Trent Grisham UTIL Colton Cowser UTIL Austin Wells UTIL Samuel Basallo,,,
790,5224457145,Caryg07 (16/20),0,54.625,CPT Kyle Bradish UTIL Gerrit Cole UTIL Trent Grisham UTIL Colton Cowser UTIL Austin Wells UTIL Samuel Basallo,,,
790,5224482553,Satch65 (10/20),0,54.625,CPT Kyle Bradish UTIL Gerrit Cole UTIL Trent Grisham UTIL George Lombard Jr. UTIL Austin Wells UTIL Carlos Narvaez,,,
790,5224489881,whoisjohngalt420 (16/20),0,54.625,CPT Kyle Bradish UTIL Gerrit Cole UTIL Gunnar Henderson UTIL Leody Taveras UTIL Austin Wells UTIL Carlos Narvaez,,,
790,5224595036,FoxyGrandpa252 (14/20),0,54.625,CPT Kyle Bradish UTIL Gerrit Cole UTIL Gunnar Henderson UTIL George Lombard Jr. UTIL Austin Wells UTIL Carlos Narvaez,,,
790,5224648099,charlesrayallday,0,54.625,CPT Kyle Bradish UTIL Gerrit Cole UTIL Trent Grisham UTIL Colton Cowser UTIL Austin Wells UTIL Samuel Basallo,,,
790,5224723552,kbrisacher (5/20),0,54.625,CPT Kyle Bradish UTIL Gerrit Cole UTIL Gunnar Henderson UTIL Leody Taveras UTIL Austin Wells UTIL Carlos Narvaez,,,
790,5224779140,garygs400 (2/2),0,54.625,CPT Kyle Bradish UTIL Gerrit Cole UTIL Trent Grisham UTIL Leody Taveras UTIL Colton Cowser UTIL Austin Wells,,,
790,5224779332,dweather09 (7/20),0,54.625,CPT Kyle Bradish UTIL Gerrit Cole UTIL Trent Grisham UTIL Colton Cowser UTIL Austin Wells UTIL Samuel Basallo,,,
790,5224785333,happy-greatful (1/2),0,54.625,CPT Kyle Bradish UTIL Gerrit Cole UTIL Trent Grisham UTIL Paul Goldschmidt UTIL Colton Cowser UTIL Austin Wells,,,
790,5224861794,vetterunner (2/3),0,54.625,CPT Kyle Bradish UTIL Gerrit Cole UTIL Gunnar Henderson UTIL Leody Taveras UTIL Austin Wells UTIL Carlos Narvaez,,,
790,5224884081,criticalmass048 (2/5),0,54.625,CPT Kyle Bradish UTIL Gerrit Cole UTIL Trent Grisham UTIL Colton Cowser UTIL Austin Wells UTIL Samuel Basallo,,,
790,5224884084,criticalmass048 (5/5),0,54.625,CPT Kyle Bradish UTIL Gerrit Cole UTIL Trent Grisham UTIL Leody Taveras UTIL Colton Cowser UTIL Austin Wells,,,
790,5224900071,TxStHustler,0,54.625,CPT Kyle Bradish UTIL Gerrit Cole UTIL Trent Grisham UTIL George Lombard Jr. UTIL Colton Cowser UTIL Austin Wells,,,
790,5224909425,texansl,0,54.625,CPT Kyle Bradish UTIL Gerrit Cole UTIL Trent Grisham UTIL Colton Cowser UTIL Austin Wells UTIL Samuel Basallo,,,
808,5224864232,Mige1 (18/20),0,54.25,CPT Jose Caballero UTIL Gerrit Cole UTIL Kyle Bradish UTIL Heliot Ramos UTIL Austin Wells UTIL Samuel Basallo,,,
808,5224905160,chrispy2005 (5/20),0,54.25,CPT Jazz Chisholm Jr. UTIL Gerrit Cole UTIL Kyle Bradish UTIL Leody Taveras UTIL George Lombard Jr. UTIL Carlos Narvaez,,,
810,5224897089,Biscuits209 (5/9),0,54.125,CPT Kyle Bradish UTIL Pete Alonso UTIL Gunnar Henderson UTIL George Lombard Jr. UTIL Spencer Jones UTIL Colton Cowser,,,
811,5224415479,madden710,0,53.75,CPT Gerrit Cole UTIL Pete Alonso UTIL Trent Grisham UTIL George Lombard Jr. UTIL Carlos Narvaez UTIL Samuel Basallo,,,
811,5224443131,az350z (18/20),0,53.75,CPT Dylan Beavers UTIL Kyle Bradish UTIL Luis Garcia Jr. UTIL Christian Encarnacion-Strand UTIL Jackson Holliday UTIL Samuel Basallo,,,
811,5224852369,phfact0r49,0,53.75,CPT Gerrit Cole UTIL Pete Alonso UTIL Gunnar Henderson UTIL George Lombard Jr. UTIL Colton Cowser UTIL Carlos Narvaez,,,
811,5224880456,nbllove (3/4),0,53.75,CPT Gerrit Cole UTIL Ben Rice UTIL Jose Caballero UTIL Leody Taveras UTIL George Lombard Jr. UTIL Carlos Narvaez,,,
815,5224307113,dom63,0,53.5,CPT Gerrit Cole UTIL Kyle Bradish UTIL Christian Encarnacion-Strand UTIL Colton Cowser UTIL Jasson Dominguez UTIL Max Schuemann,,,
815,5224746073,tdday62,0,53.5,CPT Gunnar Henderson UTIL Luis Garcia Jr. UTIL Jazz Chisholm Jr. UTIL Jackson Holliday UTIL George Lombard Jr. UTIL Dylan Beavers,,,
815,5224813334,Shackman55,0,53.5,CPT Gerrit Cole UTIL Kyle Bradish UTIL George Lombard Jr. UTIL Tyler O'Neill UTIL Amed Rosario UTIL Jasson Dominguez,,,
818,5224282649,MultipleWinGasms (20/20),0,53.25,CPT Samuel Basallo UTIL Gerrit Cole UTIL Kyle Bradish UTIL Ben Rice UTIL Colton Cowser UTIL Austin Wells,,,
818,5224367409,Sportsgarage88888 (3/4),0,53.25,CPT George Lombard Jr. UTIL Gerrit Cole UTIL Kyle Bradish UTIL Ben Rice UTIL Colton Cowser UTIL Austin Wells,,,
818,5224905157,chrispy2005 (2/20),0,53.25,CPT Pete Alonso UTIL Gerrit Cole UTIL Kyle Bradish UTIL Austin Wells UTIL Carlos Narvaez UTIL Samuel Basallo,,,
818,5224905161,chrispy2005 (6/20),0,53.25,CPT Christian Encarnacion-Strand UTIL Gerrit Cole UTIL Kyle Bradish UTIL Leody Taveras UTIL Dylan Beavers UTIL Carlos Narvaez,,,
822,5224779337,dweather09 (12/20),0,53.125,CPT Kyle Bradish UTIL Luis Garcia Jr. UTIL Jazz Chisholm Jr. UTIL Trent Grisham UTIL George Lombard Jr. UTIL Colton Cowser,,,
822,5224832175,gittoj (16/20),0,53.125,CPT Kyle Bradish UTIL Christian Encarnacion-Strand UTIL Jazz Chisholm Jr. UTIL George Lombard Jr. UTIL Spencer Jones UTIL Samuel Basallo,,,
824,5224779341,dweather09 (16/20),0,53,CPT Samuel Basallo UTIL Ben Rice UTIL Luis Garcia Jr. UTIL Jazz Chisholm Jr. UTIL Trent Grisham UTIL Heliot Ramos,,,
824,5224904805,bearcard,0,53,CPT Heliot Ramos UTIL Gerrit Cole UTIL Ben Rice UTIL Jackson Holliday UTIL Austin Wells UTIL Samuel Basallo,,,
826,5224779344,dweather09 (19/20),0,52.5,CPT Ben Rice UTIL Luis Garcia Jr. UTIL Jazz Chisholm Jr. UTIL Heliot Ramos UTIL George Lombard Jr. UTIL Samuel Basallo,,,
826,5224804494,ERTapia,0,52.5,CPT Jazz Chisholm Jr. UTIL Gerrit Cole UTIL Ben Rice UTIL Leody Taveras UTIL Colton Cowser UTIL Samuel Basallo,,,
826,5224910327,savrome2425 (2/20),0,52.5,CPT Colton Cowser UTIL Gerrit Cole UTIL Ben Rice UTIL Jazz Chisholm Jr. UTIL Trent Grisham UTIL Samuel Basallo,,,
829,5224880487,eddie22345 (19/20),0,52.25,CPT Jose Caballero UTIL Gerrit Cole UTIL Kyle Bradish UTIL Jazz Chisholm Jr. UTIL Leody Taveras UTIL Carlos Narvaez,,,
830,5224576210,Kool198,0,52.125,CPT Kyle Bradish UTIL Luis Garcia Jr. UTIL Jackson Holliday UTIL George Lombard Jr. UTIL Dylan Beavers UTIL Samuel Basallo,,,
830,5224832168,gittoj (9/20),0,52.125,CPT Kyle Bradish UTIL Ben Rice UTIL Leody Taveras UTIL George Lombard Jr. UTIL Spencer Jones UTIL Samuel Basallo,,,
830,5224864230,Mige1 (16/20),0,52.125,CPT Kyle Bradish UTIL Luis Garcia Jr. UTIL Christian Encarnacion-Strand UTIL Jackson Holliday UTIL Dylan Beavers UTIL Colton Cowser,,,
833,5224282642,MultipleWinGasms (13/20),0,52,CPT Ben Rice UTIL Gerrit Cole UTIL Trent Grisham UTIL George Lombard Jr. UTIL Austin Wells UTIL Samuel Basallo,,,
833,5224282644,MultipleWinGasms (15/20),0,52,CPT Trent Grisham UTIL Gerrit Cole UTIL Ben Rice UTIL Heliot Ramos UTIL George Lombard Jr. UTIL Colton Cowser,,,
833,5224466592,124337,0,52,CPT Jazz Chisholm Jr. UTIL Ben Rice UTIL Pete Alonso UTIL Luis Garcia Jr. UTIL Jackson Holliday UTIL Christian Franklin,,,
833,5224523769,newbie393,0,52,CPT Ben Rice UTIL Gerrit Cole UTIL Trent Grisham UTIL Leody Taveras UTIL George Lombard Jr. UTIL Austin Wells,,,
833,5224741570,rlwestjr (1/2),0,52,CPT Ben Rice UTIL Gerrit Cole UTIL Gunnar Henderson UTIL Leody Taveras UTIL Colton Cowser UTIL Austin Wells,,,
833,5224818098,merrills1,0,52,CPT Colton Cowser UTIL Ben Rice UTIL Pete Alonso UTIL Gunnar Henderson UTIL Luis Garcia Jr. UTIL Jazz Chisholm Jr.,,,
833,5224823332,crawdaddy_11 (2/3),0,52,CPT Trent Grisham UTIL Gerrit Cole UTIL Christian Encarnacion-Strand UTIL Jose Caballero UTIL Dylan Beavers UTIL Samuel Basallo,,,
833,5224835878,jimmiyzap,0,52,CPT Ben Rice UTIL Gerrit Cole UTIL Gunnar Henderson UTIL Trent Grisham UTIL Colton Cowser UTIL Anthony Volpe,,,
833,5224868584,rbradley1058,0,52,CPT Ben Rice UTIL Gerrit Cole UTIL Trent Grisham UTIL George Lombard Jr. UTIL Austin Wells UTIL Samuel Basallo,,,
833,5224871285,piston61,0,52,CPT Luis Garcia Jr. UTIL Ben Rice UTIL Christian Encarnacion-Strand UTIL Jazz Chisholm Jr. UTIL Leody Taveras UTIL George Lombard Jr.,,,
833,5224893286,blueshift16 (1/2),0,52,CPT Trent Grisham UTIL Gerrit Cole UTIL Ben Rice UTIL Jose Caballero UTIL Austin Wells UTIL Samuel Basallo,,,
833,5224896338,gunforfun (2/2),0,52,CPT Jazz Chisholm Jr. UTIL Ben Rice UTIL Pete Alonso UTIL Luis Garcia Jr. UTIL Jackson Holliday UTIL Carlos Narvaez,,,
833,5224897096,Runninrebel02 (5/5),0,52,CPT Ben Rice UTIL Gerrit Cole UTIL Trent Grisham UTIL George Lombard Jr. UTIL Austin Wells UTIL Samuel Basallo,,,
846,5224217759,Marcus68658,0,51.75,CPT Gerrit Cole UTIL Ben Rice UTIL Christian Encarnacion-Strand UTIL Ryan McMahon UTIL Colton Cowser UTIL Jasson Dominguez,,,
846,5224370579,dak444,0,51.75,CPT Trent Grisham UTIL Gerrit Cole UTIL Kyle Bradish UTIL George Lombard Jr. UTIL Austin Wells UTIL Samuel Basallo,,,
846,5224617235,thsf,0,51.75,CPT Gunnar Henderson UTIL Gerrit Cole UTIL Kyle Bradish UTIL Colton Cowser UTIL Austin Wells UTIL Samuel Basallo,,,
846,5224767941,jonsierak (2/3),0,51.75,CPT Trent Grisham UTIL Gerrit Cole UTIL Kyle Bradish UTIL Gunnar Henderson UTIL Colton Cowser UTIL Carlos Narvaez,,,
846,5224829019,kxngspring,0,51.75,CPT Trent Grisham UTIL Gerrit Cole UTIL Kyle Bradish UTIL Gunnar Henderson UTIL Colton Cowser UTIL Carlos Narvaez,,,
846,5224844447,Rleone.1,0,51.75,CPT Gerrit Cole UTIL Ben Rice UTIL Paul Goldschmidt UTIL George Lombard Jr. UTIL Colton Cowser UTIL Samuel Basallo,,,
846,5224897068,Biscuits209 (3/9),0,51.75,CPT Gunnar Henderson UTIL Gerrit Cole UTIL Kyle Bradish UTIL George Lombard Jr. UTIL Colton Cowser UTIL Austin Wells,,,
846,5224901882,CraigEddie1,0,51.75,CPT Gunnar Henderson UTIL Gerrit Cole UTIL Kyle Bradish UTIL Colton Cowser UTIL Austin Wells UTIL Samuel Basallo,,,
846,5224905158,chrispy2005 (3/20),0,51.75,CPT Gunnar Henderson UTIL Gerrit Cole UTIL Kyle Bradish UTIL George Lombard Jr. UTIL Colton Cowser UTIL Austin Wells,,,
855,5224251684,Sammy.Boy (6/20),0,51.625,CPT Kyle Bradish UTIL Gerrit Cole UTIL Jackson Holliday UTIL Heliot Ramos UTIL Colton Cowser UTIL Carlos Narvaez,,,
855,5224620176,SpeedRacer101 (7/20),0,51.625,CPT Kyle Bradish UTIL Gerrit Cole UTIL Jackson Holliday UTIL Heliot Ramos UTIL Colton Cowser UTIL Carlos Narvaez,,,
855,5224620186,SpeedRacer101 (17/20),0,51.625,CPT Kyle Bradish UTIL Gerrit Cole UTIL Jackson Holliday UTIL Colton Cowser UTIL Samuel Basallo UTIL Grant Wolfram,,,
855,5224837019,comac (2/2),0,51.625,CPT Kyle Bradish UTIL Gerrit Cole UTIL Trent Grisham UTIL Jose Caballero UTIL Colton Cowser UTIL Carlos Narvaez,,,
859,5224351583,rodh73,0,51.5,CPT Pete Alonso UTIL Gerrit Cole UTIL Ben Rice UTIL George Lombard Jr. UTIL Jeremiah Jackson UTIL Austin Wells,,,
859,5224435242,bloylo,0,51.5,CPT Pete Alonso UTIL Gerrit Cole UTIL Ben Rice UTIL Colton Cowser UTIL Austin Wells UTIL Samuel Basallo,,,
859,5224561237,paco52,0,51.5,CPT Ben Rice UTIL Pete Alonso UTIL Luis Garcia Jr. UTIL Jazz Chisholm Jr. UTIL Leody Taveras UTIL Carlos Narvaez,,,
859,5224754110,Joco6959 (2/2),0,51.5,CPT Ben Rice UTIL Pete Alonso UTIL Trent Grisham UTIL George Lombard Jr. UTIL Spencer Jones UTIL Samuel Basallo,,,
859,5224801128,patrickjames95,0,51.5,CPT Ben Rice UTIL Pete Alonso UTIL Luis Garcia Jr. UTIL Jazz Chisholm Jr. UTIL Tyler O'Neill UTIL Yohel Pozo,,,
859,5224816857,slotone (8/15),0,51.5,CPT Jose Caballero UTIL Gerrit Cole UTIL Christian Encarnacion-Strand UTIL Jazz Chisholm Jr. UTIL Trent Grisham UTIL Austin Wells,,,
865,5224838122,georgeconfused (6/6),0,51.25,CPT George Lombard Jr. UTIL Gerrit Cole UTIL Kyle Bradish UTIL Trent Grisham UTIL Jose Caballero UTIL Austin Wells,,,
865,5224872026,jbozias,0,51.25,CPT Jose Caballero UTIL Gerrit Cole UTIL Kyle Bradish UTIL Ben Rice UTIL Colton Cowser UTIL Carlos Narvaez,,,
867,5224576214,MANDRE44,0,51,CPT Pete Alonso UTIL Jazz Chisholm Jr. UTIL Trent Grisham UTIL Leody Taveras UTIL George Lombard Jr. UTIL Spencer Jones,,,
867,5224856740,JoeNY07 (3/7),0,51,CPT Trent Grisham UTIL Gerrit Cole UTIL Gunnar Henderson UTIL Jazz Chisholm Jr. UTIL George Lombard Jr. UTIL Colton Cowser,,,
867,5224918566,Lakesnow13 (3/3),0,51,CPT Jazz Chisholm Jr. UTIL Ben Rice UTIL Luis Garcia Jr. UTIL Trent Grisham UTIL George Lombard Jr. UTIL Samuel Basallo,,,
870,5224901866,bama25js,0,50.75,CPT Gerrit Cole UTIL Pete Alonso UTIL Jose Caballero UTIL George Lombard Jr. UTIL Colton Cowser UTIL Samuel Basallo,,,
871,5224750066,austin60915 (5/20),0,50.625,CPT Kyle Bradish UTIL Gerrit Cole UTIL Pete Alonso UTIL Colton Cowser UTIL Carlos Narvaez UTIL Andrew Kittredge,,,
871,5224832068,gsharfman (1/2),0,50.625,CPT Kyle Bradish UTIL Gerrit Cole UTIL Pete Alonso UTIL George Lombard Jr. UTIL Carlos Narvaez UTIL Anthony Volpe,,,
873,5224880488,eddie22345 (20/20),0,50.25,CPT Yennier Cano UTIL Gerrit Cole UTIL Kyle Bradish UTIL Pete Alonso UTIL Trent Grisham UTIL Tim Hill,,,
874,5224779340,dweather09 (15/20),0,50,CPT Pete Alonso UTIL Ben Rice UTIL Luis Garcia Jr. UTIL Trent Grisham UTIL Austin Wells UTIL Samuel Basallo,,,
874,5224834236,krunchee,0,50,CPT Trent Grisham UTIL Gerrit Cole UTIL Ben Rice UTIL Jackson Holliday UTIL George Lombard Jr. UTIL Austin Wells,,,
874,5224888554,phillynjoy,0,50,CPT Austin Wells UTIL Gerrit Cole UTIL Ben Rice UTIL Gunnar Henderson UTIL Jackson Holliday UTIL George Lombard Jr.,,,
874,5224897092,Runninrebel02 (1/5),0,50,CPT Trent Grisham UTIL Gerrit Cole UTIL Ben Rice UTIL Jackson Holliday UTIL George Lombard Jr. UTIL Austin Wells,,,
874,5224917558,yellow47 (2/2),0,50,CPT Trent Grisham UTIL Gerrit Cole UTIL Ben Rice UTIL Jackson Holliday UTIL George Lombard Jr. UTIL Austin Wells,,,
879,5224843005,chadmac2112,0,49.75,CPT Gerrit Cole UTIL Trent Grisham UTIL Jose Caballero UTIL Coby Mayo UTIL Leody Taveras UTIL Amed Rosario,,,
879,5224896992,Steppoman (3/10),0,49.75,CPT Christian Encarnacion-Strand UTIL Kyle Bradish UTIL Luis Garcia Jr. UTIL Jazz Chisholm Jr. UTIL Heliot Ramos UTIL Colton Cowser,,,
881,5224164802,ivymoose (2/10),0,49.625,CPT Kyle Bradish UTIL Gerrit Cole UTIL Gunnar Henderson UTIL George Lombard Jr. UTIL Colton Cowser UTIL Carlos Narvaez,,,
881,5224164804,ivymoose (4/10),0,49.625,CPT Kyle Bradish UTIL Gerrit Cole UTIL Christian Encarnacion-Strand UTIL Leody Taveras UTIL Colton Cowser UTIL Austin Wells,,,
881,5224164807,ivymoose (7/10),0,49.625,CPT Kyle Bradish UTIL Gerrit Cole UTIL Jackson Holliday UTIL Colton Cowser UTIL Austin Wells UTIL Samuel Basallo,,,
881,5224164810,ivymoose (10/10),0,49.625,CPT Kyle Bradish UTIL Gerrit Cole UTIL Jackson Holliday UTIL Leody Taveras UTIL Colton Cowser UTIL Austin Wells,,,
881,5224238988,millerjt7 (1/2),0,49.625,CPT Kyle Bradish UTIL Gerrit Cole UTIL Christian Encarnacion-Strand UTIL George Lombard Jr. UTIL Colton Cowser UTIL Austin Wells,,,
881,5224251696,Sammy.Boy (18/20),0,49.625,CPT Kyle Bradish UTIL Gerrit Cole UTIL Jackson Holliday UTIL Leody Taveras UTIL Colton Cowser UTIL Austin Wells,,,
881,5224282647,MultipleWinGasms (18/20),0,49.625,CPT Kyle Bradish UTIL Gerrit Cole UTIL Gunnar Henderson UTIL George Lombard Jr. UTIL Colton Cowser UTIL Carlos Narvaez,,,
881,5224366638,Sportsgarage88888 (2/4),0,49.625,CPT Kyle Bradish UTIL Gerrit Cole UTIL Gunnar Henderson UTIL George Lombard Jr. UTIL Colton Cowser UTIL Carlos Narvaez,,,
881,5224375934,mythicalrhymer01 (4/5),0,49.625,CPT Kyle Bradish UTIL Gerrit Cole UTIL Christian Encarnacion-Strand UTIL Leody Taveras UTIL Colton Cowser UTIL Austin Wells,,,
881,5224482557,Satch65 (14/20),0,49.625,CPT Kyle Bradish UTIL Gerrit Cole UTIL Jackson Holliday UTIL George Lombard Jr. UTIL Colton Cowser UTIL Austin Wells,,,
881,5224482725,hart132,0,49.625,CPT Kyle Bradish UTIL Gerrit Cole UTIL Coby Mayo UTIL Colton Cowser UTIL Austin Wells UTIL Samuel Basallo,,,
881,5224534200,kreller17 (5/10),0,49.625,CPT Kyle Bradish UTIL Gerrit Cole UTIL Jackson Holliday UTIL Austin Wells UTIL Samuel Basallo UTIL Yennier Cano,,,
881,5224644988,LOCNOTM (5/20),0,49.625,CPT Kyle Bradish UTIL Gerrit Cole UTIL Trent Grisham UTIL Colton Cowser UTIL Carlos Narvaez UTIL Samuel Basallo,,,
881,5224644995,LOCNOTM (12/20),0,49.625,CPT Kyle Bradish UTIL Gerrit Cole UTIL Trent Grisham UTIL Leody Taveras UTIL Colton Cowser UTIL Carlos Narvaez,,,
881,5224741387,ataribravo (6/20),0,49.625,CPT Kyle Bradish UTIL Gerrit Cole UTIL Christian Encarnacion-Strand UTIL Leody Taveras UTIL Colton Cowser UTIL Austin Wells,,,
881,5224750077,austin60915 (16/20),0,49.625,CPT Kyle Bradish UTIL Gerrit Cole UTIL Christian Encarnacion-Strand UTIL Leody Taveras UTIL Colton Cowser UTIL Austin Wells,,,
881,5224781962,zanva (3/4),0,49.625,CPT Kyle Bradish UTIL Gerrit Cole UTIL Jackson Holliday UTIL Colton Cowser UTIL Austin Wells UTIL Samuel Basallo,,,
881,5224864221,Mige1 (7/20),0,49.625,CPT Kyle Bradish UTIL Gerrit Cole UTIL Christian Encarnacion-Strand UTIL Leody Taveras UTIL Colton Cowser UTIL Austin Wells,,,
881,5224910332,savrome2425 (7/20),0,49.625,CPT Kyle Bradish UTIL Gerrit Cole UTIL Leody Taveras UTIL Colton Cowser UTIL Austin Wells UTIL Samuel Basallo,,,
900,5224788254,floydian80 (11/20),0,49.5,CPT Samuel Basallo UTIL Gerrit Cole UTIL Ben Rice UTIL Trent Grisham UTIL Jose Caballero UTIL Austin Wells,,,
900,5224795277,serb220,0,49.5,CPT George Lombard Jr. UTIL Gerrit Cole UTIL Pete Alonso UTIL Gunnar Henderson UTIL Jazz Chisholm Jr. UTIL Carlos Narvaez,,,
900,5224858433,SomeDayinBuffalo (2/2),0,49.5,CPT George Lombard Jr. UTIL Gerrit Cole UTIL Pete Alonso UTIL Jazz Chisholm Jr. UTIL Trent Grisham UTIL Colton Cowser,,,
903,5224880476,eddie22345 (8/20),0,49.25,CPT Christian Encarnacion-Strand UTIL Gerrit Cole UTIL Kyle Bradish UTIL Trent Grisham UTIL Colton Cowser UTIL Austin Wells,,,
903,5224895989,Koolkeeph1,0,49.25,CPT Jackson Holliday UTIL Gerrit Cole UTIL Kyle Bradish UTIL Trent Grisham UTIL Colton Cowser UTIL Austin Wells,,,
905,5224876531,Runrrunrluck12,0,49.125,CPT Kyle Bradish UTIL Pete Alonso UTIL Luis Garcia Jr. UTIL Colton Cowser UTIL Austin Wells UTIL Samuel Basallo,,,
905,5224906779,torogi99,0,49.125,CPT Kyle Bradish UTIL Ben Rice UTIL Jazz Chisholm Jr. UTIL George Lombard Jr. UTIL Dylan Beavers UTIL Colton Cowser,,,
907,5224877743,upsmarc94,0,49,CPT Ben Rice UTIL Gerrit Cole UTIL Heliot Ramos UTIL Leody Taveras UTIL George Lombard Jr. UTIL Colton Cowser,,,
908,5224602641,bigshawn33,0,48.75,CPT Leody Taveras UTIL Kyle Bradish UTIL Pete Alonso UTIL Gunnar Henderson UTIL Spencer Jones UTIL Samuel Basallo,,,
908,5224899107,vincentpitz (1/2),0,48.75,CPT Trent Grisham UTIL Gerrit Cole UTIL Kyle Bradish UTIL Jose Caballero UTIL George Lombard Jr. UTIL Carlos Narvaez,,,
910,5224779334,dweather09 (9/20),0,48.5,CPT Samuel Basallo UTIL Gerrit Cole UTIL Ben Rice UTIL Pete Alonso UTIL George Lombard Jr. UTIL Austin Wells,,,
910,5224821545,metalhead55555 (3/3),0,48.5,CPT Ben Rice UTIL Pete Alonso UTIL Jazz Chisholm Jr. UTIL Trent Grisham UTIL Dylan Beavers UTIL Amed Rosario,,,
910,5224854887,Majic09 (1/3),0,48.5,CPT Christian Encarnacion-Strand UTIL Gerrit Cole UTIL Ben Rice UTIL Pete Alonso UTIL Austin Wells UTIL Carlos Narvaez,,,
910,5224876009,bhickman99 (6/10),0,48.5,CPT Jackson Holliday UTIL Gerrit Cole UTIL Ben Rice UTIL Pete Alonso UTIL Colton Cowser UTIL Austin Wells,,,
914,5224367618,Sportsgarage88888 (4/4),0,48.25,CPT Pete Alonso UTIL Gerrit Cole UTIL Kyle Bradish UTIL George Lombard Jr. UTIL Colton Cowser UTIL Carlos Narvaez,,,
914,5224595035,FoxyGrandpa252 (13/20),0,48.25,CPT Pete Alonso UTIL Gerrit Cole UTIL Kyle Bradish UTIL George Lombard Jr. UTIL Colton Cowser UTIL Carlos Narvaez,,,
914,5224620184,SpeedRacer101 (15/20),0,48.25,CPT Pete Alonso UTIL Gerrit Cole UTIL Kyle Bradish UTIL Leody Taveras UTIL Colton Cowser UTIL Carlos Narvaez,,,
914,5224811573,MikeyFootballs,0,48.25,CPT Pete Alonso UTIL Gerrit Cole UTIL Kyle Bradish UTIL Leody Taveras UTIL Colton Cowser UTIL Carlos Narvaez,,,
914,5224873355,amberlina (1/5),0,48.25,CPT Pete Alonso UTIL Gerrit Cole UTIL Kyle Bradish UTIL George Lombard Jr. UTIL Colton Cowser UTIL Carlos Narvaez,,,
914,5224873356,amberlina (2/5),0,48.25,CPT Pete Alonso UTIL Gerrit Cole UTIL Kyle Bradish UTIL George Lombard Jr. UTIL Colton Cowser UTIL Carlos Narvaez,,,
914,5224873357,amberlina (3/5),0,48.25,CPT Pete Alonso UTIL Gerrit Cole UTIL Kyle Bradish UTIL George Lombard Jr. UTIL Colton Cowser UTIL Carlos Narvaez,,,
914,5224873358,amberlina (4/5),0,48.25,CPT Pete Alonso UTIL Gerrit Cole UTIL Kyle Bradish UTIL George Lombard Jr. UTIL Colton Cowser UTIL Carlos Narvaez,,,
914,5224873359,amberlina (5/5),0,48.25,CPT Pete Alonso UTIL Gerrit Cole UTIL Kyle Bradish UTIL George Lombard Jr. UTIL Colton Cowser UTIL Carlos Narvaez,,,
923,5224489869,whoisjohngalt420 (4/20),0,48.125,CPT Kyle Bradish UTIL Gunnar Henderson UTIL Christian Encarnacion-Strand UTIL Jackson Holliday UTIL Spencer Jones UTIL Colton Cowser,,,
923,5224905163,chrispy2005 (8/20),0,48.125,CPT Kyle Bradish UTIL Pete Alonso UTIL Trent Grisham UTIL Heliot Ramos UTIL Dylan Beavers UTIL Colton Cowser,,,
925,5224904134,Biscuits209 (7/9),0,48,CPT Trent Grisham UTIL Gerrit Cole UTIL Gunnar Henderson UTIL Heliot Ramos UTIL Colton Cowser UTIL Samuel Basallo,,,
926,5224474583,partypats (1/2),0,47.5,CPT Trent Grisham UTIL Pete Alonso UTIL Luis Garcia Jr. UTIL Jazz Chisholm Jr. UTIL Jose Caballero UTIL Leody Taveras,,,
926,5224737855,cowboyf250,0,47.5,CPT Ben Rice UTIL Christian Encarnacion-Strand UTIL Trent Grisham UTIL Jackson Holliday UTIL Jose Caballero UTIL Spencer Jones,,,
926,5224834079,Hack579,0,47.5,CPT George Lombard Jr. UTIL Gerrit Cole UTIL Ben Rice UTIL Jazz Chisholm Jr. UTIL Jackson Holliday UTIL Colton Cowser,,,
926,5224895635,Steppoman (2/10),0,47.5,CPT Ben Rice UTIL Luis Garcia Jr. UTIL Trent Grisham UTIL Heliot Ramos UTIL Leody Taveras UTIL Samuel Basallo,,,
930,5224839775,BigSickSone,0,47,CPT Ben Rice UTIL Gerrit Cole UTIL Trent Grisham UTIL Leody Taveras UTIL George Lombard Jr. UTIL Colton Cowser,,,
930,5224853276,Plutocup67,0,47,CPT Pete Alonso UTIL Ben Rice UTIL Gunnar Henderson UTIL Jazz Chisholm Jr. UTIL Dylan Beavers UTIL Colton Cowser,,,
932,5224410104,foutah (5/5),0,46.75,CPT Trent Grisham UTIL Gerrit Cole UTIL Kyle Bradish UTIL Leody Taveras UTIL George Lombard Jr. UTIL Colton Cowser,,,
932,5224918452,TJStarx,0,46.75,CPT Trent Grisham UTIL Gerrit Cole UTIL Kyle Bradish UTIL Leody Taveras UTIL George Lombard Jr. UTIL Colton Cowser,,,
934,5224482901,gwatts77 (8/20),0,46.625,CPT Kyle Bradish UTIL Gerrit Cole UTIL Jackson Holliday UTIL Jose Caballero UTIL Colton Cowser UTIL Carlos Narvaez,,,
935,5224474593,partypats (2/2),0,46.5,CPT Trent Grisham UTIL Ben Rice UTIL Pete Alonso UTIL Luis Garcia Jr. UTIL Jose Caballero UTIL Colton Cowser,,,
935,5224832874,jabeeps,0,46.5,CPT Ben Rice UTIL Pete Alonso UTIL Luis Garcia Jr. UTIL Trent Grisham UTIL George Lombard Jr. UTIL Colton Cowser,,,
935,5224833848,WD1421 (1/5),0,46.5,CPT Ben Rice UTIL Pete Alonso UTIL Christian Encarnacion-Strand UTIL George Lombard Jr. UTIL Spencer Jones UTIL Samuel Basallo,,,
935,5224833864,WD1421 (2/5),0,46.5,CPT Ben Rice UTIL Pete Alonso UTIL Christian Encarnacion-Strand UTIL George Lombard Jr. UTIL Spencer Jones UTIL Samuel Basallo,,,
935,5224844638,WD1421 (3/5),0,46.5,CPT Ben Rice UTIL Pete Alonso UTIL Christian Encarnacion-Strand UTIL George Lombard Jr. UTIL Spencer Jones UTIL Samuel Basallo,,,
935,5224844649,WD1421 (4/5),0,46.5,CPT Ben Rice UTIL Pete Alonso UTIL Christian Encarnacion-Strand UTIL George Lombard Jr. UTIL Spencer Jones UTIL Samuel Basallo,,,
935,5224844657,WD1421 (5/5),0,46.5,CPT Ben Rice UTIL Pete Alonso UTIL Christian Encarnacion-Strand UTIL George Lombard Jr. UTIL Spencer Jones UTIL Samuel Basallo,,,
935,5224865334,JoeNY07 (5/7),0,46.5,CPT Jose Caballero UTIL Gerrit Cole UTIL Jazz Chisholm Jr. UTIL Trent Grisham UTIL Leody Taveras UTIL Samuel Basallo,,,
935,5224910343,savrome2425 (18/20),0,46.5,CPT Trent Grisham UTIL Ben Rice UTIL Pete Alonso UTIL Jazz Chisholm Jr. UTIL George Lombard Jr. UTIL Dylan Beavers,,,
944,5224412360,daddyo622,0,46.25,CPT George Lombard Jr. UTIL Gerrit Cole UTIL Kyle Bradish UTIL Trent Grisham UTIL Jose Caballero UTIL Colton Cowser,,,
944,5224833284,studd2,0,46.25,CPT Jackson Holliday UTIL Gerrit Cole UTIL Kyle Bradish UTIL Heliot Ramos UTIL George Lombard Jr. UTIL Carlos Narvaez,,,
946,5224637364,mrclean913 (8/20),0,46.125,CPT Kyle Bradish UTIL Pete Alonso UTIL Gunnar Henderson UTIL Leody Taveras UTIL Dylan Beavers UTIL Austin Wells,,,
946,5224723560,kbrisacher (13/20),0,46.125,CPT Kyle Bradish UTIL Pete Alonso UTIL Jazz Chisholm Jr. UTIL Dylan Beavers UTIL Colton Cowser UTIL Samuel Basallo,,,
946,5224730754,KevinLeonK3 (1/2),0,46.125,CPT Kyle Bradish UTIL Pete Alonso UTIL Gunnar Henderson UTIL Leody Taveras UTIL Dylan Beavers UTIL Austin Wells,,,
946,5224788244,floydian80 (1/20),0,46.125,CPT Kyle Bradish UTIL Pete Alonso UTIL Jazz Chisholm Jr. UTIL Dylan Beavers UTIL Colton Cowser UTIL Samuel Basallo,,,
946,5224910341,savrome2425 (16/20),0,46.125,CPT Kyle Bradish UTIL Pete Alonso UTIL Jazz Chisholm Jr. UTIL Leody Taveras UTIL Dylan Beavers UTIL Colton Cowser,,,
951,5224853533,coolsouthernbrees (7/16),0,46,CPT Luis Garcia Jr. UTIL Pete Alonso UTIL Trent Grisham UTIL Jose Caballero UTIL George Lombard Jr. UTIL Samuel Basallo,,,
951,5224861815,coolsouthernbrees (13/16),0,46,CPT Heliot Ramos UTIL Gerrit Cole UTIL Trent Grisham UTIL Jose Caballero UTIL George Lombard Jr. UTIL Samuel Basallo,,,
951,5224880746,BBSJGOLD,0,46,CPT Pete Alonso UTIL Gunnar Henderson UTIL Christian Encarnacion-Strand UTIL Trent Grisham UTIL Leody Taveras UTIL Spencer Jones,,,
954,5224716606,kenread133 (2/2),0,45.75,CPT Jackson Holliday UTIL Kyle Bradish UTIL Pete Alonso UTIL Jose Caballero UTIL Spencer Jones UTIL Samuel Basallo,,,
955,5224776126,LanDan29,0,45.5,CPT Trent Grisham UTIL Pete Alonso UTIL Gunnar Henderson UTIL Jackson Holliday UTIL Spencer Jones UTIL Samuel Basallo,,,
955,5224788014,DADMAN,0,45.5,CPT Ben Rice UTIL Luis Garcia Jr. UTIL Christian Encarnacion-Strand UTIL Jazz Chisholm Jr. UTIL George Lombard Jr. UTIL Jasson Dominguez,,,
957,5224443128,az350z (15/20),0,45.25,CPT Samuel Basallo UTIL Gerrit Cole UTIL Kyle Bradish UTIL Pete Alonso UTIL Colton Cowser UTIL Fernando Cruz,,,
957,5224810481,joeythewin (3/9),0,45.25,CPT Gunnar Henderson UTIL Kyle Bradish UTIL Luis Garcia Jr. UTIL Jackson Holliday UTIL Austin Wells UTIL Samuel Basallo,,,
959,5224012677,gibsonboy87 (4/20),0,45.125,CPT Kyle Bradish UTIL Gunnar Henderson UTIL Christian Encarnacion-Strand UTIL Jazz Chisholm Jr. UTIL Dylan Beavers UTIL Carlos Narvaez,,,
959,5224595037,FoxyGrandpa252 (15/20),0,45.125,CPT Kyle Bradish UTIL Gunnar Henderson UTIL Jazz Chisholm Jr. UTIL Jackson Holliday UTIL Dylan Beavers UTIL Colton Cowser,,,
959,5224620173,SpeedRacer101 (4/20),0,45.125,CPT Kyle Bradish UTIL Gunnar Henderson UTIL Jazz Chisholm Jr. UTIL Jackson Holliday UTIL Dylan Beavers UTIL Colton Cowser,,,
959,5224905159,chrispy2005 (4/20),0,45.125,CPT Kyle Bradish UTIL Gunnar Henderson UTIL Jazz Chisholm Jr. UTIL Jackson Holliday UTIL Dylan Beavers UTIL Colton Cowser,,,
963,5224241205,MasterDrafter007,0,45,CPT Trent Grisham UTIL Gerrit Cole UTIL Ben Rice UTIL Jackson Holliday UTIL Paul Goldschmidt UTIL Anthony Volpe,,,
963,5224410044,foutah (4/5),0,45,CPT Pete Alonso UTIL Luis Garcia Jr. UTIL Christian Encarnacion-Strand UTIL Jackson Holliday UTIL Dylan Beavers UTIL Samuel Basallo,,,
963,5224489880,whoisjohngalt420 (15/20),0,45,CPT Pete Alonso UTIL Ben Rice UTIL Jazz Chisholm Jr. UTIL Trent Grisham UTIL Heliot Ramos UTIL Austin Wells,,,
963,5224568442,Rustycle (2/2),0,45,CPT Pete Alonso UTIL Ben Rice UTIL Luis Garcia Jr. UTIL Jackson Holliday UTIL Austin Wells UTIL Samuel Basallo,,,
967,5224823316,crawdaddy_11 (1/3),0,44.75,CPT Jackson Holliday UTIL Kyle Bradish UTIL Christian Encarnacion-Strand UTIL Heliot Ramos UTIL Leody Taveras UTIL Spencer Jones,,,
968,5224091975,jstoltman3 (1/2),0,44.625,CPT Kyle Bradish UTIL Gerrit Cole UTIL Leody Taveras UTIL George Lombard Jr. UTIL Carlos Narvaez UTIL Samuel Basallo,,,
968,5224251690,Sammy.Boy (12/20),0,44.625,CPT Kyle Bradish UTIL Gerrit Cole UTIL Christian Encarnacion-Strand UTIL Colton Cowser UTIL Carlos Narvaez UTIL Samuel Basallo,,,
968,5224282648,MultipleWinGasms (19/20),0,44.625,CPT Kyle Bradish UTIL Gerrit Cole UTIL Jackson Holliday UTIL Colton Cowser UTIL Carlos Narvaez UTIL Samuel Basallo,,,
968,5224361472,JcClark18 (9/15),0,44.625,CPT Kyle Bradish UTIL Gerrit Cole UTIL Jackson Holliday UTIL Colton Cowser UTIL Samuel Basallo UTIL Andrew Kittredge,,,
968,5224443123,az350z (10/20),0,44.625,CPT Kyle Bradish UTIL Gerrit Cole UTIL Christian Encarnacion-Strand UTIL Colton Cowser UTIL Carlos Narvaez UTIL Alex Hoppe,,,
968,5224457139,Caryg07 (10/20),0,44.625,CPT Kyle Bradish UTIL Gerrit Cole UTIL Jackson Holliday UTIL Leody Taveras UTIL Colton Cowser UTIL Carlos Narvaez,,,
968,5224595026,FoxyGrandpa252 (4/20),0,44.625,CPT Kyle Bradish UTIL Gerrit Cole UTIL Christian Encarnacion-Strand UTIL Colton Cowser UTIL Carlos Narvaez UTIL Samuel Basallo,,,
968,5224603961,jimbo484848,0,44.625,CPT Kyle Bradish UTIL Gerrit Cole UTIL Jackson Holliday UTIL Colton Cowser UTIL Carlos Narvaez UTIL Samuel Basallo,,,
968,5224637359,mrclean913 (3/20),0,44.625,CPT Kyle Bradish UTIL Gerrit Cole UTIL Christian Encarnacion-Strand UTIL Leody Taveras UTIL Colton Cowser UTIL Carlos Narvaez,,,
968,5224637362,mrclean913 (6/20),0,44.625,CPT Kyle Bradish UTIL Gerrit Cole UTIL Jackson Holliday UTIL Colton Cowser UTIL Samuel Basallo UTIL Andrew Kittredge,,,
968,5224741392,ataribravo (11/20),0,44.625,CPT Kyle Bradish UTIL Gerrit Cole UTIL Jackson Holliday UTIL Colton Cowser UTIL Samuel Basallo UTIL Andrew Kittredge,,,
968,5224750072,austin60915 (11/20),0,44.625,CPT Kyle Bradish UTIL Gerrit Cole UTIL Jackson Holliday UTIL Colton Cowser UTIL Samuel Basallo UTIL Fernando Cruz,,,
968,5224779395,Takingchances89,0,44.625,CPT Kyle Bradish UTIL Gerrit Cole UTIL Christian Encarnacion-Strand UTIL Leody Taveras UTIL Colton Cowser UTIL Carlos Narvaez,,,
968,5224788250,floydian80 (7/20),0,44.625,CPT Kyle Bradish UTIL Gerrit Cole UTIL Christian Encarnacion-Strand UTIL Carlos Narvaez UTIL Samuel Basallo UTIL Rico Garcia,,,
982,5224809015,warp61 (3/3),0,44.25,CPT Leody Taveras UTIL Gerrit Cole UTIL Kyle Bradish UTIL Trent Grisham UTIL George Lombard Jr. UTIL Colton Cowser,,,
982,5224828111,mrichter22 (1/2),0,44.25,CPT Leody Taveras UTIL Gerrit Cole UTIL Kyle Bradish UTIL Gunnar Henderson UTIL George Lombard Jr. UTIL Carlos Narvaez,,,
982,5224829066,georgeconfused (1/6),0,44.25,CPT Carlos Narvaez UTIL Gerrit Cole UTIL Kyle Bradish UTIL Gunnar Henderson UTIL Jackson Holliday UTIL Samuel Basallo,,,
982,5224880472,eddie22345 (4/20),0,44.25,CPT Jackson Holliday UTIL Gerrit Cole UTIL Kyle Bradish UTIL Gunnar Henderson UTIL Carlos Narvaez UTIL Andrew Kittredge,,,
982,5224880485,eddie22345 (17/20),0,44.25,CPT Samuel Basallo UTIL Gerrit Cole UTIL Kyle Bradish UTIL Christian Encarnacion-Strand UTIL George Lombard Jr. UTIL Austin Wells,,,
982,5224904151,Biscuits209 (8/9),0,44.25,CPT George Lombard Jr. UTIL Gerrit Cole UTIL Kyle Bradish UTIL Christian Encarnacion-Strand UTIL Austin Wells UTIL Samuel Basallo,,,
988,5224012685,gibsonboy87 (12/20),0,44.125,CPT Kyle Bradish UTIL Ben Rice UTIL Gunnar Henderson UTIL Dylan Beavers UTIL Carlos Narvaez UTIL Samuel Basallo,,,
988,5224905165,chrispy2005 (10/20),0,44.125,CPT Kyle Bradish UTIL Pete Alonso UTIL Luis Garcia Jr. UTIL Leody Taveras UTIL George Lombard Jr. UTIL Colton Cowser,,,
990,5223992866,diamond324,0,44,CPT Jazz Chisholm Jr. UTIL Luis Garcia Jr. UTIL Christian Encarnacion-Strand UTIL Trent Grisham UTIL Jackson Holliday UTIL Jose Caballero,,,
990,5224256093,ChiefsRCheaters,0,44,CPT Jazz Chisholm Jr. UTIL Gunnar Henderson UTIL Luis Garcia Jr. UTIL Christian Encarnacion-Strand UTIL Jose Caballero UTIL Samuel Basallo,,,
990,5224775417,Val1969,0,44,CPT Ben Rice UTIL Gerrit Cole UTIL Jackson Holliday UTIL Jose Caballero UTIL Leody Taveras UTIL Carlos Narvaez,,,
993,5224861482,jsmithtot,0,43.75,CPT Pete Alonso UTIL Kyle Bradish UTIL Jazz Chisholm Jr. UTIL Dylan Beavers UTIL Carlos Narvaez UTIL Samuel Basallo,,,
994,5224779335,dweather09 (10/20),0,43.5,CPT George Lombard Jr. UTIL Gerrit Cole UTIL Ben Rice UTIL Pete Alonso UTIL Colton Cowser UTIL Samuel Basallo,,,
995,5224489885,whoisjohngalt420 (20/20),0,43.125,CPT Kyle Bradish UTIL Pete Alonso UTIL Jackson Holliday UTIL Heliot Ramos UTIL Dylan Beavers UTIL Colton Cowser,,,
995,5224620189,SpeedRacer101 (20/20),0,43.125,CPT Kyle Bradish UTIL Luis Garcia Jr. UTIL Trent Grisham UTIL Jackson Holliday UTIL Leody Taveras UTIL Colton Cowser,,,
995,5224750067,austin60915 (6/20),0,43.125,CPT Kyle Bradish UTIL Christian Encarnacion-Strand UTIL Jackson Holliday UTIL Leody Taveras UTIL Spencer Jones UTIL Samuel Basallo,,,
995,5224872504,louiswat (3/3),0,43.125,CPT Kyle Bradish UTIL Pete Alonso UTIL Christian Encarnacion-Strand UTIL Jose Caballero UTIL Dylan Beavers UTIL Austin Wells,,,
999,5224897094,Runninrebel02 (3/5),0,42.75,CPT Dylan Beavers UTIL Kyle Bradish UTIL Pete Alonso UTIL Trent Grisham UTIL Jackson Holliday UTIL Samuel Basallo,,,
1000,5224572233,Dolow2me (1/2),0,42.5,CPT Gunnar Henderson UTIL Pete Alonso UTIL Luis Garcia Jr. UTIL Heliot Ramos UTIL George Lombard Jr. UTIL Samuel Basallo,,,
1000,5224790412,bjcarstereo72,0,42.5,CPT Pete Alonso UTIL Gerrit Cole UTIL Gunnar Henderson UTIL Leody Taveras UTIL George Lombard Jr. UTIL Carlos Narvaez,,,
1000,5224833012,coachjonnewman (1/3),0,42.5,CPT Ben Rice UTIL Gunnar Henderson UTIL Luis Garcia Jr. UTIL Jackson Holliday UTIL Jose Caballero UTIL Colton Cowser,,,
1000,5224843276,coachjonnewman (2/3),0,42.5,CPT Ben Rice UTIL Gunnar Henderson UTIL Luis Garcia Jr. UTIL Jackson Holliday UTIL Jose Caballero UTIL Colton Cowser,,,
1000,5224843281,coachjonnewman (3/3),0,42.5,CPT Ben Rice UTIL Gunnar Henderson UTIL Luis Garcia Jr. UTIL Jackson Holliday UTIL Jose Caballero UTIL Colton Cowser,,,
1005,5224012676,gibsonboy87 (3/20),0,42.125,CPT Kyle Bradish UTIL Gunnar Henderson UTIL Christian Encarnacion-Strand UTIL Heliot Ramos UTIL Dylan Beavers UTIL Colton Cowser,,,
1005,5224885881,sturgeonking86 (1/3),0,42.125,CPT Kyle Bradish UTIL Pete Alonso UTIL Gunnar Henderson UTIL Jazz Chisholm Jr. UTIL Colton Cowser UTIL Austin Wells,,,
1005,5224885893,sturgeonking86 (2/3),0,42.125,CPT Kyle Bradish UTIL Pete Alonso UTIL Gunnar Henderson UTIL Jazz Chisholm Jr. UTIL Colton Cowser UTIL Austin Wells,,,
1008,5224487288,Jyrays,0,42,CPT Jazz Chisholm Jr. UTIL Luis Garcia Jr. UTIL Christian Encarnacion-Strand UTIL Trent Grisham UTIL George Lombard Jr. UTIL Samuel Basallo,,,
1008,5224906864,24129669 (1/5),0,42,CPT Pete Alonso UTIL Ben Rice UTIL Gunnar Henderson UTIL Trent Grisham UTIL Dylan Beavers UTIL Colton Cowser,,,
1008,5224907061,24129669 (2/5),0,42,CPT Pete Alonso UTIL Ben Rice UTIL Gunnar Henderson UTIL Trent Grisham UTIL Dylan Beavers UTIL Colton Cowser,,,
1008,5224907064,24129669 (3/5),0,42,CPT Pete Alonso UTIL Ben Rice UTIL Gunnar Henderson UTIL Trent Grisham UTIL Dylan Beavers UTIL Colton Cowser,,,
1008,5224907067,24129669 (4/5),0,42,CPT Pete Alonso UTIL Ben Rice UTIL Gunnar Henderson UTIL Trent Grisham UTIL Dylan Beavers UTIL Colton Cowser,,,
1008,5224909883,24129669 (5/5),0,42,CPT Pete Alonso UTIL Ben Rice UTIL Gunnar Henderson UTIL Trent Grisham UTIL Dylan Beavers UTIL Colton Cowser,,,
1014,5224861517,coolsouthernbrees (11/16),0,41.5,CPT Trent Grisham UTIL Gunnar Henderson UTIL Luis Garcia Jr. UTIL Christian Encarnacion-Strand UTIL Heliot Ramos UTIL George Lombard Jr.,,,
1015,5224861784,kudos72off (4/4),0,41.25,CPT Gunnar Henderson UTIL Kyle Bradish UTIL Ben Rice UTIL Dylan Beavers UTIL Carlos Narvaez UTIL Samuel Basallo,,,
1016,5224012686,gibsonboy87 (13/20),0,41.125,CPT Kyle Bradish UTIL Pete Alonso UTIL Christian Encarnacion-Strand UTIL Dylan Beavers UTIL Austin Wells UTIL Samuel Basallo,,,
1016,5224337103,Watchib,0,41.125,CPT Kyle Bradish UTIL Pete Alonso UTIL Gunnar Henderson UTIL George Lombard Jr. UTIL Dylan Beavers UTIL Carlos Narvaez,,,
1016,5224457142,Caryg07 (13/20),0,41.125,CPT Kyle Bradish UTIL Pete Alonso UTIL Christian Encarnacion-Strand UTIL Dylan Beavers UTIL Austin Wells UTIL Samuel Basallo,,,
1016,5224816859,slotone (10/15),0,41.125,CPT Kyle Bradish UTIL Pete Alonso UTIL Gunnar Henderson UTIL George Lombard Jr. UTIL Dylan Beavers UTIL Colton Cowser,,,
1016,5224827766,ParlayPimpinDon (3/5),0,41.125,CPT Kyle Bradish UTIL Ben Rice UTIL Jose Caballero UTIL George Lombard Jr. UTIL Dylan Beavers UTIL Jasson Dominguez,,,
1016,5224910345,savrome2425 (20/20),0,41.125,CPT Kyle Bradish UTIL Ben Rice UTIL Jose Caballero UTIL Leody Taveras UTIL Dylan Beavers UTIL Colton Cowser,,,
1022,5224382287,chadderandom,0,41,CPT Jose Caballero UTIL Pete Alonso UTIL Luis Garcia Jr. UTIL Christian Encarnacion-Strand UTIL Jazz Chisholm Jr. UTIL Samuel Basallo,,,
1022,5224469164,2boys2girls (2/3),0,41,CPT Pete Alonso UTIL Gunnar Henderson UTIL Christian Encarnacion-Strand UTIL Jackson Holliday UTIL Spencer Jones UTIL Samuel Basallo,,,
1022,5224855998,jjpeele53,0,41,CPT Dylan Beavers UTIL Ben Rice UTIL Pete Alonso UTIL Gunnar Henderson UTIL Jackson Holliday UTIL George Lombard Jr.,,,
1022,5224917955,Lora1008,0,41,CPT Pete Alonso UTIL Gunnar Henderson UTIL Christian Encarnacion-Strand UTIL Jackson Holliday UTIL Spencer Jones UTIL Samuel Basallo,,,
1026,5224876012,bhickman99 (9/10),0,40.75,CPT Pete Alonso UTIL Kyle Bradish UTIL Ben Rice UTIL Heliot Ramos UTIL Colton Cowser UTIL Austin Wells,,,
1027,5224451179,greensquad,0,40.5,CPT Ben Rice UTIL Gunnar Henderson UTIL Luis Garcia Jr. UTIL Leody Taveras UTIL George Lombard Jr. UTIL Samuel Basallo,,,
1028,5224788248,floydian80 (5/20),0,40.25,CPT Gunnar Henderson UTIL Kyle Bradish UTIL Luis Garcia Jr. UTIL Jackson Holliday UTIL Colton Cowser UTIL Samuel Basallo,,,
1029,5224012674,gibsonboy87 (1/20),0,40.125,CPT Kyle Bradish UTIL Gunnar Henderson UTIL Christian Encarnacion-Strand UTIL Jackson Holliday UTIL Dylan Beavers UTIL Austin Wells,,,
1029,5224012675,gibsonboy87 (2/20),0,40.125,CPT Kyle Bradish UTIL Gunnar Henderson UTIL Christian Encarnacion-Strand UTIL Leody Taveras UTIL Dylan Beavers UTIL Austin Wells,,,
1029,5224012678,gibsonboy87 (5/20),0,40.125,CPT Kyle Bradish UTIL Gunnar Henderson UTIL Christian Encarnacion-Strand UTIL Dylan Beavers UTIL Austin Wells UTIL Samuel Basallo,,,
1029,5224018169,gibsonboy87 (20/20),0,40.125,CPT Kyle Bradish UTIL Gunnar Henderson UTIL Jackson Holliday UTIL Dylan Beavers UTIL Austin Wells UTIL Samuel Basallo,,,
1029,5224422212,feet69,0,40.125,CPT Kyle Bradish UTIL Jazz Chisholm Jr. UTIL Jackson Holliday UTIL Leody Taveras UTIL Dylan Beavers UTIL Samuel Basallo,,,
1029,5224595034,FoxyGrandpa252 (12/20),0,40.125,CPT Kyle Bradish UTIL Gunnar Henderson UTIL Christian Encarnacion-Strand UTIL Dylan Beavers UTIL Austin Wells UTIL Samuel Basallo,,,
1029,5224620175,SpeedRacer101 (6/20),0,40.125,CPT Kyle Bradish UTIL Gunnar Henderson UTIL Christian Encarnacion-Strand UTIL Dylan Beavers UTIL Austin Wells UTIL Samuel Basallo,,,
1029,5224801310,KelvinDubs (12/20),0,40.125,CPT Kyle Bradish UTIL Jazz Chisholm Jr. UTIL Jackson Holliday UTIL Leody Taveras UTIL Dylan Beavers UTIL Samuel Basallo,,,
1029,5224905168,chrispy2005 (13/20),0,40.125,CPT Kyle Bradish UTIL Gunnar Henderson UTIL Christian Encarnacion-Strand UTIL Dylan Beavers UTIL Austin Wells UTIL Samuel Basallo,,,
1038,5224583473,rsumrall (9/10),0,39.75,CPT Samuel Basallo UTIL Kyle Bradish UTIL Gunnar Henderson UTIL Jazz Chisholm Jr. UTIL Jackson Holliday UTIL Dylan Beavers,,,
1039,5224788253,floydian80 (10/20),0,39.25,CPT Samuel Basallo UTIL Gerrit Cole UTIL Kyle Bradish UTIL Jackson Holliday UTIL Leody Taveras UTIL Colton Cowser,,,
1040,5224012689,gibsonboy87 (16/20),0,39.125,CPT Kyle Bradish UTIL Ben Rice UTIL Christian Encarnacion-Strand UTIL Dylan Beavers UTIL Carlos Narvaez UTIL Samuel Basallo,,,
1040,5224012690,gibsonboy87 (17/20),0,39.125,CPT Kyle Bradish UTIL Ben Rice UTIL Christian Encarnacion-Strand UTIL Dylan Beavers UTIL Colton Cowser UTIL Samuel Basallo,,,
1040,5224788255,floydian80 (12/20),0,39.125,CPT Kyle Bradish UTIL Ben Rice UTIL Christian Encarnacion-Strand UTIL Leody Taveras UTIL Dylan Beavers UTIL Colton Cowser,,,
1043,5224893458,UGENLEWIN,0,39,CPT Christian Encarnacion-Strand UTIL Gunnar Henderson UTIL Luis Garcia Jr. UTIL Trent Grisham UTIL Heliot Ramos UTIL Samuel Basallo,,,
1044,5224818551,joeythewin (8/9),0,38.75,CPT Samuel Basallo UTIL Kyle Bradish UTIL Pete Alonso UTIL Luis Garcia Jr. UTIL Leody Taveras UTIL George Lombard Jr.,,,
1044,5224880473,eddie22345 (5/20),0,38.75,CPT Pete Alonso UTIL Kyle Bradish UTIL Gunnar Henderson UTIL Jackson Holliday UTIL Dylan Beavers UTIL J.C. Escarra,,,
1046,5224580174,base3ballmom,0,38.5,CPT Ben Rice UTIL Gunnar Henderson UTIL Jazz Chisholm Jr. UTIL Trent Grisham UTIL Jackson Holliday UTIL Austin Wells,,,
1047,5224836957,ParlayPimpinDon (5/5),0,38.25,CPT Ben Rice UTIL Kyle Bradish UTIL Leody Taveras UTIL George Lombard Jr. UTIL Dylan Beavers UTIL Samuel Basallo,,,
1048,5224361477,JcClark18 (14/15),0,38.125,CPT Kyle Bradish UTIL Pete Alonso UTIL Jackson Holliday UTIL Jose Caballero UTIL Dylan Beavers UTIL Colton Cowser,,,
1048,5224457148,Caryg07 (19/20),0,38.125,CPT Kyle Bradish UTIL Pete Alonso UTIL Jackson Holliday UTIL Jose Caballero UTIL Dylan Beavers UTIL Colton Cowser,,,
1048,5224637373,mrclean913 (17/20),0,38.125,CPT Kyle Bradish UTIL Pete Alonso UTIL Jackson Holliday UTIL Jose Caballero UTIL Dylan Beavers UTIL Colton Cowser,,,
1051,5224554860,thegruv (2/3),0,38,CPT Pete Alonso UTIL Gunnar Henderson UTIL Jazz Chisholm Jr. UTIL Leody Taveras UTIL Dylan Beavers UTIL Samuel Basallo,,,
1051,5224864212,Edbris561 (3/5),0,38,CPT Pete Alonso UTIL Ben Rice UTIL Gunnar Henderson UTIL Jazz Chisholm Jr. UTIL George Lombard Jr. UTIL Austin Wells,,,
1053,5224012683,gibsonboy87 (10/20),0,37.125,CPT Kyle Bradish UTIL Gunnar Henderson UTIL Jose Caballero UTIL Leody Taveras UTIL Dylan Beavers UTIL Samuel Basallo,,,
1054,5224514804,duanebertonallen (1/2),0,37,CPT Colton Cowser UTIL Ben Rice UTIL Pete Alonso UTIL Gunnar Henderson UTIL Jazz Chisholm Jr. UTIL Heliot Ramos,,,
1054,5224578830,Dolow2me (2/2),0,37,CPT George Lombard Jr. UTIL Gunnar Henderson UTIL Luis Garcia Jr. UTIL Christian Encarnacion-Strand UTIL Jazz Chisholm Jr. UTIL Jackson Holliday,,,
1056,5224854933,MarkDedmon52gmail.c,0,36,CPT Jazz Chisholm Jr. UTIL Ben Rice UTIL Trent Grisham UTIL Jackson Holliday UTIL Heliot Ramos UTIL Samuel Basallo,,,
1057,5224443122,az350z (9/20),0,35.75,CPT Carlos Narvaez UTIL Kyle Bradish UTIL Ben Rice UTIL Pete Alonso UTIL Jazz Chisholm Jr. UTIL Jackson Holliday,,,
1057,5224675532,Orangechocolate70 (5/9),0,35.75,CPT Leody Taveras UTIL Kyle Bradish UTIL Pete Alonso UTIL Gunnar Henderson UTIL George Lombard Jr. UTIL Dylan Beavers,,,
1057,5224853516,kudos72off (2/4),0,35.75,CPT Samuel Basallo UTIL Kyle Bradish UTIL Pete Alonso UTIL Gunnar Henderson UTIL George Lombard Jr. UTIL Dylan Beavers,,,
1057,5224863064,Majic09 (3/3),0,35.75,CPT George Lombard Jr. UTIL Kyle Bradish UTIL Ben Rice UTIL Pete Alonso UTIL Jazz Chisholm Jr. UTIL Carlos Narvaez,,,
1057,5224901740,Steppoman (6/10),0,35.75,CPT Colton Cowser UTIL Kyle Bradish UTIL Ben Rice UTIL Pete Alonso UTIL Jazz Chisholm Jr. UTIL Leody Taveras,,,
1057,5224910335,savrome2425 (10/20),0,35.75,CPT Pete Alonso UTIL Kyle Bradish UTIL Jose Caballero UTIL Leody Taveras UTIL Dylan Beavers UTIL Samuel Basallo,,,
1063,5224012688,gibsonboy87 (15/20),0,35.125,CPT Kyle Bradish UTIL Christian Encarnacion-Strand UTIL Trent Grisham UTIL Leody Taveras UTIL Dylan Beavers UTIL Samuel Basallo,,,
1063,5224012692,gibsonboy87 (19/20),0,35.125,CPT Kyle Bradish UTIL Christian Encarnacion-Strand UTIL Jackson Holliday UTIL Dylan Beavers UTIL Austin Wells UTIL Samuel Basallo,,,
1063,5224723567,kbrisacher (20/20),0,35.125,CPT Kyle Bradish UTIL Trent Grisham UTIL Jackson Holliday UTIL Leody Taveras UTIL Dylan Beavers UTIL Samuel Basallo,,,
1063,5224741396,ataribravo (15/20),0,35.125,CPT Kyle Bradish UTIL Christian Encarnacion-Strand UTIL Trent Grisham UTIL Leody Taveras UTIL Dylan Beavers UTIL Samuel Basallo,,,
1067,5224864486,Edbris561 (4/5),0,34.5,CPT Ben Rice UTIL Pete Alonso UTIL Jazz Chisholm Jr. UTIL Trent Grisham UTIL Jackson Holliday UTIL Carlos Narvaez,,,
1067,5224865669,JoeNY07 (7/7),0,34.5,CPT Ben Rice UTIL Pete Alonso UTIL Gunnar Henderson UTIL Trent Grisham UTIL George Lombard Jr. UTIL Austin Wells,,,
1067,5224893283,Steppoman (1/10),0,34.5,CPT Heliot Ramos UTIL Ben Rice UTIL Christian Encarnacion-Strand UTIL Jazz Chisholm Jr. UTIL Trent Grisham UTIL Leody Taveras,,,
1070,5224846922,kellydjk (5/8),0,34,CPT Christian Encarnacion-Strand UTIL Ben Rice UTIL Pete Alonso UTIL Gunnar Henderson UTIL Dylan Beavers UTIL Colton Cowser,,,
1071,5224758840,jjland,0,33.5,CPT Ben Rice UTIL Pete Alonso UTIL Gunnar Henderson UTIL Heliot Ramos UTIL Jose Caballero UTIL Carlos Narvaez,,,
1072,5224907383,Mannie75,0,33.125,CPT Kyle Bradish UTIL Gunnar Henderson UTIL Trent Grisham UTIL Heliot Ramos UTIL Colton Cowser UTIL Samuel Basallo,,,
1073,5224696680,GeorgeAllen (1/2),0,33,CPT Pete Alonso UTIL Gunnar Henderson UTIL Trent Grisham UTIL Jackson Holliday UTIL George Lombard Jr. UTIL Dylan Beavers,,,
1073,5224861523,coolsouthernbrees (12/16),0,33,CPT Jackson Holliday UTIL Pete Alonso UTIL Luis Garcia Jr. UTIL Trent Grisham UTIL Leody Taveras UTIL Samuel Basallo,,,
1075,5224880289,zanva (4/4),0,32.5,CPT Gunnar Henderson UTIL Pete Alonso UTIL Trent Grisham UTIL Jackson Holliday UTIL Dylan Beavers UTIL Samuel Basallo,,,
1076,5224792807,vetterunner (1/3),0,32.25,CPT Trent Grisham UTIL Kyle Bradish UTIL Ben Rice UTIL Gunnar Henderson UTIL Leody Taveras UTIL Carlos Narvaez,,,
1077,5224723565,kbrisacher (18/20),0,32.125,CPT Kyle Bradish UTIL Pete Alonso UTIL Gunnar Henderson UTIL Trent Grisham UTIL Colton Cowser UTIL Carlos Narvaez,,,
1077,5224750074,austin60915 (13/20),0,32.125,CPT Kyle Bradish UTIL Pete Alonso UTIL Gunnar Henderson UTIL Jackson Holliday UTIL Colton Cowser UTIL Austin Wells,,,
1077,5224783021,EmeraldReign (4/4),0,32.125,CPT Kyle Bradish UTIL Pete Alonso UTIL Gunnar Henderson UTIL Colton Cowser UTIL Austin Wells UTIL Samuel Basallo,,,
1077,5224881408,LUMBERJAX,0,32.125,CPT Kyle Bradish UTIL Pete Alonso UTIL Gunnar Henderson UTIL Paul Goldschmidt UTIL Austin Wells UTIL Jasson Dominguez,,,
1077,5224910337,savrome2425 (12/20),0,32.125,CPT Kyle Bradish UTIL Christian Encarnacion-Strand UTIL Jose Caballero UTIL Leody Taveras UTIL Dylan Beavers UTIL Samuel Basallo,,,
1077,5224910340,savrome2425 (15/20),0,32.125,CPT Kyle Bradish UTIL Pete Alonso UTIL Jazz Chisholm Jr. UTIL Leody Taveras UTIL Colton Cowser UTIL Samuel Basallo,,,
1083,5224854880,alpounder,0,32,CPT Christian Encarnacion-Strand UTIL Gunnar Henderson UTIL Luis Garcia Jr. UTIL Trent Grisham UTIL Jackson Holliday UTIL George Lombard Jr.,,,
1084,5224528689,NavinRJ1972,0,31.5,CPT Trent Grisham UTIL Ben Rice UTIL Gunnar Henderson UTIL Jazz Chisholm Jr. UTIL Leody Taveras UTIL Samuel Basallo,,,
1084,5224917661,jiglove81 (2/2),0,31.5,CPT Trent Grisham UTIL Ben Rice UTIL Gunnar Henderson UTIL Jazz Chisholm Jr. UTIL Leody Taveras UTIL Samuel Basallo,,,
1086,5224482910,gwatts77 (17/20),0,31.125,CPT Kyle Bradish UTIL Ben Rice UTIL Pete Alonso UTIL Jackson Holliday UTIL Colton Cowser UTIL Carlos Narvaez,,,
1086,5224723562,kbrisacher (15/20),0,31.125,CPT Kyle Bradish UTIL Gunnar Henderson UTIL Jazz Chisholm Jr. UTIL Jackson Holliday UTIL Carlos Narvaez UTIL Samuel Basallo,,,
1086,5224864234,Mige1 (20/20),0,31.125,CPT Kyle Bradish UTIL Gunnar Henderson UTIL Jazz Chisholm Jr. UTIL Jackson Holliday UTIL Carlos Narvaez UTIL Samuel Basallo,,,
1089,5224445855,sisterflight (2/2),0,31,CPT Pete Alonso UTIL Gunnar Henderson UTIL Jazz Chisholm Jr. UTIL Heliot Ramos UTIL Leody Taveras UTIL Samuel Basallo,,,
1089,5224832080,ChrmCtyStv (1/2),0,31,CPT Pete Alonso UTIL Luis Garcia Jr. UTIL Christian Encarnacion-Strand UTIL Jackson Holliday UTIL George Lombard Jr. UTIL Samuel Basallo,,,
1091,5224861086,coolsouthernbrees (8/16),0,30.5,CPT Gunnar Henderson UTIL Ben Rice UTIL Christian Encarnacion-Strand UTIL Jackson Holliday UTIL George Lombard Jr. UTIL Dylan Beavers,,,
1092,5224804947,Orangechocolate70 (8/9),0,30.25,CPT Trent Grisham UTIL Kyle Bradish UTIL Jazz Chisholm Jr. UTIL Jose Caballero UTIL Leody Taveras UTIL Samuel Basallo,,,
1093,5224012687,gibsonboy87 (14/20),0,30.125,CPT Kyle Bradish UTIL Christian Encarnacion-Strand UTIL Jackson Holliday UTIL George Lombard Jr. UTIL Dylan Beavers UTIL Samuel Basallo,,,
1094,5224789866,ricksells01,0,30,CPT Jackson Holliday UTIL Pete Alonso UTIL Jazz Chisholm Jr. UTIL Trent Grisham UTIL Heliot Ramos UTIL Jose Caballero,,,
1094,5224815148,JacobBeyer24,0,30,CPT Jose Caballero UTIL Ben Rice UTIL Pete Alonso UTIL Trent Grisham UTIL Heliot Ramos UTIL George Lombard Jr.,,,
1094,5224856660,Edbris561 (1/5),0,30,CPT Jackson Holliday UTIL Ben Rice UTIL Pete Alonso UTIL Gunnar Henderson UTIL Jazz Chisholm Jr. UTIL Carlos Narvaez,,,
1094,5224896314,gunforfun (1/2),0,30,CPT Pete Alonso UTIL Ben Rice UTIL Gunnar Henderson UTIL Jose Caballero UTIL Austin Wells UTIL Samuel Basallo,,,
1094,5224900946,blueshift16 (2/2),0,30,CPT Pete Alonso UTIL Ben Rice UTIL Gunnar Henderson UTIL Heliot Ramos UTIL Leody Taveras UTIL Colton Cowser,,,
1099,5224675529,Orangechocolate70 (2/9),0,29.75,CPT Pete Alonso UTIL Kyle Bradish UTIL Gunnar Henderson UTIL Jackson Holliday UTIL Colton Cowser UTIL Austin Wells,,,
1099,5224770672,garygs400 (1/2),0,29.75,CPT Leody Taveras UTIL Kyle Bradish UTIL Ben Rice UTIL Gunnar Henderson UTIL Trent Grisham UTIL Carlos Narvaez,,,
1099,5224863674,ctech1 (2/3),0,29.75,CPT Pete Alonso UTIL Kyle Bradish UTIL Gunnar Henderson UTIL George Lombard Jr. UTIL Austin Wells UTIL Samuel Basallo,,,
1099,5224892537,trappwimm80 (2/4),0,29.75,CPT Pete Alonso UTIL Kyle Bradish UTIL Gunnar Henderson UTIL Christian Encarnacion-Strand UTIL Colton Cowser UTIL Austin Wells,,,
1099,5224901431,devastato,0,29.75,CPT Pete Alonso UTIL Kyle Bradish UTIL Gunnar Henderson UTIL Christian Encarnacion-Strand UTIL Colton Cowser UTIL Austin Wells,,,
1104,5224792933,ChicagoMagpie,0,29.5,CPT Ben Rice UTIL Pete Alonso UTIL Jazz Chisholm Jr. UTIL Leody Taveras UTIL George Lombard Jr. UTIL Samuel Basallo,,,
1104,5224841543,gsharfman (2/2),0,29.5,CPT Ben Rice UTIL Pete Alonso UTIL Gunnar Henderson UTIL Trent Grisham UTIL George Lombard Jr. UTIL Carlos Narvaez,,,
1104,5224854928,murrayjhm,0,29.5,CPT Ben Rice UTIL Pete Alonso UTIL Jazz Chisholm Jr. UTIL Leody Taveras UTIL George Lombard Jr. UTIL Samuel Basallo,,,
1104,5224861798,vetterunner (3/3),0,29.5,CPT Ben Rice UTIL Pete Alonso UTIL Gunnar Henderson UTIL Trent Grisham UTIL Leody Taveras UTIL Carlos Narvaez,,,
1104,5224904176,Biscuits209 (9/9),0,29.5,CPT Trent Grisham UTIL Ben Rice UTIL Pete Alonso UTIL Christian Encarnacion-Strand UTIL Heliot Ramos UTIL Colton Cowser,,,
1109,5224620182,SpeedRacer101 (13/20),0,29.25,CPT Gunnar Henderson UTIL Kyle Bradish UTIL Pete Alonso UTIL Jackson Holliday UTIL Austin Wells UTIL Carlos Narvaez,,,
1109,5224846919,kellydjk (3/8),0,29.25,CPT Gunnar Henderson UTIL Kyle Bradish UTIL Pete Alonso UTIL Leody Taveras UTIL Austin Wells UTIL Samuel Basallo,,,
1109,5224897057,kasie111 (1/3),0,29.25,CPT Gunnar Henderson UTIL Kyle Bradish UTIL Pete Alonso UTIL Jackson Holliday UTIL Colton Cowser UTIL Austin Wells,,,
1112,5224852469,coolsouthernbrees (4/16),0,29.125,CPT Kyle Bradish UTIL Pete Alonso UTIL Heliot Ramos UTIL Leody Taveras UTIL Carlos Narvaez UTIL Samuel Basallo,,,
1113,5224909042,deuce6078,0,28.5,CPT Ben Rice UTIL Pete Alonso UTIL Heliot Ramos UTIL Jose Caballero UTIL George Lombard Jr. UTIL Samuel Basallo,,,
1114,5224012681,gibsonboy87 (8/20),0,28.125,CPT Kyle Bradish UTIL Gunnar Henderson UTIL Christian Encarnacion-Strand UTIL Heliot Ramos UTIL Carlos Narvaez UTIL Samuel Basallo,,,
1114,5224595039,FoxyGrandpa252 (17/20),0,28.125,CPT Kyle Bradish UTIL Gunnar Henderson UTIL Heliot Ramos UTIL Leody Taveras UTIL Colton Cowser UTIL Samuel Basallo,,,
1116,5224274486,Stric80,0,28,CPT Pete Alonso UTIL Ben Rice UTIL Jazz Chisholm Jr. UTIL Leody Taveras UTIL George Lombard Jr. UTIL Samuel Basallo,,,
1117,5224401915,Rayvbaker,0,27.5,CPT Trent Grisham UTIL Ben Rice UTIL Pete Alonso UTIL Gunnar Henderson UTIL George Lombard Jr. UTIL Jeremiah Jackson,,,
1117,5224779342,dweather09 (17/20),0,27.5,CPT Gunnar Henderson UTIL Ben Rice UTIL Pete Alonso UTIL Trent Grisham UTIL Colton Cowser UTIL Samuel Basallo,,,
1119,5224361474,JcClark18 (11/15),0,27.125,CPT Kyle Bradish UTIL Pete Alonso UTIL Christian Encarnacion-Strand UTIL Leody Taveras UTIL Austin Wells UTIL Samuel Basallo,,,
1119,5224482907,gwatts77 (14/20),0,27.125,CPT Kyle Bradish UTIL Pete Alonso UTIL Trent Grisham UTIL Jackson Holliday UTIL Leody Taveras UTIL Carlos Narvaez,,,
1119,5224489875,whoisjohngalt420 (10/20),0,27.125,CPT Kyle Bradish UTIL Pete Alonso UTIL Trent Grisham UTIL Jackson Holliday UTIL Leody Taveras UTIL Carlos Narvaez,,,
1119,5224534205,kreller17 (10/10),0,27.125,CPT Kyle Bradish UTIL Pete Alonso UTIL Trent Grisham UTIL Jackson Holliday UTIL Leody Taveras UTIL Carlos Narvaez,,,
1119,5224595028,FoxyGrandpa252 (6/20),0,27.125,CPT Kyle Bradish UTIL Pete Alonso UTIL Trent Grisham UTIL Jackson Holliday UTIL Leody Taveras UTIL Carlos Narvaez,,,
1119,5224595038,FoxyGrandpa252 (16/20),0,27.125,CPT Kyle Bradish UTIL Pete Alonso UTIL Trent Grisham UTIL George Lombard Jr. UTIL Colton Cowser UTIL Samuel Basallo,,,
1119,5224637368,mrclean913 (12/20),0,27.125,CPT Kyle Bradish UTIL Pete Alonso UTIL Christian Encarnacion-Strand UTIL Leody Taveras UTIL Austin Wells UTIL Samuel Basallo,,,
1119,5224741398,ataribravo (17/20),0,27.125,CPT Kyle Bradish UTIL Pete Alonso UTIL Gunnar Henderson UTIL George Lombard Jr. UTIL Carlos Narvaez UTIL Samuel Basallo,,,
1119,5224746531,cwh2638 (2/2),0,27.125,CPT Kyle Bradish UTIL Pete Alonso UTIL Gunnar Henderson UTIL Christian Encarnacion-Strand UTIL Max Schuemann UTIL Anthony Volpe,,,
1119,5224750080,austin60915 (19/20),0,27.125,CPT Kyle Bradish UTIL Pete Alonso UTIL Trent Grisham UTIL Jackson Holliday UTIL Leody Taveras UTIL Carlos Narvaez,,,
1119,5224788246,floydian80 (3/20),0,27.125,CPT Kyle Bradish UTIL Pete Alonso UTIL Trent Grisham UTIL Jackson Holliday UTIL Leody Taveras UTIL Carlos Narvaez,,,
1119,5224816854,slotone (5/15),0,27.125,CPT Kyle Bradish UTIL Pete Alonso UTIL Gunnar Henderson UTIL Leody Taveras UTIL George Lombard Jr. UTIL Carlos Narvaez,,,
1119,5224820870,metalhead55555 (2/3),0,27.125,CPT Kyle Bradish UTIL Pete Alonso UTIL Gunnar Henderson UTIL Paul Goldschmidt UTIL Amed Rosario UTIL Colton Cowser,,,
1119,5224821277,YoungDoe36 (2/2),0,27.125,CPT Kyle Bradish UTIL Pete Alonso UTIL Gunnar Henderson UTIL Jackson Holliday UTIL Colton Cowser UTIL Max Schuemann,,,
1119,5224905046,chrispy2005 (1/20),0,27.125,CPT Kyle Bradish UTIL Pete Alonso UTIL Trent Grisham UTIL Jackson Holliday UTIL Leody Taveras UTIL Carlos Narvaez,,,
1119,5224910339,savrome2425 (14/20),0,27.125,CPT Kyle Bradish UTIL Pete Alonso UTIL Trent Grisham UTIL Leody Taveras UTIL Colton Cowser UTIL Samuel Basallo,,,
1119,5224910342,savrome2425 (17/20),0,27.125,CPT Kyle Bradish UTIL Pete Alonso UTIL Christian Encarnacion-Strand UTIL George Lombard Jr. UTIL Austin Wells UTIL Samuel Basallo,,,
1136,5224214427,SliceB,0,27,CPT George Lombard Jr. UTIL Ben Rice UTIL Pete Alonso UTIL Gunnar Henderson UTIL Heliot Ramos UTIL Leody Taveras,,,
1136,5224846923,kellydjk (6/8),0,27,CPT Jackson Holliday UTIL Pete Alonso UTIL Gunnar Henderson UTIL Christian Encarnacion-Strand UTIL Jose Caballero UTIL Dylan Beavers,,,
1136,5224875806,Sean14711,0,27,CPT George Lombard Jr. UTIL Ben Rice UTIL Pete Alonso UTIL Gunnar Henderson UTIL Heliot Ramos UTIL Samuel Basallo,,,
1139,5224443126,az350z (13/20),0,26.75,CPT Pete Alonso UTIL Kyle Bradish UTIL Jackson Holliday UTIL Heliot Ramos UTIL Leody Taveras UTIL Colton Cowser,,,
1139,5224835439,thegruv (3/3),0,26.75,CPT Samuel Basallo UTIL Kyle Bradish UTIL Pete Alonso UTIL Gunnar Henderson UTIL Trent Grisham UTIL Colton Cowser,,,
1139,5224846920,kellydjk (4/8),0,26.75,CPT Samuel Basallo UTIL Kyle Bradish UTIL Pete Alonso UTIL Gunnar Henderson UTIL Jackson Holliday UTIL Austin Wells,,,
1139,5224850321,terrance79 (1/5),0,26.75,CPT Samuel Basallo UTIL Kyle Bradish UTIL Pete Alonso UTIL Gunnar Henderson UTIL Jackson Holliday UTIL Austin Wells,,,
1139,5224859800,terrance79 (2/5),0,26.75,CPT Samuel Basallo UTIL Kyle Bradish UTIL Pete Alonso UTIL Gunnar Henderson UTIL Jackson Holliday UTIL Austin Wells,,,
1139,5224859811,terrance79 (3/5),0,26.75,CPT Samuel Basallo UTIL Kyle Bradish UTIL Pete Alonso UTIL Gunnar Henderson UTIL Jackson Holliday UTIL Austin Wells,,,
1139,5224859815,terrance79 (4/5),0,26.75,CPT Samuel Basallo UTIL Kyle Bradish UTIL Pete Alonso UTIL Gunnar Henderson UTIL Jackson Holliday UTIL Austin Wells,,,
1139,5224859821,terrance79 (5/5),0,26.75,CPT Samuel Basallo UTIL Kyle Bradish UTIL Pete Alonso UTIL Gunnar Henderson UTIL Jackson Holliday UTIL Austin Wells,,,
1147,5224012679,gibsonboy87 (6/20),0,26.125,CPT Kyle Bradish UTIL Gunnar Henderson UTIL Christian Encarnacion-Strand UTIL Leody Taveras UTIL Austin Wells UTIL Samuel Basallo,,,
1147,5224637372,mrclean913 (16/20),0,26.125,CPT Kyle Bradish UTIL Gunnar Henderson UTIL Trent Grisham UTIL Jackson Holliday UTIL Carlos Narvaez UTIL Samuel Basallo,,,
1149,5224853522,coolsouthernbrees (6/16),0,26,CPT Pete Alonso UTIL Christian Encarnacion-Strand UTIL Jazz Chisholm Jr. UTIL Heliot Ramos UTIL Leody Taveras UTIL Samuel Basallo,,,
1150,5224861823,coolsouthernbrees (14/16),0,25.75,CPT Samuel Basallo UTIL Kyle Bradish UTIL Ben Rice UTIL Pete Alonso UTIL Leody Taveras UTIL Colton Cowser,,,
1151,5224889030,ATremor (2/2),0,25.125,CPT Kyle Bradish UTIL Ben Rice UTIL Jackson Holliday UTIL Leody Taveras UTIL Colton Cowser UTIL Carlos Narvaez,,,
1152,5224891928,bleeski,0,24.75,CPT Pete Alonso UTIL Kyle Bradish UTIL Christian Encarnacion-Strand UTIL Leody Taveras UTIL Austin Wells UTIL Samuel Basallo,,,
1152,5224897051,Biscuits209 (2/9),0,24.75,CPT Pete Alonso UTIL Kyle Bradish UTIL Christian Encarnacion-Strand UTIL Jackson Holliday UTIL George Lombard Jr. UTIL Austin Wells,,,
1154,5224856778,davidgscott2356 (1/3),0,24.5,CPT Ben Rice UTIL Pete Alonso UTIL Trent Grisham UTIL Leody Taveras UTIL George Lombard Jr. UTIL Samuel Basallo,,,
1154,5224865662,davidgscott2356 (2/3),0,24.5,CPT Ben Rice UTIL Pete Alonso UTIL Trent Grisham UTIL Leody Taveras UTIL George Lombard Jr. UTIL Samuel Basallo,,,
1154,5224865675,davidgscott2356 (3/3),0,24.5,CPT Ben Rice UTIL Pete Alonso UTIL Trent Grisham UTIL Leody Taveras UTIL George Lombard Jr. UTIL Samuel Basallo,,,
1157,5224620180,SpeedRacer101 (11/20),0,24.25,CPT Trent Grisham UTIL Kyle Bradish UTIL Pete Alonso UTIL Christian Encarnacion-Strand UTIL Colton Cowser UTIL Samuel Basallo,,,
1157,5224910333,savrome2425 (8/20),0,24.25,CPT Gunnar Henderson UTIL Kyle Bradish UTIL Pete Alonso UTIL George Lombard Jr. UTIL Colton Cowser UTIL Samuel Basallo,,,
1159,5224457147,Caryg07 (18/20),0,24.125,CPT Kyle Bradish UTIL Pete Alonso UTIL Jose Caballero UTIL Leody Taveras UTIL Colton Cowser UTIL Samuel Basallo,,,
1159,5224741394,ataribravo (13/20),0,24.125,CPT Kyle Bradish UTIL Pete Alonso UTIL Jackson Holliday UTIL Jose Caballero UTIL Leody Taveras UTIL Colton Cowser,,,
1161,5224685553,HughGRexshun,0,24,CPT Leody Taveras UTIL Ben Rice UTIL Christian Encarnacion-Strand UTIL Jazz Chisholm Jr. UTIL Trent Grisham UTIL Jackson Holliday,,,
1161,5224762702,juice2525,0,24,CPT Pete Alonso UTIL Christian Encarnacion-Strand UTIL Jazz Chisholm Jr. UTIL Trent Grisham UTIL Paul Goldschmidt UTIL George Lombard Jr.,,,
1161,5224861832,coolsouthernbrees (15/16),0,24,CPT George Lombard Jr. UTIL Ben Rice UTIL Christian Encarnacion-Strand UTIL Jazz Chisholm Jr. UTIL Trent Grisham UTIL Jackson Holliday,,,
1164,5224443124,az350z (11/20),0,23.75,CPT Colton Cowser UTIL Kyle Bradish UTIL Pete Alonso UTIL Gunnar Henderson UTIL Jose Caballero UTIL Samuel Basallo,,,
1165,5224879818,Mrtucka,0,23,CPT Pete Alonso UTIL Ben Rice UTIL Gunnar Henderson UTIL Jackson Holliday UTIL George Lombard Jr. UTIL Colton Cowser,,,
1166,5224055377,thegruv (1/3),0,22.5,CPT Gunnar Henderson UTIL Ben Rice UTIL Pete Alonso UTIL Jackson Holliday UTIL Colton Cowser UTIL Samuel Basallo,,,
1167,5224389524,Daily_Big_Kahuna (6/7),0,22.125,CPT Kyle Bradish UTIL Pete Alonso UTIL Jackson Holliday UTIL George Lombard Jr. UTIL Colton Cowser UTIL Samuel Basallo,,,
1167,5224766476,Torchman94,0,22.125,CPT Kyle Bradish UTIL Pete Alonso UTIL Christian Encarnacion-Strand UTIL Paul Goldschmidt UTIL Jeremiah Jackson UTIL Ryan McMahon,,,
1167,5224864231,Mige1 (17/20),0,22.125,CPT Kyle Bradish UTIL Pete Alonso UTIL Jackson Holliday UTIL Leody Taveras UTIL George Lombard Jr. UTIL Colton Cowser,,,
1170,5224861455,coolsouthernbrees (10/16),0,22,CPT Christian Encarnacion-Strand UTIL Ben Rice UTIL Pete Alonso UTIL Gunnar Henderson UTIL Jose Caballero UTIL Carlos Narvaez,,,
1171,5224012680,gibsonboy87 (7/20),0,21.125,CPT Kyle Bradish UTIL Gunnar Henderson UTIL Christian Encarnacion-Strand UTIL George Lombard Jr. UTIL Colton Cowser UTIL Samuel Basallo,,,
1171,5224457141,Caryg07 (12/20),0,21.125,CPT Kyle Bradish UTIL Christian Encarnacion-Strand UTIL Trent Grisham UTIL Jackson Holliday UTIL Colton Cowser UTIL Samuel Basallo,,,
1171,5224489883,whoisjohngalt420 (18/20),0,21.125,CPT Kyle Bradish UTIL Christian Encarnacion-Strand UTIL Trent Grisham UTIL Jackson Holliday UTIL Colton Cowser UTIL Samuel Basallo,,,
1171,5224788245,floydian80 (2/20),0,21.125,CPT Kyle Bradish UTIL Gunnar Henderson UTIL Christian Encarnacion-Strand UTIL Jackson Holliday UTIL George Lombard Jr. UTIL Carlos Narvaez,,,
1171,5224816855,slotone (6/15),0,21.125,CPT Kyle Bradish UTIL Gunnar Henderson UTIL Christian Encarnacion-Strand UTIL Jackson Holliday UTIL George Lombard Jr. UTIL Carlos Narvaez,,,
1176,5224657260,Vogel12,0,21,CPT Jackson Holliday UTIL Pete Alonso UTIL Gunnar Henderson UTIL Jazz Chisholm Jr. UTIL George Lombard Jr. UTIL Samuel Basallo,,,
1176,5224838119,georgeconfused (5/6),0,21,CPT Pete Alonso UTIL Gunnar Henderson UTIL Trent Grisham UTIL Jose Caballero UTIL Leody Taveras UTIL George Lombard Jr.,,,
1176,5224860409,bigguy49,0,21,CPT Pete Alonso UTIL Gunnar Henderson UTIL Christian Encarnacion-Strand UTIL Heliot Ramos UTIL Leody Taveras UTIL George Lombard Jr.,,,
1176,5224861870,coolsouthernbrees (16/16),0,21,CPT Pete Alonso UTIL Gunnar Henderson UTIL Christian Encarnacion-Strand UTIL Heliot Ramos UTIL Leody Taveras UTIL George Lombard Jr.,,,
1180,5224588097,Lostnspace137,0,20,CPT Christian Encarnacion-Strand UTIL Ben Rice UTIL Pete Alonso UTIL Trent Grisham UTIL Jackson Holliday UTIL Colton Cowser,,,
1181,5224842311,ChrmCtyStv (2/2),0,19,CPT Pete Alonso UTIL Gunnar Henderson UTIL Trent Grisham UTIL Jackson Holliday UTIL George Lombard Jr. UTIL Samuel Basallo,,,
1182,5224804945,Orangechocolate70 (6/9),0,18.125,CPT Kyle Bradish UTIL Christian Encarnacion-Strand UTIL Jackson Holliday UTIL Jose Caballero UTIL Colton Cowser UTIL Samuel Basallo,,,
1183,5224829776,forcefivefour (1/2),0,17,CPT Christian Encarnacion-Strand UTIL Ben Rice UTIL Pete Alonso UTIL Jose Caballero UTIL George Lombard Jr. UTIL Samuel Basallo,,,
1183,5224829777,forcefivefour (2/2),0,17,CPT Christian Encarnacion-Strand UTIL Ben Rice UTIL Pete Alonso UTIL Jose Caballero UTIL George Lombard Jr. UTIL Samuel Basallo,,,
1185,5224730649,ThaWaveeGod20,0,0,,,,
1185,5224735707,PurpleReign1313 (1/2),0,0,,,,
1185,5224744495,PurpleReign1313 (2/2),0,0,,,,
1185,5224744945,barr629,0,0,,,,
1185,5224838551,scmattg,0,0,,,,
