Rank,EntryId,EntryName,TimeRemaining,Points,Lineup,,Player,Roster Position,%Drafted,FPTS
1,5225017826,My_sons (1/17),0,198.85,1B Nolan Schanuel 2B Vaughn Grissom 3B Ezequiel Duran C Moises Ballesteros OF Yordan Alvarez OF Wade Meckler OF Wyatt Langford P Jacob deGrom P Grayson Rodriguez SS Zach Neto,,Jacob deGrom,P,75.93%,36.3
2,5225017829,My_sons (4/17),0,192.85,1B Jake Burger 2B Adam Frazier 3B Ezequiel Duran C Moises Ballesteros OF Mike Trout OF Yordan Alvarez OF Wade Meckler P Jacob deGrom P Grayson Rodriguez SS Zach Neto,,Yordan Alvarez,OF,75.42%,9
3,5225004021,FoxyGrandpa252 (7/17),0,181.85,1B Nolan Schanuel 2B Vaughn Grissom 3B Ezequiel Duran C Tyler Heineman OF Mike Trout OF Yordan Alvarez OF Wyatt Langford P Jacob deGrom P Grayson Rodriguez SS Zach Neto,,Peter Lambert,P,75.25%,-9.75
3,5225017828,My_sons (3/17),0,181.85,1B Nolan Schanuel 2B Vaughn Grissom 3B Ezequiel Duran C Moises Ballesteros OF Mike Trout OF Brandon Nimmo OF Wyatt Langford P Jacob deGrom P Grayson Rodriguez SS Zach Neto,,Isaac Paredes,3B,60.10%,8
5,5224993033,kbrisacher (8/17),0,180.85,1B Jake Burger 2B Vaughn Grissom 3B Ezequiel Duran C Danny Jansen OF Mike Trout OF Josh Lowe OF Wade Meckler P Jacob deGrom P Grayson Rodriguez SS Zach Neto,,Jose Altuve,2B,59.43%,0
6,5225026491,Rydizzle1216,0,177.85,1B Jake Burger 2B Vaughn Grissom 3B Ezequiel Duran C Danny Jansen OF Mike Trout OF Wade Meckler OF Wyatt Langford P Jacob deGrom P Grayson Rodriguez SS Zach Neto,,Jake Burger,1B,42.93%,0
7,5225024115,jonesbo (1/2),0,175.85,1B Jake Burger 2B Vaughn Grissom 3B Ezequiel Duran C Tyler Heineman OF Mike Trout OF Daulton Varsho OF Wyatt Langford P Jacob deGrom P Grayson Rodriguez SS Zach Neto,,Wyatt Langford,OF,41.58%,7
8,5224977198,Darkmen715 (13/17),0,171.35,1B Nolan Schanuel 2B Vaughn Grissom 3B Ezequiel Duran C Moises Ballesteros OF Mike Trout OF Brandon Nimmo OF Yordan Alvarez P Jacob deGrom P Andrew Alvarez SS Zach Neto,,Corey Seager,SS,39.73%,19
9,5224993030,kbrisacher (5/17),0,167.85,1B Nolan Schanuel 2B Justin Foscue 3B Vaughn Grissom C Moises Ballesteros OF Mike Trout OF Brandon Nimmo OF Wyatt Langford P Jacob deGrom P Grayson Rodriguez SS Zach Neto,,Mike Trout,OF,34.01%,8
9,5225004030,FoxyGrandpa252 (16/17),0,167.85,1B Jake Burger 2B Adam Frazier 3B Ezequiel Duran C Danny Jansen OF Mike Trout OF Brandon Nimmo OF Wade Meckler P Jacob deGrom P Grayson Rodriguez SS Zach Neto,,Zach Neto,SS,33.16%,42
11,5224969552,meholol (4/17),0,167.35,1B Nolan Schanuel 2B Nick Allen 3B Vaughn Grissom C Moises Ballesteros OF LaMonte Wade Jr. OF Yordan Alvarez OF Wade Meckler P Jacob deGrom P Andrew Alvarez SS Zach Neto,,Andrew Alvarez,P,30.81%,15.05
11,5225016968,dlbell5848 (2/5),0,167.35,1B LaMonte Wade Jr. 2B Vaughn Grissom 3B Isaac Paredes C Moises Ballesteros OF Mike Trout OF Josh Lowe OF Yordan Alvarez P Jacob deGrom P Andrew Alvarez SS Zach Neto,,Brandon Nimmo,OF,30.30%,0
13,5225013186,mikeg4731,0,166.85,1B Jake Burger 2B Justin Foscue 3B Ezequiel Duran C Moises Ballesteros OF Mike Trout OF Brandon Nimmo OF Wyatt Langford P Jacob deGrom P Grayson Rodriguez SS Zach Neto,,Christian Vazquez,C,28.96%,3
14,5225027231,BStewart22,0,165.6,1B Nolan Schanuel 2B Justin Foscue 3B Ezequiel Duran C Moises Ballesteros OF Mike Trout OF Wade Meckler OF Wyatt Langford P Grayson Rodriguez P Andrew Alvarez SS Zach Neto,,Daulton Varsho,OF,27.95%,7
15,5225025906,bowerwolff3000 (7/17),0,164.35,1B Nolan Schanuel 2B Vaughn Grissom 3B Isaac Paredes C Moises Ballesteros OF Mike Trout OF Yordan Alvarez OF Daulton Varsho P Jacob deGrom P Andrew Alvarez SS Zach Neto,,Keibert Ruiz,C,26.26%,0
16,5225009943,jpluim,0,163.85,1B Nolan Schanuel 2B Justin Foscue 3B Ezequiel Duran C Moises Ballesteros OF Mike Trout OF Wade Meckler OF Wyatt Langford P Jacob deGrom P Grayson Rodriguez SS Corey Seager,,Danny Jansen,C,21.38%,0
17,5224987577,reikojohns1 (3/16),0,161.85,1B Jake Burger 2B Vaughn Grissom 3B Ezequiel Duran C Danny Jansen OF Mike Trout OF Brandon Nimmo OF Wyatt Langford P Jacob deGrom P Grayson Rodriguez SS Zach Neto,,Cam Smith,OF,20.88%,2
17,5225000713,reikojohns1 (12/16),0,161.85,1B Jake Burger 2B Vaughn Grissom 3B Ezequiel Duran C Danny Jansen OF Mike Trout OF Brandon Nimmo OF Wyatt Langford P Jacob deGrom P Grayson Rodriguez SS Zach Neto,,Ezequiel Duran,3B,20.54%,22
19,5224995759,deeznutstaken,0,161.35,1B Nolan Schanuel 2B Adam Frazier 3B Isaac Paredes C Moises Ballesteros OF Mike Trout OF Yordan Alvarez OF Daulton Varsho P Jacob deGrom P Andrew Alvarez SS Zach Neto,,LaMonte Wade Jr.,1B,18.52%,4
20,5225004807,ac919 (2/10),0,160.85,1B Jake Burger 2B Adam Frazier 3B Brady House C Moises Ballesteros OF Brandon Nimmo OF Yordan Alvarez OF Wyatt Langford P Jacob deGrom P Grayson Rodriguez SS Zach Neto,,Daylen Lile,OF,17.68%,0
21,5225028845,johnbrock636,0,160.35,1B Jake Burger 2B Vaughn Grissom 3B Isaac Paredes C Moises Ballesteros OF Mike Trout OF Yordan Alvarez OF Daulton Varsho P Jacob deGrom P Andrew Alvarez SS Zach Neto,,Moises Ballesteros,C,16.16%,16
22,5225017341,bleeski,0,159.35,1B Nolan Schanuel 2B Vaughn Grissom 3B Isaac Paredes C Moises Ballesteros OF Mike Trout OF Yordan Alvarez OF Cam Smith P Jacob deGrom P Andrew Alvarez SS Zach Neto,,Nolan Schanuel,1B,15.99%,4
23,5225006399,hersheyhix75 (3/3),0,158.85,1B Nolan Schanuel 2B Vaughn Grissom 3B Ezequiel Duran C Moises Ballesteros OF Mike Trout OF Brandon Nimmo OF Wyatt Langford P Jacob deGrom P Grayson Rodriguez SS Corey Seager,,Grayson Rodriguez,P,15.99%,27.55
24,5224977199,Darkmen715 (14/17),0,156.85,1B Nolan Schanuel 2B Justin Foscue 3B Ezequiel Duran C Danny Jansen OF Mike Trout OF Yordan Alvarez OF Daylen Lile P Jacob deGrom P Grayson Rodriguez SS Zach Neto,,Abimelec Ortiz,1B,14.81%,0
24,5225004474,MrBoardLeader,0,156.85,1B Abimelec Ortiz 2B Vaughn Grissom 3B Ezequiel Duran C Moises Ballesteros OF Mike Trout OF Brandon Nimmo OF Yordan Alvarez P Jacob deGrom P Grayson Rodriguez SS Corey Seager,,Ezequiel Duran,SS,13.64%,22
26,5224991182,Ozarkian (2/2),0,156.35,1B Nolan Schanuel 2B Jose Altuve 3B Vaughn Grissom C Moises Ballesteros OF Mike Trout OF Yordan Alvarez OF Daulton Varsho P Jacob deGrom P Andrew Alvarez SS Zach Neto,,Dylan Crews,OF,11.11%,0
26,5225018301,porterj1223 (3/3),0,156.35,1B Nolan Schanuel 2B Jose Altuve 3B Ezequiel Duran C Moises Ballesteros OF Mike Trout OF LaMonte Wade Jr. OF Yordan Alvarez P Jacob deGrom P Andrew Alvarez SS Zach Neto,,Vaughn Grissom,2B,9.43%,19
26,5225025907,bowerwolff3000 (8/17),0,156.35,1B Nolan Schanuel 2B Jose Altuve 3B Vaughn Grissom C Moises Ballesteros OF Mike Trout OF Yordan Alvarez OF Daulton Varsho P Jacob deGrom P Andrew Alvarez SS Zach Neto,,Justin Foscue,2B,9.26%,8
29,5224990443,jw1984 (6/10),0,154.85,1B Jake Burger 2B Vaughn Grissom 3B Ezequiel Duran C Moises Ballesteros OF Mike Trout OF Brandon Nimmo OF Wyatt Langford P Jacob deGrom P Grayson Rodriguez SS Corey Seager,,Vaughn Grissom,3B,8.25%,19
29,5224993717,letsgobadgers,0,154.85,1B Nolan Schanuel 2B Justin Foscue 3B Ezequiel Duran C Danny Jansen OF Mike Trout OF Brandon Nimmo OF Wyatt Langford P Jacob deGrom P Grayson Rodriguez SS Zach Neto,,Nasim Nunez,SS,8.25%,0
31,5225017827,My_sons (2/17),0,154.35,1B Nolan Schanuel 2B Jose Altuve 3B Isaac Paredes C Moises Ballesteros OF Mike Trout OF Yordan Alvarez OF Wade Meckler P Jacob deGrom P Andrew Alvarez SS Zach Neto,,LaMonte Wade Jr.,OF,8.08%,4
32,5224990441,jw1984 (4/10),0,153.35,1B Nolan Schanuel 2B Jose Altuve 3B Vaughn Grissom C Moises Ballesteros OF Mike Trout OF LaMonte Wade Jr. OF Yordan Alvarez P Jacob deGrom P Andrew Alvarez SS Zach Neto,,Wade Meckler,OF,6.90%,16
33,5224969563,meholol (15/17),0,151.85,1B Nolan Schanuel 2B Justin Foscue 3B Vaughn Grissom C Tyler Heineman OF Mike Trout OF Dylan Crews OF Andrew Pinckney P Jacob deGrom P Grayson Rodriguez SS Zach Neto,,Andres Chaparro,1B,6.73%,0
34,5224969555,meholol (7/17),0,151.35,1B Nolan Schanuel 2B Vaughn Grissom 3B Isaac Paredes C Christian Vazquez OF Mike Trout OF Taylor Trammell OF Wade Meckler P Jacob deGrom P Andrew Alvarez SS Zach Neto,,Brady House,3B,6.57%,7
35,5225009380,gbuckner60,0,148.85,1B Jake Burger 2B Vaughn Grissom 3B Ezequiel Duran C Danny Jansen OF Mike Trout OF Josh Lowe OF Wyatt Langford P Jacob deGrom P Grayson Rodriguez SS Corey Seager,,Jose Tena,2B,6.57%,7
35,5225027918,tmanbigdog,0,148.85,1B Jake Burger 2B Jose Altuve 3B Ezequiel Duran C Danny Jansen OF Mike Trout OF LaMonte Wade Jr. OF Yordan Alvarez P Jacob deGrom P Grayson Rodriguez SS Zach Neto,,Tyler Heineman,C,6.23%,7
37,5224969494,SeanyB231 (1/2),0,148.35,1B Nolan Schanuel 2B Jose Altuve 3B Isaac Paredes C Moises Ballesteros OF Mike Trout OF Josh Lowe OF Yordan Alvarez P Jacob deGrom P Andrew Alvarez SS Zach Neto,,Taylor Trammell,OF,6.06%,0
38,5225017838,My_sons (13/17),0,147.85,1B Jake Burger 2B Justin Foscue 3B Vaughn Grissom C Danny Jansen OF Mike Trout OF Brandon Nimmo OF Wyatt Langford P Jacob deGrom P Grayson Rodriguez SS Zach Neto,,Josh Lowe,OF,5.22%,10
39,5224969564,meholol (16/17),0,146.85,1B Jake Burger 2B Vaughn Grissom 3B Ezequiel Duran C Moises Ballesteros OF Brandon Nimmo OF Daylen Lile OF Wyatt Langford P Jacob deGrom P Grayson Rodriguez SS Corey Seager,,Nasim Nunez,2B,5.22%,0
39,5224993034,kbrisacher (9/17),0,146.85,1B Nolan Schanuel 2B Adam Frazier 3B Cody Freeman C Moises Ballesteros OF Brandon Nimmo OF Josh Lowe OF Wade Meckler P Jacob deGrom P Grayson Rodriguez SS Corey Seager,,Evan Carter,OF,4.55%,0
39,5225026195,buckwheat33 (13/17),0,146.85,1B Jake Burger 2B Jose Altuve 3B Isaac Paredes C Moises Ballesteros OF Mike Trout OF Brandon Nimmo OF Yordan Alvarez P Jacob deGrom P Grayson Rodriguez SS Zach Neto,,Nick Allen,SS,4.21%,6
42,5224990447,jw1984 (10/10),0,146.6,1B Nolan Schanuel 2B Vaughn Grissom 3B Isaac Paredes C Danny Jansen OF Mike Trout OF Wade Meckler OF Wyatt Langford P Grayson Rodriguez P Andrew Alvarez SS Zach Neto,,Andrew Pinckney,OF,4.21%,0
43,5224993038,kbrisacher (13/17),0,146.35,1B Nolan Schanuel 2B Nick Allen 3B Vaughn Grissom C Tyler Heineman OF Josh Lowe OF Taylor Trammell OF Daulton Varsho P Jacob deGrom P Andrew Alvarez SS Zach Neto,,Nick Allen,2B,3.70%,6
44,5224967044,derajking (1/3),0,145.35,1B LaMonte Wade Jr. 2B Jose Altuve 3B Isaac Paredes C Moises Ballesteros OF Mike Trout OF Yordan Alvarez OF Daulton Varsho P Jacob deGrom P Andrew Alvarez SS Zach Neto,,Cody Freeman,3B,3.54%,2
44,5224967046,derajking (3/3),0,145.35,1B Nolan Schanuel 2B Jose Altuve 3B Isaac Paredes C Moises Ballesteros OF Mike Trout OF Yordan Alvarez OF Daulton Varsho P Jacob deGrom P Andrew Alvarez SS Zach Neto,,Jose Tena,OF,3.03%,7
44,5224978946,SeanyB231 (2/2),0,145.35,1B LaMonte Wade Jr. 2B Jose Altuve 3B Isaac Paredes C Moises Ballesteros OF Mike Trout OF Yordan Alvarez OF Daulton Varsho P Jacob deGrom P Andrew Alvarez SS Zach Neto,,Adam Frazier,2B,1.85%,16
44,5224980119,michaelblaschko,0,145.35,1B Nolan Schanuel 2B Jose Altuve 3B Isaac Paredes C Moises Ballesteros OF Mike Trout OF Yordan Alvarez OF Daulton Varsho P Jacob deGrom P Andrew Alvarez SS Zach Neto,,,
44,5224985185,rkjniner,0,145.35,1B LaMonte Wade Jr. 2B Jose Altuve 3B Isaac Paredes C Moises Ballesteros OF Mike Trout OF Yordan Alvarez OF Daulton Varsho P Jacob deGrom P Andrew Alvarez SS Zach Neto,,,
44,5224985550,fall54,0,145.35,1B Nolan Schanuel 2B Jose Altuve 3B Isaac Paredes C Moises Ballesteros OF Mike Trout OF Yordan Alvarez OF Daulton Varsho P Jacob deGrom P Andrew Alvarez SS Zach Neto,,,
44,5225000338,bori68,0,145.35,1B LaMonte Wade Jr. 2B Jose Altuve 3B Isaac Paredes C Moises Ballesteros OF Mike Trout OF Yordan Alvarez OF Daulton Varsho P Jacob deGrom P Andrew Alvarez SS Zach Neto,,,
44,5225004017,FoxyGrandpa252 (3/17),0,145.35,1B LaMonte Wade Jr. 2B Jose Altuve 3B Isaac Paredes C Moises Ballesteros OF Mike Trout OF Yordan Alvarez OF Daulton Varsho P Jacob deGrom P Andrew Alvarez SS Zach Neto,,,
44,5225009952,andrewp332 (1/4),0,145.35,1B LaMonte Wade Jr. 2B Jose Altuve 3B Isaac Paredes C Moises Ballesteros OF Mike Trout OF Yordan Alvarez OF Daulton Varsho P Jacob deGrom P Andrew Alvarez SS Zach Neto,,,
44,5225009953,andrewp332 (2/4),0,145.35,1B LaMonte Wade Jr. 2B Jose Altuve 3B Isaac Paredes C Moises Ballesteros OF Mike Trout OF Yordan Alvarez OF Daulton Varsho P Jacob deGrom P Andrew Alvarez SS Zach Neto,,,
44,5225015019,peterjpacheco (3/6),0,145.35,1B LaMonte Wade Jr. 2B Jose Altuve 3B Isaac Paredes C Moises Ballesteros OF Mike Trout OF Yordan Alvarez OF Daulton Varsho P Jacob deGrom P Andrew Alvarez SS Zach Neto,,,
44,5225021513,ChuyPeters34,0,145.35,1B Nolan Schanuel 2B Jose Altuve 3B Isaac Paredes C Moises Ballesteros OF Mike Trout OF Yordan Alvarez OF Daulton Varsho P Jacob deGrom P Andrew Alvarez SS Zach Neto,,,
44,5225022932,Gonzo5952,0,145.35,1B Nolan Schanuel 2B Jose Altuve 3B Isaac Paredes C Moises Ballesteros OF Mike Trout OF Yordan Alvarez OF Daulton Varsho P Jacob deGrom P Andrew Alvarez SS Zach Neto,,,
44,5225023296,mmm...donut,0,145.35,1B Nolan Schanuel 2B Jose Altuve 3B Isaac Paredes C Moises Ballesteros OF Mike Trout OF Yordan Alvarez OF Daulton Varsho P Jacob deGrom P Andrew Alvarez SS Zach Neto,,,
58,5225016423,yackotacko,0,144.55,1B Jake Burger 2B Vaughn Grissom 3B Ezequiel Duran C Moises Ballesteros OF Brandon Nimmo OF Josh Lowe OF Yordan Alvarez P Jacob deGrom P Peter Lambert SS Zach Neto,,,
59,5225028871,loigwine (5/5),0,144.35,1B Nolan Schanuel 2B Jose Altuve 3B Isaac Paredes C Moises Ballesteros OF Yordan Alvarez OF Daulton Varsho OF Wyatt Langford P Jacob deGrom P Andrew Alvarez SS Zach Neto,,,
60,5225028869,MiddleAgedAndDeadly,0,143.55,1B Abimelec Ortiz 2B Vaughn Grissom 3B Brady House C Moises Ballesteros OF Mike Trout OF Yordan Alvarez OF Wade Meckler P Jacob deGrom P Peter Lambert SS Zach Neto,,,
61,5225004482,adthagod,0,142.85,1B Abimelec Ortiz 2B Jose Altuve 3B Ezequiel Duran C Keibert Ruiz OF Mike Trout OF Dylan Crews OF Wyatt Langford P Jacob deGrom P Grayson Rodriguez SS Zach Neto,,,
62,5225010717,SkipperRush (2/4),0,142.6,1B Nolan Schanuel 2B Jose Tena 3B Brady House C Moises Ballesteros OF Mike Trout OF Daylen Lile OF Wade Meckler P Grayson Rodriguez P Andrew Alvarez SS Zach Neto,,,
63,5224967045,derajking (2/3),0,142.35,1B Nolan Schanuel 2B Jose Altuve 3B Isaac Paredes C Moises Ballesteros OF Mike Trout OF LaMonte Wade Jr. OF Yordan Alvarez P Jacob deGrom P Andrew Alvarez SS Zach Neto,,,
63,5224969556,meholol (8/17),0,142.35,1B Nolan Schanuel 2B Jose Altuve 3B Vaughn Grissom C Tyler Heineman OF Josh Lowe OF Taylor Trammell OF Yordan Alvarez P Jacob deGrom P Andrew Alvarez SS Zach Neto,,,
65,5225015037,rickhappens,0,141.35,1B Jake Burger 2B Jose Altuve 3B Isaac Paredes C Moises Ballesteros OF Mike Trout OF Yordan Alvarez OF Daulton Varsho P Jacob deGrom P Andrew Alvarez SS Zach Neto,,,
66,5225004023,FoxyGrandpa252 (9/17),0,140.85,1B Jake Burger 2B Justin Foscue 3B Vaughn Grissom C Moises Ballesteros OF Mike Trout OF Brandon Nimmo OF Wyatt Langford P Jacob deGrom P Grayson Rodriguez SS Corey Seager,,,
66,5225005062,jsw1264,0,140.85,1B Jake Burger 2B Justin Foscue 3B Isaac Paredes C Keibert Ruiz OF Mike Trout OF Yordan Alvarez OF Cam Smith P Jacob deGrom P Grayson Rodriguez SS Zach Neto,,,
66,5225019262,bigpoppabear00,0,140.85,1B Jake Burger 2B Vaughn Grissom 3B Brady House C Moises Ballesteros OF Yordan Alvarez OF Daylen Lile OF Wyatt Langford P Jacob deGrom P Grayson Rodriguez SS Corey Seager,,,
66,5225026188,buckwheat33 (6/17),0,140.85,1B Jake Burger 2B Jose Altuve 3B Isaac Paredes C Christian Vazquez OF Mike Trout OF Yordan Alvarez OF Daulton Varsho P Jacob deGrom P Grayson Rodriguez SS Zach Neto,,,
70,5224993031,kbrisacher (6/17),0,140.35,1B LaMonte Wade Jr. 2B Adam Frazier 3B Vaughn Grissom C Moises Ballesteros OF Josh Lowe OF Cam Smith OF Wade Meckler P Jacob deGrom P Andrew Alvarez SS Nick Allen,,,
70,5225004027,FoxyGrandpa252 (13/17),0,140.35,1B Nolan Schanuel 2B Nick Allen 3B Vaughn Grissom C Christian Vazquez OF LaMonte Wade Jr. OF Yordan Alvarez OF Cam Smith P Jacob deGrom P Andrew Alvarez SS Zach Neto,,,
70,5225028767,loigwine (4/5),0,140.35,1B Jake Burger 2B Jose Altuve 3B Isaac Paredes C Moises Ballesteros OF Yordan Alvarez OF Daulton Varsho OF Wyatt Langford P Jacob deGrom P Andrew Alvarez SS Zach Neto,,,
73,5224993040,kbrisacher (15/17),0,139.85,1B Nolan Schanuel 2B Adam Frazier 3B Ezequiel Duran C Danny Jansen OF Mike Trout OF Evan Carter OF Wyatt Langford P Jacob deGrom P Grayson Rodriguez SS Corey Seager,,,
73,5225004809,ac919 (4/10),0,139.85,1B Jake Burger 2B Nasim Nunez 3B Vaughn Grissom C Danny Jansen OF Mike Trout OF Daylen Lile OF Wyatt Langford P Jacob deGrom P Grayson Rodriguez SS Zach Neto,,,
73,5225004815,ac919 (10/10),0,139.85,1B Nolan Schanuel 2B Nasim Nunez 3B Ezequiel Duran C Moises Ballesteros OF Mike Trout OF Daylen Lile OF Wyatt Langford P Jacob deGrom P Grayson Rodriguez SS Corey Seager,,,
76,5224993042,kbrisacher (17/17),0,139.35,1B LaMonte Wade Jr. 2B Adam Frazier 3B Isaac Paredes C Tyler Heineman OF Taylor Trammell OF Yordan Alvarez OF Cam Smith P Jacob deGrom P Andrew Alvarez SS Zach Neto,,,
76,5225021320,jimmyhorton123456,0,139.35,1B Jake Burger 2B Justin Foscue 3B Ezequiel Duran C Moises Ballesteros OF Yordan Alvarez OF Daulton Varsho OF Wyatt Langford P Jacob deGrom P Andrew Alvarez SS Corey Seager,,,
78,5225005282,hersheyhix75 (1/3),0,138.6,1B Nolan Schanuel 2B Vaughn Grissom 3B Brady House C Moises Ballesteros OF Mike Trout OF Daylen Lile OF Dylan Crews P Grayson Rodriguez P Andrew Alvarez SS Zach Neto,,,
79,5224978510,TheKingKaz (4/4),0,138.35,1B Nolan Schanuel 2B Jose Altuve 3B Isaac Paredes C Moises Ballesteros OF Mike Trout OF Daulton Varsho OF Cam Smith P Jacob deGrom P Andrew Alvarez SS Zach Neto,,,
79,5224994803,cliftonsr67,0,138.35,1B Nolan Schanuel 2B Jose Altuve 3B Isaac Paredes C Moises Ballesteros OF Mike Trout OF Yordan Alvarez OF Daylen Lile P Jacob deGrom P Andrew Alvarez SS Zach Neto,,,
79,5225003478,roliver2525,0,138.35,1B LaMonte Wade Jr. 2B Jose Altuve 3B Isaac Paredes C Moises Ballesteros OF Mike Trout OF Yordan Alvarez OF Daylen Lile P Jacob deGrom P Andrew Alvarez SS Zach Neto,,,
82,5224986264,mrbproof,0,137.85,1B Jake Burger 2B Jose Altuve 3B Ezequiel Duran C Danny Jansen OF Mike Trout OF Yordan Alvarez OF Wade Meckler P Jacob deGrom P Grayson Rodriguez SS Corey Seager,,,
82,5225026190,buckwheat33 (8/17),0,137.85,1B Jake Burger 2B Jose Altuve 3B Isaac Paredes C Tyler Heineman OF Mike Trout OF Brandon Nimmo OF Yordan Alvarez P Jacob deGrom P Grayson Rodriguez SS Zach Neto,,,
84,5225014831,wookie4201,0,137.35,1B Abimelec Ortiz 2B Vaughn Grissom 3B Isaac Paredes C Danny Jansen OF Mike Trout OF Yordan Alvarez OF Daylen Lile P Jacob deGrom P Andrew Alvarez SS Zach Neto,,,
85,5225017834,My_sons (9/17),0,136.85,1B Abimelec Ortiz 2B Jose Tena 3B Brady House C Keibert Ruiz OF Mike Trout OF Yordan Alvarez OF Daylen Lile P Jacob deGrom P Grayson Rodriguez SS Zach Neto,,,
86,5225017840,My_sons (15/17),0,136.35,1B LaMonte Wade Jr. 2B Jose Altuve 3B Vaughn Grissom C Christian Vazquez OF Mike Trout OF Taylor Trammell OF Yordan Alvarez P Jacob deGrom P Andrew Alvarez SS Zach Neto,,,
87,5224969551,meholol (3/17),0,135.6,1B Nolan Schanuel 2B Adam Frazier 3B Brady House C Tyler Heineman OF Mike Trout OF Yordan Alvarez OF Daylen Lile P Grayson Rodriguez P Andrew Alvarez SS Zach Neto,,,
87,5224973310,jeffreyddsn,0,135.6,1B Jake Burger 2B Vaughn Grissom 3B Isaac Paredes C Keibert Ruiz OF Mike Trout OF Yordan Alvarez OF Wyatt Langford P Grayson Rodriguez P Andrew Alvarez SS Zach Neto,,,
89,5225006464,Socialmoses,0,135.55,1B LaMonte Wade Jr. 2B Vaughn Grissom 3B Ezequiel Duran C Tyler Heineman OF Mike Trout OF Brandon Nimmo OF Wyatt Langford P Jacob deGrom P Peter Lambert SS Zach Neto,,,
90,5224986319,mykcullen-77,0,134.85,1B Jake Burger 2B Jose Altuve 3B Isaac Paredes C Keibert Ruiz OF Mike Trout OF LaMonte Wade Jr. OF Yordan Alvarez P Jacob deGrom P Grayson Rodriguez SS Zach Neto,,,
91,5225004812,ac919 (7/10),0,134.35,1B Abimelec Ortiz 2B Jose Altuve 3B Isaac Paredes C Moises Ballesteros OF Mike Trout OF Yordan Alvarez OF Dylan Crews P Jacob deGrom P Andrew Alvarez SS Zach Neto,,,
92,5224982676,NEPATS15,0,133.85,1B Jake Burger 2B Jose Altuve 3B Isaac Paredes C Christian Vazquez OF Mike Trout OF Yordan Alvarez OF Dylan Crews P Jacob deGrom P Grayson Rodriguez SS Zach Neto,,,
92,5225008058,pjthebeau (2/2),0,133.85,1B Abimelec Ortiz 2B Cody Freeman 3B Ezequiel Duran C Christian Vazquez OF Mike Trout OF Yordan Alvarez OF Wyatt Langford P Jacob deGrom P Grayson Rodriguez SS Corey Seager,,,
94,5225024043,mtlcpa (3/3),0,132.6,1B Nolan Schanuel 2B Vaughn Grissom 3B Isaac Paredes C Keibert Ruiz OF Mike Trout OF Yordan Alvarez OF Dylan Crews P Grayson Rodriguez P Andrew Alvarez SS Zach Neto,,,
95,5224993026,kbrisacher (1/17),0,132.35,1B Nolan Schanuel 2B Jose Altuve 3B Isaac Paredes C Christian Vazquez OF Mike Trout OF Yordan Alvarez OF Daulton Varsho P Jacob deGrom P Andrew Alvarez SS Zach Neto,,,
96,5225020809,gwmike (1/2),0,131.6,1B Nolan Schanuel 2B Vaughn Grissom 3B Brady House C Keibert Ruiz OF Mike Trout OF Yordan Alvarez OF Dylan Crews P Grayson Rodriguez P Andrew Alvarez SS Zach Neto,,,
97,5225026672,AceBeasty,0,131.35,1B Jake Burger 2B Jose Altuve 3B Ezequiel Duran C Danny Jansen OF Yordan Alvarez OF Daulton Varsho OF Daylen Lile P Jacob deGrom P Andrew Alvarez SS Zach Neto,,,
98,5224974172,galval23,0,130.85,1B Abimelec Ortiz 2B Cody Freeman 3B Ezequiel Duran C Keibert Ruiz OF Mike Trout OF Yordan Alvarez OF Wyatt Langford P Jacob deGrom P Grayson Rodriguez SS Corey Seager,,,
98,5224993037,kbrisacher (12/17),0,130.85,1B Jake Burger 2B Justin Foscue 3B Cody Freeman C Tyler Heineman OF Mike Trout OF Wade Meckler OF Wyatt Langford P Jacob deGrom P Grayson Rodriguez SS Corey Seager,,,
100,5225007024,Molloyslugger6 (1/2),0,130.35,1B Jake Burger 2B Jose Altuve 3B Ezequiel Duran C Keibert Ruiz OF Mike Trout OF Daulton Varsho OF Dylan Crews P Jacob deGrom P Andrew Alvarez SS Zach Neto,,,
100,5225025008,rams779 (2/2),0,130.35,1B Nolan Schanuel 2B Jose Altuve 3B Isaac Paredes C Christian Vazquez OF Mike Trout OF Daulton Varsho OF Wyatt Langford P Jacob deGrom P Andrew Alvarez SS Zach Neto,,,
102,5225020134,LAKOBE08 (4/5),0,129.85,1B Abimelec Ortiz 2B Nasim Nunez 3B Isaac Paredes C Moises Ballesteros OF Yordan Alvarez OF Jose Tena OF Wyatt Langford P Jacob deGrom P Grayson Rodriguez SS Corey Seager,,,
103,5225004811,ac919 (6/10),0,129.35,1B Jake Burger 2B Jose Altuve 3B Vaughn Grissom C Moises Ballesteros OF Mike Trout OF Yordan Alvarez OF Daulton Varsho P Jacob deGrom P Andrew Alvarez SS Corey Seager,,,
104,5225022208,jlp4765 (1/2),0,128.35,1B LaMonte Wade Jr. 2B Jose Altuve 3B Isaac Paredes C Keibert Ruiz OF Yordan Alvarez OF Daulton Varsho OF Wyatt Langford P Jacob deGrom P Andrew Alvarez SS Zach Neto,,,
104,5225024129,jlp4765 (2/2),0,128.35,1B LaMonte Wade Jr. 2B Jose Altuve 3B Isaac Paredes C Keibert Ruiz OF Yordan Alvarez OF Daulton Varsho OF Wyatt Langford P Jacob deGrom P Andrew Alvarez SS Zach Neto,,,
106,5225005361,Bobnowak2001,0,128.3,1B Jake Burger 2B Vaughn Grissom 3B Ezequiel Duran C Moises Ballesteros OF Mike Trout OF Yordan Alvarez OF Daulton Varsho P Peter Lambert P Andrew Alvarez SS Zach Neto,,,
107,5225022129,mikeh5626,0,127.850006,1B Nolan Schanuel 2B Jose Altuve 3B Ezequiel Duran C Christian Vazquez OF Brandon Nimmo OF Yordan Alvarez OF Wyatt Langford P Jacob deGrom P Grayson Rodriguez SS Corey Seager,,,
108,5225028854,Angelking714 (2/2),0,127.600006,1B Nolan Schanuel 2B Nasim Nunez 3B Ezequiel Duran C Keibert Ruiz OF Mike Trout OF Yordan Alvarez OF Dylan Crews P Grayson Rodriguez P Andrew Alvarez SS Zach Neto,,,
109,5224992034,nomoemoney,0,127.55,1B Nolan Schanuel 2B Jose Tena 3B Ezequiel Duran C Christian Vazquez OF Yordan Alvarez OF Daulton Varsho OF Wyatt Langford P Jacob deGrom P Peter Lambert SS Zach Neto,,,
110,5224974754,Alvord,0,126.55,1B Jake Burger 2B Jose Tena 3B Ezequiel Duran C Keibert Ruiz OF LaMonte Wade Jr. OF Yordan Alvarez OF Wade Meckler P Jacob deGrom P Peter Lambert SS Zach Neto,,,
111,5225026191,buckwheat33 (9/17),0,126.350006,1B Jake Burger 2B Jose Altuve 3B Isaac Paredes C Moises Ballesteros OF Yordan Alvarez OF Wade Meckler OF Wyatt Langford P Jacob deGrom P Andrew Alvarez SS Corey Seager,,,
112,5225010192,SkipperRush (1/4),0,125.600006,1B Abimelec Ortiz 2B Vaughn Grissom 3B Brady House C Keibert Ruiz OF Mike Trout OF Jose Tena OF Daylen Lile P Grayson Rodriguez P Andrew Alvarez SS Zach Neto,,,
112,5225014132,lvnparty,0,125.6,1B Abimelec Ortiz 2B Jose Altuve 3B Isaac Paredes C Moises Ballesteros OF Mike Trout OF Yordan Alvarez OF Daylen Lile P Grayson Rodriguez P Andrew Alvarez SS Zach Neto,,,
114,5224973727,BeliCheckYoSelf16,0,125.350006,1B Nolan Schanuel 2B Jose Altuve 3B Isaac Paredes C Christian Vazquez OF Mike Trout OF Brandon Nimmo OF Yordan Alvarez P Jacob deGrom P Andrew Alvarez SS Zach Neto,,,
114,5224985920,woppen1,0,125.350006,1B Nolan Schanuel 2B Jose Altuve 3B Isaac Paredes C Christian Vazquez OF Mike Trout OF Yordan Alvarez OF Dylan Crews P Jacob deGrom P Andrew Alvarez SS Zach Neto,,,
116,5225007809,lenn221 (2/2),0,124.350006,1B LaMonte Wade Jr. 2B Justin Foscue 3B Isaac Paredes C Keibert Ruiz OF Taylor Trammell OF Yordan Alvarez OF Cam Smith P Jacob deGrom P Andrew Alvarez SS Zach Neto,,,
117,5224994642,quepasausa (1/10),0,123.55,1B LaMonte Wade Jr. 2B Jose Altuve 3B Vaughn Grissom C Moises Ballesteros OF Yordan Alvarez OF Daulton Varsho OF Dylan Crews P Jacob deGrom P Peter Lambert SS Zach Neto,,,
117,5224994826,quepasausa (2/10),0,123.55,1B LaMonte Wade Jr. 2B Jose Altuve 3B Vaughn Grissom C Moises Ballesteros OF Yordan Alvarez OF Daulton Varsho OF Dylan Crews P Jacob deGrom P Peter Lambert SS Zach Neto,,,
117,5225004290,quepasausa (6/10),0,123.55,1B LaMonte Wade Jr. 2B Jose Altuve 3B Vaughn Grissom C Moises Ballesteros OF Yordan Alvarez OF Daulton Varsho OF Dylan Crews P Jacob deGrom P Peter Lambert SS Zach Neto,,,
117,5225004293,quepasausa (7/10),0,123.55,1B LaMonte Wade Jr. 2B Jose Altuve 3B Vaughn Grissom C Moises Ballesteros OF Yordan Alvarez OF Daulton Varsho OF Dylan Crews P Jacob deGrom P Peter Lambert SS Zach Neto,,,
117,5225004294,quepasausa (8/10),0,123.55,1B LaMonte Wade Jr. 2B Jose Altuve 3B Vaughn Grissom C Moises Ballesteros OF Yordan Alvarez OF Daulton Varsho OF Dylan Crews P Jacob deGrom P Peter Lambert SS Zach Neto,,,
117,5225006546,jeter8587,0,123.55,1B Nolan Schanuel 2B Vaughn Grissom 3B Isaac Paredes C Moises Ballesteros OF Mike Trout OF Brandon Nimmo OF Taylor Trammell P Jacob deGrom P Peter Lambert SS Zach Neto,,,
123,5225015734,2001dodgeram,0,123.350006,1B Abimelec Ortiz 2B Jose Altuve 3B Ezequiel Duran C Keibert Ruiz OF Mike Trout OF Brandon Nimmo OF Dylan Crews P Jacob deGrom P Andrew Alvarez SS Zach Neto,,,
124,5225024808,Dublucas (2/2),0,122.85,1B Jake Burger 2B Jose Altuve 3B Isaac Paredes C Keibert Ruiz OF Brandon Nimmo OF Yordan Alvarez OF Daylen Lile P Jacob deGrom P Grayson Rodriguez SS Zach Neto,,,
125,5225024616,newnew50,0,122.3,1B Nolan Schanuel 2B Jose Altuve 3B Ezequiel Duran C Moises Ballesteros OF Mike Trout OF Yordan Alvarez OF Wade Meckler P Peter Lambert P Andrew Alvarez SS Zach Neto,,,
126,5224997424,Brad76er,0,121.55,1B Jake Burger 2B Jose Altuve 3B Ezequiel Duran C Moises Ballesteros OF LaMonte Wade Jr. OF Yordan Alvarez OF Cam Smith P Jacob deGrom P Peter Lambert SS Zach Neto,,,
127,5225026427,KRB68,0,121.350006,1B Andres Chaparro 2B Vaughn Grissom 3B Isaac Paredes C Keibert Ruiz OF Mike Trout OF Yordan Alvarez OF Daulton Varsho P Jacob deGrom P Andrew Alvarez SS Corey Seager,,,
128,5225005039,mgelfand530,0,120.35,1B Abimelec Ortiz 2B Jose Altuve 3B Brady House C Keibert Ruiz OF LaMonte Wade Jr. OF Yordan Alvarez OF Wyatt Langford P Jacob deGrom P Andrew Alvarez SS Zach Neto,,,
129,5225000237,millland,0,119.55,1B LaMonte Wade Jr. 2B Jose Altuve 3B Brady House C Moises Ballesteros OF Mike Trout OF Yordan Alvarez OF Jose Tena P Jacob deGrom P Peter Lambert SS Zach Neto,,,
129,5225009346,darndingaling,0,119.55,1B LaMonte Wade Jr. 2B Jose Tena 3B Isaac Paredes C Keibert Ruiz OF Yordan Alvarez OF Wade Meckler OF Wyatt Langford P Jacob deGrom P Peter Lambert SS Zach Neto,,,
131,5225023037,lesterburnham (2/2),0,119.350006,1B Nolan Schanuel 2B Justin Foscue 3B Ezequiel Duran C Keibert Ruiz OF Mike Trout OF Daylen Lile OF Wyatt Langford P Jacob deGrom P Andrew Alvarez SS Corey Seager,,,
132,5224978509,TheKingKaz (3/4),0,118.6,1B Abimelec Ortiz 2B Jose Tena 3B Vaughn Grissom C Keibert Ruiz OF Mike Trout OF Daylen Lile OF Andrew Pinckney P Grayson Rodriguez P Andrew Alvarez SS Zach Neto,,,
132,5225026923,Golfito2020 (1/2),0,118.6,1B Jake Burger 2B Jose Tena 3B Vaughn Grissom C Keibert Ruiz OF Mike Trout OF Daylen Lile OF Dylan Crews P Grayson Rodriguez P Andrew Alvarez SS Zach Neto,,,
134,5225013164,t-roz,0,118.35,1B Jake Burger 2B Jose Altuve 3B Isaac Paredes C Keibert Ruiz OF Mike Trout OF Cam Smith OF Wyatt Langford P Jacob deGrom P Andrew Alvarez SS Zach Neto,,,
135,5225021959,JHunt1965,0,117.55,1B Jake Burger 2B Nasim Nunez 3B Isaac Paredes C Moises Ballesteros OF Brandon Nimmo OF Yordan Alvarez OF Wade Meckler P Jacob deGrom P Peter Lambert SS Zach Neto,,,
136,5225021155,nhuckaby30 (3/4),0,116.6,1B Jake Burger 2B Jose Altuve 3B Isaac Paredes C Danny Jansen OF Mike Trout OF Yordan Alvarez OF Wyatt Langford P Grayson Rodriguez P Andrew Alvarez SS Zach Neto,,,
137,5225007061,Mouse4,0,116.55,1B Jake Burger 2B Jose Tena 3B Ezequiel Duran C Christian Vazquez OF Yordan Alvarez OF Daulton Varsho OF Daylen Lile P Jacob deGrom P Peter Lambert SS Zach Neto,,,
138,5224993617,StoneAlien,0,115.600006,1B Nolan Schanuel 2B Vaughn Grissom 3B Brady House C Keibert Ruiz OF Mike Trout OF Yordan Alvarez OF Wyatt Langford P Grayson Rodriguez P Andrew Alvarez SS Corey Seager,,,
139,5225005727,tboone424,0,115.55,1B LaMonte Wade Jr. 2B Vaughn Grissom 3B Ezequiel Duran C Keibert Ruiz OF Mike Trout OF Josh Lowe OF Wyatt Langford P Jacob deGrom P Peter Lambert SS Corey Seager,,,
140,5225001980,Tankmon,0,114.85,1B Jake Burger 2B Vaughn Grissom 3B Isaac Paredes C Keibert Ruiz OF Mike Trout OF Yordan Alvarez OF Wyatt Langford P Jacob deGrom P Grayson Rodriguez SS Nasim Nunez,,,
141,5225027117,loigwine (3/5),0,114.6,1B Abimelec Ortiz 2B Jose Altuve 3B Ezequiel Duran C Keibert Ruiz OF Mike Trout OF Daylen Lile OF Dylan Crews P Grayson Rodriguez P Andrew Alvarez SS Zach Neto,,,
142,5224991127,Noodle_Bob,0,113.55,1B LaMonte Wade Jr. 2B Jose Altuve 3B Ezequiel Duran C Keibert Ruiz OF Josh Lowe OF Yordan Alvarez OF Evan Carter P Jacob deGrom P Peter Lambert SS Zach Neto,,,
143,5224990169,reikojohns1 (6/16),0,112.850006,1B Jake Burger 2B Jose Altuve 3B Ezequiel Duran C Keibert Ruiz OF Mike Trout OF Brandon Nimmo OF Dylan Crews P Jacob deGrom P Grayson Rodriguez SS Corey Seager,,,
144,5225005742,southtexaspanic (2/2),0,112.55,1B Abimelec Ortiz 2B Vaughn Grissom 3B Cody Freeman C Tyler Heineman OF Yordan Alvarez OF Dylan Crews OF Wyatt Langford P Jacob deGrom P Peter Lambert SS Zach Neto,,,
145,5224977251,reikojohns1 (1/16),0,111.6,1B Abimelec Ortiz 2B Nasim Nunez 3B Vaughn Grissom C Keibert Ruiz OF Mike Trout OF Daylen Lile OF Dylan Crews P Grayson Rodriguez P Andrew Alvarez SS Zach Neto,,,
145,5224990438,jw1984 (1/10),0,111.6,1B Andres Chaparro 2B Nasim Nunez 3B Vaughn Grissom C Keibert Ruiz OF Mike Trout OF Daylen Lile OF Dylan Crews P Grayson Rodriguez P Andrew Alvarez SS Zach Neto,,,
145,5225000712,reikojohns1 (11/16),0,111.6,1B Abimelec Ortiz 2B Nasim Nunez 3B Vaughn Grissom C Keibert Ruiz OF Mike Trout OF Daylen Lile OF Dylan Crews P Grayson Rodriguez P Andrew Alvarez SS Zach Neto,,,
145,5225004031,FoxyGrandpa252 (17/17),0,111.6,1B Abimelec Ortiz 2B Nasim Nunez 3B Vaughn Grissom C Keibert Ruiz OF Mike Trout OF Daylen Lile OF Dylan Crews P Grayson Rodriguez P Andrew Alvarez SS Zach Neto,,,
149,5224969558,meholol (10/17),0,111.350006,1B LaMonte Wade Jr. 2B Jose Altuve 3B Vaughn Grissom C Tyler Heineman OF Mike Trout OF Yordan Alvarez OF Daulton Varsho P Jacob deGrom P Andrew Alvarez SS Nick Allen,,,
149,5225026196,buckwheat33 (14/17),0,111.350006,1B Jake Burger 2B Jose Altuve 3B Isaac Paredes C Moises Ballesteros OF Mike Trout OF Taylor Trammell OF Yordan Alvarez P Jacob deGrom P Andrew Alvarez SS Corey Seager,,,
151,5225015157,DF852013 (1/3),0,111.3,1B Nolan Schanuel 2B Vaughn Grissom 3B Isaac Paredes C Keibert Ruiz OF Mike Trout OF Yordan Alvarez OF Wade Meckler P Peter Lambert P Andrew Alvarez SS Zach Neto,,,
152,5225026003,nwspring52,0,110.55,1B LaMonte Wade Jr. 2B Jose Altuve 3B Isaac Paredes C Christian Vazquez OF Mike Trout OF Josh Lowe OF Yordan Alvarez P Jacob deGrom P Peter Lambert SS Zach Neto,,,
152,5225027944,ARoman24 (1/2),0,110.55,1B Jake Burger 2B Jose Altuve 3B Isaac Paredes C Moises Ballesteros OF Yordan Alvarez OF Daulton Varsho OF Cam Smith P Jacob deGrom P Peter Lambert SS Zach Neto,,,
154,5225007026,LAKOBE08 (2/5),0,108.600006,1B Nolan Schanuel 2B Vaughn Grissom 3B Brady House C Keibert Ruiz OF Mike Trout OF Yordan Alvarez OF Dylan Crews P Grayson Rodriguez P Andrew Alvarez SS Corey Seager,,,
155,5224985179,jrutoskey,0,108.55,1B Abimelec Ortiz 2B Jose Altuve 3B Isaac Paredes C Moises Ballesteros OF Yordan Alvarez OF Daulton Varsho OF Daylen Lile P Jacob deGrom P Peter Lambert SS Zach Neto,,,
155,5225003844,johnathanryn,0,108.55,1B LaMonte Wade Jr. 2B Jose Altuve 3B Isaac Paredes C Moises Ballesteros OF Yordan Alvarez OF Wade Meckler OF Wyatt Langford P Jacob deGrom P Peter Lambert SS Ezequiel Duran,,,
155,5225015222,Evilempire2626,0,108.55,1B Abimelec Ortiz 2B Jose Altuve 3B Isaac Paredes C Moises Ballesteros OF Yordan Alvarez OF Daulton Varsho OF Daylen Lile P Jacob deGrom P Peter Lambert SS Zach Neto,,,
155,5225023099,DaStudent,0,108.55,1B Abimelec Ortiz 2B Jose Altuve 3B Isaac Paredes C Moises Ballesteros OF Yordan Alvarez OF Daulton Varsho OF Daylen Lile P Jacob deGrom P Peter Lambert SS Zach Neto,,,
155,5225027974,ARoman24 (2/2),0,108.55,1B Jake Burger 2B Jose Altuve 3B Isaac Paredes C Moises Ballesteros OF Taylor Trammell OF Yordan Alvarez OF Daulton Varsho P Jacob deGrom P Peter Lambert SS Zach Neto,,,
160,5224995756,hopp365 (2/2),0,107.55,1B Nolan Schanuel 2B Nasim Nunez 3B Vaughn Grissom C Tyler Heineman OF Brandon Nimmo OF Yordan Alvarez OF Daylen Lile P Jacob deGrom P Peter Lambert SS Zach Neto,,,
160,5225000228,dirtydawg5959,0,107.55,1B LaMonte Wade Jr. 2B Jose Tena 3B Ezequiel Duran C Moises Ballesteros OF Yordan Alvarez OF Wade Meckler OF Wyatt Langford P Jacob deGrom P Peter Lambert SS Nasim Nunez,,,
162,5224969549,meholol (1/17),0,107.350006,1B Nolan Schanuel 2B Adam Frazier 3B Isaac Paredes C Christian Vazquez OF Mike Trout OF Yordan Alvarez OF Cam Smith P Jacob deGrom P Andrew Alvarez SS Nick Allen,,,
163,5225017336,TheBigSandeenie,0,106.3,1B LaMonte Wade Jr. 2B Jose Altuve 3B Ezequiel Duran C Moises Ballesteros OF Mike Trout OF Brandon Nimmo OF Yordan Alvarez P Peter Lambert P Andrew Alvarez SS Zach Neto,,,
164,5224993339,shmitty09,0,104.55,1B Jake Burger 2B Nick Allen 3B Ezequiel Duran C Moises Ballesteros OF Mike Trout OF Daylen Lile OF Wyatt Langford P Jacob deGrom P Peter Lambert SS Corey Seager,,,
164,5225006149,johnpjust,0,104.55,1B Jake Burger 2B Vaughn Grissom 3B Isaac Paredes C Moises Ballesteros OF Yordan Alvarez OF Wyatt Langford OF Andrew Pinckney P Jacob deGrom P Peter Lambert SS Corey Seager,,,
164,5225021154,nhuckaby30 (2/4),0,104.55,1B Jake Burger 2B Jose Altuve 3B Vaughn Grissom C Keibert Ruiz OF Josh Lowe OF Daylen Lile OF Wyatt Langford P Jacob deGrom P Peter Lambert SS Zach Neto,,,
167,5225028838,Angelking714 (1/2),0,103.55,1B Jake Burger 2B Vaughn Grissom 3B Isaac Paredes C Keibert Ruiz OF Mike Trout OF Brandon Nimmo OF Evan Carter P Jacob deGrom P Peter Lambert SS Zach Neto,,,
168,5224994861,kowboyz11,0,103.3,1B Nolan Schanuel 2B Nick Allen 3B Vaughn Grissom C Christian Vazquez OF Mike Trout OF Yordan Alvarez OF Wyatt Langford P Peter Lambert P Andrew Alvarez SS Zach Neto,,,
169,5224976056,louiswat (1/2),0,102.8,1B Abimelec Ortiz 2B Jose Altuve 3B Vaughn Grissom C Danny Jansen OF Mike Trout OF Yordan Alvarez OF Wyatt Langford P Peter Lambert P Grayson Rodriguez SS Zach Neto,,,
170,5225004538,mtruitt1985,0,102.55,1B Andres Chaparro 2B Jose Tena 3B Isaac Paredes C Christian Vazquez OF Brandon Nimmo OF Yordan Alvarez OF Wyatt Langford P Jacob deGrom P Peter Lambert SS Zach Neto,,,
170,5225004813,ac919 (8/10),0,102.55,1B Jake Burger 2B Jose Altuve 3B Cody Freeman C Danny Jansen OF Yordan Alvarez OF Daulton Varsho OF Wade Meckler P Jacob deGrom P Peter Lambert SS Zach Neto,,,
170,5225015004,Matt_5.0,0,102.55,1B Andres Chaparro 2B Vaughn Grissom 3B Isaac Paredes C Tyler Heineman OF Yordan Alvarez OF Daulton Varsho OF Wyatt Langford P Jacob deGrom P Peter Lambert SS Corey Seager,,,
173,5224977194,Darkmen715 (9/17),0,101.55,1B Jake Burger 2B Jose Altuve 3B Isaac Paredes C Danny Jansen OF Yordan Alvarez OF Evan Carter OF Wade Meckler P Jacob deGrom P Peter Lambert SS Zach Neto,,,
173,5224977195,Darkmen715 (10/17),0,101.55,1B Jake Burger 2B Jose Altuve 3B Isaac Paredes C Danny Jansen OF Yordan Alvarez OF Evan Carter OF Wade Meckler P Jacob deGrom P Peter Lambert SS Zach Neto,,,
173,5224977196,Darkmen715 (11/17),0,101.55,1B Jake Burger 2B Jose Altuve 3B Isaac Paredes C Danny Jansen OF Yordan Alvarez OF Evan Carter OF Wade Meckler P Jacob deGrom P Peter Lambert SS Zach Neto,,,
173,5225018284,souge369,0,101.55,1B Jake Burger 2B Jose Altuve 3B Isaac Paredes C Danny Jansen OF Mike Trout OF Josh Lowe OF Wyatt Langford P Jacob deGrom P Peter Lambert SS Zach Neto,,,
177,5225026198,buckwheat33 (16/17),0,101.350006,1B Jake Burger 2B Jose Altuve 3B Vaughn Grissom C Christian Vazquez OF Brandon Nimmo OF Yordan Alvarez OF Daylen Lile P Jacob deGrom P Andrew Alvarez SS Corey Seager,,,
178,5224976278,hopp365 (1/2),0,100.55,1B LaMonte Wade Jr. 2B Nasim Nunez 3B Vaughn Grissom C Danny Jansen OF Brandon Nimmo OF Yordan Alvarez OF Daylen Lile P Jacob deGrom P Peter Lambert SS Zach Neto,,,
178,5225010279,baggerlind (2/2),0,100.55,1B Nolan Schanuel 2B Vaughn Grissom 3B Isaac Paredes C Christian Vazquez OF Mike Trout OF LaMonte Wade Jr. OF Yordan Alvarez P Jacob deGrom P Peter Lambert SS Corey Seager,,,
180,5224985512,244horns244,0,99.55,1B Andres Chaparro 2B Vaughn Grissom 3B Isaac Paredes C Christian Vazquez OF Mike Trout OF Yordan Alvarez OF Daulton Varsho P Jacob deGrom P Peter Lambert SS Corey Seager,,,
180,5224991181,Ozarkian (1/2),0,99.55,1B LaMonte Wade Jr. 2B Jose Altuve 3B Ezequiel Duran C Christian Vazquez OF Brandon Nimmo OF Yordan Alvarez OF Wade Meckler P Jacob deGrom P Peter Lambert SS Corey Seager,,,
180,5225015018,peterjpacheco (2/6),0,99.55,1B Abimelec Ortiz 2B Jose Altuve 3B Isaac Paredes C Christian Vazquez OF LaMonte Wade Jr. OF Yordan Alvarez OF Wyatt Langford P Jacob deGrom P Peter Lambert SS Zach Neto,,,
180,5225016032,monster35,0,99.55,1B Nolan Schanuel 2B Cody Freeman 3B Isaac Paredes C Danny Jansen OF Mike Trout OF Brandon Nimmo OF Yordan Alvarez P Jacob deGrom P Peter Lambert SS Zach Neto,,,
184,5224986010,Dinoj1962,0,99.350006,1B Jake Burger 2B Jose Altuve 3B Ezequiel Duran C Keibert Ruiz OF Brandon Nimmo OF Dylan Crews OF Wyatt Langford P Jacob deGrom P Andrew Alvarez SS Corey Seager,,,
185,5225017849,LAKOBE08 (3/5),0,98.3,1B Abimelec Ortiz 2B Jose Tena 3B Ezequiel Duran C Christian Vazquez OF Josh Lowe OF Yordan Alvarez OF Daylen Lile P Peter Lambert P Andrew Alvarez SS Zach Neto,,,
186,5224977192,Darkmen715 (7/17),0,97.55,1B Jake Burger 2B Jose Altuve 3B Isaac Paredes C Moises Ballesteros OF Brandon Nimmo OF Yordan Alvarez OF Wade Meckler P Jacob deGrom P Peter Lambert SS Ezequiel Duran,,,
186,5224979244,bigmoneyquinn87,0,97.55,1B Andres Chaparro 2B Jose Altuve 3B Ezequiel Duran C Keibert Ruiz OF Brandon Nimmo OF Daulton Varsho OF Dylan Crews P Jacob deGrom P Peter Lambert SS Zach Neto,,,
188,5225027274,bacs,0,97.3,1B Nolan Schanuel 2B Jose Tena 3B Ezequiel Duran C Keibert Ruiz OF Mike Trout OF Brandon Nimmo OF Yordan Alvarez P Peter Lambert P Andrew Alvarez SS Zach Neto,,,
189,5224998876,reikojohns1 (8/16),0,96.8,1B Jake Burger 2B Jose Altuve 3B Ezequiel Duran C Keibert Ruiz OF Mike Trout OF Brandon Nimmo OF Wyatt Langford P Peter Lambert P Grayson Rodriguez SS Zach Neto,,,
189,5225000716,reikojohns1 (15/16),0,96.8,1B Jake Burger 2B Jose Altuve 3B Ezequiel Duran C Keibert Ruiz OF Mike Trout OF Brandon Nimmo OF Wyatt Langford P Peter Lambert P Grayson Rodriguez SS Zach Neto,,,
191,5224991609,Riceheath,0,96.55,1B Jake Burger 2B Vaughn Grissom 3B Ezequiel Duran C Danny Jansen OF Mike Trout OF Daylen Lile OF Cam Smith P Jacob deGrom P Peter Lambert SS Corey Seager,,,
191,5225006529,SkyFlyDFS (1/2),0,96.55,1B Jake Burger 2B Nick Allen 3B Ezequiel Duran C Christian Vazquez OF LaMonte Wade Jr. OF Yordan Alvarez OF Wyatt Langford P Jacob deGrom P Peter Lambert SS Corey Seager,,,
191,5225007650,SkyFlyDFS (2/2),0,96.55,1B Jake Burger 2B Nick Allen 3B Ezequiel Duran C Christian Vazquez OF LaMonte Wade Jr. OF Yordan Alvarez OF Wyatt Langford P Jacob deGrom P Peter Lambert SS Corey Seager,,,
191,5225015020,peterjpacheco (4/6),0,96.55,1B Abimelec Ortiz 2B Jose Altuve 3B Isaac Paredes C Keibert Ruiz OF LaMonte Wade Jr. OF Yordan Alvarez OF Daulton Varsho P Jacob deGrom P Peter Lambert SS Zach Neto,,,
191,5225015190,showstopper425,0,96.55,1B Abimelec Ortiz 2B Jose Altuve 3B Isaac Paredes C Christian Vazquez OF Mike Trout OF Yordan Alvarez OF Andrew Pinckney P Jacob deGrom P Peter Lambert SS Zach Neto,,,
191,5225023284,BlueHeartButcher,0,96.55,1B LaMonte Wade Jr. 2B Vaughn Grissom 3B Ezequiel Duran C Christian Vazquez OF Brandon Nimmo OF Yordan Alvarez OF Wyatt Langford P Jacob deGrom P Peter Lambert SS Nick Allen,,,
191,5225024630,charlesm90,0,96.55,1B Jake Burger 2B Jose Altuve 3B Isaac Paredes C Danny Jansen OF LaMonte Wade Jr. OF Yordan Alvarez OF Daulton Varsho P Jacob deGrom P Peter Lambert SS Zach Neto,,,
191,5225026121,likenoah (1/5),0,96.55,1B Jake Burger 2B Vaughn Grissom 3B Isaac Paredes C Christian Vazquez OF Yordan Alvarez OF Cam Smith OF Wyatt Langford P Jacob deGrom P Peter Lambert SS Ezequiel Duran,,,
191,5225026122,likenoah (2/5),0,96.55,1B Jake Burger 2B Vaughn Grissom 3B Isaac Paredes C Christian Vazquez OF Yordan Alvarez OF Cam Smith OF Wyatt Langford P Jacob deGrom P Peter Lambert SS Ezequiel Duran,,,
191,5225026123,likenoah (3/5),0,96.55,1B Jake Burger 2B Vaughn Grissom 3B Isaac Paredes C Christian Vazquez OF Yordan Alvarez OF Cam Smith OF Wyatt Langford P Jacob deGrom P Peter Lambert SS Ezequiel Duran,,,
191,5225026124,likenoah (4/5),0,96.55,1B Jake Burger 2B Vaughn Grissom 3B Isaac Paredes C Christian Vazquez OF Yordan Alvarez OF Cam Smith OF Wyatt Langford P Jacob deGrom P Peter Lambert SS Ezequiel Duran,,,
191,5225026125,likenoah (5/5),0,96.55,1B Jake Burger 2B Vaughn Grissom 3B Isaac Paredes C Christian Vazquez OF Yordan Alvarez OF Cam Smith OF Wyatt Langford P Jacob deGrom P Peter Lambert SS Ezequiel Duran,,,
191,5225026501,ArizonaFire,0,96.55,1B LaMonte Wade Jr. 2B Jose Altuve 3B Isaac Paredes C Christian Vazquez OF Mike Trout OF Yordan Alvarez OF Wade Meckler P Jacob deGrom P Peter Lambert SS Ezequiel Duran,,,
204,5224984180,cb76401,0,95.55,1B Jake Burger 2B Jose Tena 3B Isaac Paredes C Moises Ballesteros OF Mike Trout OF Yordan Alvarez OF Cam Smith P Jacob deGrom P Peter Lambert SS Corey Seager,,,
204,5224990440,jw1984 (3/10),0,95.55,1B Jake Burger 2B Cody Freeman 3B Ezequiel Duran C Christian Vazquez OF Yordan Alvarez OF Daulton Varsho OF Wyatt Langford P Jacob deGrom P Peter Lambert SS Corey Seager,,,
204,5225014260,mellomon2,0,95.55,1B Jake Burger 2B Adam Frazier 3B Isaac Paredes C Keibert Ruiz OF Josh Lowe OF Yordan Alvarez OF Wyatt Langford P Jacob deGrom P Peter Lambert SS Corey Seager,,,
207,5225026185,buckwheat33 (3/17),0,95.350006,1B Abimelec Ortiz 2B Jose Altuve 3B Isaac Paredes C Danny Jansen OF Mike Trout OF Brandon Nimmo OF Yordan Alvarez P Jacob deGrom P Andrew Alvarez SS Corey Seager,,,
208,5224977197,Darkmen715 (12/17),0,94.55,1B Jake Burger 2B Jose Altuve 3B Isaac Paredes C Danny Jansen OF Yordan Alvarez OF Daulton Varsho OF Cam Smith P Jacob deGrom P Peter Lambert SS Zach Neto,,,
208,5224995558,quepasausa (3/10),0,94.55,1B Jake Burger 2B Jose Altuve 3B Vaughn Grissom C Danny Jansen OF Brandon Nimmo OF Evan Carter OF Wyatt Langford P Jacob deGrom P Peter Lambert SS Zach Neto,,,
208,5224995567,quepasausa (4/10),0,94.55,1B Jake Burger 2B Jose Altuve 3B Vaughn Grissom C Danny Jansen OF Brandon Nimmo OF Evan Carter OF Wyatt Langford P Jacob deGrom P Peter Lambert SS Zach Neto,,,
208,5224995570,quepasausa (5/10),0,94.55,1B Jake Burger 2B Jose Altuve 3B Vaughn Grissom C Danny Jansen OF Brandon Nimmo OF Evan Carter OF Wyatt Langford P Jacob deGrom P Peter Lambert SS Zach Neto,,,
208,5224998392,Manchester5 (1/2),0,94.55,1B Jake Burger 2B Nasim Nunez 3B Ezequiel Duran C Danny Jansen OF Yordan Alvarez OF Cam Smith OF Wade Meckler P Jacob deGrom P Peter Lambert SS Corey Seager,,,
208,5225004268,toby2977,0,94.55,1B Jake Burger 2B Jose Altuve 3B Isaac Paredes C Moises Ballesteros OF Mike Trout OF Daulton Varsho OF Wyatt Langford P Jacob deGrom P Peter Lambert SS Ezequiel Duran,,,
208,5225005298,quepasausa (9/10),0,94.55,1B Jake Burger 2B Jose Altuve 3B Vaughn Grissom C Danny Jansen OF Brandon Nimmo OF Evan Carter OF Wyatt Langford P Jacob deGrom P Peter Lambert SS Zach Neto,,,
208,5225005324,quepasausa (10/10),0,94.55,1B Jake Burger 2B Jose Altuve 3B Vaughn Grissom C Danny Jansen OF Brandon Nimmo OF Evan Carter OF Wyatt Langford P Jacob deGrom P Peter Lambert SS Zach Neto,,,
208,5225006928,StonzMVP,0,94.55,1B Jake Burger 2B Jose Altuve 3B Isaac Paredes C Danny Jansen OF Yordan Alvarez OF Daulton Varsho OF Cam Smith P Jacob deGrom P Peter Lambert SS Zach Neto,,,
217,5225025886,loigwine (1/5),0,94.3,1B Jake Burger 2B Jose Altuve 3B Isaac Paredes C Moises Ballesteros OF Yordan Alvarez OF Daulton Varsho OF Wyatt Langford P Peter Lambert P Andrew Alvarez SS Zach Neto,,,
218,5225004762,savant111,0,93.55,1B Jake Burger 2B Justin Foscue 3B Isaac Paredes C Moises Ballesteros OF Yordan Alvarez OF Wyatt Langford OF Andrew Pinckney P Jacob deGrom P Peter Lambert SS Corey Seager,,,
218,5225023253,ballplayer20,0,93.55,1B Andres Chaparro 2B Justin Foscue 3B Vaughn Grissom C Christian Vazquez OF Yordan Alvarez OF Cam Smith OF Wyatt Langford P Jacob deGrom P Peter Lambert SS Corey Seager,,,
220,5224989661,tonyfla,0,92.55,1B Jake Burger 2B Vaughn Grissom 3B Isaac Paredes C Christian Vazquez OF Mike Trout OF Yordan Alvarez OF Andrew Pinckney P Jacob deGrom P Peter Lambert SS Corey Seager,,,
220,5225008719,RaiderTonyB,0,92.55,1B LaMonte Wade Jr. 2B Jose Altuve 3B Isaac Paredes C Christian Vazquez OF Yordan Alvarez OF Wade Meckler OF Wyatt Langford P Jacob deGrom P Peter Lambert SS Corey Seager,,,
220,5225009401,mtkat1963,0,92.55,1B Abimelec Ortiz 2B Jose Altuve 3B Isaac Paredes C Danny Jansen OF Yordan Alvarez OF Wyatt Langford OF Andrew Pinckney P Jacob deGrom P Peter Lambert SS Zach Neto,,,
220,5225015022,peterjpacheco (6/6),0,92.55,1B Abimelec Ortiz 2B Nasim Nunez 3B Isaac Paredes C Keibert Ruiz OF Yordan Alvarez OF Wyatt Langford OF Andrew Pinckney P Jacob deGrom P Peter Lambert SS Zach Neto,,,
220,5225028598,MonteJr5,0,92.55,1B Jake Burger 2B Jose Altuve 3B Isaac Paredes C Christian Vazquez OF Brandon Nimmo OF LaMonte Wade Jr. OF Yordan Alvarez P Jacob deGrom P Peter Lambert SS Zach Neto,,,
225,5225016456,TNELS3312,0,91.8,1B Andres Chaparro 2B Jose Tena 3B Isaac Paredes C Moises Ballesteros OF Mike Trout OF Yordan Alvarez OF Wyatt Langford P Peter Lambert P Grayson Rodriguez SS Corey Seager,,,
226,5225012659,bigsac7,0,91.55,1B LaMonte Wade Jr. 2B Jose Altuve 3B Isaac Paredes C Tyler Heineman OF Mike Trout OF Yordan Alvarez OF Daulton Varsho P Jacob deGrom P Peter Lambert SS Ezequiel Duran,,,
226,5225025908,bowerwolff3000 (9/17),0,91.55,1B LaMonte Wade Jr. 2B Justin Foscue 3B Isaac Paredes C Christian Vazquez OF Yordan Alvarez OF Daulton Varsho OF Wyatt Langford P Jacob deGrom P Peter Lambert SS Corey Seager,,,
228,5224985201,69SPEEDY,0,90.600006,1B Andres Chaparro 2B Jose Tena 3B Isaac Paredes C Tyler Heineman OF Brandon Nimmo OF Daulton Varsho OF Daylen Lile P Grayson Rodriguez P Andrew Alvarez SS Corey Seager,,,
228,5225009310,Money-Maker-Mooney,0,90.600006,1B Nolan Schanuel 2B Jose Altuve 3B Isaac Paredes C Keibert Ruiz OF Mike Trout OF Brandon Nimmo OF Yordan Alvarez P Grayson Rodriguez P Andrew Alvarez SS Corey Seager,,,
230,5224987991,Hogfan1969,0,90.55,1B Jake Burger 2B Jose Altuve 3B Isaac Paredes C Christian Vazquez OF Yordan Alvarez OF Daylen Lile OF Cam Smith P Jacob deGrom P Peter Lambert SS Zach Neto,,,
230,5224990445,jw1984 (8/10),0,90.55,1B LaMonte Wade Jr. 2B Jose Altuve 3B Isaac Paredes C Christian Vazquez OF Brandon Nimmo OF Taylor Trammell OF Wyatt Langford P Jacob deGrom P Peter Lambert SS Zach Neto,,,
230,5224997100,stonenuts,0,90.55,1B Jake Burger 2B Jose Altuve 3B Isaac Paredes C Christian Vazquez OF Brandon Nimmo OF Yordan Alvarez OF Cam Smith P Jacob deGrom P Peter Lambert SS Zach Neto,,,
230,5225008386,StephenFoster24,0,90.55,1B Nolan Schanuel 2B Justin Foscue 3B Isaac Paredes C Keibert Ruiz OF Taylor Trammell OF Yordan Alvarez OF Wade Meckler P Jacob deGrom P Peter Lambert SS Corey Seager,,,
230,5225012630,BergiezSquad,0,90.55,1B Nolan Schanuel 2B Jose Altuve 3B Isaac Paredes C Keibert Ruiz OF Mike Trout OF Daylen Lile OF Cam Smith P Jacob deGrom P Peter Lambert SS Zach Neto,,,
230,5225012726,FATEFELLSHORT (1/16),0,90.55,1B LaMonte Wade Jr. 2B Jose Altuve 3B Isaac Paredes C Tyler Heineman OF Yordan Alvarez OF Daulton Varsho OF Wyatt Langford P Jacob deGrom P Peter Lambert SS Ezequiel Duran,,,
230,5225012734,FATEFELLSHORT (2/16),0,90.55,1B LaMonte Wade Jr. 2B Jose Altuve 3B Isaac Paredes C Tyler Heineman OF Yordan Alvarez OF Daulton Varsho OF Wyatt Langford P Jacob deGrom P Peter Lambert SS Ezequiel Duran,,,
230,5225012741,FATEFELLSHORT (4/16),0,90.55,1B LaMonte Wade Jr. 2B Jose Altuve 3B Isaac Paredes C Tyler Heineman OF Yordan Alvarez OF Daulton Varsho OF Wyatt Langford P Jacob deGrom P Peter Lambert SS Ezequiel Duran,,,
230,5225012746,FATEFELLSHORT (6/16),0,90.55,1B LaMonte Wade Jr. 2B Jose Altuve 3B Isaac Paredes C Tyler Heineman OF Yordan Alvarez OF Daulton Varsho OF Wyatt Langford P Jacob deGrom P Peter Lambert SS Ezequiel Duran,,,
230,5225012911,FATEFELLSHORT (8/16),0,90.55,1B LaMonte Wade Jr. 2B Jose Altuve 3B Isaac Paredes C Tyler Heineman OF Yordan Alvarez OF Daulton Varsho OF Wyatt Langford P Jacob deGrom P Peter Lambert SS Ezequiel Duran,,,
230,5225021771,FATEFELLSHORT (11/16),0,90.55,1B LaMonte Wade Jr. 2B Jose Altuve 3B Isaac Paredes C Tyler Heineman OF Yordan Alvarez OF Daulton Varsho OF Wyatt Langford P Jacob deGrom P Peter Lambert SS Ezequiel Duran,,,
230,5225021779,FATEFELLSHORT (13/16),0,90.55,1B LaMonte Wade Jr. 2B Jose Altuve 3B Isaac Paredes C Tyler Heineman OF Yordan Alvarez OF Daulton Varsho OF Wyatt Langford P Jacob deGrom P Peter Lambert SS Ezequiel Duran,,,
230,5225021790,FATEFELLSHORT (15/16),0,90.55,1B LaMonte Wade Jr. 2B Jose Altuve 3B Isaac Paredes C Tyler Heineman OF Yordan Alvarez OF Daulton Varsho OF Wyatt Langford P Jacob deGrom P Peter Lambert SS Ezequiel Duran,,,
243,5224969554,meholol (6/17),0,89.55,1B LaMonte Wade Jr. 2B Jose Altuve 3B Ezequiel Duran C Danny Jansen OF Yordan Alvarez OF Daulton Varsho OF Cam Smith P Jacob deGrom P Peter Lambert SS Corey Seager,,,
243,5224981798,theWIRE1111111111 (8/8),0,89.55,1B Jake Burger 2B Cody Freeman 3B Ezequiel Duran C Danny Jansen OF LaMonte Wade Jr. OF Yordan Alvarez OF Daulton Varsho P Jacob deGrom P Peter Lambert SS Corey Seager,,,
243,5225026184,buckwheat33 (2/17),0,89.55,1B Abimelec Ortiz 2B Jose Altuve 3B Isaac Paredes C Moises Ballesteros OF LaMonte Wade Jr. OF Yordan Alvarez OF Daulton Varsho P Jacob deGrom P Peter Lambert SS Corey Seager,,,
246,5224977526,Gerfthesmurf,0,88.55,1B Jake Burger 2B Jose Altuve 3B Isaac Paredes C Christian Vazquez OF Yordan Alvarez OF Daulton Varsho OF Wade Meckler P Jacob deGrom P Peter Lambert SS Corey Seager,,,
246,5224986483,louiswat (2/2),0,88.55,1B Nolan Schanuel 2B Jose Altuve 3B Ezequiel Duran C Christian Vazquez OF Mike Trout OF Yordan Alvarez OF Wade Meckler P Jacob deGrom P Peter Lambert SS Nasim Nunez,,,
246,5225000194,Gibbybaby,0,88.55,1B Jake Burger 2B Justin Foscue 3B Isaac Paredes C Moises Ballesteros OF Brandon Nimmo OF Yordan Alvarez OF Cam Smith P Jacob deGrom P Peter Lambert SS Corey Seager,,,
246,5225003717,knox314 (2/4),0,88.55,1B Jake Burger 2B Jose Altuve 3B Ezequiel Duran C Christian Vazquez OF Yordan Alvarez OF Daulton Varsho OF Cam Smith P Jacob deGrom P Peter Lambert SS Corey Seager,,,
246,5225006727,Andyg313,0,88.55,1B Nolan Schanuel 2B Jose Tena 3B Isaac Paredes C Danny Jansen OF Mike Trout OF Yordan Alvarez OF Daulton Varsho P Jacob deGrom P Peter Lambert SS Corey Seager,,,
246,5225008048,pjthebeau (1/2),0,88.55,1B LaMonte Wade Jr. 2B Justin Foscue 3B Isaac Paredes C Danny Jansen OF Brandon Nimmo OF Wade Meckler OF Wyatt Langford P Jacob deGrom P Peter Lambert SS Corey Seager,,,
246,5225011139,tbark13,0,88.55,1B LaMonte Wade Jr. 2B Jose Altuve 3B Ezequiel Duran C Danny Jansen OF Mike Trout OF Cam Smith OF Wyatt Langford P Jacob deGrom P Peter Lambert SS Corey Seager,,,
246,5225013785,constman20200,0,88.55,1B Jake Burger 2B Jose Altuve 3B Ezequiel Duran C Danny Jansen OF Josh Lowe OF Yordan Alvarez OF Cam Smith P Jacob deGrom P Peter Lambert SS Corey Seager,,,
246,5225022245,ozzie2tommy2jack,0,88.55,1B Jake Burger 2B Jose Altuve 3B Isaac Paredes C Danny Jansen OF Yordan Alvarez OF Jose Tena OF Wade Meckler P Jacob deGrom P Peter Lambert SS Ezequiel Duran,,,
255,5224998422,reikojohns1 (7/16),0,88.350006,1B Jake Burger 2B Jose Altuve 3B Ezequiel Duran C Keibert Ruiz OF Mike Trout OF Dylan Crews OF Wyatt Langford P Jacob deGrom P Andrew Alvarez SS Nasim Nunez,,,
255,5225000715,reikojohns1 (14/16),0,88.350006,1B Jake Burger 2B Jose Altuve 3B Ezequiel Duran C Keibert Ruiz OF Mike Trout OF Dylan Crews OF Wyatt Langford P Jacob deGrom P Andrew Alvarez SS Nasim Nunez,,,
257,5224978448,TheKingKaz (1/4),0,87.55,1B LaMonte Wade Jr. 2B Jose Altuve 3B Ezequiel Duran C Danny Jansen OF Taylor Trammell OF Yordan Alvarez OF Daulton Varsho P Jacob deGrom P Peter Lambert SS Corey Seager,,,
257,5224991963,bigdaddy27j,0,87.55,1B Jake Burger 2B Jose Tena 3B Isaac Paredes C Christian Vazquez OF Mike Trout OF Yordan Alvarez OF Daulton Varsho P Jacob deGrom P Peter Lambert SS Corey Seager,,,
257,5224993983,knox314 (1/4),0,87.55,1B Jake Burger 2B Justin Foscue 3B Isaac Paredes C Christian Vazquez OF LaMonte Wade Jr. OF Yordan Alvarez OF Wyatt Langford P Jacob deGrom P Peter Lambert SS Ezequiel Duran,,,
257,5225009969,karnage66,0,87.55,1B Jake Burger 2B Vaughn Grissom 3B Isaac Paredes C Christian Vazquez OF Brandon Nimmo OF Yordan Alvarez OF Daylen Lile P Jacob deGrom P Peter Lambert SS Ezequiel Duran,,,
257,5225010799,mjohnson1707,0,87.55,1B Jake Burger 2B Justin Foscue 3B Isaac Paredes C Christian Vazquez OF LaMonte Wade Jr. OF Yordan Alvarez OF Wyatt Langford P Jacob deGrom P Peter Lambert SS Ezequiel Duran,,,
257,5225010800,DJohnson2635,0,87.55,1B Jake Burger 2B Justin Foscue 3B Isaac Paredes C Christian Vazquez OF LaMonte Wade Jr. OF Yordan Alvarez OF Wyatt Langford P Jacob deGrom P Peter Lambert SS Ezequiel Duran,,,
257,5225012735,FATEFELLSHORT (3/16),0,87.55,1B LaMonte Wade Jr. 2B Jose Altuve 3B Isaac Paredes C Tyler Heineman OF Yordan Alvarez OF Daulton Varsho OF Wyatt Langford P Jacob deGrom P Peter Lambert SS Corey Seager,,,
257,5225012742,FATEFELLSHORT (5/16),0,87.55,1B LaMonte Wade Jr. 2B Jose Altuve 3B Isaac Paredes C Tyler Heineman OF Yordan Alvarez OF Daulton Varsho OF Wyatt Langford P Jacob deGrom P Peter Lambert SS Corey Seager,,,
257,5225012747,FATEFELLSHORT (7/16),0,87.55,1B LaMonte Wade Jr. 2B Jose Altuve 3B Isaac Paredes C Tyler Heineman OF Yordan Alvarez OF Daulton Varsho OF Wyatt Langford P Jacob deGrom P Peter Lambert SS Corey Seager,,,
257,5225012912,FATEFELLSHORT (9/16),0,87.55,1B LaMonte Wade Jr. 2B Jose Altuve 3B Isaac Paredes C Tyler Heineman OF Yordan Alvarez OF Daulton Varsho OF Wyatt Langford P Jacob deGrom P Peter Lambert SS Corey Seager,,,
257,5225013734,thawest (2/2),0,87.55,1B Jake Burger 2B Jose Altuve 3B Ezequiel Duran C Danny Jansen OF LaMonte Wade Jr. OF Yordan Alvarez OF Jose Tena P Jacob deGrom P Peter Lambert SS Corey Seager,,,
257,5225013780,durkee3,0,87.55,1B Jake Burger 2B Jose Altuve 3B Ezequiel Duran C Danny Jansen OF LaMonte Wade Jr. OF Yordan Alvarez OF Jose Tena P Jacob deGrom P Peter Lambert SS Corey Seager,,,
257,5225015350,137666 (2/3),0,87.55,1B LaMonte Wade Jr. 2B Jose Altuve 3B Isaac Paredes C Tyler Heineman OF Yordan Alvarez OF Daulton Varsho OF Wyatt Langford P Jacob deGrom P Peter Lambert SS Corey Seager,,,
257,5225018343,Bullykillerz,0,87.55,1B Jake Burger 2B Jose Altuve 3B Brady House C Christian Vazquez OF Brandon Nimmo OF Yordan Alvarez OF Evan Carter P Jacob deGrom P Peter Lambert SS Zach Neto,,,
257,5225020822,gwmike (2/2),0,87.55,1B Andres Chaparro 2B Jose Altuve 3B Ezequiel Duran C Christian Vazquez OF Mike Trout OF Yordan Alvarez OF Andrew Pinckney P Jacob deGrom P Peter Lambert SS Corey Seager,,,
257,5225021525,FATEFELLSHORT (10/16),0,87.55,1B LaMonte Wade Jr. 2B Jose Altuve 3B Isaac Paredes C Tyler Heineman OF Yordan Alvarez OF Daulton Varsho OF Wyatt Langford P Jacob deGrom P Peter Lambert SS Corey Seager,,,
257,5225021748,Garius1177,0,87.55,1B Jake Burger 2B Jose Altuve 3B Isaac Paredes C Keibert Ruiz OF Brandon Nimmo OF LaMonte Wade Jr. OF Wyatt Langford P Jacob deGrom P Peter Lambert SS Zach Neto,,,
257,5225021772,FATEFELLSHORT (12/16),0,87.55,1B LaMonte Wade Jr. 2B Jose Altuve 3B Isaac Paredes C Tyler Heineman OF Yordan Alvarez OF Daulton Varsho OF Wyatt Langford P Jacob deGrom P Peter Lambert SS Corey Seager,,,
257,5225021780,FATEFELLSHORT (14/16),0,87.55,1B LaMonte Wade Jr. 2B Jose Altuve 3B Isaac Paredes C Tyler Heineman OF Yordan Alvarez OF Daulton Varsho OF Wyatt Langford P Jacob deGrom P Peter Lambert SS Corey Seager,,,
257,5225021791,FATEFELLSHORT (16/16),0,87.55,1B LaMonte Wade Jr. 2B Jose Altuve 3B Isaac Paredes C Tyler Heineman OF Yordan Alvarez OF Daulton Varsho OF Wyatt Langford P Jacob deGrom P Peter Lambert SS Corey Seager,,,
257,5225025961,EmeraldReign,0,87.55,1B Abimelec Ortiz 2B Jose Altuve 3B Isaac Paredes C Danny Jansen OF Yordan Alvarez OF Daylen Lile OF Cam Smith P Jacob deGrom P Peter Lambert SS Zach Neto,,,
257,5225026187,buckwheat33 (5/17),0,87.55,1B Abimelec Ortiz 2B Jose Altuve 3B Isaac Paredes C Danny Jansen OF Brandon Nimmo OF Yordan Alvarez OF Cam Smith P Jacob deGrom P Peter Lambert SS Zach Neto,,,
279,5225016077,jlalbright,0,87.350006,1B Jake Burger 2B Jose Altuve 3B Isaac Paredes C Danny Jansen OF Brandon Nimmo OF Yordan Alvarez OF Daylen Lile P Jacob deGrom P Andrew Alvarez SS Corey Seager,,,
280,5224983059,Newmy7777,0,86.55,1B Jake Burger 2B Jose Tena 3B Isaac Paredes C Danny Jansen OF Yordan Alvarez OF Daulton Varsho OF Wyatt Langford P Jacob deGrom P Peter Lambert SS Ezequiel Duran,,,
280,5224993027,kbrisacher (2/17),0,86.55,1B Jake Burger 2B Nick Allen 3B Ezequiel Duran C Danny Jansen OF LaMonte Wade Jr. OF Cam Smith OF Wyatt Langford P Jacob deGrom P Peter Lambert SS Corey Seager,,,
280,5225005031,blitzburgh07,0,86.55,1B Jake Burger 2B Jose Tena 3B Isaac Paredes C Danny Jansen OF Yordan Alvarez OF Daulton Varsho OF Wyatt Langford P Jacob deGrom P Peter Lambert SS Ezequiel Duran,,,
280,5225021533,Lucasj42o,0,86.55,1B LaMonte Wade Jr. 2B Justin Foscue 3B Isaac Paredes C Christian Vazquez OF Yordan Alvarez OF Cam Smith OF Wyatt Langford P Jacob deGrom P Peter Lambert SS Corey Seager,,,
280,5225023154,mtlcpa (2/3),0,86.55,1B Jake Burger 2B Jose Altuve 3B Ezequiel Duran C Danny Jansen OF Josh Lowe OF Taylor Trammell OF Yordan Alvarez P Jacob deGrom P Peter Lambert SS Corey Seager,,,
280,5225025203,Elsieadd,0,86.55,1B Nolan Schanuel 2B Jose Altuve 3B Isaac Paredes C Christian Vazquez OF Josh Lowe OF Yordan Alvarez OF Wyatt Langford P Jacob deGrom P Peter Lambert SS Corey Seager,,,
280,5225025222,Mattmorso17,0,86.55,1B LaMonte Wade Jr. 2B Jose Altuve 3B Isaac Paredes C Danny Jansen OF Josh Lowe OF Yordan Alvarez OF Wyatt Langford P Jacob deGrom P Peter Lambert SS Ezequiel Duran,,,
280,5225025910,bowerwolff3000 (11/17),0,86.55,1B LaMonte Wade Jr. 2B Nick Allen 3B Isaac Paredes C Danny Jansen OF Yordan Alvarez OF Daulton Varsho OF Wyatt Langford P Jacob deGrom P Peter Lambert SS Corey Seager,,,
288,5224977186,Darkmen715 (1/17),0,85.55,1B Jake Burger 2B Jose Altuve 3B Isaac Paredes C Keibert Ruiz OF Brandon Nimmo OF Cam Smith OF Wyatt Langford P Jacob deGrom P Peter Lambert SS Zach Neto,,,
288,5224982679,whitedog22,0,85.55,1B LaMonte Wade Jr. 2B Nasim Nunez 3B Ezequiel Duran C Christian Vazquez OF Mike Trout OF Yordan Alvarez OF Daulton Varsho P Jacob deGrom P Peter Lambert SS Nick Allen,,,
288,5224983271,realtoray,0,85.55,1B Jake Burger 2B Nick Allen 3B Isaac Paredes C Christian Vazquez OF Yordan Alvarez OF Daulton Varsho OF Wyatt Langford P Jacob deGrom P Peter Lambert SS Corey Seager,,,
288,5225015021,peterjpacheco (5/6),0,85.55,1B Abimelec Ortiz 2B Jose Altuve 3B Isaac Paredes C Keibert Ruiz OF Yordan Alvarez OF Daylen Lile OF Andrew Pinckney P Jacob deGrom P Peter Lambert SS Zach Neto,,,
288,5225017842,My_sons (17/17),0,85.55,1B Jake Burger 2B Jose Altuve 3B Ezequiel Duran C Christian Vazquez OF LaMonte Wade Jr. OF Yordan Alvarez OF Cam Smith P Jacob deGrom P Peter Lambert SS Corey Seager,,,
288,5225025909,bowerwolff3000 (10/17),0,85.55,1B Jake Burger 2B Nick Allen 3B Isaac Paredes C Christian Vazquez OF Yordan Alvarez OF Daulton Varsho OF Wyatt Langford P Jacob deGrom P Peter Lambert SS Corey Seager,,,
288,5225025914,bowerwolff3000 (15/17),0,85.55,1B LaMonte Wade Jr. 2B Cody Freeman 3B Isaac Paredes C Christian Vazquez OF Yordan Alvarez OF Daulton Varsho OF Wyatt Langford P Jacob deGrom P Peter Lambert SS Corey Seager,,,
288,5225026186,buckwheat33 (4/17),0,85.55,1B Jake Burger 2B Jose Altuve 3B Vaughn Grissom C Danny Jansen OF Yordan Alvarez OF Daulton Varsho OF Cam Smith P Jacob deGrom P Peter Lambert SS Ezequiel Duran,,,
296,5225022722,gratefuldead23,0,85.3,1B LaMonte Wade Jr. 2B Jose Tena 3B Isaac Paredes C Christian Vazquez OF Yordan Alvarez OF Daylen Lile OF Wyatt Langford P Peter Lambert P Andrew Alvarez SS Zach Neto,,,
297,5224974197,Gashouse3501,0,84.55,1B Andres Chaparro 2B Justin Foscue 3B Isaac Paredes C Tyler Heineman OF Brandon Nimmo OF Yordan Alvarez OF Wyatt Langford P Jacob deGrom P Peter Lambert SS Corey Seager,,,
297,5225003427,SunDanc3,0,84.55,1B Jake Burger 2B Jose Altuve 3B Ezequiel Duran C Tyler Heineman OF Mike Trout OF Brandon Nimmo OF Cam Smith P Jacob deGrom P Peter Lambert SS Corey Seager,,,
297,5225011158,SkipperRush (3/4),0,84.55,1B Jake Burger 2B Jose Altuve 3B Ezequiel Duran C Christian Vazquez OF Brandon Nimmo OF Daulton Varsho OF Wyatt Langford P Jacob deGrom P Peter Lambert SS Corey Seager,,,
297,5225017837,My_sons (12/17),0,84.55,1B Andres Chaparro 2B Justin Foscue 3B Ezequiel Duran C Danny Jansen OF Brandon Nimmo OF Taylor Trammell OF Yordan Alvarez P Jacob deGrom P Peter Lambert SS Corey Seager,,,
297,5225026197,buckwheat33 (15/17),0,84.55,1B Jake Burger 2B Jose Altuve 3B Vaughn Grissom C Danny Jansen OF LaMonte Wade Jr. OF Yordan Alvarez OF Daulton Varsho P Jacob deGrom P Peter Lambert SS Corey Seager,,,
302,5225027497,profjoedad,0,84.3,1B LaMonte Wade Jr. 2B Justin Foscue 3B Isaac Paredes C Moises Ballesteros OF Mike Trout OF Yordan Alvarez OF Wyatt Langford P Peter Lambert P Andrew Alvarez SS Corey Seager,,,
303,5225017830,My_sons (5/17),0,83.8,1B Andres Chaparro 2B Nasim Nunez 3B Brady House C Keibert Ruiz OF Mike Trout OF Yordan Alvarez OF Daylen Lile P Peter Lambert P Grayson Rodriguez SS Zach Neto,,,
304,5224981797,theWIRE1111111111 (7/8),0,83.55,1B LaMonte Wade Jr. 2B Jose Altuve 3B Ezequiel Duran C Christian Vazquez OF Brandon Nimmo OF Yordan Alvarez OF Evan Carter P Jacob deGrom P Peter Lambert SS Corey Seager,,,
304,5225014215,bdubya3,0,83.55,1B Jake Burger 2B Jose Altuve 3B Ezequiel Duran C Keibert Ruiz OF Daulton Varsho OF Cam Smith OF Wyatt Langford P Jacob deGrom P Peter Lambert SS Corey Seager,,,
304,5225015981,jhc1532,0,83.55,1B Jake Burger 2B Jose Altuve 3B Brady House C Tyler Heineman OF Mike Trout OF Yordan Alvarez OF Jose Tena P Jacob deGrom P Peter Lambert SS Corey Seager,,,
304,5225023250,kimberlylair,0,83.55,1B Jake Burger 2B Jose Altuve 3B Ezequiel Duran C Keibert Ruiz OF Yordan Alvarez OF Jose Tena OF Andrew Pinckney P Jacob deGrom P Peter Lambert SS Corey Seager,,,
308,5224983266,bettyjaye,0,82.55,1B Andres Chaparro 2B Jose Altuve 3B Isaac Paredes C Christian Vazquez OF Josh Lowe OF Yordan Alvarez OF Wyatt Langford P Jacob deGrom P Peter Lambert SS Corey Seager,,,
308,5224985525,148602701,0,82.55,1B Jake Burger 2B Justin Foscue 3B Vaughn Grissom C Keibert Ruiz OF Mike Trout OF Brandon Nimmo OF Cam Smith P Jacob deGrom P Peter Lambert SS Corey Seager,,,
308,5224993036,kbrisacher (11/17),0,82.55,1B LaMonte Wade Jr. 2B Justin Foscue 3B Isaac Paredes C Christian Vazquez OF Brandon Nimmo OF Yordan Alvarez OF Cam Smith P Jacob deGrom P Peter Lambert SS Ezequiel Duran,,,
308,5224998810,rwg65,0,82.55,1B LaMonte Wade Jr. 2B Nick Allen 3B Isaac Paredes C Danny Jansen OF Brandon Nimmo OF Yordan Alvarez OF Wyatt Langford P Jacob deGrom P Peter Lambert SS Ezequiel Duran,,,
308,5225007150,jrwhitey5454,0,82.55,1B LaMonte Wade Jr. 2B Jose Altuve 3B Isaac Paredes C Tyler Heineman OF Yordan Alvarez OF Cam Smith OF Wyatt Langford P Jacob deGrom P Peter Lambert SS Corey Seager,,,
308,5225017377,klsmith105,0,82.55,1B Andres Chaparro 2B Jose Altuve 3B Isaac Paredes C Christian Vazquez OF Yordan Alvarez OF Daulton Varsho OF Wyatt Langford P Jacob deGrom P Peter Lambert SS Ezequiel Duran,,,
308,5225021749,dkwmwmw,0,82.55,1B LaMonte Wade Jr. 2B Nick Allen 3B Isaac Paredes C Keibert Ruiz OF Mike Trout OF Yordan Alvarez OF Cam Smith P Jacob deGrom P Peter Lambert SS Corey Seager,,,
308,5225025912,bowerwolff3000 (13/17),0,82.55,1B LaMonte Wade Jr. 2B Cody Freeman 3B Isaac Paredes C Danny Jansen OF Yordan Alvarez OF Daulton Varsho OF Wyatt Langford P Jacob deGrom P Peter Lambert SS Corey Seager,,,
308,5225025915,bowerwolff3000 (16/17),0,82.55,1B Jake Burger 2B Nick Allen 3B Isaac Paredes C Christian Vazquez OF LaMonte Wade Jr. OF Yordan Alvarez OF Wyatt Langford P Jacob deGrom P Peter Lambert SS Corey Seager,,,
308,5225028587,KeriMorris,0,82.55,1B Andres Chaparro 2B Jose Altuve 3B Isaac Paredes C Christian Vazquez OF Josh Lowe OF Yordan Alvarez OF Wyatt Langford P Jacob deGrom P Peter Lambert SS Corey Seager,,,
318,5224974780,Brookie0319 (1/2),0,82.3,1B Abimelec Ortiz 2B Jose Altuve 3B Isaac Paredes C Christian Vazquez OF Mike Trout OF Yordan Alvarez OF Wyatt Langford P Peter Lambert P Andrew Alvarez SS Zach Neto,,,
318,5224974786,Brookie0319 (2/2),0,82.3,1B Abimelec Ortiz 2B Jose Altuve 3B Isaac Paredes C Christian Vazquez OF Mike Trout OF Yordan Alvarez OF Wyatt Langford P Peter Lambert P Andrew Alvarez SS Zach Neto,,,
318,5224993735,Jchyk12,0,82.3,1B Abimelec Ortiz 2B Nick Allen 3B Ezequiel Duran C Keibert Ruiz OF Taylor Trammell OF Daulton Varsho OF Dylan Crews P Peter Lambert P Andrew Alvarez SS Zach Neto,,,
321,5224986060,patton15,0,81.55,1B Jake Burger 2B Jose Altuve 3B Isaac Paredes C Christian Vazquez OF Mike Trout OF Josh Lowe OF Wyatt Langford P Jacob deGrom P Peter Lambert SS Corey Seager,,,
321,5225014273,bengalboy1101 (1/17),0,81.55,1B Nolan Schanuel 2B Jose Altuve 3B Isaac Paredes C Christian Vazquez OF Yordan Alvarez OF Cam Smith OF Wyatt Langford P Jacob deGrom P Peter Lambert SS Ezequiel Duran,,,
321,5225014274,bengalboy1101 (2/17),0,81.55,1B Nolan Schanuel 2B Jose Altuve 3B Isaac Paredes C Christian Vazquez OF Yordan Alvarez OF Cam Smith OF Wyatt Langford P Jacob deGrom P Peter Lambert SS Ezequiel Duran,,,
321,5225014275,bengalboy1101 (3/17),0,81.55,1B Nolan Schanuel 2B Jose Altuve 3B Isaac Paredes C Christian Vazquez OF Yordan Alvarez OF Cam Smith OF Wyatt Langford P Jacob deGrom P Peter Lambert SS Ezequiel Duran,,,
321,5225014276,bengalboy1101 (4/17),0,81.55,1B Nolan Schanuel 2B Jose Altuve 3B Isaac Paredes C Christian Vazquez OF Yordan Alvarez OF Cam Smith OF Wyatt Langford P Jacob deGrom P Peter Lambert SS Ezequiel Duran,,,
321,5225014277,bengalboy1101 (5/17),0,81.55,1B Nolan Schanuel 2B Jose Altuve 3B Isaac Paredes C Christian Vazquez OF Yordan Alvarez OF Cam Smith OF Wyatt Langford P Jacob deGrom P Peter Lambert SS Ezequiel Duran,,,
321,5225014278,bengalboy1101 (6/17),0,81.55,1B Nolan Schanuel 2B Jose Altuve 3B Isaac Paredes C Christian Vazquez OF Yordan Alvarez OF Cam Smith OF Wyatt Langford P Jacob deGrom P Peter Lambert SS Ezequiel Duran,,,
321,5225014279,bengalboy1101 (7/17),0,81.55,1B Nolan Schanuel 2B Jose Altuve 3B Isaac Paredes C Christian Vazquez OF Yordan Alvarez OF Cam Smith OF Wyatt Langford P Jacob deGrom P Peter Lambert SS Ezequiel Duran,,,
321,5225014280,bengalboy1101 (8/17),0,81.55,1B Nolan Schanuel 2B Jose Altuve 3B Isaac Paredes C Christian Vazquez OF Yordan Alvarez OF Cam Smith OF Wyatt Langford P Jacob deGrom P Peter Lambert SS Ezequiel Duran,,,
321,5225014281,bengalboy1101 (9/17),0,81.55,1B Nolan Schanuel 2B Jose Altuve 3B Isaac Paredes C Christian Vazquez OF Yordan Alvarez OF Cam Smith OF Wyatt Langford P Jacob deGrom P Peter Lambert SS Ezequiel Duran,,,
321,5225014282,bengalboy1101 (10/17),0,81.55,1B Nolan Schanuel 2B Jose Altuve 3B Isaac Paredes C Christian Vazquez OF Yordan Alvarez OF Cam Smith OF Wyatt Langford P Jacob deGrom P Peter Lambert SS Ezequiel Duran,,,
321,5225014283,bengalboy1101 (11/17),0,81.55,1B Nolan Schanuel 2B Jose Altuve 3B Isaac Paredes C Christian Vazquez OF Yordan Alvarez OF Cam Smith OF Wyatt Langford P Jacob deGrom P Peter Lambert SS Ezequiel Duran,,,
321,5225014284,bengalboy1101 (12/17),0,81.55,1B Nolan Schanuel 2B Jose Altuve 3B Isaac Paredes C Christian Vazquez OF Yordan Alvarez OF Cam Smith OF Wyatt Langford P Jacob deGrom P Peter Lambert SS Ezequiel Duran,,,
321,5225014285,bengalboy1101 (13/17),0,81.55,1B Nolan Schanuel 2B Jose Altuve 3B Isaac Paredes C Christian Vazquez OF Yordan Alvarez OF Cam Smith OF Wyatt Langford P Jacob deGrom P Peter Lambert SS Ezequiel Duran,,,
321,5225014286,bengalboy1101 (14/17),0,81.55,1B Nolan Schanuel 2B Jose Altuve 3B Isaac Paredes C Christian Vazquez OF Yordan Alvarez OF Cam Smith OF Wyatt Langford P Jacob deGrom P Peter Lambert SS Ezequiel Duran,,,
321,5225014287,bengalboy1101 (15/17),0,81.55,1B Nolan Schanuel 2B Jose Altuve 3B Isaac Paredes C Christian Vazquez OF Yordan Alvarez OF Cam Smith OF Wyatt Langford P Jacob deGrom P Peter Lambert SS Ezequiel Duran,,,
321,5225014288,bengalboy1101 (16/17),0,81.55,1B Nolan Schanuel 2B Jose Altuve 3B Isaac Paredes C Christian Vazquez OF Yordan Alvarez OF Cam Smith OF Wyatt Langford P Jacob deGrom P Peter Lambert SS Ezequiel Duran,,,
321,5225014289,bengalboy1101 (17/17),0,81.55,1B Nolan Schanuel 2B Jose Altuve 3B Isaac Paredes C Christian Vazquez OF Yordan Alvarez OF Cam Smith OF Wyatt Langford P Jacob deGrom P Peter Lambert SS Ezequiel Duran,,,
321,5225017831,My_sons (6/17),0,81.55,1B Abimelec Ortiz 2B Jose Tena 3B Ezequiel Duran C Keibert Ruiz OF Daylen Lile OF Dylan Crews OF Wyatt Langford P Jacob deGrom P Peter Lambert SS Corey Seager,,,
321,5225025911,bowerwolff3000 (12/17),0,81.55,1B Jake Burger 2B Cody Freeman 3B Isaac Paredes C Christian Vazquez OF Yordan Alvarez OF Daulton Varsho OF Wyatt Langford P Jacob deGrom P Peter Lambert SS Corey Seager,,,
341,5225012906,Aahmadi1 (2/2),0,81.3,1B Abimelec Ortiz 2B Jose Altuve 3B Isaac Paredes C Christian Vazquez OF Yordan Alvarez OF Daulton Varsho OF Wyatt Langford P Peter Lambert P Andrew Alvarez SS Zach Neto,,,
342,5224990444,jw1984 (7/10),0,80.8,1B Andres Chaparro 2B Justin Foscue 3B Ezequiel Duran C Keibert Ruiz OF Brandon Nimmo OF Jose Tena OF Wyatt Langford P Peter Lambert P Grayson Rodriguez SS Corey Seager,,,
343,5224973904,GiantDiIdo696 (1/3),0,80.55,1B Jake Burger 2B Jose Altuve 3B Ezequiel Duran C Danny Jansen OF LaMonte Wade Jr. OF Cam Smith OF Wyatt Langford P Jacob deGrom P Peter Lambert SS Corey Seager,,,
343,5225000259,hgh13,0,80.55,1B Jake Burger 2B Justin Foscue 3B Isaac Paredes C Christian Vazquez OF Brandon Nimmo OF Yordan Alvarez OF Daulton Varsho P Jacob deGrom P Peter Lambert SS Corey Seager,,,
343,5225016971,dlbell5848 (5/5),0,80.55,1B LaMonte Wade Jr. 2B Cody Freeman 3B Isaac Paredes C Christian Vazquez OF Yordan Alvarez OF Cam Smith OF Wyatt Langford P Jacob deGrom P Peter Lambert SS Corey Seager,,,
343,5225023214,mab805us,0,80.55,1B Nolan Schanuel 2B Nasim Nunez 3B Ezequiel Duran C Danny Jansen OF Brandon Nimmo OF Taylor Trammell OF Yordan Alvarez P Jacob deGrom P Peter Lambert SS Corey Seager,,,
347,5224995132,4LeftsMakeItRight,0,79.55,1B Jake Burger 2B Jose Altuve 3B Ezequiel Duran C Christian Vazquez OF Taylor Trammell OF Yordan Alvarez OF Evan Carter P Jacob deGrom P Peter Lambert SS Corey Seager,,,
347,5225004020,FoxyGrandpa252 (6/17),0,79.55,1B Jake Burger 2B Jose Altuve 3B Ezequiel Duran C Christian Vazquez OF Brandon Nimmo OF Daulton Varsho OF Cam Smith P Jacob deGrom P Peter Lambert SS Corey Seager,,,
347,5225010250,BlibberBlabber,0,79.55,1B Jake Burger 2B Jose Tena 3B Isaac Paredes C Keibert Ruiz OF Josh Lowe OF Cam Smith OF Wyatt Langford P Jacob deGrom P Peter Lambert SS Corey Seager,,,
347,5225016375,mtlcpa (1/3),0,79.55,1B LaMonte Wade Jr. 2B Justin Foscue 3B Ezequiel Duran C Christian Vazquez OF Brandon Nimmo OF Yordan Alvarez OF Wyatt Langford P Jacob deGrom P Peter Lambert SS Nasim Nunez,,,
347,5225017841,My_sons (16/17),0,79.55,1B LaMonte Wade Jr. 2B Justin Foscue 3B Isaac Paredes C Christian Vazquez OF Mike Trout OF Yordan Alvarez OF Wyatt Langford P Jacob deGrom P Peter Lambert SS Nick Allen,,,
347,5225027742,gametime222,0,79.55,1B Jake Burger 2B Jose Altuve 3B Ezequiel Duran C Christian Vazquez OF Brandon Nimmo OF Cam Smith OF Wyatt Langford P Jacob deGrom P Peter Lambert SS Corey Seager,,,
353,5225009123,coinpurse,0,79.3,1B Jake Burger 2B Jose Tena 3B Isaac Paredes C Keibert Ruiz OF Mike Trout OF Brandon Nimmo OF Yordan Alvarez P Peter Lambert P Andrew Alvarez SS Zach Neto,,,
353,5225014223,lesterburnham (1/2),0,79.3,1B Abimelec Ortiz 2B Jose Altuve 3B Isaac Paredes C Keibert Ruiz OF Mike Trout OF Yordan Alvarez OF Jose Tena P Peter Lambert P Andrew Alvarez SS Zach Neto,,,
355,5224985654,Rikraf12,0,78.8,1B Jake Burger 2B Jose Altuve 3B Ezequiel Duran C Keibert Ruiz OF LaMonte Wade Jr. OF Yordan Alvarez OF Wyatt Langford P Peter Lambert P Grayson Rodriguez SS Corey Seager,,,
356,5224981795,theWIRE1111111111 (5/8),0,78.55,1B LaMonte Wade Jr. 2B Cody Freeman 3B Isaac Paredes C Danny Jansen OF Brandon Nimmo OF Yordan Alvarez OF Wyatt Langford P Jacob deGrom P Peter Lambert SS Ezequiel Duran,,,
356,5225004016,FoxyGrandpa252 (2/17),0,78.55,1B Jake Burger 2B Nick Allen 3B Isaac Paredes C Christian Vazquez OF Taylor Trammell OF Yordan Alvarez OF Wyatt Langford P Jacob deGrom P Peter Lambert SS Corey Seager,,,
356,5225008715,Thechamp1995,0,78.55,1B Jake Burger 2B Jose Tena 3B Isaac Paredes C Danny Jansen OF Yordan Alvarez OF Cam Smith OF Wyatt Langford P Jacob deGrom P Peter Lambert SS Corey Seager,,,
356,5225013378,hungphamrules,0,78.55,1B Jake Burger 2B Nick Allen 3B Isaac Paredes C Christian Vazquez OF Taylor Trammell OF Yordan Alvarez OF Wyatt Langford P Jacob deGrom P Peter Lambert SS Corey Seager,,,
356,5225013769,shockwave28,0,78.55,1B Nolan Schanuel 2B Nasim Nunez 3B Ezequiel Duran C Keibert Ruiz OF Brandon Nimmo OF Evan Carter OF Wyatt Langford P Jacob deGrom P Peter Lambert SS Corey Seager,,,
356,5225018300,porterj1223 (2/3),0,78.55,1B Jake Burger 2B Cody Freeman 3B Isaac Paredes C Danny Jansen OF Yordan Alvarez OF Daulton Varsho OF Wyatt Langford P Jacob deGrom P Peter Lambert SS Corey Seager,,,
356,5225025903,bowerwolff3000 (4/17),0,78.55,1B Jake Burger 2B Cody Freeman 3B Isaac Paredes C Danny Jansen OF Yordan Alvarez OF Daulton Varsho OF Wyatt Langford P Jacob deGrom P Peter Lambert SS Corey Seager,,,
363,5225003711,Oasis511,0,78.3,1B Abimelec Ortiz 2B Jose Altuve 3B Isaac Paredes C Keibert Ruiz OF Yordan Alvarez OF Daulton Varsho OF Wyatt Langford P Peter Lambert P Andrew Alvarez SS Zach Neto,,,
363,5225025999,loigwine (2/5),0,78.3,1B Jake Burger 2B Jose Altuve 3B Isaac Paredes C Danny Jansen OF Yordan Alvarez OF Daulton Varsho OF Wyatt Langford P Peter Lambert P Andrew Alvarez SS Zach Neto,,,
363,5225026141,bdierkes,0,78.3,1B Abimelec Ortiz 2B Jose Altuve 3B Isaac Paredes C Keibert Ruiz OF Yordan Alvarez OF Jose Tena OF Wyatt Langford P Peter Lambert P Andrew Alvarez SS Zach Neto,,,
366,5225013791,robfather241,0,77.8,1B Jake Burger 2B Jose Altuve 3B Ezequiel Duran C Christian Vazquez OF Yordan Alvarez OF Dylan Crews OF Wyatt Langford P Peter Lambert P Grayson Rodriguez SS Corey Seager,,,
367,5225003002,SMITTOFF11 (1/2),0,77.6,1B Jake Burger 2B Nick Allen 3B Vaughn Grissom C Christian Vazquez OF Brandon Nimmo OF Jose Tena OF Andrew Pinckney P Grayson Rodriguez P Andrew Alvarez SS Nasim Nunez,,,
367,5225003670,SMITTOFF11 (2/2),0,77.6,1B Jake Burger 2B Nick Allen 3B Vaughn Grissom C Christian Vazquez OF Brandon Nimmo OF Jose Tena OF Andrew Pinckney P Grayson Rodriguez P Andrew Alvarez SS Nasim Nunez,,,
369,5224993032,kbrisacher (7/17),0,77.55,1B LaMonte Wade Jr. 2B Jose Altuve 3B Cody Freeman C Christian Vazquez OF Yordan Alvarez OF Daulton Varsho OF Wyatt Langford P Jacob deGrom P Peter Lambert SS Corey Seager,,,
369,5225004019,FoxyGrandpa252 (5/17),0,77.55,1B Jake Burger 2B Justin Foscue 3B Isaac Paredes C Danny Jansen OF Brandon Nimmo OF LaMonte Wade Jr. OF Yordan Alvarez P Jacob deGrom P Peter Lambert SS Ezequiel Duran,,,
369,5225004025,FoxyGrandpa252 (11/17),0,77.55,1B Andres Chaparro 2B Justin Foscue 3B Cody Freeman C Christian Vazquez OF Yordan Alvarez OF Evan Carter OF Wyatt Langford P Jacob deGrom P Peter Lambert SS Ezequiel Duran,,,
369,5225015407,chickenfoot3218,0,77.55,1B Jake Burger 2B Jose Altuve 3B Isaac Paredes C Moises Ballesteros OF Mike Trout OF Brandon Nimmo OF Daylen Lile P Jacob deGrom P Peter Lambert SS Corey Seager,,,
369,5225015791,jersey44,0,77.55,1B Jake Burger 2B Cody Freeman 3B Isaac Paredes C Christian Vazquez OF Brandon Nimmo OF Yordan Alvarez OF Wyatt Langford P Jacob deGrom P Peter Lambert SS Ezequiel Duran,,,
369,5225017835,My_sons (10/17),0,77.55,1B LaMonte Wade Jr. 2B Justin Foscue 3B Cody Freeman C Danny Jansen OF Yordan Alvarez OF Cam Smith OF Wyatt Langford P Jacob deGrom P Peter Lambert SS Corey Seager,,,
369,5225027916,hawg,0,77.55,1B Jake Burger 2B Jose Tena 3B Cody Freeman C Keibert Ruiz OF Yordan Alvarez OF Daulton Varsho OF Wyatt Langford P Jacob deGrom P Peter Lambert SS Corey Seager,,,
369,5225028398,pattiwhacker,0,77.55,1B Andres Chaparro 2B Jose Altuve 3B Isaac Paredes C Christian Vazquez OF Yordan Alvarez OF Cam Smith OF Wyatt Langford P Jacob deGrom P Peter Lambert SS Ezequiel Duran,,,
377,5225020851,LAKOBE08 (5/5),0,76.8,1B Nolan Schanuel 2B Justin Foscue 3B Isaac Paredes C Christian Vazquez OF Mike Trout OF Yordan Alvarez OF Dylan Crews P Peter Lambert P Grayson Rodriguez SS Corey Seager,,,
378,5224973246,pgreen2015,0,76.55,1B LaMonte Wade Jr. 2B Jose Altuve 3B Isaac Paredes C Danny Jansen OF Brandon Nimmo OF Yordan Alvarez OF Daulton Varsho P Jacob deGrom P Peter Lambert SS Ezequiel Duran,,,
378,5224976608,Soccer4218 (1/2),0,76.55,1B LaMonte Wade Jr. 2B Jose Altuve 3B Isaac Paredes C Keibert Ruiz OF Brandon Nimmo OF Josh Lowe OF Yordan Alvarez P Jacob deGrom P Peter Lambert SS Corey Seager,,,
378,5224984624,HanSoloJr,0,76.55,1B Jake Burger 2B Jose Altuve 3B Isaac Paredes C Keibert Ruiz OF Brandon Nimmo OF Wade Meckler OF Wyatt Langford P Jacob deGrom P Peter Lambert SS Corey Seager,,,
378,5224985912,jennieo0395,0,76.55,1B Jake Burger 2B Nasim Nunez 3B Ezequiel Duran C Danny Jansen OF Taylor Trammell OF Yordan Alvarez OF Evan Carter P Jacob deGrom P Peter Lambert SS Corey Seager,,,
378,5224993548,JohnTex7 (1/2),0,76.55,1B Jake Burger 2B Cody Freeman 3B Ezequiel Duran C Christian Vazquez OF Mike Trout OF Brandon Nimmo OF Yordan Alvarez P Jacob deGrom P Peter Lambert SS Nick Allen,,,
378,5225006359,3Debo0401,0,76.55,1B Jake Burger 2B Jose Altuve 3B Ezequiel Duran C Keibert Ruiz OF Brandon Nimmo OF Daulton Varsho OF Cam Smith P Jacob deGrom P Peter Lambert SS Corey Seager,,,
378,5225011372,SkipperRush (4/4),0,76.55,1B LaMonte Wade Jr. 2B Jose Altuve 3B Isaac Paredes C Danny Jansen OF Brandon Nimmo OF Yordan Alvarez OF Daulton Varsho P Jacob deGrom P Peter Lambert SS Ezequiel Duran,,,
378,5225011738,eking4213 (1/2),0,76.55,1B LaMonte Wade Jr. 2B Jose Altuve 3B Isaac Paredes C Danny Jansen OF Brandon Nimmo OF Yordan Alvarez OF Daulton Varsho P Jacob deGrom P Peter Lambert SS Ezequiel Duran,,,
378,5225026194,buckwheat33 (12/17),0,76.55,1B Jake Burger 2B Jose Altuve 3B Isaac Paredes C Danny Jansen OF LaMonte Wade Jr. OF Yordan Alvarez OF Daulton Varsho P Jacob deGrom P Peter Lambert SS Ezequiel Duran,,,
387,5225004808,ac919 (3/10),0,76.3,1B LaMonte Wade Jr. 2B Nasim Nunez 3B Isaac Paredes C Keibert Ruiz OF Mike Trout OF Yordan Alvarez OF Daylen Lile P Peter Lambert P Andrew Alvarez SS Zach Neto,,,
388,5224977200,Darkmen715 (15/17),0,75.8,1B Jake Burger 2B Justin Foscue 3B Ezequiel Duran C Keibert Ruiz OF Yordan Alvarez OF Daylen Lile OF Dylan Crews P Peter Lambert P Grayson Rodriguez SS Corey Seager,,,
388,5224977201,Darkmen715 (16/17),0,75.8,1B Jake Burger 2B Justin Foscue 3B Ezequiel Duran C Keibert Ruiz OF Yordan Alvarez OF Daylen Lile OF Dylan Crews P Peter Lambert P Grayson Rodriguez SS Corey Seager,,,
388,5224986539,IBGOOD,0,75.8,1B Abimelec Ortiz 2B Justin Foscue 3B Brady House C Danny Jansen OF Mike Trout OF Yordan Alvarez OF Wyatt Langford P Peter Lambert P Grayson Rodriguez SS Corey Seager,,,
391,5224969565,meholol (17/17),0,75.55,1B Jake Burger 2B Jose Altuve 3B Isaac Paredes C Christian Vazquez OF Brandon Nimmo OF Yordan Alvarez OF Daulton Varsho P Jacob deGrom P Peter Lambert SS Ezequiel Duran,,,
391,5224973984,GiantDiIdo696 (2/3),0,75.55,1B LaMonte Wade Jr. 2B Justin Foscue 3B Isaac Paredes C Danny Jansen OF Brandon Nimmo OF Daulton Varsho OF Evan Carter P Jacob deGrom P Peter Lambert SS Ezequiel Duran,,,
391,5224977202,Darkmen715 (17/17),0,75.55,1B Jake Burger 2B Nick Allen 3B Isaac Paredes C Danny Jansen OF Taylor Trammell OF Yordan Alvarez OF Wyatt Langford P Jacob deGrom P Peter Lambert SS Corey Seager,,,
391,5224989754,blueskies_81,0,75.55,1B Jake Burger 2B Vaughn Grissom 3B Isaac Paredes C Danny Jansen OF Brandon Nimmo OF Yordan Alvarez OF Wyatt Langford P Jacob deGrom P Peter Lambert SS Nick Allen,,,
391,5224997142,LAKOBE08 (1/5),0,75.55,1B Jake Burger 2B Jose Altuve 3B Isaac Paredes C Christian Vazquez OF Brandon Nimmo OF Josh Lowe OF Yordan Alvarez P Jacob deGrom P Peter Lambert SS Corey Seager,,,
391,5225003719,knox314 (4/4),0,75.55,1B Jake Burger 2B Jose Altuve 3B Isaac Paredes C Christian Vazquez OF Brandon Nimmo OF Yordan Alvarez OF Daulton Varsho P Jacob deGrom P Peter Lambert SS Ezequiel Duran,,,
391,5225016756,eaglesgiants,0,75.55,1B Jake Burger 2B Jose Altuve 3B Isaac Paredes C Christian Vazquez OF Brandon Nimmo OF Yordan Alvarez OF Daulton Varsho P Jacob deGrom P Peter Lambert SS Ezequiel Duran,,,
391,5225026183,buckwheat33 (1/17),0,75.55,1B Jake Burger 2B Jose Altuve 3B Isaac Paredes C Christian Vazquez OF Brandon Nimmo OF Yordan Alvarez OF Daulton Varsho P Jacob deGrom P Peter Lambert SS Ezequiel Duran,,,
399,5224981793,theWIRE1111111111 (3/8),0,74.55,1B Jake Burger 2B Jose Altuve 3B Isaac Paredes C Danny Jansen OF Yordan Alvarez OF Daulton Varsho OF Cam Smith P Jacob deGrom P Peter Lambert SS Ezequiel Duran,,,
399,5224996007,fiegej,0,74.55,1B Jake Burger 2B Jose Altuve 3B Vaughn Grissom C Keibert Ruiz OF Mike Trout OF Brandon Nimmo OF Cam Smith P Jacob deGrom P Peter Lambert SS Corey Seager,,,
399,5224996791,southtexaspanic (1/2),0,74.55,1B Abimelec Ortiz 2B Jose Altuve 3B Ezequiel Duran C Christian Vazquez OF Mike Trout OF Brandon Nimmo OF Yordan Alvarez P Jacob deGrom P Peter Lambert SS Nick Allen,,,
399,5225004008,consumedadam,0,74.55,1B Nolan Schanuel 2B Jose Altuve 3B Isaac Paredes C Keibert Ruiz OF Brandon Nimmo OF Josh Lowe OF Wyatt Langford P Jacob deGrom P Peter Lambert SS Corey Seager,,,
399,5225004015,FoxyGrandpa252 (1/17),0,74.55,1B LaMonte Wade Jr. 2B Jose Altuve 3B Cody Freeman C Danny Jansen OF Yordan Alvarez OF Daulton Varsho OF Wyatt Langford P Jacob deGrom P Peter Lambert SS Corey Seager,,,
399,5225006840,rwdw0822 (1/2),0,74.55,1B Jake Burger 2B Cody Freeman 3B Isaac Paredes C Christian Vazquez OF Brandon Nimmo OF Yordan Alvarez OF Wyatt Langford P Jacob deGrom P Peter Lambert SS Corey Seager,,,
399,5225015017,peterjpacheco (1/6),0,74.55,1B Abimelec Ortiz 2B Jose Altuve 3B Isaac Paredes C Christian Vazquez OF Yordan Alvarez OF Cam Smith OF Wyatt Langford P Jacob deGrom P Peter Lambert SS Corey Seager,,,
399,5225017836,My_sons (11/17),0,74.55,1B Jake Burger 2B Cody Freeman 3B Isaac Paredes C Christian Vazquez OF Brandon Nimmo OF Yordan Alvarez OF Wyatt Langford P Jacob deGrom P Peter Lambert SS Corey Seager,,,
399,5225020698,troubledsoe,0,74.55,1B Jake Burger 2B Cody Freeman 3B Isaac Paredes C Christian Vazquez OF Yordan Alvarez OF Evan Carter OF Wyatt Langford P Jacob deGrom P Peter Lambert SS Corey Seager,,,
399,5225025905,bowerwolff3000 (6/17),0,74.55,1B Jake Burger 2B Cody Freeman 3B Isaac Paredes C Christian Vazquez OF Brandon Nimmo OF Yordan Alvarez OF Wyatt Langford P Jacob deGrom P Peter Lambert SS Corey Seager,,,
409,5225004806,ac919 (1/10),0,74.3,1B LaMonte Wade Jr. 2B Nasim Nunez 3B Brady House C Keibert Ruiz OF Taylor Trammell OF Yordan Alvarez OF Wyatt Langford P Peter Lambert P Andrew Alvarez SS Zach Neto,,,
409,5225026091,FrameScore7,0,74.3,1B Jake Burger 2B Jose Altuve 3B Isaac Paredes C Christian Vazquez OF Yordan Alvarez OF Jose Tena OF Daylen Lile P Peter Lambert P Andrew Alvarez SS Zach Neto,,,
411,5224985721,wiz4thakid (2/2),0,73.8,1B Jake Burger 2B Justin Foscue 3B Ezequiel Duran C Danny Jansen OF Jose Tena OF Daylen Lile OF Dylan Crews P Peter Lambert P Grayson Rodriguez SS Corey Seager,,,
411,5225004024,FoxyGrandpa252 (10/17),0,73.8,1B Jake Burger 2B Justin Foscue 3B Ezequiel Duran C Keibert Ruiz OF Daylen Lile OF Dylan Crews OF Wyatt Langford P Peter Lambert P Grayson Rodriguez SS Corey Seager,,,
413,5224977189,Darkmen715 (4/17),0,73.55,1B LaMonte Wade Jr. 2B Jose Altuve 3B Isaac Paredes C Danny Jansen OF Brandon Nimmo OF Yordan Alvarez OF Daulton Varsho P Jacob deGrom P Peter Lambert SS Corey Seager,,,
413,5224977190,Darkmen715 (5/17),0,73.55,1B LaMonte Wade Jr. 2B Jose Altuve 3B Isaac Paredes C Danny Jansen OF Brandon Nimmo OF Yordan Alvarez OF Daulton Varsho P Jacob deGrom P Peter Lambert SS Corey Seager,,,
413,5224981796,theWIRE1111111111 (6/8),0,73.55,1B LaMonte Wade Jr. 2B Cody Freeman 3B Isaac Paredes C Christian Vazquez OF Brandon Nimmo OF Yordan Alvarez OF Cam Smith P Jacob deGrom P Peter Lambert SS Corey Seager,,,
413,5224984118,azsteel21,0,73.55,1B Jake Burger 2B Justin Foscue 3B Isaac Paredes C Christian Vazquez OF Brandon Nimmo OF Yordan Alvarez OF Evan Carter P Jacob deGrom P Peter Lambert SS Corey Seager,,,
413,5224991166,unknpopper198234,0,73.55,1B LaMonte Wade Jr. 2B Jose Altuve 3B Isaac Paredes C Danny Jansen OF Yordan Alvarez OF Wyatt Langford OF Andrew Pinckney P Jacob deGrom P Peter Lambert SS Corey Seager,,,
413,5225009807,2112timmy,0,73.55,1B LaMonte Wade Jr. 2B Jose Altuve 3B Isaac Paredes C Danny Jansen OF Brandon Nimmo OF Yordan Alvarez OF Daulton Varsho P Jacob deGrom P Peter Lambert SS Corey Seager,,,
413,5225009942,Aahmadi1 (1/2),0,73.55,1B Jake Burger 2B Jose Altuve 3B Isaac Paredes C Keibert Ruiz OF LaMonte Wade Jr. OF Yordan Alvarez OF Jose Tena P Jacob deGrom P Peter Lambert SS Corey Seager,,,
413,5225014250,polk45,0,73.55,1B LaMonte Wade Jr. 2B Jose Altuve 3B Isaac Paredes C Danny Jansen OF Brandon Nimmo OF Yordan Alvarez OF Daulton Varsho P Jacob deGrom P Peter Lambert SS Corey Seager,,,
413,5225015349,137666 (1/3),0,73.55,1B LaMonte Wade Jr. 2B Jose Altuve 3B Isaac Paredes C Danny Jansen OF Brandon Nimmo OF Yordan Alvarez OF Daulton Varsho P Jacob deGrom P Peter Lambert SS Corey Seager,,,
413,5225015351,137666 (3/3),0,73.55,1B Jake Burger 2B Jose Altuve 3B Isaac Paredes C Danny Jansen OF LaMonte Wade Jr. OF Yordan Alvarez OF Daulton Varsho P Jacob deGrom P Peter Lambert SS Corey Seager,,,
413,5225016439,bowerwolff3000 (1/17),0,73.55,1B Jake Burger 2B Jose Altuve 3B Isaac Paredes C Danny Jansen OF LaMonte Wade Jr. OF Yordan Alvarez OF Daulton Varsho P Jacob deGrom P Peter Lambert SS Corey Seager,,,
413,5225017839,My_sons (14/17),0,73.55,1B Jake Burger 2B Jose Altuve 3B Cody Freeman C Danny Jansen OF Yordan Alvarez OF Daulton Varsho OF Wyatt Langford P Jacob deGrom P Peter Lambert SS Ezequiel Duran,,,
413,5225024602,UFCMatt,0,73.55,1B Jake Burger 2B Jose Altuve 3B Cody Freeman C Christian Vazquez OF Yordan Alvarez OF Daulton Varsho OF Wyatt Langford P Jacob deGrom P Peter Lambert SS Corey Seager,,,
413,5225025901,bowerwolff3000 (2/17),0,73.55,1B LaMonte Wade Jr. 2B Jose Altuve 3B Isaac Paredes C Danny Jansen OF Brandon Nimmo OF Yordan Alvarez OF Daulton Varsho P Jacob deGrom P Peter Lambert SS Corey Seager,,,
413,5225025916,bowerwolff3000 (17/17),0,73.55,1B Jake Burger 2B Jose Altuve 3B Cody Freeman C Christian Vazquez OF Yordan Alvarez OF Daulton Varsho OF Wyatt Langford P Jacob deGrom P Peter Lambert SS Corey Seager,,,
413,5225026189,buckwheat33 (7/17),0,73.55,1B LaMonte Wade Jr. 2B Jose Altuve 3B Isaac Paredes C Danny Jansen OF Yordan Alvarez OF Daulton Varsho OF Daylen Lile P Jacob deGrom P Peter Lambert SS Corey Seager,,,
429,5224993972,cyndi199,0,73.3,1B LaMonte Wade Jr. 2B Jose Tena 3B Ezequiel Duran C Keibert Ruiz OF Yordan Alvarez OF Dylan Crews OF Wyatt Langford P Peter Lambert P Andrew Alvarez SS Corey Seager,,,
430,5225006373,tybubs24,0,72.8,1B Andres Chaparro 2B Jose Tena 3B Ezequiel Duran C Keibert Ruiz OF Brandon Nimmo OF Daylen Lile OF Wyatt Langford P Peter Lambert P Grayson Rodriguez SS Corey Seager,,,
431,5224969553,meholol (5/17),0,72.55,1B Andres Chaparro 2B Jose Altuve 3B Isaac Paredes C Christian Vazquez OF Daulton Varsho OF Cam Smith OF Wyatt Langford P Jacob deGrom P Peter Lambert SS Corey Seager,,,
431,5224969836,JERKER19,0,72.55,1B Jake Burger 2B Jose Altuve 3B Isaac Paredes C Christian Vazquez OF Brandon Nimmo OF LaMonte Wade Jr. OF Yordan Alvarez P Jacob deGrom P Peter Lambert SS Ezequiel Duran,,,
431,5224972962,Sanford71,0,72.55,1B Jake Burger 2B Jose Altuve 3B Isaac Paredes C Christian Vazquez OF Yordan Alvarez OF Wyatt Langford OF Andrew Pinckney P Jacob deGrom P Peter Lambert SS Corey Seager,,,
431,5224977193,Darkmen715 (8/17),0,72.55,1B Jake Burger 2B Jose Altuve 3B Isaac Paredes C Danny Jansen OF Yordan Alvarez OF Jose Tena OF Dylan Crews P Jacob deGrom P Peter Lambert SS Ezequiel Duran,,,
431,5224981794,theWIRE1111111111 (4/8),0,72.55,1B Jake Burger 2B Jose Altuve 3B Isaac Paredes C Danny Jansen OF Taylor Trammell OF Yordan Alvarez OF Daulton Varsho P Jacob deGrom P Peter Lambert SS Ezequiel Duran,,,
431,5224993029,kbrisacher (4/17),0,72.55,1B Jake Burger 2B Jose Altuve 3B Isaac Paredes C Danny Jansen OF Taylor Trammell OF Yordan Alvarez OF Daulton Varsho P Jacob deGrom P Peter Lambert SS Ezequiel Duran,,,
431,5224995100,mfrancis92,0,72.55,1B Nolan Schanuel 2B Jose Altuve 3B Brady House C Christian Vazquez OF Mike Trout OF Brandon Nimmo OF Cam Smith P Jacob deGrom P Peter Lambert SS Ezequiel Duran,,,
431,5225003718,knox314 (3/4),0,72.55,1B Jake Burger 2B Jose Altuve 3B Isaac Paredes C Danny Jansen OF Yordan Alvarez OF Daulton Varsho OF Evan Carter P Jacob deGrom P Peter Lambert SS Ezequiel Duran,,,
431,5225026193,buckwheat33 (11/17),0,72.55,1B LaMonte Wade Jr. 2B Jose Altuve 3B Isaac Paredes C Keibert Ruiz OF Mike Trout OF Brandon Nimmo OF Daulton Varsho P Jacob deGrom P Peter Lambert SS Corey Seager,,,
440,5224977187,Darkmen715 (2/17),0,71.55,1B Jake Burger 2B Jose Altuve 3B Isaac Paredes C Danny Jansen OF Yordan Alvarez OF Daulton Varsho OF Cam Smith P Jacob deGrom P Peter Lambert SS Corey Seager,,,
440,5224993119,selmore26,0,71.55,1B Andres Chaparro 2B Jose Tena 3B Isaac Paredes C Keibert Ruiz OF Brandon Nimmo OF Yordan Alvarez OF Cam Smith P Jacob deGrom P Peter Lambert SS Corey Seager,,,
440,5225010475,pakocards,0,71.55,1B Andres Chaparro 2B Justin Foscue 3B Isaac Paredes C Keibert Ruiz OF Mike Trout OF Cam Smith OF Andrew Pinckney P Jacob deGrom P Peter Lambert SS Corey Seager,,,
440,5225015050,dubyoshi,0,71.55,1B Jake Burger 2B Justin Foscue 3B Isaac Paredes C Keibert Ruiz OF Mike Trout OF Brandon Nimmo OF Cam Smith P Jacob deGrom P Peter Lambert SS Corey Seager,,,
440,5225017833,My_sons (8/17),0,71.55,1B Andres Chaparro 2B Jose Tena 3B Brady House C Christian Vazquez OF Yordan Alvarez OF Daylen Lile OF Dylan Crews P Jacob deGrom P Peter Lambert SS Corey Seager,,,
440,5225025913,bowerwolff3000 (14/17),0,71.55,1B Jake Burger 2B Jose Altuve 3B Isaac Paredes C Danny Jansen OF Yordan Alvarez OF Daulton Varsho OF Cam Smith P Jacob deGrom P Peter Lambert SS Corey Seager,,,
440,5225028808,KnogKnebronson,0,71.55,1B Andres Chaparro 2B Jose Tena 3B Ezequiel Duran C Keibert Ruiz OF Yordan Alvarez OF Daylen Lile OF Wyatt Langford P Jacob deGrom P Peter Lambert SS Nasim Nunez,,,
447,5224980770,yaopete,0,71.3,1B Abimelec Ortiz 2B Jose Altuve 3B Isaac Paredes C Keibert Ruiz OF Yordan Alvarez OF Daulton Varsho OF Daylen Lile P Peter Lambert P Andrew Alvarez SS Zach Neto,,,
447,5224983610,LoganGrewe50,0,71.3,1B Andres Chaparro 2B Jose Tena 3B Isaac Paredes C Keibert Ruiz OF Yordan Alvarez OF Daylen Lile OF Andrew Pinckney P Peter Lambert P Andrew Alvarez SS Zach Neto,,,
447,5224993687,fek55,0,71.3,1B Jake Burger 2B Jose Altuve 3B Isaac Paredes C Keibert Ruiz OF Yordan Alvarez OF Daulton Varsho OF Daylen Lile P Peter Lambert P Andrew Alvarez SS Zach Neto,,,
447,5225018299,porterj1223 (1/3),0,71.3,1B Abimelec Ortiz 2B Nasim Nunez 3B Brady House C Keibert Ruiz OF Mike Trout OF Yordan Alvarez OF Daylen Lile P Peter Lambert P Andrew Alvarez SS Zach Neto,,,
447,5225021156,nhuckaby30 (4/4),0,71.3,1B Jake Burger 2B Jose Tena 3B Brady House C Moises Ballesteros OF Mike Trout OF Yordan Alvarez OF Dylan Crews P Peter Lambert P Andrew Alvarez SS Corey Seager,,,
452,5225001582,Zagora,0,70.55,1B Abimelec Ortiz 2B Jose Altuve 3B Brady House C Christian Vazquez OF Mike Trout OF Evan Carter OF Wyatt Langford P Jacob deGrom P Peter Lambert SS Corey Seager,,,
452,5225005048,Torres1028,0,70.55,1B Jake Burger 2B Jose Altuve 3B Isaac Paredes C Keibert Ruiz OF Josh Lowe OF Dylan Crews OF Wyatt Langford P Jacob deGrom P Peter Lambert SS Corey Seager,,,
452,5225006362,barrettreed,0,70.55,1B Jake Burger 2B Jose Altuve 3B Isaac Paredes C Christian Vazquez OF Mike Trout OF Yordan Alvarez OF Wade Meckler P Jacob deGrom P Peter Lambert SS Nasim Nunez,,,
452,5225012717,UGENLEWIN,0,70.55,1B Jake Burger 2B Jose Altuve 3B Isaac Paredes C Keibert Ruiz OF Daulton Varsho OF Daylen Lile OF Wyatt Langford P Jacob deGrom P Peter Lambert SS Ezequiel Duran,,,
452,5225016050,Romeoandjuliet,0,70.55,1B Jake Burger 2B Jose Altuve 3B Isaac Paredes C Christian Vazquez OF Brandon Nimmo OF Yordan Alvarez OF Cam Smith P Jacob deGrom P Peter Lambert SS Ezequiel Duran,,,
457,5224996031,lenn221 (1/2),0,70.3,1B Abimelec Ortiz 2B Jose Tena 3B Brady House C Danny Jansen OF Yordan Alvarez OF Daylen Lile OF Dylan Crews P Peter Lambert P Andrew Alvarez SS Zach Neto,,,
457,5225001941,Slingblade17,0,70.3,1B Andres Chaparro 2B Jose Altuve 3B Brady House C Keibert Ruiz OF Yordan Alvarez OF Daylen Lile OF Wyatt Langford P Peter Lambert P Andrew Alvarez SS Zach Neto,,,
459,5224981791,theWIRE1111111111 (1/8),0,69.55,1B Jake Burger 2B Jose Altuve 3B Isaac Paredes C Danny Jansen OF LaMonte Wade Jr. OF Taylor Trammell OF Yordan Alvarez P Jacob deGrom P Peter Lambert SS Ezequiel Duran,,,
459,5225006157,cbmax27,0,69.55,1B LaMonte Wade Jr. 2B Jose Altuve 3B Isaac Paredes C Christian Vazquez OF Brandon Nimmo OF Yordan Alvarez OF Daylen Lile P Jacob deGrom P Peter Lambert SS Corey Seager,,,
459,5225010687,rwdw0822 (2/2),0,69.55,1B Jake Burger 2B Jose Altuve 3B Isaac Paredes C Christian Vazquez OF Brandon Nimmo OF LaMonte Wade Jr. OF Yordan Alvarez P Jacob deGrom P Peter Lambert SS Corey Seager,,,
459,5225024610,topspacey,0,69.55,1B Jake Burger 2B Jose Altuve 3B Isaac Paredes C Christian Vazquez OF Brandon Nimmo OF LaMonte Wade Jr. OF Yordan Alvarez P Jacob deGrom P Peter Lambert SS Corey Seager,,,
459,5225025902,bowerwolff3000 (3/17),0,69.55,1B Jake Burger 2B Jose Altuve 3B Isaac Paredes C Christian Vazquez OF Brandon Nimmo OF LaMonte Wade Jr. OF Yordan Alvarez P Jacob deGrom P Peter Lambert SS Corey Seager,,,
464,5224969562,meholol (14/17),0,68.55,1B LaMonte Wade Jr. 2B Justin Foscue 3B Isaac Paredes C Danny Jansen OF Daulton Varsho OF Cam Smith OF Wyatt Langford P Jacob deGrom P Peter Lambert SS Nick Allen,,,
464,5224977191,Darkmen715 (6/17),0,68.55,1B Nolan Schanuel 2B Jose Altuve 3B Isaac Paredes C Danny Jansen OF Brandon Nimmo OF Yordan Alvarez OF Cam Smith P Jacob deGrom P Peter Lambert SS Corey Seager,,,
464,5224990439,jw1984 (2/10),0,68.55,1B LaMonte Wade Jr. 2B Jose Altuve 3B Isaac Paredes C Danny Jansen OF Brandon Nimmo OF Yordan Alvarez OF Cam Smith P Jacob deGrom P Peter Lambert SS Corey Seager,,,
464,5225004810,ac919 (5/10),0,68.55,1B Jake Burger 2B Jose Altuve 3B Isaac Paredes C Danny Jansen OF Mike Trout OF Daulton Varsho OF Daylen Lile P Jacob deGrom P Peter Lambert SS Corey Seager,,,
464,5225018330,jswick4658,0,68.55,1B Jake Burger 2B Jose Altuve 3B Isaac Paredes C Danny Jansen OF LaMonte Wade Jr. OF Yordan Alvarez OF Cam Smith P Jacob deGrom P Peter Lambert SS Corey Seager,,,
464,5225025889,bbvmaster,0,68.55,1B Jake Burger 2B Jose Altuve 3B Isaac Paredes C Danny Jansen OF Mike Trout OF Brandon Nimmo OF Daulton Varsho P Jacob deGrom P Peter Lambert SS Corey Seager,,,
464,5225026192,buckwheat33 (10/17),0,68.55,1B Abimelec Ortiz 2B Jose Altuve 3B Isaac Paredes C Danny Jansen OF LaMonte Wade Jr. OF Yordan Alvarez OF Cam Smith P Jacob deGrom P Peter Lambert SS Corey Seager,,,
464,5225026199,buckwheat33 (17/17),0,68.55,1B Jake Burger 2B Jose Altuve 3B Isaac Paredes C Danny Jansen OF Mike Trout OF Brandon Nimmo OF Daulton Varsho P Jacob deGrom P Peter Lambert SS Corey Seager,,,
472,5224988216,Tbonesgolf57,0,68.3,1B Jake Burger 2B Jose Altuve 3B Isaac Paredes C Keibert Ruiz OF LaMonte Wade Jr. OF Yordan Alvarez OF Dylan Crews P Peter Lambert P Andrew Alvarez SS Zach Neto,,,
473,5224978508,TheKingKaz (2/4),0,67.55,1B Jake Burger 2B Jose Altuve 3B Isaac Paredes C Christian Vazquez OF Brandon Nimmo OF Yordan Alvarez OF Cam Smith P Jacob deGrom P Peter Lambert SS Corey Seager,,,
473,5224988889,Minickhk,0,67.55,1B Jake Burger 2B Jose Altuve 3B Isaac Paredes C Christian Vazquez OF Brandon Nimmo OF Yordan Alvarez OF Cam Smith P Jacob deGrom P Peter Lambert SS Corey Seager,,,
473,5224995166,bigamejamez,0,67.55,1B Jake Burger 2B Jose Altuve 3B Isaac Paredes C Christian Vazquez OF Brandon Nimmo OF Yordan Alvarez OF Cam Smith P Jacob deGrom P Peter Lambert SS Corey Seager,,,
473,5225004029,FoxyGrandpa252 (15/17),0,67.55,1B Abimelec Ortiz 2B Cody Freeman 3B Isaac Paredes C Danny Jansen OF Taylor Trammell OF Cam Smith OF Wyatt Langford P Jacob deGrom P Peter Lambert SS Ezequiel Duran,,,
473,5225006838,gunnar09,0,67.55,1B Jake Burger 2B Jose Altuve 3B Isaac Paredes C Christian Vazquez OF Brandon Nimmo OF Yordan Alvarez OF Cam Smith P Jacob deGrom P Peter Lambert SS Corey Seager,,,
473,5225012252,jrayba23 (1/8),0,67.55,1B Jake Burger 2B Jose Altuve 3B Isaac Paredes C Christian Vazquez OF Brandon Nimmo OF Yordan Alvarez OF Cam Smith P Jacob deGrom P Peter Lambert SS Corey Seager,,,
473,5225016364,Leroy7997,0,67.55,1B Jake Burger 2B Justin Foscue 3B Isaac Paredes C Christian Vazquez OF Brandon Nimmo OF Yordan Alvarez OF Wyatt Langford P Jacob deGrom P Peter Lambert SS Nick Allen,,,
473,5225020906,jrayba23 (2/8),0,67.55,1B Jake Burger 2B Jose Altuve 3B Isaac Paredes C Christian Vazquez OF Brandon Nimmo OF Yordan Alvarez OF Cam Smith P Jacob deGrom P Peter Lambert SS Corey Seager,,,
473,5225020925,jrayba23 (3/8),0,67.55,1B Jake Burger 2B Jose Altuve 3B Isaac Paredes C Christian Vazquez OF Brandon Nimmo OF Yordan Alvarez OF Cam Smith P Jacob deGrom P Peter Lambert SS Corey Seager,,,
473,5225020926,jrayba23 (4/8),0,67.55,1B Jake Burger 2B Jose Altuve 3B Isaac Paredes C Christian Vazquez OF Brandon Nimmo OF Yordan Alvarez OF Cam Smith P Jacob deGrom P Peter Lambert SS Corey Seager,,,
473,5225020928,jrayba23 (5/8),0,67.55,1B Jake Burger 2B Jose Altuve 3B Isaac Paredes C Christian Vazquez OF Brandon Nimmo OF Yordan Alvarez OF Cam Smith P Jacob deGrom P Peter Lambert SS Corey Seager,,,
473,5225020932,jrayba23 (6/8),0,67.55,1B Jake Burger 2B Jose Altuve 3B Isaac Paredes C Christian Vazquez OF Brandon Nimmo OF Yordan Alvarez OF Cam Smith P Jacob deGrom P Peter Lambert SS Corey Seager,,,
473,5225020936,jrayba23 (7/8),0,67.55,1B Jake Burger 2B Jose Altuve 3B Isaac Paredes C Christian Vazquez OF Brandon Nimmo OF Yordan Alvarez OF Cam Smith P Jacob deGrom P Peter Lambert SS Corey Seager,,,
473,5225020942,jrayba23 (8/8),0,67.55,1B Jake Burger 2B Jose Altuve 3B Isaac Paredes C Christian Vazquez OF Brandon Nimmo OF Yordan Alvarez OF Cam Smith P Jacob deGrom P Peter Lambert SS Corey Seager,,,
473,5225025904,bowerwolff3000 (5/17),0,67.55,1B Jake Burger 2B Jose Altuve 3B Cody Freeman C Danny Jansen OF LaMonte Wade Jr. OF Yordan Alvarez OF Wyatt Langford P Jacob deGrom P Peter Lambert SS Corey Seager,,,
473,5225028390,jonesbo (2/2),0,67.55,1B Jake Burger 2B Jose Altuve 3B Isaac Paredes C Christian Vazquez OF Brandon Nimmo OF Yordan Alvarez OF Cam Smith P Jacob deGrom P Peter Lambert SS Corey Seager,,,
473,5225028397,smithrr83,0,67.55,1B Jake Burger 2B Jose Altuve 3B Isaac Paredes C Christian Vazquez OF Brandon Nimmo OF Yordan Alvarez OF Cam Smith P Jacob deGrom P Peter Lambert SS Corey Seager,,,
490,5224969561,meholol (13/17),0,67.3,1B Abimelec Ortiz 2B Vaughn Grissom 3B Isaac Paredes C Moises Ballesteros OF LaMonte Wade Jr. OF Yordan Alvarez OF Daylen Lile P Peter Lambert P Andrew Alvarez SS Nick Allen,,,
490,5225019294,mgood43,0,67.3,1B LaMonte Wade Jr. 2B Jose Altuve 3B Vaughn Grissom C Keibert Ruiz OF Mike Trout OF Brandon Nimmo OF Yordan Alvarez P Peter Lambert P Andrew Alvarez SS Ezequiel Duran,,,
492,5225025954,c-money1966b,0,66.8,1B Andres Chaparro 2B Jose Tena 3B Brady House C Keibert Ruiz OF Yordan Alvarez OF Wyatt Langford OF Andrew Pinckney P Peter Lambert P Grayson Rodriguez SS Corey Seager,,,
493,5225027228,pete713jr,0,66.55,1B Jake Burger 2B Jose Altuve 3B Vaughn Grissom C Christian Vazquez OF Yordan Alvarez OF Cam Smith OF Wyatt Langford P Jacob deGrom P Peter Lambert SS Nasim Nunez,,,
494,5225022773,Monroe5,0,66.3,1B Jake Burger 2B Jose Altuve 3B Isaac Paredes C Keibert Ruiz OF Yordan Alvarez OF Daylen Lile OF Cam Smith P Peter Lambert P Andrew Alvarez SS Zach Neto,,,
495,5225010238,baggerlind (1/2),0,65.8,1B LaMonte Wade Jr. 2B Jose Altuve 3B Isaac Paredes C Keibert Ruiz OF Mike Trout OF Brandon Nimmo OF Yordan Alvarez P Peter Lambert P Grayson Rodriguez SS Corey Seager,,,
496,5224982982,GiantDiIdo696 (3/3),0,65.55,1B Jake Burger 2B Jose Altuve 3B Isaac Paredes C Danny Jansen OF Brandon Nimmo OF Cam Smith OF Wyatt Langford P Jacob deGrom P Peter Lambert SS Ezequiel Duran,,,
496,5225013379,rams779 (1/2),0,65.55,1B Jake Burger 2B Jose Altuve 3B Isaac Paredes C Christian Vazquez OF Brandon Nimmo OF Cam Smith OF Wyatt Langford P Jacob deGrom P Peter Lambert SS Corey Seager,,,
498,5224981792,theWIRE1111111111 (2/8),0,64.55,1B Jake Burger 2B Jose Altuve 3B Isaac Paredes C Danny Jansen OF LaMonte Wade Jr. OF Evan Carter OF Wyatt Langford P Jacob deGrom P Peter Lambert SS Corey Seager,,,
498,5224990820,L053R666,0,64.55,1B Jake Burger 2B Justin Foscue 3B Cody Freeman C Danny Jansen OF Taylor Trammell OF Daulton Varsho OF Cam Smith P Jacob deGrom P Peter Lambert SS Corey Seager,,,
498,5224993549,JohnTex7 (2/2),0,64.55,1B Abimelec Ortiz 2B Jose Altuve 3B Isaac Paredes C Keibert Ruiz OF Mike Trout OF Brandon Nimmo OF Daylen Lile P Jacob deGrom P Peter Lambert SS Ezequiel Duran,,,
498,5224995747,John-Mo,0,64.55,1B LaMonte Wade Jr. 2B Jose Altuve 3B Isaac Paredes C Keibert Ruiz OF Brandon Nimmo OF Daylen Lile OF Wyatt Langford P Jacob deGrom P Peter Lambert SS Corey Seager,,,
498,5225011416,sp2898,0,64.55,1B Jake Burger 2B Jose Altuve 3B Brady House C Christian Vazquez OF Brandon Nimmo OF Yordan Alvarez OF Evan Carter P Jacob deGrom P Peter Lambert SS Corey Seager,,,
503,5225004814,ac919 (9/10),0,64.3,1B Abimelec Ortiz 2B Jose Altuve 3B Isaac Paredes C Keibert Ruiz OF Brandon Nimmo OF Yordan Alvarez OF Dylan Crews P Peter Lambert P Andrew Alvarez SS Zach Neto,,,
503,5225016342,WHAAATT,0,64.3,1B Abimelec Ortiz 2B Jose Altuve 3B Isaac Paredes C Keibert Ruiz OF Brandon Nimmo OF Yordan Alvarez OF Daylen Lile P Peter Lambert P Andrew Alvarez SS Zach Neto,,,
503,5225026248,10vg10,0,64.3,1B Abimelec Ortiz 2B Jose Altuve 3B Isaac Paredes C Keibert Ruiz OF Taylor Trammell OF Yordan Alvarez OF Dylan Crews P Peter Lambert P Andrew Alvarez SS Zach Neto,,,
506,5225025956,underestimated813,0,63.55,1B Jake Burger 2B Jose Altuve 3B Isaac Paredes C Keibert Ruiz OF Evan Carter OF Dylan Crews OF Wyatt Langford P Jacob deGrom P Peter Lambert SS Ezequiel Duran,,,
507,5224975753,Thelonious,0,63.3,1B Andres Chaparro 2B Jose Tena 3B Isaac Paredes C Keibert Ruiz OF Mike Trout OF Yordan Alvarez OF Wyatt Langford P Peter Lambert P Andrew Alvarez SS Corey Seager,,,
508,5224973306,markhiers21,0,62.55,1B Jake Burger 2B Jose Altuve 3B Ezequiel Duran C Keibert Ruiz OF Brandon Nimmo OF Daulton Varsho OF Wyatt Langford P Jacob deGrom P Peter Lambert SS Nasim Nunez,,,
508,5224977188,Darkmen715 (3/17),0,62.55,1B Abimelec Ortiz 2B Jose Altuve 3B Isaac Paredes C Danny Jansen OF Brandon Nimmo OF Taylor Trammell OF Yordan Alvarez P Jacob deGrom P Peter Lambert SS Corey Seager,,,
508,5224984963,reikojohns1 (2/16),0,62.55,1B Jake Burger 2B Jose Altuve 3B Isaac Paredes C Danny Jansen OF Brandon Nimmo OF Cam Smith OF Wyatt Langford P Jacob deGrom P Peter Lambert SS Corey Seager,,,
508,5224990446,jw1984 (9/10),0,62.55,1B Jake Burger 2B Justin Foscue 3B Cody Freeman C Danny Jansen OF LaMonte Wade Jr. OF Yordan Alvarez OF Wyatt Langford P Jacob deGrom P Peter Lambert SS Nick Allen,,,
508,5224995945,Johnson4life83,0,62.55,1B Andres Chaparro 2B Jose Altuve 3B Isaac Paredes C Keibert Ruiz OF Brandon Nimmo OF Cam Smith OF Wyatt Langford P Jacob deGrom P Peter Lambert SS Corey Seager,,,
508,5224996582,Seefeldt96,0,62.55,1B Jake Burger 2B Jose Altuve 3B Ezequiel Duran C Christian Vazquez OF Brandon Nimmo OF Yordan Alvarez OF Cam Smith P Jacob deGrom P Peter Lambert SS Nasim Nunez,,,
508,5225000711,reikojohns1 (10/16),0,62.55,1B Jake Burger 2B Jose Altuve 3B Isaac Paredes C Danny Jansen OF Brandon Nimmo OF Cam Smith OF Wyatt Langford P Jacob deGrom P Peter Lambert SS Corey Seager,,,
508,5225015971,CoachTaylor,0,62.55,1B Abimelec Ortiz 2B Jose Altuve 3B Isaac Paredes C Keibert Ruiz OF Brandon Nimmo OF Cam Smith OF Wyatt Langford P Jacob deGrom P Peter Lambert SS Corey Seager,,,
516,5225021153,nhuckaby30 (1/4),0,62.3,1B Jake Burger 2B Justin Foscue 3B Isaac Paredes C Christian Vazquez OF Mike Trout OF Yordan Alvarez OF Cam Smith P Peter Lambert P Andrew Alvarez SS Corey Seager,,,
517,5224970041,jbari64,0,60.55,1B Jake Burger 2B Jose Altuve 3B Isaac Paredes C Christian Vazquez OF Yordan Alvarez OF Daulton Varsho OF Wyatt Langford P Jacob deGrom P Peter Lambert SS Nasim Nunez,,,
517,5225011489,shamarnbny,0,60.55,1B LaMonte Wade Jr. 2B Nasim Nunez 3B Isaac Paredes C Danny Jansen OF Brandon Nimmo OF Yordan Alvarez OF Wyatt Langford P Jacob deGrom P Peter Lambert SS Nick Allen,,,
519,5224992041,OldEnglishChains (4/7),0,59.55,1B Jake Burger 2B Jose Altuve 3B Ezequiel Duran C Danny Jansen OF Brandon Nimmo OF Yordan Alvarez OF Cam Smith P Jacob deGrom P Peter Lambert SS Nasim Nunez,,,
519,5225001586,OldEnglishChains (5/7),0,59.55,1B Jake Burger 2B Jose Altuve 3B Ezequiel Duran C Danny Jansen OF Brandon Nimmo OF Yordan Alvarez OF Cam Smith P Jacob deGrom P Peter Lambert SS Nasim Nunez,,,
519,5225001587,OldEnglishChains (6/7),0,59.55,1B Jake Burger 2B Jose Altuve 3B Ezequiel Duran C Danny Jansen OF Brandon Nimmo OF Yordan Alvarez OF Cam Smith P Jacob deGrom P Peter Lambert SS Nasim Nunez,,,
519,5225001588,OldEnglishChains (7/7),0,59.55,1B Jake Burger 2B Jose Altuve 3B Ezequiel Duran C Danny Jansen OF Brandon Nimmo OF Yordan Alvarez OF Cam Smith P Jacob deGrom P Peter Lambert SS Nasim Nunez,,,
523,5225000408,WillDaBeast183,0,59.3,1B Jake Burger 2B Jose Altuve 3B Isaac Paredes C Keibert Ruiz OF Mike Trout OF Josh Lowe OF Yordan Alvarez P Peter Lambert P Andrew Alvarez SS Corey Seager,,,
523,5225022233,fins1348,0,59.3,1B Abimelec Ortiz 2B Jose Altuve 3B Isaac Paredes C Christian Vazquez OF Mike Trout OF Yordan Alvarez OF Wyatt Langford P Peter Lambert P Andrew Alvarez SS Corey Seager,,,
523,5225024807,Dublucas (1/2),0,59.3,1B Nolan Schanuel 2B Jose Altuve 3B Brady House C Keibert Ruiz OF Mike Trout OF Yordan Alvarez OF Daulton Varsho P Peter Lambert P Andrew Alvarez SS Corey Seager,,,
526,5224974179,wiz4thakid (1/2),0,58.8,1B Abimelec Ortiz 2B Justin Foscue 3B Brady House C Keibert Ruiz OF Brandon Nimmo OF Daylen Lile OF Wyatt Langford P Peter Lambert P Grayson Rodriguez SS Corey Seager,,,
527,5224969560,meholol (12/17),0,57.8,1B Abimelec Ortiz 2B Jose Tena 3B Cody Freeman C Danny Jansen OF Yordan Alvarez OF Daylen Lile OF Dylan Crews P Peter Lambert P Grayson Rodriguez SS Ezequiel Duran,,,
528,5224976630,Soccer4218 (2/2),0,57.3,1B Jake Burger 2B Jose Altuve 3B Brady House C Keibert Ruiz OF Josh Lowe OF Yordan Alvarez OF Wyatt Langford P Peter Lambert P Andrew Alvarez SS Corey Seager,,,
528,5225015158,DF852013 (2/3),0,57.3,1B Nolan Schanuel 2B Nasim Nunez 3B Vaughn Grissom C Keibert Ruiz OF Brandon Nimmo OF Jose Tena OF Dylan Crews P Peter Lambert P Andrew Alvarez SS Ezequiel Duran,,,
530,5225004478,pallen,0,56.55,1B Jake Burger 2B Jose Altuve 3B Isaac Paredes C Danny Jansen OF Brandon Nimmo OF Yordan Alvarez OF Daulton Varsho P Jacob deGrom P Peter Lambert SS Nick Allen,,,
531,5224988979,oneworld60,0,56.3,1B Abimelec Ortiz 2B Vaughn Grissom 3B Isaac Paredes C Keibert Ruiz OF Mike Trout OF Yordan Alvarez OF Wyatt Langford P Peter Lambert P Andrew Alvarez SS Nasim Nunez,,,
531,5225009099,Tf1960,0,56.3,1B LaMonte Wade Jr. 2B Jose Altuve 3B Ezequiel Duran C Christian Vazquez OF Brandon Nimmo OF Yordan Alvarez OF Wyatt Langford P Peter Lambert P Andrew Alvarez SS Nick Allen,,,
533,5224969559,meholol (11/17),0,55.55,1B Jake Burger 2B Jose Altuve 3B Cody Freeman C Christian Vazquez OF Yordan Alvarez OF Cam Smith OF Wyatt Langford P Jacob deGrom P Peter Lambert SS Nick Allen,,,
534,5225016969,dlbell5848 (3/5),0,55.3,1B Abimelec Ortiz 2B Nasim Nunez 3B Ezequiel Duran C Keibert Ruiz OF Yordan Alvarez OF Dylan Crews OF Andrew Pinckney P Peter Lambert P Andrew Alvarez SS Corey Seager,,,
535,5225006706,trob8581,0,53.55,1B Jake Burger 2B Cody Freeman 3B Isaac Paredes C Keibert Ruiz OF Mike Trout OF Brandon Nimmo OF Yordan Alvarez P Jacob deGrom P Peter Lambert SS Nasim Nunez,,,
535,5225009116,Molloyslugger6 (2/2),0,53.55,1B Jake Burger 2B Jose Altuve 3B Isaac Paredes C Keibert Ruiz OF Brandon Nimmo OF Taylor Trammell OF Daylen Lile P Jacob deGrom P Peter Lambert SS Corey Seager,,,
535,5225028856,WeDoIt4Kicks,0,53.55,1B Jake Burger 2B Jose Altuve 3B Isaac Paredes C Christian Vazquez OF Yordan Alvarez OF Evan Carter OF Wyatt Langford P Jacob deGrom P Peter Lambert SS Nasim Nunez,,,
538,5225022248,ibeetcancer,0,52.3,1B Andres Chaparro 2B Jose Altuve 3B Isaac Paredes C Christian Vazquez OF Brandon Nimmo OF Josh Lowe OF Wyatt Langford P Peter Lambert P Andrew Alvarez SS Corey Seager,,,
539,5224993984,CR7162,0,51.3,1B Andres Chaparro 2B Jose Altuve 3B Isaac Paredes C Keibert Ruiz OF Brandon Nimmo OF Yordan Alvarez OF Wyatt Langford P Peter Lambert P Andrew Alvarez SS Ezequiel Duran,,,
539,5225004018,FoxyGrandpa252 (4/17),0,51.3,1B Abimelec Ortiz 2B Jose Altuve 3B Isaac Paredes C Christian Vazquez OF Yordan Alvarez OF Daulton Varsho OF Daylen Lile P Peter Lambert P Andrew Alvarez SS Corey Seager,,,
539,5225006161,hersheyhix75 (2/3),0,51.3,1B Jake Burger 2B Jose Altuve 3B Isaac Paredes C Christian Vazquez OF Brandon Nimmo OF Yordan Alvarez OF Wyatt Langford P Peter Lambert P Andrew Alvarez SS Corey Seager,,,
539,5225006376,itsonlymoney91,0,51.3,1B Andres Chaparro 2B Jose Altuve 3B Isaac Paredes C Keibert Ruiz OF Yordan Alvarez OF Dylan Crews OF Wyatt Langford P Peter Lambert P Andrew Alvarez SS Ezequiel Duran,,,
543,5225011739,eking4213 (2/2),0,50.8,1B Andres Chaparro 2B Jose Tena 3B Vaughn Grissom C Keibert Ruiz OF Brandon Nimmo OF Daylen Lile OF Wyatt Langford P Peter Lambert P Grayson Rodriguez SS Nasim Nunez,,,
544,5224989789,reikojohns1 (5/16),0,50.55,1B Jake Burger 2B Justin Foscue 3B Isaac Paredes C Keibert Ruiz OF Mike Trout OF Brandon Nimmo OF Dylan Crews P Jacob deGrom P Peter Lambert SS Nasim Nunez,,,
544,5225000717,reikojohns1 (16/16),0,50.55,1B Jake Burger 2B Justin Foscue 3B Isaac Paredes C Keibert Ruiz OF Mike Trout OF Brandon Nimmo OF Dylan Crews P Jacob deGrom P Peter Lambert SS Nasim Nunez,,,
544,5225019086,HappyShart,0,50.55,1B Abimelec Ortiz 2B Jose Altuve 3B Isaac Paredes C Keibert Ruiz OF Yordan Alvarez OF Daulton Varsho OF Dylan Crews P Jacob deGrom P Peter Lambert SS Nasim Nunez,,,
547,5224990988,Dethstar1972,0,50.3,1B Jake Burger 2B Jose Altuve 3B Isaac Paredes C Keibert Ruiz OF Yordan Alvarez OF Cam Smith OF Wyatt Langford P Peter Lambert P Andrew Alvarez SS Corey Seager,,,
547,5225028180,wfinn89,0,50.3,1B Jake Burger 2B Jose Altuve 3B Isaac Paredes C Keibert Ruiz OF Yordan Alvarez OF Cam Smith OF Wyatt Langford P Peter Lambert P Andrew Alvarez SS Corey Seager,,,
549,5224973304,Bleach676,0,47.3,1B Andres Chaparro 2B Jose Altuve 3B Brady House C Keibert Ruiz OF Yordan Alvarez OF Daulton Varsho OF Daylen Lile P Peter Lambert P Andrew Alvarez SS Corey Seager,,,
549,5225003906,3thor3,0,47.3,1B Jake Burger 2B Jose Altuve 3B Isaac Paredes C Keibert Ruiz OF Mike Trout OF Daylen Lile OF Wyatt Langford P Peter Lambert P Andrew Alvarez SS Corey Seager,,,
551,5225004028,FoxyGrandpa252 (14/17),0,45.8,1B Abimelec Ortiz 2B Nasim Nunez 3B Cody Freeman C Danny Jansen OF Brandon Nimmo OF Daylen Lile OF Wyatt Langford P Peter Lambert P Grayson Rodriguez SS Corey Seager,,,
552,5225013172,thawest (1/2),0,45.3,1B LaMonte Wade Jr. 2B Jose Altuve 3B Isaac Paredes C Keibert Ruiz OF Taylor Trammell OF Yordan Alvarez OF Dylan Crews P Peter Lambert P Andrew Alvarez SS Corey Seager,,,
553,5224969550,meholol (2/17),0,44.3,1B Abimelec Ortiz 2B Nick Allen 3B Brady House C Keibert Ruiz OF Daulton Varsho OF Daylen Lile OF Dylan Crews P Peter Lambert P Andrew Alvarez SS Corey Seager,,,
553,5224991636,OldEnglishChains (1/7),0,44.3,1B Abimelec Ortiz 2B Jose Altuve 3B Ezequiel Duran C Keibert Ruiz OF Mike Trout OF Yordan Alvarez OF Daylen Lile P Peter Lambert P Andrew Alvarez SS Nasim Nunez,,,
553,5224991637,OldEnglishChains (2/7),0,44.3,1B Abimelec Ortiz 2B Jose Altuve 3B Ezequiel Duran C Keibert Ruiz OF Mike Trout OF Yordan Alvarez OF Daylen Lile P Peter Lambert P Andrew Alvarez SS Nasim Nunez,,,
553,5224991638,OldEnglishChains (3/7),0,44.3,1B Abimelec Ortiz 2B Jose Altuve 3B Ezequiel Duran C Keibert Ruiz OF Mike Trout OF Yordan Alvarez OF Daylen Lile P Peter Lambert P Andrew Alvarez SS Nasim Nunez,,,
553,5225017832,My_sons (7/17),0,44.3,1B LaMonte Wade Jr. 2B Nasim Nunez 3B Brady House C Keibert Ruiz OF Yordan Alvarez OF Daylen Lile OF Dylan Crews P Peter Lambert P Andrew Alvarez SS Corey Seager,,,
553,5225018304,b.o.i._boy76,0,44.3,1B Jake Burger 2B Jose Altuve 3B Isaac Paredes C Christian Vazquez OF Brandon Nimmo OF Taylor Trammell OF Yordan Alvarez P Peter Lambert P Andrew Alvarez SS Corey Seager,,,
553,5225020692,ronmexicoburgundy,0,44.3,1B Abimelec Ortiz 2B Jose Altuve 3B Ezequiel Duran C Keibert Ruiz OF Mike Trout OF Yordan Alvarez OF Dylan Crews P Peter Lambert P Andrew Alvarez SS Nasim Nunez,,,
560,5225021151,Brystal21,0,42.55,1B Jake Burger 2B Jose Altuve 3B Isaac Paredes C Keibert Ruiz OF Mike Trout OF Brandon Nimmo OF Daylen Lile P Jacob deGrom P Peter Lambert SS Nasim Nunez,,,
561,5224969557,meholol (9/17),0,42.3,1B LaMonte Wade Jr. 2B Nasim Nunez 3B Brady House C Christian Vazquez OF Mike Trout OF Taylor Trammell OF Yordan Alvarez P Peter Lambert P Andrew Alvarez SS Nick Allen,,,
561,5225000043,reikojohns1 (9/16),0,42.3,1B Jake Burger 2B Jose Altuve 3B Ezequiel Duran C Keibert Ruiz OF Mike Trout OF Dylan Crews OF Wyatt Langford P Peter Lambert P Andrew Alvarez SS Nasim Nunez,,,
563,5225016970,dlbell5848 (4/5),0,40.3,1B Andres Chaparro 2B Jose Altuve 3B Brady House C Keibert Ruiz OF Yordan Alvarez OF Daylen Lile OF Dylan Crews P Peter Lambert P Andrew Alvarez SS Corey Seager,,,
564,5224993041,kbrisacher (16/17),0,39.55,1B Jake Burger 2B Jose Altuve 3B Cody Freeman C Christian Vazquez OF Brandon Nimmo OF Taylor Trammell OF Cam Smith P Jacob deGrom P Peter Lambert SS Nick Allen,,,
565,5225009954,andrewp332 (3/4),0,34.3,1B Abimelec Ortiz 2B Nasim Nunez 3B Brady House C Keibert Ruiz OF Yordan Alvarez OF Daulton Varsho OF Daylen Lile P Peter Lambert P Andrew Alvarez SS Nick Allen,,,
565,5225009955,andrewp332 (4/4),0,34.3,1B Abimelec Ortiz 2B Nasim Nunez 3B Brady House C Keibert Ruiz OF Yordan Alvarez OF Daulton Varsho OF Daylen Lile P Peter Lambert P Andrew Alvarez SS Nick Allen,,,
567,5224993039,kbrisacher (14/17),0,33.3,1B LaMonte Wade Jr. 2B Jose Altuve 3B Isaac Paredes C Keibert Ruiz OF Yordan Alvarez OF Daulton Varsho OF Daylen Lile P Peter Lambert P Andrew Alvarez SS Nasim Nunez,,,
567,5225004026,FoxyGrandpa252 (12/17),0,33.3,1B Andres Chaparro 2B Jose Tena 3B Brady House C Christian Vazquez OF Yordan Alvarez OF Daylen Lile OF Cam Smith P Peter Lambert P Andrew Alvarez SS Nasim Nunez,,,
569,5225026463,ivymoose (5/5),0,32.3,1B Abimelec Ortiz 2B Jose Altuve 3B Isaac Paredes C Christian Vazquez OF Yordan Alvarez OF Daulton Varsho OF Andrew Pinckney P Peter Lambert P Andrew Alvarez SS Nasim Nunez,,,
570,5225015159,DF852013 (3/3),0,31.8,1B Nolan Schanuel 2B Nick Allen 3B Cody Freeman C Danny Jansen OF Evan Carter OF Cam Smith OF Dylan Crews P Peter Lambert P Grayson Rodriguez SS Nasim Nunez,,,
571,5224993035,kbrisacher (10/17),0,31.3,1B Abimelec Ortiz 2B Jose Tena 3B Isaac Paredes C Christian Vazquez OF Taylor Trammell OF Daylen Lile OF Cam Smith P Peter Lambert P Andrew Alvarez SS Nick Allen,,,
571,5225026460,ivymoose (2/5),0,31.3,1B Abimelec Ortiz 2B Nasim Nunez 3B Isaac Paredes C Christian Vazquez OF Yordan Alvarez OF Daylen Lile OF Andrew Pinckney P Peter Lambert P Andrew Alvarez SS Nick Allen,,,
573,5224983341,JCPaper88,0,30.3,1B Abimelec Ortiz 2B Jose Altuve 3B Isaac Paredes C Keibert Ruiz OF Mike Trout OF Yordan Alvarez OF Daylen Lile P Peter Lambert P Andrew Alvarez SS Nasim Nunez,,,
573,5224983559,MrBudweiser64,0,30.3,1B Abimelec Ortiz 2B Jose Altuve 3B Isaac Paredes C Keibert Ruiz OF Mike Trout OF Yordan Alvarez OF Daylen Lile P Peter Lambert P Andrew Alvarez SS Nasim Nunez,,,
573,5224995568,barryb1060,0,30.3,1B Abimelec Ortiz 2B Jose Altuve 3B Isaac Paredes C Keibert Ruiz OF Mike Trout OF Yordan Alvarez OF Daylen Lile P Peter Lambert P Andrew Alvarez SS Nasim Nunez,,,
573,5225026179,jmutchler,0,30.3,1B Jake Burger 2B Jose Altuve 3B Isaac Paredes C Keibert Ruiz OF Mike Trout OF Taylor Trammell OF Yordan Alvarez P Peter Lambert P Andrew Alvarez SS Nasim Nunez,,,
577,5224990442,jw1984 (5/10),0,29.3,1B Abimelec Ortiz 2B Jose Altuve 3B Isaac Paredes C Keibert Ruiz OF Yordan Alvarez OF Daulton Varsho OF Daylen Lile P Peter Lambert P Andrew Alvarez SS Nasim Nunez,,,
577,5225017371,jlegrand22,0,29.3,1B Abimelec Ortiz 2B Jose Altuve 3B Isaac Paredes C Christian Vazquez OF Brandon Nimmo OF Daulton Varsho OF Daylen Lile P Peter Lambert P Andrew Alvarez SS Nick Allen,,,
579,5225009353,jc000000,0,28.3,1B Abimelec Ortiz 2B Jose Altuve 3B Brady House C Keibert Ruiz OF Yordan Alvarez OF Daulton Varsho OF Daylen Lile P Peter Lambert P Andrew Alvarez SS Nasim Nunez,,,
579,5225026462,ivymoose (4/5),0,28.3,1B Abimelec Ortiz 2B Nasim Nunez 3B Isaac Paredes C Keibert Ruiz OF Yordan Alvarez OF Daylen Lile OF Andrew Pinckney P Peter Lambert P Andrew Alvarez SS Nick Allen,,,
581,5224993028,kbrisacher (3/17),0,27.8,1B Abimelec Ortiz 2B Justin Foscue 3B Cody Freeman C Keibert Ruiz OF Brandon Nimmo OF Daylen Lile OF Dylan Crews P Peter Lambert P Grayson Rodriguez SS Nasim Nunez,,,
582,5225026459,ivymoose (1/5),0,25.3,1B Andres Chaparro 2B Jose Altuve 3B Isaac Paredes C Christian Vazquez OF Yordan Alvarez OF Daylen Lile OF Andrew Pinckney P Peter Lambert P Andrew Alvarez SS Nasim Nunez,,,
583,5225000036,cmkwan,0,24.3,1B Abimelec Ortiz 2B Jose Altuve 3B Isaac Paredes C Keibert Ruiz OF Yordan Alvarez OF Daylen Lile OF Cam Smith P Peter Lambert P Andrew Alvarez SS Nasim Nunez,,,
584,5224987855,reikojohns1 (4/16),0,22.3,1B Abimelec Ortiz 2B Jose Altuve 3B Isaac Paredes C Keibert Ruiz OF Yordan Alvarez OF Daylen Lile OF Dylan Crews P Peter Lambert P Andrew Alvarez SS Nasim Nunez,,,
584,5225000714,reikojohns1 (13/16),0,22.3,1B Abimelec Ortiz 2B Jose Altuve 3B Isaac Paredes C Keibert Ruiz OF Yordan Alvarez OF Daylen Lile OF Dylan Crews P Peter Lambert P Andrew Alvarez SS Nasim Nunez,,,
584,5225004022,FoxyGrandpa252 (8/17),0,22.3,1B Andres Chaparro 2B Jose Altuve 3B Isaac Paredes C Keibert Ruiz OF Yordan Alvarez OF Dylan Crews OF Andrew Pinckney P Peter Lambert P Andrew Alvarez SS Nasim Nunez,,,
584,5225016967,dlbell5848 (1/5),0,22.3,1B Abimelec Ortiz 2B Jose Altuve 3B Isaac Paredes C Keibert Ruiz OF Yordan Alvarez OF Daylen Lile OF Dylan Crews P Peter Lambert P Andrew Alvarez SS Nasim Nunez,,,
584,5225026461,ivymoose (3/5),0,22.3,1B Andres Chaparro 2B Jose Altuve 3B Isaac Paredes C Keibert Ruiz OF Yordan Alvarez OF Daylen Lile OF Andrew Pinckney P Peter Lambert P Andrew Alvarez SS Nasim Nunez,,,
589,5224973980,starmap3333,0,0,,,,
589,5224988872,acerun34,0,0,,,,
589,5224998408,Manchester5 (2/2),0,0,,,,
589,5225011737,mjellis11,0,0,,,,
589,5225015055,joshrh26,0,0,,,,
589,5225026924,Golfito2020 (2/2),0,0,,,,
