"Sport","Game_Type","Entry_Key","Entry","Contest_Key","Contest_Date_EST","Place","Points","Winnings_Non_Ticket","Winnings_Ticket","Contest_Entries","Entry_Fee","Prize_Pool","Places_Paid"
"MLB","Classic",5255955286,"MLB Satellite to $20 NFL Fantasy Football Millionaire (1/2)",195656131,"2026-09-14 19:07:00",4,153.85,"$0.00","$0.00",95,"$0.25","$20.00",1
"MLB","Classic",5255965211,"MLB Satellite to $20 NFL Fantasy Football Millionaire (2/2)",195656131,"2026-09-14 19:07:00",17,131.65,"$0.00","$0.00",95,"$0.25","$20.00",1
"MLB","Classic",5255958264,"MLB Satellite to $20 NFL Fantasy Football Millionaire (1/7)",195656135,"2026-09-14 19:07:00",55,131.65,"$0.00","$0.00",237,"$0.10","$20.00",1
"MLB","Classic",5255958267,"MLB Satellite to $20 NFL Fantasy Football Millionaire (4/7)",195656135,"2026-09-14 19:07:00",88,120.9,"$0.00","$0.00",237,"$0.10","$20.00",1
"MLB","Classic",5255958265,"MLB Satellite to $20 NFL Fantasy Football Millionaire (2/7)",195656135,"2026-09-14 19:07:00",105,116.8,"$0.00","$0.00",237,"$0.10","$20.00",1
"MLB","Classic",5255968186,"MLB Satellite to $20 NFL Fantasy Football Millionaire (7/7)",195656135,"2026-09-14 19:07:00",142,106.8,"$0.00","$0.00",237,"$0.10","$20.00",1
"MLB","Classic",5255958266,"MLB Satellite to $20 NFL Fantasy Football Millionaire (3/7)",195656135,"2026-09-14 19:07:00",165,100.35,"$0.00","$0.00",237,"$0.10","$20.00",1
"MLB","Classic",5255958268,"MLB Satellite to $20 NFL Fantasy Football Millionaire (5/7)",195656135,"2026-09-14 19:07:00",189,90.55,"$0.00","$0.00",237,"$0.10","$20.00",1
"MLB","Classic",5255958269,"MLB Satellite to $20 NFL Fantasy Football Millionaire (6/7)",195656135,"2026-09-14 19:07:00",196,87.8,"$0.00","$0.00",237,"$0.10","$20.00",1
"NFL","Showdown Captain Mode",5256004824,"NFL Showdown Satellite to NHL 9-29 $15 Opening Night Puck Drop (DEN @ KC) (2/2)",195665148,"2026-09-14 20:15:00",62,50.61,"$0.00","$0.00",71,"$0.25","$15.00",1
"NFL","Showdown Captain Mode",5255999045,"NFL Showdown Satellite to NHL 9-29 $15 Opening Night Puck Drop (DEN @ KC) (1/2)",195665148,"2026-09-14 20:15:00",69,44.05,"$0.00","$0.00",71,"$0.25","$15.00",1
"NFL","Showdown Captain Mode",5256008812,"NFL Showdown Satellite to $20 NFL Fantasy Football Millionaire (DEN @ KC) (5/7)",195663904,"2026-09-14 20:15:00",102,72.75,"$0.00","$0.00",237,"$0.10","$20.00",1
"NFL","Showdown Captain Mode",5256008811,"NFL Showdown Satellite to $20 NFL Fantasy Football Millionaire (DEN @ KC) (4/7)",195663904,"2026-09-14 20:15:00",165,57.3,"$0.00","$0.00",237,"$0.10","$20.00",1
"NFL","Showdown Captain Mode",5256008814,"NFL Showdown Satellite to $20 NFL Fantasy Football Millionaire (DEN @ KC) (7/7)",195663904,"2026-09-14 20:15:00",206,47.1,"$0.00","$0.00",237,"$0.10","$20.00",1
"NFL","Showdown Captain Mode",5256008810,"NFL Showdown Satellite to $20 NFL Fantasy Football Millionaire (DEN @ KC) (3/7)",195663904,"2026-09-14 20:15:00",207,46.8,"$0.00","$0.00",237,"$0.10","$20.00",1
"NFL","Showdown Captain Mode",5255991670,"NFL Showdown Satellite to $20 NFL Fantasy Football Millionaire (DEN @ KC) (1/7)",195663904,"2026-09-14 20:15:00",210,46.1,"$0.00","$0.00",237,"$0.10","$20.00",1
"NFL","Showdown Captain Mode",5256008813,"NFL Showdown Satellite to $20 NFL Fantasy Football Millionaire (DEN @ KC) (6/7)",195663904,"2026-09-14 20:15:00",214,45.05,"$0.00","$0.00",237,"$0.10","$20.00",1
"NFL","Showdown Captain Mode",5256008809,"NFL Showdown Satellite to $20 NFL Fantasy Football Millionaire (DEN @ KC) (2/7)",195663904,"2026-09-14 20:15:00",223,39.29,"$0.00","$0.00",237,"$0.10","$20.00",1
"NFL","Showdown Captain Mode",5255989187,"NFL Showdown Satellite to NBA 10-20 $20 Opening Tip Off (DEN @ KC) (1/2)",195521607,"2026-09-14 20:15:00",59,63.75,"$0.00","$0.00",95,"$0.25","$20.00",1
"NFL","Showdown Captain Mode",5256004876,"NFL Showdown Satellite to NBA 10-20 $20 Opening Tip Off (DEN @ KC) (2/2)",195521607,"2026-09-14 20:15:00",89,34.16,"$0.00","$0.00",95,"$0.25","$20.00",1
"NFL","Showdown Captain Mode",5256003495,"NFL Showdown $12.5K Quarter Jukebox [Just $0.25!] (DEN @ KC) (2/2)",195526256,"2026-09-14 20:15:00",55683,38.89,"$0.00","$0.00",59453,"$0.25","$12,500.00",14265
"NFL","Showdown Captain Mode",5255997413,"NFL Showdown $12.5K Quarter Jukebox [Just $0.25!] (DEN @ KC) (1/2)",195526256,"2026-09-14 20:15:00",53940,43.59,"$0.00","$0.00",59453,"$0.25","$12,500.00",14265
"NFL","Showdown Captain Mode",5256002945,"NFL Showdown $7.5K Daily Dollar [Single Entry] (DEN @ KC)",195526271,"2026-09-14 20:15:00",4517,69.75,"$0.00","$0.00",8917,"$1.00","$7,500.00",2305
"NFL","Showdown Captain Mode",5255996719,"NFL Showdown $75K First Down [20 Entry Max] (DEN @ KC)",195526255,"2026-09-14 20:15:00",71167,54.55,"$0.00","$0.00",89179,"$1.00","$75,000.00",24076
"NFL","Showdown Captain Mode",5255996749,"NFL Showdown $100K mini-MAX [150 Entry Max] (DEN @ KC)",195526229,"2026-09-14 20:15:00",221219,40.46,"$0.00","$0.00",237812,"$0.50","$100,000.00",49940
"NFL","Showdown Captain Mode",5255997572,"NFL Showdown $5K Dime Package [Just $0.10!]  (DEN @ KC) (1/2)",195526257,"2026-09-14 20:15:00",35780,64.53,"$0.00","$0.00",59453,"$0.10","$5,000.00",14240
"NFL","Showdown Captain Mode",5256003519,"NFL Showdown $5K Dime Package [Just $0.10!]  (DEN @ KC) (2/2)",195526257,"2026-09-14 20:15:00",40957,59.93,"$0.00","$0.00",59453,"$0.10","$5,000.00",14240
"NFL","Showdown Captain Mode",5254911935,"NFL Showdown 40x Micro Booster [Top 5 Win $10] (DAL @ NYG)",195641911,"2026-09-13 20:20:00",223,60.7,"$0.00","$0.00",237,"$0.25","$50.00",5
"NFL","Showdown Captain Mode",5254933001,"NFL Showdown SUPERSat to $20 NFL Fantasy Football Millionaire [2x] (DAL @ NYG) (5/5)",195642262,"2026-09-13 20:20:00",116,83.75,"$0.00","$0.00",190,"$0.25","$40.00",2
"NFL","Showdown Captain Mode",5254918033,"NFL Showdown SUPERSat to $20 NFL Fantasy Football Millionaire [2x] (DAL @ NYG) (1/5)",195642262,"2026-09-13 20:20:00",119,82.3,"$0.00","$0.00",190,"$0.25","$40.00",2
"NFL","Showdown Captain Mode",5254933000,"NFL Showdown SUPERSat to $20 NFL Fantasy Football Millionaire [2x] (DAL @ NYG) (4/5)",195642262,"2026-09-13 20:20:00",170,68.05,"$0.00","$0.00",190,"$0.25","$40.00",2
"NFL","Showdown Captain Mode",5254932999,"NFL Showdown SUPERSat to $20 NFL Fantasy Football Millionaire [2x] (DAL @ NYG) (3/5)",195642262,"2026-09-13 20:20:00",174,67.4,"$0.00","$0.00",190,"$0.25","$40.00",2
"NFL","Showdown Captain Mode",5254932998,"NFL Showdown SUPERSat to $20 NFL Fantasy Football Millionaire [2x] (DAL @ NYG) (2/5)",195642262,"2026-09-13 20:20:00",177,67.05,"$0.00","$0.00",190,"$0.25","$40.00",2
"NFL","Showdown Captain Mode",5254932025,"NFL Showdown $0.25 Winner Take All [$100 to 1st] (DAL @ NYG)",195520918,"2026-09-13 20:20:00",462,59.6,"$0.00","$0.00",475,"$0.25","$100.00",1
"NFL","Showdown Captain Mode",5254932805,"NFL Showdown Satellite to NBA 10-20 $20 Opening Tip Off (DAL @ NYG) (5/7)",195521582,"2026-09-13 20:20:00",52,98.1,"$0.00","$0.00",237,"$0.10","$20.00",1
"NFL","Showdown Captain Mode",5254932803,"NFL Showdown Satellite to NBA 10-20 $20 Opening Tip Off (DAL @ NYG) (3/7)",195521582,"2026-09-13 20:20:00",103,89.7,"$0.00","$0.00",237,"$0.10","$20.00",1
"NFL","Showdown Captain Mode",5254932806,"NFL Showdown Satellite to NBA 10-20 $20 Opening Tip Off (DAL @ NYG) (6/7)",195521582,"2026-09-13 20:20:00",111,88.6,"$0.00","$0.00",237,"$0.10","$20.00",1
"NFL","Showdown Captain Mode",5254932804,"NFL Showdown Satellite to NBA 10-20 $20 Opening Tip Off (DAL @ NYG) (4/7)",195521582,"2026-09-13 20:20:00",150,80.3,"$0.00","$0.00",237,"$0.10","$20.00",1
"NFL","Showdown Captain Mode",5254932802,"NFL Showdown Satellite to NBA 10-20 $20 Opening Tip Off (DAL @ NYG) (2/7)",195521582,"2026-09-13 20:20:00",163,78.2,"$0.00","$0.00",237,"$0.10","$20.00",1
"NFL","Showdown Captain Mode",5254932807,"NFL Showdown Satellite to NBA 10-20 $20 Opening Tip Off (DAL @ NYG) (7/7)",195521582,"2026-09-13 20:20:00",217,63.8,"$0.00","$0.00",237,"$0.10","$20.00",1
"NFL","Showdown Captain Mode",5254925893,"NFL Showdown Satellite to NBA 10-20 $20 Opening Tip Off (DAL @ NYG) (1/7)",195521582,"2026-09-13 20:20:00",228,55.6,"$0.00","$0.00",237,"$0.10","$20.00",1
"NFL","Showdown Captain Mode",5254916579,"NFL Showdown $5K Daily Dollar [Single Entry] (DAL @ NYG)",195526163,"2026-09-13 20:20:00",5205,67.6,"$0.00","$0.00",5945,"$1.00","$5,000.00",1543
"NFL","Showdown Captain Mode",5254911488,"NFL Showdown $50K First Down [20 Entry Max] (DAL @ NYG)",195526142,"2026-09-13 20:20:00",42251,75.2,"$0.00","$0.00",59453,"$1.00","$50,000.00",15950
"NFL","Showdown Captain Mode",5254924777,"NFL Showdown $7.5K Quarter Jukebox [Just $0.25!] (DAL @ NYG) (2/2)",195526144,"2026-09-13 20:20:00",5220,99.8,"$0.50","$0.00",35671,"$0.25","$7,500.00",8550
"NFL","Showdown Captain Mode",5254911312,"NFL Showdown $7.5K Quarter Jukebox [Just $0.25!] (DAL @ NYG) (1/2)",195526144,"2026-09-13 20:20:00",17366,86.7,"$0.00","$0.00",35671,"$0.25","$7,500.00",8550
"NFL","Showdown Captain Mode",5254915887,"NFL Showdown $3K Dime Package [Just $0.10!] (DAL @ NYG) (1/2)",195526145,"2026-09-13 20:20:00",31493,65.6,"$0.00","$0.00",35671,"$0.10","$3,000.00",8545
"NFL","Showdown Captain Mode",5254915966,"NFL Showdown $3K Dime Package [Just $0.10!] (DAL @ NYG) (2/2)",195526145,"2026-09-13 20:20:00",24851,75.1,"$0.00","$0.00",35671,"$0.10","$3,000.00",8545
"NFL","Classic",5248979923,"NFL $3.5M Fantasy Football Millionaire [$1M to 1st] (6/20)",193028206,"2026-09-13 13:00:00",808493,88.34,"$0.00","$0.00",832342,"$5.00","$3,500,000.00",173275
"NFL","Classic",5248997742,"NFL $3.5M Fantasy Football Millionaire [$1M to 1st] (19/20)",193028206,"2026-09-13 13:00:00",708318,111.84,"$0.00","$0.00",832342,"$5.00","$3,500,000.00",173275
"NFL","Classic",5248979968,"NFL $3.5M Fantasy Football Millionaire [$1M to 1st] (8/20)",193028206,"2026-09-13 13:00:00",635877,120.94,"$0.00","$0.00",832342,"$5.00","$3,500,000.00",173275
"NFL","Classic",5232819732,"NFL $3.5M Fantasy Football Millionaire [$1M to 1st] (2/20)",193028206,"2026-09-13 13:00:00",610443,123.66,"$0.00","$0.00",832342,"$5.00","$3,500,000.00",173275
"NFL","Classic",5248989812,"NFL $3.5M Fantasy Football Millionaire [$1M to 1st] (10/20)",193028206,"2026-09-13 13:00:00",609282,123.8,"$0.00","$0.00",832342,"$5.00","$3,500,000.00",173275
"NFL","Classic",5249919601,"NFL $3.5M Fantasy Football Millionaire [$1M to 1st] (20/20)",193028206,"2026-09-13 13:00:00",595663,125.22,"$0.00","$0.00",832342,"$5.00","$3,500,000.00",173275
"NFL","Classic",5248997402,"NFL $3.5M Fantasy Football Millionaire [$1M to 1st] (17/20)",193028206,"2026-09-13 13:00:00",495407,134.64,"$0.00","$0.00",832342,"$5.00","$3,500,000.00",173275
"NFL","Classic",5248979773,"NFL $3.5M Fantasy Football Millionaire [$1M to 1st] (5/20)",193028206,"2026-09-13 13:00:00",459313,137.84,"$0.00","$0.00",832342,"$5.00","$3,500,000.00",173275
"NFL","Classic",5248979468,"NFL $3.5M Fantasy Football Millionaire [$1M to 1st] (3/20)",193028206,"2026-09-13 13:00:00",411622,142.06,"$0.00","$0.00",832342,"$5.00","$3,500,000.00",173275
"NFL","Classic",5248997710,"NFL $3.5M Fantasy Football Millionaire [$1M to 1st] (18/20)",193028206,"2026-09-13 13:00:00",346930,147.76,"$0.00","$0.00",832342,"$5.00","$3,500,000.00",173275
"NFL","Classic",5248979569,"NFL $3.5M Fantasy Football Millionaire [$1M to 1st] (4/20)",193028206,"2026-09-13 13:00:00",294103,152.7,"$0.00","$0.00",832342,"$5.00","$3,500,000.00",173275
"NFL","Classic",5248990299,"NFL $3.5M Fantasy Football Millionaire [$1M to 1st] (14/20)",193028206,"2026-09-13 13:00:00",244709,157.5,"$0.00","$0.00",832342,"$5.00","$3,500,000.00",173275
"NFL","Classic",5248990272,"NFL $3.5M Fantasy Football Millionaire [$1M to 1st] (13/20)",193028206,"2026-09-13 13:00:00",229585,159.06,"$0.00","$0.00",832342,"$5.00","$3,500,000.00",173275
"NFL","Classic",5248979949,"NFL $3.5M Fantasy Football Millionaire [$1M to 1st] (7/20)",193028206,"2026-09-13 13:00:00",220836,160,"$0.00","$0.00",832342,"$5.00","$3,500,000.00",173275
"NFL","Classic",5248989803,"NFL $3.5M Fantasy Football Millionaire [$1M to 1st] (9/20)",193028206,"2026-09-13 13:00:00",200082,162.3,"$0.00","$0.00",832342,"$5.00","$3,500,000.00",173275
"NFL","Classic",5248997244,"NFL $3.5M Fantasy Football Millionaire [$1M to 1st] (16/20)",193028206,"2026-09-13 13:00:00",184935,164.04,"$0.00","$0.00",832342,"$5.00","$3,500,000.00",173275
"NFL","Classic",5248989981,"NFL $3.5M Fantasy Football Millionaire [$1M to 1st] (12/20)",193028206,"2026-09-13 13:00:00",115898,173.44,"$8.00","$0.00",832342,"$5.00","$3,500,000.00",173275
"NFL","Classic",5210040219,"NFL $3.5M Fantasy Football Millionaire [$1M to 1st] (1/20)",193028206,"2026-09-13 13:00:00",72957,181.26,"$8.00","$0.00",832342,"$5.00","$3,500,000.00",173275
"NFL","Classic",5248989915,"NFL $3.5M Fantasy Football Millionaire [$1M to 1st] (11/20)",193028206,"2026-09-13 13:00:00",49349,187.24,"$10.00","$0.00",832342,"$5.00","$3,500,000.00",173275
"NFL","Classic",5248990384,"NFL $3.5M Fantasy Football Millionaire [$1M to 1st] (15/20)",193028206,"2026-09-13 13:00:00",23887,196.96,"$10.00","$0.00",832342,"$5.00","$3,500,000.00",173275
"MLB","Classic",5251969520,"MLB Satellite to NFL 9-13 $5 Fantasy Football Millionaire (Night)",195543468,"2026-09-12 19:10:00",21,68.35,"$0.00","$0.00",23,"$0.25","$5.00",1
"MLB","Classic",5251975130,"MLB Satellite to NFL 9-13 $5 Fantasy Football Millionaire (Night)",195543476,"2026-09-12 19:10:00",6,158.65,"$0.00","$0.00",59,"$0.10","$5.00",1
"MLB","Classic",5251984454,"MLB Satellite to NFL 9-13 $5 Fantasy Football Millionaire (Night)",195543478,"2026-09-12 19:10:00",47,82.3,"$0.00","$0.00",59,"$0.10","$5.00",1
"MLB","Classic",5251969639,"MLB SUPERSatellite to NFL 9-13 $5 Fantasy Football Millionaire [2x] (Night) (1/3)",195543488,"2026-09-12 19:10:00",64,99.8,"$0.00","$0.00",118,"$0.10","$10.00",2
"MLB","Classic",5251984589,"MLB SUPERSatellite to NFL 9-13 $5 Fantasy Football Millionaire [2x] (Night) (3/3)",195543488,"2026-09-12 19:10:00",80,87,"$0.00","$0.00",118,"$0.10","$10.00",2
"MLB","Classic",5251984518,"MLB SUPERSatellite to NFL 9-13 $5 Fantasy Football Millionaire [2x] (Night) (2/3)",195543488,"2026-09-12 19:10:00",109,56.65,"$0.00","$0.00",118,"$0.10","$10.00",2
"MLB","Classic",5251975021,"MLB SUPERSatellite to NFL 9-13 $5 Fantasy Football Millionaire [2x] (Night)",195543489,"2026-09-12 19:10:00",39,69.85,"$0.00","$0.00",47,"$0.25","$10.00",2
"MLB","Classic",5251491315,"MLB SUPERSatellite to NFL 9-13 $5 Fantasy Football Millionaire [2x]",195543272,"2026-09-12 13:10:00",16,87.15,"$0.00","$0.00",33,"$0.25","$10.00",2
"MLB","Classic",5251500411,"MLB SUPERSatellite to NFL 9-13 $5 Fantasy Football Millionaire [2x] (1/3)",195543265,"2026-09-12 13:10:00",46,88.35,"$0.00","$0.00",88,"$0.10","$10.00",2
"MLB","Classic",5251510354,"MLB SUPERSatellite to NFL 9-13 $5 Fantasy Football Millionaire [2x] (2/3)",195543265,"2026-09-12 13:10:00",47,88.1,"$0.00","$0.00",88,"$0.10","$10.00",2
"MLB","Classic",5251510553,"MLB SUPERSatellite to NFL 9-13 $5 Fantasy Football Millionaire [2x] (3/3)",195543265,"2026-09-12 13:10:00",85,52.5,"$0.00","$0.00",88,"$0.10","$10.00",2
"MLB","Classic",5250551076,"MLB Satellite to NFL 9-13 $5 Fantasy Football Millionaire (Turbo)",195514645,"2026-09-11 18:40:00",21,74.95,"$0.00","$0.00",23,"$0.25","$5.00",1
"MLB","Classic",5250563254,"MLB Satellite to NFL 9-13 $5 Fantasy Football Millionaire (Turbo)",195514646,"2026-09-11 18:40:00",8,96,"$0.00","$0.00",23,"$0.25","$5.00",1
"MLB","Classic",5250551048,"MLB Satellite to NFL 9-13 $5 Fantasy Football Millionaire (Turbo)",195514647,"2026-09-11 18:40:00",13,96,"$0.00","$0.00",23,"$0.25","$5.00",1
"MLB","Classic",5250563451,"MLB Satellite to NFL 9-13 $5 Fantasy Football Millionaire (Turbo)",195514648,"2026-09-11 18:40:00",8,113,"$0.00","$0.00",50,"$0.10","$5.00",1
"NFL","Showdown Captain Mode",5249166800,"NFL Showdown 40x Micro Booster [Top 5 Win $10] (SF vs LAR)",195507184,"2026-09-10 20:35:00",137,57.5,"$0.00","$0.00",237,"$0.25","$50.00",5
"NFL","Showdown Captain Mode",5249175809,"NFL Showdown Satellite to NHL 9-29 $15 Opening Night Puck Drop (SF vs LAR) (2/2)",195384501,"2026-09-10 20:35:00",55,49.2,"$0.00","$0.00",71,"$0.25","$15.00",1
"NFL","Showdown Captain Mode",5249168004,"NFL Showdown Satellite to NHL 9-29 $15 Opening Night Puck Drop (SF vs LAR) (1/2)",195384501,"2026-09-10 20:35:00",57,47.45,"$0.00","$0.00",71,"$0.25","$15.00",1
"NFL","Showdown Captain Mode",5249214148,"NFL Showdown $0.25 Contest (SF vs LAR) (1/2)",195379585,"2026-09-10 20:35:00",145,57.6,"$0.00","$0.00",237,"$0.25","$50.00",55
"NFL","Showdown Captain Mode",5249214194,"NFL Showdown $0.25 Contest (SF vs LAR) (2/2)",195379585,"2026-09-10 20:35:00",173,54.6,"$0.00","$0.00",237,"$0.25","$50.00",55
"NFL","Showdown Captain Mode",5249167150,"NFL Showdown $8K Daily Dollar [Single Entry] (SF vs LAR)",195390889,"2026-09-10 20:35:00",604,78.8,"$2.00","$0.00",9512,"$1.00","$8,000.00",2247
"NFL","Showdown Captain Mode",5249160789,"NFL Showdown $70K First Down [20 Entry Max] (SF vs LAR)",195390867,"2026-09-10 20:35:00",75462,43.6,"$0.00","$0.00",83234,"$1.00","$70,000.00",22471
"NFL","Showdown Captain Mode",5249175224,"NFL Showdown $75K mini-MAX [150 Entry Max] (SF vs LAR)",195390868,"2026-09-10 20:35:00",138669,51.1,"$0.00","$0.00",178359,"$0.50","$75,000.00",37455
"NFL","Showdown Captain Mode",5249160136,"NFL Showdown $4K Dime Package [Just $0.10!] (SF vs LAR) (1/2)",195390870,"2026-09-10 20:35:00",28503,57.1,"$0.00","$0.00",47562,"$0.10","$4,000.00",11405
"NFL","Showdown Captain Mode",5249174775,"NFL Showdown $4K Dime Package [Just $0.10!] (SF vs LAR) (2/2)",195390870,"2026-09-10 20:35:00",4845,77.05,"$0.20","$0.00",47562,"$0.10","$4,000.00",11405
"NFL","Showdown Captain Mode",5249168155,"NFL Showdown SUPERSatellite to NFL 9-13 $5 Fantasy Football Millionaire [2x] (SF vs LAR)",195379668,"2026-09-10 20:35:00",15,67.85,"$0.00","$0.00",47,"$0.25","$10.00",2
"MLB","Showdown Captain Mode",5249551335,"MLB Showdown Satellite to NFL 9-13 $5 Fantasy Football Millionaire (PIT @ CWS)",195474252,"2026-09-10 19:40:00",16,15.5,"$0.00","$0.00",18,"$0.25","$5.00",1
"MLB","Showdown Captain Mode",5249543325,"MLB Showdown Satellite to NFL 9-13 $5 Fantasy Football Millionaire (PIT @ CWS)",195474253,"2026-09-10 19:40:00",17,12,"$0.00","$0.00",18,"$0.25","$5.00",1
"MLB","Showdown Captain Mode",5249543371,"MLB Showdown Satellite to NFL 9-13 $5 Fantasy Football Millionaire (PIT @ CWS)",195474254,"2026-09-10 19:40:00",14,22,"$0.00","$0.00",17,"$0.25","$5.00",1
"MLB","Showdown Captain Mode",5249534938,"MLB Showdown Satellite to NFL 9-13 $5 Fantasy Football Millionaire (PIT @ CWS)",195474255,"2026-09-10 19:40:00",5,82.93,"$0.00","$0.00",32,"$0.10","$5.00",1
"MLB","Classic",5249513127,"MLB Satellite to NFL 9-13 $5 Fantasy Football Millionaire (Night)",195474231,"2026-09-10 19:05:00",1,137.65,"$0.00","$5.00",59,"$0.10","$5.00",1
"MLB","Classic",5249502946,"MLB Satellite to NFL 9-13 $5 Fantasy Football Millionaire (Night)",195510603,"2026-09-10 19:05:00",22,72.7,"$0.00","$0.00",23,"$0.25","$5.00",1
"MLB","Classic",5249046990,"MLB SUPERSatellite to NFL 9-13 $5 Fantasy Football Millionaire [2x] (3/3)",195473857,"2026-09-10 12:15:00",9,102.05,"$0.00","$0.00",118,"$0.10","$10.00",2
"MLB","Classic",5249046969,"MLB SUPERSatellite to NFL 9-13 $5 Fantasy Football Millionaire [2x] (2/3)",195473857,"2026-09-10 12:15:00",33,89.05,"$0.00","$0.00",118,"$0.10","$10.00",2
"MLB","Classic",5249039089,"MLB SUPERSatellite to NFL 9-13 $5 Fantasy Football Millionaire [2x] (1/3)",195473857,"2026-09-10 12:15:00",46,85.7,"$0.00","$0.00",118,"$0.10","$10.00",2
"MLB","Classic",5249039012,"MLB SUPERSatellite to NFL 9-13 $5 Fantasy Football Millionaire [2x]",195473858,"2026-09-10 12:15:00",34,76.7,"$0.00","$0.00",47,"$0.25","$10.00",2
"MLB","Showdown Captain Mode",5248537750,"MLB Showdown Satellite to NFL 9-13 $5 Fantasy Football Millionaire (CIN @ LAD)",195370526,"2026-09-09 22:10:00",3,126.35,"$0.00","$0.00",23,"$0.25","$5.00",1
"MLB","Showdown Captain Mode",5248537756,"MLB Showdown Satellite to NFL 9-13 $5 Fantasy Football Millionaire (CIN @ LAD)",195370527,"2026-09-09 22:10:00",18,80.35,"$0.00","$0.00",23,"$0.25","$5.00",1
"MLB","Showdown Captain Mode",5248530660,"MLB Showdown Satellite to NFL 9-13 $5 Fantasy Football Millionaire (CIN @ LAD)",195370529,"2026-09-09 22:10:00",7,112.03,"$0.00","$0.00",43,"$0.10","$5.00",1
"MLB","Classic",5248189739,"MLB SUPERSatellite to NFL 9-13 $5 Fantasy Football Millionaire [2x]",195370015,"2026-09-09 18:35:00",36,87.85,"$0.00","$0.00",47,"$0.25","$10.00",2
"NFL","Showdown Captain Mode",5248486750,"NFL Showdown $8K Daily Dollar [Single Entry] (NE @ SEA)",193391038,"2026-09-09 20:20:00",9413,28.22,"$0.00","$0.00",9512,"$1.00","$8,000.00",2247
"NFL","Showdown Captain Mode",5232816721,"NFL Showdown $2.25M Wednesday Kickoff Millionaire [$1M to 1st, TD Throne Eligible] (NE @ SEA) (1/2)",193391013,"2026-09-09 20:20:00",17298,78.84,"$30.00","$0.00",126020,"$20.00","$2,250,000.00",26495
"NFL","Showdown Captain Mode",5238395397,"NFL Showdown $2.25M Wednesday Kickoff Millionaire [$1M to 1st, TD Throne Eligible] (NE @ SEA) (2/2)",193391013,"2026-09-09 20:20:00",17328,78.83,"$30.00","$0.00",126020,"$20.00","$2,250,000.00",26495
"NFL","Showdown Captain Mode",5248494303,"NFL Showdown $15K Quarter Jukebox [Just $0.25!]  (NE @ SEA) (2/2)",193391019,"2026-09-09 20:20:00",39135,62.64,"$0.00","$0.00",65987,"$0.25","$15,000.00",17120
"NFL","Showdown Captain Mode",5248494158,"NFL Showdown $15K Quarter Jukebox [Just $0.25!]  (NE @ SEA) (1/2)",193391019,"2026-09-09 20:20:00",52800,51.45,"$0.00","$0.00",65987,"$0.25","$15,000.00",17120
"MLB","Showdown Captain Mode",5248220544,"MLB Showdown Satellite to NFL 9-13 $5 Fantasy Football Millionaire (HOU @ PHI)",195370493,"2026-09-09 18:40:00",5,62.3,"$0.00","$0.00",11,"$0.25","$5.00",1
"MLB","Showdown Captain Mode",5248233331,"MLB Showdown Satellite to NFL 9-13 $5 Fantasy Football Millionaire (HOU @ PHI)",195370494,"2026-09-09 18:40:00",12,46.05,"$0.00","$0.00",12,"$0.25","$5.00",1
"MLB","Showdown Captain Mode",5248225723,"MLB Showdown Satellite to NFL 9-13 $5 Fantasy Football Millionaire (HOU @ PHI)",195370496,"2026-09-09 18:40:00",5,62.33,"$0.00","$0.00",12,"$0.25","$5.00",1
"MLB","Showdown Captain Mode",5248233085,"MLB Showdown Satellite to NFL 9-13 $5 Fantasy Football Millionaire (HOU @ PHI)",195370498,"2026-09-09 18:40:00",3,82,"$0.00","$0.00",22,"$0.10","$5.00",1
"MLB","Classic",5247728289,"MLB SUPERSatellite to NFL 9-13 $5 Fantasy Football Millionaire [2x] (Early) (1/3)",195370109,"2026-09-09 15:05:00",4,113.25,"$0.00","$0.00",118,"$0.10","$10.00",2
"MLB","Classic",5247728301,"MLB SUPERSatellite to NFL 9-13 $5 Fantasy Football Millionaire [2x] (Early) (2/3)",195370109,"2026-09-09 15:05:00",7,107.65,"$0.00","$0.00",118,"$0.10","$10.00",2
"MLB","Classic",5247728326,"MLB SUPERSatellite to NFL 9-13 $5 Fantasy Football Millionaire [2x] (Early) (3/3)",195370109,"2026-09-09 15:05:00",9,98.85,"$0.00","$0.00",118,"$0.10","$10.00",2
"MLB","Classic",5247728174,"MLB SUPERSatellite to NFL 9-13 $5 Fantasy Football Millionaire [2x] (Early)",195370110,"2026-09-09 15:05:00",28,55.85,"$0.00","$0.00",47,"$0.25","$10.00",2
"MLB","Classic",5246651462,"MLB SUPERSatellite to NFL 9-13 $5 Fantasy Football Millionaire [2x] (Night) (3/3)",195251523,"2026-09-08 21:40:00",46,89.8,"$0.00","$0.00",118,"$0.10","$10.00",2
"MLB","Classic",5246651441,"MLB SUPERSatellite to NFL 9-13 $5 Fantasy Football Millionaire [2x] (Night) (2/3)",195251523,"2026-09-08 21:40:00",66,83.05,"$0.00","$0.00",118,"$0.10","$10.00",2
"MLB","Classic",5246642014,"MLB SUPERSatellite to NFL 9-13 $5 Fantasy Football Millionaire [2x] (Night) (1/3)",195251523,"2026-09-08 21:40:00",109,59.4,"$0.00","$0.00",118,"$0.10","$10.00",2
"MLB","Classic",5246641626,"MLB SUPERSatellite to NFL 9-13 $5 Fantasy Football Millionaire [2x] (Night)",195251524,"2026-09-08 21:40:00",25,88.55,"$0.00","$0.00",47,"$0.25","$10.00",2
"MLB","Showdown Captain Mode",5246652514,"MLB Showdown Satellite to NFL 9-13 $5 Fantasy Football Millionaire (CIN @ LAD)",195251849,"2026-09-08 22:10:00",12,60.35,"$0.00","$0.00",23,"$0.25","$5.00",1
"MLB","Showdown Captain Mode",5246645331,"FINAL STRETCH: MLB Showdown Satellite to NFL 9-9 $20 Wednesday Kickoff Millionaire (CIN @ LAD)",195251853,"2026-09-08 22:10:00",23,38.9,"$0.00","$0.00",23,"$1.00","$20.00",1
"MLB","Showdown Captain Mode",5246638311,"MLB Showdown Satellite to NFL 9-13 $5 Fantasy Football Millionaire (CIN @ LAD)",195251852,"2026-09-08 22:10:00",3,85,"$0.00","$0.00",56,"$0.10","$5.00",1
"MLB","Classic",5246342885,"MLB Satellite to NFL 9-13 $5 Fantasy Football Millionaire (Turbo)",195380049,"2026-09-08 18:35:00",12,83.15,"$0.00","$0.00",23,"$0.25","$5.00",1
"MLB","Classic",5246338719,"MLB Satellite to NFL 9-13 $5 Fantasy Football Millionaire (Turbo)",195381884,"2026-09-08 18:35:00",20,63.95,"$0.00","$0.00",23,"$0.25","$5.00",1
"MLB","Showdown Captain Mode",5244045725,"MLB Showdown SUPERSatellite to NFL 9-13 $5 Fantasy Football Millionaire [2x] (WSH @ LAD) (2/3)",195108644,"2026-09-06 22:10:00",31,61.5,"$0.00","$0.00",101,"$0.10","$10.00",2
"MLB","Showdown Captain Mode",5244045737,"MLB Showdown SUPERSatellite to NFL 9-13 $5 Fantasy Football Millionaire [2x] (WSH @ LAD) (3/3)",195108644,"2026-09-06 22:10:00",68,46.23,"$0.00","$0.00",101,"$0.10","$10.00",2
"MLB","Showdown Captain Mode",5244036693,"MLB Showdown SUPERSatellite to NFL 9-13 $5 Fantasy Football Millionaire [2x] (WSH @ LAD) (1/3)",195108644,"2026-09-06 22:10:00",90,36.23,"$0.00","$0.00",101,"$0.10","$10.00",2
"MLB","Showdown Captain Mode",5242753125,"MLB Showdown Satellite to NFL 9-13 $5 Fantasy Football Millionaire (ATH @ SEA)",195060049,"2026-09-05 21:40:00",18,34.3,"$0.00","$0.00",22,"$0.25","$5.00",1
"MLB","Showdown Captain Mode",5242751105,"MLB Showdown Satellite to NFL 9-13 $5 Fantasy Football Millionaire (ATH @ SEA)",195060052,"2026-09-05 21:40:00",30,39.5,"$0.00","$0.00",36,"$0.10","$5.00",1
"MLB","Classic",5242734196,"MLB Satellite to NFL 9-13 $5 Fantasy Football Millionaire (Night)",195060024,"2026-09-05 21:10:00",4,115.55,"$0.00","$0.00",55,"$0.10","$5.00",1
"MLB","Showdown Captain Mode",5242645045,"MLB Showdown Satellite to NFL 9-13 $5 Fantasy Football Millionaire (STL @ COL)",195059996,"2026-09-05 20:10:00",26,50.23,"$0.00","$0.00",28,"$0.10","$5.00",1
"MLB","Classic",5241329793,"MLB Satellite to NFL 9-13 $5 Fantasy Football Millionaire (Night)",194991076,"2026-09-04 21:40:00",27,82.05,"$0.00","$0.00",45,"$0.10","$5.00",1
"MLB","Classic",5241331663,"MLB Satellite to NFL 9-13 $5 Fantasy Football Millionaire (Night)",194991077,"2026-09-04 21:40:00",27,85.8,"$0.00","$0.00",47,"$0.10","$5.00",1
"MLB","Classic",5241331669,"MLB Satellite to NFL 9-13 $5 Fantasy Football Millionaire (Night)",194991078,"2026-09-04 21:40:00",44,61.7,"$0.00","$0.00",49,"$0.10","$5.00",1
"MLB","Classic",5241340012,"MLB Satellite to NFL 9-13 $5 Fantasy Football Millionaire (Night)",194991079,"2026-09-04 21:40:00",47,57.25,"$0.00","$0.00",49,"$0.10","$5.00",1
"MLB","Classic",5241340020,"MLB Satellite to NFL 9-13 $5 Fantasy Football Millionaire (Night)",194991080,"2026-09-04 21:40:00",52,61.7,"$0.00","$0.00",57,"$0.10","$5.00",1
"MLB","Showdown Captain Mode",5241333393,"MLB Showdown Satellite to NFL 9-13 $5 Fantasy Football Millionaire (WSH @ LAD)",194991439,"2026-09-04 22:10:00",12,68.95,"$0.00","$0.00",23,"$0.25","$5.00",1
"MLB","Showdown Captain Mode",5241333403,"MLB Showdown Satellite to NFL 9-13 $5 Fantasy Football Millionaire (WSH @ LAD)",194991440,"2026-09-04 22:10:00",18,51.5,"$0.00","$0.00",23,"$0.25","$5.00",1
"MLB","Showdown Captain Mode",5241340668,"MLB Showdown Satellite to NFL 9-13 $5 Fantasy Football Millionaire (WSH @ LAD)",194991442,"2026-09-04 22:10:00",12,71.3,"$0.00","$0.00",41,"$0.10","$5.00",1
"MLB","Showdown Captain Mode",5241064102,"MLB Showdown Satellite to NFL 9-13 $5 Fantasy Football Millionaire (BOS @ BAL)",194991355,"2026-09-04 19:05:00",9,58.15,"$0.00","$0.00",18,"$0.25","$5.00",1
"MLB","Showdown Captain Mode",5241058369,"MLB Showdown Satellite to NFL 9-13 $5 Fantasy Football Millionaire (BOS @ BAL)",194991356,"2026-09-04 19:05:00",9,59.05,"$0.00","$0.00",20,"$0.25","$5.00",1
"MLB","Showdown Captain Mode",5241058399,"MLB Showdown Satellite to NFL 9-13 $5 Fantasy Football Millionaire (BOS @ BAL)",194991357,"2026-09-04 19:05:00",15,34.15,"$0.00","$0.00",19,"$0.25","$5.00",1
"MLB","Showdown Captain Mode",5241057583,"MLB Showdown Satellite to NFL 9-13 $5 Fantasy Football Millionaire (BOS @ BAL)",194991358,"2026-09-04 19:05:00",28,31.55,"$0.00","$0.00",33,"$0.10","$5.00",1
"MLB","Showdown Captain Mode",5240216107,"MLB Showdown Satellite to NFL 9-13 $5 Fantasy Football Millionaire (STL @ LAD)",194932981,"2026-09-03 22:10:00",1,71.23,"$1.67","$0.00",23,"$0.25","$5.00",1
"MLB","Showdown Captain Mode",5240208012,"MLB Showdown Satellite to NFL 9-13 $5 Fantasy Football Millionaire (STL @ LAD)",194932984,"2026-09-03 22:10:00",20,59,"$0.00","$0.00",55,"$0.10","$5.00",1
"MLB","Classic",5240207115,"MLB Satellite to NFL 9-13 $5 Fantasy Football Millionaire (Night)",194932956,"2026-09-03 21:40:00",16,118,"$0.00","$0.00",59,"$0.10","$5.00",1
"MLB","Classic",5240215435,"MLB Satellite to NFL 9-13 $5 Fantasy Football Millionaire (Night)",195006816,"2026-09-03 21:40:00",7,118,"$0.00","$0.00",23,"$0.25","$5.00",1
"MLB","Classic",5240075307,"MLB SUPERSatellite to NFL 9-13 $5 Fantasy Football Millionaire [2x] (3/3)",194996092,"2026-09-03 19:15:00",20,117.05,"$0.00","$0.00",118,"$0.10","$10.00",2
"MLB","Classic",5240075287,"MLB SUPERSatellite to NFL 9-13 $5 Fantasy Football Millionaire [2x] (1/3)",194996092,"2026-09-03 19:15:00",73,86.75,"$0.00","$0.00",118,"$0.10","$10.00",2
"MLB","Classic",5240075300,"MLB SUPERSatellite to NFL 9-13 $5 Fantasy Football Millionaire [2x] (2/3)",194996092,"2026-09-03 19:15:00",113,53.45,"$0.00","$0.00",118,"$0.10","$10.00",2
"MLB","Classic",5240075864,"FINAL STRETCH: MLB Satellite to NFL 9-9 $20 Wednesday Kickoff Millionaire (2/2)",194932610,"2026-09-03 19:15:00",3,138.25,"$0.00","$0.00",89,"$0.25","$20.00",1
"MLB","Classic",5240069878,"FINAL STRETCH: MLB Satellite to NFL 9-9 $20 Wednesday Kickoff Millionaire (1/2)",194932610,"2026-09-03 19:15:00",30,104.75,"$0.00","$0.00",89,"$0.25","$20.00",1
"MLB","Showdown Captain Mode",5240153928,"MLB Showdown Satellite to NFL 9-13 $5 Fantasy Football Millionaire (TB @ TEX)",194932914,"2026-09-03 20:05:00",13,14.58,"$0.00","$0.00",14,"$0.25","$5.00",1
"MLB","Showdown Captain Mode",5240153907,"MLB Showdown Satellite to NFL 9-13 $5 Fantasy Football Millionaire (TB @ TEX)",194932917,"2026-09-03 20:05:00",25,16,"$0.00","$0.00",26,"$0.10","$5.00",1
"MLB","Showdown Captain Mode",5240077400,"MLB Showdown Satellite to NFL 9-13 $5 Fantasy Football Millionaire (MIL @ CHC)",194932887,"2026-09-03 19:15:00",10,72.23,"$0.00","$0.00",20,"$0.25","$5.00",1
"MLB","Showdown Captain Mode",5240077060,"MLB Showdown Satellite to NFL 9-13 $5 Fantasy Football Millionaire (MIL @ CHC)",194932890,"2026-09-03 19:15:00",27,32,"$0.00","$0.00",36,"$0.10","$5.00",1
"MLB","Classic",5239663614,"MLB SUPERSatellite to NFL 9-13 $5 Fantasy Football Millionaire [2x] (Early)",194932002,"2026-09-03 12:35:00",45,42.05,"$0.00","$0.00",47,"$0.25","$10.00",2
"MLB","Classic",5239658190,"MLB Satellite to NFL 9-13 $5 Fantasy Football Millionaire (Early)",194973224,"2026-09-03 12:35:00",10,65.3,"$0.00","$0.00",23,"$0.25","$5.00",1
"MLB","Classic",5239658431,"MLB SUPERSatellite to NFL 9-13 $5 Fantasy Football Millionaire [2x] (Early) (1/3)",194932001,"2026-09-03 12:35:00",55,70.05,"$0.00","$0.00",118,"$0.10","$10.00",2
"MLB","Classic",5239663750,"MLB SUPERSatellite to NFL 9-13 $5 Fantasy Football Millionaire [2x] (Early) (3/3)",194932001,"2026-09-03 12:35:00",80,59.1,"$0.00","$0.00",118,"$0.10","$10.00",2
"MLB","Classic",5239663740,"MLB SUPERSatellite to NFL 9-13 $5 Fantasy Football Millionaire [2x] (Early) (2/3)",194932001,"2026-09-03 12:35:00",110,42.05,"$0.00","$0.00",118,"$0.10","$10.00",2
"MLB","Showdown Captain Mode",5239668197,"MLB Showdown Satellite to NFL 9-13 $5 Fantasy Football Millionaire (SF @ PIT)",194932860,"2026-09-03 12:35:00",5,39.5,"$0.00","$0.00",20,"$0.25","$5.00",1
"MLB","Showdown Captain Mode",5239668431,"MLB Showdown Satellite to NFL 9-13 $5 Fantasy Football Millionaire (SF @ PIT)",194932863,"2026-09-03 12:35:00",31,23,"$0.00","$0.00",36,"$0.10","$5.00",1
"MLB","Showdown Captain Mode",5239164551,"MLB Showdown Satellite to NFL 9-13 $5 Fantasy Football Millionaire (STL @ LAD)",194877260,"2026-09-02 22:10:00",3,103.33,"$0.00","$0.00",23,"$0.25","$5.00",1
"MLB","Showdown Captain Mode",5239173355,"MLB Showdown Satellite to NFL 9-13 $5 Fantasy Football Millionaire (STL @ LAD)",194877263,"2026-09-02 22:10:00",23,91.5,"$0.00","$0.00",59,"$0.10","$5.00",1
"MLB","Classic",5239164467,"MLB Satellite to NFL 9-13 $5 Fantasy Football Millionaire (Night)",194877236,"2026-09-02 21:38:00",58,50.6,"$0.00","$0.00",59,"$0.10","$5.00",1
"MLB","Classic",5239172867,"MLB Satellite to NFL 9-13 $5 Fantasy Football Millionaire (Night)",194943244,"2026-09-02 21:38:00",13,117.35,"$0.00","$0.00",22,"$0.25","$5.00",1
"MLB","Classic",5239039695,"MLB Satellite to NFL 9-13 $5 Fantasy Football Millionaire (Turbo)",194934587,"2026-09-02 18:40:00",5,96.5,"$0.00","$0.00",20,"$0.25","$5.00",1
"MLB","Classic",5238807942,"MLB Satellite to NFL 9-13 $5 Fantasy Football Millionaire (Afternoon)",194922756,"2026-09-02 15:10:00",5,79.1,"$0.00","$0.00",18,"$0.25","$5.00",1
"MLB","Classic",5238811601,"MLB Satellite to NFL 9-13 $5 Fantasy Football Millionaire (Afternoon)",194877128,"2026-09-02 15:10:00",29,74.1,"$0.00","$0.00",44,"$0.10","$5.00",1
"MLB","Showdown Captain Mode",5238813458,"MLB Showdown Satellite to NFL 9-13 $5 Fantasy Football Millionaire (PHI @ ARI)",194877152,"2026-09-02 15:40:00",8,40.05,"$0.00","$0.00",21,"$0.25","$5.00",1
"MLB","Showdown Captain Mode",5238813494,"MLB Showdown Satellite to NFL 9-13 $5 Fantasy Football Millionaire (PHI @ ARI)",194877153,"2026-09-02 15:40:00",8,50.55,"$0.00","$0.00",21,"$0.25","$5.00",1
"MLB","Showdown Captain Mode",5238823906,"MLB Showdown Satellite to NFL 9-13 $5 Fantasy Football Millionaire (PHI @ ARI)",194877154,"2026-09-02 15:40:00",4,52.05,"$0.00","$0.00",22,"$0.25","$5.00",1
"MLB","Showdown Captain Mode",5238812610,"MLB Showdown Satellite to NFL 9-13 $5 Fantasy Football Millionaire (PHI @ ARI)",194877155,"2026-09-02 15:40:00",11,42.83,"$0.00","$0.00",40,"$0.10","$5.00",1
"MLB","Showdown Captain Mode",5238243723,"MLB Showdown Satellite to NFL 9-13 $5 Fantasy Football Millionaire (STL @ LAD)",194810723,"2026-09-01 22:10:00",7,95.5,"$0.00","$0.00",59,"$0.10","$5.00",1
"MLB","Showdown Captain Mode",5238237882,"MLB Showdown Satellite to NFL 9-13 $5 Fantasy Football Millionaire (STL @ LAD)",194888740,"2026-09-01 22:10:00",16,26.75,"$0.00","$0.00",19,"$0.25","$5.00",1
"MLB","Showdown Captain Mode",5238237913,"MLB Showdown Satellite to NFL 9-13 $5 Fantasy Football Millionaire (STL @ LAD)",194889142,"2026-09-01 22:10:00",12,49,"$0.00","$0.00",19,"$0.25","$5.00",1
"MLB","Classic",5238023527,"MLB SUPERSatellite to NFL 9-13 $5 Fantasy Football Millionaire [5x] (3/3)",194870687,"2026-09-01 19:40:00",12,115,"$0.00","$0.00",98,"$0.25","$25.00",5
"MLB","Classic",5238023526,"MLB SUPERSatellite to NFL 9-13 $5 Fantasy Football Millionaire [5x] (2/3)",194870687,"2026-09-01 19:40:00",37,92.5,"$0.00","$0.00",98,"$0.25","$25.00",5
"MLB","Classic",5238015509,"MLB SUPERSatellite to NFL 9-13 $5 Fantasy Football Millionaire [5x] (1/3)",194870687,"2026-09-01 19:40:00",61,81.4,"$0.00","$0.00",98,"$0.25","$25.00",5
"MLB","Classic",5238013848,"MLB SUPERSatellite to NFL 9-13 $5 Fantasy Football Millionaire [2x]",194809944,"2026-09-01 19:40:00",3,131.35,"$0.00","$0.00",47,"$0.25","$10.00",2
"MLB","Classic",5238024088,"MLB Satellite to NFL 9-9 $20 Wednesday Kickoff Millionaire (2/2)",194810014,"2026-09-01 19:40:00",86,62.05,"$0.00","$0.00",95,"$0.25","$20.00",1
"MLB","Classic",5238016052,"MLB Satellite to NFL 9-9 $20 Wednesday Kickoff Millionaire (1/2)",194810014,"2026-09-01 19:40:00",92,52.15,"$0.00","$0.00",95,"$0.25","$20.00",1
"MLB","Classic",5238013146,"MLB Satellite to NFL 9-9 $20 Wednesday Kickoff Millionaire (1/2)",194810013,"2026-09-01 19:40:00",31,100.85,"$0.00","$0.00",95,"$0.25","$20.00",1
"MLB","Classic",5238020955,"MLB Satellite to NFL 9-9 $20 Wednesday Kickoff Millionaire (2/2)",194810013,"2026-09-01 19:40:00",81,73,"$0.00","$0.00",95,"$0.25","$20.00",1
"MLB","Showdown Captain Mode",5237975097,"MLB Showdown Satellite to NFL 9-13 $5 Fantasy Football Millionaire (MIL @ CHC)",194810654,"2026-09-01 19:40:00",21,34.8,"$0.00","$0.00",23,"$0.25","$5.00",1
"MLB","Showdown Captain Mode",5237982203,"MLB Showdown Satellite to NFL 9-13 $5 Fantasy Football Millionaire (MIL @ CHC)",194810655,"2026-09-01 19:40:00",21,37,"$0.00","$0.00",23,"$0.25","$5.00",1
"MLB","Showdown Captain Mode",5237982161,"MLB Showdown Satellite to NFL 9-13 $5 Fantasy Football Millionaire (MIL @ CHC)",194810656,"2026-09-01 19:40:00",22,32.8,"$0.00","$0.00",23,"$0.25","$5.00",1
"MLB","Showdown Captain Mode",5237974840,"MLB Showdown Satellite to NFL 9-13 $5 Fantasy Football Millionaire (MIL @ CHC)",194810657,"2026-09-01 19:40:00",43,39,"$0.00","$0.00",54,"$0.10","$5.00",1
"MLB","Classic",5237962521,"MLB Satellite to NFL 9-13 $5 Fantasy Football Millionaire (Turbo)",194870491,"2026-09-01 18:40:00",2,132.25,"$0.00","$0.00",23,"$0.25","$5.00",1
"MLB","Classic",5237955503,"MLB Satellite to NFL 9-13 $5 Fantasy Football Millionaire (Turbo)",194810630,"2026-09-01 18:40:00",50,69.3,"$0.00","$0.00",59,"$0.10","$5.00",1
"MLB","Best Ball",5184979008,"MLB Best Ball $30K Knuckleball [$5K to 1st] (Midseason Tournament)",192092034,"2026-07-16 18:10:00",3,2944.75,"$25.25","$0.00",12,"$5.00","$50.50",0
"MLB","Best Ball",5179132617,"MLB Best Ball $30K Knuckleball [$5K to 1st] (Midseason Tournament)",191858636,"2026-07-16 18:10:00",8,2655.55,"$0.00","$0.00",12,"$5.00","$50.50",0
"MLB","Best Ball",5185105701,"MLB Best Ball $30K Knuckleball [$5K to 1st] (Midseason Tournament)",192104998,"2026-07-16 18:10:00",7,2744.55,"$0.00","$0.00",12,"$5.00","$50.50",0
"MLB","Best Ball",5179446371,"MLB Best Ball $30K Knuckleball [$5K to 1st] (Midseason Tournament)",191875591,"2026-07-16 18:10:00",1,2948.2,"$25.25","$0.00",12,"$5.00","$50.50",0
"MLB","Best Ball",5183966156,"MLB Best Ball $30K Knuckleball [$5K to 1st] (Midseason Tournament)",192037019,"2026-07-16 18:10:00",1,3147.4,"$25.25","$0.00",12,"$5.00","$50.50",0
"MLB","Best Ball",5184377497,"MLB Best Ball $30K Knuckleball [$5K to 1st] (Midseason Tournament)",192075997,"2026-07-16 18:10:00",4,2926.6,"$25.25","$0.00",12,"$5.00","$50.50",0
"MLB","Best Ball",5183741835,"MLB Best Ball $30K Knuckleball [$5K to 1st] (Midseason Tournament)",192033958,"2026-07-16 18:10:00",1,2884.05,"$25.25","$0.00",12,"$5.00","$50.50",0
"MLB","Best Ball",5179954101,"MLB Best Ball $30K Knuckleball [$5K to 1st] (Midseason Tournament)",191894993,"2026-07-16 18:10:00",9,2653.25,"$0.00","$0.00",12,"$5.00","$50.50",0
"MLB","Best Ball",5183359185,"MLB Best Ball $30K Knuckleball [$5K to 1st] (Midseason Tournament)",192033918,"2026-07-16 18:10:00",6,2613,"$0.00","$0.00",12,"$5.00","$50.50",0
"MLB","Best Ball",5178394991,"MLB Best Ball $30K Knuckleball [$5K to 1st] (Midseason Tournament)",191829877,"2026-07-16 18:10:00",10,2539.9,"$0.00","$0.00",12,"$5.00","$50.50",0
"MLB","Best Ball",5179395573,"MLB Best Ball $30K Knuckleball [$5K to 1st] (Midseason Tournament)",191871229,"2026-07-16 18:10:00",5,2714.95,"$0.00","$0.00",12,"$5.00","$50.50",0
"MLB","Showdown Captain Mode",5236090125,"MLB Showdown SUPERSatellite to NFL 9-13 $5 Fantasy Football Millionaire [2x] (CIN @ CHC)",194681989,"2026-08-30 19:45:00",32,61,"$0.00","$0.00",47,"$0.25","$10.00",2
"MLB","Classic",5235967620,"MLB SUPERSatellite to NFL 9-13 $5 Fantasy Football Millionaire [2x] (Afternoon)",194681892,"2026-08-30 16:05:00",33,70.85,"$0.00","$0.00",37,"$0.25","$10.00",2
"MLB","Classic",5234625945,"MLB SUPERSatellite to NFL 9-13 $5 Fantasy Football Millionaire [2x]",194616783,"2026-08-29 13:05:00",43,60.65,"$0.00","$0.00",47,"$0.25","$10.00",2
"MLB","Classic",5234625421,"MLB Satellite to NFL 9-9 $20 Wednesday Kickoff Millionaire (1/2)",194616829,"2026-08-29 13:05:00",36,86.8,"$0.00","$0.00",74,"$0.25","$20.00",1
"MLB","Classic",5234625433,"MLB Satellite to NFL 9-9 $20 Wednesday Kickoff Millionaire (2/2)",194616829,"2026-08-29 13:05:00",53,75.55,"$0.00","$0.00",74,"$0.25","$20.00",1
"MLB","Classic",5234630556,"MLB SUPERSatellite to NFL 9-13 $5 Fantasy Football Millionaire [5x] (3/3)",194616796,"2026-08-29 13:05:00",6,137,"$0.00","$0.00",118,"$0.25","$25.00",5
"MLB","Classic",5234625722,"MLB SUPERSatellite to NFL 9-13 $5 Fantasy Football Millionaire [5x] (1/3)",194616796,"2026-08-29 13:05:00",51,94.6,"$0.00","$0.00",118,"$0.25","$25.00",5
"MLB","Classic",5234625777,"MLB SUPERSatellite to NFL 9-13 $5 Fantasy Football Millionaire [5x] (2/3)",194616796,"2026-08-29 13:05:00",76,81.8,"$0.00","$0.00",118,"$0.25","$25.00",5
"MLB","Showdown Captain Mode",5233849423,"MLB Showdown Satellite to NFL 9-13 $5 Fantasy Football Millionaire (ARI @ SF)",194551991,"2026-08-28 22:15:00",22,47,"$0.00","$0.00",23,"$0.25","$5.00",1
"MLB","Showdown Captain Mode",5233845491,"MLB Showdown Satellite to NFL 9-13 $5 Fantasy Football Millionaire (ARI @ SF)",194551995,"2026-08-28 22:15:00",42,36.68,"$0.00","$0.00",48,"$0.10","$5.00",1
"MLB","Classic",5233844627,"MLB SUPERSatellite to NFL 9-13 $5 Fantasy Football Millionaire [2x] (Night) (3/3)",194551651,"2026-08-28 21:38:00",27,89.65,"$0.00","$0.00",82,"$0.10","$10.00",2
"MLB","Classic",5233838008,"MLB SUPERSatellite to NFL 9-13 $5 Fantasy Football Millionaire [2x] (Night) (1/3)",194551651,"2026-08-28 21:38:00",56,72.45,"$0.00","$0.00",82,"$0.10","$10.00",2
"MLB","Classic",5233844586,"MLB SUPERSatellite to NFL 9-13 $5 Fantasy Football Millionaire [2x] (Night) (2/3)",194551651,"2026-08-28 21:38:00",60,69.9,"$0.00","$0.00",82,"$0.10","$10.00",2
"MLB","Classic",5233838552,"MLB SUPERSatellite to NFL 9-13 $5 Fantasy Football Millionaire [2x] (Night)",194551652,"2026-08-28 21:38:00",2,127.75,"$0.00","$5.00",30,"$0.25","$10.00",2
"GOLF","Showdown",5233181678,"PGA TOUR Showdown Satellite to NFL 9-9 $20 Wednesday Kickoff Millionaire (Late Round 2 TOUR) (2/2)",194578197,"2026-08-28 12:18:00",27,238.65,"$0.00","$0.00",63,"$0.25","$20.00",1
"GOLF","Showdown",5233171913,"PGA TOUR Showdown Satellite to NFL 9-9 $20 Wednesday Kickoff Millionaire (Late Round 2 TOUR) (1/2)",194578197,"2026-08-28 12:18:00",60,193.1,"$0.00","$0.00",63,"$0.25","$20.00",1
"GOLF","Showdown",5233127591,"PGA TOUR Showdown Satellite to NFL 9-9 $20 Wednesday Kickoff Millionaire (Round 2 TOUR) (1/2)",194540899,"2026-08-28 11:00:00",66,232.55,"$0.00","$0.00",95,"$0.25","$20.00",1
"GOLF","Showdown",5233127595,"PGA TOUR Showdown Satellite to NFL 9-9 $20 Wednesday Kickoff Millionaire (Round 2 TOUR) (2/2)",194540899,"2026-08-28 11:00:00",77,224.95,"$0.00","$0.00",95,"$0.25","$20.00",1
"MLB","Showdown Captain Mode",5232587541,"MLB Showdown Satellite to NFL 9-13 $5 Fantasy Football Millionaire (ARI @ SF)",194485738,"2026-08-27 21:45:00",14,42,"$0.00","$0.00",23,"$0.25","$5.00",1
"MLB","Showdown Captain Mode",5232595489,"MLB Showdown Satellite to NFL 9-13 $5 Fantasy Football Millionaire (ARI @ SF)",194485739,"2026-08-27 21:45:00",1,83.15,"$0.00","$5.00",23,"$0.25","$5.00",1
"MLB","Showdown Captain Mode",5232595500,"MLB Showdown Satellite to NFL 9-13 $5 Fantasy Football Millionaire (ARI @ SF)",194485740,"2026-08-27 21:45:00",9,59.5,"$0.00","$0.00",23,"$0.25","$5.00",1
"MLB","Showdown Captain Mode",5232595507,"MLB Showdown Satellite to NFL 9-13 $5 Fantasy Football Millionaire (ARI @ SF)",194485741,"2026-08-27 21:45:00",8,73.15,"$0.00","$0.00",59,"$0.10","$5.00",1
"MLB","Classic",5232476971,"MLB SUPERSatellite to NFL 9-13 $5 Fantasy Football Millionaire [5x] (3/3)",194554311,"2026-08-27 19:07:00",16,153.85,"$0.00","$0.00",108,"$0.25","$25.00",5
"MLB","Classic",5232476947,"MLB SUPERSatellite to NFL 9-13 $5 Fantasy Football Millionaire [5x] (1/3)",194554311,"2026-08-27 19:07:00",20,149.15,"$0.00","$0.00",108,"$0.25","$25.00",5
"MLB","Classic",5232476961,"MLB SUPERSatellite to NFL 9-13 $5 Fantasy Football Millionaire [5x] (2/3)",194554311,"2026-08-27 19:07:00",93,76.8,"$0.00","$0.00",108,"$0.25","$25.00",5
"MLB","Classic",5232476578,"MLB Satellite to NFL 9-9 $20 Wednesday Kickoff Millionaire (1/2)",194487179,"2026-08-27 19:07:00",1,215.3,"$0.00","$20.00",95,"$0.25","$20.00",1
"MLB","Classic",5232485178,"MLB Satellite to NFL 9-9 $20 Wednesday Kickoff Millionaire (2/2)",194487179,"2026-08-27 19:07:00",37,126.75,"$0.00","$0.00",95,"$0.25","$20.00",1
"MLB","Showdown Captain Mode",5232477958,"MLB Showdown Satellite to NFL 9-13 $5 Fantasy Football Millionaire (HOU @ NYY)",194485715,"2026-08-27 19:15:00",23,29,"$0.00","$0.00",23,"$0.25","$5.00",1
"MLB","Showdown Captain Mode",5232486557,"MLB Showdown Satellite to NFL 9-13 $5 Fantasy Football Millionaire (HOU @ NYY)",194485716,"2026-08-27 19:15:00",3,56.38,"$0.00","$0.00",23,"$0.25","$5.00",1
"MLB","Showdown Captain Mode",5232486581,"MLB Showdown Satellite to NFL 9-13 $5 Fantasy Football Millionaire (HOU @ NYY)",194485717,"2026-08-27 19:15:00",8,46,"$0.00","$0.00",23,"$0.25","$5.00",1
"MLB","Showdown Captain Mode",5232486848,"MLB Showdown Satellite to NFL 9-13 $5 Fantasy Football Millionaire (HOU @ NYY)",194485718,"2026-08-27 19:15:00",5,57.38,"$0.00","$0.00",39,"$0.10","$5.00",1
"GOLF","Classic",5232059245,"PGA TOUR Satellite to NFL 9-9 $20 Wednesday Kickoff Millionaire (2/2)",194487967,"2026-08-27 11:00:00",16,544.5,"$0.00","$0.00",95,"$0.25","$20.00",1
"GOLF","Classic",5232053860,"PGA TOUR Satellite to NFL 9-9 $20 Wednesday Kickoff Millionaire (1/2)",194487967,"2026-08-27 11:00:00",39,512.5,"$0.00","$0.00",95,"$0.25","$20.00",1
"MLB","Classic",5231483906,"MLB Satellite to NFL 9-9 $20 Wednesday Kickoff Millionaire (2/2)",194428689,"2026-08-26 19:05:00",55,62.85,"$0.00","$0.00",72,"$0.25","$20.00",1
"MLB","Classic",5231483883,"MLB Satellite to NFL 9-9 $20 Wednesday Kickoff Millionaire (1/2)",194428689,"2026-08-26 19:05:00",67,45.55,"$0.00","$0.00",72,"$0.25","$20.00",1
"MLB","Classic",5231491356,"MLB SUPERSatellite to NFL 9-13 $5 Fantasy Football Millionaire [5x]",194428621,"2026-08-26 19:05:00",38,84.45,"$0.00","$0.00",118,"$0.25","$25.00",5
"MLB","Classic",5231484019,"MLB SUPERSatellite to NFL 9-13 $5 Fantasy Football Millionaire [5x] (1/2)",194428622,"2026-08-26 19:05:00",3,122.65,"$0.00","$5.00",118,"$0.25","$25.00",5
"MLB","Classic",5231484209,"MLB SUPERSatellite to NFL 9-13 $5 Fantasy Football Millionaire [5x] (2/2)",194428622,"2026-08-26 19:05:00",89,55.45,"$0.00","$0.00",118,"$0.25","$25.00",5
"MLB","Showdown Captain Mode",5231521373,"MLB Showdown Satellite to NFL 9-13 $5 Fantasy Football Millionaire (HOU @ NYY)",194429258,"2026-08-26 19:05:00",10,57,"$0.00","$0.00",19,"$0.25","$5.00",1
"MLB","Showdown Captain Mode",5231516810,"MLB Showdown Satellite to NFL 9-13 $5 Fantasy Football Millionaire (HOU @ NYY)",194429259,"2026-08-26 19:05:00",17,35,"$0.00","$0.00",19,"$0.25","$5.00",1
"MLB","Showdown Captain Mode",5231517601,"MLB Showdown Satellite to NFL 9-13 $5 Fantasy Football Millionaire (HOU @ NYY)",194429260,"2026-08-26 19:05:00",14,47.75,"$0.00","$0.00",19,"$0.25","$5.00",1
"MLB","Showdown Captain Mode",5231521582,"MLB Showdown Satellite to NFL 9-13 $5 Fantasy Football Millionaire (HOU @ NYY)",194429261,"2026-08-26 19:05:00",21,52.25,"$0.00","$0.00",32,"$0.10","$5.00",1
"MLB","Classic",5231467059,"MLB Satellite to NFL 9-13 $5 Fantasy Football Millionaire (Turbo)",194429235,"2026-08-26 18:40:00",9,80.75,"$0.00","$0.00",21,"$0.25","$5.00",1
"MLB","Classic",5231473892,"MLB Satellite to NFL 9-13 $5 Fantasy Football Millionaire (Turbo)",194429236,"2026-08-26 18:40:00",2,132.5,"$0.00","$0.00",21,"$0.25","$5.00",1
"MLB","Classic",5231473421,"MLB Satellite to NFL 9-13 $5 Fantasy Football Millionaire (Turbo)",194429238,"2026-08-26 18:40:00",2,122.6,"$0.00","$0.00",48,"$0.10","$5.00",1
"MLB","Showdown Captain Mode",5230569881,"MLB Showdown Satellite to NFL 9-13 $5 Fantasy Football Millionaire (CIN @ SF)",194444631,"2026-08-25 21:45:00",14,32.13,"$0.00","$0.00",15,"$0.25","$5.00",1
"MLB","Showdown Captain Mode",5230565397,"MLB Showdown Satellite to NFL 9-13 $5 Fantasy Football Millionaire (CIN @ SF)",194444674,"2026-08-25 21:45:00",10,42.5,"$0.00","$0.00",18,"$0.25","$5.00",1
"MLB","Showdown Captain Mode",5230565026,"MLB Showdown Satellite to NFL 9-13 $5 Fantasy Football Millionaire (CIN @ SF)",194370266,"2026-08-25 21:45:00",1,73,"$0.00","$5.00",23,"$0.25","$5.00",1
"MLB","Showdown Captain Mode",5230569722,"MLB Showdown Satellite to NFL 9-13 $5 Fantasy Football Millionaire (CIN @ SF)",194370267,"2026-08-25 21:45:00",15,50.73,"$0.00","$0.00",43,"$0.10","$5.00",1
"MLB","Classic",5230563973,"MLB SUPERSatellite to NFL 9-13 $5 Fantasy Football Millionaire [2x] (Night) (3/3)",194369881,"2026-08-25 21:38:00",25,98.2,"$0.00","$0.00",118,"$0.10","$10.00",2
"MLB","Classic",5230563972,"MLB SUPERSatellite to NFL 9-13 $5 Fantasy Football Millionaire [2x] (Night) (2/3)",194369881,"2026-08-25 21:38:00",60,78,"$0.00","$0.00",118,"$0.10","$10.00",2
"MLB","Classic",5230563960,"MLB SUPERSatellite to NFL 9-13 $5 Fantasy Football Millionaire [2x] (Night) (1/3)",194369881,"2026-08-25 21:38:00",69,70.75,"$0.00","$0.00",118,"$0.10","$10.00",2
"MLB","Classic",5230558019,"MLB SUPERSatellite to NFL 9-13 $5 Fantasy Football Millionaire [2x] (Night)",194369882,"2026-08-25 21:38:00",27,70.75,"$0.00","$0.00",47,"$0.25","$10.00",2
"MLB","Classic",5230285230,"MLB Satellite to NFL 9-13 $5 Fantasy Football Millionaire (Turbo)",194418693,"2026-08-25 18:40:00",23,63.95,"$0.00","$0.00",23,"$0.25","$5.00",1
"MLB","Classic",5230285267,"MLB Satellite to NFL 9-13 $5 Fantasy Football Millionaire (Turbo)",194425332,"2026-08-25 18:40:00",11,91.7,"$0.00","$0.00",23,"$0.25","$5.00",1
"MLB","Classic",5230292793,"MLB Satellite to NFL 9-13 $5 Fantasy Football Millionaire (Turbo)",194426112,"2026-08-25 18:40:00",19,70.2,"$0.00","$0.00",23,"$0.25","$5.00",1
"MLB","Classic",5230285100,"MLB Satellite to NFL 9-13 $5 Fantasy Football Millionaire (Turbo)",194370221,"2026-08-25 18:40:00",33,77.8,"$0.00","$0.00",59,"$0.10","$5.00",1
"MLB","Classic",5229411980,"MLB Satellite to NFL 9-9 $20 Wednesday Kickoff Millionaire (5/7)",194376206,"2026-08-24 19:40:00",43,95.45,"$0.00","$0.00",165,"$0.10","$20.00",1
"MLB","Classic",5229411977,"MLB Satellite to NFL 9-9 $20 Wednesday Kickoff Millionaire (2/7)",194376206,"2026-08-24 19:40:00",102,71.3,"$0.00","$0.00",165,"$0.10","$20.00",1
"MLB","Classic",5229411982,"MLB Satellite to NFL 9-9 $20 Wednesday Kickoff Millionaire (7/7)",194376206,"2026-08-24 19:40:00",105,69.4,"$0.00","$0.00",165,"$0.10","$20.00",1
"MLB","Classic",5229411981,"MLB Satellite to NFL 9-9 $20 Wednesday Kickoff Millionaire (6/7)",194376206,"2026-08-24 19:40:00",114,65.75,"$0.00","$0.00",165,"$0.10","$20.00",1
"MLB","Classic",5229411978,"MLB Satellite to NFL 9-9 $20 Wednesday Kickoff Millionaire (3/7)",194376206,"2026-08-24 19:40:00",119,63.1,"$0.00","$0.00",165,"$0.10","$20.00",1
"MLB","Classic",5229411979,"MLB Satellite to NFL 9-9 $20 Wednesday Kickoff Millionaire (4/7)",194376206,"2026-08-24 19:40:00",131,56.7,"$0.00","$0.00",165,"$0.10","$20.00",1
"MLB","Classic",5229406927,"MLB Satellite to NFL 9-9 $20 Wednesday Kickoff Millionaire (1/7)",194376206,"2026-08-24 19:40:00",140,52.35,"$0.00","$0.00",165,"$0.10","$20.00",1
"MLB","Classic",5229411283,"MLB SUPERSatellite to NFL 9-13 $5 Fantasy Football Millionaire [2x] (1/3)",194371019,"2026-08-24 19:40:00",59,76.2,"$0.00","$0.00",89,"$0.10","$10.00",2
"MLB","Classic",5229411989,"MLB SUPERSatellite to NFL 9-13 $5 Fantasy Football Millionaire [2x] (3/3)",194371019,"2026-08-24 19:40:00",71,62.85,"$0.00","$0.00",89,"$0.10","$10.00",2
"MLB","Classic",5229411988,"MLB SUPERSatellite to NFL 9-13 $5 Fantasy Football Millionaire [2x] (2/3)",194371019,"2026-08-24 19:40:00",73,59.2,"$0.00","$0.00",89,"$0.10","$10.00",2
"MLB","Showdown Captain Mode",5229279621,"MLB Showdown Satellite to NFL 9-13 $5 Fantasy Football Millionaire (TEX @ CWS)",194282823,"2026-08-24 19:40:00",16,22.5,"$0.00","$0.00",23,"$0.25","$5.00",1
"MLB","Showdown Captain Mode",5229279650,"MLB Showdown Satellite to NFL 9-13 $5 Fantasy Football Millionaire (TEX @ CWS)",194282824,"2026-08-24 19:40:00",20,20.33,"$0.00","$0.00",23,"$0.25","$5.00",1
"MLB","Showdown Captain Mode",5229274610,"MLB Showdown Satellite to NFL 9-13 $5 Fantasy Football Millionaire (TEX @ CWS)",194282825,"2026-08-24 19:40:00",2,85.93,"$0.00","$0.00",23,"$0.25","$5.00",1
"MLB","Showdown Captain Mode",5229274847,"MLB Showdown Satellite to NFL 9-13 $5 Fantasy Football Millionaire (TEX @ CWS)",194282826,"2026-08-24 19:40:00",7,90.5,"$0.00","$0.00",48,"$0.10","$5.00",1
"MLB","Showdown Captain Mode",5229279591,"MLB Showdown Satellite to NFL 9-9 $20 Wednesday Kickoff Millionaire (TEX @ CWS)",194282827,"2026-08-24 19:40:00",1,104.93,"$0.00","$20.00",23,"$1.00","$20.00",1
"MLB","Classic",5229274085,"MLB Satellite to NFL 9-13 $5 Fantasy Football Millionaire (Turbo)",194363531,"2026-08-24 18:40:00",20,96.45,"$0.00","$0.00",23,"$0.25","$5.00",1
"MLB","Classic",5229278862,"MLB Satellite to NFL 9-13 $5 Fantasy Football Millionaire (Turbo)",194363532,"2026-08-24 18:40:00",21,88.7,"$0.00","$0.00",23,"$0.25","$5.00",1
"MLB","Classic",5229278880,"MLB Satellite to NFL 9-13 $5 Fantasy Football Millionaire (Turbo)",194365650,"2026-08-24 18:40:00",4,136.95,"$0.00","$0.00",23,"$0.25","$5.00",1
"MLB","Classic",5229278538,"MLB Satellite to NFL 9-13 $5 Fantasy Football Millionaire (Turbo)",194282803,"2026-08-24 18:40:00",15,133.85,"$0.00","$0.00",59,"$0.10","$5.00",1
"MLB","Showdown Captain Mode",5228401294,"MLB Showdown Satellite to NFL 9-13 $5 Fantasy Football Millionaire (ATL @ MIL)",194311681,"2026-08-23 19:10:00",17,49.35,"$0.00","$0.00",23,"$0.25","$5.00",1
"MLB","Showdown Captain Mode",5228400412,"MLB Showdown SUPERSatellite to NFL 9-13 $5 Fantasy Football Millionaire [2x] (ATL @ MIL) (2/3)",194225136,"2026-08-23 19:10:00",13,63.5,"$0.00","$0.00",118,"$0.10","$10.00",2
"MLB","Showdown Captain Mode",5228400413,"MLB Showdown SUPERSatellite to NFL 9-13 $5 Fantasy Football Millionaire [2x] (ATL @ MIL) (3/3)",194225136,"2026-08-23 19:10:00",98,44.65,"$0.00","$0.00",118,"$0.10","$10.00",2
"MLB","Showdown Captain Mode",5228400390,"MLB Showdown SUPERSatellite to NFL 9-13 $5 Fantasy Football Millionaire [2x] (ATL @ MIL) (1/3)",194225136,"2026-08-23 19:10:00",99,44.5,"$0.00","$0.00",118,"$0.10","$10.00",2
"MLB","Showdown Captain Mode",5228395403,"MLB Showdown SUPERSatellite to NFL 9-13 $5 Fantasy Football Millionaire [2x] (ATL @ MIL)",194225137,"2026-08-23 19:10:00",44,35,"$0.00","$0.00",47,"$0.25","$10.00",2
"MLB","Showdown Captain Mode",5228400699,"MLB Showdown Satellite to NFL Best Ball $25 Millionaire (ATL @ MIL) (3/3)",194225100,"2026-08-23 19:10:00",41,56.98,"$0.00","$0.00",118,"$0.25","$25.00",1
"MLB","Showdown Captain Mode",5228400698,"MLB Showdown Satellite to NFL Best Ball $25 Millionaire (ATL @ MIL) (2/3)",194225100,"2026-08-23 19:10:00",93,47.5,"$0.00","$0.00",118,"$0.25","$25.00",1
"MLB","Showdown Captain Mode",5228400660,"MLB Showdown Satellite to NFL Best Ball $25 Millionaire (ATL @ MIL) (1/3)",194225100,"2026-08-23 19:10:00",94,46.98,"$0.00","$0.00",118,"$0.25","$25.00",1
"MLB","Showdown Captain Mode",5228394176,"MLB Showdown Satellite to NFL 9-13 $5 Fantasy Football Millionaire (ATL @ MIL)",194225127,"2026-08-23 19:10:00",26,53.85,"$0.00","$0.00",59,"$0.10","$5.00",1
"MLB","Showdown Captain Mode",5228394163,"MLB Showdown Satellite to NFL 9-13 $5 Fantasy Football Millionaire (ATL @ MIL)",194225128,"2026-08-23 19:10:00",47,43,"$0.00","$0.00",59,"$0.10","$5.00",1
"MLB","Showdown Captain Mode",5228399367,"MLB Showdown Satellite to NFL 9-13 $5 Fantasy Football Millionaire (ATL @ MIL)",194225129,"2026-08-23 19:10:00",40,49.85,"$0.00","$0.00",59,"$0.10","$5.00",1
"MLB","Classic",5228222937,"MLB SUPERSatellite to NFL 9-13 $5 Fantasy Football Millionaire [2x] (Afternoon)",194225042,"2026-08-23 16:10:00",37,42.05,"$0.00","$0.00",38,"$0.25","$10.00",2
"MLB","Classic",5228230729,"MLB SUPERSatellite to NFL 9-13 $5 Fantasy Football Millionaire [2x] (Afternoon) (3/3)",194225041,"2026-08-23 16:10:00",63,70.45,"$0.00","$0.00",80,"$0.10","$10.00",2
"MLB","Classic",5228230728,"MLB SUPERSatellite to NFL 9-13 $5 Fantasy Football Millionaire [2x] (Afternoon) (2/3)",194225041,"2026-08-23 16:10:00",74,53.3,"$0.00","$0.00",80,"$0.10","$10.00",2
"MLB","Classic",5228222971,"MLB SUPERSatellite to NFL 9-13 $5 Fantasy Football Millionaire [2x] (Afternoon) (1/3)",194225041,"2026-08-23 16:10:00",76,45.4,"$0.00","$0.00",80,"$0.10","$10.00",2
"MLB","Classic",5226659078,"MLB Satellite to NFL 9-13 $5 Fantasy Football Millionaire (Early)",194182254,"2026-08-22 13:35:00",56,64.45,"$0.00","$0.00",59,"$0.10","$5.00",1
"MLB","Classic",5226659150,"MLB Satellite to NFL 9-13 $5 Fantasy Football Millionaire (Early)",194182255,"2026-08-22 13:35:00",38,84.5,"$0.00","$0.00",59,"$0.10","$5.00",1
"MLB","Classic",5226650769,"MLB Satellite to NFL 9-13 $5 Fantasy Football Millionaire (Early)",194182256,"2026-08-22 13:35:00",54,63.9,"$0.00","$0.00",59,"$0.10","$5.00",1
"MLB","Classic",5226650957,"MLB SUPERSatellite to NFL 9-13 $5 Fantasy Football Millionaire [2x] (Early) (2/3)",194182264,"2026-08-22 13:35:00",5,120.45,"$0.00","$0.00",118,"$0.10","$10.00",2
"MLB","Classic",5226650958,"MLB SUPERSatellite to NFL 9-13 $5 Fantasy Football Millionaire [2x] (Early) (3/3)",194182264,"2026-08-22 13:35:00",17,111.1,"$0.00","$0.00",118,"$0.10","$10.00",2
"MLB","Classic",5226650201,"MLB SUPERSatellite to NFL 9-13 $5 Fantasy Football Millionaire [2x] (Early) (1/3)",194182264,"2026-08-22 13:35:00",33,101.45,"$0.00","$0.00",118,"$0.10","$10.00",2
"MLB","Classic",5226649979,"MLB SUPERSatellite to NFL 9-13 $5 Fantasy Football Millionaire [2x] (Early)",194182265,"2026-08-22 13:35:00",47,61.8,"$0.00","$0.00",47,"$0.25","$10.00",2
"MLB","Showdown Captain Mode",5226657987,"MLB Showdown Satellite to NFL 9-13 $5 Fantasy Football Millionaire (TOR @ NYY)",194182639,"2026-08-22 13:35:00",13,64.5,"$0.00","$0.00",22,"$0.25","$5.00",1
"MLB","Showdown Captain Mode",5226648652,"MLB Showdown Satellite to NFL 9-13 $5 Fantasy Football Millionaire (TOR @ NYY)",194182640,"2026-08-22 13:35:00",5,75.3,"$0.00","$0.00",22,"$0.25","$5.00",1
"MLB","Showdown Captain Mode",5226658042,"MLB Showdown Satellite to NFL 9-13 $5 Fantasy Football Millionaire (TOR @ NYY)",194182641,"2026-08-22 13:35:00",19,34.05,"$0.00","$0.00",22,"$0.25","$5.00",1
"MLB","Showdown Captain Mode",5226648687,"MLB Showdown Satellite to NFL 9-13 $5 Fantasy Football Millionaire (TOR @ NYY)",194182642,"2026-08-22 13:35:00",33,59,"$0.00","$0.00",44,"$0.10","$5.00",1
"GOLF","Captain Mode Showdown",5226651430,"PGA TOUR Showdown Satellite to NFL Best Ball $25 Millionaire (Late Round 3 TOUR) (1/3)",194201359,"2026-08-22 12:17:00",8,259.8,"$0.00","$0.00",118,"$0.25","$25.00",1
"GOLF","Captain Mode Showdown",5226660342,"PGA TOUR Showdown Satellite to NFL Best Ball $25 Millionaire (Late Round 3 TOUR) (3/3)",194201359,"2026-08-22 12:17:00",51,231.63,"$0.00","$0.00",118,"$0.25","$25.00",1
"GOLF","Captain Mode Showdown",5226660341,"PGA TOUR Showdown Satellite to NFL Best Ball $25 Millionaire (Late Round 3 TOUR) (2/3)",194201359,"2026-08-22 12:17:00",78,220.98,"$0.00","$0.00",118,"$0.25","$25.00",1
"MLB","Showdown Captain Mode",5225724623,"MLB Showdown Satellite to NFL 9-13 $5 Fantasy Football Millionaire (ATL @ MIL)",194174103,"2026-08-21 16:10:00",20,27,"$0.00","$0.00",20,"$0.25","$5.00",1
"MLB","Showdown Captain Mode",5225724591,"MLB Showdown Satellite to NFL 9-13 $5 Fantasy Football Millionaire (ATL @ MIL)",194174104,"2026-08-21 16:10:00",18,54.7,"$0.00","$0.00",21,"$0.25","$5.00",1
"MLB","Showdown Captain Mode",5225724571,"MLB Showdown Satellite to NFL 9-13 $5 Fantasy Football Millionaire (ATL @ MIL)",194119107,"2026-08-21 16:10:00",48,37.5,"$0.00","$0.00",52,"$0.10","$5.00",1
"MLB","Showdown Captain Mode",5225729016,"MLB Showdown Satellite to NFL 9-13 $5 Fantasy Football Millionaire (ATL @ MIL)",194170205,"2026-08-21 16:10:00",18,55.4,"$0.00","$0.00",23,"$0.25","$5.00",1
"GOLF","Showdown",5225524313,"PGA TOUR Showdown Satellite to NFL Best Ball $25 Millionaire (Late Round 2 TOUR) (2/3)",194127200,"2026-08-21 13:20:00",2,275.05,"$0.00","$0.00",104,"$0.25","$25.00",1
"GOLF","Showdown",5225524314,"PGA TOUR Showdown Satellite to NFL Best Ball $25 Millionaire (Late Round 2 TOUR) (3/3)",194127200,"2026-08-21 13:20:00",6,267.9,"$0.00","$0.00",104,"$0.25","$25.00",1
"GOLF","Showdown",5225524263,"PGA TOUR Showdown Satellite to NFL Best Ball $25 Millionaire (Late Round 2 TOUR) (1/3)",194127200,"2026-08-21 13:20:00",104,205.05,"$0.00","$0.00",104,"$0.25","$25.00",1
"MLB","Showdown Captain Mode",5225017442,"MLB Showdown Satellite to NFL 9-13 $5 Fantasy Football Millionaire (LAA @ HOU)",194068594,"2026-08-20 20:10:00",10,44.5,"$0.00","$0.00",23,"$0.25","$5.00",1
"MLB","Showdown Captain Mode",5225017436,"MLB Showdown Satellite to NFL 9-13 $5 Fantasy Football Millionaire (LAA @ HOU)",194068595,"2026-08-20 20:10:00",22,11.38,"$0.00","$0.00",23,"$0.25","$5.00",1
"MLB","Showdown Captain Mode",5225017394,"MLB Showdown Satellite to NFL 9-13 $5 Fantasy Football Millionaire (LAA @ HOU)",194068597,"2026-08-20 20:10:00",34,27,"$0.00","$0.00",50,"$0.10","$5.00",1
"MLB","Classic",5225026236,"MLB Satellite to NFL 9-13 $5 Fantasy Football Millionaire (Late Night)",194130093,"2026-08-20 20:05:00",8,118.6,"$0.00","$0.00",23,"$0.25","$5.00",1
"MLB","Classic",5225026409,"MLB Satellite to NFL 9-13 $5 Fantasy Football Millionaire (Late Night)",194132079,"2026-08-20 20:05:00",16,67.55,"$0.00","$0.00",23,"$0.25","$5.00",1
"MLB","Classic",5225026219,"MLB Satellite to NFL 9-13 $5 Fantasy Football Millionaire (Late Night)",194133245,"2026-08-20 20:05:00",21,58.8,"$0.00","$0.00",23,"$0.25","$5.00",1
"MLB","Classic",5224891436,"MLB SUPERSatellite to NFL 9-13 $5 Fantasy Football Millionaire [2x] (Night)",194068303,"2026-08-20 18:55:00",15,122.05,"$0.00","$0.00",47,"$0.25","$10.00",2
"MLB","Classic",5224891732,"MLB SUPERSatellite to NFL 9-13 $5 Fantasy Football Millionaire [2x] (Night) (2/3)",194068302,"2026-08-20 18:55:00",27,127.8,"$0.00","$0.00",118,"$0.10","$10.00",2
"MLB","Classic",5224899161,"MLB SUPERSatellite to NFL 9-13 $5 Fantasy Football Millionaire [2x] (Night) (3/3)",194068302,"2026-08-20 18:55:00",41,112.25,"$0.00","$0.00",118,"$0.10","$10.00",2
"MLB","Classic",5224891666,"MLB SUPERSatellite to NFL 9-13 $5 Fantasy Football Millionaire [2x] (Night) (1/3)",194068302,"2026-08-20 18:55:00",111,45.75,"$0.00","$0.00",118,"$0.10","$10.00",2
"MLB","Showdown Captain Mode",5224891953,"MLB Showdown Satellite to NFL 9-13 $5 Fantasy Football Millionaire (NYY @ BAL)",194068548,"2026-08-20 18:55:00",8,77.5,"$0.00","$0.00",23,"$0.25","$5.00",1
"MLB","Showdown Captain Mode",5224891899,"MLB Showdown Satellite to NFL 9-13 $5 Fantasy Football Millionaire (NYY @ BAL)",194068549,"2026-08-20 18:55:00",10,79,"$0.00","$0.00",23,"$0.25","$5.00",1
"MLB","Showdown Captain Mode",5224899435,"MLB Showdown Satellite to NFL 9-13 $5 Fantasy Football Millionaire (NYY @ BAL)",194068550,"2026-08-20 18:55:00",22,40.13,"$0.00","$0.00",23,"$0.25","$5.00",1
"MLB","Showdown Captain Mode",5224891814,"MLB Showdown Satellite to NFL 9-13 $5 Fantasy Football Millionaire (NYY @ BAL)",194068551,"2026-08-20 18:55:00",38,23.5,"$0.00","$0.00",40,"$0.10","$5.00",1
"MLB","Classic",5224634266,"MLB Satellite to NFL 9-9 $20 Wednesday Kickoff Millionaire (2/2)",194068173,"2026-08-20 12:40:00",18,107.95,"$0.00","$0.00",95,"$0.25","$20.00",1
"MLB","Classic",5224634241,"MLB Satellite to NFL 9-9 $20 Wednesday Kickoff Millionaire (1/2)",194068173,"2026-08-20 12:40:00",85,71.25,"$0.00","$0.00",95,"$0.25","$20.00",1
"GOLF","Showdown",5224633528,"PGA TOUR Showdown Satellite to NFL Best Ball $25 Millionaire (Late Round 1 TOUR) (2/3)",194053081,"2026-08-20 13:20:00",30,224.5,"$0.00","$0.00",90,"$0.25","$25.00",1
"GOLF","Showdown",5224633529,"PGA TOUR Showdown Satellite to NFL Best Ball $25 Millionaire (Late Round 1 TOUR) (3/3)",194053081,"2026-08-20 13:20:00",32,223.6,"$0.00","$0.00",90,"$0.25","$25.00",1
"GOLF","Showdown",5224633512,"PGA TOUR Showdown Satellite to NFL Best Ball $25 Millionaire (Late Round 1 TOUR) (1/3)",194053081,"2026-08-20 13:20:00",84,166.85,"$0.00","$0.00",90,"$0.25","$25.00",1
"GOLF","Classic",5224126510,"PGA TOUR Satellite to NFL 9-9 $20 Wednesday Kickoff Millionaire (1/2)",193947347,"2026-08-20 10:03:00",11,501.5,"$0.00","$0.00",95,"$0.25","$20.00",1
"GOLF","Classic",5224132916,"PGA TOUR Satellite to NFL 9-9 $20 Wednesday Kickoff Millionaire (2/2)",193947347,"2026-08-20 10:03:00",21,474,"$0.00","$0.00",95,"$0.25","$20.00",1
"MLB","Showdown Captain Mode",5224002378,"MLB Showdown Satellite to NFL 9-13 $5 Fantasy Football Millionaire (LAD @ COL)",194017592,"2026-08-19 20:40:00",17,42,"$0.00","$0.00",23,"$0.25","$5.00",1
"MLB","Showdown Captain Mode",5224002407,"MLB Showdown Satellite to NFL 9-13 $5 Fantasy Football Millionaire (LAD @ COL)",194017593,"2026-08-19 20:40:00",8,53.45,"$0.00","$0.00",23,"$0.25","$5.00",1
"MLB","Showdown Captain Mode",5224008138,"MLB Showdown Satellite to NFL 9-13 $5 Fantasy Football Millionaire (LAD @ COL)",194017594,"2026-08-19 20:40:00",19,41,"$0.00","$0.00",23,"$0.25","$5.00",1
"MLB","Showdown Captain Mode",5224007956,"MLB Showdown Satellite to NFL 9-13 $5 Fantasy Football Millionaire (LAD @ COL)",194017595,"2026-08-19 20:40:00",3,73.45,"$0.00","$0.00",59,"$0.10","$5.00",1
"MLB","Classic",5223996301,"MLB Satellite to NFL 9-13 $5 Fantasy Football Millionaire (Night)",194074812,"2026-08-19 20:05:00",9,93.5,"$0.00","$0.00",23,"$0.25","$5.00",1
"MLB","Classic",5223996366,"MLB Satellite to NFL 9-13 $5 Fantasy Football Millionaire (Night)",194017570,"2026-08-19 20:05:00",21,49.7,"$0.00","$0.00",23,"$0.25","$5.00",1
"MLB","Classic",5224000637,"MLB Satellite to NFL 9-13 $5 Fantasy Football Millionaire (Night)",194017569,"2026-08-19 20:05:00",18,78.15,"$0.00","$0.00",23,"$0.25","$5.00",1
"MLB","Classic",5223857615,"MLB SUPERSatellite to NFL 9-13 $5 Fantasy Football Millionaire [5x] (3/3)",194035362,"2026-08-19 18:35:00",28,115.2,"$0.00","$0.00",118,"$0.25","$25.00",5
"MLB","Classic",5223853403,"MLB SUPERSatellite to NFL 9-13 $5 Fantasy Football Millionaire [5x] (1/3)",194035362,"2026-08-19 18:35:00",80,82.85,"$0.00","$0.00",118,"$0.25","$25.00",5
"MLB","Classic",5223853404,"MLB SUPERSatellite to NFL 9-13 $5 Fantasy Football Millionaire [5x] (2/3)",194035362,"2026-08-19 18:35:00",88,77.7,"$0.00","$0.00",118,"$0.25","$25.00",5
"MLB","Classic",5223852476,"MLB Satellite to NFL 9-9 $20 Wednesday Kickoff Millionaire (1/2)",194035420,"2026-08-19 18:35:00",72,72.3,"$0.00","$0.00",95,"$0.25","$20.00",1
"MLB","Classic",5223857682,"MLB Satellite to NFL 9-9 $20 Wednesday Kickoff Millionaire (2/2)",194035420,"2026-08-19 18:35:00",81,66.25,"$0.00","$0.00",95,"$0.25","$20.00",1
"MLB","Showdown Captain Mode",5223760673,"MLB Showdown Satellite to NFL 9-13 $5 Fantasy Football Millionaire (ARI @ BOS)",194017523,"2026-08-19 16:10:00",19,53.5,"$0.00","$0.00",23,"$0.25","$5.00",1
"MLB","Showdown Captain Mode",5223755962,"MLB Showdown Satellite to NFL 9-13 $5 Fantasy Football Millionaire (ARI @ BOS)",194017524,"2026-08-19 16:10:00",10,66.45,"$0.00","$0.00",23,"$0.25","$5.00",1
"MLB","Showdown Captain Mode",5223755980,"MLB Showdown Satellite to NFL 9-13 $5 Fantasy Football Millionaire (ARI @ BOS)",194017525,"2026-08-19 16:10:00",19,47,"$0.00","$0.00",23,"$0.25","$5.00",1
"MLB","Showdown Captain Mode",5223760513,"MLB Showdown Satellite to NFL 9-13 $5 Fantasy Football Millionaire (ARI @ BOS)",194017526,"2026-08-19 16:10:00",11,74.83,"$0.00","$0.00",42,"$0.10","$5.00",1
"MLB","Classic",5223575738,"MLB Satellite to NFL 9-13 $5 Fantasy Football Millionaire (Early)",194017297,"2026-08-19 12:35:00",1,113.4,"$0.00","$5.00",23,"$0.25","$5.00",1
"MLB","Classic",5223575986,"MLB Satellite to NFL 9-9 $20 Wednesday Kickoff Millionaire (Early) (2/2)",194017360,"2026-08-19 12:35:00",4,87.65,"$0.00","$0.00",93,"$0.25","$20.00",1
"MLB","Classic",5223575717,"MLB Satellite to NFL 9-9 $20 Wednesday Kickoff Millionaire (Early) (1/2)",194017360,"2026-08-19 12:35:00",19,75.45,"$0.00","$0.00",93,"$0.25","$20.00",1
"MLB","Showdown Captain Mode",5223038919,"MLB Showdown Satellite to NFL 9-13 $5 Fantasy Football Millionaire (LAD @ COL)",193961520,"2026-08-18 20:40:00",5,84,"$0.00","$0.00",23,"$0.25","$5.00",1
"MLB","Showdown Captain Mode",5223033727,"MLB Showdown Satellite to NFL 9-13 $5 Fantasy Football Millionaire (LAD @ COL)",193961521,"2026-08-18 20:40:00",18,59.58,"$0.00","$0.00",23,"$0.25","$5.00",1
"MLB","Showdown Captain Mode",5223038901,"MLB Showdown Satellite to NFL 9-13 $5 Fantasy Football Millionaire (LAD @ COL)",193961523,"2026-08-18 20:40:00",11,83,"$0.00","$0.00",59,"$0.10","$5.00",1
"MLB","Classic",5223027884,"MLB Satellite to NFL 9-13 $5 Fantasy Football Millionaire (Night)",193961500,"2026-08-18 20:05:00",7,106,"$0.00","$0.00",59,"$0.10","$5.00",1
"MLB","Classic",5222875649,"MLB Satellite to NFL 9-13 $5 Fantasy Football Millionaire (Turbo)",194006452,"2026-08-18 18:35:00",2,116.1,"$0.00","$0.00",23,"$0.25","$5.00",1
"MLB","Classic",5222875679,"MLB Satellite to NFL 9-13 $5 Fantasy Football Millionaire (Turbo)",194006453,"2026-08-18 18:35:00",22,53.05,"$0.00","$0.00",23,"$0.25","$5.00",1
"MLB","Classic",5222875706,"MLB Satellite to NFL 9-13 $5 Fantasy Football Millionaire (Turbo)",194016232,"2026-08-18 18:35:00",23,19.05,"$0.00","$0.00",23,"$0.25","$5.00",1
"MLB","Classic",5222875858,"MLB Satellite to NFL 9-13 $5 Fantasy Football Millionaire (Turbo)",194016640,"2026-08-18 18:35:00",3,120.6,"$0.00","$0.00",59,"$0.10","$5.00",1
"MLB","Classic",5221974147,"MLB SUPERSatellite to NFL 9-13 $5 Fantasy Football Millionaire [2x]",193959451,"2026-08-17 19:05:00",23,106.4,"$0.00","$0.00",47,"$0.25","$10.00",2
"MLB","Classic",5221985734,"MLB Satellite to NFL 9-9 $20 Wednesday Kickoff Millionaire (2/2)",193877000,"2026-08-17 19:05:00",41,121,"$0.00","$0.00",95,"$0.25","$20.00",1
"MLB","Classic",5221973936,"MLB Satellite to NFL 9-9 $20 Wednesday Kickoff Millionaire (1/2)",193877000,"2026-08-17 19:05:00",78,85.35,"$0.00","$0.00",95,"$0.25","$20.00",1
"MLB","Showdown Captain Mode",5220992096,"MLB Showdown Satellite to NFL 9-13 $5 Fantasy Football Millionaire (SEA @ HOU)",193823457,"2026-08-16 19:20:00",5,67.2,"$0.00","$0.00",23,"$0.25","$5.00",1
"MLB","Showdown Captain Mode",5220990872,"MLB Showdown SUPERSatellite to NFL 9-13 $5 Fantasy Football Millionaire [2x] (SEA @ HOU)",193823468,"2026-08-16 19:20:00",20,60.18,"$0.00","$0.00",47,"$0.25","$10.00",2
"MLB","Showdown Captain Mode",5220991088,"MLB Showdown Satellite to NFL 9-13 $5 Fantasy Football Millionaire (SEA @ HOU)",193823459,"2026-08-16 19:20:00",14,64.2,"$0.00","$0.00",59,"$0.10","$5.00",1
"MLB","Showdown Captain Mode",5221001137,"MLB Showdown Satellite to NFL 9-13 $5 Fantasy Football Millionaire (SEA @ HOU)",193823460,"2026-08-16 19:20:00",22,62.5,"$0.00","$0.00",59,"$0.10","$5.00",1
"MLB","Showdown Captain Mode",5220999748,"MLB Showdown SUPERSatellite to NFL 9-13 $5 Fantasy Football Millionaire [2x] (SEA @ HOU) (2/3)",193823467,"2026-08-16 19:20:00",1,89.5,"$0.00","$5.00",118,"$0.10","$10.00",2
"MLB","Showdown Captain Mode",5220991071,"MLB Showdown SUPERSatellite to NFL 9-13 $5 Fantasy Football Millionaire [2x] (SEA @ HOU) (1/3)",193823467,"2026-08-16 19:20:00",8,75.2,"$0.00","$0.00",118,"$0.10","$10.00",2
"MLB","Showdown Captain Mode",5220999749,"MLB Showdown SUPERSatellite to NFL 9-13 $5 Fantasy Football Millionaire [2x] (SEA @ HOU) (3/3)",193823467,"2026-08-16 19:20:00",82,52,"$0.00","$0.00",118,"$0.10","$10.00",2
"MLB","Classic",5220747635,"MLB SUPERSatellite to NFL 9-13 $5 Fantasy Football Millionaire [5x] (1/3)",193880063,"2026-08-16 13:35:00",77,89.8,"$0.00","$0.00",118,"$0.25","$25.00",5
"MLB","Classic",5220757597,"MLB SUPERSatellite to NFL 9-13 $5 Fantasy Football Millionaire [5x] (3/3)",193880063,"2026-08-16 13:35:00",100,75.5,"$0.00","$0.00",118,"$0.25","$25.00",5
"MLB","Classic",5220757576,"MLB SUPERSatellite to NFL 9-13 $5 Fantasy Football Millionaire [5x] (2/3)",193880063,"2026-08-16 13:35:00",108,68.2,"$0.00","$0.00",118,"$0.25","$25.00",5
"MLB","Classic",5220758466,"MLB Satellite to NFL 9-9 $20 Wednesday Kickoff Millionaire (2/7)",193880093,"2026-08-16 13:35:00",80,108.7,"$0.00","$0.00",217,"$0.10","$20.00",1
"MLB","Classic",5220758467,"MLB Satellite to NFL 9-9 $20 Wednesday Kickoff Millionaire (3/7)",193880093,"2026-08-16 13:35:00",91,104.7,"$0.00","$0.00",217,"$0.10","$20.00",1
"MLB","Classic",5220758469,"MLB Satellite to NFL 9-9 $20 Wednesday Kickoff Millionaire (5/7)",193880093,"2026-08-16 13:35:00",129,93,"$0.00","$0.00",217,"$0.10","$20.00",1
"MLB","Classic",5220758468,"MLB Satellite to NFL 9-9 $20 Wednesday Kickoff Millionaire (4/7)",193880093,"2026-08-16 13:35:00",132,91.45,"$0.00","$0.00",217,"$0.10","$20.00",1
"MLB","Classic",5220747777,"MLB Satellite to NFL 9-9 $20 Wednesday Kickoff Millionaire (1/7)",193880093,"2026-08-16 13:35:00",143,89.45,"$0.00","$0.00",217,"$0.10","$20.00",1
"MLB","Classic",5220758471,"MLB Satellite to NFL 9-9 $20 Wednesday Kickoff Millionaire (7/7)",193880093,"2026-08-16 13:35:00",179,76.25,"$0.00","$0.00",217,"$0.10","$20.00",1
"MLB","Classic",5220758470,"MLB Satellite to NFL 9-9 $20 Wednesday Kickoff Millionaire (6/7)",193880093,"2026-08-16 13:35:00",189,70.5,"$0.00","$0.00",217,"$0.10","$20.00",1
"MLB","Showdown Captain Mode",5220089698,"MLB Showdown Satellite to NFL 9-13 $5 Fantasy Football Millionaire (TEX @ ATH)",193774283,"2026-08-15 21:40:00",8,56,"$0.00","$0.00",21,"$0.25","$5.00",1
"MLB","Showdown Captain Mode",5220098552,"MLB Showdown Satellite to NFL 9-13 $5 Fantasy Football Millionaire (TEX @ ATH)",193774285,"2026-08-15 21:40:00",16,50.13,"$0.00","$0.00",23,"$0.25","$5.00",1
"MLB","Showdown Captain Mode",5220089526,"MLB Showdown Satellite to NFL 9-13 $5 Fantasy Football Millionaire (TEX @ ATH)",193774286,"2026-08-15 21:40:00",3,75,"$0.00","$0.00",31,"$0.10","$5.00",1
"MLB","Classic",5220097603,"MLB Satellite to NFL 9-13 $5 Fantasy Football Millionaire (Night)",193774263,"2026-08-15 21:38:00",51,71.85,"$0.00","$0.00",59,"$0.10","$5.00",1
"MLB","Classic",5220089226,"MLB Satellite to NFL 9-13 $5 Fantasy Football Millionaire (Night)",193850205,"2026-08-15 21:38:00",13,80.9,"$0.00","$0.00",23,"$0.25","$5.00",1
"MLB","Classic",5220089218,"MLB Satellite to NFL 9-13 $5 Fantasy Football Millionaire (Night)",193850673,"2026-08-15 21:38:00",18,71.5,"$0.00","$0.00",23,"$0.25","$5.00",1
"GOLF","Captain Mode Showdown",5219264529,"PGA TOUR Showdown Satellite to NFL Best Ball $25 Millionaire (Late Round 3 TOUR)",193784432,"2026-08-15 12:20:00",45,210.2,"$0.00","$0.00",118,"$0.25","$25.00",1
"GOLF","Showdown",5218939139,"PGA TOUR Showdown Satellite to NFL 9-9 $20 Wednesday Kickoff Millionaire (Round 3 TOUR) (1/2)",193759547,"2026-08-15 08:00:00",39,204.4,"$0.00","$0.00",92,"$0.25","$20.00",1
"GOLF","Showdown",5218939147,"PGA TOUR Showdown Satellite to NFL 9-9 $20 Wednesday Kickoff Millionaire (Round 3 TOUR) (2/2)",193759547,"2026-08-15 08:00:00",58,187.3,"$0.00","$0.00",92,"$0.25","$20.00",1
"MLB","Classic",5218760517,"MLB Satellite to NFL 9-13 $5 Fantasy Football Millionaire (Late Night)",193708628,"2026-08-14 22:10:00",20,56.2,"$0.00","$0.00",23,"$0.25","$5.00",1
"MLB","Classic",5218754895,"MLB Satellite to NFL 9-13 $5 Fantasy Football Millionaire (Late Night)",193708629,"2026-08-14 22:10:00",22,56.2,"$0.00","$0.00",23,"$0.25","$5.00",1
"MLB","Classic",5218754868,"MLB Satellite to NFL 9-13 $5 Fantasy Football Millionaire (Late Night)",193708630,"2026-08-14 22:10:00",36,82.75,"$0.00","$0.00",47,"$0.10","$5.00",1
"MLB","Classic",5218752544,"MLB Satellite to NFL 9-13 $5 Fantasy Football Millionaire (Night)",193708406,"2026-08-14 21:38:00",22,112.15,"$0.00","$0.00",53,"$0.10","$5.00",1
"MLB","Classic",5218757410,"MLB Satellite to NFL 9-13 $5 Fantasy Football Millionaire (Night)",193708407,"2026-08-14 21:38:00",23,112.15,"$0.00","$0.00",59,"$0.10","$5.00",1
"MLB","Classic",5218757016,"MLB Satellite to NFL 9-13 $5 Fantasy Football Millionaire (Night)",193708395,"2026-08-14 21:38:00",8,112.15,"$0.00","$0.00",23,"$0.25","$5.00",1
"MLB","Classic",5218752506,"MLB Satellite to NFL Best Ball $25 Millionaire (Night) (1/3)",193708378,"2026-08-14 21:38:00",6,139.9,"$0.00","$0.00",99,"$0.25","$25.00",1
"MLB","Classic",5218757299,"MLB Satellite to NFL Best Ball $25 Millionaire (Night) (3/3)",193708378,"2026-08-14 21:38:00",20,120.7,"$0.00","$0.00",99,"$0.25","$25.00",1
"MLB","Classic",5218752507,"MLB Satellite to NFL Best Ball $25 Millionaire (Night) (2/3)",193708378,"2026-08-14 21:38:00",30,112.15,"$0.00","$0.00",99,"$0.25","$25.00",1
"MLB","Classic",5218752145,"MLB SUPERSatellite to NFL 9-13 $5 Fantasy Football Millionaire [2x] (Night)",193708414,"2026-08-14 21:38:00",13,112.15,"$0.00","$0.00",41,"$0.25","$10.00",2
"MLB","Classic",5218569399,"MLB SUPERSatellite to NFL 9-13 $5 Fantasy Football Millionaire [2x] (1/3)",193775696,"2026-08-14 19:10:00",41,88.25,"$0.00","$0.00",111,"$0.10","$10.00",2
"MLB","Classic",5218579468,"MLB SUPERSatellite to NFL 9-13 $5 Fantasy Football Millionaire [2x] (2/3)",193775696,"2026-08-14 19:10:00",43,88.1,"$0.00","$0.00",111,"$0.10","$10.00",2
"MLB","Classic",5218579469,"MLB SUPERSatellite to NFL 9-13 $5 Fantasy Football Millionaire [2x] (3/3)",193775696,"2026-08-14 19:10:00",58,82.45,"$0.00","$0.00",111,"$0.10","$10.00",2
"MLB","Classic",5218579435,"MLB Satellite to NFL 9-9 $20 Wednesday Kickoff Millionaire (7/7)",193776225,"2026-08-14 19:10:00",10,121.05,"$0.00","$0.00",146,"$0.10","$20.00",1
"MLB","Classic",5218579431,"MLB Satellite to NFL 9-9 $20 Wednesday Kickoff Millionaire (3/7)",193776225,"2026-08-14 19:10:00",35,104.75,"$0.00","$0.00",146,"$0.10","$20.00",1
"MLB","Classic",5218579433,"MLB Satellite to NFL 9-9 $20 Wednesday Kickoff Millionaire (5/7)",193776225,"2026-08-14 19:10:00",37,103.85,"$0.00","$0.00",146,"$0.10","$20.00",1
"MLB","Classic",5218579434,"MLB Satellite to NFL 9-9 $20 Wednesday Kickoff Millionaire (6/7)",193776225,"2026-08-14 19:10:00",51,96.65,"$0.00","$0.00",146,"$0.10","$20.00",1
"MLB","Classic",5218578856,"MLB Satellite to NFL 9-9 $20 Wednesday Kickoff Millionaire (1/7)",193776225,"2026-08-14 19:10:00",68,89,"$0.00","$0.00",146,"$0.10","$20.00",1
"MLB","Classic",5218579430,"MLB Satellite to NFL 9-9 $20 Wednesday Kickoff Millionaire (2/7)",193776225,"2026-08-14 19:10:00",72,88.25,"$0.00","$0.00",146,"$0.10","$20.00",1
"MLB","Classic",5218579432,"MLB Satellite to NFL 9-9 $20 Wednesday Kickoff Millionaire (4/7)",193776225,"2026-08-14 19:10:00",74,88.1,"$0.00","$0.00",146,"$0.10","$20.00",1
"MLB","Showdown Captain Mode",5218754280,"MLB Showdown Satellite to NFL 9-13 $5 Fantasy Football Millionaire (MIL @ LAD)",193708604,"2026-08-14 22:10:00",15,60,"$0.00","$0.00",23,"$0.25","$5.00",1
"MLB","Showdown Captain Mode",5218754268,"MLB Showdown Satellite to NFL 9-13 $5 Fantasy Football Millionaire (MIL @ LAD)",193708607,"2026-08-14 22:10:00",30,64.9,"$0.00","$0.00",48,"$0.10","$5.00",1
"MLB","Showdown Captain Mode",5218571160,"MLB Showdown Satellite to NFL 9-13 $5 Fantasy Football Millionaire (NYY @ TOR)",193708558,"2026-08-14 19:15:00",15,30,"$0.00","$0.00",18,"$0.25","$5.00",1
"MLB","Showdown Captain Mode",5218571199,"MLB Showdown Satellite to NFL 9-13 $5 Fantasy Football Millionaire (NYY @ TOR)",193708559,"2026-08-14 19:15:00",9,51.95,"$0.00","$0.00",18,"$0.25","$5.00",1
"MLB","Showdown Captain Mode",5218580190,"MLB Showdown Satellite to NFL 9-13 $5 Fantasy Football Millionaire (NYY @ TOR)",193708560,"2026-08-14 19:15:00",19,28,"$0.00","$0.00",20,"$0.25","$5.00",1
"MLB","Showdown Captain Mode",5218571274,"MLB Showdown Satellite to NFL 9-13 $5 Fantasy Football Millionaire (NYY @ TOR)",193708561,"2026-08-14 19:15:00",3,72.75,"$0.00","$0.00",29,"$0.10","$5.00",1
"MLB","Classic",5218577314,"MLB Satellite to NFL 9-13 $5 Fantasy Football Millionaire (Turbo)",193770774,"2026-08-14 18:10:00",6,100.4,"$0.00","$0.00",20,"$0.25","$5.00",1
"MLB","Classic",5218577139,"MLB Satellite to NFL 9-13 $5 Fantasy Football Millionaire (Turbo)",193708538,"2026-08-14 18:10:00",48,62.4,"$0.00","$0.00",57,"$0.10","$5.00",1
"GOLF","Showdown",5218153375,"PGA TOUR Showdown Satellite to NFL Best Ball $25 Millionaire (Late Round 2 TOUR) (3/3)",193711245,"2026-08-14 11:20:00",13,243.3,"$0.00","$0.00",106,"$0.25","$25.00",1
"GOLF","Showdown",5218153346,"PGA TOUR Showdown Satellite to NFL Best Ball $25 Millionaire (Late Round 2 TOUR) (1/3)",193711245,"2026-08-14 11:20:00",44,203.95,"$0.00","$0.00",106,"$0.25","$25.00",1
"GOLF","Showdown",5218153374,"PGA TOUR Showdown Satellite to NFL Best Ball $25 Millionaire (Late Round 2 TOUR) (2/3)",193711245,"2026-08-14 11:20:00",68,180.1,"$0.00","$0.00",106,"$0.25","$25.00",1
"MLB","Classic",5217748800,"MLB Satellite to NFL Best Ball $25 Millionaire (Night) (1/3)",193663561,"2026-08-13 22:07:00",4,110.5,"$0.00","$0.00",118,"$0.25","$25.00",1
"MLB","Classic",5217758581,"MLB Satellite to NFL Best Ball $25 Millionaire (Night) (2/3)",193663561,"2026-08-13 22:07:00",26,83.2,"$0.00","$0.00",118,"$0.25","$25.00",1
"MLB","Classic",5217758582,"MLB Satellite to NFL Best Ball $25 Millionaire (Night) (3/3)",193663561,"2026-08-13 22:07:00",104,31.4,"$0.00","$0.00",118,"$0.25","$25.00",1
"MLB","Classic",5217758551,"MLB Satellite to NFL 9-13 $5 Fantasy Football Millionaire (Night)",193663578,"2026-08-13 22:07:00",4,89.2,"$0.00","$0.00",23,"$0.25","$5.00",1
"MLB","Classic",5217758489,"MLB Satellite to NFL 9-13 $5 Fantasy Football Millionaire (Night)",193663588,"2026-08-13 22:07:00",2,110.5,"$0.00","$0.00",59,"$0.10","$5.00",1
"MLB","Classic",5217758614,"MLB SUPERSatellite to NFL 9-13 $5 Fantasy Football Millionaire [2x] (Night) (3/3)",193663596,"2026-08-13 22:07:00",1,114.5,"$0.00","$5.00",118,"$0.10","$10.00",2
"MLB","Classic",5217758613,"MLB SUPERSatellite to NFL 9-13 $5 Fantasy Football Millionaire [2x] (Night) (2/3)",193663596,"2026-08-13 22:07:00",25,83.2,"$0.00","$0.00",118,"$0.10","$10.00",2
"MLB","Classic",5217758458,"MLB SUPERSatellite to NFL 9-13 $5 Fantasy Football Millionaire [2x] (Night) (1/3)",193663596,"2026-08-13 22:07:00",66,51.7,"$0.00","$0.00",118,"$0.10","$10.00",2
"MLB","Classic",5217758429,"MLB SUPERSatellite to NFL 9-13 $5 Fantasy Football Millionaire [2x] (Night)",193663597,"2026-08-13 22:07:00",40,31.4,"$0.00","$0.00",47,"$0.25","$10.00",2
"MLB","Classic",5217423564,"MLB Satellite to NFL 9-13 $5 Fantasy Football Millionaire (Afternoon)",193662861,"2026-08-13 15:07:00",6,114.8,"$0.00","$0.00",23,"$0.25","$5.00",1
"MLB","Classic",5217413167,"MLB Satellite to NFL 9-13 $5 Fantasy Football Millionaire (Afternoon)",193662863,"2026-08-13 15:07:00",35,70.85,"$0.00","$0.00",59,"$0.10","$5.00",1
"MLB","Classic",5217423561,"MLB Satellite to NFL 9-9 $20 Wednesday Kickoff Millionaire (Afternoon)",193662864,"2026-08-13 15:07:00",4,114.8,"$0.00","$0.00",23,"$1.00","$20.00",1
"MLB","Classic",5217317293,"MLB SUPERSatellite to NFL 9-13 $5 Fantasy Football Millionaire [2x]",193662565,"2026-08-13 13:10:00",32,72.65,"$0.00","$0.00",47,"$0.25","$10.00",2
"MLB","Classic",5217310678,"MLB Satellite to NFL 9-9 $20 Wednesday Kickoff Millionaire (1/3)",193662592,"2026-08-13 13:10:00",140,84.75,"$0.00","$0.00",237,"$0.10","$20.00",1
"MLB","Classic",5217311320,"MLB Satellite to NFL 9-9 $20 Wednesday Kickoff Millionaire (2/3)",193662592,"2026-08-13 13:10:00",157,79.4,"$0.00","$0.00",237,"$0.10","$20.00",1
"MLB","Classic",5217311321,"MLB Satellite to NFL 9-9 $20 Wednesday Kickoff Millionaire (3/3)",193662592,"2026-08-13 13:10:00",174,72.65,"$0.00","$0.00",237,"$0.10","$20.00",1
"MLB","Classic",5217311260,"MLB Satellite to NFL 9-9 $20 Wednesday Kickoff Millionaire (1/2)",193662594,"2026-08-13 13:10:00",10,120.1,"$0.00","$0.00",95,"$0.25","$20.00",1
"MLB","Classic",5217316735,"MLB Satellite to NFL 9-9 $20 Wednesday Kickoff Millionaire (2/2)",193662594,"2026-08-13 13:10:00",57,79.4,"$0.00","$0.00",95,"$0.25","$20.00",1
"MLB","Showdown Captain Mode",5217379912,"MLB Showdown Satellite to NFL 9-13 $5 Fantasy Football Millionaire (SEA @ NYY)",193662821,"2026-08-13 13:35:00",20,24,"$0.00","$0.00",22,"$0.25","$5.00",1
"MLB","Showdown Captain Mode",5217371161,"MLB Showdown Satellite to NFL 9-13 $5 Fantasy Football Millionaire (SEA @ NYY)",193662822,"2026-08-13 13:35:00",19,19,"$0.00","$0.00",22,"$0.25","$5.00",1
"MLB","Showdown Captain Mode",5217371133,"MLB Showdown Satellite to NFL 9-13 $5 Fantasy Football Millionaire (SEA @ NYY)",193662823,"2026-08-13 13:35:00",20,20.5,"$0.00","$0.00",22,"$0.25","$5.00",1
"MLB","Showdown Captain Mode",5217371126,"MLB Showdown Satellite to NFL 9-13 $5 Fantasy Football Millionaire (SEA @ NYY)",193662824,"2026-08-13 13:35:00",37,14.5,"$0.00","$0.00",38,"$0.10","$5.00",1
"GOLF","Classic",5216898499,"PGA TOUR Satellite to NFL 9-9 $20 Wednesday Kickoff Millionaire (2/2)",193686131,"2026-08-13 08:10:00",44,438.5,"$0.00","$0.00",95,"$0.25","$20.00",1
"GOLF","Classic",5216898494,"PGA TOUR Satellite to NFL 9-9 $20 Wednesday Kickoff Millionaire (1/2)",193686131,"2026-08-13 08:10:00",83,394,"$0.00","$0.00",95,"$0.25","$20.00",1
"GOLF","Showdown",5216964658,"PGA TOUR Showdown Satellite to NFL Best Ball $25 Millionaire (Round 1 TOUR)",193600486,"2026-08-13 08:10:00",78,194.1,"$0.00","$0.00",118,"$0.25","$25.00",1
"MLB","Classic",5216770429,"MLB Satellite to NFL 9-13 $5 Fantasy Football Millionaire (Night)",193677449,"2026-08-12 22:10:00",10,95.1,"$0.00","$0.00",23,"$0.25","$5.00",1
"MLB","Classic",5216770481,"MLB Satellite to NFL 9-13 $5 Fantasy Football Millionaire (Night)",193679176,"2026-08-12 22:10:00",9,95.1,"$0.00","$0.00",23,"$0.25","$5.00",1
"MLB","Classic",5216770494,"MLB Satellite to NFL 9-13 $5 Fantasy Football Millionaire (Night)",193679203,"2026-08-12 22:10:00",13,92.35,"$0.00","$0.00",23,"$0.25","$5.00",1
"MLB","Classic",5216761217,"MLB Satellite to NFL 9-13 $5 Fantasy Football Millionaire (Night)",193619899,"2026-08-12 22:10:00",42,92.35,"$0.00","$0.00",59,"$0.10","$5.00",1
"MLB","Classic",5216761281,"MLB Satellite to NFL 9-9 $20 Wednesday Kickoff Millionaire (Night) (2/7)",193650443,"2026-08-12 22:10:00",49,103.35,"$0.00","$0.00",201,"$0.10","$20.00",1
"MLB","Classic",5216761285,"MLB Satellite to NFL 9-9 $20 Wednesday Kickoff Millionaire (Night) (6/7)",193650443,"2026-08-12 22:10:00",100,95.1,"$0.00","$0.00",201,"$0.10","$20.00",1
"MLB","Classic",5216761284,"MLB Satellite to NFL 9-9 $20 Wednesday Kickoff Millionaire (Night) (5/7)",193650443,"2026-08-12 22:10:00",109,92.35,"$0.00","$0.00",201,"$0.10","$20.00",1
"MLB","Classic",5216761262,"MLB Satellite to NFL 9-9 $20 Wednesday Kickoff Millionaire (Night) (1/7)",193650443,"2026-08-12 22:10:00",125,88.8,"$0.00","$0.00",201,"$0.10","$20.00",1
"MLB","Classic",5216761286,"MLB Satellite to NFL 9-9 $20 Wednesday Kickoff Millionaire (Night) (7/7)",193650443,"2026-08-12 22:10:00",161,79.8,"$0.00","$0.00",201,"$0.10","$20.00",1
"MLB","Classic",5216761283,"MLB Satellite to NFL 9-9 $20 Wednesday Kickoff Millionaire (Night) (4/7)",193650443,"2026-08-12 22:10:00",170,77.05,"$0.00","$0.00",201,"$0.10","$20.00",1
"MLB","Classic",5216761282,"MLB Satellite to NFL 9-9 $20 Wednesday Kickoff Millionaire (Night) (3/7)",193650443,"2026-08-12 22:10:00",197,51.8,"$0.00","$0.00",201,"$0.10","$20.00",1
"MLB","Classic",5216760675,"MLB Satellite to NFL 9-9 $20 Wednesday Kickoff Millionaire (Night) (1/2)",193650444,"2026-08-12 22:10:00",43,95.1,"$0.00","$0.00",87,"$0.25","$20.00",1
"MLB","Classic",5216770355,"MLB Satellite to NFL 9-9 $20 Wednesday Kickoff Millionaire (Night) (2/2)",193650444,"2026-08-12 22:10:00",51,92.35,"$0.00","$0.00",87,"$0.25","$20.00",1
"MLB","Showdown Captain Mode",5216789529,"MLB Showdown Satellite to NFL 9-13 $5 Fantasy Football Millionaire (KC @ LAD)",193619919,"2026-08-12 22:10:00",19,55.5,"$0.00","$0.00",23,"$0.25","$5.00",1
"MLB","Showdown Captain Mode",5216789538,"MLB Showdown Satellite to NFL 9-13 $5 Fantasy Football Millionaire (KC @ LAD)",193619920,"2026-08-12 22:10:00",5,72.08,"$0.00","$0.00",23,"$0.25","$5.00",1
"MLB","Showdown Captain Mode",5216789332,"MLB Showdown Satellite to NFL 9-13 $5 Fantasy Football Millionaire (KC @ LAD)",193619921,"2026-08-12 22:10:00",17,50.5,"$0.00","$0.00",23,"$0.25","$5.00",1
"MLB","Classic",5216592688,"MLB Satellite to NFL 9-13 $5 Fantasy Football Millionaire (Turbo)",193619851,"2026-08-12 18:40:00",1,127.05,"$0.00","$5.00",23,"$0.25","$5.00",1
"MLB","Classic",5216585133,"MLB Satellite to NFL 9-13 $5 Fantasy Football Millionaire (Turbo)",193619853,"2026-08-12 18:40:00",4,139.3,"$0.00","$0.00",59,"$0.10","$5.00",1
"MLB","Classic",5216585109,"MLB Satellite to NFL 9-13 $5 Fantasy Football Millionaire (Turbo)",193670667,"2026-08-12 18:40:00",5,143.6,"$0.00","$0.00",20,"$0.25","$5.00",1
"MLB","Showdown Captain Mode",5216385225,"MLB Showdown Satellite to NFL 9-13 $5 Fantasy Football Millionaire (MIL @ SD)",193619827,"2026-08-12 16:10:00",17,42,"$0.00","$0.00",23,"$0.25","$5.00",1
"MLB","Showdown Captain Mode",5216392851,"MLB Showdown Satellite to NFL 9-13 $5 Fantasy Football Millionaire (MIL @ SD)",193619828,"2026-08-12 16:10:00",14,51.23,"$0.00","$0.00",23,"$0.25","$5.00",1
"MLB","Showdown Captain Mode",5216392877,"MLB Showdown Satellite to NFL 9-13 $5 Fantasy Football Millionaire (MIL @ SD)",193619829,"2026-08-12 16:10:00",19,39,"$0.00","$0.00",23,"$0.25","$5.00",1
"MLB","Showdown Captain Mode",5216392942,"MLB Showdown Satellite to NFL 9-13 $5 Fantasy Football Millionaire (MIL @ SD)",193619830,"2026-08-12 16:10:00",30,42.5,"$0.00","$0.00",37,"$0.10","$5.00",1
"MLB","Classic",5216328370,"MLB Satellite to NFL 9-13 $5 Fantasy Football Millionaire (Early)",193654476,"2026-08-12 13:40:00",7,110.15,"$0.00","$0.00",23,"$0.25","$5.00",1
"MLB","Classic",5216317305,"MLB SUPERSatellite to NFL 9-13 $5 Fantasy Football Millionaire [5x] (Early) (3/3)",193651716,"2026-08-12 13:40:00",48,90.9,"$0.00","$0.00",118,"$0.25","$25.00",5
"MLB","Classic",5216317233,"MLB SUPERSatellite to NFL 9-13 $5 Fantasy Football Millionaire [5x] (Early) (1/3)",193651716,"2026-08-12 13:40:00",108,61.9,"$0.00","$0.00",118,"$0.25","$25.00",5
"MLB","Classic",5216317292,"MLB SUPERSatellite to NFL 9-13 $5 Fantasy Football Millionaire [5x] (Early) (2/3)",193651716,"2026-08-12 13:40:00",117,39.45,"$0.00","$0.00",118,"$0.25","$25.00",5
"MLB","Classic",5216317182,"MLB Satellite to NFL 9-9 $20 Wednesday Kickoff Millionaire (Early) (1/2)",193619173,"2026-08-12 13:40:00",38,91.6,"$0.00","$0.00",95,"$0.25","$20.00",1
"MLB","Classic",5216327998,"MLB Satellite to NFL 9-9 $20 Wednesday Kickoff Millionaire (Early) (2/2)",193619173,"2026-08-12 13:40:00",89,55.5,"$0.00","$0.00",95,"$0.25","$20.00",1
"MLB","Showdown Captain Mode",5215771402,"MLB Showdown Satellite to NFL 9-13 $5 Fantasy Football Millionaire (KC @ LAD)",193580637,"2026-08-11 22:10:00",11,55,"$0.00","$0.00",23,"$0.25","$5.00",1
"MLB","Showdown Captain Mode",5215776669,"MLB Showdown Satellite to NFL 9-13 $5 Fantasy Football Millionaire (KC @ LAD)",193580638,"2026-08-11 22:10:00",13,47.2,"$0.00","$0.00",23,"$0.25","$5.00",1
"MLB","Showdown Captain Mode",5215771038,"MLB Showdown Satellite to NFL 9-13 $5 Fantasy Football Millionaire (KC @ LAD)",193580640,"2026-08-11 22:10:00",40,47.8,"$0.00","$0.00",59,"$0.10","$5.00",1
"MLB","Classic",5215741992,"MLB Satellite to NFL 9-13 $5 Fantasy Football Millionaire (Night)",193628927,"2026-08-11 21:38:00",32,76.85,"$0.00","$0.00",59,"$0.10","$5.00",1
"MLB","Classic",5215742478,"MLB Satellite to NFL 9-13 $5 Fantasy Football Millionaire (Night)",193580412,"2026-08-11 21:38:00",40,68.5,"$0.00","$0.00",59,"$0.10","$5.00",1
"MLB","Classic",5215748199,"MLB Satellite to NFL 9-13 $5 Fantasy Football Millionaire (Night)",193580413,"2026-08-11 21:38:00",9,105.25,"$0.00","$0.00",59,"$0.10","$5.00",1
"MLB","Classic",5215748679,"MLB Satellite to NFL 9-13 $5 Fantasy Football Millionaire (Night)",193580414,"2026-08-11 21:38:00",43,69.75,"$0.00","$0.00",59,"$0.10","$5.00",1
"MLB","Classic",5215748024,"MLB Satellite to NFL 9-13 $5 Fantasy Football Millionaire (Night)",193580415,"2026-08-11 21:38:00",44,74.75,"$0.00","$0.00",59,"$0.10","$5.00",1
"MLB","Classic",5215742042,"MLB Satellite to NFL Best Ball $25 Millionaire (Night) (1/3)",193580385,"2026-08-11 21:38:00",42,87.15,"$0.00","$0.00",118,"$0.25","$25.00",1
"MLB","Classic",5215748258,"MLB Satellite to NFL Best Ball $25 Millionaire (Night) (3/3)",193580385,"2026-08-11 21:38:00",80,68.15,"$0.00","$0.00",118,"$0.25","$25.00",1
"MLB","Classic",5215748257,"MLB Satellite to NFL Best Ball $25 Millionaire (Night) (2/3)",193580385,"2026-08-11 21:38:00",101,53.15,"$0.00","$0.00",118,"$0.25","$25.00",1
"MLB","Classic",5215741877,"MLB SUPERSatellite to NFL 9-13 $5 Fantasy Football Millionaire [2x] (Night)",193580421,"2026-08-11 21:38:00",12,94.85,"$0.00","$0.00",47,"$0.25","$10.00",2
"MLB","Classic",5215547456,"MLB Satellite to NFL 9-13 $5 Fantasy Football Millionaire",193608858,"2026-08-11 19:05:00",15,85.8,"$0.00","$0.00",23,"$0.25","$5.00",1
"MLB","Classic",5215547440,"MLB Satellite to NFL 9-13 $5 Fantasy Football Millionaire",193608895,"2026-08-11 19:05:00",23,65.8,"$0.00","$0.00",23,"$0.25","$5.00",1
"MLB","Classic",5215541518,"MLB Satellite to NFL 9-9 $20 Wednesday Kickoff Millionaire (2/2)",193564857,"2026-08-11 19:05:00",71,73.45,"$0.00","$0.00",95,"$0.25","$20.00",1
"MLB","Classic",5215541498,"MLB Satellite to NFL 9-9 $20 Wednesday Kickoff Millionaire (1/2)",193564857,"2026-08-11 19:05:00",74,71.6,"$0.00","$0.00",95,"$0.25","$20.00",1
"MLB","Showdown Captain Mode",5215589473,"MLB Showdown Satellite to NFL 9-13 $5 Fantasy Football Millionaire (SEA @ NYY)",193565122,"2026-08-11 19:05:00",20,30,"$0.00","$0.00",22,"$0.25","$5.00",1
"MLB","Showdown Captain Mode",5215583919,"MLB Showdown Satellite to NFL 9-13 $5 Fantasy Football Millionaire (SEA @ NYY)",193565124,"2026-08-11 19:05:00",2,59.63,"$0.00","$0.00",21,"$0.25","$5.00",1
"MLB","Showdown Captain Mode",5215584100,"MLB Showdown Satellite to NFL 9-13 $5 Fantasy Football Millionaire (SEA @ NYY)",193565126,"2026-08-11 19:05:00",9,56.28,"$0.00","$0.00",23,"$0.25","$5.00",1
"MLB","Showdown Captain Mode",5215584117,"MLB Showdown Satellite to NFL 9-13 $5 Fantasy Football Millionaire (SEA @ NYY)",193565127,"2026-08-11 19:05:00",37,31,"$0.00","$0.00",41,"$0.10","$5.00",1
"MLB","Classic",5215462290,"MLB Satellite to NFL 9-13 $5 Fantasy Football Millionaire (Turbo)",193614296,"2026-08-11 18:40:00",19,71.35,"$0.00","$0.00",23,"$0.25","$5.00",1
"MLB","Classic",5215462166,"MLB Satellite to NFL 9-13 $5 Fantasy Football Millionaire (Turbo)",193565089,"2026-08-11 18:40:00",7,93.05,"$0.00","$0.00",23,"$0.25","$5.00",1
"MLB","Classic",5215468464,"MLB Satellite to NFL 9-13 $5 Fantasy Football Millionaire (Turbo)",193565090,"2026-08-11 18:40:00",9,98.45,"$0.00","$0.00",23,"$0.25","$5.00",1
"MLB","Classic",5215468517,"MLB Satellite to NFL 9-13 $5 Fantasy Football Millionaire (Turbo)",193565092,"2026-08-11 18:40:00",57,60.75,"$0.00","$0.00",59,"$0.10","$5.00",1
"MLB","Classic",5215468480,"MLB Satellite to NFL 9-13 $5 Fantasy Football Millionaire (Turbo)",193609753,"2026-08-11 18:40:00",15,78.75,"$0.00","$0.00",23,"$0.25","$5.00",1
"MLB","Classic",5214787047,"MLB Satellite to NFL 9-13 $5 Fantasy Football Millionaire (Night)",193569906,"2026-08-10 21:38:00",23,51.55,"$0.00","$0.00",23,"$0.25","$5.00",1
"MLB","Classic",5214799983,"MLB Satellite to NFL 9-13 $5 Fantasy Football Millionaire (Night)",193571389,"2026-08-10 21:38:00",6,118.6,"$0.00","$0.00",23,"$0.25","$5.00",1
"MLB","Classic",5214787041,"MLB SUPERSatellite to NFL 9-13 $5 Fantasy Football Millionaire [2x] (Night)",193489065,"2026-08-10 21:38:00",22,107.45,"$0.00","$0.00",47,"$0.25","$10.00",2
"MLB","Classic",5214666537,"MLB Satellite to NFL Best Ball $25 Millionaire (2/3)",193566171,"2026-08-10 19:07:00",42,95.6,"$0.00","$0.00",96,"$0.25","$25.00",1
"MLB","Classic",5214656664,"MLB Satellite to NFL Best Ball $25 Millionaire (1/3)",193566171,"2026-08-10 19:07:00",43,95.55,"$0.00","$0.00",96,"$0.25","$25.00",1
"MLB","Classic",5214666561,"MLB Satellite to NFL Best Ball $25 Millionaire (3/3)",193566171,"2026-08-10 19:07:00",50,93.2,"$0.00","$0.00",96,"$0.25","$25.00",1
"MLB","Classic",5214666798,"MLB Satellite to NFL Best Ball $25 Millionaire",193567495,"2026-08-10 19:07:00",59,80.65,"$0.00","$0.00",92,"$0.25","$25.00",1
"MLB","Classic",5214656944,"MLB Satellite to NFL 9-13 $5 Fantasy Football Millionaire",193562524,"2026-08-10 19:07:00",9,110,"$0.00","$0.00",23,"$0.25","$5.00",1
"MLB","Classic",5214666782,"MLB Satellite to NFL 9-13 $5 Fantasy Football Millionaire",193562523,"2026-08-10 19:07:00",22,79.2,"$0.00","$0.00",23,"$0.25","$5.00",1
"MLB","Showdown Captain Mode",5213739658,"MLB Showdown Satellite to NFL 9-13 $5 Fantasy Football Millionaire (HOU @ SD)",193513999,"2026-08-09 20:20:00",2,61.08,"$0.00","$0.00",23,"$0.25","$5.00",1
"MLB","Showdown Captain Mode",5213733342,"MLB Showdown Satellite to NFL 9-13 $5 Fantasy Football Millionaire (HOU @ SD)",193514633,"2026-08-09 20:20:00",3,57.5,"$0.00","$0.00",23,"$0.25","$5.00",1
"MLB","Showdown Captain Mode",5213733808,"MLB Showdown Satellite to NFL 9-13 $5 Fantasy Football Millionaire (HOU @ SD)",193516017,"2026-08-09 20:20:00",5,65.08,"$0.00","$0.00",23,"$0.25","$5.00",1
"MLB","Showdown Captain Mode",5213733859,"MLB Showdown SUPERSatellite to NFL 9-13 $5 Fantasy Football Millionaire [2x] (HOU @ SD) (2/3)",193446436,"2026-08-09 20:20:00",93,23.78,"$0.00","$0.00",118,"$0.10","$10.00",2
"MLB","Showdown Captain Mode",5213733836,"MLB Showdown SUPERSatellite to NFL 9-13 $5 Fantasy Football Millionaire [2x] (HOU @ SD) (1/3)",193446436,"2026-08-09 20:20:00",98,21,"$0.00","$0.00",118,"$0.10","$10.00",2
"MLB","Showdown Captain Mode",5213733860,"MLB Showdown SUPERSatellite to NFL 9-13 $5 Fantasy Football Millionaire [2x] (HOU @ SD) (3/3)",193446436,"2026-08-09 20:20:00",105,16,"$0.00","$0.00",118,"$0.10","$10.00",2
"MLB","Showdown Captain Mode",5213733908,"MLB Showdown Satellite to NFL 9-13 $5 Fantasy Football Millionaire (HOU @ SD)",193446432,"2026-08-09 20:20:00",56,15.78,"$0.00","$0.00",59,"$0.10","$5.00",1
"MLB","Classic",5213591784,"MLB Satellite to NFL Best Ball $25 Millionaire (Afternoon) (2/3)",193446310,"2026-08-09 16:05:00",38,80.85,"$0.00","$0.00",103,"$0.25","$25.00",1
"MLB","Classic",5213591729,"MLB Satellite to NFL Best Ball $25 Millionaire (Afternoon) (1/3)",193446310,"2026-08-09 16:05:00",56,72.4,"$0.00","$0.00",103,"$0.25","$25.00",1
"MLB","Classic",5213591785,"MLB Satellite to NFL Best Ball $25 Millionaire (Afternoon) (3/3)",193446310,"2026-08-09 16:05:00",58,72.1,"$0.00","$0.00",103,"$0.25","$25.00",1
"MLB","Classic",5213591053,"MLB SUPERSatellite to NFL 9-13 $5 Fantasy Football Millionaire [2x] (Afternoon) (2/3)",193446346,"2026-08-09 16:05:00",12,100.55,"$0.00","$0.00",118,"$0.10","$10.00",2
"MLB","Classic",5213590876,"MLB SUPERSatellite to NFL 9-13 $5 Fantasy Football Millionaire [2x] (Afternoon) (1/3)",193446346,"2026-08-09 16:05:00",41,80.85,"$0.00","$0.00",118,"$0.10","$10.00",2
"MLB","Classic",5213591054,"MLB SUPERSatellite to NFL 9-13 $5 Fantasy Football Millionaire [2x] (Afternoon) (3/3)",193446346,"2026-08-09 16:05:00",117,28,"$0.00","$0.00",118,"$0.10","$10.00",2
"MLB","Classic",5213590834,"MLB SUPERSatellite to NFL 9-13 $5 Fantasy Football Millionaire [2x] (Afternoon)",193446347,"2026-08-09 16:05:00",22,74.5,"$0.00","$0.00",47,"$0.25","$10.00",2
"MLB","Classic",5213462960,"MLB Satellite to NFL 9-13 $5 Fantasy Football Millionaire (Turbo)",193444990,"2026-08-09 14:10:00",1,134.45,"$0.00","$5.00",23,"$0.25","$5.00",1
"MLB","Classic",5213462784,"MLB Satellite to NFL 9-13 $5 Fantasy Football Millionaire (Turbo)",193444991,"2026-08-09 14:10:00",1,151,"$0.00","$5.00",23,"$0.25","$5.00",1
"MLB","Classic",5213469660,"MLB Satellite to NFL 9-13 $5 Fantasy Football Millionaire (Turbo)",193444992,"2026-08-09 14:10:00",10,101.95,"$0.00","$0.00",23,"$0.25","$5.00",1
"MLB","Classic",5213462712,"MLB Satellite to NFL 9-13 $5 Fantasy Football Millionaire (Turbo)",193444993,"2026-08-09 14:10:00",24,101.1,"$0.00","$0.00",59,"$0.10","$5.00",1
"MLB","Classic",5212567546,"MLB Satellite to NFL 9-13 $5 Fantasy Football Millionaire",193453363,"2026-08-08 19:10:00",15,75.65,"$0.00","$0.00",19,"$0.25","$5.00",1
"MLB","Classic",5212557584,"MLB Satellite to NFL 9-13 $5 Fantasy Football Millionaire",193454003,"2026-08-08 19:10:00",2,118.6,"$0.00","$0.00",18,"$0.25","$5.00",1
"MLB","Classic",5212567644,"MLB SUPERSatellite to NFL 9-13 $5 Fantasy Football Millionaire [2x]",193403608,"2026-08-08 19:10:00",3,118.6,"$0.00","$0.00",47,"$0.25","$10.00",2
"MLB","Classic",5212567839,"MLB Satellite to NFL 9-9 $20 Wednesday Kickoff Millionaire (2/2)",193403659,"2026-08-08 19:10:00",29,105.85,"$0.00","$0.00",90,"$0.25","$20.00",1
"MLB","Classic",5212557544,"MLB Satellite to NFL 9-9 $20 Wednesday Kickoff Millionaire (1/2)",193403659,"2026-08-08 19:10:00",68,69.45,"$0.00","$0.00",90,"$0.25","$20.00",1
"MLB","Showdown Captain Mode",5212573906,"MLB Showdown Satellite to NFL 9-13 $5 Fantasy Football Millionaire (CHC @ KC)",193404259,"2026-08-08 19:10:00",17,32,"$0.00","$0.00",23,"$0.25","$5.00",1
"MLB","Showdown Captain Mode",5212573950,"MLB Showdown Satellite to NFL 9-13 $5 Fantasy Football Millionaire (CHC @ KC)",193404260,"2026-08-08 19:10:00",22,8.3,"$0.00","$0.00",23,"$0.25","$5.00",1
"MLB","Showdown Captain Mode",5212564148,"MLB Showdown Satellite to NFL 9-13 $5 Fantasy Football Millionaire (CHC @ KC)",193404261,"2026-08-08 19:10:00",9,36,"$0.00","$0.00",23,"$0.25","$5.00",1
"MLB","Showdown Captain Mode",5212573525,"MLB Showdown Satellite to NFL 9-13 $5 Fantasy Football Millionaire (CHC @ KC)",193404262,"2026-08-08 19:10:00",2,96.85,"$0.00","$0.00",39,"$0.10","$5.00",1
"MLB","Classic",5212222870,"MLB SUPERSatellite to NFL 9-13 $5 Fantasy Football Millionaire [5x] (Early) (2/3)",193403935,"2026-08-08 15:05:00",20,130.5,"$0.00","$0.00",118,"$0.25","$25.00",5
"MLB","Classic",5212231467,"MLB SUPERSatellite to NFL 9-13 $5 Fantasy Football Millionaire [5x] (Early) (3/3)",193403935,"2026-08-08 15:05:00",43,114.65,"$0.00","$0.00",118,"$0.25","$25.00",5
"MLB","Classic",5212222869,"MLB SUPERSatellite to NFL 9-13 $5 Fantasy Football Millionaire [5x] (Early) (1/3)",193403935,"2026-08-08 15:05:00",100,77.2,"$0.00","$0.00",118,"$0.25","$25.00",5
"MLB","Showdown Captain Mode",5212300388,"MLB Showdown Satellite to NFL 9-13 $5 Fantasy Football Millionaire (ATL @ NYY)",193404215,"2026-08-08 15:05:00",17,73.65,"$0.00","$0.00",23,"$0.25","$5.00",1
"MLB","Showdown Captain Mode",5212300216,"MLB Showdown Satellite to NFL 9-13 $5 Fantasy Football Millionaire (ATL @ NYY)",193404218,"2026-08-08 15:05:00",35,69.95,"$0.00","$0.00",45,"$0.10","$5.00",1
"GOLF","Captain Mode Showdown",5212057914,"PGA TOUR Showdown Satellite to NFL Best Ball $25 Millionaire (Late Round 3 TOUR) (3/3)",193418100,"2026-08-08 12:30:00",28,241.08,"$0.00","$0.00",118,"$0.25","$25.00",1
"GOLF","Captain Mode Showdown",5212057913,"PGA TOUR Showdown Satellite to NFL Best Ball $25 Millionaire (Late Round 3 TOUR) (2/3)",193418100,"2026-08-08 12:30:00",50,227.05,"$0.00","$0.00",118,"$0.25","$25.00",1
"GOLF","Captain Mode Showdown",5212057836,"PGA TOUR Showdown Satellite to NFL Best Ball $25 Millionaire (Late Round 3 TOUR) (1/3)",193418100,"2026-08-08 12:30:00",108,168.88,"$0.00","$0.00",118,"$0.25","$25.00",1
"GOLF","Showdown",5211680098,"PGA TOUR Showdown Satellite to NFL Best Ball $25 Millionaire (Round 3 TOUR) (1/3)",193387658,"2026-08-08 07:00:00",21,253.8,"$0.00","$0.00",118,"$0.25","$25.00",1
"GOLF","Showdown",5211680521,"PGA TOUR Showdown Satellite to NFL Best Ball $25 Millionaire (Round 3 TOUR) (2/3)",193387658,"2026-08-08 07:00:00",60,225.95,"$0.00","$0.00",118,"$0.25","$25.00",1
"GOLF","Showdown",5211680522,"PGA TOUR Showdown Satellite to NFL Best Ball $25 Millionaire (Round 3 TOUR) (3/3)",193387658,"2026-08-08 07:00:00",83,209.4,"$0.00","$0.00",118,"$0.25","$25.00",1
"MLB","Showdown Captain Mode",5211611971,"MLB Showdown Satellite to NFL 9-13 $5 Fantasy Football Millionaire (DET @ SF)",193413988,"2026-08-07 22:15:00",6,45.05,"$0.00","$0.00",23,"$0.25","$5.00",1
"MLB","Showdown Captain Mode",5211611958,"MLB Showdown Satellite to NFL 9-13 $5 Fantasy Football Millionaire (DET @ SF)",193417177,"2026-08-07 22:15:00",1,61.75,"$0.00","$5.00",19,"$0.25","$5.00",1
"MLB","Showdown Captain Mode",5211611791,"MLB Showdown Satellite to NFL 9-13 $5 Fantasy Football Millionaire (DET @ SF)",193417633,"2026-08-07 22:15:00",3,50.5,"$0.00","$0.00",20,"$0.25","$5.00",1
"MLB","Showdown Captain Mode",5211618875,"MLB Showdown Satellite to NFL 9-13 $5 Fantasy Football Millionaire (DET @ SF)",193354994,"2026-08-07 22:15:00",9,60.7,"$0.00","$0.00",59,"$0.10","$5.00",1
"MLB","Classic",5211600454,"MLB Satellite to NFL Best Ball $25 Millionaire (Night) (3/3)",193354698,"2026-08-07 21:40:00",37,89.25,"$0.00","$0.00",111,"$0.25","$25.00",1
"MLB","Classic",5211592042,"MLB Satellite to NFL Best Ball $25 Millionaire (Night) (1/3)",193354698,"2026-08-07 21:40:00",43,88.4,"$0.00","$0.00",111,"$0.25","$25.00",1
"MLB","Classic",5211592043,"MLB Satellite to NFL Best Ball $25 Millionaire (Night) (2/3)",193354698,"2026-08-07 21:40:00",50,86.55,"$0.00","$0.00",111,"$0.25","$25.00",1
"MLB","Classic",5211591682,"MLB Satellite to NFL 9-13 $5 Fantasy Football Millionaire (Night)",193413522,"2026-08-07 21:40:00",8,95.4,"$0.00","$0.00",23,"$0.25","$5.00",1
"MLB","Classic",5211591584,"MLB SUPERSatellite to NFL 9-13 $5 Fantasy Football Millionaire [2x] (Night)",193354735,"2026-08-07 21:40:00",30,72.25,"$0.00","$0.00",47,"$0.25","$10.00",2
"MLB","Classic",5211472307,"MLB Satellite to NFL 9-13 $5 Fantasy Football Millionaire (Turbo)",193354970,"2026-08-07 20:10:00",22,56.15,"$0.00","$0.00",23,"$0.25","$5.00",1
"MLB","Classic",5211482886,"MLB Satellite to NFL 9-13 $5 Fantasy Football Millionaire (Turbo)",193354971,"2026-08-07 20:10:00",22,55.4,"$0.00","$0.00",23,"$0.25","$5.00",1
"MLB","Classic",5211472122,"MLB Satellite to NFL 9-13 $5 Fantasy Football Millionaire (Turbo)",193354972,"2026-08-07 20:10:00",14,83.1,"$0.00","$0.00",23,"$0.25","$5.00",1
"MLB","Classic",5211482546,"MLB Satellite to NFL 9-13 $5 Fantasy Football Millionaire (Turbo)",193354973,"2026-08-07 20:10:00",19,91.85,"$0.00","$0.00",55,"$0.10","$5.00",1
"MLB","Showdown Captain Mode",5211378015,"MLB Showdown Satellite to NFL 9-13 $5 Fantasy Football Millionaire (ATL @ NYY)",193354949,"2026-08-07 19:05:00",19,25,"$0.00","$0.00",22,"$0.25","$5.00",1
"MLB","Showdown Captain Mode",5211372352,"MLB Showdown Satellite to NFL 9-13 $5 Fantasy Football Millionaire (ATL @ NYY)",193354950,"2026-08-07 19:05:00",19,37.25,"$0.00","$0.00",23,"$0.25","$5.00",1
"MLB","Showdown Captain Mode",5211372544,"MLB Showdown Satellite to NFL 9-13 $5 Fantasy Football Millionaire (ATL @ NYY)",193354951,"2026-08-07 19:05:00",14,54.75,"$0.00","$0.00",23,"$0.25","$5.00",1
"MLB","Showdown Captain Mode",5211372584,"MLB Showdown Satellite to NFL 9-13 $5 Fantasy Football Millionaire (ATL @ NYY)",193354952,"2026-08-07 19:05:00",28,45.25,"$0.00","$0.00",36,"$0.10","$5.00",1
"MLB","Classic",5211341073,"MLB Satellite to NFL 9-13 $5 Fantasy Football Millionaire (Turbo)",193401784,"2026-08-07 18:40:00",1,125.75,"$0.00","$5.00",23,"$0.25","$5.00",1
"MLB","Classic",5211348981,"MLB Satellite to NFL 9-13 $5 Fantasy Football Millionaire (Turbo)",193402142,"2026-08-07 18:40:00",17,82.1,"$0.00","$0.00",23,"$0.25","$5.00",1
"MLB","Classic",5211349078,"MLB Satellite to NFL 9-13 $5 Fantasy Football Millionaire (Turbo)",193402173,"2026-08-07 18:40:00",22,68.45,"$0.00","$0.00",23,"$0.25","$5.00",1
"GOLF","Showdown",5210964746,"PGA TOUR Showdown Satellite to NFL Best Ball $25 Millionaire (Late Round 2 TOUR) (2/3)",193332511,"2026-08-07 12:10:00",30,248.6,"$0.00","$0.00",118,"$0.25","$25.00",1
"GOLF","Showdown",5210964674,"PGA TOUR Showdown Satellite to NFL Best Ball $25 Millionaire (Late Round 2 TOUR) (1/3)",193332511,"2026-08-07 12:10:00",54,240.85,"$0.00","$0.00",118,"$0.25","$25.00",1
"GOLF","Showdown",5210964747,"PGA TOUR Showdown Satellite to NFL Best Ball $25 Millionaire (Late Round 2 TOUR) (3/3)",193332511,"2026-08-07 12:10:00",55,240.8,"$0.00","$0.00",118,"$0.25","$25.00",1
"GOLF","Showdown",5210789591,"PGA TOUR Showdown Satellite to NFL Best Ball $25 Millionaire (Round 2 TOUR) (3/3)",193332390,"2026-08-07 06:50:00",41,235.6,"$0.00","$0.00",118,"$0.25","$25.00",1
"GOLF","Showdown",5210783867,"PGA TOUR Showdown Satellite to NFL Best Ball $25 Millionaire (Round 2 TOUR) (2/3)",193332390,"2026-08-07 06:50:00",88,222.7,"$0.00","$0.00",118,"$0.25","$25.00",1
"GOLF","Showdown",5210783866,"PGA TOUR Showdown Satellite to NFL Best Ball $25 Millionaire (Round 2 TOUR) (1/3)",193332390,"2026-08-07 06:50:00",99,218.25,"$0.00","$0.00",118,"$0.25","$25.00",1
"MLB","Showdown Captain Mode",5210603368,"MLB Showdown Satellite to NFL 9-13 $5 Fantasy Football Millionaire (SD @ ARI)",193357672,"2026-08-06 21:40:00",20,22.18,"$0.00","$0.00",23,"$0.25","$5.00",1
"MLB","Showdown Captain Mode",5210612132,"MLB Showdown Satellite to NFL 9-13 $5 Fantasy Football Millionaire (SD @ ARI)",193359843,"2026-08-06 21:40:00",7,40.5,"$0.00","$0.00",23,"$0.25","$5.00",1
"MLB","Showdown Captain Mode",5210611705,"MLB Showdown Satellite to NFL 9-13 $5 Fantasy Football Millionaire (SD @ ARI)",193361209,"2026-08-06 21:40:00",19,27.18,"$0.00","$0.00",23,"$0.25","$5.00",1
"MLB","Showdown Captain Mode",5210602941,"MLB Showdown Satellite to NFL 9-13 $5 Fantasy Football Millionaire (SD @ ARI)",193296913,"2026-08-06 21:40:00",3,54.5,"$0.00","$0.00",59,"$0.10","$5.00",1
"MLB","Classic",5210502706,"MLB Satellite to NFL 9-13 $5 Fantasy Football Millionaire",193344230,"2026-08-06 19:10:00",21,59.3,"$0.00","$0.00",23,"$0.25","$5.00",1
"MLB","Classic",5210510142,"MLB Satellite to NFL 9-13 $5 Fantasy Football Millionaire",193344231,"2026-08-06 19:10:00",4,118.95,"$0.00","$0.00",23,"$0.25","$5.00",1
"MLB","Showdown Captain Mode",5210256145,"MLB Showdown Satellite to NFL 9-13 $5 Fantasy Football Millionaire (DET @ SEA)",193296868,"2026-08-06 16:10:00",15,32.58,"$0.00","$0.00",20,"$0.25","$5.00",1
"MLB","Showdown Captain Mode",5210252860,"MLB Showdown Satellite to NFL 9-13 $5 Fantasy Football Millionaire (DET @ SEA)",193296869,"2026-08-06 16:10:00",13,50.58,"$0.00","$0.00",21,"$0.25","$5.00",1
"MLB","Showdown Captain Mode",5210252850,"MLB Showdown Satellite to NFL 9-13 $5 Fantasy Football Millionaire (DET @ SEA)",193296870,"2026-08-06 16:10:00",19,34.55,"$0.00","$0.00",23,"$0.25","$5.00",1
"MLB","Showdown Captain Mode",5210252825,"MLB Showdown Satellite to NFL 9-13 $5 Fantasy Football Millionaire (DET @ SEA)",193296871,"2026-08-06 16:10:00",36,41.55,"$0.00","$0.00",43,"$0.10","$5.00",1
"MLB","Classic",5210168221,"MLB Satellite to NFL 9-13 $5 Fantasy Football Millionaire (Early)",193334010,"2026-08-06 12:35:00",7,123.25,"$0.00","$0.00",23,"$0.25","$5.00",1
"MLB","Classic",5210168205,"MLB SUPERSatellite to NFL 9-13 $5 Fantasy Football Millionaire [2x] (Early)",193334582,"2026-08-06 12:35:00",47,50.95,"$0.00","$0.00",47,"$0.25","$10.00",2
"MLB","Classic",5210168230,"MLB Satellite to NFL 9-13 $5 Fantasy Football Millionaire (Early)",193335261,"2026-08-06 12:35:00",19,80.6,"$0.00","$0.00",23,"$0.25","$5.00",1
"MLB","Classic",5210163907,"MLB Satellite to NFL 9-13 $5 Fantasy Football Millionaire (Early)",193335349,"2026-08-06 12:35:00",19,91.95,"$0.00","$0.00",23,"$0.25","$5.00",1
"GOLF","Showdown",5210124061,"PGA TOUR Showdown Satellite to NFL Best Ball $25 Millionaire (Late Round 1 TOUR) (2/3)",193283555,"2026-08-06 12:10:00",38,260.7,"$0.00","$0.00",118,"$0.25","$25.00",1
"GOLF","Showdown",5210123642,"PGA TOUR Showdown Satellite to NFL Best Ball $25 Millionaire (Late Round 1 TOUR) (1/3)",193283555,"2026-08-06 12:10:00",58,245.3,"$0.00","$0.00",118,"$0.25","$25.00",1
"GOLF","Showdown",5210124072,"PGA TOUR Showdown Satellite to NFL Best Ball $25 Millionaire (Late Round 1 TOUR) (3/3)",193283555,"2026-08-06 12:10:00",59,244.9,"$0.00","$0.00",118,"$0.25","$25.00",1
"MLB","Classic",5209459671,"MLB SUPERSatellite to NFL 9-13 $5 Fantasy Football Millionaire [5x] (1/3)",193300594,"2026-08-05 19:05:00",48,92.6,"$0.00","$0.00",118,"$0.25","$25.00",5
"MLB","Classic",5209471266,"MLB SUPERSatellite to NFL 9-13 $5 Fantasy Football Millionaire [5x] (2/3)",193300594,"2026-08-05 19:05:00",93,65.9,"$0.00","$0.00",118,"$0.25","$25.00",5
"MLB","Classic",5209471267,"MLB SUPERSatellite to NFL 9-13 $5 Fantasy Football Millionaire [5x] (3/3)",193300594,"2026-08-05 19:05:00",113,40.4,"$0.00","$0.00",118,"$0.25","$25.00",5
"MLB","Classic",5209460809,"MLB Satellite to NFL 9-13 $5 Fantasy Football Millionaire",193294813,"2026-08-05 19:05:00",21,53.75,"$0.00","$0.00",23,"$0.25","$5.00",1
"MLB","Showdown Captain Mode",5209557740,"MLB Showdown Satellite to NFL 9-13 $5 Fantasy Football Millionaire (STL @ NYY)",193253742,"2026-08-05 19:05:00",3,68.1,"$0.00","$0.00",21,"$0.25","$5.00",1
"MLB","Showdown Captain Mode",5209554145,"MLB Showdown Satellite to NFL 9-13 $5 Fantasy Football Millionaire (STL @ NYY)",193253743,"2026-08-05 19:05:00",1,76.6,"$0.00","$5.00",21,"$0.25","$5.00",1
"MLB","Showdown Captain Mode",5209554125,"MLB Showdown Satellite to NFL 9-13 $5 Fantasy Football Millionaire (STL @ NYY)",193253744,"2026-08-05 19:05:00",12,50.1,"$0.00","$0.00",23,"$0.25","$5.00",1
"MLB","Showdown Captain Mode",5209557664,"MLB Showdown Satellite to NFL 9-13 $5 Fantasy Football Millionaire (STL @ NYY)",193253745,"2026-08-05 19:05:00",13,50.6,"$0.00","$0.00",37,"$0.10","$5.00",1
"MLB","Showdown Captain Mode",5207738764,"MLB Showdown Satellite to NFL 9-13 $5 Fantasy Football Millionaire (SD @ ARI)",193209573,"2026-08-03 21:40:00",23,0,"$0.00","$0.00",23,"$0.25","$5.00",1
"MLB","Showdown Captain Mode",5207751156,"MLB Showdown Satellite to NFL 9-13 $5 Fantasy Football Millionaire (SD @ ARI)",193209574,"2026-08-03 21:40:00",23,0,"$0.00","$0.00",23,"$0.25","$5.00",1
"MLB","Showdown Captain Mode",5207750971,"MLB Showdown Satellite to NFL 9-13 $5 Fantasy Football Millionaire (SD @ ARI)",193125722,"2026-08-03 21:40:00",57,0,"$0.00","$0.00",59,"$0.10","$5.00",1
"MLB","Classic",5207646656,"MLB Satellite to NFL Best Ball $25 Millionaire (3/3)",193204824,"2026-08-03 19:05:00",48,89.2,"$0.00","$0.00",74,"$0.25","$25.00",1
"MLB","Classic",5207638690,"MLB Satellite to NFL Best Ball $25 Millionaire (1/3)",193204824,"2026-08-03 19:05:00",63,63.3,"$0.00","$0.00",74,"$0.25","$25.00",1
"MLB","Classic",5207638691,"MLB Satellite to NFL Best Ball $25 Millionaire (2/3)",193204824,"2026-08-03 19:05:00",72,39.1,"$0.00","$0.00",74,"$0.25","$25.00",1
"MLB","Classic",5207637897,"MLB SUPERSatellite to NFL 9-13 $5 Fantasy Football Millionaire [2x]",193194330,"2026-08-03 19:05:00",24,89.2,"$0.00","$0.00",47,"$0.25","$10.00",2
"MLB","Classic",5207662659,"MLB Satellite to NFL 9-13 $5 Fantasy Football Millionaire (Turbo)",193203167,"2026-08-03 20:05:00",6,91.45,"$0.00","$0.00",23,"$0.25","$5.00",1
"MLB","Classic",5207662854,"MLB Satellite to NFL 9-13 $5 Fantasy Football Millionaire (Turbo)",193125686,"2026-08-03 20:05:00",57,0,"$0.00","$0.00",59,"$0.10","$5.00",1
"MLB","Classic",5206587434,"MLB Satellite to NFL Best Ball $25 Millionaire (Afternoon) (2/3)",193071356,"2026-08-02 16:05:00",5,126.45,"$0.00","$0.00",118,"$0.25","$25.00",1
"MLB","Classic",5206587424,"MLB Satellite to NFL Best Ball $25 Millionaire (Afternoon) (1/3)",193071356,"2026-08-02 16:05:00",7,124.45,"$0.00","$0.00",118,"$0.25","$25.00",1
"MLB","Classic",5206595185,"MLB Satellite to NFL Best Ball $25 Millionaire (Afternoon) (3/3)",193071356,"2026-08-02 16:05:00",10,121.05,"$0.00","$0.00",118,"$0.25","$25.00",1
"MLB","Classic",5206595407,"MLB Satellite to NFL 9-13 $5 Fantasy Football Millionaire (Afternoon)",193138536,"2026-08-02 16:05:00",4,111.65,"$0.00","$0.00",23,"$0.25","$5.00",1
"MLB","Classic",5205757983,"MLB Satellite to NFL 9-13 $5 Fantasy Football Millionaire",193096516,"2026-08-01 19:05:00",6,124.25,"$0.00","$0.00",23,"$0.25","$5.00",1
"MLB","Classic",5205757553,"MLB Satellite to NFL Best Ball $25 Millionaire (2/3)",193095032,"2026-08-01 19:05:00",7,168.95,"$0.00","$0.00",108,"$0.25","$25.00",1
"MLB","Classic",5205757554,"MLB Satellite to NFL Best Ball $25 Millionaire (3/3)",193095032,"2026-08-01 19:05:00",55,124.25,"$0.00","$0.00",108,"$0.25","$25.00",1
"MLB","Classic",5205757517,"MLB Satellite to NFL Best Ball $25 Millionaire (1/3)",193095032,"2026-08-01 19:05:00",60,120.85,"$0.00","$0.00",108,"$0.25","$25.00",1
"MLB","Classic",5205758059,"MLB SUPERSatellite to NFL 9-13 $5 Fantasy Football Millionaire [5x]",193091132,"2026-08-01 19:05:00",6,168.95,"$0.00","$0.00",118,"$0.25","$25.00",5
"MLB","Classic",5205778016,"MLB Satellite to NFL 9-13 $5 Fantasy Football Millionaire (Turbo)",193034938,"2026-08-01 20:10:00",3,132.85,"$0.00","$0.00",23,"$0.25","$5.00",1
"MLB","Classic",5205771955,"MLB Satellite to NFL 9-13 $5 Fantasy Football Millionaire (Turbo)",193034939,"2026-08-01 20:10:00",3,132.85,"$0.00","$0.00",23,"$0.25","$5.00",1
"MLB","Classic",5205771973,"MLB Satellite to NFL 9-13 $5 Fantasy Football Millionaire (Turbo)",193034940,"2026-08-01 20:10:00",6,132.85,"$0.00","$0.00",51,"$0.10","$5.00",1
"MLB","Classic",5205504795,"MLB Satellite to NFL 9-13 $5 Fantasy Football Millionaire (Early)",193077888,"2026-08-01 15:07:00",4,103.25,"$0.00","$0.00",23,"$0.25","$5.00",1
"MLB","Classic",5205504786,"MLB Satellite to NFL 9-13 $5 Fantasy Football Millionaire (Early)",193078052,"2026-08-01 15:07:00",22,58.9,"$0.00","$0.00",23,"$0.25","$5.00",1
"MLB","Classic",5205504735,"MLB SUPERSatellite to NFL 9-13 $5 Fantasy Football Millionaire [2x] (Early)",193034037,"2026-08-01 15:07:00",9,101,"$0.00","$0.00",47,"$0.25","$10.00",2
"MLB","Classic",5205498977,"MLB SUPERSatellite to NFL 9-13 $5 Fantasy Football Millionaire [2x] (Early)",193034038,"2026-08-01 15:07:00",43,55.35,"$0.00","$0.00",47,"$0.25","$10.00",2
"MLB","Classic",5205499022,"MLB Satellite to NFL Best Ball $25 Millionaire (Early) (1/3)",193033982,"2026-08-01 15:07:00",26,101,"$0.00","$0.00",110,"$0.25","$25.00",1
"MLB","Classic",5205504319,"MLB Satellite to NFL Best Ball $25 Millionaire (Early) (3/3)",193033982,"2026-08-01 15:07:00",94,55.35,"$0.00","$0.00",110,"$0.25","$25.00",1
"MLB","Classic",5205499023,"MLB Satellite to NFL Best Ball $25 Millionaire (Early) (2/3)",193033982,"2026-08-01 15:07:00",104,45.95,"$0.00","$0.00",110,"$0.25","$25.00",1
"MLB","Showdown Captain Mode",5205505117,"MLB Showdown Satellite to NFL 9-13 $5 Fantasy Football Millionaire (STL @ TOR)",193034902,"2026-08-01 15:07:00",19,34,"$0.00","$0.00",23,"$0.25","$5.00",1
"MLB","Showdown Captain Mode",5205505130,"MLB Showdown Satellite to NFL 9-13 $5 Fantasy Football Millionaire (STL @ TOR)",193034903,"2026-08-01 15:07:00",17,39.78,"$0.00","$0.00",23,"$0.25","$5.00",1
"MLB","Showdown Captain Mode",5205505025,"MLB Showdown Satellite to NFL 9-13 $5 Fantasy Football Millionaire (STL @ TOR)",193034904,"2026-08-01 15:07:00",21,46.13,"$0.00","$0.00",34,"$0.10","$5.00",1
"GOLF","Captain Mode Showdown",5205354172,"PGA TOUR Showdown Satellite to NFL Best Ball $25 Millionaire (Late Round 3 TOUR) (3/3)",193046696,"2026-08-01 12:25:00",30,261.78,"$0.00","$0.00",118,"$0.25","$25.00",1
"GOLF","Captain Mode Showdown",5205354171,"PGA TOUR Showdown Satellite to NFL Best Ball $25 Millionaire (Late Round 3 TOUR) (2/3)",193046696,"2026-08-01 12:25:00",59,250.03,"$0.00","$0.00",118,"$0.25","$25.00",1
"GOLF","Captain Mode Showdown",5205348832,"PGA TOUR Showdown Satellite to NFL Best Ball $25 Millionaire (Late Round 3 TOUR) (1/3)",193046696,"2026-08-01 12:25:00",78,241.08,"$0.00","$0.00",118,"$0.25","$25.00",1
"MLB","Classic",5204851695,"MLB Satellite to NFL 9-13 $5 Fantasy Football Millionaire (Late Night)",193048799,"2026-07-31 22:10:00",10,90.9,"$0.00","$0.00",18,"$0.25","$5.00",1
"MLB","Classic",5204855523,"MLB Satellite to NFL 9-13 $5 Fantasy Football Millionaire (Late Night)",193048809,"2026-07-31 22:10:00",11,84.05,"$0.00","$0.00",19,"$0.25","$5.00",1
"MLB","Classic",5204851794,"MLB Satellite to NFL 9-13 $5 Fantasy Football Millionaire (Late Night)",192992367,"2026-07-31 22:10:00",41,52,"$0.00","$0.00",46,"$0.10","$5.00",1
"MLB","Showdown Captain Mode",5204864148,"MLB Showdown Satellite to NFL 9-13 $5 Fantasy Football Millionaire (BOS @ LAD)",192992385,"2026-07-31 22:10:00",39,46.35,"$0.00","$0.00",49,"$0.10","$5.00",1
"MLB","Showdown Captain Mode",5204864131,"MLB Showdown Satellite to NFL 9-13 $5 Fantasy Football Millionaire (BOS @ LAD)",193048506,"2026-07-31 22:10:00",11,58.65,"$0.00","$0.00",19,"$0.25","$5.00",1
"MLB","Showdown Captain Mode",5204683878,"MLB Showdown Satellite to NFL 9-13 $5 Fantasy Football Millionaire (STL @ TOR)",192992330,"2026-07-31 19:07:00",17,46.4,"$0.00","$0.00",20,"$0.25","$5.00",1
"MLB","Showdown Captain Mode",5204673798,"MLB Showdown Satellite to NFL 9-13 $5 Fantasy Football Millionaire (STL @ TOR)",192992331,"2026-07-31 19:07:00",30,39.9,"$0.00","$0.00",32,"$0.10","$5.00",1
"MLB","Showdown Captain Mode",5203880404,"MLB Showdown Satellite to NFL 9-13 $5 Fantasy Football Millionaire (SEA @ LAD)",192999777,"2026-07-30 22:10:00",3,77.58,"$0.00","$0.00",23,"$0.25","$5.00",1
"MLB","Showdown Captain Mode",5203887602,"MLB Showdown Satellite to NFL 9-13 $5 Fantasy Football Millionaire (SEA @ LAD)",192937538,"2026-07-30 22:10:00",55,27.5,"$0.00","$0.00",59,"$0.10","$5.00",1
"MLB","Classic",5203854840,"MLB Satellite to NFL 9-13 $5 Fantasy Football Millionaire (Night)",192996806,"2026-07-30 21:40:00",22,58.9,"$0.00","$0.00",23,"$0.25","$5.00",1
"MLB","Classic",5203852155,"MLB Satellite to NFL 9-13 $5 Fantasy Football Millionaire (Night)",192997656,"2026-07-30 21:40:00",29,94.4,"$0.00","$0.00",50,"$0.10","$5.00",1
"MLB","Classic",5203854845,"MLB Satellite to NFL 9-13 $5 Fantasy Football Millionaire (Night)",192998674,"2026-07-30 21:40:00",7,102.1,"$0.00","$0.00",23,"$0.25","$5.00",1
"MLB","Classic",5203630294,"MLB Satellite to NFL 9-13 $5 Fantasy Football Millionaire",192979294,"2026-07-30 19:10:00",21,69.75,"$0.00","$0.00",23,"$0.25","$5.00",1
"MLB","Classic",5203630324,"MLB Satellite to NFL 9-13 $5 Fantasy Football Millionaire",192979424,"2026-07-30 19:10:00",23,67.8,"$0.00","$0.00",23,"$0.25","$5.00",1
"MLB","Classic",5203621296,"MLB Satellite to NFL Best Ball $25 Millionaire (1/3)",192938629,"2026-07-30 19:10:00",53,95.65,"$0.00","$0.00",118,"$0.25","$25.00",1
"MLB","Classic",5203621463,"MLB Satellite to NFL Best Ball $25 Millionaire (3/3)",192938629,"2026-07-30 19:10:00",59,91.75,"$0.00","$0.00",118,"$0.25","$25.00",1
"MLB","Classic",5203621462,"MLB Satellite to NFL Best Ball $25 Millionaire (2/3)",192938629,"2026-07-30 19:10:00",118,42.2,"$0.00","$0.00",118,"$0.25","$25.00",1
"MLB","Showdown Captain Mode",5203517943,"MLB Showdown Satellite to NFL 9-13 $5 Fantasy Football Millionaire (CHC @ STL)",192937459,"2026-07-30 14:15:00",3,64,"$0.00","$0.00",23,"$0.25","$5.00",1
"MLB","Showdown Captain Mode",5203517938,"MLB Showdown Satellite to NFL 9-13 $5 Fantasy Football Millionaire (CHC @ STL)",192937461,"2026-07-30 14:15:00",5,58.43,"$0.00","$0.00",23,"$0.25","$5.00",1
"MLB","Showdown Captain Mode",5203527703,"MLB Showdown Satellite to NFL 9-13 $5 Fantasy Football Millionaire (CHC @ STL)",192937463,"2026-07-30 14:15:00",44,36,"$0.00","$0.00",46,"$0.10","$5.00",1
"MLB","Classic",5203432307,"MLB Satellite to NFL 9-13 $5 Fantasy Football Millionaire (Early)",192972876,"2026-07-30 12:10:00",11,100.4,"$0.00","$0.00",23,"$0.25","$5.00",1
"MLB","Classic",5203423391,"MLB Satellite to NFL 9-13 $5 Fantasy Football Millionaire (Early)",192972999,"2026-07-30 12:10:00",9,104.35,"$0.00","$0.00",23,"$0.25","$5.00",1
"MLB","Classic",5203423401,"MLB Satellite to NFL 9-13 $5 Fantasy Football Millionaire (Early)",192973000,"2026-07-30 12:10:00",23,46.8,"$0.00","$0.00",23,"$0.25","$5.00",1
"MLB","Classic",5203423409,"MLB Satellite to NFL 9-13 $5 Fantasy Football Millionaire (Early)",192973047,"2026-07-30 12:10:00",1,134.65,"$0.00","$5.00",23,"$0.25","$5.00",1
"GOLF","Showdown",5203421776,"PGA TOUR Showdown Satellite to NFL Best Ball $25 Millionaire (Late Round 1 TOUR) (1/3)",192922019,"2026-07-30 12:10:00",65,226.8,"$0.00","$0.00",118,"$0.25","$25.00",1
"GOLF","Showdown",5203430849,"PGA TOUR Showdown Satellite to NFL Best Ball $25 Millionaire (Late Round 1 TOUR) (3/3)",192922019,"2026-07-30 12:10:00",79,219.2,"$0.00","$0.00",118,"$0.25","$25.00",1
"GOLF","Showdown",5203430822,"PGA TOUR Showdown Satellite to NFL Best Ball $25 Millionaire (Late Round 1 TOUR) (2/3)",192922019,"2026-07-30 12:10:00",104,196.55,"$0.00","$0.00",118,"$0.25","$25.00",1
"MLB","Showdown Captain Mode",5203436220,"MLB Showdown Satellite to NFL 9-13 $5 Fantasy Football Millionaire (TEX @ TB)",192937438,"2026-07-30 12:10:00",8,39,"$0.00","$0.00",20,"$0.25","$5.00",1
"MLB","Showdown Captain Mode",5203446469,"MLB Showdown Satellite to NFL 9-13 $5 Fantasy Football Millionaire (TEX @ TB)",192937440,"2026-07-30 12:10:00",31,31.6,"$0.00","$0.00",38,"$0.10","$5.00",1
"GOLF","Classic",5203015664,"PGA TOUR Satellite to NFL Best Ball $25 Millionaire (2/8)",192955502,"2026-07-30 07:00:00",48,464,"$0.00","$0.00",297,"$0.10","$25.00",1
"GOLF","Classic",5203015668,"PGA TOUR Satellite to NFL Best Ball $25 Millionaire (6/8)",192955502,"2026-07-30 07:00:00",92,437.5,"$0.00","$0.00",297,"$0.10","$25.00",1
"GOLF","Classic",5203015670,"PGA TOUR Satellite to NFL Best Ball $25 Millionaire (8/8)",192955502,"2026-07-30 07:00:00",194,377,"$0.00","$0.00",297,"$0.10","$25.00",1
"GOLF","Classic",5203015666,"PGA TOUR Satellite to NFL Best Ball $25 Millionaire (4/8)",192955502,"2026-07-30 07:00:00",208,368,"$0.00","$0.00",297,"$0.10","$25.00",1
"GOLF","Classic",5203015665,"PGA TOUR Satellite to NFL Best Ball $25 Millionaire (3/8)",192955502,"2026-07-30 07:00:00",234,353,"$0.00","$0.00",297,"$0.10","$25.00",1
"GOLF","Classic",5203015463,"PGA TOUR Satellite to NFL Best Ball $25 Millionaire (1/8)",192955502,"2026-07-30 07:00:00",248,344,"$0.00","$0.00",297,"$0.10","$25.00",1
"GOLF","Classic",5203015669,"PGA TOUR Satellite to NFL Best Ball $25 Millionaire (7/8)",192955502,"2026-07-30 07:00:00",265,326,"$0.00","$0.00",297,"$0.10","$25.00",1
"GOLF","Classic",5203015667,"PGA TOUR Satellite to NFL Best Ball $25 Millionaire (5/8)",192955502,"2026-07-30 07:00:00",288,289.5,"$0.00","$0.00",297,"$0.10","$25.00",1
"GOLF","Showdown",5203172037,"PGA TOUR Showdown Satellite to NFL Best Ball $25 Millionaire (Round 1 TOUR)",192879416,"2026-07-30 07:00:00",99,209.25,"$0.00","$0.00",118,"$0.25","$25.00",1
"MLB","Classic",5202726088,"MLB Satellite to NFL 9-13 $5 Fantasy Football Millionaire",192939862,"2026-07-29 19:10:00",28,101.15,"$0.00","$0.00",49,"$0.10","$5.00",1
"MLB","Classic",5202829548,"MLB Satellite to NFL Best Ball $25 Millionaire (1/3)",192940503,"2026-07-29 19:10:00",17,121.15,"$0.00","$0.00",92,"$0.25","$25.00",1
"MLB","Classic",5202829549,"MLB Satellite to NFL Best Ball $25 Millionaire (2/3)",192940503,"2026-07-29 19:10:00",42,101.25,"$0.00","$0.00",92,"$0.25","$25.00",1
"MLB","Classic",5202829550,"MLB Satellite to NFL Best Ball $25 Millionaire (3/3)",192940503,"2026-07-29 19:10:00",66,88.85,"$0.00","$0.00",92,"$0.25","$25.00",1
"MLB","Classic",5202841263,"MLB Satellite to NFL Best Ball $25 Millionaire (1/3)",192941040,"2026-07-29 19:10:00",27,110.75,"$0.00","$0.00",88,"$0.25","$25.00",1
"MLB","Classic",5202841265,"MLB Satellite to NFL Best Ball $25 Millionaire (3/3)",192941040,"2026-07-29 19:10:00",52,97.55,"$0.00","$0.00",88,"$0.25","$25.00",1
"MLB","Classic",5202841264,"MLB Satellite to NFL Best Ball $25 Millionaire (2/3)",192941040,"2026-07-29 19:10:00",88,42.15,"$0.00","$0.00",88,"$0.25","$25.00",1
"MLB","Classic",5202734813,"MLB Satellite to NFL 9-13 $5 Fantasy Football Millionaire",192936209,"2026-07-29 19:10:00",17,89.6,"$0.00","$0.00",23,"$0.25","$5.00",1
"MLB","Classic",5202734827,"MLB Satellite to NFL 9-13 $5 Fantasy Football Millionaire",192936649,"2026-07-29 19:10:00",23,66.55,"$0.00","$0.00",23,"$0.25","$5.00",1
"MLB","Classic",5202735194,"MLB Satellite to NFL 9-13 $5 Fantasy Football Millionaire",192938900,"2026-07-29 19:10:00",9,124.15,"$0.00","$0.00",49,"$0.10","$5.00",1
"MLB","Classic",5202726039,"MLB Satellite to NFL 9-13 $5 Fantasy Football Millionaire",192935801,"2026-07-29 19:10:00",32,92.4,"$0.00","$0.00",50,"$0.10","$5.00",1
"MLB","Classic",5202734873,"MLB SUPERSatellite to NFL 9-13 $5 Fantasy Football Millionaire [2x]",192935802,"2026-07-29 19:10:00",5,126.3,"$0.00","$0.00",41,"$0.25","$10.00",2
"MLB","Classic",5202735264,"MLB SUPERSatellite to NFL 9-13 $5 Fantasy Football Millionaire [2x] (1/3)",192932671,"2026-07-29 19:10:00",6,140.15,"$0.00","$0.00",118,"$0.10","$10.00",2
"MLB","Classic",5202735321,"MLB SUPERSatellite to NFL 9-13 $5 Fantasy Football Millionaire [2x] (3/3)",192932671,"2026-07-29 19:10:00",28,124.15,"$0.00","$0.00",118,"$0.10","$10.00",2
"MLB","Classic",5202735320,"MLB SUPERSatellite to NFL 9-13 $5 Fantasy Football Millionaire [2x] (2/3)",192932671,"2026-07-29 19:10:00",100,81.2,"$0.00","$0.00",118,"$0.10","$10.00",2
"MLB","Classic",5202726003,"MLB Satellite to NFL 9-13 $5 Fantasy Football Millionaire",192933802,"2026-07-29 19:10:00",25,101.15,"$0.00","$0.00",55,"$0.10","$5.00",1
"MLB","Classic",5202725666,"MLB Satellite to NFL Best Ball $25 Millionaire (1/3)",192895628,"2026-07-29 19:10:00",7,140.15,"$0.00","$0.00",118,"$0.25","$25.00",1
"MLB","Classic",5202735304,"MLB Satellite to NFL Best Ball $25 Millionaire (3/3)",192895628,"2026-07-29 19:10:00",81,92.4,"$0.00","$0.00",118,"$0.25","$25.00",1
"MLB","Classic",5202735303,"MLB Satellite to NFL Best Ball $25 Millionaire (2/3)",192895628,"2026-07-29 19:10:00",101,81.2,"$0.00","$0.00",118,"$0.25","$25.00",1
"MLB","Showdown Captain Mode",5202902094,"MLB Showdown Satellite to NFL 9-13 $5 Fantasy Football Millionaire (SEA @ LAD)",192896296,"2026-07-29 22:10:00",14,61,"$0.00","$0.00",59,"$0.10","$5.00",1
"MLB","Showdown Captain Mode",5202902142,"MLB Showdown Satellite to NFL 9-13 $5 Fantasy Football Millionaire (SEA @ LAD)",192947686,"2026-07-29 22:10:00",7,61,"$0.00","$0.00",23,"$0.25","$5.00",1
"MLB","Showdown Captain Mode",5202902122,"MLB Showdown Satellite to NFL 9-13 $5 Fantasy Football Millionaire (SEA @ LAD)",192948724,"2026-07-29 22:10:00",13,40.78,"$0.00","$0.00",23,"$0.25","$5.00",1
"MLB","Classic",5202899972,"MLB Satellite to NFL 9-13 $5 Fantasy Football Millionaire (Night)",192939787,"2026-07-29 21:38:00",16,79.3,"$0.00","$0.00",23,"$0.25","$5.00",1
"MLB","Classic",5202899979,"MLB Satellite to NFL 9-13 $5 Fantasy Football Millionaire (Night)",192943882,"2026-07-29 21:38:00",18,79.3,"$0.00","$0.00",23,"$0.25","$5.00",1
"MLB","Classic",5202891504,"MLB Satellite to NFL 9-13 $5 Fantasy Football Millionaire (Night)",192949357,"2026-07-29 21:38:00",12,79.3,"$0.00","$0.00",23,"$0.25","$5.00",1
"MLB","Classic",5202891523,"MLB Satellite to NFL 9-13 $5 Fantasy Football Millionaire (Night)",192896278,"2026-07-29 21:38:00",42,79.3,"$0.00","$0.00",59,"$0.10","$5.00",1
"MLB","Showdown Captain Mode",5202745281,"MLB Showdown Satellite to NFL 9-13 $5 Fantasy Football Millionaire (CHC @ STL)",192896258,"2026-07-29 19:45:00",19,38,"$0.00","$0.00",23,"$0.25","$5.00",1
"MLB","Showdown Captain Mode",5202745100,"MLB Showdown Satellite to NFL 9-13 $5 Fantasy Football Millionaire (CHC @ STL)",192896259,"2026-07-29 19:45:00",9,59.55,"$0.00","$0.00",23,"$0.25","$5.00",1
"MLB","Showdown Captain Mode",5202745077,"MLB Showdown Satellite to NFL 9-13 $5 Fantasy Football Millionaire (CHC @ STL)",192896260,"2026-07-29 19:45:00",21,54.18,"$0.00","$0.00",45,"$0.10","$5.00",1
"MLB","Showdown Captain Mode",5202737313,"MLB Showdown Satellite to NFL 9-13 $5 Fantasy Football Millionaire (TEX @ TB)",192938854,"2026-07-29 18:40:00",11,43.03,"$0.00","$0.00",15,"$0.25","$5.00",1
"MLB","Showdown Captain Mode",5202737327,"MLB Showdown Satellite to NFL 9-13 $5 Fantasy Football Millionaire (TEX @ TB)",192896240,"2026-07-29 18:40:00",17,41,"$0.00","$0.00",23,"$0.25","$5.00",1
"MLB","Showdown Captain Mode",5202737298,"MLB Showdown Satellite to NFL 9-13 $5 Fantasy Football Millionaire (TEX @ TB)",192896242,"2026-07-29 18:40:00",23,40.05,"$0.00","$0.00",47,"$0.10","$5.00",1
"MLB","Showdown Captain Mode",5202404523,"MLB Showdown Satellite to NFL 9-13 $5 Fantasy Football Millionaire (ATL @ NYM)",192896204,"2026-07-29 13:10:00",22,22,"$0.00","$0.00",23,"$0.25","$5.00",1
"MLB","Showdown Captain Mode",5202404511,"MLB Showdown Satellite to NFL 9-13 $5 Fantasy Football Millionaire (ATL @ NYM)",192896205,"2026-07-29 13:10:00",22,30.23,"$0.00","$0.00",23,"$0.25","$5.00",1
"MLB","Classic",5202377942,"MLB Satellite to NFL 9-13 $5 Fantasy Football Millionaire (Early)",192922983,"2026-07-29 12:10:00",2,110.9,"$0.00","$0.00",23,"$0.25","$5.00",1
"MLB","Classic",5202377711,"MLB Satellite to NFL 9-13 $5 Fantasy Football Millionaire (Early)",192921685,"2026-07-29 12:10:00",12,83.65,"$0.00","$0.00",23,"$0.25","$5.00",1
"MLB","Classic",5202370243,"MLB Satellite to NFL 9-13 $5 Fantasy Football Millionaire (Early)",192921728,"2026-07-29 12:10:00",14,81.15,"$0.00","$0.00",23,"$0.25","$5.00",1
"MLB","Classic",5202370261,"MLB Satellite to NFL 9-13 $5 Fantasy Football Millionaire (Early)",192921742,"2026-07-29 12:10:00",3,109.65,"$0.00","$0.00",23,"$0.25","$5.00",1
"MLB","Classic",5202377163,"MLB Satellite to NFL Best Ball $25 Millionaire (Early) (3/3)",192895951,"2026-07-29 12:10:00",5,109.65,"$0.00","$0.00",118,"$0.25","$25.00",1
"MLB","Classic",5202369833,"MLB Satellite to NFL Best Ball $25 Millionaire (Early) (2/3)",192895951,"2026-07-29 12:10:00",69,81.9,"$0.00","$0.00",118,"$0.25","$25.00",1
"MLB","Classic",5202369832,"MLB Satellite to NFL Best Ball $25 Millionaire (Early) (1/3)",192895951,"2026-07-29 12:10:00",117,39.25,"$0.00","$0.00",118,"$0.25","$25.00",1
"MLB","Classic",5202344020,"MLB SUPERSatellite to NFL 9-13 $5 Fantasy Football Millionaire [2x] (Early)",192896006,"2026-07-29 12:10:00",7,116.8,"$0.00","$0.00",118,"$0.10","$10.00",2
"MLB","Classic",5202344051,"MLB Satellite to NFL 9-13 $5 Fantasy Football Millionaire (Early)",192896002,"2026-07-29 12:10:00",2,116.8,"$0.00","$0.00",59,"$0.10","$5.00",1
"MLB","Classic",5202340483,"MLB Satellite to NFL 9-13 $5 Fantasy Football Millionaire (Early)",192896004,"2026-07-29 12:10:00",36,83.65,"$0.00","$0.00",59,"$0.10","$5.00",1
"MLB","Showdown Captain Mode",5201898052,"MLB Showdown Satellite to NFL 9-13 $5 Fantasy Football Millionaire (SEA @ LAD)",192846994,"2026-07-28 22:10:00",28,67,"$0.00","$0.00",54,"$0.10","$5.00",1
"MLB","Showdown Captain Mode",5201898078,"MLB Showdown Satellite to NFL 9-13 $5 Fantasy Football Millionaire (SEA @ LAD)",192894664,"2026-07-28 22:10:00",15,59.15,"$0.00","$0.00",23,"$0.25","$5.00",1
"MLB","Classic",5201904498,"MLB Satellite to NFL 9-13 $5 Fantasy Football Millionaire (Night)",192899735,"2026-07-28 21:38:00",13,92.95,"$0.00","$0.00",23,"$0.25","$5.00",1
"MLB","Classic",5201904513,"MLB Satellite to NFL 9-13 $5 Fantasy Football Millionaire (Night)",192901361,"2026-07-28 21:38:00",4,134.55,"$0.00","$0.00",23,"$0.25","$5.00",1
"MLB","Classic",5201896577,"MLB Satellite to NFL Best Ball $25 Millionaire (Night) (2/3)",192846711,"2026-07-28 21:38:00",12,125.55,"$0.00","$0.00",118,"$0.25","$25.00",1
"MLB","Classic",5201896576,"MLB Satellite to NFL Best Ball $25 Millionaire (Night) (1/3)",192846711,"2026-07-28 21:38:00",38,108.6,"$0.00","$0.00",118,"$0.25","$25.00",1
"MLB","Classic",5201904326,"MLB Satellite to NFL Best Ball $25 Millionaire (Night) (3/3)",192846711,"2026-07-28 21:38:00",67,92.95,"$0.00","$0.00",118,"$0.25","$25.00",1
"MLB","Classic",5201738971,"MLB Satellite to NFL 9-13 $5 Fantasy Football Millionaire",192890173,"2026-07-28 19:10:00",23,40.7,"$0.00","$0.00",23,"$0.25","$5.00",1
"MLB","Classic",5201745071,"MLB SUPERSatellite to NFL 9-13 $5 Fantasy Football Millionaire [2x] (3/3)",192889002,"2026-07-28 19:10:00",15,132.6,"$0.00","$0.00",118,"$0.10","$10.00",2
"MLB","Classic",5201739512,"MLB SUPERSatellite to NFL 9-13 $5 Fantasy Football Millionaire [2x] (1/3)",192889002,"2026-07-28 19:10:00",111,56.35,"$0.00","$0.00",118,"$0.10","$10.00",2
"MLB","Classic",5201745070,"MLB SUPERSatellite to NFL 9-13 $5 Fantasy Football Millionaire [2x] (2/3)",192889002,"2026-07-28 19:10:00",117,40.7,"$0.00","$0.00",118,"$0.10","$10.00",2
"MLB","Classic",5201739731,"MLB SUPERSatellite to NFL 9-13 $5 Fantasy Football Millionaire [2x] (2/3)",192889325,"2026-07-28 19:10:00",84,77.95,"$0.00","$0.00",118,"$0.10","$10.00",2
"MLB","Classic",5201744807,"MLB SUPERSatellite to NFL 9-13 $5 Fantasy Football Millionaire [2x] (3/3)",192889325,"2026-07-28 19:10:00",110,55.75,"$0.00","$0.00",118,"$0.10","$10.00",2
"MLB","Classic",5201739730,"MLB SUPERSatellite to NFL 9-13 $5 Fantasy Football Millionaire [2x] (1/3)",192889325,"2026-07-28 19:10:00",115,40.7,"$0.00","$0.00",118,"$0.10","$10.00",2
"MLB","Classic",5201738766,"MLB Satellite to NFL 9-13 $5 Fantasy Football Millionaire",192889342,"2026-07-28 19:10:00",4,125.25,"$0.00","$0.00",23,"$0.25","$5.00",1
"MLB","Classic",5201738791,"MLB Satellite to NFL 9-13 $5 Fantasy Football Millionaire",192889422,"2026-07-28 19:10:00",21,55.75,"$0.00","$0.00",23,"$0.25","$5.00",1
"MLB","Classic",5201744461,"MLB Satellite to NFL 9-13 $5 Fantasy Football Millionaire",192890029,"2026-07-28 19:10:00",22,55.75,"$0.00","$0.00",23,"$0.25","$5.00",1
"MLB","Classic",5201744498,"MLB SUPERSatellite to NFL 9-13 $5 Fantasy Football Millionaire [2x]",192884081,"2026-07-28 19:10:00",3,132.6,"$0.00","$0.00",47,"$0.25","$10.00",2
"MLB","Classic",5201744587,"MLB Satellite to NFL 9-13 $5 Fantasy Football Millionaire",192884161,"2026-07-28 19:10:00",40,84.25,"$0.00","$0.00",59,"$0.10","$5.00",1
"MLB","Classic",5201744612,"MLB Satellite to NFL 9-13 $5 Fantasy Football Millionaire",192884434,"2026-07-28 19:10:00",45,77.95,"$0.00","$0.00",59,"$0.10","$5.00",1
"MLB","Classic",5201739035,"MLB Satellite to NFL 9-13 $5 Fantasy Football Millionaire",192878956,"2026-07-28 19:10:00",56,56.35,"$0.00","$0.00",59,"$0.10","$5.00",1
"MLB","Classic",5201739712,"MLB Satellite to NFL Best Ball $25 Millionaire (2/3)",192846378,"2026-07-28 19:10:00",30,113.2,"$0.00","$0.00",118,"$0.25","$25.00",1
"MLB","Classic",5201738728,"MLB Satellite to NFL Best Ball $25 Millionaire (1/3)",192846378,"2026-07-28 19:10:00",77,84.25,"$0.00","$0.00",118,"$0.25","$25.00",1
"MLB","Classic",5201739713,"MLB Satellite to NFL Best Ball $25 Millionaire (3/3)",192846378,"2026-07-28 19:10:00",81,77.95,"$0.00","$0.00",118,"$0.25","$25.00",1
"MLB","Classic",5201715010,"MLB Satellite to NFL 9-13 $5 Fantasy Football Millionaire (Turbo)",192887057,"2026-07-28 18:40:00",22,61.1,"$0.00","$0.00",23,"$0.25","$5.00",1
"MLB","Classic",5201714991,"MLB Satellite to NFL 9-13 $5 Fantasy Football Millionaire (Turbo)",192891870,"2026-07-28 18:40:00",34,96.25,"$0.00","$0.00",52,"$0.10","$5.00",1
"MLB","Classic",5201715146,"MLB Satellite to NFL 9-13 $5 Fantasy Football Millionaire (Turbo)",192891874,"2026-07-28 18:40:00",12,96.25,"$0.00","$0.00",23,"$0.25","$5.00",1
"MLB","Showdown Captain Mode",5200945784,"MLB Showdown Satellite to NFL 9-13 $5 Fantasy Football Millionaire (MIL @ SF)",192851120,"2026-07-27 21:45:00",3,63.75,"$0.00","$0.00",23,"$0.25","$5.00",1
"MLB","Showdown Captain Mode",5200941114,"MLB Showdown Satellite to NFL 9-13 $5 Fantasy Football Millionaire (MIL @ SF)",192784479,"2026-07-27 21:45:00",46,17.1,"$0.00","$0.00",59,"$0.10","$5.00",1
"MLB","Classic",5200940681,"MLB Satellite to NFL 9-13 $5 Fantasy Football Millionaire (Night)",192842358,"2026-07-27 21:38:00",21,46.6,"$0.00","$0.00",23,"$0.25","$5.00",1
"MLB","Classic",5200945161,"MLB Satellite to NFL 9-13 $5 Fantasy Football Millionaire (Night)",192853093,"2026-07-27 21:38:00",7,73.9,"$0.00","$0.00",23,"$0.25","$5.00",1
"MLB","Classic",5200940760,"MLB Satellite to NFL 9-13 $5 Fantasy Football Millionaire (Night)",192853339,"2026-07-27 21:38:00",9,75,"$0.00","$0.00",23,"$0.25","$5.00",1
"MLB","Classic",5200940930,"MLB Satellite to NFL 9-13 $5 Fantasy Football Millionaire (Night)",192784672,"2026-07-27 21:38:00",19,79.6,"$0.00","$0.00",59,"$0.10","$5.00",1
"MLB","Classic",5200940938,"MLB Satellite to NFL 9-13 $5 Fantasy Football Millionaire (Night)",192784673,"2026-07-27 21:38:00",17,84.9,"$0.00","$0.00",59,"$0.10","$5.00",1
"MLB","Classic",5200945713,"MLB Satellite to NFL 9-13 $5 Fantasy Football Millionaire (Night)",192784674,"2026-07-27 21:38:00",57,40.9,"$0.00","$0.00",59,"$0.10","$5.00",1
"MLB","Classic",5200941023,"MLB Satellite to NFL Best Ball $25 Millionaire (Night) (2/3)",192784653,"2026-07-27 21:38:00",2,109.9,"$0.00","$0.00",118,"$0.25","$25.00",1
"MLB","Classic",5200941022,"MLB Satellite to NFL Best Ball $25 Millionaire (Night) (1/3)",192784653,"2026-07-27 21:38:00",18,84.9,"$0.00","$0.00",118,"$0.25","$25.00",1
"MLB","Classic",5200945040,"MLB Satellite to NFL Best Ball $25 Millionaire (Night) (3/3)",192784653,"2026-07-27 21:38:00",41,75,"$0.00","$0.00",118,"$0.25","$25.00",1
"MLB","Showdown Captain Mode",5200844045,"MLB Showdown Satellite to NFL 9-13 $5 Fantasy Football Millionaire (ATL @ NYM)",192784462,"2026-07-27 19:10:00",8,113.83,"$0.00","$0.00",50,"$0.10","$5.00",1
"MLB","Showdown Captain Mode",5200844006,"MLB Showdown Satellite to NFL 9-13 $5 Fantasy Football Millionaire (ATL @ NYM)",192847630,"2026-07-27 19:10:00",9,89.93,"$0.00","$0.00",23,"$0.25","$5.00",1
"MLB","Classic",5200843388,"MLB Satellite to NFL 9-13 $5 Fantasy Football Millionaire (Turbo)",192843598,"2026-07-27 18:40:00",43,51.05,"$0.00","$0.00",59,"$0.10","$5.00",1
"MLB","Classic",5200843588,"MLB Satellite to NFL 9-13 $5 Fantasy Football Millionaire (Turbo)",192844883,"2026-07-27 18:40:00",17,51.05,"$0.00","$0.00",23,"$0.25","$5.00",1
"MLB","Showdown Captain Mode",5200102614,"MLB Showdown Satellite to NFL 9-13 $5 Fantasy Football Millionaire (NYY @ PHI)",192805009,"2026-07-26 19:20:00",38,56.1,"$0.00","$0.00",59,"$0.10","$5.00",1
"MLB","Showdown Captain Mode",5200102436,"MLB Showdown Satellite to NFL 9-13 $5 Fantasy Football Millionaire (NYY @ PHI)",192805010,"2026-07-26 19:20:00",45,54.02,"$0.00","$0.00",59,"$0.10","$5.00",1
"MLB","Showdown Captain Mode",5200109253,"MLB Showdown Satellite to NFL 9-13 $5 Fantasy Football Millionaire (NYY @ PHI)",192805849,"2026-07-26 19:20:00",6,77.6,"$0.00","$0.00",23,"$0.25","$5.00",1
"MLB","Showdown Captain Mode",5200109315,"MLB Showdown Satellite to NFL 9-13 $5 Fantasy Football Millionaire (NYY @ PHI)",192805937,"2026-07-26 19:20:00",9,72.6,"$0.00","$0.00",23,"$0.25","$5.00",1
"MLB","Showdown Captain Mode",5200109239,"MLB Showdown Satellite to NFL 9-13 $5 Fantasy Football Millionaire (NYY @ PHI)",192806026,"2026-07-26 19:20:00",4,77.1,"$0.00","$0.00",23,"$0.25","$5.00",1
"MLB","Showdown Captain Mode",5200102607,"MLB Showdown Satellite to NFL 9-13 $5 Fantasy Football Millionaire (NYY @ PHI)",192804425,"2026-07-26 19:20:00",44,55.95,"$0.00","$0.00",59,"$0.10","$5.00",1
"MLB","Showdown Captain Mode",5200113257,"MLB Showdown Satellite to NFL Best Ball $25 Millionaire (NYY @ PHI) (2/3)",192736459,"2026-07-26 19:20:00",35,78.15,"$0.00","$0.00",118,"$0.25","$25.00",1
"MLB","Showdown Captain Mode",5200113258,"MLB Showdown Satellite to NFL Best Ball $25 Millionaire (NYY @ PHI) (3/3)",192736459,"2026-07-26 19:20:00",66,66.15,"$0.00","$0.00",118,"$0.25","$25.00",1
"MLB","Showdown Captain Mode",5200113247,"MLB Showdown Satellite to NFL Best Ball $25 Millionaire (NYY @ PHI) (1/3)",192736459,"2026-07-26 19:20:00",96,54.15,"$0.00","$0.00",118,"$0.25","$25.00",1
"GOLF","Captain Mode Showdown",5199341909,"PGA TOUR Showdown Satellite to NFL Best Ball $25 Millionaire (Late Round 4 TOUR) (2/3)",192759581,"2026-07-26 12:15:00",14,376.53,"$0.00","$0.00",118,"$0.25","$25.00",1
"GOLF","Captain Mode Showdown",5199332041,"PGA TOUR Showdown Satellite to NFL Best Ball $25 Millionaire (Late Round 4 TOUR) (1/3)",192759581,"2026-07-26 12:15:00",92,325.93,"$0.00","$0.00",118,"$0.25","$25.00",1
"GOLF","Captain Mode Showdown",5199341910,"PGA TOUR Showdown Satellite to NFL Best Ball $25 Millionaire (Late Round 4 TOUR) (3/3)",192759581,"2026-07-26 12:15:00",107,309.78,"$0.00","$0.00",118,"$0.25","$25.00",1
"GOLF","Showdown",5199304745,"PGA TOUR Showdown Satellite to NFL Best Ball $25 Millionaire (Round 4 TOUR) (1/3)",192768948,"2026-07-26 08:05:00",8,331.95,"$0.00","$0.00",118,"$0.25","$25.00",1
"GOLF","Showdown",5199305733,"PGA TOUR Showdown Satellite to NFL Best Ball $25 Millionaire (Round 4 TOUR) (3/3)",192768948,"2026-07-26 08:05:00",35,304.7,"$0.00","$0.00",118,"$0.25","$25.00",1
"GOLF","Showdown",5199305732,"PGA TOUR Showdown Satellite to NFL Best Ball $25 Millionaire (Round 4 TOUR) (2/3)",192768948,"2026-07-26 08:05:00",68,284.2,"$0.00","$0.00",118,"$0.25","$25.00",1
"MLB","Classic",5198984721,"MLB Satellite to NFL 9-13 $5 Fantasy Football Millionaire",192753671,"2026-07-25 18:05:00",3,100.65,"$0.00","$0.00",23,"$0.25","$5.00",1
"MLB","Classic",5198976223,"MLB Satellite to NFL 9-13 $5 Fantasy Football Millionaire",192748828,"2026-07-25 18:05:00",19,90.25,"$0.00","$0.00",59,"$0.10","$5.00",1
"MLB","Classic",5198984482,"MLB Satellite to NFL 9-13 $5 Fantasy Football Millionaire",192746313,"2026-07-25 18:05:00",5,104.6,"$0.00","$0.00",59,"$0.10","$5.00",1
"MLB","Classic",5198984473,"MLB Satellite to NFL 9-13 $5 Fantasy Football Millionaire",192747269,"2026-07-25 18:05:00",50,64.15,"$0.00","$0.00",59,"$0.10","$5.00",1
"MLB","Classic",5198976234,"MLB Satellite to NFL 9-13 $5 Fantasy Football Millionaire",192747982,"2026-07-25 18:05:00",3,108.65,"$0.00","$0.00",59,"$0.10","$5.00",1
"MLB","Classic",5198984519,"MLB SUPERSatellite to NFL 9-13 $5 Fantasy Football Millionaire [2x] (1/3)",192744091,"2026-07-25 18:05:00",81,66.5,"$0.00","$0.00",118,"$0.10","$10.00",2
"MLB","Classic",5198984529,"MLB SUPERSatellite to NFL 9-13 $5 Fantasy Football Millionaire [2x] (2/3)",192744091,"2026-07-25 18:05:00",86,65.1,"$0.00","$0.00",118,"$0.10","$10.00",2
"MLB","Classic",5198984692,"MLB SUPERSatellite to NFL 9-13 $5 Fantasy Football Millionaire [2x] (3/3)",192744091,"2026-07-25 18:05:00",98,59.85,"$0.00","$0.00",118,"$0.10","$10.00",2
"MLB","Classic",5198984740,"MLB Satellite to NFL Best Ball $25 Millionaire (3/3)",192707612,"2026-07-25 18:05:00",32,92.15,"$0.00","$0.00",118,"$0.25","$25.00",1
"MLB","Classic",5198976677,"MLB Satellite to NFL Best Ball $25 Millionaire (1/3)",192707612,"2026-07-25 18:05:00",39,87.2,"$0.00","$0.00",118,"$0.25","$25.00",1
"MLB","Classic",5198976678,"MLB Satellite to NFL Best Ball $25 Millionaire (2/3)",192707612,"2026-07-25 18:05:00",87,64.7,"$0.00","$0.00",118,"$0.25","$25.00",1
"MLB","Showdown Captain Mode",5199037411,"MLB Showdown Satellite to NFL 9-13 $5 Fantasy Football Millionaire (LAD @ NYM)",192708096,"2026-07-25 19:15:00",23,30,"$0.00","$0.00",23,"$0.25","$5.00",1
"MLB","Showdown Captain Mode",5199037380,"MLB Showdown Satellite to NFL 9-13 $5 Fantasy Football Millionaire (LAD @ NYM)",192708097,"2026-07-25 19:15:00",54,28,"$0.00","$0.00",59,"$0.10","$5.00",1
"MLB","Showdown Captain Mode",5199030072,"MLB Showdown Satellite to NFL 9-13 $5 Fantasy Football Millionaire (NYY @ PHI)",192708079,"2026-07-25 18:05:00",20,27,"$0.00","$0.00",23,"$0.25","$5.00",1
"MLB","Showdown Captain Mode",5199021672,"MLB Showdown Satellite to NFL 9-13 $5 Fantasy Football Millionaire (NYY @ PHI)",192708080,"2026-07-25 18:05:00",26,32.5,"$0.00","$0.00",37,"$0.10","$5.00",1
"MLB","Showdown Captain Mode",5198846965,"MLB Showdown Satellite to NFL 9-13 $5 Fantasy Football Millionaire (TOR @ BOS)",192708062,"2026-07-25 16:10:00",19,28,"$0.00","$0.00",23,"$0.25","$5.00",1
"MLB","Showdown Captain Mode",5198840257,"MLB Showdown Satellite to NFL 9-13 $5 Fantasy Football Millionaire (TOR @ BOS)",192708063,"2026-07-25 16:10:00",35,37.25,"$0.00","$0.00",45,"$0.10","$5.00",1
"MLB","Classic",5198776656,"MLB Satellite to NFL 9-13 $5 Fantasy Football Millionaire (Early)",192738861,"2026-07-25 16:05:00",11,100.05,"$0.00","$0.00",23,"$0.25","$5.00",1
"MLB","Classic",5198776648,"MLB Satellite to NFL 9-13 $5 Fantasy Football Millionaire (Early)",192740560,"2026-07-25 16:05:00",23,33.6,"$0.00","$0.00",23,"$0.25","$5.00",1
"MLB","Classic",5198776850,"MLB Satellite to NFL 9-13 $5 Fantasy Football Millionaire (Early)",192741308,"2026-07-25 16:05:00",4,110.9,"$0.00","$0.00",23,"$0.25","$5.00",1
"MLB","Classic",5198777129,"MLB Satellite to NFL Best Ball $25 Millionaire (Early) (1/3)",192707481,"2026-07-25 16:05:00",14,133.55,"$0.00","$0.00",112,"$0.25","$25.00",1
"MLB","Classic",5198783314,"MLB Satellite to NFL Best Ball $25 Millionaire (Early) (3/3)",192707481,"2026-07-25 16:05:00",59,99.2,"$0.00","$0.00",112,"$0.25","$25.00",1
"MLB","Classic",5198783313,"MLB Satellite to NFL Best Ball $25 Millionaire (Early) (2/3)",192707481,"2026-07-25 16:05:00",99,67.75,"$0.00","$0.00",112,"$0.25","$25.00",1
"MLB","Classic",5198776184,"MLB Satellite to NFL 9-13 $5 Fantasy Football Millionaire (Early)",192707519,"2026-07-25 16:05:00",44,78,"$0.00","$0.00",59,"$0.10","$5.00",1
"MLB","Classic",5198776014,"MLB Satellite to NFL 9-13 $5 Fantasy Football Millionaire (Early)",192707521,"2026-07-25 16:05:00",43,76.05,"$0.00","$0.00",59,"$0.10","$5.00",1
"MLB","Classic",5198771793,"MLB Satellite to NFL 9-13 $5 Fantasy Football Millionaire (Early)",192707522,"2026-07-25 16:05:00",58,49.45,"$0.00","$0.00",59,"$0.10","$5.00",1
"MLB","Classic",5198772040,"MLB SUPERSatellite to NFL 9-13 $5 Fantasy Football Millionaire [2x] (Early) (3/3)",192707523,"2026-07-25 16:05:00",74,96.75,"$0.00","$0.00",118,"$0.10","$10.00",2
"MLB","Classic",5198772014,"MLB SUPERSatellite to NFL 9-13 $5 Fantasy Football Millionaire [2x] (Early) (1/3)",192707523,"2026-07-25 16:05:00",107,61.95,"$0.00","$0.00",118,"$0.10","$10.00",2
"MLB","Classic",5198772039,"MLB SUPERSatellite to NFL 9-13 $5 Fantasy Football Millionaire [2x] (Early) (2/3)",192707523,"2026-07-25 16:05:00",109,59.55,"$0.00","$0.00",118,"$0.10","$10.00",2
"MLB","Classic",5198771993,"MLB Satellite to NFL 9-13 $5 Fantasy Football Millionaire (Early)",192707520,"2026-07-25 16:05:00",52,71.5,"$0.00","$0.00",59,"$0.10","$5.00",1
"MLB","Showdown Captain Mode",5198777507,"MLB Showdown Satellite to NFL 9-13 $5 Fantasy Football Millionaire (KC @ DET)",192743019,"2026-07-25 13:10:00",10,57.5,"$0.00","$0.00",23,"$0.25","$5.00",1
"MLB","Showdown Captain Mode",5198783613,"MLB Showdown Satellite to NFL 9-13 $5 Fantasy Football Millionaire (KC @ DET)",192708046,"2026-07-25 13:10:00",40,46.55,"$0.00","$0.00",59,"$0.10","$5.00",1
"GOLF","Captain Mode Showdown",5198649833,"PGA TOUR Showdown Satellite to NFL Best Ball $25 Millionaire (Late Round 3 TOUR) (2/3)",192720772,"2026-07-25 12:10:00",13,386.35,"$0.00","$0.00",117,"$0.25","$25.00",1
"GOLF","Captain Mode Showdown",5198649834,"PGA TOUR Showdown Satellite to NFL Best Ball $25 Millionaire (Late Round 3 TOUR) (3/3)",192720772,"2026-07-25 12:10:00",65,343.93,"$0.00","$0.00",117,"$0.25","$25.00",1
"GOLF","Captain Mode Showdown",5198649618,"PGA TOUR Showdown Satellite to NFL Best Ball $25 Millionaire (Late Round 3 TOUR) (1/3)",192720772,"2026-07-25 12:10:00",105,308.58,"$0.00","$0.00",117,"$0.25","$25.00",1
"GOLF","Showdown",5198404982,"PGA TOUR Showdown Satellite to NFL Best Ball $25 Millionaire (Round 3 TOUR) (3/3)",192694243,"2026-07-25 08:00:00",86,278.7,"$0.00","$0.00",118,"$0.25","$25.00",1
"GOLF","Showdown",5198398083,"PGA TOUR Showdown Satellite to NFL Best Ball $25 Millionaire (Round 3 TOUR) (2/3)",192694243,"2026-07-25 08:00:00",105,259.25,"$0.00","$0.00",118,"$0.25","$25.00",1
"GOLF","Showdown",5198398082,"PGA TOUR Showdown Satellite to NFL Best Ball $25 Millionaire (Round 3 TOUR) (1/3)",192694243,"2026-07-25 08:00:00",114,232.75,"$0.00","$0.00",118,"$0.25","$25.00",1
"MLB","Showdown Captain Mode",5198131077,"MLB Showdown Satellite to NFL 9-13 $5 Fantasy Football Millionaire (LAA @ SF)",192667455,"2026-07-24 22:15:00",3,86.5,"$0.00","$0.00",23,"$0.25","$5.00",1
"MLB","Showdown Captain Mode",5198134924,"MLB Showdown Satellite to NFL 9-13 $5 Fantasy Football Millionaire (LAA @ SF)",192667456,"2026-07-24 22:15:00",34,56,"$0.00","$0.00",59,"$0.10","$5.00",1
"MLB","Classic",5198099752,"MLB Satellite to NFL 9-13 $5 Fantasy Football Millionaire (Night)",192667458,"2026-07-24 20:05:00",9,89.55,"$0.00","$0.00",59,"$0.10","$5.00",1
"MLB","Classic",5198086602,"MLB Satellite to NFL Best Ball $25 Millionaire (1/3)",192705822,"2026-07-24 19:05:00",13,108.95,"$0.00","$0.00",118,"$0.25","$25.00",1
"MLB","Classic",5198091947,"MLB Satellite to NFL Best Ball $25 Millionaire (2/3)",192705822,"2026-07-24 19:05:00",16,103.9,"$0.00","$0.00",118,"$0.25","$25.00",1
"MLB","Classic",5198091948,"MLB Satellite to NFL Best Ball $25 Millionaire (3/3)",192705822,"2026-07-24 19:05:00",37,91.25,"$0.00","$0.00",118,"$0.25","$25.00",1
"MLB","Classic",5198086561,"MLB Satellite to NFL 9-13 $5 Fantasy Football Millionaire",192701222,"2026-07-24 19:05:00",16,94.25,"$0.00","$0.00",59,"$0.10","$5.00",1
"MLB","Classic",5198078926,"MLB Satellite to NFL 9-13 $5 Fantasy Football Millionaire",192701224,"2026-07-24 19:05:00",4,103.55,"$0.00","$0.00",59,"$0.10","$5.00",1
"MLB","Classic",5198086523,"MLB Satellite to NFL 9-13 $5 Fantasy Football Millionaire",192701225,"2026-07-24 19:05:00",21,89.2,"$0.00","$0.00",59,"$0.10","$5.00",1
"MLB","Showdown Captain Mode",5198086213,"MLB Showdown Satellite to NFL 9-13 $5 Fantasy Football Millionaire (LAD @ NYM)",192667460,"2026-07-24 19:10:00",23,65.75,"$0.00","$0.00",49,"$0.10","$5.00",1
"MLB","Classic",5197917954,"MLB Satellite to NFL 9-13 $5 Fantasy Football Millionaire (Turbo)",192667464,"2026-07-24 18:40:00",57,57.35,"$0.00","$0.00",59,"$0.10","$5.00",1
"GOLF","Showdown",5197757770,"PGA TOUR Showdown Satellite to NFL Best Ball $25 Millionaire (Late Round 2 TOUR) (3/3)",192664546,"2026-07-24 13:00:00",16,243.6,"$0.00","$0.00",118,"$0.25","$25.00",1
"GOLF","Showdown",5197757749,"PGA TOUR Showdown Satellite to NFL Best Ball $25 Millionaire (Late Round 2 TOUR) (1/3)",192664546,"2026-07-24 13:00:00",70,215.7,"$0.00","$0.00",118,"$0.25","$25.00",1
"GOLF","Showdown",5197757769,"PGA TOUR Showdown Satellite to NFL Best Ball $25 Millionaire (Late Round 2 TOUR) (2/3)",192664546,"2026-07-24 13:00:00",115,168.35,"$0.00","$0.00",118,"$0.25","$25.00",1
"GOLF","Showdown",5197458974,"PGA TOUR Showdown Satellite to NFL Best Ball $25 Millionaire (Round 2 TOUR) (2/3)",192679897,"2026-07-24 07:45:00",1,322.35,"$0.00","$25.00",118,"$0.25","$25.00",1
"GOLF","Showdown",5197458975,"PGA TOUR Showdown Satellite to NFL Best Ball $25 Millionaire (Round 2 TOUR) (3/3)",192679897,"2026-07-24 07:45:00",2,314.05,"$0.00","$0.00",118,"$0.25","$25.00",1
"GOLF","Showdown",5197458795,"PGA TOUR Showdown Satellite to NFL Best Ball $25 Millionaire (Round 2 TOUR) (1/3)",192679897,"2026-07-24 07:45:00",112,183.8,"$0.00","$0.00",118,"$0.25","$25.00",1
"MLB","Showdown Captain Mode",5197213354,"MLB Showdown SUPERSatellite to NFL 9-13 $5 Fantasy Football Millionaire [2x] (KC @ DET) (3/3)",192652559,"2026-07-23 18:40:00",16,61.1,"$0.00","$0.00",118,"$0.10","$10.00",2
"MLB","Showdown Captain Mode",5197209558,"MLB Showdown SUPERSatellite to NFL 9-13 $5 Fantasy Football Millionaire [2x] (KC @ DET) (1/3)",192652559,"2026-07-23 18:40:00",83,37.78,"$0.00","$0.00",118,"$0.10","$10.00",2
"MLB","Showdown Captain Mode",5197209559,"MLB Showdown SUPERSatellite to NFL 9-13 $5 Fantasy Football Millionaire [2x] (KC @ DET) (2/3)",192652559,"2026-07-23 18:40:00",99,32.1,"$0.00","$0.00",118,"$0.10","$10.00",2
"MLB","Showdown Captain Mode",5197209449,"MLB Showdown SUPERSatellite to NFL 9-13 $5 Fantasy Football Millionaire [5x] (KC @ DET) (3/3)",192652560,"2026-07-23 18:40:00",26,56.85,"$0.00","$0.00",118,"$0.25","$25.00",5
"MLB","Showdown Captain Mode",5197209448,"MLB Showdown SUPERSatellite to NFL 9-13 $5 Fantasy Football Millionaire [5x] (KC @ DET) (2/3)",192652560,"2026-07-23 18:40:00",40,51.35,"$0.00","$0.00",118,"$0.25","$25.00",5
"MLB","Showdown Captain Mode",5197209240,"MLB Showdown SUPERSatellite to NFL 9-13 $5 Fantasy Football Millionaire [5x] (KC @ DET) (1/3)",192652560,"2026-07-23 18:40:00",105,31.85,"$0.00","$0.00",118,"$0.25","$25.00",5
"MLB","Showdown Captain Mode",5197209248,"MLB Showdown SUPERSatellite to NFL 9-13 $5 Fantasy Football Millionaire [5x] (KC @ DET)",192652561,"2026-07-23 18:40:00",2,65.1,"$0.00","$5.00",29,"$1.00","$25.00",5
"MLB","Classic",5197212618,"MLB Satellite to NFL Best Ball $25 Millionaire (Night) (1/8)",192623314,"2026-07-23 17:15:00",26,100.1,"$0.00","$0.00",297,"$0.10","$25.00",1
"MLB","Classic",5197212796,"MLB Satellite to NFL Best Ball $25 Millionaire (Night) (6/8)",192623314,"2026-07-23 17:15:00",100,82.35,"$0.00","$0.00",297,"$0.10","$25.00",1
"MLB","Classic",5197212798,"MLB Satellite to NFL Best Ball $25 Millionaire (Night) (8/8)",192623314,"2026-07-23 17:15:00",107,81.1,"$0.00","$0.00",297,"$0.10","$25.00",1
"MLB","Classic",5197212793,"MLB Satellite to NFL Best Ball $25 Millionaire (Night) (3/8)",192623314,"2026-07-23 17:15:00",110,80.95,"$0.00","$0.00",297,"$0.10","$25.00",1
"MLB","Classic",5197212795,"MLB Satellite to NFL Best Ball $25 Millionaire (Night) (5/8)",192623314,"2026-07-23 17:15:00",161,76.5,"$0.00","$0.00",297,"$0.10","$25.00",1
"MLB","Classic",5197212794,"MLB Satellite to NFL Best Ball $25 Millionaire (Night) (4/8)",192623314,"2026-07-23 17:15:00",250,65.1,"$0.00","$0.00",297,"$0.10","$25.00",1
"MLB","Classic",5197212797,"MLB Satellite to NFL Best Ball $25 Millionaire (Night) (7/8)",192623314,"2026-07-23 17:15:00",273,60.35,"$0.00","$0.00",297,"$0.10","$25.00",1
"MLB","Classic",5197212792,"MLB Satellite to NFL Best Ball $25 Millionaire (Night) (2/8)",192623314,"2026-07-23 17:15:00",282,55.95,"$0.00","$0.00",297,"$0.10","$25.00",1
"MLB","Classic",5197208859,"MLB Satellite to NFL Best Ball $25 Millionaire (Night) (1/3)",192623315,"2026-07-23 17:15:00",10,100.1,"$0.00","$0.00",118,"$0.25","$25.00",1
"MLB","Classic",5197208888,"MLB Satellite to NFL Best Ball $25 Millionaire (Night) (3/3)",192623315,"2026-07-23 17:15:00",44,82.35,"$0.00","$0.00",118,"$0.25","$25.00",1
"MLB","Classic",5197208887,"MLB Satellite to NFL Best Ball $25 Millionaire (Night) (2/3)",192623315,"2026-07-23 17:15:00",67,76.5,"$0.00","$0.00",118,"$0.25","$25.00",1
"MLB","Classic",5197025730,"MLB Satellite to NFL Best Ball $25 Millionaire (2/8)",192623255,"2026-07-23 12:15:00",6,140.3,"$0.00","$0.00",297,"$0.10","$25.00",1
"MLB","Classic",5197025732,"MLB Satellite to NFL Best Ball $25 Millionaire (4/8)",192623255,"2026-07-23 12:15:00",103,110.85,"$0.00","$0.00",297,"$0.10","$25.00",1
"MLB","Classic",5197025731,"MLB Satellite to NFL Best Ball $25 Millionaire (3/8)",192623255,"2026-07-23 12:15:00",159,103.05,"$0.00","$0.00",297,"$0.10","$25.00",1
"MLB","Classic",5197025733,"MLB Satellite to NFL Best Ball $25 Millionaire (5/8)",192623255,"2026-07-23 12:15:00",165,100.7,"$0.00","$0.00",297,"$0.10","$25.00",1
"MLB","Classic",5197025734,"MLB Satellite to NFL Best Ball $25 Millionaire (6/8)",192623255,"2026-07-23 12:15:00",242,86.85,"$0.00","$0.00",297,"$0.10","$25.00",1
"MLB","Classic",5197033432,"MLB Satellite to NFL Best Ball $25 Millionaire (8/8)",192623255,"2026-07-23 12:15:00",285,62.55,"$0.00","$0.00",297,"$0.10","$25.00",1
"MLB","Classic",5197025729,"MLB Satellite to NFL Best Ball $25 Millionaire (1/8)",192623255,"2026-07-23 12:15:00",286,58.75,"$0.00","$0.00",297,"$0.10","$25.00",1
"MLB","Classic",5197025735,"MLB Satellite to NFL Best Ball $25 Millionaire (7/8)",192623255,"2026-07-23 12:15:00",288,55.3,"$0.00","$0.00",297,"$0.10","$25.00",1
"MLB","Classic",5197025534,"MLB Satellite to NFL Best Ball $25 Millionaire (3/3)",192623256,"2026-07-23 12:15:00",76,95.25,"$0.00","$0.00",118,"$0.25","$25.00",1
"MLB","Classic",5197025530,"MLB Satellite to NFL Best Ball $25 Millionaire (1/3)",192623256,"2026-07-23 12:15:00",107,76.4,"$0.00","$0.00",118,"$0.25","$25.00",1
"MLB","Classic",5197025533,"MLB Satellite to NFL Best Ball $25 Millionaire (2/3)",192623256,"2026-07-23 12:15:00",114,53.55,"$0.00","$0.00",118,"$0.25","$25.00",1
"GOLF","Showdown",5197025630,"PGA TOUR Showdown Satellite to NFL Best Ball $25 Millionaire (Late Round 1 TOUR) (2/3)",192612562,"2026-07-23 13:00:00",39,253.05,"$0.00","$0.00",118,"$0.25","$25.00",1
"GOLF","Showdown",5197033044,"PGA TOUR Showdown Satellite to NFL Best Ball $25 Millionaire (Late Round 1 TOUR) (3/3)",192612562,"2026-07-23 13:00:00",46,250.35,"$0.00","$0.00",118,"$0.25","$25.00",1
"GOLF","Showdown",5197025629,"PGA TOUR Showdown Satellite to NFL Best Ball $25 Millionaire (Late Round 1 TOUR) (1/3)",192612562,"2026-07-23 13:00:00",93,212.85,"$0.00","$0.00",118,"$0.25","$25.00",1
"MLB","Showdown Captain Mode",5197102884,"MLB Showdown SUPERSatellite to NFL 9-13 $5 Fantasy Football Millionaire [2x] (SD @ ATL) (2/3)",192652565,"2026-07-23 12:15:00",11,84.8,"$0.00","$0.00",64,"$0.10","$10.00",2
"MLB","Showdown Captain Mode",5197102849,"MLB Showdown SUPERSatellite to NFL 9-13 $5 Fantasy Football Millionaire [2x] (SD @ ATL) (1/3)",192652565,"2026-07-23 12:15:00",29,76.3,"$0.00","$0.00",64,"$0.10","$10.00",2
"MLB","Showdown Captain Mode",5197102885,"MLB Showdown SUPERSatellite to NFL 9-13 $5 Fantasy Football Millionaire [2x] (SD @ ATL) (3/3)",192652565,"2026-07-23 12:15:00",49,65.8,"$0.00","$0.00",64,"$0.10","$10.00",2
"MLB","Showdown Captain Mode",5197099398,"MLB Showdown SUPERSatellite to NFL 9-13 $5 Fantasy Football Millionaire [5x] (SD @ ATL) (1/3)",192652566,"2026-07-23 12:15:00",25,79.3,"$0.00","$0.00",65,"$0.25","$25.00",5
"MLB","Showdown Captain Mode",5197102827,"MLB Showdown SUPERSatellite to NFL 9-13 $5 Fantasy Football Millionaire [5x] (SD @ ATL) (3/3)",192652566,"2026-07-23 12:15:00",29,76.3,"$0.00","$0.00",65,"$0.25","$25.00",5
"MLB","Showdown Captain Mode",5197102817,"MLB Showdown SUPERSatellite to NFL 9-13 $5 Fantasy Football Millionaire [5x] (SD @ ATL) (2/3)",192652566,"2026-07-23 12:15:00",43,70.3,"$0.00","$0.00",65,"$0.25","$25.00",5
"MLB","Showdown Captain Mode",5197102770,"MLB Showdown SUPERSatellite to NFL 9-13 $5 Fantasy Football Millionaire [5x] (SD @ ATL)",192652567,"2026-07-23 12:15:00",3,89.8,"$0.00","$5.00",20,"$1.00","$25.00",5
"MLB","Classic",5196499200,"MLB Satellite to NFL Best Ball $25 Millionaire (3/3)",192591625,"2026-07-22 18:40:00",4,117.15,"$0.00","$0.00",118,"$0.25","$25.00",1
"MLB","Classic",5196490711,"MLB Satellite to NFL Best Ball $25 Millionaire (2/3)",192591625,"2026-07-22 18:40:00",65,77.85,"$0.00","$0.00",118,"$0.25","$25.00",1
"MLB","Classic",5196490710,"MLB Satellite to NFL Best Ball $25 Millionaire (1/3)",192591625,"2026-07-22 18:40:00",109,52.3,"$0.00","$0.00",118,"$0.25","$25.00",1
"MLB","Classic",5196251665,"MLB Satellite to NFL Best Ball $25 Millionaire (Early) (3/3)",192591459,"2026-07-22 13:05:00",6,131.95,"$0.00","$0.00",118,"$0.25","$25.00",1
"MLB","Classic",5196251664,"MLB Satellite to NFL Best Ball $25 Millionaire (Early) (2/3)",192591459,"2026-07-22 13:05:00",81,83.95,"$0.00","$0.00",118,"$0.25","$25.00",1
"MLB","Classic",5196241071,"MLB Satellite to NFL Best Ball $25 Millionaire (Early) (1/3)",192591459,"2026-07-22 13:05:00",95,78.25,"$0.00","$0.00",118,"$0.25","$25.00",1
"MLB","Classic",5195826887,"MLB Satellite to NFL Best Ball $25 Millionaire (Night) (5/8)",192548525,"2026-07-21 21:38:00",12,123.55,"$0.00","$0.00",279,"$0.10","$25.00",1
"MLB","Classic",5195826884,"MLB Satellite to NFL Best Ball $25 Millionaire (Night) (2/8)",192548525,"2026-07-21 21:38:00",36,112.4,"$0.00","$0.00",279,"$0.10","$25.00",1
"MLB","Classic",5195826797,"MLB Satellite to NFL Best Ball $25 Millionaire (Night) (1/8)",192548525,"2026-07-21 21:38:00",137,92.4,"$0.00","$0.00",279,"$0.10","$25.00",1
"MLB","Classic",5195826889,"MLB Satellite to NFL Best Ball $25 Millionaire (Night) (7/8)",192548525,"2026-07-21 21:38:00",154,90.3,"$0.00","$0.00",279,"$0.10","$25.00",1
"MLB","Classic",5195826890,"MLB Satellite to NFL Best Ball $25 Millionaire (Night) (8/8)",192548525,"2026-07-21 21:38:00",171,87.45,"$0.00","$0.00",279,"$0.10","$25.00",1
"MLB","Classic",5195826888,"MLB Satellite to NFL Best Ball $25 Millionaire (Night) (6/8)",192548525,"2026-07-21 21:38:00",189,85.45,"$0.00","$0.00",279,"$0.10","$25.00",1
"MLB","Classic",5195826886,"MLB Satellite to NFL Best Ball $25 Millionaire (Night) (4/8)",192548525,"2026-07-21 21:38:00",206,82.3,"$0.00","$0.00",279,"$0.10","$25.00",1
"MLB","Classic",5195826885,"MLB Satellite to NFL Best Ball $25 Millionaire (Night) (3/8)",192548525,"2026-07-21 21:38:00",230,78.4,"$0.00","$0.00",279,"$0.10","$25.00",1
"MLB","Classic",5195826815,"MLB Satellite to NFL Best Ball $25 Millionaire (Night) (1/3)",192548526,"2026-07-21 21:38:00",13,115.55,"$0.00","$0.00",118,"$0.25","$25.00",1
"MLB","Classic",5195831946,"MLB Satellite to NFL Best Ball $25 Millionaire (Night) (3/3)",192548526,"2026-07-21 21:38:00",71,93.45,"$0.00","$0.00",118,"$0.25","$25.00",1
"MLB","Classic",5195831945,"MLB Satellite to NFL Best Ball $25 Millionaire (Night) (2/3)",192548526,"2026-07-21 21:38:00",92,82.45,"$0.00","$0.00",118,"$0.25","$25.00",1
"MLB","Classic",5195041823,"MLB Satellite to NFL Best Ball $25 Millionaire (Night) (2/8)",192484687,"2026-07-20 21:40:00",39,119.85,"$0.00","$0.00",280,"$0.10","$25.00",1
"MLB","Classic",5195041828,"MLB Satellite to NFL Best Ball $25 Millionaire (Night) (7/8)",192484687,"2026-07-20 21:40:00",144,98.8,"$0.00","$0.00",280,"$0.10","$25.00",1
"MLB","Classic",5195041789,"MLB Satellite to NFL Best Ball $25 Millionaire (Night) (1/8)",192484687,"2026-07-20 21:40:00",154,96.85,"$0.00","$0.00",280,"$0.10","$25.00",1
"MLB","Classic",5195041829,"MLB Satellite to NFL Best Ball $25 Millionaire (Night) (8/8)",192484687,"2026-07-20 21:40:00",217,87.65,"$0.00","$0.00",280,"$0.10","$25.00",1
"MLB","Classic",5195041826,"MLB Satellite to NFL Best Ball $25 Millionaire (Night) (5/8)",192484687,"2026-07-20 21:40:00",245,80.8,"$0.00","$0.00",280,"$0.10","$25.00",1
"MLB","Classic",5195041824,"MLB Satellite to NFL Best Ball $25 Millionaire (Night) (3/8)",192484687,"2026-07-20 21:40:00",266,70.15,"$0.00","$0.00",280,"$0.10","$25.00",1
"MLB","Classic",5195041825,"MLB Satellite to NFL Best Ball $25 Millionaire (Night) (4/8)",192484687,"2026-07-20 21:40:00",268,69.6,"$0.00","$0.00",280,"$0.10","$25.00",1
"MLB","Classic",5195041827,"MLB Satellite to NFL Best Ball $25 Millionaire (Night) (6/8)",192484687,"2026-07-20 21:40:00",279,59.25,"$0.00","$0.00",280,"$0.10","$25.00",1
"MLB","Classic",5195039406,"MLB Satellite to NFL Best Ball $25 Millionaire (Night) (1/3)",192484688,"2026-07-20 21:40:00",30,109.85,"$0.00","$0.00",118,"$0.25","$25.00",1
"MLB","Classic",5195041782,"MLB Satellite to NFL Best Ball $25 Millionaire (Night) (3/3)",192484688,"2026-07-20 21:40:00",41,105.85,"$0.00","$0.00",118,"$0.25","$25.00",1
"MLB","Classic",5195039407,"MLB Satellite to NFL Best Ball $25 Millionaire (Night) (2/3)",192484688,"2026-07-20 21:40:00",63,96.95,"$0.00","$0.00",118,"$0.25","$25.00",1
"MLB","Classic",5194859566,"MLB Satellite to NFL Best Ball $25 Millionaire (6/8)",192543171,"2026-07-20 19:05:00",33,123.2,"$0.00","$0.00",297,"$0.10","$25.00",1
"MLB","Classic",5194859563,"MLB Satellite to NFL Best Ball $25 Millionaire (3/8)",192543171,"2026-07-20 19:05:00",99,99.2,"$0.00","$0.00",297,"$0.10","$25.00",1
"MLB","Classic",5194859383,"MLB Satellite to NFL Best Ball $25 Millionaire (1/8)",192543171,"2026-07-20 19:05:00",121,95.8,"$0.00","$0.00",297,"$0.10","$25.00",1
"MLB","Classic",5194859568,"MLB Satellite to NFL Best Ball $25 Millionaire (8/8)",192543171,"2026-07-20 19:05:00",123,95.3,"$0.00","$0.00",297,"$0.10","$25.00",1
"MLB","Classic",5194859562,"MLB Satellite to NFL Best Ball $25 Millionaire (2/8)",192543171,"2026-07-20 19:05:00",162,84.8,"$0.00","$0.00",297,"$0.10","$25.00",1
"MLB","Classic",5194859567,"MLB Satellite to NFL Best Ball $25 Millionaire (7/8)",192543171,"2026-07-20 19:05:00",164,84.6,"$0.00","$0.00",297,"$0.10","$25.00",1
"MLB","Classic",5194859565,"MLB Satellite to NFL Best Ball $25 Millionaire (5/8)",192543171,"2026-07-20 19:05:00",234,68.5,"$0.00","$0.00",297,"$0.10","$25.00",1
"MLB","Classic",5194859564,"MLB Satellite to NFL Best Ball $25 Millionaire (4/8)",192543171,"2026-07-20 19:05:00",235,68.2,"$0.00","$0.00",297,"$0.10","$25.00",1
"MLB","Classic",5194859555,"MLB Satellite to NFL Best Ball $25 Millionaire (2/3)",192540460,"2026-07-20 19:05:00",26,103.3,"$0.00","$0.00",118,"$0.25","$25.00",1
"MLB","Classic",5194861855,"MLB Satellite to NFL Best Ball $25 Millionaire (3/3)",192540460,"2026-07-20 19:05:00",62,82.2,"$0.00","$0.00",118,"$0.25","$25.00",1
"MLB","Classic",5194859554,"MLB Satellite to NFL Best Ball $25 Millionaire (1/3)",192540460,"2026-07-20 19:05:00",85,71.3,"$0.00","$0.00",118,"$0.25","$25.00",1
"MLB","Showdown Captain Mode",5194171391,"MLB Showdown Satellite to NFL Best Ball $25 Millionaire (LAD @ NYY) (6/8)",192442954,"2026-07-19 19:20:00",5,41,"$0.00","$0.00",297,"$0.10","$25.00",1
"MLB","Showdown Captain Mode",5194171389,"MLB Showdown Satellite to NFL Best Ball $25 Millionaire (LAD @ NYY) (4/8)",192442954,"2026-07-19 19:20:00",6,40,"$0.00","$0.00",297,"$0.10","$25.00",1
"MLB","Showdown Captain Mode",5194171392,"MLB Showdown Satellite to NFL Best Ball $25 Millionaire (LAD @ NYY) (7/8)",192442954,"2026-07-19 19:20:00",14,37,"$0.00","$0.00",297,"$0.10","$25.00",1
"MLB","Showdown Captain Mode",5194171387,"MLB Showdown Satellite to NFL Best Ball $25 Millionaire (LAD @ NYY) (2/8)",192442954,"2026-07-19 19:20:00",77,28.5,"$0.00","$0.00",297,"$0.10","$25.00",1
"MLB","Showdown Captain Mode",5194171150,"MLB Showdown Satellite to NFL Best Ball $25 Millionaire (LAD @ NYY) (1/8)",192442954,"2026-07-19 19:20:00",163,21.95,"$0.00","$0.00",297,"$0.10","$25.00",1
"MLB","Showdown Captain Mode",5194171390,"MLB Showdown Satellite to NFL Best Ball $25 Millionaire (LAD @ NYY) (5/8)",192442954,"2026-07-19 19:20:00",258,12,"$0.00","$0.00",297,"$0.10","$25.00",1
"MLB","Showdown Captain Mode",5194171388,"MLB Showdown Satellite to NFL Best Ball $25 Millionaire (LAD @ NYY) (3/8)",192442954,"2026-07-19 19:20:00",279,8.45,"$0.00","$0.00",297,"$0.10","$25.00",1
"MLB","Showdown Captain Mode",5194171393,"MLB Showdown Satellite to NFL Best Ball $25 Millionaire (LAD @ NYY) (8/8)",192442954,"2026-07-19 19:20:00",279,8.45,"$0.00","$0.00",297,"$0.10","$25.00",1
"MLB","Showdown Captain Mode",5194160558,"MLB Showdown Satellite to NFL Best Ball $25 Millionaire (LAD @ NYY) (3/3)",192442955,"2026-07-19 19:20:00",4,39,"$0.00","$0.00",118,"$0.25","$25.00",1
"MLB","Showdown Captain Mode",5194044326,"MLB Showdown Satellite to NFL Best Ball $25 Millionaire (LAD @ NYY) (1/3)",192442955,"2026-07-19 19:20:00",28,28.5,"$0.00","$0.00",118,"$0.25","$25.00",1
"MLB","Showdown Captain Mode",5194160557,"MLB Showdown Satellite to NFL Best Ball $25 Millionaire (LAD @ NYY) (2/3)",192442955,"2026-07-19 19:20:00",106,9.5,"$0.00","$0.00",118,"$0.25","$25.00",1
"MLB","Classic",5194027697,"MLB Satellite to NFL Best Ball $25 Millionaire (Afternoon) (4/8)",192442890,"2026-07-19 16:05:00",13,139.85,"$0.00","$0.00",297,"$0.10","$25.00",1
"MLB","Classic",5194027700,"MLB Satellite to NFL Best Ball $25 Millionaire (Afternoon) (7/8)",192442890,"2026-07-19 16:05:00",86,111.5,"$0.00","$0.00",297,"$0.10","$25.00",1
"MLB","Classic",5194027666,"MLB Satellite to NFL Best Ball $25 Millionaire (Afternoon) (1/8)",192442890,"2026-07-19 16:05:00",90,110.95,"$0.00","$0.00",297,"$0.10","$25.00",1
"MLB","Classic",5194027701,"MLB Satellite to NFL Best Ball $25 Millionaire (Afternoon) (8/8)",192442890,"2026-07-19 16:05:00",132,103.25,"$0.00","$0.00",297,"$0.10","$25.00",1
"MLB","Classic",5194027699,"MLB Satellite to NFL Best Ball $25 Millionaire (Afternoon) (6/8)",192442890,"2026-07-19 16:05:00",170,96.1,"$0.00","$0.00",297,"$0.10","$25.00",1
"MLB","Classic",5194027698,"MLB Satellite to NFL Best Ball $25 Millionaire (Afternoon) (5/8)",192442890,"2026-07-19 16:05:00",187,92.95,"$0.00","$0.00",297,"$0.10","$25.00",1
"MLB","Classic",5194027696,"MLB Satellite to NFL Best Ball $25 Millionaire (Afternoon) (3/8)",192442890,"2026-07-19 16:05:00",232,82.7,"$0.00","$0.00",297,"$0.10","$25.00",1
"MLB","Classic",5194027695,"MLB Satellite to NFL Best Ball $25 Millionaire (Afternoon) (2/8)",192442890,"2026-07-19 16:05:00",238,80.5,"$0.00","$0.00",297,"$0.10","$25.00",1
"MLB","Classic",5193705867,"MLB Satellite to NFL Best Ball $25 Millionaire (4/8)",192443606,"2026-07-19 13:35:00",4,229.45,"$0.00","$0.00",297,"$0.10","$25.00",1
"MLB","Classic",5193705864,"MLB Satellite to NFL Best Ball $25 Millionaire (1/8)",192443606,"2026-07-19 13:35:00",29,168.9,"$0.00","$0.00",297,"$0.10","$25.00",1
"MLB","Classic",5193705869,"MLB Satellite to NFL Best Ball $25 Millionaire (6/8)",192443606,"2026-07-19 13:35:00",30,166.6,"$0.00","$0.00",297,"$0.10","$25.00",1
"MLB","Classic",5193705866,"MLB Satellite to NFL Best Ball $25 Millionaire (3/8)",192443606,"2026-07-19 13:35:00",31,164.45,"$0.00","$0.00",297,"$0.10","$25.00",1
"MLB","Classic",5193712357,"MLB Satellite to NFL Best Ball $25 Millionaire (8/8)",192443606,"2026-07-19 13:35:00",186,104.55,"$0.00","$0.00",297,"$0.10","$25.00",1
"MLB","Classic",5193705865,"MLB Satellite to NFL Best Ball $25 Millionaire (2/8)",192443606,"2026-07-19 13:35:00",199,100.3,"$0.00","$0.00",297,"$0.10","$25.00",1
"MLB","Classic",5193705870,"MLB Satellite to NFL Best Ball $25 Millionaire (7/8)",192443606,"2026-07-19 13:35:00",243,90.3,"$0.00","$0.00",297,"$0.10","$25.00",1
"MLB","Classic",5193705868,"MLB Satellite to NFL Best Ball $25 Millionaire (5/8)",192443606,"2026-07-19 13:35:00",296,26.75,"$0.00","$0.00",297,"$0.10","$25.00",1
"GOLF","Captain Mode Showdown",5193325947,"PGA Showdown Satellite to NFL Best Ball $25 Millionaire (Late Round 4) (2/3)",192460059,"2026-07-19 07:55:00",45,208.8,"$0.00","$0.00",118,"$0.25","$25.00",1
"GOLF","Captain Mode Showdown",5193325081,"PGA Showdown Satellite to NFL Best Ball $25 Millionaire (Late Round 4) (1/3)",192460059,"2026-07-19 07:55:00",47,208.08,"$0.00","$0.00",118,"$0.25","$25.00",1
"GOLF","Captain Mode Showdown",5193325948,"PGA Showdown Satellite to NFL Best Ball $25 Millionaire (Late Round 4) (3/3)",192460059,"2026-07-19 07:55:00",116,165.97,"$0.00","$0.00",118,"$0.25","$25.00",1
"GOLF","Showdown",5193238960,"PGA Showdown Satellite to NFL Best Ball $25 Millionaire (Round 4) (1/3)",192465904,"2026-07-19 02:40:00",35,208.95,"$0.00","$0.00",118,"$0.25","$25.00",1
"GOLF","Showdown",5193247308,"PGA Showdown Satellite to NFL Best Ball $25 Millionaire (Round 4) (3/3)",192465904,"2026-07-19 02:40:00",82,182.35,"$0.00","$0.00",118,"$0.25","$25.00",1
"GOLF","Showdown",5193247307,"PGA Showdown Satellite to NFL Best Ball $25 Millionaire (Round 4) (2/3)",192465904,"2026-07-19 02:40:00",117,138.55,"$0.00","$0.00",118,"$0.25","$25.00",1
"MLB","Classic",5193033159,"MLB Satellite to NFL Best Ball $25 Millionaire (Night) (8/8)",192412942,"2026-07-18 20:08:00",11,179.45,"$0.00","$0.00",297,"$0.10","$25.00",1
"MLB","Classic",5193033156,"MLB Satellite to NFL Best Ball $25 Millionaire (Night) (5/8)",192412942,"2026-07-18 20:08:00",56,148.55,"$0.00","$0.00",297,"$0.10","$25.00",1
"MLB","Classic",5193033155,"MLB Satellite to NFL Best Ball $25 Millionaire (Night) (4/8)",192412942,"2026-07-18 20:08:00",59,147.85,"$0.00","$0.00",297,"$0.10","$25.00",1
"MLB","Classic",5193033039,"MLB Satellite to NFL Best Ball $25 Millionaire (Night) (1/8)",192412942,"2026-07-18 20:08:00",68,147.6,"$0.00","$0.00",297,"$0.10","$25.00",1
"MLB","Classic",5193033153,"MLB Satellite to NFL Best Ball $25 Millionaire (Night) (2/8)",192412942,"2026-07-18 20:08:00",168,110.7,"$0.00","$0.00",297,"$0.10","$25.00",1
"MLB","Classic",5193033158,"MLB Satellite to NFL Best Ball $25 Millionaire (Night) (7/8)",192412942,"2026-07-18 20:08:00",170,109.75,"$0.00","$0.00",297,"$0.10","$25.00",1
"MLB","Classic",5193033154,"MLB Satellite to NFL Best Ball $25 Millionaire (Night) (3/8)",192412942,"2026-07-18 20:08:00",273,66.45,"$0.00","$0.00",297,"$0.10","$25.00",1
"MLB","Classic",5193033157,"MLB Satellite to NFL Best Ball $25 Millionaire (Night) (6/8)",192412942,"2026-07-18 20:08:00",280,62.4,"$0.00","$0.00",297,"$0.10","$25.00",1
"MLB","Classic",5193033119,"MLB Satellite to NFL Best Ball $25 Millionaire (Night) (2/3)",192412943,"2026-07-18 20:08:00",21,147.6,"$0.00","$0.00",118,"$0.25","$25.00",1
"MLB","Classic",5193033120,"MLB Satellite to NFL Best Ball $25 Millionaire (Night) (3/3)",192412943,"2026-07-18 20:08:00",62,110.7,"$0.00","$0.00",118,"$0.25","$25.00",1
"MLB","Classic",5193029673,"MLB Satellite to NFL Best Ball $25 Millionaire (Night) (1/3)",192412943,"2026-07-18 20:08:00",64,109.75,"$0.00","$0.00",118,"$0.25","$25.00",1
"MLB","Classic",5192873372,"MLB Satellite to NFL Best Ball $25 Millionaire (7/8)",192412663,"2026-07-18 16:10:00",29,106.35,"$0.00","$0.00",258,"$0.10","$25.00",1
"MLB","Classic",5192873369,"MLB Satellite to NFL Best Ball $25 Millionaire (4/8)",192412663,"2026-07-18 16:10:00",87,93.4,"$0.00","$0.00",258,"$0.10","$25.00",1
"MLB","Classic",5192873367,"MLB Satellite to NFL Best Ball $25 Millionaire (2/8)",192412663,"2026-07-18 16:10:00",104,91.05,"$0.00","$0.00",258,"$0.10","$25.00",1
"MLB","Classic",5192873371,"MLB Satellite to NFL Best Ball $25 Millionaire (6/8)",192412663,"2026-07-18 16:10:00",146,81.65,"$0.00","$0.00",258,"$0.10","$25.00",1
"MLB","Classic",5192873370,"MLB Satellite to NFL Best Ball $25 Millionaire (5/8)",192412663,"2026-07-18 16:10:00",187,74.5,"$0.00","$0.00",258,"$0.10","$25.00",1
"MLB","Classic",5192873304,"MLB Satellite to NFL Best Ball $25 Millionaire (1/8)",192412663,"2026-07-18 16:10:00",191,74.1,"$0.00","$0.00",258,"$0.10","$25.00",1
"MLB","Classic",5192873373,"MLB Satellite to NFL Best Ball $25 Millionaire (8/8)",192412663,"2026-07-18 16:10:00",195,73.6,"$0.00","$0.00",258,"$0.10","$25.00",1
"MLB","Classic",5192873368,"MLB Satellite to NFL Best Ball $25 Millionaire (3/8)",192412663,"2026-07-18 16:10:00",206,70.5,"$0.00","$0.00",258,"$0.10","$25.00",1
"MLB","Classic",5192873326,"MLB Satellite to NFL Best Ball $25 Millionaire (2/3)",192412666,"2026-07-18 16:10:00",5,118.05,"$0.00","$0.00",95,"$0.25","$25.00",1
"MLB","Classic",5192872998,"MLB Satellite to NFL Best Ball $25 Millionaire (1/3)",192412666,"2026-07-18 16:10:00",66,77.5,"$0.00","$0.00",95,"$0.25","$25.00",1
"MLB","Classic",5192873327,"MLB Satellite to NFL Best Ball $25 Millionaire (3/3)",192412666,"2026-07-18 16:10:00",80,67.2,"$0.00","$0.00",95,"$0.25","$25.00",1
"SOC","Showdown",5192655803,"WC Showdown Satellite to NFL Best Ball $25 Millionaire (FRA vs ENG) (3/8)",192366152,"2026-07-18 17:00:00",34,154.88,"$0.00","$0.00",297,"$0.10","$25.00",1
"SOC","Showdown",5192655808,"WC Showdown Satellite to NFL Best Ball $25 Millionaire (FRA vs ENG) (8/8)",192366152,"2026-07-18 17:00:00",94,131.78,"$0.00","$0.00",297,"$0.10","$25.00",1
"SOC","Showdown",5192655804,"WC Showdown Satellite to NFL Best Ball $25 Millionaire (FRA vs ENG) (4/8)",192366152,"2026-07-18 17:00:00",117,124.96,"$0.00","$0.00",297,"$0.10","$25.00",1
"SOC","Showdown",5192655802,"WC Showdown Satellite to NFL Best Ball $25 Millionaire (FRA vs ENG) (2/8)",192366152,"2026-07-18 17:00:00",179,107.36,"$0.00","$0.00",297,"$0.10","$25.00",1
"SOC","Showdown",5192655805,"WC Showdown Satellite to NFL Best Ball $25 Millionaire (FRA vs ENG) (5/8)",192366152,"2026-07-18 17:00:00",205,98.22,"$0.00","$0.00",297,"$0.10","$25.00",1
"SOC","Showdown",5192655807,"WC Showdown Satellite to NFL Best Ball $25 Millionaire (FRA vs ENG) (7/8)",192366152,"2026-07-18 17:00:00",212,97.37,"$0.00","$0.00",297,"$0.10","$25.00",1
"SOC","Showdown",5192655737,"WC Showdown Satellite to NFL Best Ball $25 Millionaire (FRA vs ENG) (1/8)",192366152,"2026-07-18 17:00:00",223,94.64,"$0.00","$0.00",297,"$0.10","$25.00",1
"SOC","Showdown",5192655806,"WC Showdown Satellite to NFL Best Ball $25 Millionaire (FRA vs ENG) (6/8)",192366152,"2026-07-18 17:00:00",259,83.46,"$0.00","$0.00",297,"$0.10","$25.00",1
"SOC","Showdown",5192655779,"WC Showdown Satellite to NFL Best Ball $25 Millionaire (FRA vs ENG) (3/3)",192366153,"2026-07-18 17:00:00",16,148.9,"$0.00","$0.00",118,"$0.25","$25.00",1
"SOC","Showdown",5192655778,"WC Showdown Satellite to NFL Best Ball $25 Millionaire (FRA vs ENG) (2/3)",192366153,"2026-07-18 17:00:00",52,113.48,"$0.00","$0.00",118,"$0.25","$25.00",1
"SOC","Showdown",5192655523,"WC Showdown Satellite to NFL Best Ball $25 Millionaire (FRA vs ENG) (1/3)",192366153,"2026-07-18 17:00:00",80,96.26,"$0.00","$0.00",118,"$0.25","$25.00",1
"GOLF","Captain Mode Showdown",5192292299,"PGA Showdown Satellite to NFL Best Ball $25 Millionaire (Late Round 3) (3/3)",192423998,"2026-07-18 09:25:00",13,207.25,"$0.00","$0.00",116,"$0.25","$25.00",1
"GOLF","Captain Mode Showdown",5192292175,"PGA Showdown Satellite to NFL Best Ball $25 Millionaire (Late Round 3) (1/3)",192423998,"2026-07-18 09:25:00",14,205.35,"$0.00","$0.00",116,"$0.25","$25.00",1
"GOLF","Captain Mode Showdown",5192292298,"PGA Showdown Satellite to NFL Best Ball $25 Millionaire (Late Round 3) (2/3)",192423998,"2026-07-18 09:25:00",112,154.55,"$0.00","$0.00",116,"$0.25","$25.00",1
"GOLF","Showdown",5192271846,"PGA Showdown Satellite to NFL Best Ball $25 Millionaire (Round 3) (3/3)",192426268,"2026-07-18 04:10:00",38,190.35,"$0.00","$0.00",118,"$0.25","$25.00",1
"GOLF","Showdown",5192261412,"PGA Showdown Satellite to NFL Best Ball $25 Millionaire (Round 3) (1/3)",192426268,"2026-07-18 04:10:00",50,183.2,"$0.00","$0.00",118,"$0.25","$25.00",1
"GOLF","Showdown",5192261413,"PGA Showdown Satellite to NFL Best Ball $25 Millionaire (Round 3) (2/3)",192426268,"2026-07-18 04:10:00",103,157.5,"$0.00","$0.00",118,"$0.25","$25.00",1
"MLB","Classic",5192100644,"MLB Satellite to NFL Best Ball $25 Millionaire (Night) (1/3)",192344257,"2026-07-17 21:38:00",22,159.75,"$0.00","$0.00",118,"$0.25","$25.00",1
"MLB","Classic",5192109871,"MLB Satellite to NFL Best Ball $25 Millionaire (Night) (3/3)",192344257,"2026-07-17 21:38:00",29,147.05,"$0.00","$0.00",118,"$0.25","$25.00",1
"MLB","Classic",5192100645,"MLB Satellite to NFL Best Ball $25 Millionaire (Night) (2/3)",192344257,"2026-07-17 21:38:00",81,97.45,"$0.00","$0.00",118,"$0.25","$25.00",1
"MLB","Classic",5192010878,"MLB Satellite to NFL Best Ball $25 Millionaire (2/3)",192344039,"2026-07-17 19:05:00",68,102.1,"$0.00","$0.00",118,"$0.25","$25.00",1
"MLB","Classic",5192010540,"MLB Satellite to NFL Best Ball $25 Millionaire (1/3)",192344039,"2026-07-17 19:05:00",92,91.35,"$0.00","$0.00",118,"$0.25","$25.00",1
"MLB","Classic",5192010879,"MLB Satellite to NFL Best Ball $25 Millionaire (3/3)",192344039,"2026-07-17 19:05:00",112,76.9,"$0.00","$0.00",118,"$0.25","$25.00",1
"GOLF","Showdown",5191462301,"PGA Showdown Satellite to NFL Best Ball $25 Millionaire (Late Round 2) (2/3)",192371255,"2026-07-17 06:41:00",60,190.7,"$0.00","$0.00",118,"$0.25","$25.00",1
"GOLF","Showdown",5191462302,"PGA Showdown Satellite to NFL Best Ball $25 Millionaire (Late Round 2) (3/3)",192371255,"2026-07-17 06:41:00",87,179.7,"$0.00","$0.00",118,"$0.25","$25.00",1
"GOLF","Showdown",5191462122,"PGA Showdown Satellite to NFL Best Ball $25 Millionaire (Late Round 2) (1/3)",192371255,"2026-07-17 06:41:00",93,178.5,"$0.00","$0.00",118,"$0.25","$25.00",1
"GOLF","Showdown",5191533690,"PGA Showdown Satellite to NFL Best Ball $25 Millionaire (Round 2) (1/3)",192391512,"2026-07-17 01:35:00",3,263.7,"$0.00","$0.00",118,"$0.25","$25.00",1
"GOLF","Showdown",5191533692,"PGA Showdown Satellite to NFL Best Ball $25 Millionaire (Round 2) (3/3)",192391512,"2026-07-17 01:35:00",8,244.6,"$0.00","$0.00",118,"$0.25","$25.00",1
"GOLF","Showdown",5191533691,"PGA Showdown Satellite to NFL Best Ball $25 Millionaire (Round 2) (2/3)",192391512,"2026-07-17 01:35:00",84,195.15,"$0.00","$0.00",118,"$0.25","$25.00",1
"GOLF","Showdown",5191317280,"PGA Showdown Satellite to NFL Best Ball $25 Millionaire (Round 2) (2/3)",192366368,"2026-07-17 01:35:00",32,223.25,"$0.00","$0.00",118,"$0.25","$25.00",1
"GOLF","Showdown",5191317258,"PGA Showdown Satellite to NFL Best Ball $25 Millionaire (Round 2) (1/3)",192366368,"2026-07-17 01:35:00",33,223.05,"$0.00","$0.00",118,"$0.25","$25.00",1
"GOLF","Showdown",5191317281,"PGA Showdown Satellite to NFL Best Ball $25 Millionaire (Round 2) (3/3)",192366368,"2026-07-17 01:35:00",41,216.2,"$0.00","$0.00",118,"$0.25","$25.00",1
"MLB","Showdown Captain Mode",5191211567,"MLB Showdown Satellite to NFL Best Ball $25 Millionaire (NYM @ PHI) (3/3)",192307311,"2026-07-16 18:10:00",14,71.93,"$0.00","$0.00",118,"$0.25","$25.00",1
"MLB","Showdown Captain Mode",5191211566,"MLB Showdown Satellite to NFL Best Ball $25 Millionaire (NYM @ PHI) (2/3)",192307311,"2026-07-16 18:10:00",27,63.45,"$0.00","$0.00",118,"$0.25","$25.00",1
"MLB","Showdown Captain Mode",5191211495,"MLB Showdown Satellite to NFL Best Ball $25 Millionaire (NYM @ PHI) (1/3)",192307311,"2026-07-16 18:10:00",114,18.5,"$0.00","$0.00",118,"$0.25","$25.00",1
"GOLF","Showdown",5191009569,"PGA Showdown Satellite to NFL Best Ball $25 Millionaire (Late Round 1) (3/3)",192298876,"2026-07-16 06:41:00",6,185.05,"$0.00","$0.00",114,"$0.25","$25.00",1
"GOLF","Showdown",5191009537,"PGA Showdown Satellite to NFL Best Ball $25 Millionaire (Late Round 1) (1/3)",192298876,"2026-07-16 06:41:00",23,171.55,"$0.00","$0.00",114,"$0.25","$25.00",1
"GOLF","Showdown",5191009568,"PGA Showdown Satellite to NFL Best Ball $25 Millionaire (Late Round 1) (2/3)",192298876,"2026-07-16 06:41:00",66,151.55,"$0.00","$0.00",114,"$0.25","$25.00",1
"GOLF","Showdown",5190988374,"PGA Showdown Satellite to NFL Best Ball $25 Millionaire (Round 1) (1/3)",192352355,"2026-07-16 01:35:00",9,200.45,"$0.00","$0.00",116,"$0.25","$25.00",1
"GOLF","Showdown",5190988375,"PGA Showdown Satellite to NFL Best Ball $25 Millionaire (Round 1) (2/3)",192352355,"2026-07-16 01:35:00",22,190.2,"$0.00","$0.00",116,"$0.25","$25.00",1
"GOLF","Showdown",5190992336,"PGA Showdown Satellite to NFL Best Ball $25 Millionaire (Round 1) (3/3)",192352355,"2026-07-16 01:35:00",60,171.8,"$0.00","$0.00",116,"$0.25","$25.00",1
"MLB","Showdown Captain Mode",5189635677,"MLB Showdown Satellite to NFL Best Ball $25 Millionaire (AL @ NL) (1/3)",192256473,"2026-07-14 20:20:00",13,23.5,"$0.00","$0.00",118,"$0.25","$25.00",1
"MLB","Showdown Captain Mode",5189635678,"MLB Showdown Satellite to NFL Best Ball $25 Millionaire (AL @ NL) (2/3)",192256473,"2026-07-14 20:20:00",77,9.5,"$0.00","$0.00",118,"$0.25","$25.00",1
"MLB","Showdown Captain Mode",5189640376,"MLB Showdown Satellite to NFL Best Ball $25 Millionaire (AL @ NL) (3/3)",192256473,"2026-07-14 20:20:00",96,7,"$0.00","$0.00",118,"$0.25","$25.00",1
"MLB","Classic",5181988067,"MLB Satellite to NFL Best Ball $25 Millionaire (Early) (3/3)",191981508,"2026-07-04 13:35:00",4,169.25,"$0.00","$0.00",84,"$0.25","$25.00",1
"MLB","Classic",5181979491,"MLB Satellite to NFL Best Ball $25 Millionaire (Early) (1/3)",191981508,"2026-07-04 13:35:00",9,161.65,"$0.00","$0.00",84,"$0.25","$25.00",1
"MLB","Classic",5181988066,"MLB Satellite to NFL Best Ball $25 Millionaire (Early) (2/3)",191981508,"2026-07-04 13:35:00",35,119.15,"$0.00","$0.00",84,"$0.25","$25.00",1
"MLB","Classic",5180541399,"MLB Satellite to NFL Best Ball $25 Millionaire (Early) (2/3)",191916488,"2026-07-02 12:35:00",8,135.7,"$0.00","$0.00",103,"$0.25","$25.00",1
"MLB","Classic",5180532201,"MLB Satellite to NFL Best Ball $25 Millionaire (Early) (1/3)",191916488,"2026-07-02 12:35:00",15,121,"$0.00","$0.00",103,"$0.25","$25.00",1
"MLB","Classic",5180541400,"MLB Satellite to NFL Best Ball $25 Millionaire (Early) (3/3)",191916488,"2026-07-02 12:35:00",50,97.55,"$0.00","$0.00",103,"$0.25","$25.00",1
"MLB","Classic",5179981191,"MLB Satellite to NFL Best Ball $25 Millionaire (3/3)",191864569,"2026-07-01 19:15:00",34,94.75,"$0.00","$0.00",118,"$0.25","$25.00",1
"MLB","Classic",5179973883,"MLB Satellite to NFL Best Ball $25 Millionaire (2/3)",191864569,"2026-07-01 19:15:00",80,70.15,"$0.00","$0.00",118,"$0.25","$25.00",1
"MLB","Classic",5179973882,"MLB Satellite to NFL Best Ball $25 Millionaire (1/3)",191864569,"2026-07-01 19:15:00",109,47.7,"$0.00","$0.00",118,"$0.25","$25.00",1
"MLB","Classic",5179277967,"MLB Satellite to NFL Best Ball $25 Millionaire (Night) (8/8)",191830335,"2026-06-30 21:40:00",76,114.6,"$0.00","$0.00",217,"$0.10","$25.00",1
"MLB","Classic",5179273095,"MLB Satellite to NFL Best Ball $25 Millionaire (Night) (3/8)",191830335,"2026-06-30 21:40:00",86,110.8,"$0.00","$0.00",217,"$0.10","$25.00",1
"MLB","Classic",5179273093,"MLB Satellite to NFL Best Ball $25 Millionaire (Night) (1/8)",191830335,"2026-06-30 21:40:00",134,93.3,"$0.00","$0.00",217,"$0.10","$25.00",1
"MLB","Classic",5179273096,"MLB Satellite to NFL Best Ball $25 Millionaire (Night) (4/8)",191830335,"2026-06-30 21:40:00",152,86.65,"$0.00","$0.00",217,"$0.10","$25.00",1
"MLB","Classic",5179273098,"MLB Satellite to NFL Best Ball $25 Millionaire (Night) (6/8)",191830335,"2026-06-30 21:40:00",166,80.95,"$0.00","$0.00",217,"$0.10","$25.00",1
"MLB","Classic",5179273099,"MLB Satellite to NFL Best Ball $25 Millionaire (Night) (7/8)",191830335,"2026-06-30 21:40:00",204,59.85,"$0.00","$0.00",217,"$0.10","$25.00",1
"MLB","Classic",5179273094,"MLB Satellite to NFL Best Ball $25 Millionaire (Night) (2/8)",191830335,"2026-06-30 21:40:00",205,58.45,"$0.00","$0.00",217,"$0.10","$25.00",1
"MLB","Classic",5179273097,"MLB Satellite to NFL Best Ball $25 Millionaire (Night) (5/8)",191830335,"2026-06-30 21:40:00",210,51.05,"$0.00","$0.00",217,"$0.10","$25.00",1
"MLB","Classic",5177619694,"MLB Satellite to NFL Best Ball $25 Millionaire (4/8)",191756143,"2026-06-28 13:35:00",66,99.95,"$0.00","$0.00",297,"$0.10","$25.00",1
"MLB","Classic",5177619693,"MLB Satellite to NFL Best Ball $25 Millionaire (3/8)",191756143,"2026-06-28 13:35:00",147,84.15,"$0.00","$0.00",297,"$0.10","$25.00",1
"MLB","Classic",5177619696,"MLB Satellite to NFL Best Ball $25 Millionaire (6/8)",191756143,"2026-06-28 13:35:00",180,78.75,"$0.00","$0.00",297,"$0.10","$25.00",1
"MLB","Classic",5177619691,"MLB Satellite to NFL Best Ball $25 Millionaire (1/8)",191756143,"2026-06-28 13:35:00",183,78.15,"$0.00","$0.00",297,"$0.10","$25.00",1
"MLB","Classic",5177626827,"MLB Satellite to NFL Best Ball $25 Millionaire (8/8)",191756143,"2026-06-28 13:35:00",211,72.35,"$0.00","$0.00",297,"$0.10","$25.00",1
"MLB","Classic",5177619692,"MLB Satellite to NFL Best Ball $25 Millionaire (2/8)",191756143,"2026-06-28 13:35:00",217,71.2,"$0.00","$0.00",297,"$0.10","$25.00",1
"MLB","Classic",5177619697,"MLB Satellite to NFL Best Ball $25 Millionaire (7/8)",191756143,"2026-06-28 13:35:00",258,63.9,"$0.00","$0.00",297,"$0.10","$25.00",1
"MLB","Classic",5177619695,"MLB Satellite to NFL Best Ball $25 Millionaire (5/8)",191756143,"2026-06-28 13:35:00",289,49.35,"$0.00","$0.00",297,"$0.10","$25.00",1
"GOLF","Captain Mode Showdown",5177571142,"PGA TOUR Showdown Satellite to NFL Best Ball $25 Millionaire (Late Round 4 TOUR) (3/3)",191772319,"2026-06-28 13:30:00",15,341.38,"$0.00","$0.00",118,"$0.25","$25.00",1
"GOLF","Captain Mode Showdown",5177562354,"PGA TOUR Showdown Satellite to NFL Best Ball $25 Millionaire (Late Round 4 TOUR) (1/3)",191772319,"2026-06-28 13:30:00",51,309.47,"$0.00","$0.00",118,"$0.25","$25.00",1
"GOLF","Captain Mode Showdown",5177571099,"PGA TOUR Showdown Satellite to NFL Best Ball $25 Millionaire (Late Round 4 TOUR) (2/3)",191772319,"2026-06-28 13:30:00",114,223.53,"$0.00","$0.00",118,"$0.25","$25.00",1
"GOLF","Captain Mode Showdown",5176653636,"PGA TOUR Showdown Satellite to NFL Best Ball $25 Millionaire (Late Round 3 TOUR) (2/3)",191739995,"2026-06-27 12:35:00",47,271.1,"$0.00","$0.00",111,"$0.25","$25.00",1
"GOLF","Captain Mode Showdown",5176655918,"PGA TOUR Showdown Satellite to NFL Best Ball $25 Millionaire (Late Round 3 TOUR) (3/3)",191739995,"2026-06-27 12:35:00",79,254.05,"$0.00","$0.00",111,"$0.25","$25.00",1
"GOLF","Captain Mode Showdown",5176653635,"PGA TOUR Showdown Satellite to NFL Best Ball $25 Millionaire (Late Round 3 TOUR) (1/3)",191739995,"2026-06-27 12:35:00",90,248.83,"$0.00","$0.00",111,"$0.25","$25.00",1
"GOLF","Showdown",5175810111,"PGA TOUR Showdown Satellite to NFL Best Ball $25 Millionaire (Late Round 2 TOUR) (3/3)",191694910,"2026-06-26 11:55:00",13,279.6,"$0.00","$0.00",101,"$0.25","$25.00",1
"GOLF","Showdown",5175810109,"PGA TOUR Showdown Satellite to NFL Best Ball $25 Millionaire (Late Round 2 TOUR) (1/3)",191694910,"2026-06-26 11:55:00",30,265.8,"$0.00","$0.00",101,"$0.25","$25.00",1
"GOLF","Showdown",5175810110,"PGA TOUR Showdown Satellite to NFL Best Ball $25 Millionaire (Late Round 2 TOUR) (2/3)",191694910,"2026-06-26 11:55:00",94,216.05,"$0.00","$0.00",101,"$0.25","$25.00",1
"MLB","Classic",5175380973,"MLB Satellite to NFL Best Ball $25 Millionaire (1/8)",191664584,"2026-06-25 18:40:00",22,118.75,"$0.00","$0.00",297,"$0.10","$25.00",1
"MLB","Classic",5175380977,"MLB Satellite to NFL Best Ball $25 Millionaire (5/8)",191664584,"2026-06-25 18:40:00",38,110.35,"$0.00","$0.00",297,"$0.10","$25.00",1
"MLB","Classic",5175390560,"MLB Satellite to NFL Best Ball $25 Millionaire (8/8)",191664584,"2026-06-25 18:40:00",93,88.55,"$0.00","$0.00",297,"$0.10","$25.00",1
"MLB","Classic",5175380974,"MLB Satellite to NFL Best Ball $25 Millionaire (2/8)",191664584,"2026-06-25 18:40:00",105,86.75,"$0.00","$0.00",297,"$0.10","$25.00",1
"MLB","Classic",5175380979,"MLB Satellite to NFL Best Ball $25 Millionaire (7/8)",191664584,"2026-06-25 18:40:00",124,83.15,"$0.00","$0.00",297,"$0.10","$25.00",1
"MLB","Classic",5175380975,"MLB Satellite to NFL Best Ball $25 Millionaire (3/8)",191664584,"2026-06-25 18:40:00",142,77.75,"$0.00","$0.00",297,"$0.10","$25.00",1
"MLB","Classic",5175380978,"MLB Satellite to NFL Best Ball $25 Millionaire (6/8)",191664584,"2026-06-25 18:40:00",215,61.3,"$0.00","$0.00",297,"$0.10","$25.00",1
"MLB","Classic",5175380976,"MLB Satellite to NFL Best Ball $25 Millionaire (4/8)",191664584,"2026-06-25 18:40:00",268,42.15,"$0.00","$0.00",297,"$0.10","$25.00",1
"MLB","Classic",5175190617,"MLB Satellite to NFL Best Ball $25 Millionaire (Early) (7/8)",191664268,"2026-06-25 12:10:00",20,158.6,"$0.00","$0.00",261,"$0.10","$25.00",1
"MLB","Classic",5175182308,"MLB Satellite to NFL Best Ball $25 Millionaire (Early) (1/8)",191664268,"2026-06-25 12:10:00",79,127.15,"$0.00","$0.00",261,"$0.10","$25.00",1
"MLB","Classic",5175190615,"MLB Satellite to NFL Best Ball $25 Millionaire (Early) (5/8)",191664268,"2026-06-25 12:10:00",83,126.15,"$0.00","$0.00",261,"$0.10","$25.00",1
"MLB","Classic",5175190618,"MLB Satellite to NFL Best Ball $25 Millionaire (Early) (8/8)",191664268,"2026-06-25 12:10:00",169,85.25,"$0.00","$0.00",261,"$0.10","$25.00",1
"MLB","Classic",5175190613,"MLB Satellite to NFL Best Ball $25 Millionaire (Early) (3/8)",191664268,"2026-06-25 12:10:00",210,64.6,"$0.00","$0.00",261,"$0.10","$25.00",1
"MLB","Classic",5175190614,"MLB Satellite to NFL Best Ball $25 Millionaire (Early) (4/8)",191664268,"2026-06-25 12:10:00",251,46.6,"$0.00","$0.00",261,"$0.10","$25.00",1
"MLB","Classic",5175190616,"MLB Satellite to NFL Best Ball $25 Millionaire (Early) (6/8)",191664268,"2026-06-25 12:10:00",251,46.6,"$0.00","$0.00",261,"$0.10","$25.00",1
"MLB","Classic",5175190612,"MLB Satellite to NFL Best Ball $25 Millionaire (Early) (2/8)",191664268,"2026-06-25 12:10:00",253,46.05,"$0.00","$0.00",261,"$0.10","$25.00",1
"MLB","Classic",5174649938,"MLB Satellite to NFL Best Ball $25 Millionaire (2/3)",191637160,"2026-06-24 19:07:00",8,128.1,"$0.00","$0.00",118,"$0.25","$25.00",1
"MLB","Classic",5174649939,"MLB Satellite to NFL Best Ball $25 Millionaire (3/3)",191637160,"2026-06-24 19:07:00",44,103.95,"$0.00","$0.00",118,"$0.25","$25.00",1
"MLB","Classic",5174640605,"MLB Satellite to NFL Best Ball $25 Millionaire (1/3)",191637160,"2026-06-24 19:07:00",60,93.95,"$0.00","$0.00",118,"$0.25","$25.00",1
"MLB","Classic",5174407557,"MLB Satellite to NFL Best Ball $25 Millionaire (Early) (3/3)",191636757,"2026-06-24 13:10:00",7,126.2,"$0.00","$0.00",106,"$0.25","$25.00",1
"MLB","Classic",5174399655,"MLB Satellite to NFL Best Ball $25 Millionaire (Early) (1/3)",191636757,"2026-06-24 13:10:00",36,99.65,"$0.00","$0.00",106,"$0.25","$25.00",1
"MLB","Classic",5174399656,"MLB Satellite to NFL Best Ball $25 Millionaire (Early) (2/3)",191636757,"2026-06-24 13:10:00",61,87.45,"$0.00","$0.00",106,"$0.25","$25.00",1
"MLB","Classic",5173944891,"MLB Satellite to NFL Best Ball $25 Millionaire (Night) (4/8)",191606087,"2026-06-23 21:38:00",26,114.2,"$0.00","$0.00",177,"$0.10","$25.00",1
"MLB","Classic",5173944894,"MLB Satellite to NFL Best Ball $25 Millionaire (Night) (7/8)",191606087,"2026-06-23 21:38:00",39,105.2,"$0.00","$0.00",177,"$0.10","$25.00",1
"MLB","Classic",5173944892,"MLB Satellite to NFL Best Ball $25 Millionaire (Night) (5/8)",191606087,"2026-06-23 21:38:00",67,92.7,"$0.00","$0.00",177,"$0.10","$25.00",1
"MLB","Classic",5173944893,"MLB Satellite to NFL Best Ball $25 Millionaire (Night) (6/8)",191606087,"2026-06-23 21:38:00",109,82.25,"$0.00","$0.00",177,"$0.10","$25.00",1
"MLB","Classic",5173944890,"MLB Satellite to NFL Best Ball $25 Millionaire (Night) (3/8)",191606087,"2026-06-23 21:38:00",124,76.25,"$0.00","$0.00",177,"$0.10","$25.00",1
"MLB","Classic",5173944895,"MLB Satellite to NFL Best Ball $25 Millionaire (Night) (8/8)",191606087,"2026-06-23 21:38:00",137,73.7,"$0.00","$0.00",177,"$0.10","$25.00",1
"MLB","Classic",5173944889,"MLB Satellite to NFL Best Ball $25 Millionaire (Night) (2/8)",191606087,"2026-06-23 21:38:00",161,58.65,"$0.00","$0.00",177,"$0.10","$25.00",1
"MLB","Classic",5173944649,"MLB Satellite to NFL Best Ball $25 Millionaire (Night) (1/8)",191606087,"2026-06-23 21:38:00",166,53.65,"$0.00","$0.00",177,"$0.10","$25.00",1
"MLB","Classic",5173937285,"MLB Satellite to NFL Best Ball $25 Millionaire (Night) (1/3)",191606089,"2026-06-23 21:38:00",12,114.2,"$0.00","$0.00",86,"$0.25","$25.00",1
"MLB","Classic",5173937705,"MLB Satellite to NFL Best Ball $25 Millionaire (Night) (3/3)",191606089,"2026-06-23 21:38:00",56,73.7,"$0.00","$0.00",86,"$0.25","$25.00",1
"MLB","Classic",5173937704,"MLB Satellite to NFL Best Ball $25 Millionaire (Night) (2/3)",191606089,"2026-06-23 21:38:00",81,53.65,"$0.00","$0.00",86,"$0.25","$25.00",1
"MLB","Classic",5173796874,"MLB Satellite to NFL Best Ball $25 Millionaire (2/3)",191605743,"2026-06-23 19:10:00",37,104.8,"$0.00","$0.00",118,"$0.25","$25.00",1
"MLB","Classic",5173796873,"MLB Satellite to NFL Best Ball $25 Millionaire (1/3)",191605743,"2026-06-23 19:10:00",43,99.85,"$0.00","$0.00",118,"$0.25","$25.00",1
"MLB","Classic",5173806870,"MLB Satellite to NFL Best Ball $25 Millionaire (3/3)",191605743,"2026-06-23 19:10:00",65,87.25,"$0.00","$0.00",118,"$0.25","$25.00",1
"MLB","Classic",5173257541,"MLB Satellite to NFL Best Ball $25 Millionaire (Night) (1/3)",191566060,"2026-06-22 21:38:00",24,113.85,"$0.00","$0.00",76,"$0.25","$25.00",1
"MLB","Classic",5173257696,"MLB Satellite to NFL Best Ball $25 Millionaire (Night) (2/3)",191566060,"2026-06-22 21:38:00",57,77.7,"$0.00","$0.00",76,"$0.25","$25.00",1
"MLB","Classic",5173257697,"MLB Satellite to NFL Best Ball $25 Millionaire (Night) (3/3)",191566060,"2026-06-22 21:38:00",76,48.05,"$0.00","$0.00",76,"$0.25","$25.00",1
"MLB","Classic",5172990389,"MLB Satellite to NFL Best Ball $25 Millionaire (1/3)",191565790,"2026-06-22 19:07:00",49,95.65,"$0.00","$0.00",118,"$0.25","$25.00",1
"MLB","Classic",5172997782,"MLB Satellite to NFL Best Ball $25 Millionaire (3/3)",191565790,"2026-06-22 19:07:00",106,61.85,"$0.00","$0.00",118,"$0.25","$25.00",1
"MLB","Classic",5172990390,"MLB Satellite to NFL Best Ball $25 Millionaire (2/3)",191565790,"2026-06-22 19:07:00",112,58.35,"$0.00","$0.00",118,"$0.25","$25.00",1
"MLB","Classic",5172404848,"MLB Satellite to NFL Best Ball $25 Millionaire (Afternoon) (3/8)",191537155,"2026-06-21 16:05:00",2,170.3,"$0.00","$0.00",149,"$0.10","$25.00",1
"MLB","Classic",5172404847,"MLB Satellite to NFL Best Ball $25 Millionaire (Afternoon) (2/8)",191537155,"2026-06-21 16:05:00",4,146.3,"$0.00","$0.00",149,"$0.10","$25.00",1
"MLB","Classic",5172404853,"MLB Satellite to NFL Best Ball $25 Millionaire (Afternoon) (8/8)",191537155,"2026-06-21 16:05:00",18,122.7,"$0.00","$0.00",149,"$0.10","$25.00",1
"MLB","Classic",5172399472,"MLB Satellite to NFL Best Ball $25 Millionaire (Afternoon) (1/8)",191537155,"2026-06-21 16:05:00",63,92.15,"$0.00","$0.00",149,"$0.10","$25.00",1
"MLB","Classic",5172404850,"MLB Satellite to NFL Best Ball $25 Millionaire (Afternoon) (5/8)",191537155,"2026-06-21 16:05:00",68,90.3,"$0.00","$0.00",149,"$0.10","$25.00",1
"MLB","Classic",5172404851,"MLB Satellite to NFL Best Ball $25 Millionaire (Afternoon) (6/8)",191537155,"2026-06-21 16:05:00",101,75.9,"$0.00","$0.00",149,"$0.10","$25.00",1
"MLB","Classic",5172404852,"MLB Satellite to NFL Best Ball $25 Millionaire (Afternoon) (7/8)",191537155,"2026-06-21 16:05:00",109,68.35,"$0.00","$0.00",149,"$0.10","$25.00",1
"MLB","Classic",5172404849,"MLB Satellite to NFL Best Ball $25 Millionaire (Afternoon) (4/8)",191537155,"2026-06-21 16:05:00",114,67.4,"$0.00","$0.00",149,"$0.10","$25.00",1
"GOLF","Captain Mode Showdown",5172152992,"PGA Showdown Satellite to NFL Best Ball $25 Millionaire (Late Round 4) (1/3)",191554004,"2026-06-21 12:57:00",5,212.6,"$0.00","$0.00",118,"$0.25","$25.00",1
"GOLF","Captain Mode Showdown",5172161920,"PGA Showdown Satellite to NFL Best Ball $25 Millionaire (Late Round 4) (3/3)",191554004,"2026-06-21 12:57:00",18,197.4,"$0.00","$0.00",118,"$0.25","$25.00",1
"GOLF","Captain Mode Showdown",5172152993,"PGA Showdown Satellite to NFL Best Ball $25 Millionaire (Late Round 4) (2/3)",191554004,"2026-06-21 12:57:00",107,161.53,"$0.00","$0.00",118,"$0.25","$25.00",1
"MLB","Classic",5171559000,"MLB Satellite to NFL Best Ball $25 Millionaire (2/3)",191507389,"2026-06-20 19:15:00",71,73.95,"$0.00","$0.00",109,"$0.25","$25.00",1
"MLB","Classic",5171558768,"MLB Satellite to NFL Best Ball $25 Millionaire (1/3)",191507389,"2026-06-20 19:15:00",97,55.1,"$0.00","$0.00",109,"$0.25","$25.00",1
"MLB","Classic",5171559001,"MLB Satellite to NFL Best Ball $25 Millionaire (3/3)",191507389,"2026-06-20 19:15:00",107,33.1,"$0.00","$0.00",109,"$0.25","$25.00",1
"MLB","Classic",5171280424,"MLB Satellite to NFL Best Ball $25 Millionaire (Early) (2/8)",191507213,"2026-06-20 13:10:00",24,124.15,"$0.00","$0.00",242,"$0.10","$25.00",1
"MLB","Classic",5171280378,"MLB Satellite to NFL Best Ball $25 Millionaire (Early) (1/8)",191507213,"2026-06-20 13:10:00",41,119.15,"$0.00","$0.00",242,"$0.10","$25.00",1
"MLB","Classic",5171280428,"MLB Satellite to NFL Best Ball $25 Millionaire (Early) (6/8)",191507213,"2026-06-20 13:10:00",96,104.45,"$0.00","$0.00",242,"$0.10","$25.00",1
"MLB","Classic",5171280430,"MLB Satellite to NFL Best Ball $25 Millionaire (Early) (8/8)",191507213,"2026-06-20 13:10:00",106,102.5,"$0.00","$0.00",242,"$0.10","$25.00",1
"MLB","Classic",5171280425,"MLB Satellite to NFL Best Ball $25 Millionaire (Early) (3/8)",191507213,"2026-06-20 13:10:00",107,102.45,"$0.00","$0.00",242,"$0.10","$25.00",1
"MLB","Classic",5171280426,"MLB Satellite to NFL Best Ball $25 Millionaire (Early) (4/8)",191507213,"2026-06-20 13:10:00",121,100.45,"$0.00","$0.00",242,"$0.10","$25.00",1
"MLB","Classic",5171280429,"MLB Satellite to NFL Best Ball $25 Millionaire (Early) (7/8)",191507213,"2026-06-20 13:10:00",183,85.5,"$0.00","$0.00",242,"$0.10","$25.00",1
"MLB","Classic",5171280427,"MLB Satellite to NFL Best Ball $25 Millionaire (Early) (5/8)",191507213,"2026-06-20 13:10:00",195,83.5,"$0.00","$0.00",242,"$0.10","$25.00",1
"MLB","Classic",5170581610,"MLB Satellite to NFL Best Ball $25 Millionaire (5/8)",191488366,"2026-06-19 19:05:00",19,151.55,"$0.00","$0.00",297,"$0.10","$25.00",1
"MLB","Classic",5170581607,"MLB Satellite to NFL Best Ball $25 Millionaire (2/8)",191488366,"2026-06-19 19:05:00",53,133.6,"$0.00","$0.00",297,"$0.10","$25.00",1
"MLB","Classic",5170581608,"MLB Satellite to NFL Best Ball $25 Millionaire (3/8)",191488366,"2026-06-19 19:05:00",61,129.55,"$0.00","$0.00",297,"$0.10","$25.00",1
"MLB","Classic",5170581611,"MLB Satellite to NFL Best Ball $25 Millionaire (6/8)",191488366,"2026-06-19 19:05:00",78,123.95,"$0.00","$0.00",297,"$0.10","$25.00",1
"MLB","Classic",5170581609,"MLB Satellite to NFL Best Ball $25 Millionaire (4/8)",191488366,"2026-06-19 19:05:00",152,105.15,"$0.00","$0.00",297,"$0.10","$25.00",1
"MLB","Classic",5170581573,"MLB Satellite to NFL Best Ball $25 Millionaire (1/8)",191488366,"2026-06-19 19:05:00",172,101.35,"$0.00","$0.00",297,"$0.10","$25.00",1
"MLB","Classic",5170581612,"MLB Satellite to NFL Best Ball $25 Millionaire (7/8)",191488366,"2026-06-19 19:05:00",201,94.35,"$0.00","$0.00",297,"$0.10","$25.00",1
"MLB","Classic",5170581613,"MLB Satellite to NFL Best Ball $25 Millionaire (8/8)",191488366,"2026-06-19 19:05:00",232,83.5,"$0.00","$0.00",297,"$0.10","$25.00",1
"GOLF","Showdown",5170338716,"PGA Showdown Satellite to NFL Best Ball $25 Millionaire (Late Round 2) (1/3)",191479979,"2026-06-19 12:45:00",99,147.8,"$0.00","$0.00",118,"$0.25","$25.00",1
"GOLF","Showdown",5170344443,"PGA Showdown Satellite to NFL Best Ball $25 Millionaire (Late Round 2) (3/3)",191479979,"2026-06-19 12:45:00",107,136.7,"$0.00","$0.00",118,"$0.25","$25.00",1
"GOLF","Showdown",5170338717,"PGA Showdown Satellite to NFL Best Ball $25 Millionaire (Late Round 2) (2/3)",191479979,"2026-06-19 12:45:00",117,105.55,"$0.00","$0.00",118,"$0.25","$25.00",1
"MLB","Classic",5169921918,"MLB Satellite to NFL Best Ball $25 Millionaire (2/3)",191451972,"2026-06-18 18:40:00",36,115.2,"$0.00","$0.00",118,"$0.25","$25.00",1
"MLB","Classic",5169921917,"MLB Satellite to NFL Best Ball $25 Millionaire (1/3)",191451972,"2026-06-18 18:40:00",72,96,"$0.00","$0.00",118,"$0.25","$25.00",1
"MLB","Classic",5169928479,"MLB Satellite to NFL Best Ball $25 Millionaire (3/3)",191451972,"2026-06-18 18:40:00",109,55.2,"$0.00","$0.00",118,"$0.25","$25.00",1
"MLB","Classic",5169815244,"MLB Satellite to NFL Best Ball $25 Millionaire (Early) (3/8)",191450724,"2026-06-18 13:35:00",23,125.6,"$0.00","$0.00",255,"$0.10","$25.00",1
"MLB","Classic",5169815247,"MLB Satellite to NFL Best Ball $25 Millionaire (Early) (6/8)",191450724,"2026-06-18 13:35:00",52,111.9,"$0.00","$0.00",255,"$0.10","$25.00",1
"MLB","Classic",5169815243,"MLB Satellite to NFL Best Ball $25 Millionaire (Early) (2/8)",191450724,"2026-06-18 13:35:00",67,108.55,"$0.00","$0.00",255,"$0.10","$25.00",1
"MLB","Classic",5169815200,"MLB Satellite to NFL Best Ball $25 Millionaire (Early) (1/8)",191450724,"2026-06-18 13:35:00",83,103.65,"$0.00","$0.00",255,"$0.10","$25.00",1
"MLB","Classic",5169815249,"MLB Satellite to NFL Best Ball $25 Millionaire (Early) (8/8)",191450724,"2026-06-18 13:35:00",120,96.85,"$0.00","$0.00",255,"$0.10","$25.00",1
"MLB","Classic",5169815246,"MLB Satellite to NFL Best Ball $25 Millionaire (Early) (5/8)",191450724,"2026-06-18 13:35:00",181,82.8,"$0.00","$0.00",255,"$0.10","$25.00",1
"MLB","Classic",5169815248,"MLB Satellite to NFL Best Ball $25 Millionaire (Early) (7/8)",191450724,"2026-06-18 13:35:00",212,73.95,"$0.00","$0.00",255,"$0.10","$25.00",1
"MLB","Classic",5169815245,"MLB Satellite to NFL Best Ball $25 Millionaire (Early) (4/8)",191450724,"2026-06-18 13:35:00",243,62.85,"$0.00","$0.00",255,"$0.10","$25.00",1
"MLB","Classic",5169824545,"MLB Satellite to NFL Best Ball $25 Millionaire (Early) (8/8)",191450725,"2026-06-18 13:35:00",8,135.65,"$0.00","$0.00",284,"$0.10","$25.00",1
"MLB","Classic",5169824542,"MLB Satellite to NFL Best Ball $25 Millionaire (Early) (5/8)",191450725,"2026-06-18 13:35:00",23,125.6,"$0.00","$0.00",284,"$0.10","$25.00",1
"MLB","Classic",5169824541,"MLB Satellite to NFL Best Ball $25 Millionaire (Early) (4/8)",191450725,"2026-06-18 13:35:00",54,115.6,"$0.00","$0.00",284,"$0.10","$25.00",1
"MLB","Classic",5169824378,"MLB Satellite to NFL Best Ball $25 Millionaire (Early) (1/8)",191450725,"2026-06-18 13:35:00",61,113.55,"$0.00","$0.00",284,"$0.10","$25.00",1
"MLB","Classic",5169824540,"MLB Satellite to NFL Best Ball $25 Millionaire (Early) (3/8)",191450725,"2026-06-18 13:35:00",97,103.65,"$0.00","$0.00",284,"$0.10","$25.00",1
"MLB","Classic",5169824539,"MLB Satellite to NFL Best Ball $25 Millionaire (Early) (2/8)",191450725,"2026-06-18 13:35:00",116,99.6,"$0.00","$0.00",284,"$0.10","$25.00",1
"MLB","Classic",5169824543,"MLB Satellite to NFL Best Ball $25 Millionaire (Early) (6/8)",191450725,"2026-06-18 13:35:00",194,82.8,"$0.00","$0.00",284,"$0.10","$25.00",1
"MLB","Classic",5169824544,"MLB Satellite to NFL Best Ball $25 Millionaire (Early) (7/8)",191450725,"2026-06-18 13:35:00",278,48.15,"$0.00","$0.00",284,"$0.10","$25.00",1
"GOLF","Showdown",5169640131,"PGA Showdown Satellite to NFL Best Ball $25 Millionaire (Late Round 1) (3/3)",191413063,"2026-06-18 14:30:00",9,189.35,"$0.00","$0.00",83,"$0.25","$25.00",1
"GOLF","Showdown",5169640060,"PGA Showdown Satellite to NFL Best Ball $25 Millionaire (Late Round 1) (1/3)",191413063,"2026-06-18 14:30:00",60,132.35,"$0.00","$0.00",83,"$0.25","$25.00",1
"GOLF","Showdown",5169640130,"PGA Showdown Satellite to NFL Best Ball $25 Millionaire (Late Round 1) (2/3)",191413063,"2026-06-18 14:30:00",66,126.35,"$0.00","$0.00",83,"$0.25","$25.00",1
"MLB","Classic",5168287647,"MLB Satellite to NFL Best Ball $25 Millionaire (Night) (3/3)",191393472,"2026-06-16 21:40:00",33,120.05,"$0.00","$0.00",95,"$0.25","$25.00",1
"MLB","Classic",5168287646,"MLB Satellite to NFL Best Ball $25 Millionaire (Night) (2/3)",191393472,"2026-06-16 21:40:00",40,111.85,"$0.00","$0.00",95,"$0.25","$25.00",1
"MLB","Classic",5168287620,"MLB Satellite to NFL Best Ball $25 Millionaire (Night) (1/3)",191393472,"2026-06-16 21:40:00",70,84.05,"$0.00","$0.00",95,"$0.25","$25.00",1
"MLB","Classic",5161732606,"MLB Satellite to NFL Best Ball $25 Millionaire (Night) (1/3)",191149889,"2026-06-08 21:38:00",75,92.35,"$0.00","$0.00",108,"$0.25","$25.00",1
"MLB","Classic",5161732658,"MLB Satellite to NFL Best Ball $25 Millionaire (Night) (2/3)",191149889,"2026-06-08 21:38:00",85,86.15,"$0.00","$0.00",108,"$0.25","$25.00",1
"MLB","Classic",5161732659,"MLB Satellite to NFL Best Ball $25 Millionaire (Night) (3/3)",191149889,"2026-06-08 21:38:00",102,56.75,"$0.00","$0.00",108,"$0.25","$25.00",1
"MLB","Classic",5159738922,"MLB Satellite to NFL Best Ball $25 Millionaire (2/3)",191098025,"2026-06-06 14:10:00",16,114.7,"$0.00","$0.00",118,"$0.25","$25.00",1
"MLB","Classic",5159727981,"MLB Satellite to NFL Best Ball $25 Millionaire (1/3)",191098025,"2026-06-06 14:10:00",61,79.4,"$0.00","$0.00",118,"$0.25","$25.00",1
"MLB","Classic",5159738923,"MLB Satellite to NFL Best Ball $25 Millionaire (3/3)",191098025,"2026-06-06 14:10:00",82,66.45,"$0.00","$0.00",118,"$0.25","$25.00",1
"MLB","Classic",5159060646,"MLB Satellite to NFL Best Ball $25 Millionaire (3/3)",191103337,"2026-06-05 19:05:00",89,77.25,"$0.00","$0.00",110,"$0.25","$25.00",1
"MLB","Classic",5159060645,"MLB Satellite to NFL Best Ball $25 Millionaire (2/3)",191103337,"2026-06-05 19:05:00",96,70.25,"$0.00","$0.00",110,"$0.25","$25.00",1
"MLB","Classic",5159058845,"MLB Satellite to NFL Best Ball $25 Millionaire (1/3)",191103337,"2026-06-05 19:05:00",103,59.85,"$0.00","$0.00",110,"$0.25","$25.00",1
"GOLF","Showdown",5158535602,"PGA TOUR Showdown Satellite to NFL Best Ball $25 Millionaire (Late Round 2 TOUR) (1/3)",191063966,"2026-06-05 10:55:00",23,152.8,"$0.00","$0.00",113,"$0.25","$25.00",1
"GOLF","Showdown",5158535670,"PGA TOUR Showdown Satellite to NFL Best Ball $25 Millionaire (Late Round 2 TOUR) (3/3)",191063966,"2026-06-05 10:55:00",33,149.4,"$0.00","$0.00",113,"$0.25","$25.00",1
"GOLF","Showdown",5158535669,"PGA TOUR Showdown Satellite to NFL Best Ball $25 Millionaire (Late Round 2 TOUR) (2/3)",191063966,"2026-06-05 10:55:00",83,114.9,"$0.00","$0.00",113,"$0.25","$25.00",1
"GOLF","Showdown",5158461954,"PGA TOUR Showdown Satellite to NFL Best Ball $25 Millionaire (Round 2 TOUR) (3/3)",191063885,"2026-06-05 07:45:00",34,156.15,"$0.00","$0.00",118,"$0.25","$25.00",1
"GOLF","Showdown",5158461931,"PGA TOUR Showdown Satellite to NFL Best Ball $25 Millionaire (Round 2 TOUR) (1/3)",191063885,"2026-06-05 07:45:00",102,120.35,"$0.00","$0.00",118,"$0.25","$25.00",1
"GOLF","Showdown",5158461953,"PGA TOUR Showdown Satellite to NFL Best Ball $25 Millionaire (Round 2 TOUR) (2/3)",191063885,"2026-06-05 07:45:00",104,119,"$0.00","$0.00",118,"$0.25","$25.00",1
"GOLF","Showdown",5157863349,"PGA TOUR Showdown Satellite to NFL Best Ball $25 Millionaire (Late Round 1 TOUR) (2/3)",191035976,"2026-06-04 10:55:00",32,186.4,"$0.00","$0.00",92,"$0.25","$25.00",1
"GOLF","Showdown",5157863348,"PGA TOUR Showdown Satellite to NFL Best Ball $25 Millionaire (Late Round 1 TOUR) (1/3)",191035976,"2026-06-04 10:55:00",70,156.65,"$0.00","$0.00",92,"$0.25","$25.00",1
"GOLF","Showdown",5157870913,"PGA TOUR Showdown Satellite to NFL Best Ball $25 Millionaire (Late Round 1 TOUR) (3/3)",191035976,"2026-06-04 10:55:00",79,150.8,"$0.00","$0.00",92,"$0.25","$25.00",1
"GOLF","Showdown",5157779031,"PGA TOUR Showdown Satellite to NFL Best Ball $25 Millionaire (Round 1 TOUR) (2/3)",191013533,"2026-06-04 07:45:00",29,195.15,"$0.00","$0.00",118,"$0.25","$25.00",1
"GOLF","Showdown",5157779030,"PGA TOUR Showdown Satellite to NFL Best Ball $25 Millionaire (Round 1 TOUR) (1/3)",191013533,"2026-06-04 07:45:00",30,193.4,"$0.00","$0.00",118,"$0.25","$25.00",1
"GOLF","Showdown",5157780731,"PGA TOUR Showdown Satellite to NFL Best Ball $25 Millionaire (Round 1 TOUR) (3/3)",191013533,"2026-06-04 07:45:00",77,157.4,"$0.00","$0.00",118,"$0.25","$25.00",1
"MLB","Classic",5157157849,"MLB Satellite to NFL Best Ball $25 Millionaire (Early)",191020026,"2026-06-03 13:05:00",31,90.65,"$0.00","$0.00",118,"$0.25","$25.00",1
"MLB","Classic",5156889001,"MLB Satellite to NFL Best Ball $25 Millionaire (Early) (2/3)",191020024,"2026-06-03 13:05:00",29,90.35,"$0.00","$0.00",118,"$0.25","$25.00",1
"MLB","Classic",5156889002,"MLB Satellite to NFL Best Ball $25 Millionaire (Early) (3/3)",191020024,"2026-06-03 13:05:00",51,75.4,"$0.00","$0.00",118,"$0.25","$25.00",1
"MLB","Classic",5156888641,"MLB Satellite to NFL Best Ball $25 Millionaire (Early) (1/3)",191020024,"2026-06-03 13:05:00",110,21.3,"$0.00","$0.00",118,"$0.25","$25.00",1
"MLB","Classic",5155947861,"MLB Satellite to NFL Best Ball $25 Millionaire (Night) (1/3)",190954673,"2026-06-01 21:38:00",68,81.25,"$0.00","$0.00",118,"$0.25","$25.00",1
"MLB","Classic",5155951544,"MLB Satellite to NFL Best Ball $25 Millionaire (Night) (3/3)",190954673,"2026-06-01 21:38:00",114,60.35,"$0.00","$0.00",118,"$0.25","$25.00",1
"MLB","Classic",5155947862,"MLB Satellite to NFL Best Ball $25 Millionaire (Night) (2/3)",190954673,"2026-06-01 21:38:00",116,54.25,"$0.00","$0.00",118,"$0.25","$25.00",1
"MLB","Classic",5155159064,"MLB Satellite to NFL Best Ball $25 Millionaire (Afternoon) (3/3)",190930827,"2026-05-31 16:05:00",40,138.45,"$0.00","$0.00",113,"$0.25","$25.00",1
"MLB","Classic",5155148161,"MLB Satellite to NFL Best Ball $25 Millionaire (Afternoon) (1/3)",190930827,"2026-05-31 16:05:00",110,64,"$0.00","$0.00",113,"$0.25","$25.00",1
"MLB","Classic",5155159063,"MLB Satellite to NFL Best Ball $25 Millionaire (Afternoon) (2/3)",190930827,"2026-05-31 16:05:00",112,62.1,"$0.00","$0.00",113,"$0.25","$25.00",1
"MLB","Classic",5152731088,"MLB Satellite to NFL Best Ball $25 Millionaire (3/3)",190856933,"2026-05-28 18:35:00",53,82.7,"$0.00","$0.00",118,"$0.25","$25.00",1
"MLB","Classic",5152726871,"MLB Satellite to NFL Best Ball $25 Millionaire (2/3)",190856933,"2026-05-28 18:35:00",86,71.7,"$0.00","$0.00",118,"$0.25","$25.00",1
"MLB","Classic",5152726870,"MLB Satellite to NFL Best Ball $25 Millionaire (1/3)",190856933,"2026-05-28 18:35:00",88,70.7,"$0.00","$0.00",118,"$0.25","$25.00",1
"MLB","Classic",5152352996,"MLB Satellite to NFL Best Ball $25 Millionaire (Early) (3/3)",190855820,"2026-05-28 13:10:00",47,100.4,"$0.00","$0.00",118,"$0.25","$25.00",1
"MLB","Classic",5152352995,"MLB Satellite to NFL Best Ball $25 Millionaire (Early) (2/3)",190855820,"2026-05-28 13:10:00",63,92.4,"$0.00","$0.00",118,"$0.25","$25.00",1
"MLB","Classic",5152352662,"MLB Satellite to NFL Best Ball $25 Millionaire (Early) (1/3)",190855820,"2026-05-28 13:10:00",112,48.75,"$0.00","$0.00",118,"$0.25","$25.00",1
"MLB","Classic",5151392970,"MLB Satellite to NFL Best Ball $25 Millionaire (Night) (1/3)",190794600,"2026-05-26 21:40:00",5,160.8,"$0.00","$0.00",84,"$0.25","$25.00",1
"MLB","Classic",5151392972,"MLB Satellite to NFL Best Ball $25 Millionaire (Night) (3/3)",190794600,"2026-05-26 21:40:00",22,128.05,"$0.00","$0.00",84,"$0.25","$25.00",1
"MLB","Classic",5151392971,"MLB Satellite to NFL Best Ball $25 Millionaire (Night) (2/3)",190794600,"2026-05-26 21:40:00",37,116.05,"$0.00","$0.00",84,"$0.25","$25.00",1
"MLB","Classic",5150756181,"MLB Satellite to NFL Best Ball $25 Millionaire (2/3)",190794124,"2026-05-26 19:07:00",36,138.05,"$0.00","$0.00",118,"$0.25","$25.00",1
"MLB","Classic",5150756180,"MLB Satellite to NFL Best Ball $25 Millionaire (1/3)",190794124,"2026-05-26 19:07:00",69,114.1,"$0.00","$0.00",118,"$0.25","$25.00",1
"MLB","Classic",5150759088,"MLB Satellite to NFL Best Ball $25 Millionaire (3/3)",190794124,"2026-05-26 19:07:00",89,96.8,"$0.00","$0.00",118,"$0.25","$25.00",1
"MLB","Classic",5150456731,"MLB Satellite to NFL Best Ball $25 Millionaire (Night) (1/3)",190766021,"2026-05-25 18:40:00",73,82.1,"$0.00","$0.00",118,"$0.25","$25.00",1
"MLB","Classic",5150456788,"MLB Satellite to NFL Best Ball $25 Millionaire (Night) (3/3)",190766021,"2026-05-25 18:40:00",85,77.8,"$0.00","$0.00",118,"$0.25","$25.00",1
"MLB","Classic",5150456787,"MLB Satellite to NFL Best Ball $25 Millionaire (Night) (2/3)",190766021,"2026-05-25 18:40:00",94,71.1,"$0.00","$0.00",118,"$0.25","$25.00",1
"GOLF","Captain Mode Showdown",5148075253,"PGA TOUR Showdown Satellite to NFL Best Ball $25 Millionaire (Late Round 3 TOUR) (2/3)",190725022,"2026-05-23 12:12:00",19,301.13,"$0.00","$0.00",99,"$0.25","$25.00",1
"GOLF","Captain Mode Showdown",5148074094,"PGA TOUR Showdown Satellite to NFL Best Ball $25 Millionaire (Late Round 3 TOUR) (1/3)",190725022,"2026-05-23 12:12:00",23,299.38,"$0.00","$0.00",99,"$0.25","$25.00",1
"GOLF","Captain Mode Showdown",5148075254,"PGA TOUR Showdown Satellite to NFL Best Ball $25 Millionaire (Late Round 3 TOUR) (3/3)",190725022,"2026-05-23 12:12:00",32,292.8,"$0.00","$0.00",99,"$0.25","$25.00",1
"GOLF","Showdown",5147473037,"PGA TOUR Showdown Satellite to NFL Best Ball $25 Millionaire (Late Round 2 TOUR) (2/3)",190680860,"2026-05-22 13:10:00",68,276.4,"$0.00","$0.00",118,"$0.25","$25.00",1
"GOLF","Showdown",5147473038,"PGA TOUR Showdown Satellite to NFL Best Ball $25 Millionaire (Late Round 2 TOUR) (3/3)",190680860,"2026-05-22 13:10:00",102,253.65,"$0.00","$0.00",118,"$0.25","$25.00",1
"GOLF","Showdown",5147472708,"PGA TOUR Showdown Satellite to NFL Best Ball $25 Millionaire (Late Round 2 TOUR) (1/3)",190680860,"2026-05-22 13:10:00",116,217.65,"$0.00","$0.00",118,"$0.25","$25.00",1
"GOLF","Showdown",5146727999,"PGA TOUR Showdown Satellite to NFL Best Ball $25 Millionaire (Late Round 1 TOUR) (1/3)",190650429,"2026-05-21 13:10:00",22,271.45,"$0.00","$0.00",93,"$0.25","$25.00",1
"GOLF","Showdown",5146736309,"PGA TOUR Showdown Satellite to NFL Best Ball $25 Millionaire (Late Round 1 TOUR) (3/3)",190650429,"2026-05-21 13:10:00",29,262.35,"$0.00","$0.00",93,"$0.25","$25.00",1
"GOLF","Showdown",5146736308,"PGA TOUR Showdown Satellite to NFL Best Ball $25 Millionaire (Late Round 1 TOUR) (2/3)",190650429,"2026-05-21 13:10:00",62,246.3,"$0.00","$0.00",93,"$0.25","$25.00",1
"GOLF","Showdown",5146597869,"PGA TOUR Showdown Satellite to NFL Best Ball $25 Millionaire (Round 1 TOUR) (3/3)",190627475,"2026-05-21 08:00:00",27,288.85,"$0.00","$0.00",117,"$0.25","$25.00",1
"GOLF","Showdown",5146597868,"PGA TOUR Showdown Satellite to NFL Best Ball $25 Millionaire (Round 1 TOUR) (2/3)",190627475,"2026-05-21 08:00:00",41,278.3,"$0.00","$0.00",117,"$0.25","$25.00",1
"GOLF","Showdown",5146597789,"PGA TOUR Showdown Satellite to NFL Best Ball $25 Millionaire (Round 1 TOUR) (1/3)",190627475,"2026-05-21 08:00:00",81,253.75,"$0.00","$0.00",117,"$0.25","$25.00",1
"MLB","Classic",5145381748,"MLB Satellite to NFL Best Ball $25 Millionaire (Night) (1/3)",190605693,"2026-05-19 21:38:00",63,68.65,"$0.00","$0.00",100,"$0.25","$25.00",1
"MLB","Classic",5145408031,"MLB Satellite to NFL Best Ball $25 Millionaire (Night) (2/3)",190605693,"2026-05-19 21:38:00",73,62.5,"$0.00","$0.00",100,"$0.25","$25.00",1
"MLB","Classic",5145408032,"MLB Satellite to NFL Best Ball $25 Millionaire (Night) (3/3)",190605693,"2026-05-19 21:38:00",77,54.55,"$0.00","$0.00",100,"$0.25","$25.00",1
"MLB","Classic",5144227509,"MLB Satellite to NFL Best Ball $25 Millionaire (Turbo) (3/3)",190571305,"2026-05-18 18:40:00",7,151.95,"$0.00","$0.00",118,"$0.25","$25.00",1
"MLB","Classic",5144227508,"MLB Satellite to NFL Best Ball $25 Millionaire (Turbo) (2/3)",190571305,"2026-05-18 18:40:00",58,113.95,"$0.00","$0.00",118,"$0.25","$25.00",1
"MLB","Classic",5144227446,"MLB Satellite to NFL Best Ball $25 Millionaire (Turbo) (1/3)",190571305,"2026-05-18 18:40:00",67,110.95,"$0.00","$0.00",118,"$0.25","$25.00",1
"MLB","Classic",5143574626,"MLB Satellite to NFL Best Ball $25 Millionaire (Turbo) (1/3)",190545959,"2026-05-17 14:10:00",4,123.4,"$0.00","$0.00",79,"$0.25","$25.00",1
"MLB","Classic",5143575589,"MLB Satellite to NFL Best Ball $25 Millionaire (Turbo) (2/3)",190545959,"2026-05-17 14:10:00",22,100.4,"$0.00","$0.00",79,"$0.25","$25.00",1
"MLB","Classic",5143575590,"MLB Satellite to NFL Best Ball $25 Millionaire (Turbo) (3/3)",190545959,"2026-05-17 14:10:00",24,99.4,"$0.00","$0.00",79,"$0.25","$25.00",1
"GOLF","Captain Mode Showdown",5143436540,"PGA Showdown Satellite to NFL Best Ball $25 Millionaire (Late Round 4) (1/3)",190559724,"2026-05-17 13:05:00",15,257.2,"$0.00","$0.00",118,"$0.25","$25.00",1
"GOLF","Captain Mode Showdown",5143436778,"PGA Showdown Satellite to NFL Best Ball $25 Millionaire (Late Round 4) (2/3)",190559724,"2026-05-17 13:05:00",38,248.33,"$0.00","$0.00",118,"$0.25","$25.00",1
"GOLF","Captain Mode Showdown",5143436779,"PGA Showdown Satellite to NFL Best Ball $25 Millionaire (Late Round 4) (3/3)",190559724,"2026-05-17 13:05:00",108,207.88,"$0.00","$0.00",118,"$0.25","$25.00",1
"MLB","Classic",5143076071,"MLB Satellite to NFL Best Ball $25 Millionaire (Night) (1/3)",190524688,"2026-05-16 21:38:00",21,132.9,"$0.00","$0.00",112,"$0.25","$25.00",1
"MLB","Classic",5143076073,"MLB Satellite to NFL Best Ball $25 Millionaire (Night) (3/3)",190524688,"2026-05-16 21:38:00",28,126,"$0.00","$0.00",112,"$0.25","$25.00",1
"MLB","Classic",5143076072,"MLB Satellite to NFL Best Ball $25 Millionaire (Night) (2/3)",190524688,"2026-05-16 21:38:00",94,73.5,"$0.00","$0.00",112,"$0.25","$25.00",1
"MLB","Classic",5142247545,"MLB Satellite to NFL Best Ball $25 Millionaire (Night) (2/3)",190488905,"2026-05-15 21:38:00",5,116.4,"$0.00","$0.00",104,"$0.25","$25.00",1
"MLB","Classic",5142247544,"MLB Satellite to NFL Best Ball $25 Millionaire (Night) (1/3)",190488905,"2026-05-15 21:38:00",7,113.4,"$0.00","$0.00",104,"$0.25","$25.00",1
"MLB","Classic",5142251764,"MLB Satellite to NFL Best Ball $25 Millionaire (Night) (3/3)",190488905,"2026-05-15 21:38:00",53,84.95,"$0.00","$0.00",104,"$0.25","$25.00",1
"MLB","Classic",5141840161,"MLB Satellite to NFL Best Ball $25 Millionaire (Turbo) (2/3)",190488851,"2026-05-15 18:40:00",19,101.9,"$0.00","$0.00",89,"$0.25","$25.00",1
"MLB","Classic",5141840160,"MLB Satellite to NFL Best Ball $25 Millionaire (Turbo) (1/3)",190488851,"2026-05-15 18:40:00",24,98.9,"$0.00","$0.00",89,"$0.25","$25.00",1
"MLB","Classic",5141842014,"MLB Satellite to NFL Best Ball $25 Millionaire (Turbo) (3/3)",190488851,"2026-05-15 18:40:00",59,71.9,"$0.00","$0.00",89,"$0.25","$25.00",1
"GOLF","Showdown",5141572905,"PGA Showdown Satellite to NFL Best Ball $25 Millionaire (Late Round 2) (1/3)",190495898,"2026-05-15 12:10:00",6,192.6,"$0.00","$0.00",118,"$0.25","$25.00",1
"GOLF","Showdown",5141572986,"PGA Showdown Satellite to NFL Best Ball $25 Millionaire (Late Round 2) (3/3)",190495898,"2026-05-15 12:10:00",75,149.25,"$0.00","$0.00",118,"$0.25","$25.00",1
"GOLF","Showdown",5141572985,"PGA Showdown Satellite to NFL Best Ball $25 Millionaire (Late Round 2) (2/3)",190495898,"2026-05-15 12:10:00",107,133.85,"$0.00","$0.00",118,"$0.25","$25.00",1
"MLB","Classic",5141215443,"MLB Satellite to NFL Best Ball $25 Millionaire (Night) (1/3)",190461349,"2026-05-14 19:05:00",36,87.8,"$0.00","$0.00",118,"$0.25","$25.00",1
"MLB","Classic",5141215455,"MLB Satellite to NFL Best Ball $25 Millionaire (Night) (3/3)",190461349,"2026-05-14 19:05:00",104,57.7,"$0.00","$0.00",118,"$0.25","$25.00",1
"MLB","Classic",5141215454,"MLB Satellite to NFL Best Ball $25 Millionaire (Night) (2/3)",190461349,"2026-05-14 19:05:00",110,54.5,"$0.00","$0.00",118,"$0.25","$25.00",1
"MLB","Classic",5141169995,"MLB Satellite to NFL Best Ball $25 Millionaire (Turbo) (3/3)",190461866,"2026-05-14 13:40:00",19,104.1,"$0.00","$0.00",73,"$0.25","$25.00",1
"MLB","Classic",5141169978,"MLB Satellite to NFL Best Ball $25 Millionaire (Turbo) (1/3)",190461866,"2026-05-14 13:40:00",38,83.1,"$0.00","$0.00",73,"$0.25","$25.00",1
"MLB","Classic",5141169994,"MLB Satellite to NFL Best Ball $25 Millionaire (Turbo) (2/3)",190461866,"2026-05-14 13:40:00",46,74.6,"$0.00","$0.00",73,"$0.25","$25.00",1
"GOLF","Showdown",5140812199,"PGA Showdown Satellite to NFL Best Ball $25 Millionaire (Late Round 1) (2/3)",190453426,"2026-05-14 12:10:00",31,169.2,"$0.00","$0.00",118,"$0.25","$25.00",1
"GOLF","Showdown",5140811934,"PGA Showdown Satellite to NFL Best Ball $25 Millionaire (Late Round 1) (1/3)",190453426,"2026-05-14 12:10:00",62,155.5,"$0.00","$0.00",118,"$0.25","$25.00",1
"GOLF","Showdown",5140812200,"PGA Showdown Satellite to NFL Best Ball $25 Millionaire (Late Round 1) (3/3)",190453426,"2026-05-14 12:10:00",71,152.3,"$0.00","$0.00",118,"$0.25","$25.00",1
"GOLF","Showdown",5140810495,"PGA Showdown Satellite to NFL Best Ball $25 Millionaire (Round 1) (3/3)",190430927,"2026-05-14 06:45:00",7,191.9,"$0.00","$0.00",118,"$0.25","$25.00",1
"GOLF","Showdown",5140810494,"PGA Showdown Satellite to NFL Best Ball $25 Millionaire (Round 1) (2/3)",190430927,"2026-05-14 06:45:00",23,182.05,"$0.00","$0.00",118,"$0.25","$25.00",1
"GOLF","Showdown",5140810375,"PGA Showdown Satellite to NFL Best Ball $25 Millionaire (Round 1) (1/3)",190430927,"2026-05-14 06:45:00",90,147.55,"$0.00","$0.00",118,"$0.25","$25.00",1
"MLB","Classic",5140732600,"MLB Satellite to NFL Best Ball $25 Millionaire (Night) (2/3)",190441177,"2026-05-13 21:40:00",62,95.25,"$0.00","$0.00",108,"$0.25","$25.00",1
"MLB","Classic",5140732599,"MLB Satellite to NFL Best Ball $25 Millionaire (Night) (1/3)",190441177,"2026-05-13 21:40:00",90,71.15,"$0.00","$0.00",108,"$0.25","$25.00",1
"MLB","Classic",5140732601,"MLB Satellite to NFL Best Ball $25 Millionaire (Night) (3/3)",190441177,"2026-05-13 21:40:00",104,38.75,"$0.00","$0.00",108,"$0.25","$25.00",1
"MLB","Classic",5140670197,"MLB Satellite to NFL Best Ball $25 Millionaire (Turbo) (2/2)",190441158,"2026-05-13 20:05:00",15,108.35,"$0.00","$0.00",68,"$0.25","$25.00",1
"MLB","Classic",5140667634,"MLB Satellite to NFL Best Ball $25 Millionaire (Turbo) (1/2)",190441158,"2026-05-13 20:05:00",36,93.8,"$0.00","$0.00",68,"$0.25","$25.00",1
"MLB","Classic",5138786203,"MLB Satellite to NFL Best Ball $25 Millionaire (Night) (3/3)",190372395,"2026-05-11 20:05:00",37,94.95,"$0.00","$0.00",96,"$0.25","$25.00",1
"MLB","Classic",5138786202,"MLB Satellite to NFL Best Ball $25 Millionaire (Night) (2/3)",190372395,"2026-05-11 20:05:00",56,78.7,"$0.00","$0.00",96,"$0.25","$25.00",1
"MLB","Classic",5138786139,"MLB Satellite to NFL Best Ball $25 Millionaire (Night) (1/3)",190372395,"2026-05-11 20:05:00",60,78.3,"$0.00","$0.00",96,"$0.25","$25.00",1
"GOLF","Captain Mode Showdown",5137005441,"PGA TOUR Showdown Satellite to NFL Best Ball $25 Millionaire (Late Round 4 TOUR) (3/3)",190362565,"2026-05-10 12:20:00",11,296.7,"$0.00","$0.00",118,"$0.25","$25.00",1
"GOLF","Captain Mode Showdown",5137005417,"PGA TOUR Showdown Satellite to NFL Best Ball $25 Millionaire (Late Round 4 TOUR) (1/3)",190362565,"2026-05-10 12:20:00",55,259.18,"$0.00","$0.00",118,"$0.25","$25.00",1
"GOLF","Captain Mode Showdown",5137005440,"PGA TOUR Showdown Satellite to NFL Best Ball $25 Millionaire (Late Round 4 TOUR) (2/3)",190362565,"2026-05-10 12:20:00",97,229.92,"$0.00","$0.00",118,"$0.25","$25.00",1
"MMA","Classic",5136748865,"UFC Satellite to NFL Best Ball $25 Millionaire (2/3)",190343048,"2026-05-09 17:00:00",14,572.86,"$0.00","$0.00",109,"$0.25","$25.00",1
"MMA","Classic",5136746907,"UFC Satellite to NFL Best Ball $25 Millionaire (1/3)",190343048,"2026-05-09 17:00:00",31,528,"$0.00","$0.00",109,"$0.25","$25.00",1
"MMA","Classic",5136757885,"UFC Satellite to NFL Best Ball $25 Millionaire (3/3)",190343048,"2026-05-09 17:00:00",42,492.1,"$0.00","$0.00",109,"$0.25","$25.00",1
"GOLF","Captain Mode Showdown",5136437677,"PGA TOUR Showdown Satellite to NFL Best Ball $25 Millionaire (Late Round 3 TOUR) (3/3)",190327352,"2026-05-09 13:40:00",6,309.72,"$0.00","$0.00",97,"$0.25","$25.00",1
"GOLF","Captain Mode Showdown",5136430546,"PGA TOUR Showdown Satellite to NFL Best Ball $25 Millionaire (Late Round 3 TOUR) (2/3)",190327352,"2026-05-09 13:40:00",79,219.4,"$0.00","$0.00",97,"$0.25","$25.00",1
"GOLF","Captain Mode Showdown",5136430545,"PGA TOUR Showdown Satellite to NFL Best Ball $25 Millionaire (Late Round 3 TOUR) (1/3)",190327352,"2026-05-09 13:40:00",87,204.6,"$0.00","$0.00",97,"$0.25","$25.00",1
"MLB","Classic",5135621042,"MLB Satellite to NFL Best Ball $25 Millionaire (Turbo) (3/3)",190282170,"2026-05-08 18:10:00",45,82.3,"$0.00","$0.00",76,"$0.25","$25.00",1
"MLB","Classic",5135620849,"MLB Satellite to NFL Best Ball $25 Millionaire (Turbo) (1/3)",190282170,"2026-05-08 18:10:00",59,66.3,"$0.00","$0.00",76,"$0.25","$25.00",1
"MLB","Classic",5135621041,"MLB Satellite to NFL Best Ball $25 Millionaire (Turbo) (2/3)",190282170,"2026-05-08 18:10:00",65,57.15,"$0.00","$0.00",76,"$0.25","$25.00",1
"GOLF","Showdown",5135366881,"PGA TOUR Showdown Satellite to NFL Best Ball $25 Millionaire (Late Round 2 TOUR) (2/3)",190288215,"2026-05-08 12:06:00",22,208.35,"$0.00","$0.00",88,"$0.25","$25.00",1
"GOLF","Showdown",5135375528,"PGA TOUR Showdown Satellite to NFL Best Ball $25 Millionaire (Late Round 2 TOUR) (3/3)",190288215,"2026-05-08 12:06:00",55,190.25,"$0.00","$0.00",88,"$0.25","$25.00",1
"GOLF","Showdown",5135366880,"PGA TOUR Showdown Satellite to NFL Best Ball $25 Millionaire (Late Round 2 TOUR) (1/3)",190288215,"2026-05-08 12:06:00",82,176.85,"$0.00","$0.00",88,"$0.25","$25.00",1
"GOLF","Classic",5134534544,"PGA TOUR SUPERSatellite to NFL Best Ball $25 Millionaire [5x]",190273388,"2026-05-07 12:30:00",25,436.5,"$0.00","$0.00",49,"$3.00","$125.00",5
"MLB","Classic",5133973117,"MLB Satellite to NFL Best Ball $25 Millionaire (5/8)",190236524,"2026-05-06 18:40:00",2,168.75,"$0.00","$0.00",261,"$0.10","$25.00",1
"MLB","Classic",5133973118,"MLB Satellite to NFL Best Ball $25 Millionaire (6/8)",190236524,"2026-05-06 18:40:00",93,99.65,"$0.00","$0.00",261,"$0.10","$25.00",1
"MLB","Classic",5133973114,"MLB Satellite to NFL Best Ball $25 Millionaire (2/8)",190236524,"2026-05-06 18:40:00",115,92.45,"$0.00","$0.00",261,"$0.10","$25.00",1
"MLB","Classic",5133971843,"MLB Satellite to NFL Best Ball $25 Millionaire (1/8)",190236524,"2026-05-06 18:40:00",176,76.45,"$0.00","$0.00",261,"$0.10","$25.00",1
"MLB","Classic",5133973116,"MLB Satellite to NFL Best Ball $25 Millionaire (4/8)",190236524,"2026-05-06 18:40:00",182,75.5,"$0.00","$0.00",261,"$0.10","$25.00",1
"MLB","Classic",5133973120,"MLB Satellite to NFL Best Ball $25 Millionaire (8/8)",190236524,"2026-05-06 18:40:00",190,71.8,"$0.00","$0.00",261,"$0.10","$25.00",1
"MLB","Classic",5133973119,"MLB Satellite to NFL Best Ball $25 Millionaire (7/8)",190236524,"2026-05-06 18:40:00",246,51.8,"$0.00","$0.00",261,"$0.10","$25.00",1
"MLB","Classic",5133973115,"MLB Satellite to NFL Best Ball $25 Millionaire (3/8)",190236524,"2026-05-06 18:40:00",248,51.6,"$0.00","$0.00",261,"$0.10","$25.00",1
"MLB","Classic",5133147720,"MLB Satellite to NFL Best Ball $25 Millionaire (Night)",190209879,"2026-05-05 21:38:00",196,48.5,"$0.00","$0.00",202,"$0.10","$25.00",1
"MLB","Classic",5133124805,"MLB Satellite to NFL Best Ball $25 Millionaire (Night) (3/3)",190209880,"2026-05-05 21:38:00",6,122.25,"$0.00","$0.00",98,"$0.25","$25.00",1
"MLB","Classic",5133124462,"MLB Satellite to NFL Best Ball $25 Millionaire (Night) (1/3)",190209880,"2026-05-05 21:38:00",12,109.7,"$0.00","$0.00",98,"$0.25","$25.00",1
"MLB","Classic",5133124804,"MLB Satellite to NFL Best Ball $25 Millionaire (Night) (2/3)",190209880,"2026-05-05 21:38:00",52,88.95,"$0.00","$0.00",98,"$0.25","$25.00",1
"MLB","Classic",5132821883,"MLB Satellite to NFL Best Ball $25 Millionaire (Turbo) (2/3)",190210048,"2026-05-05 18:40:00",26,132.3,"$0.00","$0.00",95,"$0.25","$25.00",1
"MLB","Classic",5132821884,"MLB Satellite to NFL Best Ball $25 Millionaire (Turbo) (3/3)",190210048,"2026-05-05 18:40:00",37,121,"$0.00","$0.00",95,"$0.25","$25.00",1
"MLB","Classic",5132821422,"MLB Satellite to NFL Best Ball $25 Millionaire (Turbo) (1/3)",190210048,"2026-05-05 18:40:00",56,103.85,"$0.00","$0.00",95,"$0.25","$25.00",1
"MLB","Classic",5132214054,"MLB Satellite to NFL Best Ball $25 Millionaire (Night) (2/3)",190165248,"2026-05-04 21:38:00",34,109.15,"$0.00","$0.00",118,"$0.25","$25.00",1
"MLB","Classic",5132221229,"MLB Satellite to NFL Best Ball $25 Millionaire (Night) (3/3)",190165248,"2026-05-04 21:38:00",35,107.45,"$0.00","$0.00",118,"$0.25","$25.00",1
"MLB","Classic",5132214053,"MLB Satellite to NFL Best Ball $25 Millionaire (Night) (1/3)",190165248,"2026-05-04 21:38:00",112,36.1,"$0.00","$0.00",118,"$0.25","$25.00",1
"MLB","Classic",5131229585,"MLB Satellite to NFL Best Ball $25 Millionaire (Afternoon) (2/3)",190140694,"2026-05-03 16:05:00",1,137.95,"$0.00","$25.00",106,"$0.25","$25.00",1
"MLB","Classic",5131229510,"MLB Satellite to NFL Best Ball $25 Millionaire (Afternoon) (1/3)",190140694,"2026-05-03 16:05:00",6,123.8,"$0.00","$0.00",106,"$0.25","$25.00",1
"MLB","Classic",5131229586,"MLB Satellite to NFL Best Ball $25 Millionaire (Afternoon) (3/3)",190140694,"2026-05-03 16:05:00",85,65.8,"$0.00","$0.00",106,"$0.25","$25.00",1
"MLB","Classic",5131186778,"MLB Satellite to NFL Best Ball $25 Millionaire (Turbo) (3/3)",190142993,"2026-05-03 14:15:00",73,82.8,"$0.00","$0.00",130,"$0.10","$25.00",1
"MLB","Classic",5131186777,"MLB Satellite to NFL Best Ball $25 Millionaire (Turbo) (2/3)",190142993,"2026-05-03 14:15:00",114,59.65,"$0.00","$0.00",130,"$0.10","$25.00",1
"MLB","Classic",5131186776,"MLB Satellite to NFL Best Ball $25 Millionaire (Turbo) (1/3)",190142993,"2026-05-03 14:15:00",126,47.65,"$0.00","$0.00",130,"$0.10","$25.00",1
"GOLF","Captain Mode Showdown",5129533093,"PGA TOUR Showdown Satellite to NFL Best Ball $25 Millionaire (Late Round 3 TOUR) (2/3)",190124683,"2026-05-02 12:10:00",38,213.68,"$0.00","$0.00",118,"$0.25","$25.00",1
"GOLF","Captain Mode Showdown",5129533078,"PGA TOUR Showdown Satellite to NFL Best Ball $25 Millionaire (Late Round 3 TOUR) (1/3)",190124683,"2026-05-02 12:10:00",72,195.3,"$0.00","$0.00",118,"$0.25","$25.00",1
"GOLF","Captain Mode Showdown",5129533094,"PGA TOUR Showdown Satellite to NFL Best Ball $25 Millionaire (Late Round 3 TOUR) (3/3)",190124683,"2026-05-02 12:10:00",86,186.65,"$0.00","$0.00",118,"$0.25","$25.00",1
"MLB","Classic",5129334625,"MLB Satellite to NFL Best Ball $25 Millionaire (Night) (3/3)",190072273,"2026-05-01 21:38:00",3,123,"$0.00","$0.00",104,"$0.25","$25.00",1
"MLB","Classic",5129334195,"MLB Satellite to NFL Best Ball $25 Millionaire (Night) (2/3)",190072273,"2026-05-01 21:38:00",82,68.55,"$0.00","$0.00",104,"$0.25","$25.00",1
"MLB","Classic",5129324190,"MLB Satellite to NFL Best Ball $25 Millionaire (Night) (1/3)",190072273,"2026-05-01 21:38:00",89,63.55,"$0.00","$0.00",104,"$0.25","$25.00",1
"NBA","Classic",5128206593,"NBA Satellite to NFL Best Ball $25 Millionaire (Night) (2/3)",190044496,"2026-04-30 20:00:00",23,256.5,"$0.00","$0.00",86,"$0.25","$25.00",1
"NBA","Classic",5128206512,"NBA Satellite to NFL Best Ball $25 Millionaire (Night) (1/3)",190044496,"2026-04-30 20:00:00",53,232.5,"$0.00","$0.00",86,"$0.25","$25.00",1
"NBA","Classic",5128206594,"NBA Satellite to NFL Best Ball $25 Millionaire (Night) (3/3)",190044496,"2026-04-30 20:00:00",86,161,"$0.00","$0.00",86,"$0.25","$25.00",1
"MLB","Classic",5128137010,"MLB Satellite to NFL Best Ball $25 Millionaire (Night) (8/8)",190054400,"2026-04-30 17:35:00",75,115.6,"$0.00","$0.00",248,"$0.10","$25.00",1
"MLB","Classic",5128137004,"MLB Satellite to NFL Best Ball $25 Millionaire (Night) (2/8)",190054400,"2026-04-30 17:35:00",111,106.8,"$0.00","$0.00",248,"$0.10","$25.00",1
"MLB","Classic",5128137008,"MLB Satellite to NFL Best Ball $25 Millionaire (Night) (6/8)",190054400,"2026-04-30 17:35:00",120,104.05,"$0.00","$0.00",248,"$0.10","$25.00",1
"MLB","Classic",5128137009,"MLB Satellite to NFL Best Ball $25 Millionaire (Night) (7/8)",190054400,"2026-04-30 17:35:00",177,86.85,"$0.00","$0.00",248,"$0.10","$25.00",1
"MLB","Classic",5128129751,"MLB Satellite to NFL Best Ball $25 Millionaire (Night) (1/8)",190054400,"2026-04-30 17:35:00",201,77.6,"$0.00","$0.00",248,"$0.10","$25.00",1
"MLB","Classic",5128137005,"MLB Satellite to NFL Best Ball $25 Millionaire (Night) (3/8)",190054400,"2026-04-30 17:35:00",220,61.6,"$0.00","$0.00",248,"$0.10","$25.00",1
"MLB","Classic",5128137007,"MLB Satellite to NFL Best Ball $25 Millionaire (Night) (5/8)",190054400,"2026-04-30 17:35:00",224,58.05,"$0.00","$0.00",248,"$0.10","$25.00",1
"MLB","Classic",5128137006,"MLB Satellite to NFL Best Ball $25 Millionaire (Night) (4/8)",190054400,"2026-04-30 17:35:00",228,52.05,"$0.00","$0.00",248,"$0.10","$25.00",1
"MLB","Classic",5127741361,"MLB Satellite to NFL Best Ball $25 Millionaire (Turbo) (2/8)",190054380,"2026-04-30 13:10:00",3,140.1,"$0.00","$0.00",158,"$0.10","$25.00",1
"MLB","Classic",5127741365,"MLB Satellite to NFL Best Ball $25 Millionaire (Turbo) (6/8)",190054380,"2026-04-30 13:10:00",12,133.4,"$0.00","$0.00",158,"$0.10","$25.00",1
"MLB","Classic",5127741364,"MLB Satellite to NFL Best Ball $25 Millionaire (Turbo) (5/8)",190054380,"2026-04-30 13:10:00",21,124.1,"$0.00","$0.00",158,"$0.10","$25.00",1
"MLB","Classic",5127749072,"MLB Satellite to NFL Best Ball $25 Millionaire (Turbo) (8/8)",190054380,"2026-04-30 13:10:00",76,88.9,"$0.00","$0.00",158,"$0.10","$25.00",1
"MLB","Classic",5127741362,"MLB Satellite to NFL Best Ball $25 Millionaire (Turbo) (3/8)",190054380,"2026-04-30 13:10:00",104,60.85,"$0.00","$0.00",158,"$0.10","$25.00",1
"MLB","Classic",5127741360,"MLB Satellite to NFL Best Ball $25 Millionaire (Turbo) (1/8)",190054380,"2026-04-30 13:10:00",109,56.85,"$0.00","$0.00",158,"$0.10","$25.00",1
"MLB","Classic",5127741363,"MLB Satellite to NFL Best Ball $25 Millionaire (Turbo) (4/8)",190054380,"2026-04-30 13:10:00",125,49.15,"$0.00","$0.00",158,"$0.10","$25.00",1
"MLB","Classic",5127741366,"MLB Satellite to NFL Best Ball $25 Millionaire (Turbo) (7/8)",190054380,"2026-04-30 13:10:00",132,45.15,"$0.00","$0.00",158,"$0.10","$25.00",1
"NBA","Classic",5127433290,"NBA Satellite to NFL Best Ball $25 Millionaire (Night) (2/8)",190011095,"2026-04-29 19:30:00",28,268.25,"$0.00","$0.00",191,"$0.10","$25.00",1
"NBA","Classic",5127433293,"NBA Satellite to NFL Best Ball $25 Millionaire (Night) (5/8)",190011095,"2026-04-29 19:30:00",52,259.75,"$0.00","$0.00",191,"$0.10","$25.00",1
"NBA","Classic",5127434710,"NBA Satellite to NFL Best Ball $25 Millionaire (Night) (8/8)",190011095,"2026-04-29 19:30:00",98,244.75,"$0.00","$0.00",191,"$0.10","$25.00",1
"NBA","Classic",5127433289,"NBA Satellite to NFL Best Ball $25 Millionaire (Night) (1/8)",190011095,"2026-04-29 19:30:00",108,241.75,"$0.00","$0.00",191,"$0.10","$25.00",1
"NBA","Classic",5127433292,"NBA Satellite to NFL Best Ball $25 Millionaire (Night) (4/8)",190011095,"2026-04-29 19:30:00",122,238,"$0.00","$0.00",191,"$0.10","$25.00",1
"NBA","Classic",5127433294,"NBA Satellite to NFL Best Ball $25 Millionaire (Night) (6/8)",190011095,"2026-04-29 19:30:00",135,235.5,"$0.00","$0.00",191,"$0.10","$25.00",1
"NBA","Classic",5127433295,"NBA Satellite to NFL Best Ball $25 Millionaire (Night) (7/8)",190011095,"2026-04-29 19:30:00",148,231,"$0.00","$0.00",191,"$0.10","$25.00",1
"NBA","Classic",5127433291,"NBA Satellite to NFL Best Ball $25 Millionaire (Night) (3/8)",190011095,"2026-04-29 19:30:00",164,218.25,"$0.00","$0.00",191,"$0.10","$25.00",1
"NBA","Classic",5127421464,"NBA Satellite to NFL Best Ball $25 Millionaire",190010824,"2026-04-29 19:00:00",147,254.25,"$0.00","$0.00",297,"$0.10","$25.00",1
"SOC","Classic",5125921454,"Interleague Satellite to NFL Best Ball $25 Millionaire (3/3)",189978572,"2026-04-28 14:45:00",35,117.48,"$0.00","$0.00",141,"$0.10","$25.00",1
"SOC","Classic",5125875860,"Interleague Satellite to NFL Best Ball $25 Millionaire (2/3)",189978572,"2026-04-28 14:45:00",46,114.06,"$0.00","$0.00",141,"$0.10","$25.00",1
"SOC","Classic",5125875774,"Interleague Satellite to NFL Best Ball $25 Millionaire (1/3)",189978572,"2026-04-28 14:45:00",58,110.6,"$0.00","$0.00",141,"$0.10","$25.00",1
"MLB","Classic",5122762116,"MLB Satellite to NFL Best Ball $25 Millionaire (Night) (7/8)",189893175,"2026-04-24 22:15:00",1,165.15,"$0.00","$25.00",186,"$0.10","$25.00",1
"MLB","Classic",5122762110,"MLB Satellite to NFL Best Ball $25 Millionaire (Night) (1/8)",189893175,"2026-04-24 22:15:00",26,141.15,"$0.00","$0.00",186,"$0.10","$25.00",1
"MLB","Classic",5122762115,"MLB Satellite to NFL Best Ball $25 Millionaire (Night) (6/8)",189893175,"2026-04-24 22:15:00",52,125.7,"$0.00","$0.00",186,"$0.10","$25.00",1
"MLB","Classic",5122762111,"MLB Satellite to NFL Best Ball $25 Millionaire (Night) (2/8)",189893175,"2026-04-24 22:15:00",111,97.55,"$0.00","$0.00",186,"$0.10","$25.00",1
"MLB","Classic",5122762112,"MLB Satellite to NFL Best Ball $25 Millionaire (Night) (3/8)",189893175,"2026-04-24 22:15:00",128,88.45,"$0.00","$0.00",186,"$0.10","$25.00",1
"MLB","Classic",5122762117,"MLB Satellite to NFL Best Ball $25 Millionaire (Night) (8/8)",189893175,"2026-04-24 22:15:00",142,76.85,"$0.00","$0.00",186,"$0.10","$25.00",1
"MLB","Classic",5122762114,"MLB Satellite to NFL Best Ball $25 Millionaire (Night) (5/8)",189893175,"2026-04-24 22:15:00",154,67.3,"$0.00","$0.00",186,"$0.10","$25.00",1
"MLB","Classic",5122762113,"MLB Satellite to NFL Best Ball $25 Millionaire (Night) (4/8)",189893175,"2026-04-24 22:15:00",180,39.85,"$0.00","$0.00",186,"$0.10","$25.00",1
"MLB","Classic",5111546258,"MLB Satellite to NFL Best Ball $25 Millionaire (Afternoon)",189575794,"2026-04-11 16:10:00",152,42.9,"$0.00","$0.00",179,"$0.10","$25.00",1
"NFL","Showdown Captain Mode",5061185945,"NFL Showdown $30K Pylon [Single Entry] (Super Bowl LX)",187685929,"2026-02-08 18:30:00",4962,81.98,"$0.00","$0.00",11890,"$3.00","$30,000.00",3053
"NFL","Classic",5034465130,"NFL Sundays by ericsmcdonald (Sun) #19",187036382,"2026-01-11 13:00:00",2,114.38,"$0.00","$0.00",2,"$0.00","$0.00",0
"NFL","Classic",5034456979,"NFL Sundays by ericsmcdonald (Sat) #19",187002250,"2026-01-10 16:30:00",1,143.02,"$0.00","$0.00",2,"$0.00","$0.00",0
"NFL","Classic",5027562459,"NFL Sundays by ericsmcdonald #18",186759258,"2026-01-04 13:00:00",1,91.28,"$0.00","$0.00",3,"$0.00","$0.00",0
"NFL","Classic",5025694786,"Casual NFL $1 Double Up (Sat)",186699501,"2026-01-03 16:30:00",17,74.82,"$0.00","$0.00",23,"$1.00","$20.00",10
"NFL","Classic",5018710608,"NFL Sundays by ericsmcdonald #17",186497329,"2025-12-28 13:00:00",3,118.82,"$0.00","$0.00",4,"$0.00","$0.00",0
"NFL","Classic",5016430990,"NFL $5K Daily Dollar [Single Entry] (Sat)",186423794,"2025-12-27 16:30:00",3813,110.34,"$0.00","$0.00",5945,"$1.00","$5,000.00",1543
"NFL","Classic",5013055427,"NFL $10K Dimeback [Single Entry] (Thu)",186423694,"2025-12-25 13:00:00",365,104.88,"$12.00","$0.00",1960,"$6.00","$10,000.00",447
"NFL","Classic",5008926867,"NFL $10K Huddle [Single Entry] (Afternoon Only)",186231637,"2025-12-21 16:05:00",2089,99.72,"$0.00","$0.00",2378,"$5.00","$10,000.00",544
"NFL","Classic",5006295325,"NFL Sundays by ericsmcdonald #16",186219779,"2025-12-21 13:00:00",2,137.58,"$0.00","$0.00",3,"$0.00","$0.00",0
"NFL","Classic",5004611321,"NFL 2025 $400K Pocket Cup mini-MAX Qualifier #304 [150 Entry Max]",186202585,"2025-12-21 13:00:00",10070,157.42,"$0.00","$0.00",167218,"$0.01","$1,500.00",2875
"NFL","Classic",5005806160,"NFL $50K Huddle [Single Entry] (Sat)",186154547,"2025-12-20 17:00:00",5383,116.2,"$0.00","$0.00",11890,"$5.00","$50,000.00",2495
"NFL","Classic",4996624502,"NFL Sundays by ericsmcdonald #15",185984536,"2025-12-14 13:00:00",1,172.8,"$0.00","$0.00",4,"$0.00","$0.00",0
"NFL","Classic",4995419028,"NFL $40K Pylon [Single Entry]",185890391,"2025-12-14 13:00:00",4429,147.32,"$0.00","$0.00",15854,"$3.00","$40,000.00",3996
"NFL","Best Ball",4670354267,"NFL Best Ball $50K Minicamp [20 Entry Max] (Early Bird Tournament)",175031498,"2025-09-04 20:20:00",8,1656.18,"$0.00","$0.00",12,"$1.00","$10.10",0
"NFL","Classic",4989577449,"NFL $3 Contest (Afternoon Only)",185716552,"2025-12-07 16:05:00",64,153.84,"$0.00","$0.00",118,"$3.00","$300.00",21
"NFL","Classic",4987187040,"NFL Sundays by ericsmcdonald #14",185705062,"2025-12-07 13:00:00",2,141.14,"$0.00","$0.00",4,"$0.00","$0.00",0
"NFL","Classic",4987168745,"NFL 2025 $400K Pocket Cup mini-MAX Qualifier #261 [150 Entry Max]",185670381,"2025-12-07 13:00:00",163411,83.02,"$0.00","$0.00",178359,"$0.01","$1,500.00",2875
"NFL","Classic",4976505540,"NFL Sundays by ericsmcdonald #13",185403037,"2025-11-30 13:00:00",1,128.04,"$0.00","$0.00",4,"$0.00","$0.00",0
"NFL","Showdown Captain Mode",4975044917,"NFL Showdown $5K Daily Dollar [Single Entry] (CHI @ PHI)",185399795,"2025-11-28 15:00:00",3286,68.76,"$0.00","$0.00",5945,"$1.00","$5,000.00",1543
"NFL","Classic",4967841647,"NFL $2.5M Thanksgiving Millionaire [$1M to 1st] (Thu)",185073514,"2025-11-27 13:00:00",585346,78.44,"$0.00","$0.00",594530,"$5.00","$2,500,000.00",123800
"NFL","Classic",4964646919,"NFL Sundays by ericsmcdonald #12",185105677,"2025-11-23 13:00:00",3,138.82,"$0.00","$0.00",5,"$0.00","$0.00",0
"NFL","Classic",4953305980,"NFL Sundays by ericsmcdonald #11",184811808,"2025-11-16 13:00:00",1,119.56,"$0.00","$0.00",5,"$0.00","$0.00",0
"NFL","Classic",4942040642,"NFL Sundays by ericsmcdonald #10",184506049,"2025-11-09 13:00:00",2,137.82,"$0.00","$0.00",4,"$0.00","$0.00",0
"NFL","Classic",4942359453,"NFL 2025 $400K Pocket Cup mini-MAX Qualifier #180 [150 Entry Max] (2/3)",184470781,"2025-11-09 13:00:00",158198,112.6,"$0.00","$0.00",178359,"$0.01","$1,500.00",2875
"NFL","Classic",4942020700,"NFL 2025 $400K Pocket Cup mini-MAX Qualifier #180 [150 Entry Max] (1/3)",184470781,"2025-11-09 13:00:00",161541,110.28,"$0.00","$0.00",178359,"$0.01","$1,500.00",2875
"NFL","Classic",4942367845,"NFL 2025 $400K Pocket Cup mini-MAX Qualifier #180 [150 Entry Max] (3/3)",184470781,"2025-11-09 13:00:00",134307,125.5,"$0.00","$0.00",178359,"$0.01","$1,500.00",2875
"NFL","Classic",4942360103,"NFL 2025 $400K Pocket Cup mini-MAX Qualifier #181 [150 Entry Max] (2/2)",184470782,"2025-11-09 13:00:00",93041,138.62,"$0.00","$0.00",168984,"$0.01","$1,500.00",2875
"NFL","Classic",4942013190,"NFL 2025 $400K Pocket Cup mini-MAX Qualifier #181 [150 Entry Max] (1/2)",184470782,"2025-11-09 13:00:00",61287,150.9,"$0.00","$0.00",168984,"$0.01","$1,500.00",2875
"NFL","Classic",4931436361,"NFL Sundays by ericsmcdonald #9",184188133,"2025-11-02 13:00:00",2,146.86,"$0.00","$0.00",4,"$0.00","$0.00",0
"NFL","Classic",4920370851,"NFL Sundays by ericsmcdonald #8",183863090,"2025-10-26 13:00:00",1,160.78,"$0.00","$0.00",3,"$0.00","$0.00",0
"NFL","Classic",4920370859,"NFL $700K Play-Action [20 Entry Max]",183743949,"2025-10-26 13:00:00",14379,160.78,"$6.00","$0.00",277447,"$3.00","$700,000.00",68927
"NFL","Classic",4906361907,"NFL Sundays by ericsmcdonald #7",183513918,"2025-10-19 13:00:00",2,119.08,"$0.00","$0.00",5,"$0.00","$0.00",0
"NFL","Classic",4895502734,"NFL Sundays by ericsmcdonald #6",183190194,"2025-10-12 13:00:00",3,128.06,"$0.00","$0.00",6,"$0.00","$0.00",0
"NFL","Classic",4884727709,"NFL Sundays by ericsmcdonald #5",182873761,"2025-10-05 13:00:00",5,132.82,"$0.00","$0.00",7,"$0.00","$0.00",0
"NFL","Classic",4874578167,"NFL Sundays by ericsmcdonald #4",182551225,"2025-09-28 13:00:00",5,106.38,"$0.00","$0.00",5,"$0.00","$0.00",0
"NFL","Classic",4861632100,"NFL Sundays by ericsmcdonald #3",182240686,"2025-09-21 13:00:00",4,136.92,"$0.00","$0.00",7,"$0.00","$0.00",0
"NFL","Classic",4847841918,"NFL Sundays by ericsmcdonald #2",181910421,"2025-09-14 13:00:00",5,95.08,"$0.00","$0.00",6,"$0.00","$0.00",0
"NFL","Classic",4835219977,"NFL Sundays by ericsmcdonald #1",181520542,"2025-09-07 13:00:00",3,112.62,"$0.00","$0.00",7,"$0.00","$0.00",0
"NFL","Classic",4804968244,"NFL $3.5M Fantasy Football Millionaire [$1M to 1st]",179164224,"2025-09-07 13:00:00",468467,103.82,"$0.00","$0.00",832211,"$5.00","$3,500,000.00",173275
"NBA","Best Ball",4467912964,"NBA Best Ball $1 12-Player (Sit + Go)",168911317,"2024-10-22 19:30:00",3,21255,"$1.80","$0.00",12,"$1.00","$10.80",0
"NFL","Showdown Captain Mode",4629283104,"NFL Showdown Satellite to NBA $15 Return From Break Special (2-20) (Super Bowl)",173602126,"2025-02-09 18:30:00",57,83.06,"$0.00","$0.00",71,"$0.25","$15.00",1
"NFL","Showdown Captain Mode",4629282180,"NFL Showdown $10K Dime Package [Just $0.10!]  (Super Bowl)",173580722,"2025-02-09 18:30:00",19655,117.47,"$0.20","$0.00",118906,"$0.10","$10,000.00",28495
"NFL","Classic",4624822081,"NFL $200 Dime Package [Just $0.10!] (1/2)",173556305,"2025-01-26 15:00:00",879,138.3,"$0.00","$0.00",2378,"$0.10","$200.00",550
"NFL","Classic",4624840508,"NFL $200 Dime Package [Just $0.10!] (2/2)",173556305,"2025-01-26 15:00:00",1195,131.68,"$0.00","$0.00",2378,"$0.10","$200.00",550
"NFL","Classic",4614916564,"NFL $2K Dime Package [Just $0.10!]",173279388,"2025-01-18 16:30:00",6918,151.9,"$0.00","$0.00",23781,"$0.10","$2,000.00",5675
"NFL","Showdown Captain Mode",4608683720,"NFL Showdown $5K Dime Package [Just $0.10!]  (MIN @ LAR)",172810836,"2025-01-13 20:00:00",23786,69.79,"$0.00","$0.00",59453,"$0.10","$5,000.00",14240
"NFL","Classic",4606286878,"NFL $4K Dime Package [Just $0.10!] (Sun)",172810661,"2025-01-12 13:00:00",4469,119.28,"$0.20","$0.00",47562,"$0.10","$4,000.00",11405
"NFL","Classic",4597447584,"NFL $10K Daily Dollar [Single Entry]",172466647,"2025-01-05 13:00:00",5136,140.74,"$0.00","$0.00",11890,"$1.00","$10,000.00",3080
"NFL","Showdown Captain Mode",4589922339,"NFL Showdown $5K Dime Package [Just $0.10!]  (DET @ SF)",172289020,"2024-12-30 20:15:00",25244,124.92,"$0.00","$0.00",59453,"$0.10","$5,000.00",14240
"NFL","Classic",4586749299,"NFL $10K Daily Dollar [Single Entry]",172150096,"2024-12-29 13:00:00",10001,118.46,"$0.00","$0.00",11890,"$1.00","$10,000.00",3080
"NFL","Classic",4578657559,"NFL $4K Dime Package [Just $0.10!] (Wed)",172120015,"2024-12-25 13:00:00",40441,84.42,"$0.00","$0.00",47562,"$0.10","$4,000.00",11405
"NFL","Classic",4574433240,"NFL SUPERSat to $20 NFL Fantasy Football Millionaire [2x]",172077809,"2024-12-22 13:00:00",137,122,"$0.00","$0.00",190,"$0.25","$40.00",2
"NFL","Classic",4565257704,"NFL $80K Huddle [$10K to 1st, Single Entry]",171529710,"2024-12-15 13:00:00",6086,133.9,"$0.00","$0.00",19024,"$5.00","$80,000.00",4826
"NFL","Classic",4552293775,"$10K NFL Free Contest",171334705,"2024-12-08 13:00:00",5272,125.36,"$0.00","$0.00",7574,"$0.00","$10,000.00",3875
"NFL","Classic",4522867979,"NFL $2.5M Thanksgiving Millionaire [$1M to 1st] (Thu)",170519868,"2024-11-28 12:30:00",301038,136,"$0.00","$0.00",594530,"$5.00","$2,500,000.00",123800
"NFL","Classic",4495373309,"NFL $3 Ticket SUPERSatellite [4x]",169709566,"2024-11-03 13:00:00",43,101.14,"$0.00","$0.00",47,"$0.25","$12.00",4
"NFL","Classic",4495220839,"NFL $5K Pylon [Single Entry]",169707139,"2024-11-03 13:00:00",601,150.7,"$0.00","$0.00",1981,"$3.00","$5,000.00",500
"NFL","Classic",4472961756,"NFL $15K Pylon [Single Entry] (Mon)",168817745,"2024-10-21 20:15:00",2153,133,"$0.00","$0.00",5945,"$3.00","$15,000.00",1523
"NFL","Classic",4467545566,"NFL $15K Daily Dollar [Single Entry]",168668440,"2024-10-20 13:00:00",1564,125.3,"$2.00","$0.00",17463,"$1.00","$15,000.00",4636
"NFL","Classic",4448142037,"NFL $1.5K Daily Dollar [Single Entry]",168273674,"2024-10-06 13:00:00",1488,106.96,"$0.00","$0.00",1783,"$1.00","$1,500.00",421
"NFL","Classic",4436412182,"NFL $15K Daily Dollar [Single Entry]",167592299,"2024-09-29 13:00:00",3821,145.72,"$1.50","$0.00",17835,"$1.00","$15,000.00",4636
"NFL","Classic",4426444426,"NFL $10K Daily Dollar [Single Entry] (Mon)",167385395,"2024-09-23 19:30:00",7316,140.86,"$0.00","$0.00",11890,"$1.00","$10,000.00",3080
"NFL","Classic",4425123381,"NFL $1K Pylon [Single Entry]",167550787,"2024-09-22 13:00:00",28,148.28,"$8.00","$0.00",396,"$3.00","$1,000.00",90
"NFL","Classic",4423004137,"$20K NFL Week 3 Free Contest",166931910,"2024-09-22 13:00:00",82,172.86,"$8.00","$0.00",7112,"$0.00","$20,000.00",9910
"NFL","Classic",4412772021,"NFL $1M Play-Action [$100K to 1st, 20 Entry Max]",166821089,"2024-09-15 13:00:00",259012,112.88,"$0.00","$0.00",396353,"$3.00","$1,000,000.00",97200
"NFL","Showdown Captain Mode",4138173009,"$25K NFL Wild Card Bonus Blast Exclusive Contest  (KC vs BUF)",157725310,"2024-01-21 18:30:00",15733,84.45,"$0.00","$0.00",21224,"$0.00","$25,000.00",12467
"NFL","Classic",4136739004,"NFL $2K First Down [20 Entry Max] (Mon)",157704024,"2024-01-15 16:30:00",1275,112.08,"$0.00","$0.00",2378,"$1.00","$2,000.00",616
"NFL","Classic",4135455009,"NFL $40K Play-Action [20 Entry Max] (Mon)",157634077,"2024-01-15 16:30:00",12948,101.1,"$0.00","$0.00",15854,"$3.00","$40,000.00",3996
"NFL","Classic",4133053160,"NFL $500K Play-Action [20 Entry Max] (Sun)",157314162,"2024-01-14 16:30:00",116004,131.78,"$0.00","$0.00",191370,"$3.00","$500,000.00",48591
"NFL","Classic",4132178972,"NFL $80K First Down [20 Entry Max] (Sat)",157275242,"2024-01-13 16:30:00",84468,92.68,"$0.00","$0.00",95124,"$1.00","$80,000.00",23225
"NFL","Classic",4035232193,"NFL $250 Dime Package [Just $0.10!]",154562423,"2023-11-19 13:00:00",2579,104.9,"$0.00","$0.00",2972,"$0.10","$250.00",698
