Rank,EntryId,EntryName,TimeRemaining,Points,Lineup,,Player,Roster Position,%Drafted,FPTS
1,5210112828,Stree (2/7),0,65,CPT Jackson Merrill UTIL Fernando Tatis Jr. UTIL Ty France UTIL Luis Rengifo UTIL Freddy Fermin UTIL Gabriel Moreno,,Freddy Fermin,UTIL,38.80%,5
2,5210594482,johnblum91 (2/3),0,64.5,CPT Luis Rengifo UTIL Fernando Tatis Jr. UTIL Jackson Merrill UTIL Ty France UTIL Freddy Fermin UTIL Gabriel Moreno,,Tim Tawa,UTIL,32.13%,3
3,5210614209,msshj08 (1/6),0,64.3,CPT Jake Cronenworth UTIL Walker Buehler UTIL Ty France UTIL Luis Rengifo UTIL Xander Bogaerts UTIL Gabriel Moreno,,Fernando Tatis Jr.,UTIL,31.60%,11
3,5210662617,HC0023 (17/20),0,64.3,CPT Fernando Tatis Jr. UTIL Walker Buehler UTIL Ty France UTIL Jake Cronenworth UTIL Freddy Fermin UTIL Gabriel Moreno,,Corbin Carroll,UTIL,29.49%,7
5,5209918395,piotrj10 (5/20),0,64,CPT Jackson Merrill UTIL Manny Machado UTIL Ty France UTIL Luis Rengifo UTIL Jake Cronenworth UTIL Gabriel Moreno,,Lars Nootbaar,UTIL,29.30%,3
5,5210647807,LorenzoOrnelas4488,0,64,CPT Ty France UTIL Ketel Marte UTIL Jackson Merrill UTIL Luis Rengifo UTIL Jake Cronenworth UTIL Gabriel Moreno,,Jake Cronenworth,UTIL,26.58%,9
7,5210541796,orchard7 (7/18),0,63.5,CPT Gabriel Moreno UTIL Fernando Tatis Jr. UTIL Corbin Carroll UTIL Luis Rengifo UTIL Xander Bogaerts UTIL Jake Cronenworth,,Geraldo Perdomo,UTIL,25.68%,0
8,5209887178,Hinkle76 (9/10),0,62.2,CPT Walker Buehler UTIL Jackson Merrill UTIL Ty France UTIL Jake Cronenworth UTIL Freddy Fermin UTIL Gabriel Moreno,,Manny Machado,UTIL,24.89%,6
8,5210582525,jrice54 (19/20),0,62.2,CPT Walker Buehler UTIL Jackson Merrill UTIL Ty France UTIL Jake Cronenworth UTIL Freddy Fermin UTIL Gabriel Moreno,,Gavin Sheets,UTIL,24.67%,0
10,5210025693,LTskelter (20/20),0,61.8,CPT Jackson Merrill UTIL Walker Buehler UTIL Fernando Tatis Jr. UTIL Jake Cronenworth UTIL Freddy Fermin UTIL Gabriel Moreno,,Gabriel Moreno,UTIL,23.49%,13
10,5210438358,JaserD (14/20),0,61.8,CPT Jackson Merrill UTIL Walker Buehler UTIL Fernando Tatis Jr. UTIL Jake Cronenworth UTIL Freddy Fermin UTIL Gabriel Moreno,,Xander Bogaerts,UTIL,22.48%,8
12,5209999686,whoisjohngalt420 (6/20),0,61.5,CPT Luis Rengifo UTIL Fernando Tatis Jr. UTIL Corbin Carroll UTIL Ty France UTIL Freddy Fermin UTIL Gabriel Moreno,,Ty France,UTIL,20.91%,12
13,5210499104,Orangechocolate70 (4/20),0,61.3,CPT Fernando Tatis Jr. UTIL Walker Buehler UTIL Luis Rengifo UTIL Jake Cronenworth UTIL Freddy Fermin UTIL Gabriel Moreno,,Ryan Waldschmidt,UTIL,20.89%,0
14,5210572257,markcamaro (8/14),0,61,CPT Ty France UTIL Fernando Tatis Jr. UTIL Corbin Carroll UTIL Max Kepler UTIL Jake Cronenworth UTIL Gabriel Moreno,,Jackson Merrill,UTIL,20.41%,10
14,5210608673,Heaven2010 (5/13),0,61,CPT Ty France UTIL Corbin Carroll UTIL Manny Machado UTIL Xander Bogaerts UTIL Jake Cronenworth UTIL Gabriel Moreno,,Walker Buehler,UTIL,18.90%,8.8
16,5210375306,mduson (1/2),0,60.3,CPT Gabriel Moreno UTIL Walker Buehler UTIL Fernando Tatis Jr. UTIL Corbin Carroll UTIL Jake Cronenworth UTIL Freddy Fermin,,Ketel Marte,UTIL,18.70%,5
17,5209692279,ivymoose (1/20),0,60.2,CPT Walker Buehler UTIL Fernando Tatis Jr. UTIL Luis Rengifo UTIL Jake Cronenworth UTIL Freddy Fermin UTIL Gabriel Moreno,,Luis Rengifo,UTIL,18.67%,9
17,5209918400,piotrj10 (10/20),0,60.2,CPT Walker Buehler UTIL Fernando Tatis Jr. UTIL Luis Rengifo UTIL Jake Cronenworth UTIL Freddy Fermin UTIL Gabriel Moreno,,Kohl Drake,UTIL,18.56%,-0.55
17,5209956922,MoneyRamirez (8/20),0,60.2,CPT Walker Buehler UTIL Fernando Tatis Jr. UTIL Luis Rengifo UTIL Jake Cronenworth UTIL Freddy Fermin UTIL Gabriel Moreno,,Max Kepler,UTIL,17.94%,3
17,5210069776,rsumrall (13/20),0,60.2,CPT Walker Buehler UTIL Fernando Tatis Jr. UTIL Luis Rengifo UTIL Jake Cronenworth UTIL Freddy Fermin UTIL Gabriel Moreno,,Nolan Arenado,UTIL,17.61%,0
17,5210407697,darrylposton (13/20),0,60.2,CPT Walker Buehler UTIL Fernando Tatis Jr. UTIL Luis Rengifo UTIL Jake Cronenworth UTIL Freddy Fermin UTIL Gabriel Moreno,,Walker Buehler,CPT,15.39%,13.2
17,5210515501,Playforme (2/2),0,60.2,CPT Walker Buehler UTIL Fernando Tatis Jr. UTIL Luis Rengifo UTIL Jake Cronenworth UTIL Freddy Fermin UTIL Gabriel Moreno,,Kohl Drake,CPT,13.40%,-0.82
17,5210569739,124hoffman (4/8),0,60.2,CPT Walker Buehler UTIL Fernando Tatis Jr. UTIL Luis Rengifo UTIL Jake Cronenworth UTIL Freddy Fermin UTIL Gabriel Moreno,,Corbin Carroll,CPT,9.64%,10.5
17,5210583289,arsmith8 (13/20),0,60.2,CPT Walker Buehler UTIL Fernando Tatis Jr. UTIL Luis Rengifo UTIL Jake Cronenworth UTIL Freddy Fermin UTIL Gabriel Moreno,,Fernando Tatis Jr.,CPT,9.25%,16.5
25,5210166670,floydian80 (1/20),0,60,CPT Jackson Merrill UTIL Corbin Carroll UTIL Ty France UTIL Luis Rengifo UTIL Xander Bogaerts UTIL Jake Cronenworth,,Manny Machado,CPT,6.95%,9
26,5210181238,goofybh207 (5/5),0,59.5,CPT Fernando Tatis Jr. UTIL Corbin Carroll UTIL Jackson Merrill UTIL Ty France UTIL Jake Cronenworth UTIL Freddy Fermin,,Ketel Marte,CPT,5.19%,7.5
26,5210490652,brown1258 (4/4),0,59.5,CPT Gabriel Moreno UTIL Fernando Tatis Jr. UTIL Corbin Carroll UTIL Jackson Merrill UTIL Max Kepler UTIL Jake Cronenworth,,Jackson Merrill,CPT,4.74%,15
26,5210675183,Fowlballz,0,59.5,CPT Gabriel Moreno UTIL Fernando Tatis Jr. UTIL Corbin Carroll UTIL Jackson Merrill UTIL Max Kepler UTIL Jake Cronenworth,,Ty France,CPT,4.37%,18
29,5209500286,wcs1109 (11/20),0,59.2,CPT Walker Buehler UTIL Jackson Merrill UTIL Luis Rengifo UTIL Jake Cronenworth UTIL Freddy Fermin UTIL Gabriel Moreno,,Geraldo Perdomo,CPT,4.15%,0
29,5210040189,gwatts77 (19/20),0,59.2,CPT Walker Buehler UTIL Fernando Tatis Jr. UTIL Xander Bogaerts UTIL Jake Cronenworth UTIL Freddy Fermin UTIL Gabriel Moreno,,Tim Tawa,CPT,3.59%,4.5
31,5210217611,Christez1726 (4/6),0,59,CPT Ty France UTIL Fernando Tatis Jr. UTIL Luis Rengifo UTIL Xander Bogaerts UTIL Gavin Sheets UTIL Gabriel Moreno,,Nolan Arenado,CPT,3.48%,0
31,5210617127,bvfd811 (2/2),0,59,CPT Jackson Merrill UTIL Fernando Tatis Jr. UTIL Ty France UTIL Tim Tawa UTIL Freddy Fermin UTIL Gabriel Moreno,,Gabriel Moreno,CPT,3.25%,19.5
33,5209971244,az350z (20/20),0,58.8,CPT Ty France UTIL Walker Buehler UTIL Jackson Merrill UTIL Gavin Sheets UTIL Jake Cronenworth UTIL Gabriel Moreno,,Lars Nootbaar,CPT,2.27%,4.5
34,5210094854,Jyrays,0,58.5,CPT Gabriel Moreno UTIL Corbin Carroll UTIL Ketel Marte UTIL Jackson Merrill UTIL Ty France UTIL Freddy Fermin,,Max Kepler,CPT,2.27%,4.5
34,5210591821,pdanielsjr (4/20),0,58.5,CPT Corbin Carroll UTIL Fernando Tatis Jr. UTIL Ty France UTIL Tim Tawa UTIL Jake Cronenworth UTIL Gabriel Moreno,,Luis Rengifo,CPT,2.07%,13.5
34,5210603433,MansDuel,0,58.5,CPT Jake Cronenworth UTIL Fernando Tatis Jr. UTIL Corbin Carroll UTIL Manny Machado UTIL Xander Bogaerts UTIL Gabriel Moreno,,Xander Bogaerts,CPT,2.07%,12
34,5210605321,woodreb5 (14/20),0,58.5,CPT Luis Rengifo UTIL Fernando Tatis Jr. UTIL Manny Machado UTIL Jackson Merrill UTIL Freddy Fermin UTIL Gabriel Moreno,,Freddy Fermin,CPT,1.65%,7.5
38,5210329076,mykcullen-77,0,58.3,CPT Gabriel Moreno UTIL Walker Buehler UTIL Fernando Tatis Jr. UTIL Jackson Merrill UTIL Jake Cronenworth UTIL Sung-Mun Song,,Gavin Sheets,CPT,1.18%,0
39,5210102141,stewie14,0,58,CPT Ty France UTIL Corbin Carroll UTIL Luis Rengifo UTIL Xander Bogaerts UTIL Lars Nootbaar UTIL Gabriel Moreno,,Jake Cronenworth,CPT,1.07%,13.5
39,5210600351,takeitdown2 (1/2),0,58,CPT Manny Machado UTIL Fernando Tatis Jr. UTIL Ty France UTIL Xander Bogaerts UTIL Freddy Fermin UTIL Gabriel Moreno,,Ryan Waldschmidt,CPT,0.98%,0
39,5210638288,bluerum50 (1/3),0,58,CPT Jackson Merrill UTIL Fernando Tatis Jr. UTIL Corbin Carroll UTIL Tim Tawa UTIL Jake Cronenworth UTIL Gabriel Moreno,,Paul Sewald,UTIL,0.53%,0
39,5210641741,monarch11 (18/20),0,58,CPT Ty France UTIL Fernando Tatis Jr. UTIL Corbin Carroll UTIL Luis Rengifo UTIL Xander Bogaerts UTIL Freddy Fermin,,Mason Miller,UTIL,0.45%,5.65
39,5210646917,bluerum50 (2/3),0,58,CPT Jackson Merrill UTIL Fernando Tatis Jr. UTIL Corbin Carroll UTIL Tim Tawa UTIL Jake Cronenworth UTIL Gabriel Moreno,,James McCann,UTIL,0.39%,0
39,5210647127,bluerum50 (3/3),0,58,CPT Jackson Merrill UTIL Fernando Tatis Jr. UTIL Corbin Carroll UTIL Tim Tawa UTIL Jake Cronenworth UTIL Gabriel Moreno,,Luis Campusano,UTIL,0.36%,0
45,5210573278,rainmania (2/20),0,57.8,CPT Jackson Merrill UTIL Walker Buehler UTIL Ty France UTIL Gavin Sheets UTIL Jake Cronenworth UTIL Gabriel Moreno,,Jase Bowen,UTIL,0.36%,0
46,5210384973,vstar1300 (6/6),0,57.5,CPT Fernando Tatis Jr. UTIL Manny Machado UTIL Luis Rengifo UTIL Xander Bogaerts UTIL Freddy Fermin UTIL Gabriel Moreno,,Tyler Locklear,UTIL,0.31%,0
47,5210505541,Lundelius,0,57.2,CPT Walker Buehler UTIL Jackson Merrill UTIL Luis Rengifo UTIL Tim Tawa UTIL Jake Cronenworth UTIL Gabriel Moreno,,Ildemaro Vargas,UTIL,0.25%,0
48,5209948700,feet69,0,57,CPT Ty France UTIL Fernando Tatis Jr. UTIL Luis Rengifo UTIL Lars Nootbaar UTIL Max Kepler UTIL Gabriel Moreno,,Sung-Mun Song,UTIL,0.22%,0
48,5210571527,steverenner,0,57,CPT Ty France UTIL Fernando Tatis Jr. UTIL Manny Machado UTIL Jackson Merrill UTIL Tim Tawa UTIL Jake Cronenworth,,Adrian Morejon,UTIL,0.20%,7.65
48,5210643834,HWDKings510 (1/2),0,57,CPT Ty France UTIL Fernando Tatis Jr. UTIL Corbin Carroll UTIL Luis Rengifo UTIL Tim Tawa UTIL Jake Cronenworth,,Jeremiah Estrada,UTIL,0.20%,4.25
51,5210438362,JaserD (18/20),0,56.8,CPT Ty France UTIL Walker Buehler UTIL Jackson Merrill UTIL Xander Bogaerts UTIL Tim Tawa UTIL Jake Cronenworth,,Gage Workman,UTIL,0.14%,0
51,5210666356,mrw25 (13/20),0,56.8,CPT Jackson Merrill UTIL Walker Buehler UTIL Corbin Carroll UTIL Ty France UTIL Jake Cronenworth UTIL Freddy Fermin,,Adrian Del Castillo,UTIL,0.14%,0
53,5210203688,jsamtoy (10/20),0,56.5,CPT Gabriel Moreno UTIL Corbin Carroll UTIL Jackson Merrill UTIL Ty France UTIL Xander Bogaerts UTIL Gavin Sheets,,Juan Morillo,UTIL,0.14%,1.05
53,5210411051,jimbo1027 (1/3),0,56.5,CPT Corbin Carroll UTIL Fernando Tatis Jr. UTIL Jackson Merrill UTIL Tim Tawa UTIL Jake Cronenworth UTIL Gabriel Moreno,,Yuki Matsui,UTIL,0.11%,0
53,5210453142,chaser33333 (2/3),0,56.5,CPT Fernando Tatis Jr. UTIL Corbin Carroll UTIL Manny Machado UTIL Jake Cronenworth UTIL Freddy Fermin UTIL Gabriel Moreno,,Kevin Ginkel,UTIL,0.11%,0
53,5210496861,TNeidert (9/20),0,56.5,CPT Gabriel Moreno UTIL Manny Machado UTIL Jackson Merrill UTIL Ty France UTIL Luis Rengifo UTIL Gavin Sheets,,Bradgley Rodriguez,UTIL,0.08%,10.5
53,5210530830,roryjones (7/7),0,56.5,CPT Luis Rengifo UTIL Jackson Merrill UTIL Ty France UTIL Nolan Arenado UTIL Xander Bogaerts UTIL Gabriel Moreno,,James McCann,CPT,0.06%,0
53,5210555354,yanksfan941 (3/5),0,56.5,CPT Jake Cronenworth UTIL Fernando Tatis Jr. UTIL Jackson Merrill UTIL Luis Rengifo UTIL Gavin Sheets UTIL Gabriel Moreno,,Jase Bowen,CPT,0.06%,0
53,5210579460,NoBuxgiven (2/2),0,56.5,CPT Corbin Carroll UTIL Fernando Tatis Jr. UTIL Jackson Merrill UTIL Tim Tawa UTIL Jake Cronenworth UTIL Gabriel Moreno,,Taylor Clarke,UTIL,0.06%,0
53,5210608708,pdanielsjr (14/20),0,56.5,CPT Ketel Marte UTIL Corbin Carroll UTIL Ty France UTIL Xander Bogaerts UTIL Jake Cronenworth UTIL Gabriel Moreno,,Jose Fernandez,UTIL,0.06%,0
53,5210621833,Marsharks (13/20),0,56.5,CPT Fernando Tatis Jr. UTIL Corbin Carroll UTIL Ty France UTIL Lars Nootbaar UTIL Freddy Fermin UTIL Gabriel Moreno,,Jorge Barrosa,UTIL,0.06%,0
53,5210658710,brandonroberts2,0,56.5,CPT Fernando Tatis Jr. UTIL Jackson Merrill UTIL Ty France UTIL Luis Rengifo UTIL Ryan Waldschmidt UTIL Jake Cronenworth,,Will Wagner,UTIL,0.06%,0
53,5210671596,KILLANADZ24 (20/20),0,56.5,CPT Gabriel Moreno UTIL Corbin Carroll UTIL Jackson Merrill UTIL Luis Rengifo UTIL Xander Bogaerts UTIL Lars Nootbaar,,Tyler Locklear,CPT,0.03%,0
64,5210549063,terminator31 (10/20),0,56.3,CPT Jake Cronenworth UTIL Walker Buehler UTIL Fernando Tatis Jr. UTIL Jackson Merrill UTIL Gavin Sheets UTIL Gabriel Moreno,,Philip Abner,UTIL,0.03%,1.15
65,5210263944,UniversalFriend (8/20),0,56.2,CPT Walker Buehler UTIL Ty France UTIL Luis Rengifo UTIL Gavin Sheets UTIL Jake Cronenworth UTIL Gabriel Moreno,,Rodolfo Duran,UTIL,0.03%,0
65,5210345621,kbrisacher (17/20),0,56.2,CPT Walker Buehler UTIL Manny Machado UTIL Jackson Merrill UTIL Jake Cronenworth UTIL Freddy Fermin UTIL Gabriel Moreno,,Blake Hunt,CPT,0.03%,0
65,5210582419,buffdaddies,0,56.2,CPT Walker Buehler UTIL Manny Machado UTIL Jackson Merrill UTIL Jake Cronenworth UTIL Freddy Fermin UTIL Gabriel Moreno,,Luis Campusano,CPT,0.03%,0
65,5210590636,bossplayer318 (16/20),0,56.2,CPT Walker Buehler UTIL Manny Machado UTIL Jackson Merrill UTIL Jake Cronenworth UTIL Freddy Fermin UTIL Gabriel Moreno,,Mason McCoy,CPT,0.03%,0
65,5210603440,dtapper29 (4/20),0,56.2,CPT Walker Buehler UTIL Ty France UTIL Luis Rengifo UTIL Gavin Sheets UTIL Jake Cronenworth UTIL Gabriel Moreno,,,
70,5209918394,piotrj10 (4/20),0,56,CPT Ty France UTIL Fernando Tatis Jr. UTIL Manny Machado UTIL Luis Rengifo UTIL Lars Nootbaar UTIL Jake Cronenworth,,,
70,5209928479,Termoe,0,56,CPT Jackson Merrill UTIL Fernando Tatis Jr. UTIL Manny Machado UTIL Ty France UTIL Tim Tawa UTIL Jake Cronenworth,,,
70,5210164708,kurtisgant (3/3),0,56,CPT Jackson Merrill UTIL Fernando Tatis Jr. UTIL Manny Machado UTIL Ty France UTIL Tim Tawa UTIL Jake Cronenworth,,,
70,5210535287,eddymac222 (19/20),0,56,CPT Jackson Merrill UTIL Fernando Tatis Jr. UTIL Manny Machado UTIL Ty France UTIL Tim Tawa UTIL Jake Cronenworth,,,
70,5210590578,MICHAELRUNNING (2/2),0,56,CPT Ty France UTIL Fernando Tatis Jr. UTIL Manny Machado UTIL Lars Nootbaar UTIL Freddy Fermin UTIL Gabriel Moreno,,,
70,5210592073,pdanielsjr (6/20),0,56,CPT Jackson Merrill UTIL Manny Machado UTIL Ketel Marte UTIL Xander Bogaerts UTIL Jake Cronenworth UTIL Gabriel Moreno,,,
70,5210604090,Heaven2010 (4/13),0,56,CPT Jackson Merrill UTIL Fernando Tatis Jr. UTIL Manny Machado UTIL Ty France UTIL Tim Tawa UTIL Jake Cronenworth,,,
70,5210636804,SadKeith,0,56,CPT Jackson Merrill UTIL Fernando Tatis Jr. UTIL Manny Machado UTIL Ty France UTIL Tim Tawa UTIL Jake Cronenworth,,,
70,5210646943,cameronhart23 (6/20),0,56,CPT Ty France UTIL Fernando Tatis Jr. UTIL Manny Machado UTIL Luis Rengifo UTIL Lars Nootbaar UTIL Jake Cronenworth,,,
79,5210263948,UniversalFriend (12/20),0,55.8,CPT Ty France UTIL Walker Buehler UTIL Fernando Tatis Jr. UTIL Gavin Sheets UTIL Freddy Fermin UTIL Gabriel Moreno,,,
80,5210166689,floydian80 (20/20),0,55.5,CPT Jake Cronenworth UTIL Fernando Tatis Jr. UTIL Jackson Merrill UTIL Ty France UTIL Geraldo Perdomo UTIL Luis Rengifo,,,
80,5210411052,jimbo1027 (2/3),0,55.5,CPT Gabriel Moreno UTIL Fernando Tatis Jr. UTIL Corbin Carroll UTIL Manny Machado UTIL Tim Tawa UTIL Jake Cronenworth,,,
80,5210481626,Darkmen715 (20/20),0,55.5,CPT Gabriel Moreno UTIL Fernando Tatis Jr. UTIL Corbin Carroll UTIL Ty France UTIL Lars Nootbaar UTIL Tim Tawa,,,
80,5210559968,Jasawyer,0,55.5,CPT Fernando Tatis Jr. UTIL Corbin Carroll UTIL Manny Machado UTIL Ty France UTIL Jake Cronenworth UTIL Freddy Fermin,,,
80,5210571972,BmoreAware (2/2),0,55.5,CPT Gabriel Moreno UTIL Fernando Tatis Jr. UTIL Corbin Carroll UTIL Ty France UTIL Lars Nootbaar UTIL Tim Tawa,,,
80,5210590630,bossplayer318 (10/20),0,55.5,CPT Corbin Carroll UTIL Fernando Tatis Jr. UTIL Ty France UTIL Gavin Sheets UTIL Jake Cronenworth UTIL Gabriel Moreno,,,
80,5210591308,eddawg79,0,55.5,CPT Gabriel Moreno UTIL Fernando Tatis Jr. UTIL Jackson Merrill UTIL Ty France UTIL Lars Nootbaar UTIL Gavin Sheets,,,
80,5210591688,jaysmooth22 (2/2),0,55.5,CPT Corbin Carroll UTIL Fernando Tatis Jr. UTIL Luis Rengifo UTIL Tim Tawa UTIL Jake Cronenworth UTIL Gabriel Moreno,,,
80,5210612387,Heaven2010 (9/13),0,55.5,CPT Gabriel Moreno UTIL Corbin Carroll UTIL Manny Machado UTIL Ty France UTIL Xander Bogaerts UTIL Tim Tawa,,,
80,5210620631,surfrider72 (2/9),0,55.5,CPT Fernando Tatis Jr. UTIL Manny Machado UTIL Ty France UTIL Luis Rengifo UTIL Tim Tawa UTIL Jake Cronenworth,,,
80,5210650286,throwindarts66 (3/5),0,55.5,CPT Tim Tawa UTIL Fernando Tatis Jr. UTIL Corbin Carroll UTIL Ty France UTIL Xander Bogaerts UTIL Gabriel Moreno,,,
91,5210595528,johnblum91 (3/3),0,55.3,CPT Gabriel Moreno UTIL Walker Buehler UTIL Ketel Marte UTIL Jackson Merrill UTIL Tim Tawa UTIL Jake Cronenworth,,,
91,5210605313,woodreb5 (6/20),0,55.3,CPT Luis Rengifo UTIL Walker Buehler UTIL Fernando Tatis Jr. UTIL Gavin Sheets UTIL Jake Cronenworth UTIL Gabriel Moreno,,,
93,5210614211,msshj08 (3/6),0,55.2,CPT Walker Buehler UTIL Luis Rengifo UTIL Xander Bogaerts UTIL Tim Tawa UTIL Jake Cronenworth UTIL Gabriel Moreno,,,
93,5210614212,msshj08 (4/6),0,55.2,CPT Walker Buehler UTIL Luis Rengifo UTIL Xander Bogaerts UTIL Tim Tawa UTIL Jake Cronenworth UTIL Gabriel Moreno,,,
95,5210092879,chrispy2005 (3/20),0,55,CPT Manny Machado UTIL Corbin Carroll UTIL Ty France UTIL Luis Rengifo UTIL Freddy Fermin UTIL Gabriel Moreno,,,
95,5210412141,Mathis (17/20),0,55,CPT Manny Machado UTIL Corbin Carroll UTIL Ty France UTIL Luis Rengifo UTIL Freddy Fermin UTIL Gabriel Moreno,,,
95,5210460823,jama9964,0,55,CPT Ty France UTIL Fernando Tatis Jr. UTIL Jackson Merrill UTIL Max Kepler UTIL Ryan Waldschmidt UTIL Gabriel Moreno,,,
95,5210461464,cdunmon,0,55,CPT Ty France UTIL Fernando Tatis Jr. UTIL Corbin Carroll UTIL Ketel Marte UTIL Jake Cronenworth UTIL Freddy Fermin,,,
95,5210535248,KelvinDubs (19/20),0,55,CPT Jackson Merrill UTIL Corbin Carroll UTIL Manny Machado UTIL Luis Rengifo UTIL Freddy Fermin UTIL Gabriel Moreno,,,
95,5210546422,orchard7 (10/18),0,55,CPT Jackson Merrill UTIL Fernando Tatis Jr. UTIL Corbin Carroll UTIL Gavin Sheets UTIL Jake Cronenworth UTIL Gabriel Moreno,,,
95,5210549056,terminator31 (3/20),0,55,CPT Ty France UTIL Corbin Carroll UTIL Jackson Merrill UTIL Luis Rengifo UTIL Xander Bogaerts UTIL Tim Tawa,,,
95,5210578953,rainmania (16/20),0,55,CPT Manny Machado UTIL Corbin Carroll UTIL Luis Rengifo UTIL Xander Bogaerts UTIL Jake Cronenworth UTIL Gabriel Moreno,,,
95,5210589582,Schrinepiece92 (19/20),0,55,CPT Manny Machado UTIL Corbin Carroll UTIL Ty France UTIL Luis Rengifo UTIL Freddy Fermin UTIL Gabriel Moreno,,,
95,5210615343,coolsouthernbrees (7/16),0,55,CPT Jackson Merrill UTIL Fernando Tatis Jr. UTIL Corbin Carroll UTIL Gavin Sheets UTIL Jake Cronenworth UTIL Gabriel Moreno,,,
95,5210641735,monarch11 (12/20),0,55,CPT Manny Machado UTIL Corbin Carroll UTIL Ty France UTIL Luis Rengifo UTIL Freddy Fermin UTIL Gabriel Moreno,,,
95,5210669874,BradChavez,0,55,CPT Jackson Merrill UTIL Fernando Tatis Jr. UTIL Corbin Carroll UTIL Gavin Sheets UTIL Jake Cronenworth UTIL Gabriel Moreno,,,
107,5210360237,Mige1 (19/20),0,54.8,CPT Ty France UTIL Walker Buehler UTIL Jackson Merrill UTIL Luis Rengifo UTIL Ryan Waldschmidt UTIL Jake Cronenworth,,,
107,5210578949,rainmania (12/20),0,54.8,CPT Ty France UTIL Walker Buehler UTIL Jackson Merrill UTIL Luis Rengifo UTIL Ryan Waldschmidt UTIL Jake Cronenworth,,,
109,5209971230,az350z (6/20),0,54.5,CPT Manny Machado UTIL Jackson Merrill UTIL Ty France UTIL Geraldo Perdomo UTIL Gabriel Moreno UTIL Bradgley Rodriguez,,,
109,5210181237,goofybh207 (4/5),0,54.5,CPT Luis Rengifo UTIL Fernando Tatis Jr. UTIL Corbin Carroll UTIL Jackson Merrill UTIL Xander Bogaerts UTIL Freddy Fermin,,,
109,5210247231,blakemoore15 (4/4),0,54.5,CPT Corbin Carroll UTIL Jackson Merrill UTIL Ty France UTIL Ryan Waldschmidt UTIL Jake Cronenworth UTIL Gabriel Moreno,,,
109,5210412525,Southsider50 (1/4),0,54.5,CPT Corbin Carroll UTIL Fernando Tatis Jr. UTIL Ty France UTIL Lars Nootbaar UTIL Freddy Fermin UTIL Gabriel Moreno,,,
109,5210549071,terminator31 (18/20),0,54.5,CPT Gabriel Moreno UTIL Ketel Marte UTIL Jackson Merrill UTIL Luis Rengifo UTIL Xander Bogaerts UTIL Lars Nootbaar,,,
109,5210583680,hawk35,0,54.5,CPT Luis Rengifo UTIL Corbin Carroll UTIL Jackson Merrill UTIL Xander Bogaerts UTIL Lars Nootbaar UTIL Gabriel Moreno,,,
109,5210583932,hermd011 (3/10),0,54.5,CPT Fernando Tatis Jr. UTIL Corbin Carroll UTIL Luis Rengifo UTIL Ryan Waldschmidt UTIL Jake Cronenworth UTIL Gabriel Moreno,,,
109,5210599916,MilkMonet (3/4),0,54.5,CPT Gabriel Moreno UTIL Fernando Tatis Jr. UTIL Manny Machado UTIL Ketel Marte UTIL Xander Bogaerts UTIL Freddy Fermin,,,
109,5210627612,swizzytx,0,54.5,CPT Corbin Carroll UTIL Fernando Tatis Jr. UTIL Ty France UTIL Lars Nootbaar UTIL Freddy Fermin UTIL Gabriel Moreno,,,
109,5210632375,walkertr444 (7/8),0,54.5,CPT Freddy Fermin UTIL Fernando Tatis Jr. UTIL Corbin Carroll UTIL Manny Machado UTIL Jackson Merrill UTIL Gabriel Moreno,,,
109,5210646923,jsw1264 (2/2),0,54.5,CPT Fernando Tatis Jr. UTIL Corbin Carroll UTIL Luis Rengifo UTIL Ryan Waldschmidt UTIL Jake Cronenworth UTIL Gabriel Moreno,,,
120,5210030850,FoxyGrandpa252 (16/20),0,54.3,CPT Fernando Tatis Jr. UTIL Walker Buehler UTIL Ty France UTIL Lars Nootbaar UTIL Jake Cronenworth UTIL Freddy Fermin,,,
120,5210521355,eddymac222 (2/20),0,54.3,CPT Jake Cronenworth UTIL Walker Buehler UTIL Fernando Tatis Jr. UTIL Ty France UTIL Luis Rengifo UTIL Ryan Waldschmidt,,,
122,5209567447,Schoey17 (4/9),0,54.2,CPT Walker Buehler UTIL Ty France UTIL Luis Rengifo UTIL Xander Bogaerts UTIL Tim Tawa UTIL Jake Cronenworth,,,
122,5210491836,georgeconfused (6/9),0,54.2,CPT Walker Buehler UTIL Ty France UTIL Luis Rengifo UTIL Xander Bogaerts UTIL Tim Tawa UTIL Jake Cronenworth,,,
122,5210629345,DoloMitex478 (3/8),0,54.2,CPT Walker Buehler UTIL Ty France UTIL Luis Rengifo UTIL Xander Bogaerts UTIL Tim Tawa UTIL Jake Cronenworth,,,
125,5210203772,Rosey417,0,54,CPT Ty France UTIL Fernando Tatis Jr. UTIL Corbin Carroll UTIL Luis Rengifo UTIL Ryan Waldschmidt UTIL Jake Cronenworth,,,
125,5210489965,barney_g (2/5),0,54,CPT Jackson Merrill UTIL Fernando Tatis Jr. UTIL Corbin Carroll UTIL Luis Rengifo UTIL Tim Tawa UTIL Jake Cronenworth,,,
125,5210525032,nuffnutz,0,54,CPT Jackson Merrill UTIL Fernando Tatis Jr. UTIL Corbin Carroll UTIL Xander Bogaerts UTIL Jase Bowen UTIL Gabriel Moreno,,,
125,5210565601,orchard7 (16/18),0,54,CPT Manny Machado UTIL Ty France UTIL Luis Rengifo UTIL Xander Bogaerts UTIL Lars Nootbaar UTIL Gabriel Moreno,,,
125,5210575910,kenny7575,0,54,CPT Xander Bogaerts UTIL Fernando Tatis Jr. UTIL Corbin Carroll UTIL Ty France UTIL Lars Nootbaar UTIL Jake Cronenworth,,,
125,5210579498,eltartas (1/3),0,54,CPT Ty France UTIL Corbin Carroll UTIL Manny Machado UTIL Jackson Merrill UTIL Xander Bogaerts UTIL Freddy Fermin,,,
125,5210590230,ptello9298 (14/20),0,54,CPT Ty France UTIL Fernando Tatis Jr. UTIL Manny Machado UTIL Ketel Marte UTIL Jake Cronenworth UTIL Freddy Fermin,,,
125,5210592153,pdanielsjr (7/20),0,54,CPT Xander Bogaerts UTIL Fernando Tatis Jr. UTIL Corbin Carroll UTIL Manny Machado UTIL Freddy Fermin UTIL Gabriel Moreno,,,
125,5210615348,rosenl,0,54,CPT Manny Machado UTIL Ty France UTIL Luis Rengifo UTIL Xander Bogaerts UTIL Lars Nootbaar UTIL Gabriel Moreno,,,
125,5210650478,ickymoe,0,54,CPT Ty France UTIL Fernando Tatis Jr. UTIL Manny Machado UTIL Lars Nootbaar UTIL Tim Tawa UTIL Gabriel Moreno,,,
125,5210658604,55Vader (4/4),0,54,CPT Ty France UTIL Fernando Tatis Jr. UTIL Jackson Merrill UTIL Luis Rengifo UTIL Lars Nootbaar UTIL Tim Tawa,,,
136,5209951263,ataribravo (14/20),0,53.8,CPT Ty France UTIL Walker Buehler UTIL Manny Machado UTIL Luis Rengifo UTIL Tim Tawa UTIL Jake Cronenworth,,,
136,5210060723,JcClark18 (8/20),0,53.8,CPT Ty France UTIL Walker Buehler UTIL Manny Machado UTIL Luis Rengifo UTIL Tim Tawa UTIL Jake Cronenworth,,,
136,5210203680,jsamtoy (2/20),0,53.8,CPT Ty France UTIL Walker Buehler UTIL Manny Machado UTIL Luis Rengifo UTIL Tim Tawa UTIL Jake Cronenworth,,,
136,5210203698,jsamtoy (20/20),0,53.8,CPT Ty France UTIL Walker Buehler UTIL Fernando Tatis Jr. UTIL Xander Bogaerts UTIL Max Kepler UTIL Freddy Fermin,,,
136,5210444434,JoeNY07 (4/6),0,53.8,CPT Ty France UTIL Walker Buehler UTIL Geraldo Perdomo UTIL Luis Rengifo UTIL Freddy Fermin UTIL Gabriel Moreno,,,
136,5210540282,jwclark311 (8/20),0,53.8,CPT Ty France UTIL Walker Buehler UTIL Manny Machado UTIL Luis Rengifo UTIL Tim Tawa UTIL Jake Cronenworth,,,
136,5210541916,zachdaddy (10/20),0,53.8,CPT Ty France UTIL Walker Buehler UTIL Fernando Tatis Jr. UTIL Xander Bogaerts UTIL Max Kepler UTIL Freddy Fermin,,,
136,5210573302,rainmania (5/20),0,53.8,CPT Ty France UTIL Walker Buehler UTIL Manny Machado UTIL Luis Rengifo UTIL Tim Tawa UTIL Jake Cronenworth,,,
136,5210633691,CarmNistelrooy,0,53.8,CPT Ty France UTIL Walker Buehler UTIL Jackson Merrill UTIL Luis Rengifo UTIL Lars Nootbaar UTIL Freddy Fermin,,,
136,5210667307,4leahy (4/4),0,53.8,CPT Jackson Merrill UTIL Walker Buehler UTIL Corbin Carroll UTIL Luis Rengifo UTIL Jake Cronenworth UTIL Freddy Fermin,,,
136,5210674091,joeyduece09 (3/9),0,53.8,CPT Ty France UTIL Walker Buehler UTIL Fernando Tatis Jr. UTIL Xander Bogaerts UTIL Max Kepler UTIL Freddy Fermin,,,
147,5209505804,kenread133,0,53.5,CPT Fernando Tatis Jr. UTIL Manny Machado UTIL Jackson Merrill UTIL Luis Rengifo UTIL Tim Tawa UTIL Jake Cronenworth,,,
147,5209915275,Cards1640 (3/4),0,53.5,CPT Gabriel Moreno UTIL Jackson Merrill UTIL Ty France UTIL Geraldo Perdomo UTIL Luis Rengifo UTIL Lars Nootbaar,,,
147,5210412597,Southsider50 (2/4),0,53.5,CPT Gabriel Moreno UTIL Fernando Tatis Jr. UTIL Manny Machado UTIL Ty France UTIL Geraldo Perdomo UTIL Freddy Fermin,,,
147,5210481610,Darkmen715 (4/20),0,53.5,CPT Fernando Tatis Jr. UTIL Manny Machado UTIL Jackson Merrill UTIL Lars Nootbaar UTIL Freddy Fermin UTIL Gabriel Moreno,,,
147,5210496858,TNeidert (6/20),0,53.5,CPT Corbin Carroll UTIL Fernando Tatis Jr. UTIL Manny Machado UTIL Ty France UTIL Jake Cronenworth UTIL Freddy Fermin,,,
147,5210519759,Scadams09 (3/3),0,53.5,CPT Fernando Tatis Jr. UTIL Corbin Carroll UTIL Jackson Merrill UTIL Xander Bogaerts UTIL Tim Tawa UTIL Jake Cronenworth,,,
147,5210549072,terminator31 (19/20),0,53.5,CPT Gabriel Moreno UTIL Jackson Merrill UTIL Ty France UTIL Geraldo Perdomo UTIL Luis Rengifo UTIL Lars Nootbaar,,,
147,5210557312,orchard7 (14/18),0,53.5,CPT Ketel Marte UTIL Fernando Tatis Jr. UTIL Jackson Merrill UTIL Max Kepler UTIL Jake Cronenworth UTIL Gabriel Moreno,,,
147,5210557686,rdezz16 (2/2),0,53.5,CPT Jake Cronenworth UTIL Fernando Tatis Jr. UTIL Corbin Carroll UTIL Geraldo Perdomo UTIL Luis Rengifo UTIL Gabriel Moreno,,,
147,5210558230,hilldaddy,0,53.5,CPT Fernando Tatis Jr. UTIL Ty France UTIL Luis Rengifo UTIL Lars Nootbaar UTIL Gavin Sheets UTIL Gabriel Moreno,,,
147,5210609285,JJSaenz (13/20),0,53.5,CPT Fernando Tatis Jr. UTIL Ketel Marte UTIL Jackson Merrill UTIL Gavin Sheets UTIL Jake Cronenworth UTIL Gabriel Moreno,,,
147,5210620266,sturgeonking86 (2/3),0,53.5,CPT Fernando Tatis Jr. UTIL Manny Machado UTIL Jackson Merrill UTIL Luis Rengifo UTIL Tim Tawa UTIL Jake Cronenworth,,,
147,5210633409,eyetta23,0,53.5,CPT Fernando Tatis Jr. UTIL Corbin Carroll UTIL Jackson Merrill UTIL Ty France UTIL Tim Tawa UTIL Freddy Fermin,,,
147,5210635537,Toney367 (11/20),0,53.5,CPT Jake Cronenworth UTIL Fernando Tatis Jr. UTIL Corbin Carroll UTIL Jackson Merrill UTIL Ty France UTIL Luis Campusano,,,
147,5210643855,tonymutt (5/5),0,53.5,CPT Fernando Tatis Jr. UTIL Corbin Carroll UTIL Jackson Merrill UTIL Ty France UTIL Tim Tawa UTIL Freddy Fermin,,,
147,5210647394,Dantrip7,0,53.5,CPT Ketel Marte UTIL Fernando Tatis Jr. UTIL Jackson Merrill UTIL Max Kepler UTIL Jake Cronenworth UTIL Gabriel Moreno,,,
147,5210671582,KILLANADZ24 (6/20),0,53.5,CPT Gabriel Moreno UTIL Fernando Tatis Jr. UTIL Ty France UTIL Nolan Arenado UTIL Xander Bogaerts UTIL Lars Nootbaar,,,
164,5209971241,az350z (17/20),0,53.3,CPT Fernando Tatis Jr. UTIL Walker Buehler UTIL Ty France UTIL Xander Bogaerts UTIL Tim Tawa UTIL Freddy Fermin,,,
164,5209985467,sbolomo (19/20),0,53.3,CPT Fernando Tatis Jr. UTIL Walker Buehler UTIL Ty France UTIL Xander Bogaerts UTIL Tim Tawa UTIL Freddy Fermin,,,
164,5210360233,Mige1 (15/20),0,53.3,CPT Fernando Tatis Jr. UTIL Walker Buehler UTIL Ty France UTIL Xander Bogaerts UTIL Tim Tawa UTIL Freddy Fermin,,,
164,5210495039,Edgitt116 (6/10),0,53.3,CPT Corbin Carroll UTIL Walker Buehler UTIL Luis Rengifo UTIL Tim Tawa UTIL Jake Cronenworth UTIL Gabriel Moreno,,,
164,5210546432,ANTBC25 (9/10),0,53.3,CPT Luis Rengifo UTIL Walker Buehler UTIL Fernando Tatis Jr. UTIL Ty France UTIL Tim Tawa UTIL Freddy Fermin,,,
164,5210556369,Rampower2010,0,53.3,CPT Luis Rengifo UTIL Walker Buehler UTIL Fernando Tatis Jr. UTIL Xander Bogaerts UTIL Tim Tawa UTIL Jake Cronenworth,,,
164,5210583293,arsmith8 (17/20),0,53.3,CPT Fernando Tatis Jr. UTIL Walker Buehler UTIL Ty France UTIL Xander Bogaerts UTIL Tim Tawa UTIL Freddy Fermin,,,
171,5210022927,T-Bird33,0,53.2,CPT Walker Buehler UTIL Jackson Merrill UTIL Xander Bogaerts UTIL Ryan Waldschmidt UTIL Jake Cronenworth UTIL Gabriel Moreno,,,
171,5210040186,gwatts77 (16/20),0,53.2,CPT Walker Buehler UTIL Jackson Merrill UTIL Ty France UTIL Gavin Sheets UTIL Freddy Fermin UTIL Gabriel Moreno,,,
171,5210069765,rsumrall (2/20),0,53.2,CPT Walker Buehler UTIL Jackson Merrill UTIL Ty France UTIL Gavin Sheets UTIL Freddy Fermin UTIL Gabriel Moreno,,,
171,5210540288,jwclark311 (14/20),0,53.2,CPT Walker Buehler UTIL Jackson Merrill UTIL Xander Bogaerts UTIL Gavin Sheets UTIL Jake Cronenworth UTIL Gabriel Moreno,,,
171,5210549062,terminator31 (9/20),0,53.2,CPT Walker Buehler UTIL Fernando Tatis Jr. UTIL Xander Bogaerts UTIL Tim Tawa UTIL Freddy Fermin UTIL Gabriel Moreno,,,
171,5210583121,Seefeldt96,0,53.2,CPT Walker Buehler UTIL Jackson Merrill UTIL Xander Bogaerts UTIL Gavin Sheets UTIL Jake Cronenworth UTIL Gabriel Moreno,,,
171,5210593050,smk5430 (2/20),0,53.2,CPT Walker Buehler UTIL Jackson Merrill UTIL Ty France UTIL Gavin Sheets UTIL Freddy Fermin UTIL Gabriel Moreno,,,
171,5210594014,Gagenator51 (15/20),0,53.2,CPT Walker Buehler UTIL Jackson Merrill UTIL Ty France UTIL Gavin Sheets UTIL Freddy Fermin UTIL Gabriel Moreno,,,
171,5210603446,dtapper29 (10/20),0,53.2,CPT Walker Buehler UTIL Fernando Tatis Jr. UTIL Ty France UTIL Lars Nootbaar UTIL Jake Cronenworth UTIL Freddy Fermin,,,
171,5210605909,MALIKBDG,0,53.2,CPT Walker Buehler UTIL Jackson Merrill UTIL Luis Rengifo UTIL Lars Nootbaar UTIL Freddy Fermin UTIL Gabriel Moreno,,,
171,5210609288,JJSaenz (16/20),0,53.2,CPT Walker Buehler UTIL Ketel Marte UTIL Ty France UTIL Luis Rengifo UTIL Jake Cronenworth UTIL Freddy Fermin,,,
182,5209971236,az350z (12/20),0,53,CPT Jackson Merrill UTIL Manny Machado UTIL Ty France UTIL Luis Rengifo UTIL Xander Bogaerts UTIL Tim Tawa,,,
182,5210024865,kkorch,0,53,CPT Ty France UTIL Fernando Tatis Jr. UTIL Manny Machado UTIL Nolan Arenado UTIL Freddy Fermin UTIL Gabriel Moreno,,,
182,5210069777,rsumrall (14/20),0,53,CPT Jackson Merrill UTIL Manny Machado UTIL Ty France UTIL Luis Rengifo UTIL Xander Bogaerts UTIL Tim Tawa,,,
182,5210113408,blazer1sd,0,53,CPT Ty France UTIL Fernando Tatis Jr. UTIL Manny Machado UTIL Jackson Merrill UTIL Lars Nootbaar UTIL Freddy Fermin,,,
182,5210166672,floydian80 (3/20),0,53,CPT Ty France UTIL Fernando Tatis Jr. UTIL Ketel Marte UTIL Jackson Merrill UTIL Gavin Sheets UTIL Jake Cronenworth,,,
182,5210166686,floydian80 (17/20),0,53,CPT Ty France UTIL Corbin Carroll UTIL Jackson Merrill UTIL Luis Rengifo UTIL Gavin Sheets UTIL Jake Cronenworth,,,
182,5210238233,jenellen1970,0,53,CPT Ty France UTIL Jackson Merrill UTIL Geraldo Perdomo UTIL Luis Rengifo UTIL Tim Tawa UTIL Gabriel Moreno,,,
182,5210325258,tinye21 (1/2),0,53,CPT Jackson Merrill UTIL Fernando Tatis Jr. UTIL Ty France UTIL Luis Rengifo UTIL Lars Nootbaar UTIL Tim Tawa,,,
182,5210381218,Ezilodi (14/20),0,53,CPT Jackson Merrill UTIL Manny Machado UTIL Ty France UTIL Luis Rengifo UTIL Xander Bogaerts UTIL Tim Tawa,,,
182,5210412130,Mathis (6/20),0,53,CPT Jackson Merrill UTIL Manny Machado UTIL Ty France UTIL Luis Rengifo UTIL Xander Bogaerts UTIL Tim Tawa,,,
182,5210544168,naplesrockyo (1/2),0,53,CPT Manny Machado UTIL Fernando Tatis Jr. UTIL Corbin Carroll UTIL Ty France UTIL Jake Cronenworth UTIL Freddy Fermin,,,
182,5210575706,bassguy39 (12/12),0,53,CPT Jackson Merrill UTIL Manny Machado UTIL Ty France UTIL Luis Rengifo UTIL Xander Bogaerts UTIL Tim Tawa,,,
182,5210579163,Schrinepiece92 (14/20),0,53,CPT Jackson Merrill UTIL Manny Machado UTIL Ty France UTIL Luis Rengifo UTIL Xander Bogaerts UTIL Tim Tawa,,,
182,5210583294,arsmith8 (18/20),0,53,CPT Jackson Merrill UTIL Fernando Tatis Jr. UTIL Corbin Carroll UTIL Manny Machado UTIL Jake Cronenworth UTIL Freddy Fermin,,,
182,5210609201,sanzybear054,0,53,CPT Ty France UTIL Fernando Tatis Jr. UTIL Manny Machado UTIL Nolan Arenado UTIL Freddy Fermin UTIL Gabriel Moreno,,,
182,5210630383,ac919 (16/20),0,53,CPT Manny Machado UTIL Fernando Tatis Jr. UTIL Corbin Carroll UTIL Ty France UTIL Jake Cronenworth UTIL Freddy Fermin,,,
182,5210655518,BushWood_2229,0,53,CPT Ty France UTIL Fernando Tatis Jr. UTIL Geraldo Perdomo UTIL Xander Bogaerts UTIL Tim Tawa UTIL Gabriel Moreno,,,
199,5210060726,JcClark18 (11/20),0,52.8,CPT Jackson Merrill UTIL Walker Buehler UTIL Ty France UTIL Xander Bogaerts UTIL Ryan Waldschmidt UTIL Jake Cronenworth,,,
199,5210407702,darrylposton (18/20),0,52.8,CPT Xander Bogaerts UTIL Walker Buehler UTIL Fernando Tatis Jr. UTIL Luis Rengifo UTIL Max Kepler UTIL Jake Cronenworth,,,
199,5210630373,ac919 (6/20),0,52.8,CPT Xander Bogaerts UTIL Walker Buehler UTIL Fernando Tatis Jr. UTIL Corbin Carroll UTIL Jake Cronenworth UTIL Freddy Fermin,,,
199,5210666354,mrw25 (11/20),0,52.8,CPT Ty France UTIL Walker Buehler UTIL Jackson Merrill UTIL Xander Bogaerts UTIL Tim Tawa UTIL Freddy Fermin,,,
199,5210667788,PlayMakrz (2/4),0,52.8,CPT Ty France UTIL Walker Buehler UTIL Luis Rengifo UTIL Nolan Arenado UTIL Xander Bogaerts UTIL Jake Cronenworth,,,
204,5209942641,PurpleReign1313 (1/2),0,52.5,CPT Fernando Tatis Jr. UTIL Manny Machado UTIL Jackson Merrill UTIL Ty France UTIL Tim Tawa UTIL Freddy Fermin,,,
204,5209964511,dw712002,0,52.5,CPT Tim Tawa UTIL Fernando Tatis Jr. UTIL Ketel Marte UTIL Jackson Merrill UTIL Luis Rengifo UTIL Gabriel Moreno,,,
204,5209999697,whoisjohngalt420 (17/20),0,52.5,CPT Fernando Tatis Jr. UTIL Manny Machado UTIL Jackson Merrill UTIL Ty France UTIL Tim Tawa UTIL Freddy Fermin,,,
204,5210166687,floydian80 (18/20),0,52.5,CPT Fernando Tatis Jr. UTIL Manny Machado UTIL Xander Bogaerts UTIL Gavin Sheets UTIL Jake Cronenworth UTIL Gabriel Moreno,,,
204,5210181240,2boys2girls (1/2),0,52.5,CPT Fernando Tatis Jr. UTIL Manny Machado UTIL Jackson Merrill UTIL Ty France UTIL Tim Tawa UTIL Freddy Fermin,,,
204,5210228241,Ballz187 (1/2),0,52.5,CPT Corbin Carroll UTIL Ty France UTIL Luis Rengifo UTIL Xander Bogaerts UTIL Ryan Waldschmidt UTIL Gabriel Moreno,,,
204,5210381215,Ezilodi (11/20),0,52.5,CPT Fernando Tatis Jr. UTIL Corbin Carroll UTIL Ty France UTIL Xander Bogaerts UTIL Gavin Sheets UTIL Jake Cronenworth,,,
204,5210411053,jimbo1027 (3/3),0,52.5,CPT Fernando Tatis Jr. UTIL Corbin Carroll UTIL Ty France UTIL Luis Rengifo UTIL Max Kepler UTIL Freddy Fermin,,,
204,5210430191,lornaz,0,52.5,CPT Gabriel Moreno UTIL Fernando Tatis Jr. UTIL Corbin Carroll UTIL Manny Machado UTIL Ryan Waldschmidt UTIL Jake Cronenworth,,,
204,5210469000,cadezane1 (4/20),0,52.5,CPT Gabriel Moreno UTIL Fernando Tatis Jr. UTIL Corbin Carroll UTIL Jackson Merrill UTIL Nolan Arenado UTIL Freddy Fermin,,,
204,5210481625,Darkmen715 (19/20),0,52.5,CPT Gabriel Moreno UTIL Fernando Tatis Jr. UTIL Corbin Carroll UTIL Jackson Merrill UTIL Nolan Arenado UTIL Freddy Fermin,,,
204,5210487359,Nellie64,0,52.5,CPT Fernando Tatis Jr. UTIL Corbin Carroll UTIL Ty France UTIL Luis Rengifo UTIL Lars Nootbaar UTIL Freddy Fermin,,,
204,5210499105,Orangechocolate70 (5/20),0,52.5,CPT Fernando Tatis Jr. UTIL Jackson Merrill UTIL Luis Rengifo UTIL Xander Bogaerts UTIL Ryan Waldschmidt UTIL Jake Cronenworth,,,
204,5210531348,faseone01,0,52.5,CPT Fernando Tatis Jr. UTIL Corbin Carroll UTIL Manny Machado UTIL Luis Rengifo UTIL Jake Cronenworth UTIL Freddy Fermin,,,
204,5210549055,terminator31 (2/20),0,52.5,CPT Fernando Tatis Jr. UTIL Corbin Carroll UTIL Manny Machado UTIL Luis Rengifo UTIL Jake Cronenworth UTIL Freddy Fermin,,,
204,5210561425,curtwaynewhite (1/5),0,52.5,CPT Fernando Tatis Jr. UTIL Corbin Carroll UTIL Ty France UTIL Luis Rengifo UTIL Lars Nootbaar UTIL Freddy Fermin,,,
204,5210570713,orchard7 (18/18),0,52.5,CPT Jake Cronenworth UTIL Fernando Tatis Jr. UTIL Ketel Marte UTIL Jackson Merrill UTIL Geraldo Perdomo UTIL Gabriel Moreno,,,
204,5210593442,jacobdad13,0,52.5,CPT Gabriel Moreno UTIL Fernando Tatis Jr. UTIL Corbin Carroll UTIL Manny Machado UTIL Gavin Sheets UTIL Jake Cronenworth,,,
204,5210600993,pisco80 (13/20),0,52.5,CPT Fernando Tatis Jr. UTIL Ty France UTIL Nolan Arenado UTIL Xander Bogaerts UTIL Tim Tawa UTIL Gabriel Moreno,,,
204,5210605311,woodreb5 (4/20),0,52.5,CPT Lars Nootbaar UTIL Fernando Tatis Jr. UTIL Manny Machado UTIL Jackson Merrill UTIL Ty France UTIL Jake Cronenworth,,,
204,5210609292,JJSaenz (20/20),0,52.5,CPT Fernando Tatis Jr. UTIL Corbin Carroll UTIL Manny Machado UTIL Luis Rengifo UTIL Jake Cronenworth UTIL Freddy Fermin,,,
204,5210615278,profjoedad,0,52.5,CPT Fernando Tatis Jr. UTIL Luis Rengifo UTIL Xander Bogaerts UTIL Lars Nootbaar UTIL Max Kepler UTIL Gabriel Moreno,,,
204,5210628063,surfrider72 (4/9),0,52.5,CPT Luis Rengifo UTIL Fernando Tatis Jr. UTIL Manny Machado UTIL Jackson Merrill UTIL Max Kepler UTIL Jake Cronenworth,,,
204,5210629346,DoloMitex478 (4/8),0,52.5,CPT Luis Rengifo UTIL Corbin Carroll UTIL Ketel Marte UTIL Jackson Merrill UTIL Ty France UTIL Freddy Fermin,,,
204,5210636783,148602701 (1/6),0,52.5,CPT Fernando Tatis Jr. UTIL Manny Machado UTIL Jackson Merrill UTIL Xander Bogaerts UTIL Tim Tawa UTIL Jake Cronenworth,,,
204,5210643626,DEEZ.NU.TEES (1/2),0,52.5,CPT Fernando Tatis Jr. UTIL Ty France UTIL Nolan Arenado UTIL Xander Bogaerts UTIL Tim Tawa UTIL Gabriel Moreno,,,
204,5210644770,Ebob954 (2/4),0,52.5,CPT Jake Cronenworth UTIL Fernando Tatis Jr. UTIL Corbin Carroll UTIL Manny Machado UTIL Jackson Merrill UTIL Freddy Fermin,,,
204,5210671677,cadezane1 (12/20),0,52.5,CPT Fernando Tatis Jr. UTIL Manny Machado UTIL Ketel Marte UTIL Tim Tawa UTIL Jake Cronenworth UTIL Gabriel Moreno,,,
204,5210672556,Dalloftheabove,0,52.5,CPT Luis Rengifo UTIL Manny Machado UTIL Ketel Marte UTIL Ty France UTIL Tim Tawa UTIL Gabriel Moreno,,,
233,5210119727,rich44racing (2/2),0,52.3,CPT Fernando Tatis Jr. UTIL Walker Buehler UTIL Ty France UTIL Max Kepler UTIL Tim Tawa UTIL Jake Cronenworth,,,
233,5210166671,floydian80 (2/20),0,52.3,CPT Jake Cronenworth UTIL Walker Buehler UTIL Fernando Tatis Jr. UTIL Manny Machado UTIL Gavin Sheets UTIL Gabriel Moreno,,,
233,5210166679,floydian80 (10/20),0,52.3,CPT Luis Rengifo UTIL Walker Buehler UTIL Fernando Tatis Jr. UTIL Ketel Marte UTIL Jake Cronenworth UTIL Freddy Fermin,,,
233,5210299483,brianlah64,0,52.3,CPT Corbin Carroll UTIL Walker Buehler UTIL Manny Machado UTIL Jake Cronenworth UTIL Freddy Fermin UTIL Gabriel Moreno,,,
233,5210498619,Dirkdynasty (5/8),0,52.3,CPT Gabriel Moreno UTIL Walker Buehler UTIL Jackson Merrill UTIL Xander Bogaerts UTIL Lars Nootbaar UTIL Max Kepler,,,
233,5210583290,arsmith8 (14/20),0,52.3,CPT Fernando Tatis Jr. UTIL Walker Buehler UTIL Luis Rengifo UTIL Gavin Sheets UTIL Freddy Fermin UTIL Gabriel Moreno,,,
233,5210583643,billk23,0,52.3,CPT Fernando Tatis Jr. UTIL Walker Buehler UTIL Luis Rengifo UTIL Gavin Sheets UTIL Freddy Fermin UTIL Gabriel Moreno,,,
233,5210667479,Orangechocolate70 (10/20),0,52.3,CPT Jake Cronenworth UTIL Walker Buehler UTIL Fernando Tatis Jr. UTIL Manny Machado UTIL Gavin Sheets UTIL Gabriel Moreno,,,
241,5209984195,KGould86 (18/20),0,52.2,CPT Walker Buehler UTIL Luis Rengifo UTIL Xander Bogaerts UTIL Gavin Sheets UTIL Jake Cronenworth UTIL Gabriel Moreno,,,
241,5210032841,md061491,0,52.2,CPT Walker Buehler UTIL Fernando Tatis Jr. UTIL Lars Nootbaar UTIL Tim Tawa UTIL Jake Cronenworth UTIL Gabriel Moreno,,,
241,5210345623,kbrisacher (19/20),0,52.2,CPT Walker Buehler UTIL Jackson Merrill UTIL Ty France UTIL Luis Rengifo UTIL Tim Tawa UTIL Freddy Fermin,,,
241,5210461111,j-wolf05 (14/20),0,52.2,CPT Walker Buehler UTIL Corbin Carroll UTIL Jackson Merrill UTIL Xander Bogaerts UTIL Jake Cronenworth UTIL Freddy Fermin,,,
241,5210496871,TNeidert (19/20),0,52.2,CPT Walker Buehler UTIL Jackson Merrill UTIL Ty France UTIL Luis Rengifo UTIL Tim Tawa UTIL Freddy Fermin,,,
241,5210583286,arsmith8 (10/20),0,52.2,CPT Walker Buehler UTIL Corbin Carroll UTIL Jackson Merrill UTIL Xander Bogaerts UTIL Jake Cronenworth UTIL Freddy Fermin,,,
241,5210594013,Gagenator51 (14/20),0,52.2,CPT Walker Buehler UTIL Ty France UTIL Luis Rengifo UTIL Gavin Sheets UTIL Freddy Fermin UTIL Gabriel Moreno,,,
241,5210606748,hunter5971,0,52.2,CPT Walker Buehler UTIL Corbin Carroll UTIL Jackson Merrill UTIL Xander Bogaerts UTIL Jake Cronenworth UTIL Freddy Fermin,,,
241,5210633728,takeitdown2 (2/2),0,52.2,CPT Walker Buehler UTIL Manny Machado UTIL Ty France UTIL Tim Tawa UTIL Freddy Fermin UTIL Gabriel Moreno,,,
250,5209918396,piotrj10 (6/20),0,52,CPT Xander Bogaerts UTIL Manny Machado UTIL Jackson Merrill UTIL Ty France UTIL Luis Rengifo UTIL Max Kepler,,,
250,5210230646,SonicnTails837,0,52,CPT Manny Machado UTIL Fernando Tatis Jr. UTIL Jackson Merrill UTIL Gavin Sheets UTIL Jake Cronenworth UTIL Gabriel Moreno,,,
250,5210382211,flymillen (1/2),0,52,CPT Jackson Merrill UTIL Fernando Tatis Jr. UTIL Manny Machado UTIL Ty France UTIL Lars Nootbaar UTIL Freddy Fermin,,,
250,5210461113,j-wolf05 (16/20),0,52,CPT Manny Machado UTIL Ketel Marte UTIL Ty France UTIL Luis Rengifo UTIL Xander Bogaerts UTIL Jake Cronenworth,,,
250,5210489530,roryjones (2/7),0,52,CPT Jackson Merrill UTIL Corbin Carroll UTIL Ty France UTIL Geraldo Perdomo UTIL Freddy Fermin UTIL Gabriel Moreno,,,
250,5210526399,Coachmitch52 (1/2),0,52,CPT Jackson Merrill UTIL Corbin Carroll UTIL Geraldo Perdomo UTIL Xander Bogaerts UTIL Jake Cronenworth UTIL Gabriel Moreno,,,
250,5210573301,rainmania (4/20),0,52,CPT Jackson Merrill UTIL Corbin Carroll UTIL Luis Rengifo UTIL Xander Bogaerts UTIL Gavin Sheets UTIL Gabriel Moreno,,,
250,5210580686,vetterunner,0,52,CPT Ty France UTIL Fernando Tatis Jr. UTIL Corbin Carroll UTIL Ryan Waldschmidt UTIL Tim Tawa UTIL Gabriel Moreno,,,
250,5210591703,hermd011 (4/10),0,52,CPT Jackson Merrill UTIL Corbin Carroll UTIL Luis Rengifo UTIL Xander Bogaerts UTIL Ryan Waldschmidt UTIL Gabriel Moreno,,,
250,5210594003,Gagenator51 (4/20),0,52,CPT Jackson Merrill UTIL Fernando Tatis Jr. UTIL Manny Machado UTIL Ty France UTIL Lars Nootbaar UTIL Freddy Fermin,,,
250,5210618763,BigBull13,0,52,CPT Ty France UTIL Fernando Tatis Jr. UTIL Ketel Marte UTIL Nolan Arenado UTIL Freddy Fermin UTIL Gabriel Moreno,,,
250,5210630371,ac919 (4/20),0,52,CPT Jackson Merrill UTIL Fernando Tatis Jr. UTIL Manny Machado UTIL Ty France UTIL Lars Nootbaar UTIL Freddy Fermin,,,
250,5210644711,thebattler33 (1/2),0,52,CPT Ty France UTIL Fernando Tatis Jr. UTIL Manny Machado UTIL Ketel Marte UTIL Tim Tawa UTIL Jake Cronenworth,,,
250,5210666345,mrw25 (2/20),0,52,CPT Jackson Merrill UTIL Fernando Tatis Jr. UTIL Manny Machado UTIL Ty France UTIL Lars Nootbaar UTIL Freddy Fermin,,,
250,5210667575,Zorlando (3/5),0,52,CPT Jackson Merrill UTIL Manny Machado UTIL Ty France UTIL Lars Nootbaar UTIL Max Kepler UTIL Gabriel Moreno,,,
250,5210671580,KILLANADZ24 (4/20),0,52,CPT Ty France UTIL Jackson Merrill UTIL Geraldo Perdomo UTIL Xander Bogaerts UTIL Lars Nootbaar UTIL Gabriel Moreno,,,
266,5210407704,darrylposton (20/20),0,51.8,CPT Jackson Merrill UTIL Walker Buehler UTIL Ty France UTIL Xander Bogaerts UTIL Lars Nootbaar UTIL Freddy Fermin,,,
266,5210613178,Dotrat2,0,51.8,CPT Xander Bogaerts UTIL Walker Buehler UTIL Fernando Tatis Jr. UTIL Ty France UTIL Lars Nootbaar UTIL Freddy Fermin,,,
266,5210620864,DigitalDreams (19/20),0,51.8,CPT Ty France UTIL Walker Buehler UTIL Fernando Tatis Jr. UTIL Geraldo Perdomo UTIL Jake Cronenworth UTIL Freddy Fermin,,,
266,5210666351,mrw25 (8/20),0,51.8,CPT Manny Machado UTIL Walker Buehler UTIL Corbin Carroll UTIL Jake Cronenworth UTIL Freddy Fermin UTIL Gabriel Moreno,,,
270,5210612370,Ballz187 (2/2),0,51.65,CPT Ty France UTIL Fernando Tatis Jr. UTIL Corbin Carroll UTIL Nolan Arenado UTIL Xander Bogaerts UTIL Adrian Morejon,,,
271,5209873988,millerjt7 (3/5),0,51.5,CPT Gabriel Moreno UTIL Fernando Tatis Jr. UTIL Corbin Carroll UTIL Ketel Marte UTIL Ryan Waldschmidt UTIL Jake Cronenworth,,,
271,5210011395,nugnugnug,0,51.5,CPT Fernando Tatis Jr. UTIL Manny Machado UTIL Ty France UTIL Luis Rengifo UTIL Lars Nootbaar UTIL Freddy Fermin,,,
271,5210080669,macshivante,0,51.5,CPT Gabriel Moreno UTIL Corbin Carroll UTIL Ketel Marte UTIL Ty France UTIL Xander Bogaerts UTIL Gavin Sheets,,,
271,5210092878,chrispy2005 (2/20),0,51.5,CPT Corbin Carroll UTIL Fernando Tatis Jr. UTIL Jackson Merrill UTIL Ty France UTIL Tim Tawa UTIL Freddy Fermin,,,
271,5210181236,goofybh207 (3/5),0,51.5,CPT Fernando Tatis Jr. UTIL Corbin Carroll UTIL Manny Machado UTIL Xander Bogaerts UTIL Jake Cronenworth UTIL Freddy Fermin,,,
271,5210183581,GSlam,0,51.5,CPT Fernando Tatis Jr. UTIL Ty France UTIL Luis Rengifo UTIL Xander Bogaerts UTIL Lars Nootbaar UTIL Max Kepler,,,
271,5210299285,jasonwithaj (6/10),0,51.5,CPT Corbin Carroll UTIL Fernando Tatis Jr. UTIL Jackson Merrill UTIL Ty France UTIL Tim Tawa UTIL Freddy Fermin,,,
271,5210360238,Mige1 (20/20),0,51.5,CPT Fernando Tatis Jr. UTIL Manny Machado UTIL Ty France UTIL Luis Rengifo UTIL Lars Nootbaar UTIL Freddy Fermin,,,
271,5210385077,mduson (2/2),0,51.5,CPT Corbin Carroll UTIL Fernando Tatis Jr. UTIL Jackson Merrill UTIL Xander Bogaerts UTIL Tim Tawa UTIL Jake Cronenworth,,,
271,5210433900,DutchMamba (1/2),0,51.5,CPT Luis Rengifo UTIL Fernando Tatis Jr. UTIL Ketel Marte UTIL Jackson Merrill UTIL Max Kepler UTIL Jake Cronenworth,,,
271,5210481609,Darkmen715 (3/20),0,51.5,CPT Fernando Tatis Jr. UTIL Jackson Merrill UTIL Geraldo Perdomo UTIL Lars Nootbaar UTIL Jake Cronenworth UTIL Gabriel Moreno,,,
271,5210531551,orchard7 (4/18),0,51.5,CPT Corbin Carroll UTIL Manny Machado UTIL Jackson Merrill UTIL Max Kepler UTIL Jake Cronenworth UTIL Gabriel Moreno,,,
271,5210541909,zachdaddy (3/20),0,51.5,CPT Corbin Carroll UTIL Fernando Tatis Jr. UTIL Jackson Merrill UTIL Ty France UTIL Tim Tawa UTIL Freddy Fermin,,,
271,5210568449,StonzMVP,0,51.5,CPT Gabriel Moreno UTIL Fernando Tatis Jr. UTIL Corbin Carroll UTIL Xander Bogaerts UTIL Lars Nootbaar UTIL Max Kepler,,,
271,5210570842,124hoffman (6/8),0,51.5,CPT Corbin Carroll UTIL Ketel Marte UTIL Jackson Merrill UTIL Xander Bogaerts UTIL Freddy Fermin UTIL Gabriel Moreno,,,
271,5210571298,Battersea_Boy,0,51.5,CPT Gabriel Moreno UTIL Corbin Carroll UTIL Manny Machado UTIL Ketel Marte UTIL Luis Rengifo UTIL Freddy Fermin,,,
271,5210572460,EmeraldReign (3/3),0,51.5,CPT Tim Tawa UTIL Corbin Carroll UTIL Ketel Marte UTIL Jackson Merrill UTIL Ty France UTIL Gabriel Moreno,,,
271,5210580277,ptello9298 (1/20),0,51.5,CPT Freddy Fermin UTIL Fernando Tatis Jr. UTIL Corbin Carroll UTIL Manny Machado UTIL Ty France UTIL Xander Bogaerts,,,
271,5210582223,wmax,0,51.5,CPT Fernando Tatis Jr. UTIL Manny Machado UTIL Ketel Marte UTIL Jackson Merrill UTIL Jake Cronenworth UTIL Freddy Fermin,,,
271,5210600724,pdanielsjr (9/20),0,51.5,CPT Gabriel Moreno UTIL Fernando Tatis Jr. UTIL Corbin Carroll UTIL Ketel Marte UTIL Ryan Waldschmidt UTIL Jake Cronenworth,,,
271,5210612398,Rell19305,0,51.5,CPT Jake Cronenworth UTIL Corbin Carroll UTIL Jackson Merrill UTIL Ty France UTIL Geraldo Perdomo UTIL Luis Rengifo,,,
271,5210616375,petem940 (2/4),0,51.5,CPT Gabriel Moreno UTIL Fernando Tatis Jr. UTIL Corbin Carroll UTIL Manny Machado UTIL Lars Nootbaar UTIL Freddy Fermin,,,
271,5210635904,tonymal93 (2/3),0,51.5,CPT Fernando Tatis Jr. UTIL Manny Machado UTIL Ty France UTIL Luis Rengifo UTIL Max Kepler UTIL Freddy Fermin,,,
271,5210643248,Dogcatcher32,0,51.5,CPT Gabriel Moreno UTIL Fernando Tatis Jr. UTIL Corbin Carroll UTIL Geraldo Perdomo UTIL Luis Rengifo UTIL Freddy Fermin,,,
271,5210644624,dpont1,0,51.5,CPT Gabriel Moreno UTIL Fernando Tatis Jr. UTIL Corbin Carroll UTIL Geraldo Perdomo UTIL Luis Rengifo UTIL Freddy Fermin,,,
296,5210630374,ac919 (7/20),0,51.3,CPT Jake Cronenworth UTIL Walker Buehler UTIL Fernando Tatis Jr. UTIL Manny Machado UTIL Luis Rengifo UTIL Tim Tawa,,,
296,5210630375,ac919 (8/20),0,51.3,CPT Luis Rengifo UTIL Walker Buehler UTIL Fernando Tatis Jr. UTIL Jackson Merrill UTIL Tim Tawa UTIL Freddy Fermin,,,
296,5210676169,joeyduece09 (9/9),0,51.3,CPT Jake Cronenworth UTIL Walker Buehler UTIL Fernando Tatis Jr. UTIL Corbin Carroll UTIL Xander Bogaerts UTIL Tim Tawa,,,
299,5209692298,ivymoose (20/20),0,51.2,CPT Walker Buehler UTIL Fernando Tatis Jr. UTIL Jackson Merrill UTIL Lars Nootbaar UTIL Jake Cronenworth UTIL Freddy Fermin,,,
299,5209951260,ataribravo (11/20),0,51.2,CPT Walker Buehler UTIL Jackson Merrill UTIL Ty France UTIL Xander Bogaerts UTIL Max Kepler UTIL Freddy Fermin,,,
299,5209985454,sbolomo (6/20),0,51.2,CPT Walker Buehler UTIL Jackson Merrill UTIL Ty France UTIL Xander Bogaerts UTIL Max Kepler UTIL Freddy Fermin,,,
299,5210148618,austin60915 (13/20),0,51.2,CPT Walker Buehler UTIL Ty France UTIL Luis Rengifo UTIL Xander Bogaerts UTIL Ryan Waldschmidt UTIL Jake Cronenworth,,,
299,5210212780,TheBigOuch (20/20),0,51.2,CPT Walker Buehler UTIL Ty France UTIL Luis Rengifo UTIL Xander Bogaerts UTIL Ryan Waldschmidt UTIL Jake Cronenworth,,,
299,5210360232,Mige1 (14/20),0,51.2,CPT Walker Buehler UTIL Fernando Tatis Jr. UTIL Jackson Merrill UTIL Max Kepler UTIL Jake Cronenworth UTIL Freddy Fermin,,,
299,5210412138,Mathis (14/20),0,51.2,CPT Walker Buehler UTIL Jackson Merrill UTIL Ty France UTIL Xander Bogaerts UTIL Max Kepler UTIL Freddy Fermin,,,
299,5210540278,jwclark311 (4/20),0,51.2,CPT Walker Buehler UTIL Ketel Marte UTIL Jackson Merrill UTIL Luis Rengifo UTIL Jake Cronenworth UTIL Freddy Fermin,,,
299,5210563195,Billycowboys (1/5),0,51.2,CPT Walker Buehler UTIL Fernando Tatis Jr. UTIL Jackson Merrill UTIL Lars Nootbaar UTIL Jake Cronenworth UTIL Freddy Fermin,,,
299,5210563260,Billycowboys (2/5),0,51.2,CPT Walker Buehler UTIL Fernando Tatis Jr. UTIL Jackson Merrill UTIL Max Kepler UTIL Jake Cronenworth UTIL Freddy Fermin,,,
299,5210578993,Schrinepiece92 (5/20),0,51.2,CPT Walker Buehler UTIL Jackson Merrill UTIL Ty France UTIL Xander Bogaerts UTIL Max Kepler UTIL Freddy Fermin,,,
299,5210590639,bossplayer318 (19/20),0,51.2,CPT Walker Buehler UTIL Jackson Merrill UTIL Ty France UTIL Xander Bogaerts UTIL Max Kepler UTIL Freddy Fermin,,,
299,5210603442,dtapper29 (6/20),0,51.2,CPT Walker Buehler UTIL Fernando Tatis Jr. UTIL Jackson Merrill UTIL Max Kepler UTIL Jake Cronenworth UTIL Freddy Fermin,,,
299,5210617386,Babysumo92 (5/5),0,51.2,CPT Walker Buehler UTIL Fernando Tatis Jr. UTIL Jackson Merrill UTIL Tim Tawa UTIL Jake Cronenworth UTIL Freddy Fermin,,,
299,5210620857,DigitalDreams (12/20),0,51.2,CPT Walker Buehler UTIL Fernando Tatis Jr. UTIL Jackson Merrill UTIL Lars Nootbaar UTIL Jake Cronenworth UTIL Freddy Fermin,,,
299,5210662609,HC0023 (9/20),0,51.2,CPT Walker Buehler UTIL Ty France UTIL Luis Rengifo UTIL Xander Bogaerts UTIL Ryan Waldschmidt UTIL Jake Cronenworth,,,
315,5209893225,jstoltman3 (2/2),0,51,CPT Geraldo Perdomo UTIL Fernando Tatis Jr. UTIL Jackson Merrill UTIL Ty France UTIL Freddy Fermin UTIL Gabriel Moreno,,,
315,5209898850,jeclark3 (2/2),0,51,CPT Manny Machado UTIL Fernando Tatis Jr. UTIL Corbin Carroll UTIL Jackson Merrill UTIL Jake Cronenworth UTIL Freddy Fermin,,,
315,5209985461,sbolomo (13/20),0,51,CPT Manny Machado UTIL Fernando Tatis Jr. UTIL Jackson Merrill UTIL Luis Rengifo UTIL Tim Tawa UTIL Jake Cronenworth,,,
315,5209998779,pat_the_hat2 (20/20),0,51,CPT Jackson Merrill UTIL Ty France UTIL Nolan Arenado UTIL Xander Bogaerts UTIL Max Kepler UTIL Gabriel Moreno,,,
315,5210181234,goofybh207 (1/5),0,51,CPT Manny Machado UTIL Fernando Tatis Jr. UTIL Corbin Carroll UTIL Jackson Merrill UTIL Jake Cronenworth UTIL Freddy Fermin,,,
315,5210217573,Christez1726 (3/6),0,51,CPT Manny Machado UTIL Fernando Tatis Jr. UTIL Corbin Carroll UTIL Jackson Merrill UTIL Jake Cronenworth UTIL Freddy Fermin,,,
315,5210296713,dogmomca,0,51,CPT Jackson Merrill UTIL Manny Machado UTIL Ty France UTIL Luis Rengifo UTIL Nolan Arenado UTIL Jake Cronenworth,,,
315,5210343994,SliceB,0,51,CPT Ty France UTIL Corbin Carroll UTIL Jackson Merrill UTIL Nolan Arenado UTIL Tim Tawa UTIL Gabriel Moreno,,,
315,5210548584,achamp4real (1/7),0,51,CPT Xander Bogaerts UTIL Fernando Tatis Jr. UTIL Manny Machado UTIL Luis Rengifo UTIL Gavin Sheets UTIL Gabriel Moreno,,,
315,5210572446,markcamaro (14/14),0,51,CPT Ty France UTIL Fernando Tatis Jr. UTIL Corbin Carroll UTIL Jackson Merrill UTIL Ryan Waldschmidt UTIL Freddy Fermin,,,
315,5210575699,bassguy39 (5/12),0,51,CPT Jackson Merrill UTIL Fernando Tatis Jr. UTIL Ty France UTIL Geraldo Perdomo UTIL Xander Bogaerts UTIL Freddy Fermin,,,
315,5210585124,Tappin26 (1/2),0,51,CPT Ty France UTIL Corbin Carroll UTIL Jackson Merrill UTIL Nolan Arenado UTIL Tim Tawa UTIL Gabriel Moreno,,,
315,5210591800,pdanielsjr (3/20),0,51,CPT Manny Machado UTIL Corbin Carroll UTIL Jackson Merrill UTIL Lars Nootbaar UTIL Jake Cronenworth UTIL Gabriel Moreno,,,
315,5210615627,mg3era,0,51,CPT Manny Machado UTIL Corbin Carroll UTIL Jackson Merrill UTIL Lars Nootbaar UTIL Jake Cronenworth UTIL Gabriel Moreno,,,
315,5210630368,ac919 (1/20),0,51,CPT Manny Machado UTIL Jackson Merrill UTIL Ty France UTIL Luis Rengifo UTIL Xander Bogaerts UTIL Tim Tawa,,,
315,5210641497,dahoward1974 (1/9),0,51,CPT Jackson Merrill UTIL Fernando Tatis Jr. UTIL Luis Rengifo UTIL Lars Nootbaar UTIL Ryan Waldschmidt UTIL Gabriel Moreno,,,
315,5210646953,cameronhart23 (16/20),0,51,CPT Ty France UTIL Fernando Tatis Jr. UTIL Jackson Merrill UTIL Luis Rengifo UTIL Max Kepler UTIL Gavin Sheets,,,
315,5210662619,HC0023 (19/20),0,51,CPT Manny Machado UTIL Jackson Merrill UTIL Ty France UTIL Luis Rengifo UTIL Xander Bogaerts UTIL Tim Tawa,,,
315,5210666577,dvebo,0,51,CPT Ty France UTIL Corbin Carroll UTIL Jackson Merrill UTIL Nolan Arenado UTIL Tim Tawa UTIL Gabriel Moreno,,,
334,5209902708,niquisition (20/20),0,50.8,CPT Gavin Sheets UTIL Walker Buehler UTIL Fernando Tatis Jr. UTIL Luis Rengifo UTIL Jake Cronenworth UTIL Gabriel Moreno,,,
334,5210112833,Stree (7/7),0,50.8,CPT Jackson Merrill UTIL Walker Buehler UTIL Fernando Tatis Jr. UTIL Xander Bogaerts UTIL Tim Tawa UTIL Freddy Fermin,,,
334,5210195459,joeywill333 (2/2),0,50.8,CPT Ty France UTIL Walker Buehler UTIL Manny Machado UTIL Jackson Merrill UTIL Tim Tawa UTIL Freddy Fermin,,,
334,5210195461,chiefsgrammy (2/2),0,50.8,CPT Ty France UTIL Walker Buehler UTIL Manny Machado UTIL Jackson Merrill UTIL Tim Tawa UTIL Freddy Fermin,,,
334,5210454587,Uvafan100 (1/4),0,50.8,CPT Jackson Merrill UTIL Walker Buehler UTIL Luis Rengifo UTIL Nolan Arenado UTIL Freddy Fermin UTIL Gabriel Moreno,,,
334,5210521879,eddymac222 (4/20),0,50.8,CPT Xander Bogaerts UTIL Walker Buehler UTIL Manny Machado UTIL Ty France UTIL Lars Nootbaar UTIL Jake Cronenworth,,,
334,5210539973,mandrzejewski (1/3),0,50.8,CPT Ty France UTIL Walker Buehler UTIL Jackson Merrill UTIL Xander Bogaerts UTIL Max Kepler UTIL Tim Tawa,,,
334,5210667542,Orangechocolate70 (20/20),0,50.8,CPT Ty France UTIL Walker Buehler UTIL Corbin Carroll UTIL Luis Rengifo UTIL Tim Tawa UTIL Freddy Fermin,,,
342,5210608934,dhoulton35,0,50.55,CPT Corbin Carroll UTIL Fernando Tatis Jr. UTIL Ty France UTIL Lars Nootbaar UTIL Gabriel Moreno UTIL Juan Morillo,,,
343,5209998765,pat_the_hat2 (6/20),0,50.5,CPT Corbin Carroll UTIL Fernando Tatis Jr. UTIL Ty France UTIL Xander Bogaerts UTIL Gavin Sheets UTIL Jake Cronenworth,,,
343,5209998767,pat_the_hat2 (8/20),0,50.5,CPT Fernando Tatis Jr. UTIL Manny Machado UTIL Ty France UTIL Gavin Sheets UTIL Tim Tawa UTIL Gabriel Moreno,,,
343,5210060730,JcClark18 (15/20),0,50.5,CPT Fernando Tatis Jr. UTIL Jackson Merrill UTIL Ty France UTIL Luis Rengifo UTIL Gavin Sheets UTIL Tim Tawa,,,
343,5210069783,rsumrall (20/20),0,50.5,CPT Corbin Carroll UTIL Jackson Merrill UTIL Ty France UTIL Geraldo Perdomo UTIL Freddy Fermin UTIL Gabriel Moreno,,,
343,5210157970,BChad24,0,50.5,CPT Max Kepler UTIL Fernando Tatis Jr. UTIL Ketel Marte UTIL Luis Rengifo UTIL Xander Bogaerts UTIL Gabriel Moreno,,,
343,5210203686,jsamtoy (8/20),0,50.5,CPT Luis Rengifo UTIL Fernando Tatis Jr. UTIL Corbin Carroll UTIL Jackson Merrill UTIL Gavin Sheets UTIL Jake Cronenworth,,,
343,5210203687,jsamtoy (9/20),0,50.5,CPT Corbin Carroll UTIL Manny Machado UTIL Ty France UTIL Luis Rengifo UTIL Xander Bogaerts UTIL Freddy Fermin,,,
343,5210300172,jsw1264 (1/2),0,50.5,CPT Corbin Carroll UTIL Jackson Merrill UTIL Geraldo Perdomo UTIL Xander Bogaerts UTIL Jake Cronenworth UTIL Gabriel Moreno,,,
343,5210384309,Hatmanrox (1/2),0,50.5,CPT Fernando Tatis Jr. UTIL Corbin Carroll UTIL Xander Bogaerts UTIL Lars Nootbaar UTIL Tim Tawa UTIL Gabriel Moreno,,,
343,5210384310,Hatmanrox (2/2),0,50.5,CPT Fernando Tatis Jr. UTIL Corbin Carroll UTIL Xander Bogaerts UTIL Lars Nootbaar UTIL Tim Tawa UTIL Gabriel Moreno,,,
343,5210412139,Mathis (15/20),0,50.5,CPT Corbin Carroll UTIL Jackson Merrill UTIL Ty France UTIL Geraldo Perdomo UTIL Freddy Fermin UTIL Gabriel Moreno,,,
343,5210481624,Darkmen715 (18/20),0,50.5,CPT Gabriel Moreno UTIL Fernando Tatis Jr. UTIL Ketel Marte UTIL Ty France UTIL Lars Nootbaar UTIL Ryan Waldschmidt,,,
343,5210559105,funger31,0,50.5,CPT Corbin Carroll UTIL Fernando Tatis Jr. UTIL Ty France UTIL Luis Rengifo UTIL Lars Nootbaar UTIL Freddy Fermin,,,
343,5210575789,crookedzebra,0,50.5,CPT Corbin Carroll UTIL Fernando Tatis Jr. UTIL Ketel Marte UTIL Jackson Merrill UTIL Jake Cronenworth UTIL Freddy Fermin,,,
343,5210577229,jb3rd811 (3/3),0,50.5,CPT Tim Tawa UTIL Fernando Tatis Jr. UTIL Corbin Carroll UTIL Jackson Merrill UTIL Freddy Fermin UTIL Gabriel Moreno,,,
343,5210579581,vassarmt23,0,50.5,CPT Corbin Carroll UTIL Fernando Tatis Jr. UTIL Ty France UTIL Luis Rengifo UTIL Lars Nootbaar UTIL Freddy Fermin,,,
343,5210590231,ptello9298 (15/20),0,50.5,CPT Jake Cronenworth UTIL Fernando Tatis Jr. UTIL Manny Machado UTIL Ty France UTIL Lars Nootbaar UTIL Freddy Fermin,,,
343,5210596978,hermd011 (7/10),0,50.5,CPT Luis Rengifo UTIL Fernando Tatis Jr. UTIL Jackson Merrill UTIL Lars Nootbaar UTIL Ryan Waldschmidt UTIL Gabriel Moreno,,,
343,5210597557,Simonm33,0,50.5,CPT Corbin Carroll UTIL Ketel Marte UTIL Jackson Merrill UTIL Lars Nootbaar UTIL Jake Cronenworth UTIL Gabriel Moreno,,,
343,5210610516,Heaven2010 (7/13),0,50.5,CPT Corbin Carroll UTIL Ketel Marte UTIL Jackson Merrill UTIL Lars Nootbaar UTIL Jake Cronenworth UTIL Gabriel Moreno,,,
343,5210615808,LARamsfan45,0,50.5,CPT Fernando Tatis Jr. UTIL Corbin Carroll UTIL Xander Bogaerts UTIL Lars Nootbaar UTIL Tim Tawa UTIL Gabriel Moreno,,,
343,5210660145,YIMERS3,0,50.5,CPT Gabriel Moreno UTIL Corbin Carroll UTIL Ty France UTIL Geraldo Perdomo UTIL Luis Rengifo UTIL Tim Tawa,,,
343,5210665707,surfrider72 (9/9),0,50.5,CPT Lars Nootbaar UTIL Fernando Tatis Jr. UTIL Corbin Carroll UTIL Manny Machado UTIL Jake Cronenworth UTIL Gabriel Moreno,,,
343,5210667611,danielschmenk,0,50.5,CPT Gabriel Moreno UTIL Fernando Tatis Jr. UTIL Corbin Carroll UTIL Jackson Merrill UTIL Gavin Sheets UTIL Tim Tawa,,,
367,5209985457,sbolomo (9/20),0,50.3,CPT Jake Cronenworth UTIL Walker Buehler UTIL Fernando Tatis Jr. UTIL Luis Rengifo UTIL Nolan Arenado UTIL Xander Bogaerts,,,
367,5210549060,terminator31 (7/20),0,50.3,CPT Lars Nootbaar UTIL Walker Buehler UTIL Fernando Tatis Jr. UTIL Ty France UTIL Luis Rengifo UTIL Freddy Fermin,,,
367,5210661499,pbrk11 (2/3),0,50.3,CPT Fernando Tatis Jr. UTIL Walker Buehler UTIL Ty France UTIL James McCann UTIL Gabriel Moreno UTIL Yuki Matsui,,,
367,5210670045,kayson1995 (4/4),0,50.3,CPT Luis Rengifo UTIL Walker Buehler UTIL Manny Machado UTIL Jackson Merrill UTIL Tim Tawa UTIL Jake Cronenworth,,,
367,5210671588,KILLANADZ24 (12/20),0,50.3,CPT Fernando Tatis Jr. UTIL Walker Buehler UTIL Luis Rengifo UTIL Xander Bogaerts UTIL Tim Tawa UTIL Freddy Fermin,,,
372,5209692280,ivymoose (2/20),0,50.2,CPT Walker Buehler UTIL Fernando Tatis Jr. UTIL Luis Rengifo UTIL Lars Nootbaar UTIL Jake Cronenworth UTIL Freddy Fermin,,,
372,5209692289,ivymoose (11/20),0,50.2,CPT Walker Buehler UTIL Fernando Tatis Jr. UTIL Xander Bogaerts UTIL Gavin Sheets UTIL Freddy Fermin UTIL Gabriel Moreno,,,
372,5209758159,Sammy.Boy (9/20),0,50.2,CPT Walker Buehler UTIL Jackson Merrill UTIL Luis Rengifo UTIL Gavin Sheets UTIL Freddy Fermin UTIL Gabriel Moreno,,,
372,5209902695,niquisition (7/20),0,50.2,CPT Walker Buehler UTIL Fernando Tatis Jr. UTIL Ty France UTIL Luis Rengifo UTIL Freddy Fermin UTIL Paul Sewald,,,
372,5209951257,ataribravo (8/20),0,50.2,CPT Walker Buehler UTIL Fernando Tatis Jr. UTIL Luis Rengifo UTIL Xander Bogaerts UTIL Jake Cronenworth UTIL Taylor Clarke,,,
372,5210025676,LTskelter (3/20),0,50.2,CPT Walker Buehler UTIL Fernando Tatis Jr. UTIL Luis Rengifo UTIL Xander Bogaerts UTIL Jake Cronenworth UTIL Paul Sewald,,,
372,5210040171,gwatts77 (1/20),0,50.2,CPT Walker Buehler UTIL Fernando Tatis Jr. UTIL Xander Bogaerts UTIL Gavin Sheets UTIL Freddy Fermin UTIL Gabriel Moreno,,,
372,5210060733,JcClark18 (18/20),0,50.2,CPT Walker Buehler UTIL Fernando Tatis Jr. UTIL Xander Bogaerts UTIL Gavin Sheets UTIL Freddy Fermin UTIL Gabriel Moreno,,,
372,5210324653,Satch65 (6/20),0,50.2,CPT Walker Buehler UTIL Fernando Tatis Jr. UTIL Xander Bogaerts UTIL Gavin Sheets UTIL Freddy Fermin UTIL Gabriel Moreno,,,
372,5210438352,JaserD (8/20),0,50.2,CPT Walker Buehler UTIL Fernando Tatis Jr. UTIL Ty France UTIL Luis Rengifo UTIL Freddy Fermin UTIL Kevin Ginkel,,,
372,5210620852,DigitalDreams (7/20),0,50.2,CPT Walker Buehler UTIL Fernando Tatis Jr. UTIL Xander Bogaerts UTIL Gavin Sheets UTIL Freddy Fermin UTIL Gabriel Moreno,,,
383,5210675869,Deano4367,0,50.15,CPT Luis Rengifo UTIL Corbin Carroll UTIL Manny Machado UTIL Jackson Merrill UTIL Xander Bogaerts UTIL Mason Miller,,,
384,5209500278,wcs1109 (3/20),0,50,CPT Manny Machado UTIL Corbin Carroll UTIL Jackson Merrill UTIL Ty France UTIL Tim Tawa UTIL Jake Cronenworth,,,
384,5209918393,piotrj10 (3/20),0,50,CPT Manny Machado UTIL Fernando Tatis Jr. UTIL Corbin Carroll UTIL Luis Rengifo UTIL Jake Cronenworth UTIL Freddy Fermin,,,
384,5210047973,diehardpatsfan (2/2),0,50,CPT Jackson Merrill UTIL Fernando Tatis Jr. UTIL Ty France UTIL Geraldo Perdomo UTIL Tim Tawa UTIL Jake Cronenworth,,,
384,5210124785,foutah (5/6),0,50,CPT Jackson Merrill UTIL Fernando Tatis Jr. UTIL Corbin Carroll UTIL Luis Rengifo UTIL Lars Nootbaar UTIL Freddy Fermin,,,
384,5210238837,SpeedRacer101 (14/20),0,50,CPT Manny Machado UTIL Jackson Merrill UTIL Geraldo Perdomo UTIL Luis Rengifo UTIL Jake Cronenworth UTIL Gabriel Moreno,,,
384,5210268315,jsh1122 (16/20),0,50,CPT Ty France UTIL Fernando Tatis Jr. UTIL Corbin Carroll UTIL Xander Bogaerts UTIL Lars Nootbaar UTIL Tim Tawa,,,
384,5210394050,mulcoux21 (1/2),0,50,CPT Ty France UTIL Fernando Tatis Jr. UTIL Jackson Merrill UTIL Xander Bogaerts UTIL Lars Nootbaar UTIL Ryan Waldschmidt,,,
384,5210528128,roberts2525 (7/10),0,50,CPT Ty France UTIL Fernando Tatis Jr. UTIL Corbin Carroll UTIL Xander Bogaerts UTIL Max Kepler UTIL Tim Tawa,,,
384,5210603447,dtapper29 (11/20),0,50,CPT Manny Machado UTIL Fernando Tatis Jr. UTIL Ty France UTIL Luis Rengifo UTIL Ryan Waldschmidt UTIL Jake Cronenworth,,,
384,5210604325,Benzino7711,0,50,CPT Ty France UTIL Fernando Tatis Jr. UTIL Corbin Carroll UTIL Manny Machado UTIL Tim Tawa UTIL Freddy Fermin,,,
384,5210605310,woodreb5 (3/20),0,50,CPT Jackson Merrill UTIL Fernando Tatis Jr. UTIL Manny Machado UTIL Luis Rengifo UTIL Ryan Waldschmidt UTIL Jake Cronenworth,,,
384,5210642737,brianinaurora,0,50,CPT Jackson Merrill UTIL Fernando Tatis Jr. UTIL Corbin Carroll UTIL Xander Bogaerts UTIL Ryan Waldschmidt UTIL Jake Cronenworth,,,
384,5210646954,cameronhart23 (17/20),0,50,CPT Jackson Merrill UTIL Fernando Tatis Jr. UTIL Manny Machado UTIL Luis Rengifo UTIL Ryan Waldschmidt UTIL Jake Cronenworth,,,
397,5209951267,ataribravo (18/20),0,49.8,CPT Ty France UTIL Walker Buehler UTIL Fernando Tatis Jr. UTIL Lars Nootbaar UTIL Gavin Sheets UTIL Jake Cronenworth,,,
397,5210025684,LTskelter (11/20),0,49.8,CPT Jackson Merrill UTIL Walker Buehler UTIL Manny Machado UTIL Ty France UTIL Tim Tawa UTIL Freddy Fermin,,,
397,5210461110,j-wolf05 (13/20),0,49.8,CPT Jackson Merrill UTIL Walker Buehler UTIL Manny Machado UTIL Xander Bogaerts UTIL Tim Tawa UTIL Jake Cronenworth,,,
397,5210496870,TNeidert (18/20),0,49.8,CPT Manny Machado UTIL Walker Buehler UTIL Ty France UTIL Xander Bogaerts UTIL Tim Tawa UTIL Jake Cronenworth,,,
397,5210573279,rainmania (3/20),0,49.8,CPT Ty France UTIL Walker Buehler UTIL Fernando Tatis Jr. UTIL Lars Nootbaar UTIL Gavin Sheets UTIL Jake Cronenworth,,,
397,5210576828,sgibby1231 (3/5),0,49.8,CPT Xander Bogaerts UTIL Walker Buehler UTIL Fernando Tatis Jr. UTIL Jackson Merrill UTIL Lars Nootbaar UTIL Freddy Fermin,,,
397,5210582517,jrice54 (11/20),0,49.8,CPT Ty France UTIL Walker Buehler UTIL Manny Machado UTIL Luis Rengifo UTIL Lars Nootbaar UTIL Freddy Fermin,,,
397,5210603452,dtapper29 (16/20),0,49.8,CPT Jackson Merrill UTIL Walker Buehler UTIL Manny Machado UTIL Xander Bogaerts UTIL Tim Tawa UTIL Jake Cronenworth,,,
397,5210615918,Rowdog31 (18/20),0,49.8,CPT Jackson Merrill UTIL Walker Buehler UTIL Manny Machado UTIL Xander Bogaerts UTIL Tim Tawa UTIL Jake Cronenworth,,,
397,5210621199,goheelz1 (5/7),0,49.8,CPT Jackson Merrill UTIL Walker Buehler UTIL Manny Machado UTIL Ty France UTIL Tim Tawa UTIL Freddy Fermin,,,
397,5210662618,HC0023 (18/20),0,49.8,CPT Jackson Merrill UTIL Walker Buehler UTIL Ty France UTIL Luis Rengifo UTIL Ryan Waldschmidt UTIL Freddy Fermin,,,
397,5210666359,mrw25 (16/20),0,49.8,CPT Ty France UTIL Walker Buehler UTIL Manny Machado UTIL Luis Rengifo UTIL Lars Nootbaar UTIL Freddy Fermin,,,
397,5210671231,bearrey,0,49.8,CPT Jackson Merrill UTIL Walker Buehler UTIL Manny Machado UTIL Ty France UTIL Tim Tawa UTIL Freddy Fermin,,,
397,5210675877,joeyduece09 (7/9),0,49.8,CPT Ty France UTIL Walker Buehler UTIL Fernando Tatis Jr. UTIL Lars Nootbaar UTIL Gavin Sheets UTIL Jake Cronenworth,,,
411,5210027893,tam92267,0,49.5,CPT Gabriel Moreno UTIL Corbin Carroll UTIL Ty France UTIL Nolan Arenado UTIL Xander Bogaerts UTIL Lars Nootbaar,,,
411,5210181235,goofybh207 (2/5),0,49.5,CPT Fernando Tatis Jr. UTIL Manny Machado UTIL Jackson Merrill UTIL Luis Rengifo UTIL Lars Nootbaar UTIL Freddy Fermin,,,
411,5210333680,CorteseHoboo,0,49.5,CPT Freddy Fermin UTIL Fernando Tatis Jr. UTIL Corbin Carroll UTIL Manny Machado UTIL Ketel Marte UTIL Gabriel Moreno,,,
411,5210481611,Darkmen715 (5/20),0,49.5,CPT Lars Nootbaar UTIL Manny Machado UTIL Jackson Merrill UTIL Ty France UTIL Luis Rengifo UTIL Xander Bogaerts,,,
411,5210489556,atat13 (4/20),0,49.5,CPT Freddy Fermin UTIL Fernando Tatis Jr. UTIL Corbin Carroll UTIL Manny Machado UTIL Ketel Marte UTIL Gabriel Moreno,,,
411,5210515618,Gingy55,0,49.5,CPT Ketel Marte UTIL Manny Machado UTIL Ty France UTIL Xander Bogaerts UTIL Tim Tawa UTIL Gabriel Moreno,,,
411,5210535243,KelvinDubs (14/20),0,49.5,CPT Gabriel Moreno UTIL Ketel Marte UTIL Jackson Merrill UTIL Ty France UTIL Geraldo Perdomo UTIL Tim Tawa,,,
411,5210579712,eltartas (2/3),0,49.5,CPT Luis Rengifo UTIL Fernando Tatis Jr. UTIL Ty France UTIL Geraldo Perdomo UTIL Xander Bogaerts UTIL Freddy Fermin,,,
411,5210586850,Devon_g117,0,49.5,CPT Freddy Fermin UTIL Fernando Tatis Jr. UTIL Corbin Carroll UTIL Manny Machado UTIL Ketel Marte UTIL Gabriel Moreno,,,
411,5210588801,RobbCobb,0,49.5,CPT Freddy Fermin UTIL Fernando Tatis Jr. UTIL Corbin Carroll UTIL Manny Machado UTIL Ketel Marte UTIL Gabriel Moreno,,,
411,5210590635,bossplayer318 (15/20),0,49.5,CPT Fernando Tatis Jr. UTIL Manny Machado UTIL Jackson Merrill UTIL Ty France UTIL Ryan Waldschmidt UTIL Freddy Fermin,,,
411,5210593731,hermd011 (6/10),0,49.5,CPT Gabriel Moreno UTIL Fernando Tatis Jr. UTIL Jackson Merrill UTIL Geraldo Perdomo UTIL Nolan Arenado UTIL Jake Cronenworth,,,
411,5210620144,kerryjustin1,0,49.5,CPT Fernando Tatis Jr. UTIL Manny Machado UTIL Jackson Merrill UTIL Xander Bogaerts UTIL Ryan Waldschmidt UTIL Jake Cronenworth,,,
411,5210636614,munches22,0,49.5,CPT Fernando Tatis Jr. UTIL Manny Machado UTIL Jackson Merrill UTIL Xander Bogaerts UTIL Ryan Waldschmidt UTIL Jake Cronenworth,,,
411,5210654694,bigdaddy27j,0,49.5,CPT Freddy Fermin UTIL Fernando Tatis Jr. UTIL Corbin Carroll UTIL Manny Machado UTIL Ketel Marte UTIL Gabriel Moreno,,,
426,5210403903,cwthrow24 (17/20),0,49.3,CPT Luis Rengifo UTIL Walker Buehler UTIL Jackson Merrill UTIL Ty France UTIL Nolan Arenado UTIL Freddy Fermin,,,
426,5210522782,eddymac222 (5/20),0,49.3,CPT Luis Rengifo UTIL Walker Buehler UTIL Corbin Carroll UTIL Manny Machado UTIL Jake Cronenworth UTIL Freddy Fermin,,,
426,5210542379,SIRNBT1 (3/5),0,49.3,CPT Fernando Tatis Jr. UTIL Walker Buehler UTIL Ty France UTIL Gavin Sheets UTIL Tim Tawa UTIL Jake Cronenworth,,,
426,5210549103,falstaff64,0,49.3,CPT Luis Rengifo UTIL Walker Buehler UTIL Fernando Tatis Jr. UTIL Xander Bogaerts UTIL Lars Nootbaar UTIL Freddy Fermin,,,
426,5210565033,box12,0,49.3,CPT Fernando Tatis Jr. UTIL Walker Buehler UTIL Corbin Carroll UTIL Lars Nootbaar UTIL Jake Cronenworth UTIL Freddy Fermin,,,
426,5210604086,84flipmode (4/20),0,49.3,CPT Ketel Marte UTIL Walker Buehler UTIL Ty France UTIL Luis Rengifo UTIL Tim Tawa UTIL Jake Cronenworth,,,
426,5210621815,kpalmer2018,0,49.3,CPT Corbin Carroll UTIL Walker Buehler UTIL Ty France UTIL Gavin Sheets UTIL Freddy Fermin UTIL Gabriel Moreno,,,
426,5210625271,84flipmode (15/20),0,49.3,CPT Jake Cronenworth UTIL Walker Buehler UTIL Corbin Carroll UTIL Luis Rengifo UTIL Xander Bogaerts UTIL Lars Nootbaar,,,
434,5209902707,niquisition (19/20),0,49.25,CPT Ty France UTIL Walker Buehler UTIL Kohl Drake UTIL Luis Rengifo UTIL Jake Cronenworth UTIL Freddy Fermin,,,
435,5210165786,Karlness,0,49.2,CPT Walker Buehler UTIL Fernando Tatis Jr. UTIL Luis Rengifo UTIL Xander Bogaerts UTIL Tim Tawa UTIL Freddy Fermin,,,
435,5210238838,SpeedRacer101 (15/20),0,49.2,CPT Walker Buehler UTIL Fernando Tatis Jr. UTIL Luis Rengifo UTIL Xander Bogaerts UTIL Tim Tawa UTIL Freddy Fermin,,,
435,5210562490,cw1tt (1/20),0,49.2,CPT Walker Buehler UTIL Fernando Tatis Jr. UTIL Luis Rengifo UTIL Xander Bogaerts UTIL Tim Tawa UTIL Freddy Fermin,,,
435,5210562491,cw1tt (2/20),0,49.2,CPT Walker Buehler UTIL Fernando Tatis Jr. UTIL Luis Rengifo UTIL Xander Bogaerts UTIL Tim Tawa UTIL Freddy Fermin,,,
435,5210562492,cw1tt (3/20),0,49.2,CPT Walker Buehler UTIL Fernando Tatis Jr. UTIL Luis Rengifo UTIL Xander Bogaerts UTIL Tim Tawa UTIL Freddy Fermin,,,
435,5210562493,cw1tt (4/20),0,49.2,CPT Walker Buehler UTIL Fernando Tatis Jr. UTIL Luis Rengifo UTIL Xander Bogaerts UTIL Tim Tawa UTIL Freddy Fermin,,,
435,5210562494,cw1tt (5/20),0,49.2,CPT Walker Buehler UTIL Fernando Tatis Jr. UTIL Luis Rengifo UTIL Xander Bogaerts UTIL Tim Tawa UTIL Freddy Fermin,,,
435,5210562495,cw1tt (6/20),0,49.2,CPT Walker Buehler UTIL Fernando Tatis Jr. UTIL Luis Rengifo UTIL Xander Bogaerts UTIL Tim Tawa UTIL Freddy Fermin,,,
435,5210562496,cw1tt (7/20),0,49.2,CPT Walker Buehler UTIL Fernando Tatis Jr. UTIL Luis Rengifo UTIL Xander Bogaerts UTIL Tim Tawa UTIL Freddy Fermin,,,
435,5210562497,cw1tt (8/20),0,49.2,CPT Walker Buehler UTIL Fernando Tatis Jr. UTIL Luis Rengifo UTIL Xander Bogaerts UTIL Tim Tawa UTIL Freddy Fermin,,,
435,5210562498,cw1tt (9/20),0,49.2,CPT Walker Buehler UTIL Fernando Tatis Jr. UTIL Luis Rengifo UTIL Xander Bogaerts UTIL Tim Tawa UTIL Freddy Fermin,,,
435,5210562499,cw1tt (10/20),0,49.2,CPT Walker Buehler UTIL Fernando Tatis Jr. UTIL Luis Rengifo UTIL Xander Bogaerts UTIL Tim Tawa UTIL Freddy Fermin,,,
435,5210562500,cw1tt (11/20),0,49.2,CPT Walker Buehler UTIL Fernando Tatis Jr. UTIL Luis Rengifo UTIL Xander Bogaerts UTIL Tim Tawa UTIL Freddy Fermin,,,
435,5210562501,cw1tt (12/20),0,49.2,CPT Walker Buehler UTIL Fernando Tatis Jr. UTIL Luis Rengifo UTIL Xander Bogaerts UTIL Tim Tawa UTIL Freddy Fermin,,,
435,5210562502,cw1tt (13/20),0,49.2,CPT Walker Buehler UTIL Fernando Tatis Jr. UTIL Luis Rengifo UTIL Xander Bogaerts UTIL Tim Tawa UTIL Freddy Fermin,,,
435,5210562503,cw1tt (14/20),0,49.2,CPT Walker Buehler UTIL Fernando Tatis Jr. UTIL Luis Rengifo UTIL Xander Bogaerts UTIL Tim Tawa UTIL Freddy Fermin,,,
435,5210562504,cw1tt (15/20),0,49.2,CPT Walker Buehler UTIL Fernando Tatis Jr. UTIL Luis Rengifo UTIL Xander Bogaerts UTIL Tim Tawa UTIL Freddy Fermin,,,
435,5210562505,cw1tt (16/20),0,49.2,CPT Walker Buehler UTIL Fernando Tatis Jr. UTIL Luis Rengifo UTIL Xander Bogaerts UTIL Tim Tawa UTIL Freddy Fermin,,,
435,5210562506,cw1tt (17/20),0,49.2,CPT Walker Buehler UTIL Fernando Tatis Jr. UTIL Luis Rengifo UTIL Xander Bogaerts UTIL Tim Tawa UTIL Freddy Fermin,,,
435,5210562507,cw1tt (18/20),0,49.2,CPT Walker Buehler UTIL Fernando Tatis Jr. UTIL Luis Rengifo UTIL Xander Bogaerts UTIL Tim Tawa UTIL Freddy Fermin,,,
435,5210562508,cw1tt (19/20),0,49.2,CPT Walker Buehler UTIL Fernando Tatis Jr. UTIL Luis Rengifo UTIL Xander Bogaerts UTIL Tim Tawa UTIL Freddy Fermin,,,
435,5210562509,cw1tt (20/20),0,49.2,CPT Walker Buehler UTIL Fernando Tatis Jr. UTIL Luis Rengifo UTIL Xander Bogaerts UTIL Tim Tawa UTIL Freddy Fermin,,,
435,5210663905,Mindfire,0,49.2,CPT Walker Buehler UTIL Jackson Merrill UTIL Ty France UTIL Geraldo Perdomo UTIL Jake Cronenworth UTIL Freddy Fermin,,,
458,5210203683,jsamtoy (5/20),0,49,CPT Jackson Merrill UTIL Fernando Tatis Jr. UTIL Ty France UTIL Xander Bogaerts UTIL Lars Nootbaar UTIL Gavin Sheets,,,
458,5210212559,doubleracer,0,49,CPT Jackson Merrill UTIL Ty France UTIL Geraldo Perdomo UTIL Luis Rengifo UTIL Ryan Waldschmidt UTIL Gabriel Moreno,,,
458,5210582523,jrice54 (17/20),0,49,CPT Manny Machado UTIL Jackson Merrill UTIL Luis Rengifo UTIL Xander Bogaerts UTIL Gavin Sheets UTIL Gabriel Moreno,,,
458,5210593058,smk5430 (10/20),0,49,CPT Manny Machado UTIL Corbin Carroll UTIL Ty France UTIL Luis Rengifo UTIL Lars Nootbaar UTIL Jake Cronenworth,,,
458,5210604084,elshaba,0,49,CPT Manny Machado UTIL Fernando Tatis Jr. UTIL Ketel Marte UTIL Jackson Merrill UTIL Jake Cronenworth UTIL Freddy Fermin,,,
458,5210605326,woodreb5 (19/20),0,49,CPT Ty France UTIL Manny Machado UTIL Luis Rengifo UTIL Nolan Arenado UTIL Lars Nootbaar UTIL Gabriel Moreno,,,
458,5210611104,madman142,0,49,CPT Jackson Merrill UTIL Ketel Marte UTIL Ty France UTIL Geraldo Perdomo UTIL Xander Bogaerts UTIL Jake Cronenworth,,,
458,5210626195,coolsouthernbrees (12/16),0,49,CPT Ty France UTIL Fernando Tatis Jr. UTIL Geraldo Perdomo UTIL Luis Rengifo UTIL Xander Bogaerts UTIL Tim Tawa,,,
458,5210626877,faygox2x,0,49,CPT Ty France UTIL Corbin Carroll UTIL Manny Machado UTIL Geraldo Perdomo UTIL Freddy Fermin UTIL Gabriel Moreno,,,
458,5210641936,w00ster (2/3),0,49,CPT Ty France UTIL Fernando Tatis Jr. UTIL Corbin Carroll UTIL Nolan Arenado UTIL Xander Bogaerts UTIL Freddy Fermin,,,
458,5210650699,sibobterminator,0,49,CPT Manny Machado UTIL Jackson Merrill UTIL Luis Rengifo UTIL Xander Bogaerts UTIL Ryan Waldschmidt UTIL Gabriel Moreno,,,
458,5210666362,mrw25 (19/20),0,49,CPT Jackson Merrill UTIL Corbin Carroll UTIL Manny Machado UTIL Luis Rengifo UTIL Tim Tawa UTIL Jake Cronenworth,,,
470,5210603355,84flipmode (3/20),0,48.95,CPT Fernando Tatis Jr. UTIL Kohl Drake UTIL Ty France UTIL Tim Tawa UTIL Freddy Fermin UTIL Gabriel Moreno,,,
470,5210608741,pdanielsjr (15/20),0,48.95,CPT Fernando Tatis Jr. UTIL Kohl Drake UTIL Xander Bogaerts UTIL Tim Tawa UTIL Jake Cronenworth UTIL Gabriel Moreno,,,
472,5209902706,niquisition (18/20),0,48.8,CPT Jackson Merrill UTIL Walker Buehler UTIL Ty France UTIL Nolan Arenado UTIL Xander Bogaerts UTIL Freddy Fermin,,,
472,5210025687,LTskelter (14/20),0,48.8,CPT Manny Machado UTIL Walker Buehler UTIL Luis Rengifo UTIL Gavin Sheets UTIL Jake Cronenworth UTIL Gabriel Moreno,,,
472,5210025689,LTskelter (16/20),0,48.8,CPT Ty France UTIL Walker Buehler UTIL Jackson Merrill UTIL Luis Rengifo UTIL Gavin Sheets UTIL Tim Tawa,,,
472,5210203694,jsamtoy (16/20),0,48.8,CPT Manny Machado UTIL Walker Buehler UTIL Luis Rengifo UTIL Gavin Sheets UTIL Jake Cronenworth UTIL Gabriel Moreno,,,
472,5210263956,UniversalFriend (20/20),0,48.8,CPT Ty France UTIL Walker Buehler UTIL Jackson Merrill UTIL Luis Rengifo UTIL Gavin Sheets UTIL Tim Tawa,,,
472,5210358033,45dojo (4/8),0,48.8,CPT Jackson Merrill UTIL Walker Buehler UTIL Fernando Tatis Jr. UTIL Nolan Arenado UTIL Jake Cronenworth UTIL Freddy Fermin,,,
472,5210381216,Ezilodi (12/20),0,48.8,CPT Manny Machado UTIL Walker Buehler UTIL Luis Rengifo UTIL Gavin Sheets UTIL Jake Cronenworth UTIL Gabriel Moreno,,,
472,5210466771,racedogfootball87 (3/3),0,48.8,CPT Gavin Sheets UTIL Walker Buehler UTIL Jackson Merrill UTIL Luis Rengifo UTIL Xander Bogaerts UTIL Gabriel Moreno,,,
472,5210521492,eddymac222 (3/20),0,48.8,CPT Gavin Sheets UTIL Walker Buehler UTIL Jackson Merrill UTIL Luis Rengifo UTIL Xander Bogaerts UTIL Gabriel Moreno,,,
472,5210540285,jwclark311 (11/20),0,48.8,CPT Ty France UTIL Walker Buehler UTIL Jackson Merrill UTIL Luis Rengifo UTIL Gavin Sheets UTIL Tim Tawa,,,
472,5210549068,terminator31 (15/20),0,48.8,CPT Xander Bogaerts UTIL Walker Buehler UTIL Jackson Merrill UTIL Luis Rengifo UTIL Nolan Arenado UTIL Jake Cronenworth,,,
472,5210549069,terminator31 (16/20),0,48.8,CPT Manny Machado UTIL Walker Buehler UTIL Luis Rengifo UTIL Gavin Sheets UTIL Jake Cronenworth UTIL Gabriel Moreno,,,
472,5210590480,rams779 (4/4),0,48.8,CPT Jackson Merrill UTIL Walker Buehler UTIL Fernando Tatis Jr. UTIL Ryan Waldschmidt UTIL Jake Cronenworth UTIL Freddy Fermin,,,
472,5210603454,dtapper29 (18/20),0,48.8,CPT Ty France UTIL Walker Buehler UTIL Jackson Merrill UTIL Luis Rengifo UTIL Gavin Sheets UTIL Tim Tawa,,,
472,5210641725,monarch11 (2/20),0,48.8,CPT Ty France UTIL Walker Buehler UTIL Jackson Merrill UTIL Luis Rengifo UTIL Gavin Sheets UTIL Tim Tawa,,,
472,5210666361,mrw25 (18/20),0,48.8,CPT Ty France UTIL Walker Buehler UTIL Manny Machado UTIL Xander Bogaerts UTIL Max Kepler UTIL Freddy Fermin,,,
488,5209500281,wcs1109 (6/20),0,48.5,CPT Luis Rengifo UTIL Corbin Carroll UTIL Manny Machado UTIL Geraldo Perdomo UTIL Jake Cronenworth UTIL Gabriel Moreno,,,
488,5209500283,wcs1109 (8/20),0,48.5,CPT Fernando Tatis Jr. UTIL Corbin Carroll UTIL Ty France UTIL Xander Bogaerts UTIL Gavin Sheets UTIL Freddy Fermin,,,
488,5210112832,Stree (6/7),0,48.5,CPT Luis Rengifo UTIL Corbin Carroll UTIL Manny Machado UTIL Geraldo Perdomo UTIL Jake Cronenworth UTIL Gabriel Moreno,,,
488,5210166673,floydian80 (4/20),0,48.5,CPT Luis Rengifo UTIL Corbin Carroll UTIL Manny Machado UTIL Geraldo Perdomo UTIL Jake Cronenworth UTIL Gabriel Moreno,,,
488,5210263951,UniversalFriend (15/20),0,48.5,CPT Fernando Tatis Jr. UTIL Corbin Carroll UTIL Ketel Marte UTIL Ty France UTIL Tim Tawa UTIL Freddy Fermin,,,
488,5210291343,ras205,0,48.5,CPT Fernando Tatis Jr. UTIL Corbin Carroll UTIL Nolan Arenado UTIL Lars Nootbaar UTIL Jake Cronenworth UTIL Gabriel Moreno,,,
488,5210455086,winthebigmoneyma,0,48.5,CPT Fernando Tatis Jr. UTIL Manny Machado UTIL Ketel Marte UTIL Lars Nootbaar UTIL Freddy Fermin UTIL Gabriel Moreno,,,
488,5210489554,atat13 (2/20),0,48.5,CPT Gabriel Moreno UTIL Fernando Tatis Jr. UTIL Ketel Marte UTIL Jackson Merrill UTIL Max Kepler UTIL Gavin Sheets,,,
488,5210489562,atat13 (10/20),0,48.5,CPT Gabriel Moreno UTIL Fernando Tatis Jr. UTIL Ketel Marte UTIL Jackson Merrill UTIL Max Kepler UTIL Gavin Sheets,,,
488,5210497696,Dirkdynasty (4/8),0,48.5,CPT Fernando Tatis Jr. UTIL Corbin Carroll UTIL Luis Rengifo UTIL Ryan Waldschmidt UTIL Tim Tawa UTIL Gabriel Moreno,,,
488,5210566851,VampGhost (4/4),0,48.5,CPT Gabriel Moreno UTIL Fernando Tatis Jr. UTIL Luis Rengifo UTIL Ryan Waldschmidt UTIL Gavin Sheets UTIL Jake Cronenworth,,,
488,5210572275,markcamaro (11/14),0,48.5,CPT Jake Cronenworth UTIL Fernando Tatis Jr. UTIL Manny Machado UTIL Ketel Marte UTIL Jackson Merrill UTIL Lars Nootbaar,,,
488,5210577034,MOBOO,0,48.5,CPT Corbin Carroll UTIL Ketel Marte UTIL Luis Rengifo UTIL Xander Bogaerts UTIL Tim Tawa UTIL Gabriel Moreno,,,
488,5210591616,jaysmooth22 (1/2),0,48.5,CPT Fernando Tatis Jr. UTIL Corbin Carroll UTIL Geraldo Perdomo UTIL Tim Tawa UTIL Jake Cronenworth UTIL Gabriel Moreno,,,
488,5210599703,MilkMonet (1/4),0,48.5,CPT Gabriel Moreno UTIL Corbin Carroll UTIL Jackson Merrill UTIL Geraldo Perdomo UTIL Luis Rengifo UTIL Tim Tawa,,,
488,5210610510,mikezaw,0,48.5,CPT Corbin Carroll UTIL Jackson Merrill UTIL Ty France UTIL Lars Nootbaar UTIL Gavin Sheets UTIL Gabriel Moreno,,,
488,5210616353,petem940 (1/4),0,48.5,CPT Fernando Tatis Jr. UTIL Corbin Carroll UTIL Ketel Marte UTIL Xander Bogaerts UTIL Tim Tawa UTIL Jake Cronenworth,,,
488,5210629468,jeetabrown,0,48.5,CPT Fernando Tatis Jr. UTIL Ty France UTIL Luis Rengifo UTIL Xander Bogaerts UTIL Lars Nootbaar UTIL Gavin Sheets,,,
488,5210650285,throwindarts66 (2/5),0,48.5,CPT Gabriel Moreno UTIL Fernando Tatis Jr. UTIL Corbin Carroll UTIL Nolan Arenado UTIL Xander Bogaerts UTIL Tim Tawa,,,
488,5210662554,Heaven2010 (13/13),0,48.5,CPT Luis Rengifo UTIL Fernando Tatis Jr. UTIL Manny Machado UTIL Ty France UTIL Lars Nootbaar UTIL Tim Tawa,,,
488,5210666167,Ebob954 (4/4),0,48.5,CPT Corbin Carroll UTIL Jackson Merrill UTIL Ty France UTIL Lars Nootbaar UTIL Gavin Sheets UTIL Gabriel Moreno,,,
488,5210667596,Zorlando (5/5),0,48.5,CPT Corbin Carroll UTIL Manny Machado UTIL Jackson Merrill UTIL Luis Rengifo UTIL Xander Bogaerts UTIL Freddy Fermin,,,
510,5210672922,dmckee1980,0,48.45,CPT Jackson Merrill UTIL Kohl Drake UTIL Luis Rengifo UTIL Tim Tawa UTIL Jake Cronenworth UTIL Gabriel Moreno,,,
511,5209692291,ivymoose (13/20),0,48.3,CPT Fernando Tatis Jr. UTIL Walker Buehler UTIL Manny Machado UTIL Lars Nootbaar UTIL Jake Cronenworth UTIL Freddy Fermin,,,
511,5210060727,JcClark18 (12/20),0,48.3,CPT Fernando Tatis Jr. UTIL Walker Buehler UTIL Manny Machado UTIL Lars Nootbaar UTIL Jake Cronenworth UTIL Freddy Fermin,,,
511,5210083328,kreller17 (12/20),0,48.3,CPT Fernando Tatis Jr. UTIL Walker Buehler UTIL Geraldo Perdomo UTIL Luis Rengifo UTIL Jake Cronenworth UTIL Freddy Fermin,,,
511,5210092885,chrispy2005 (9/20),0,48.3,CPT Fernando Tatis Jr. UTIL Walker Buehler UTIL Geraldo Perdomo UTIL Luis Rengifo UTIL Jake Cronenworth UTIL Freddy Fermin,,,
511,5210403905,cwthrow24 (19/20),0,48.3,CPT Fernando Tatis Jr. UTIL Walker Buehler UTIL Geraldo Perdomo UTIL Luis Rengifo UTIL Jake Cronenworth UTIL Freddy Fermin,,,
511,5210412140,Mathis (16/20),0,48.3,CPT Fernando Tatis Jr. UTIL Walker Buehler UTIL Geraldo Perdomo UTIL Luis Rengifo UTIL Jake Cronenworth UTIL Freddy Fermin,,,
511,5210480901,brown1258 (1/4),0,48.3,CPT Fernando Tatis Jr. UTIL Walker Buehler UTIL Manny Machado UTIL Lars Nootbaar UTIL Jake Cronenworth UTIL Freddy Fermin,,,
511,5210546426,ANTBC25 (3/10),0,48.3,CPT Fernando Tatis Jr. UTIL Walker Buehler UTIL Manny Machado UTIL Lars Nootbaar UTIL Jake Cronenworth UTIL Freddy Fermin,,,
511,5210550015,Valhalla (2/2),0,48.3,CPT Fernando Tatis Jr. UTIL Walker Buehler UTIL Manny Machado UTIL Tim Tawa UTIL Jake Cronenworth UTIL Freddy Fermin,,,
511,5210560025,124hoffman (1/8),0,48.3,CPT Fernando Tatis Jr. UTIL Walker Buehler UTIL Geraldo Perdomo UTIL Luis Rengifo UTIL Jake Cronenworth UTIL Freddy Fermin,,,
511,5210583279,arsmith8 (3/20),0,48.3,CPT Fernando Tatis Jr. UTIL Walker Buehler UTIL Manny Machado UTIL Max Kepler UTIL Jake Cronenworth UTIL Freddy Fermin,,,
511,5210586023,rodgo1,0,48.3,CPT Fernando Tatis Jr. UTIL Walker Buehler UTIL Xander Bogaerts UTIL Lars Nootbaar UTIL Max Kepler UTIL Jake Cronenworth,,,
511,5210586842,Rowdog31 (7/20),0,48.3,CPT Fernando Tatis Jr. UTIL Walker Buehler UTIL Manny Machado UTIL Lars Nootbaar UTIL Jake Cronenworth UTIL Freddy Fermin,,,
511,5210587991,Schrinepiece92 (17/20),0,48.3,CPT Fernando Tatis Jr. UTIL Walker Buehler UTIL Geraldo Perdomo UTIL Luis Rengifo UTIL Jake Cronenworth UTIL Freddy Fermin,,,
511,5210593057,smk5430 (9/20),0,48.3,CPT Fernando Tatis Jr. UTIL Walker Buehler UTIL Ty France UTIL Lars Nootbaar UTIL Max Kepler UTIL Freddy Fermin,,,
511,5210630381,ac919 (14/20),0,48.3,CPT Fernando Tatis Jr. UTIL Walker Buehler UTIL Geraldo Perdomo UTIL Luis Rengifo UTIL Jake Cronenworth UTIL Freddy Fermin,,,
511,5210641732,monarch11 (9/20),0,48.3,CPT Fernando Tatis Jr. UTIL Walker Buehler UTIL Geraldo Perdomo UTIL Luis Rengifo UTIL Jake Cronenworth UTIL Freddy Fermin,,,
511,5210671237,Tmaldonado12987,0,48.3,CPT Fernando Tatis Jr. UTIL Walker Buehler UTIL Manny Machado UTIL Lars Nootbaar UTIL Jake Cronenworth UTIL Freddy Fermin,,,
511,5210671589,KILLANADZ24 (13/20),0,48.3,CPT Fernando Tatis Jr. UTIL Walker Buehler UTIL Xander Bogaerts UTIL Lars Nootbaar UTIL Max Kepler UTIL Jake Cronenworth,,,
530,5209758157,Sammy.Boy (7/20),0,48.2,CPT Walker Buehler UTIL Fernando Tatis Jr. UTIL Ty France UTIL Gavin Sheets UTIL Tim Tawa UTIL Jake Cronenworth,,,
530,5209758165,Sammy.Boy (15/20),0,48.2,CPT Walker Buehler UTIL Manny Machado UTIL Ty France UTIL Luis Rengifo UTIL Tim Tawa UTIL Freddy Fermin,,,
530,5209831523,vstar1300 (1/6),0,48.2,CPT Walker Buehler UTIL Manny Machado UTIL Luis Rengifo UTIL Xander Bogaerts UTIL Tim Tawa UTIL Jake Cronenworth,,,
530,5209887173,Hinkle76 (4/10),0,48.2,CPT Walker Buehler UTIL Manny Machado UTIL Luis Rengifo UTIL Xander Bogaerts UTIL Tim Tawa UTIL Jake Cronenworth,,,
530,5209902701,niquisition (13/20),0,48.2,CPT Walker Buehler UTIL Jackson Merrill UTIL Luis Rengifo UTIL Xander Bogaerts UTIL Tim Tawa UTIL Freddy Fermin,,,
530,5209956925,MoneyRamirez (11/20),0,48.2,CPT Walker Buehler UTIL Manny Machado UTIL Ty France UTIL Luis Rengifo UTIL Tim Tawa UTIL Freddy Fermin,,,
530,5209984191,KGould86 (14/20),0,48.2,CPT Walker Buehler UTIL Manny Machado UTIL Ty France UTIL Luis Rengifo UTIL Tim Tawa UTIL Freddy Fermin,,,
530,5209984192,KGould86 (15/20),0,48.2,CPT Walker Buehler UTIL Fernando Tatis Jr. UTIL Ty France UTIL Gavin Sheets UTIL Tim Tawa UTIL Jake Cronenworth,,,
530,5209999682,whoisjohngalt420 (2/20),0,48.2,CPT Walker Buehler UTIL Fernando Tatis Jr. UTIL Ty France UTIL Gavin Sheets UTIL Tim Tawa UTIL Jake Cronenworth,,,
530,5210148608,austin60915 (3/20),0,48.2,CPT Walker Buehler UTIL Manny Machado UTIL Luis Rengifo UTIL Xander Bogaerts UTIL Tim Tawa UTIL Jake Cronenworth,,,
530,5210238826,SpeedRacer101 (3/20),0,48.2,CPT Walker Buehler UTIL Jackson Merrill UTIL Luis Rengifo UTIL Xander Bogaerts UTIL Lars Nootbaar UTIL Freddy Fermin,,,
530,5210238835,SpeedRacer101 (12/20),0,48.2,CPT Walker Buehler UTIL Fernando Tatis Jr. UTIL Ty France UTIL Gavin Sheets UTIL Tim Tawa UTIL Jake Cronenworth,,,
530,5210302594,jpbugeater (1/5),0,48.2,CPT Walker Buehler UTIL Manny Machado UTIL Ty France UTIL Luis Rengifo UTIL Tim Tawa UTIL Freddy Fermin,,,
530,5210345606,kbrisacher (2/20),0,48.2,CPT Walker Buehler UTIL Manny Machado UTIL Luis Rengifo UTIL Xander Bogaerts UTIL Tim Tawa UTIL Jake Cronenworth,,,
530,5210360226,Mige1 (8/20),0,48.2,CPT Walker Buehler UTIL Manny Machado UTIL Ty France UTIL Luis Rengifo UTIL Tim Tawa UTIL Freddy Fermin,,,
530,5210407692,darrylposton (8/20),0,48.2,CPT Walker Buehler UTIL Manny Machado UTIL Ty France UTIL Luis Rengifo UTIL Tim Tawa UTIL Freddy Fermin,,,
530,5210407698,darrylposton (14/20),0,48.2,CPT Walker Buehler UTIL Fernando Tatis Jr. UTIL Ty France UTIL Gavin Sheets UTIL Tim Tawa UTIL Jake Cronenworth,,,
530,5210466769,racedogfootball87 (1/3),0,48.2,CPT Walker Buehler UTIL Fernando Tatis Jr. UTIL Ty France UTIL Gavin Sheets UTIL Tim Tawa UTIL Jake Cronenworth,,,
530,5210496868,TNeidert (16/20),0,48.2,CPT Walker Buehler UTIL Manny Machado UTIL Ty France UTIL Luis Rengifo UTIL Tim Tawa UTIL Freddy Fermin,,,
530,5210540279,jwclark311 (5/20),0,48.2,CPT Walker Buehler UTIL Jackson Merrill UTIL Luis Rengifo UTIL Xander Bogaerts UTIL Lars Nootbaar UTIL Freddy Fermin,,,
530,5210573420,Billycowboys (3/5),0,48.2,CPT Walker Buehler UTIL Fernando Tatis Jr. UTIL Jackson Merrill UTIL Ryan Waldschmidt UTIL Jake Cronenworth UTIL Freddy Fermin,,,
530,5210575696,bassguy39 (2/12),0,48.2,CPT Walker Buehler UTIL Fernando Tatis Jr. UTIL Ty France UTIL Gavin Sheets UTIL Tim Tawa UTIL Jake Cronenworth,,,
530,5210578952,rainmania (15/20),0,48.2,CPT Walker Buehler UTIL Fernando Tatis Jr. UTIL Luis Rengifo UTIL Max Kepler UTIL Tim Tawa UTIL Jake Cronenworth,,,
530,5210578990,Schrinepiece92 (2/20),0,48.2,CPT Walker Buehler UTIL Fernando Tatis Jr. UTIL Ty France UTIL Gavin Sheets UTIL Tim Tawa UTIL Jake Cronenworth,,,
530,5210586516,Dewster24,0,48.2,CPT Walker Buehler UTIL Fernando Tatis Jr. UTIL Corbin Carroll UTIL Tim Tawa UTIL Jake Cronenworth UTIL Freddy Fermin,,,
530,5210590629,bossplayer318 (9/20),0,48.2,CPT Walker Buehler UTIL Fernando Tatis Jr. UTIL Ty France UTIL Gavin Sheets UTIL Tim Tawa UTIL Jake Cronenworth,,,
530,5210594018,Gagenator51 (19/20),0,48.2,CPT Walker Buehler UTIL Manny Machado UTIL Ty France UTIL Luis Rengifo UTIL Tim Tawa UTIL Freddy Fermin,,,
530,5210609284,JJSaenz (12/20),0,48.2,CPT Walker Buehler UTIL Jackson Merrill UTIL Luis Rengifo UTIL Xander Bogaerts UTIL Lars Nootbaar UTIL Freddy Fermin,,,
530,5210620850,DigitalDreams (5/20),0,48.2,CPT Walker Buehler UTIL Manny Machado UTIL Ty France UTIL Luis Rengifo UTIL Tim Tawa UTIL Freddy Fermin,,,
530,5210623938,tonymal93 (1/3),0,48.2,CPT Walker Buehler UTIL Jackson Merrill UTIL Luis Rengifo UTIL Xander Bogaerts UTIL Lars Nootbaar UTIL Freddy Fermin,,,
530,5210641695,eng32_eric (1/4),0,48.2,CPT Walker Buehler UTIL Manny Machado UTIL Luis Rengifo UTIL Xander Bogaerts UTIL Tim Tawa UTIL Jake Cronenworth,,,
530,5210662605,HC0023 (5/20),0,48.2,CPT Walker Buehler UTIL Fernando Tatis Jr. UTIL Ty France UTIL Gavin Sheets UTIL Tim Tawa UTIL Jake Cronenworth,,,
530,5210671604,Fred.23,0,48.2,CPT Walker Buehler UTIL Fernando Tatis Jr. UTIL Corbin Carroll UTIL Tim Tawa UTIL Jake Cronenworth UTIL Freddy Fermin,,,
563,5210203695,jsamtoy (17/20),0,48.15,CPT Walker Buehler UTIL Kohl Drake UTIL Fernando Tatis Jr. UTIL Jake Cronenworth UTIL Freddy Fermin UTIL Bradgley Rodriguez,,,
564,5209999683,whoisjohngalt420 (3/20),0,48,CPT Manny Machado UTIL Corbin Carroll UTIL Jackson Merrill UTIL Luis Rengifo UTIL Xander Bogaerts UTIL Freddy Fermin,,,
564,5210306568,Speed6h (1/2),0,48,CPT Jackson Merrill UTIL Corbin Carroll UTIL Ketel Marte UTIL Luis Rengifo UTIL Lars Nootbaar UTIL Jake Cronenworth,,,
564,5210369143,chicksports,0,48,CPT Ty France UTIL Fernando Tatis Jr. UTIL Corbin Carroll UTIL Nolan Arenado UTIL Lars Nootbaar UTIL Jake Cronenworth,,,
564,5210379098,theebozzfdc (1/3),0,48,CPT Ty France UTIL Fernando Tatis Jr. UTIL Manny Machado UTIL Ildemaro Vargas UTIL Adrian Del Castillo UTIL Gabriel Moreno,,,
564,5210410297,Dirtygoogan (2/5),0,48,CPT Ty France UTIL Fernando Tatis Jr. UTIL Corbin Carroll UTIL Luis Rengifo UTIL Ryan Waldschmidt UTIL Tim Tawa,,,
564,5210410298,Dirtygoogan (3/5),0,48,CPT Xander Bogaerts UTIL Fernando Tatis Jr. UTIL Jackson Merrill UTIL Ty France UTIL Nolan Arenado UTIL Tim Tawa,,,
564,5210416113,Jbog19 (4/5),0,48,CPT Ty France UTIL Geraldo Perdomo UTIL Luis Rengifo UTIL Nolan Arenado UTIL Xander Bogaerts UTIL Gabriel Moreno,,,
564,5210489531,roryjones (3/7),0,48,CPT Xander Bogaerts UTIL Fernando Tatis Jr. UTIL Jackson Merrill UTIL Ty France UTIL Nolan Arenado UTIL Tim Tawa,,,
564,5210489564,atat13 (12/20),0,48,CPT Manny Machado UTIL Fernando Tatis Jr. UTIL Ty France UTIL Ryan Waldschmidt UTIL Tim Tawa UTIL Gabriel Moreno,,,
564,5210517878,murrayjhm,0,48,CPT Ty France UTIL Geraldo Perdomo UTIL Luis Rengifo UTIL Nolan Arenado UTIL Xander Bogaerts UTIL Gabriel Moreno,,,
564,5210521759,roryjones (6/7),0,48,CPT Ty France UTIL Geraldo Perdomo UTIL Luis Rengifo UTIL Nolan Arenado UTIL Xander Bogaerts UTIL Gabriel Moreno,,,
564,5210535242,KelvinDubs (13/20),0,48,CPT Ty France UTIL Fernando Tatis Jr. UTIL Corbin Carroll UTIL Luis Rengifo UTIL Gavin Sheets UTIL Tim Tawa,,,
564,5210589675,eltartas (3/3),0,48,CPT Ty France UTIL Fernando Tatis Jr. UTIL Manny Machado UTIL Ketel Marte UTIL Lars Nootbaar UTIL Freddy Fermin,,,
564,5210590224,ptello9298 (8/20),0,48,CPT Ty France UTIL Fernando Tatis Jr. UTIL Manny Machado UTIL Geraldo Perdomo UTIL Xander Bogaerts UTIL Freddy Fermin,,,
564,5210600743,pdanielsjr (10/20),0,48,CPT Jackson Merrill UTIL Corbin Carroll UTIL Manny Machado UTIL Ty France UTIL Lars Nootbaar UTIL Freddy Fermin,,,
564,5210618484,coolsouthernbrees (10/16),0,48,CPT Jackson Merrill UTIL Corbin Carroll UTIL Luis Rengifo UTIL Nolan Arenado UTIL Xander Bogaerts UTIL Jake Cronenworth,,,
564,5210620641,hermd011 (8/10),0,48,CPT Ty France UTIL Manny Machado UTIL Nolan Arenado UTIL Xander Bogaerts UTIL Lars Nootbaar UTIL Gabriel Moreno,,,
564,5210650284,throwindarts66 (1/5),0,48,CPT Nolan Arenado UTIL Fernando Tatis Jr. UTIL Corbin Carroll UTIL Xander Bogaerts UTIL Jake Cronenworth UTIL Gabriel Moreno,,,
564,5210657182,mrpaulwr (8/10),0,48,CPT Ty France UTIL Geraldo Perdomo UTIL Luis Rengifo UTIL Nolan Arenado UTIL Xander Bogaerts UTIL Gabriel Moreno,,,
564,5210676593,timjames43,0,48,CPT Xander Bogaerts UTIL Fernando Tatis Jr. UTIL Corbin Carroll UTIL Manny Machado UTIL Lars Nootbaar UTIL Jake Cronenworth,,,
584,5209939720,bluefan62 (4/4),0,47.8,CPT Jackson Merrill UTIL Walker Buehler UTIL Ty France UTIL Geraldo Perdomo UTIL Tim Tawa UTIL Jake Cronenworth,,,
584,5209984196,KGould86 (19/20),0,47.8,CPT Manny Machado UTIL Walker Buehler UTIL Jackson Merrill UTIL Ty France UTIL Tim Tawa UTIL Freddy Fermin,,,
584,5210069766,rsumrall (3/20),0,47.8,CPT Manny Machado UTIL Walker Buehler UTIL Corbin Carroll UTIL Luis Rengifo UTIL Jake Cronenworth UTIL Freddy Fermin,,,
584,5210166682,floydian80 (13/20),0,47.8,CPT Manny Machado UTIL Walker Buehler UTIL Corbin Carroll UTIL Luis Rengifo UTIL Jake Cronenworth UTIL Freddy Fermin,,,
584,5210404902,lcope8806 (1/2),0,47.8,CPT Manny Machado UTIL Walker Buehler UTIL Jackson Merrill UTIL Ty France UTIL Tim Tawa UTIL Freddy Fermin,,,
584,5210412128,Mathis (4/20),0,47.8,CPT Manny Machado UTIL Walker Buehler UTIL Corbin Carroll UTIL Luis Rengifo UTIL Jake Cronenworth UTIL Freddy Fermin,,,
584,5210520959,Mckmotors-9875 (1/5),0,47.8,CPT Manny Machado UTIL Walker Buehler UTIL Jackson Merrill UTIL Ty France UTIL Tim Tawa UTIL Freddy Fermin,,,
584,5210520978,Mckmotors-9875 (2/5),0,47.8,CPT Manny Machado UTIL Walker Buehler UTIL Jackson Merrill UTIL Ty France UTIL Tim Tawa UTIL Freddy Fermin,,,
584,5210521080,Mckmotors-9875 (3/5),0,47.8,CPT Manny Machado UTIL Walker Buehler UTIL Jackson Merrill UTIL Ty France UTIL Tim Tawa UTIL Freddy Fermin,,,
584,5210530423,Mckmotors-9875 (4/5),0,47.8,CPT Manny Machado UTIL Walker Buehler UTIL Jackson Merrill UTIL Ty France UTIL Tim Tawa UTIL Freddy Fermin,,,
584,5210530461,Mckmotors-9875 (5/5),0,47.8,CPT Manny Machado UTIL Walker Buehler UTIL Jackson Merrill UTIL Ty France UTIL Tim Tawa UTIL Freddy Fermin,,,
584,5210541911,zachdaddy (5/20),0,47.8,CPT Xander Bogaerts UTIL Walker Buehler UTIL Jackson Merrill UTIL Ty France UTIL Geraldo Perdomo UTIL Freddy Fermin,,,
584,5210562552,markcamaro (2/14),0,47.8,CPT Manny Machado UTIL Walker Buehler UTIL Jackson Merrill UTIL Ty France UTIL Tim Tawa UTIL Freddy Fermin,,,
584,5210575697,bassguy39 (3/12),0,47.8,CPT Manny Machado UTIL Walker Buehler UTIL Corbin Carroll UTIL Luis Rengifo UTIL Jake Cronenworth UTIL Freddy Fermin,,,
584,5210578991,Schrinepiece92 (3/20),0,47.8,CPT Manny Machado UTIL Walker Buehler UTIL Corbin Carroll UTIL Luis Rengifo UTIL Jake Cronenworth UTIL Freddy Fermin,,,
584,5210580367,Mugatu (2/3),0,47.8,CPT Manny Machado UTIL Walker Buehler UTIL Luis Rengifo UTIL Lars Nootbaar UTIL Freddy Fermin UTIL Gabriel Moreno,,,
584,5210587237,mcros44 (2/2),0,47.8,CPT Manny Machado UTIL Walker Buehler UTIL Jackson Merrill UTIL Ty France UTIL Tim Tawa UTIL Freddy Fermin,,,
584,5210603894,DeeMac74 (1/5),0,47.8,CPT Manny Machado UTIL Walker Buehler UTIL Corbin Carroll UTIL Luis Rengifo UTIL Jake Cronenworth UTIL Freddy Fermin,,,
584,5210620860,DigitalDreams (15/20),0,47.8,CPT Xander Bogaerts UTIL Walker Buehler UTIL Jackson Merrill UTIL Ty France UTIL Geraldo Perdomo UTIL Freddy Fermin,,,
584,5210621200,goheelz1 (6/7),0,47.8,CPT Jackson Merrill UTIL Walker Buehler UTIL Corbin Carroll UTIL Luis Rengifo UTIL Tim Tawa UTIL Freddy Fermin,,,
584,5210630377,ac919 (10/20),0,47.8,CPT Manny Machado UTIL Walker Buehler UTIL Jackson Merrill UTIL Xander Bogaerts UTIL Tim Tawa UTIL Jake Cronenworth,,,
584,5210659516,boricuamalito (4/5),0,47.8,CPT Manny Machado UTIL Walker Buehler UTIL Jackson Merrill UTIL Ty France UTIL Tim Tawa UTIL Freddy Fermin,,,
606,5210263953,UniversalFriend (17/20),0,47.65,CPT Walker Buehler UTIL Kohl Drake UTIL Xander Bogaerts UTIL Jake Cronenworth UTIL Freddy Fermin UTIL Gabriel Moreno,,,
606,5210360229,Mige1 (11/20),0,47.65,CPT Walker Buehler UTIL Kohl Drake UTIL Xander Bogaerts UTIL Jake Cronenworth UTIL Freddy Fermin UTIL Gabriel Moreno,,,
606,5210540292,jwclark311 (18/20),0,47.65,CPT Walker Buehler UTIL Kohl Drake UTIL Xander Bogaerts UTIL Jake Cronenworth UTIL Freddy Fermin UTIL Gabriel Moreno,,,
609,5210621826,Marsharks (6/20),0,47.55,CPT Fernando Tatis Jr. UTIL Corbin Carroll UTIL Manny Machado UTIL Ty France UTIL Freddy Fermin UTIL Juan Morillo,,,
610,5210009004,kkruze58,0,47.5,CPT Corbin Carroll UTIL Fernando Tatis Jr. UTIL Manny Machado UTIL Ty France UTIL Tim Tawa UTIL Freddy Fermin,,,
610,5210166674,floydian80 (5/20),0,47.5,CPT Luis Rengifo UTIL Fernando Tatis Jr. UTIL Corbin Carroll UTIL Lars Nootbaar UTIL Gavin Sheets UTIL Gabriel Moreno,,,
610,5210169483,cadezane1 (1/20),0,47.5,CPT Tim Tawa UTIL Fernando Tatis Jr. UTIL Corbin Carroll UTIL Jackson Merrill UTIL Ty France UTIL Lars Nootbaar,,,
610,5210269656,Tburke34,0,47.5,CPT Fernando Tatis Jr. UTIL Manny Machado UTIL Ketel Marte UTIL Ty France UTIL Tim Tawa UTIL Freddy Fermin,,,
610,5210286172,jerseykidd2112,0,47.5,CPT Jake Cronenworth UTIL Fernando Tatis Jr. UTIL Corbin Carroll UTIL Manny Machado UTIL Jackson Merrill UTIL Ryan Waldschmidt,,,
610,5210410287,JERKER19,0,47.5,CPT Gabriel Moreno UTIL Corbin Carroll UTIL Ty France UTIL Geraldo Perdomo UTIL Luis Rengifo UTIL Gavin Sheets,,,
610,5210499784,Rolly,0,47.5,CPT Gabriel Moreno UTIL Corbin Carroll UTIL Jackson Merrill UTIL Nolan Arenado UTIL Xander Bogaerts UTIL Lars Nootbaar,,,
610,5210501335,chadmac10,0,47.5,CPT Fernando Tatis Jr. UTIL Ty France UTIL Nolan Arenado UTIL Lars Nootbaar UTIL Max Kepler UTIL Gabriel Moreno,,,
610,5210522428,Jantrick2,0,47.5,CPT Corbin Carroll UTIL Fernando Tatis Jr. UTIL Ketel Marte UTIL Max Kepler UTIL Freddy Fermin UTIL Gabriel Moreno,,,
610,5210535237,KelvinDubs (8/20),0,47.5,CPT Luis Rengifo UTIL Fernando Tatis Jr. UTIL Manny Machado UTIL Ketel Marte UTIL Max Kepler UTIL Jake Cronenworth,,,
610,5210551666,eagles1980,0,47.5,CPT Jake Cronenworth UTIL Fernando Tatis Jr. UTIL Corbin Carroll UTIL Manny Machado UTIL Ketel Marte UTIL Freddy Fermin,,,
610,5210571605,malarc3 (2/4),0,47.5,CPT Fernando Tatis Jr. UTIL Manny Machado UTIL Ketel Marte UTIL Ty France UTIL Tim Tawa UTIL Freddy Fermin,,,
610,5210574990,thassoun,0,47.5,CPT Tim Tawa UTIL Fernando Tatis Jr. UTIL Corbin Carroll UTIL Ty France UTIL Nolan Arenado UTIL Gabriel Moreno,,,
610,5210577617,sweetT365,0,47.5,CPT Gabriel Moreno UTIL Corbin Carroll UTIL Manny Machado UTIL Ty France UTIL Nolan Arenado UTIL Tim Tawa,,,
610,5210580460,notlaw33,0,47.5,CPT Fernando Tatis Jr. UTIL Ty France UTIL Nolan Arenado UTIL Lars Nootbaar UTIL Max Kepler UTIL Gabriel Moreno,,,
610,5210584522,Joeytwofingers (5/5),0,47.5,CPT Fernando Tatis Jr. UTIL Manny Machado UTIL Ty France UTIL Nolan Arenado UTIL Xander Bogaerts UTIL Freddy Fermin,,,
610,5210585116,morganelizabeth2 (3/5),0,47.5,CPT Corbin Carroll UTIL Jackson Merrill UTIL Ty France UTIL Luis Rengifo UTIL Lars Nootbaar UTIL Tim Tawa,,,
610,5210591407,SMC330,0,47.5,CPT Corbin Carroll UTIL Fernando Tatis Jr. UTIL Manny Machado UTIL Xander Bogaerts UTIL Tim Tawa UTIL Jake Cronenworth,,,
610,5210594878,smithoil,0,47.5,CPT Gabriel Moreno UTIL Corbin Carroll UTIL Manny Machado UTIL Ty France UTIL Nolan Arenado UTIL Tim Tawa,,,
610,5210599507,rollcubs (1/4),0,47.5,CPT Corbin Carroll UTIL Fernando Tatis Jr. UTIL Manny Machado UTIL Ty France UTIL Tim Tawa UTIL Freddy Fermin,,,
610,5210604674,Ray31200,0,47.5,CPT Tim Tawa UTIL Corbin Carroll UTIL Manny Machado UTIL Jackson Merrill UTIL Ty France UTIL Xander Bogaerts,,,
610,5210605325,woodreb5 (18/20),0,47.5,CPT Fernando Tatis Jr. UTIL Jackson Merrill UTIL Ty France UTIL Geraldo Perdomo UTIL Gavin Sheets UTIL Jake Cronenworth,,,
610,5210618771,Mr.luckyGuy (4/5),0,47.5,CPT Freddy Fermin UTIL Fernando Tatis Jr. UTIL Ketel Marte UTIL Xander Bogaerts UTIL Lars Nootbaar UTIL Gabriel Moreno,,,
610,5210641942,malarc3 (4/4),0,47.5,CPT Tim Tawa UTIL Fernando Tatis Jr. UTIL Corbin Carroll UTIL Ty France UTIL Nolan Arenado UTIL Gabriel Moreno,,,
610,5210646951,cameronhart23 (14/20),0,47.5,CPT Gabriel Moreno UTIL Corbin Carroll UTIL Ty France UTIL Geraldo Perdomo UTIL Luis Rengifo UTIL Ryan Waldschmidt,,,
610,5210648363,flipnick99 (2/3),0,47.5,CPT Fernando Tatis Jr. UTIL Jackson Merrill UTIL Ty France UTIL Geraldo Perdomo UTIL Gavin Sheets UTIL Jake Cronenworth,,,
610,5210659164,Betman7711,0,47.5,CPT Corbin Carroll UTIL Fernando Tatis Jr. UTIL Ketel Marte UTIL Tim Tawa UTIL Freddy Fermin UTIL Gabriel Moreno,,,
637,5209998760,pat_the_hat2 (1/20),0,47.3,CPT Luis Rengifo UTIL Walker Buehler UTIL Fernando Tatis Jr. UTIL Manny Machado UTIL Tim Tawa UTIL Freddy Fermin,,,
637,5210025681,LTskelter (8/20),0,47.3,CPT Fernando Tatis Jr. UTIL Walker Buehler UTIL Jackson Merrill UTIL Gavin Sheets UTIL Tim Tawa UTIL Jake Cronenworth,,,
637,5210212779,TheBigOuch (19/20),0,47.3,CPT Luis Rengifo UTIL Walker Buehler UTIL Fernando Tatis Jr. UTIL Manny Machado UTIL Tim Tawa UTIL Freddy Fermin,,,
637,5210217557,Christez1726 (1/6),0,47.3,CPT Luis Rengifo UTIL Walker Buehler UTIL Fernando Tatis Jr. UTIL Manny Machado UTIL Tim Tawa UTIL Freddy Fermin,,,
637,5210324657,Satch65 (10/20),0,47.3,CPT Freddy Fermin UTIL Walker Buehler UTIL Fernando Tatis Jr. UTIL Ketel Marte UTIL Ty France UTIL Lars Nootbaar,,,
637,5210324661,Satch65 (14/20),0,47.3,CPT Fernando Tatis Jr. UTIL Walker Buehler UTIL Geraldo Perdomo UTIL Xander Bogaerts UTIL Jake Cronenworth UTIL Freddy Fermin,,,
637,5210381220,Ezilodi (16/20),0,47.3,CPT Fernando Tatis Jr. UTIL Walker Buehler UTIL Luis Rengifo UTIL Xander Bogaerts UTIL Ryan Waldschmidt UTIL Freddy Fermin,,,
637,5210496864,TNeidert (12/20),0,47.3,CPT Fernando Tatis Jr. UTIL Walker Buehler UTIL Jackson Merrill UTIL Gavin Sheets UTIL Tim Tawa UTIL Jake Cronenworth,,,
637,5210496866,TNeidert (14/20),0,47.3,CPT Fernando Tatis Jr. UTIL Walker Buehler UTIL Luis Rengifo UTIL Xander Bogaerts UTIL Ryan Waldschmidt UTIL Freddy Fermin,,,
637,5210523852,eddymac222 (9/20),0,47.3,CPT Fernando Tatis Jr. UTIL Walker Buehler UTIL Jackson Merrill UTIL Gavin Sheets UTIL Tim Tawa UTIL Jake Cronenworth,,,
637,5210544699,rcollins587 (1/20),0,47.3,CPT Max Kepler UTIL Walker Buehler UTIL Corbin Carroll UTIL Jackson Merrill UTIL Ty France UTIL Freddy Fermin,,,
637,5210544704,rcollins587 (4/20),0,47.3,CPT Max Kepler UTIL Walker Buehler UTIL Corbin Carroll UTIL Jackson Merrill UTIL Ty France UTIL Freddy Fermin,,,
637,5210544716,rcollins587 (7/20),0,47.3,CPT Max Kepler UTIL Walker Buehler UTIL Corbin Carroll UTIL Jackson Merrill UTIL Ty France UTIL Freddy Fermin,,,
637,5210554174,rcollins587 (10/20),0,47.3,CPT Max Kepler UTIL Walker Buehler UTIL Corbin Carroll UTIL Jackson Merrill UTIL Ty France UTIL Freddy Fermin,,,
637,5210554219,rcollins587 (13/20),0,47.3,CPT Max Kepler UTIL Walker Buehler UTIL Corbin Carroll UTIL Jackson Merrill UTIL Ty France UTIL Freddy Fermin,,,
637,5210554223,rcollins587 (16/20),0,47.3,CPT Max Kepler UTIL Walker Buehler UTIL Corbin Carroll UTIL Jackson Merrill UTIL Ty France UTIL Freddy Fermin,,,
637,5210554228,rcollins587 (19/20),0,47.3,CPT Max Kepler UTIL Walker Buehler UTIL Corbin Carroll UTIL Jackson Merrill UTIL Ty France UTIL Freddy Fermin,,,
637,5210566091,Runninrebel02,0,47.3,CPT Luis Rengifo UTIL Walker Buehler UTIL Fernando Tatis Jr. UTIL Manny Machado UTIL Tim Tawa UTIL Freddy Fermin,,,
637,5210615594,bdubya3 (1/2),0,47.3,CPT Fernando Tatis Jr. UTIL Walker Buehler UTIL Geraldo Perdomo UTIL Xander Bogaerts UTIL Jake Cronenworth UTIL Freddy Fermin,,,
637,5210630378,ac919 (11/20),0,47.3,CPT Fernando Tatis Jr. UTIL Walker Buehler UTIL Jackson Merrill UTIL Gavin Sheets UTIL Tim Tawa UTIL Jake Cronenworth,,,
637,5210665885,vectra568,0,47.3,CPT Fernando Tatis Jr. UTIL Walker Buehler UTIL Jackson Merrill UTIL Gavin Sheets UTIL Tim Tawa UTIL Jake Cronenworth,,,
658,5209692294,ivymoose (16/20),0,47.2,CPT Walker Buehler UTIL Fernando Tatis Jr. UTIL Luis Rengifo UTIL Nolan Arenado UTIL Jake Cronenworth UTIL Freddy Fermin,,,
658,5209758161,Sammy.Boy (11/20),0,47.2,CPT Walker Buehler UTIL Fernando Tatis Jr. UTIL Manny Machado UTIL Max Kepler UTIL Jake Cronenworth UTIL Freddy Fermin,,,
658,5209758168,Sammy.Boy (18/20),0,47.2,CPT Walker Buehler UTIL Jackson Merrill UTIL Ty France UTIL Lars Nootbaar UTIL Gavin Sheets UTIL Jake Cronenworth,,,
658,5209939717,bluefan62 (1/4),0,47.2,CPT Walker Buehler UTIL Fernando Tatis Jr. UTIL Ty France UTIL Lars Nootbaar UTIL Tim Tawa UTIL Freddy Fermin,,,
658,5209999694,whoisjohngalt420 (14/20),0,47.2,CPT Walker Buehler UTIL Fernando Tatis Jr. UTIL Luis Rengifo UTIL Nolan Arenado UTIL Jake Cronenworth UTIL Freddy Fermin,,,
658,5210169548,KevinLeonK3 (2/2),0,47.2,CPT Walker Buehler UTIL Fernando Tatis Jr. UTIL Manny Machado UTIL Tim Tawa UTIL Jake Cronenworth UTIL Freddy Fermin,,,
658,5210207905,jfoos36,0,47.2,CPT Walker Buehler UTIL Corbin Carroll UTIL Luis Rengifo UTIL Gavin Sheets UTIL Freddy Fermin UTIL Gabriel Moreno,,,
658,5210217565,Christez1726 (2/6),0,47.2,CPT Walker Buehler UTIL Fernando Tatis Jr. UTIL Manny Machado UTIL Max Kepler UTIL Jake Cronenworth UTIL Freddy Fermin,,,
658,5210322374,caesar187 (2/3),0,47.2,CPT Walker Buehler UTIL Fernando Tatis Jr. UTIL Manny Machado UTIL Max Kepler UTIL Jake Cronenworth UTIL Freddy Fermin,,,
658,5210462875,raiders85,0,47.2,CPT Walker Buehler UTIL Fernando Tatis Jr. UTIL Manny Machado UTIL Max Kepler UTIL Jake Cronenworth UTIL Freddy Fermin,,,
658,5210484125,gotti489,0,47.2,CPT Walker Buehler UTIL Jackson Merrill UTIL Ty France UTIL Lars Nootbaar UTIL Gavin Sheets UTIL Jake Cronenworth,,,
658,5210499103,Orangechocolate70 (3/20),0,47.2,CPT Walker Buehler UTIL Corbin Carroll UTIL Geraldo Perdomo UTIL Jake Cronenworth UTIL Freddy Fermin UTIL Gabriel Moreno,,,
658,5210540283,jwclark311 (9/20),0,47.2,CPT Walker Buehler UTIL Fernando Tatis Jr. UTIL Manny Machado UTIL Max Kepler UTIL Jake Cronenworth UTIL Freddy Fermin,,,
658,5210541201,Valhalla (1/2),0,47.2,CPT Walker Buehler UTIL Fernando Tatis Jr. UTIL Ty France UTIL Lars Nootbaar UTIL Tim Tawa UTIL Freddy Fermin,,,
658,5210566849,VampGhost (2/4),0,47.2,CPT Walker Buehler UTIL Fernando Tatis Jr. UTIL Xander Bogaerts UTIL Lars Nootbaar UTIL Tim Tawa UTIL Jake Cronenworth,,,
658,5210582515,jrice54 (9/20),0,47.2,CPT Walker Buehler UTIL Fernando Tatis Jr. UTIL Manny Machado UTIL Tim Tawa UTIL Jake Cronenworth UTIL Freddy Fermin,,,
658,5210582521,jrice54 (15/20),0,47.2,CPT Walker Buehler UTIL Fernando Tatis Jr. UTIL Jackson Merrill UTIL Xander Bogaerts UTIL Freddy Fermin UTIL Kevin Ginkel,,,
658,5210603385,bleeski,0,47.2,CPT Walker Buehler UTIL Fernando Tatis Jr. UTIL Manny Machado UTIL Max Kepler UTIL Jake Cronenworth UTIL Freddy Fermin,,,
658,5210620851,DigitalDreams (6/20),0,47.2,CPT Walker Buehler UTIL Jackson Merrill UTIL Ty France UTIL Max Kepler UTIL Gavin Sheets UTIL Jake Cronenworth,,,
658,5210643854,tonymutt (4/5),0,47.2,CPT Walker Buehler UTIL Fernando Tatis Jr. UTIL Ty France UTIL Lars Nootbaar UTIL Tim Tawa UTIL Freddy Fermin,,,
658,5210662608,HC0023 (8/20),0,47.2,CPT Walker Buehler UTIL Fernando Tatis Jr. UTIL Jackson Merrill UTIL Xander Bogaerts UTIL Freddy Fermin UTIL Paul Sewald,,,
679,5209735669,RFinch_Kings (1/5),0,47,CPT Geraldo Perdomo UTIL Jackson Merrill UTIL Ty France UTIL Luis Rengifo UTIL Lars Nootbaar UTIL Gabriel Moreno,,,
679,5210061257,djaxx39,0,47,CPT Manny Machado UTIL Corbin Carroll UTIL Ketel Marte UTIL Xander Bogaerts UTIL Freddy Fermin UTIL Gabriel Moreno,,,
679,5210069769,rsumrall (6/20),0,47,CPT Ty France UTIL Fernando Tatis Jr. UTIL Manny Machado UTIL Luis Rengifo UTIL Gavin Sheets UTIL Tim Tawa,,,
679,5210212913,ERBeck9 (2/3),0,47,CPT Xander Bogaerts UTIL Fernando Tatis Jr. UTIL Manny Machado UTIL Ty France UTIL Lars Nootbaar UTIL Tim Tawa,,,
679,5210218158,Christez1726 (5/6),0,47,CPT Ty France UTIL Fernando Tatis Jr. UTIL Manny Machado UTIL Luis Rengifo UTIL Gavin Sheets UTIL Tim Tawa,,,
679,5210268308,jsh1122 (9/20),0,47,CPT Jackson Merrill UTIL Fernando Tatis Jr. UTIL Corbin Carroll UTIL Manny Machado UTIL Tim Tawa UTIL Freddy Fermin,,,
679,5210444321,JoeNY07 (2/6),0,47,CPT Geraldo Perdomo UTIL Jackson Merrill UTIL Ty France UTIL Luis Rengifo UTIL Max Kepler UTIL Gabriel Moreno,,,
679,5210487086,bassman1955 (5/5),0,47,CPT Jackson Merrill UTIL Ketel Marte UTIL Ty France UTIL Luis Rengifo UTIL Lars Nootbaar UTIL Max Kepler,,,
679,5210489565,atat13 (13/20),0,47,CPT Nolan Arenado UTIL Fernando Tatis Jr. UTIL Ty France UTIL Xander Bogaerts UTIL Max Kepler UTIL Gabriel Moreno,,,
679,5210496860,TNeidert (8/20),0,47,CPT Geraldo Perdomo UTIL Fernando Tatis Jr. UTIL Jackson Merrill UTIL Ty France UTIL Luis Rengifo UTIL Freddy Fermin,,,
679,5210528131,roberts2525 (10/10),0,47,CPT Ty France UTIL Fernando Tatis Jr. UTIL Corbin Carroll UTIL Max Kepler UTIL Tim Tawa UTIL Freddy Fermin,,,
679,5210535235,KelvinDubs (6/20),0,47,CPT Gavin Sheets UTIL Fernando Tatis Jr. UTIL Ketel Marte UTIL Jackson Merrill UTIL Xander Bogaerts UTIL Gabriel Moreno,,,
679,5210536650,Christez1726 (6/6),0,47,CPT Ty France UTIL Fernando Tatis Jr. UTIL Manny Machado UTIL Luis Rengifo UTIL Gavin Sheets UTIL Tim Tawa,,,
679,5210549194,orchard7 (11/18),0,47,CPT Jackson Merrill UTIL Ty France UTIL Geraldo Perdomo UTIL Luis Rengifo UTIL Xander Bogaerts UTIL Lars Nootbaar,,,
679,5210557094,rdezz16 (1/2),0,47,CPT Geraldo Perdomo UTIL Jackson Merrill UTIL Ty France UTIL Luis Rengifo UTIL Lars Nootbaar UTIL Gabriel Moreno,,,
679,5210561429,curtwaynewhite (5/5),0,47,CPT Xander Bogaerts UTIL Fernando Tatis Jr. UTIL Corbin Carroll UTIL Ty France UTIL Geraldo Perdomo UTIL Freddy Fermin,,,
679,5210570388,Joeytwofingers (2/5),0,47,CPT Xander Bogaerts UTIL Jackson Merrill UTIL Ty France UTIL Geraldo Perdomo UTIL Nolan Arenado UTIL Gabriel Moreno,,,
679,5210589631,Mitteyone5,0,47,CPT Jackson Merrill UTIL Fernando Tatis Jr. UTIL Ty France UTIL Geraldo Perdomo UTIL Ryan Waldschmidt UTIL Jake Cronenworth,,,
679,5210590226,ptello9298 (10/20),0,47,CPT Ty France UTIL Fernando Tatis Jr. UTIL Corbin Carroll UTIL Manny Machado UTIL Gavin Sheets UTIL Freddy Fermin,,,
679,5210603141,morganelizabeth2 (5/5),0,47,CPT Ty France UTIL Fernando Tatis Jr. UTIL Corbin Carroll UTIL Manny Machado UTIL Gavin Sheets UTIL Freddy Fermin,,,
679,5210621839,Marsharks (19/20),0,47,CPT Ty France UTIL Fernando Tatis Jr. UTIL Corbin Carroll UTIL Manny Machado UTIL Ryan Waldschmidt UTIL Freddy Fermin,,,
679,5210631659,steelsteve112 (3/3),0,47,CPT Manny Machado UTIL Fernando Tatis Jr. UTIL Corbin Carroll UTIL Ty France UTIL Tim Tawa UTIL Freddy Fermin,,,
679,5210653831,DCarlos89,0,47,CPT Manny Machado UTIL Fernando Tatis Jr. UTIL Ketel Marte UTIL Gavin Sheets UTIL Jake Cronenworth UTIL Gabriel Moreno,,,
679,5210656908,hockeygoon27,0,47,CPT Xander Bogaerts UTIL Fernando Tatis Jr. UTIL Ketel Marte UTIL Jackson Merrill UTIL Nolan Arenado UTIL Jake Cronenworth,,,
679,5210657910,YE261B (1/3),0,47,CPT Manny Machado UTIL Fernando Tatis Jr. UTIL Corbin Carroll UTIL Ty France UTIL Tim Tawa UTIL Freddy Fermin,,,
679,5210663401,Thunderdaddy,0,47,CPT Manny Machado UTIL Fernando Tatis Jr. UTIL Corbin Carroll UTIL Ty France UTIL Tim Tawa UTIL Freddy Fermin,,,
679,5210663928,djcarr,0,47,CPT Xander Bogaerts UTIL Fernando Tatis Jr. UTIL Manny Machado UTIL Ty France UTIL Lars Nootbaar UTIL Max Kepler,,,
679,5210666346,mrw25 (3/20),0,47,CPT Jackson Merrill UTIL Fernando Tatis Jr. UTIL Corbin Carroll UTIL Manny Machado UTIL Tim Tawa UTIL Freddy Fermin,,,
679,5210666355,mrw25 (12/20),0,47,CPT Manny Machado UTIL Corbin Carroll UTIL Ketel Marte UTIL Xander Bogaerts UTIL Freddy Fermin UTIL Gabriel Moreno,,,
679,5210667274,YE261B (2/3),0,47,CPT Manny Machado UTIL Fernando Tatis Jr. UTIL Corbin Carroll UTIL Ty France UTIL Tim Tawa UTIL Freddy Fermin,,,
679,5210667512,YE261B (3/3),0,47,CPT Manny Machado UTIL Fernando Tatis Jr. UTIL Corbin Carroll UTIL Ty France UTIL Tim Tawa UTIL Freddy Fermin,,,
679,5210673868,Csalmon (2/2),0,47,CPT Manny Machado UTIL Fernando Tatis Jr. UTIL Corbin Carroll UTIL Xander Bogaerts UTIL Tim Tawa UTIL Jake Cronenworth,,,
711,5210018152,icehawk55 (4/4),0,46.8,CPT Ty France UTIL Walker Buehler UTIL Luis Rengifo UTIL Xander Bogaerts UTIL Lars Nootbaar UTIL Gavin Sheets,,,
711,5210030844,FoxyGrandpa252 (10/20),0,46.8,CPT Manny Machado UTIL Walker Buehler UTIL Ty France UTIL Luis Rengifo UTIL Max Kepler UTIL Freddy Fermin,,,
711,5210092895,chrispy2005 (19/20),0,46.8,CPT Jackson Merrill UTIL Walker Buehler UTIL Fernando Tatis Jr. UTIL Gavin Sheets UTIL Tim Tawa UTIL Jake Cronenworth,,,
711,5210238829,SpeedRacer101 (6/20),0,46.8,CPT Jackson Merrill UTIL Walker Buehler UTIL Ty France UTIL Xander Bogaerts UTIL Gavin Sheets UTIL Tim Tawa,,,
711,5210263952,UniversalFriend (16/20),0,46.8,CPT Manny Machado UTIL Walker Buehler UTIL Ty France UTIL Luis Rengifo UTIL Max Kepler UTIL Freddy Fermin,,,
711,5210583282,arsmith8 (6/20),0,46.8,CPT Manny Machado UTIL Walker Buehler UTIL Ty France UTIL Luis Rengifo UTIL Max Kepler UTIL Freddy Fermin,,,
711,5210605322,woodreb5 (15/20),0,46.8,CPT Manny Machado UTIL Walker Buehler UTIL Luis Rengifo UTIL Xander Bogaerts UTIL Max Kepler UTIL Jake Cronenworth,,,
711,5210630372,ac919 (5/20),0,46.8,CPT Xander Bogaerts UTIL Walker Buehler UTIL Fernando Tatis Jr. UTIL Corbin Carroll UTIL Tim Tawa UTIL Freddy Fermin,,,
711,5210630379,ac919 (12/20),0,46.8,CPT Jackson Merrill UTIL Walker Buehler UTIL Ty France UTIL Xander Bogaerts UTIL Gavin Sheets UTIL Tim Tawa,,,
711,5210676186,msshj08 (6/6),0,46.8,CPT Jackson Merrill UTIL Walker Buehler UTIL Fernando Tatis Jr. UTIL Gavin Sheets UTIL Tim Tawa UTIL Jake Cronenworth,,,
721,5210654879,jjarmour2012 (4/4),0,46.75,CPT Jake Cronenworth UTIL Walker Buehler UTIL Kohl Drake UTIL Ty France UTIL Gavin Sheets UTIL Gabriel Moreno,,,
721,5210657503,YABOYLUX (5/7),0,46.75,CPT Jake Cronenworth UTIL Walker Buehler UTIL Kohl Drake UTIL Fernando Tatis Jr. UTIL Luis Rengifo UTIL Freddy Fermin,,,
723,5210621886,stuntmanR6,0,46.65,CPT Ty France UTIL Fernando Tatis Jr. UTIL Corbin Carroll UTIL Ketel Marte UTIL Gavin Sheets UTIL Mason Miller,,,
724,5209939222,wischmeir,0,46.5,CPT Luis Rengifo UTIL Fernando Tatis Jr. UTIL Corbin Carroll UTIL Manny Machado UTIL Gavin Sheets UTIL Jake Cronenworth,,,
724,5209945730,Zmoney526,0,46.5,CPT Ketel Marte UTIL Fernando Tatis Jr. UTIL Corbin Carroll UTIL Max Kepler UTIL Freddy Fermin UTIL Gabriel Moreno,,,
724,5210018151,icehawk55 (3/4),0,46.5,CPT Luis Rengifo UTIL Fernando Tatis Jr. UTIL Manny Machado UTIL Jackson Merrill UTIL Max Kepler UTIL Tim Tawa,,,
724,5210041938,diehardpatsfan (1/2),0,46.5,CPT Fernando Tatis Jr. UTIL Jackson Merrill UTIL Ty France UTIL Geraldo Perdomo UTIL Max Kepler UTIL Freddy Fermin,,,
724,5210069772,rsumrall (9/20),0,46.5,CPT Luis Rengifo UTIL Fernando Tatis Jr. UTIL Corbin Carroll UTIL Manny Machado UTIL Gavin Sheets UTIL Jake Cronenworth,,,
724,5210127308,base3ballmom,0,46.5,CPT Corbin Carroll UTIL Manny Machado UTIL Nolan Arenado UTIL Xander Bogaerts UTIL Jake Cronenworth UTIL Gabriel Moreno,,,
724,5210206512,raiN66 (2/2),0,46.5,CPT Corbin Carroll UTIL Fernando Tatis Jr. UTIL Luis Rengifo UTIL Ryan Waldschmidt UTIL Tim Tawa UTIL Gabriel Moreno,,,
724,5210238830,SpeedRacer101 (7/20),0,46.5,CPT Ketel Marte UTIL Fernando Tatis Jr. UTIL Corbin Carroll UTIL Lars Nootbaar UTIL Freddy Fermin UTIL Gabriel Moreno,,,
724,5210257023,Edbris561 (2/2),0,46.5,CPT Fernando Tatis Jr. UTIL Manny Machado UTIL Xander Bogaerts UTIL Max Kepler UTIL Gavin Sheets UTIL Gabriel Moreno,,,
724,5210263946,UniversalFriend (10/20),0,46.5,CPT Luis Rengifo UTIL Fernando Tatis Jr. UTIL Corbin Carroll UTIL Manny Machado UTIL Gavin Sheets UTIL Jake Cronenworth,,,
724,5210268277,jsh1122 (1/20),0,46.5,CPT Fernando Tatis Jr. UTIL Manny Machado UTIL Xander Bogaerts UTIL Lars Nootbaar UTIL Gavin Sheets UTIL Gabriel Moreno,,,
724,5210268306,jsh1122 (7/20),0,46.5,CPT Ketel Marte UTIL Fernando Tatis Jr. UTIL Corbin Carroll UTIL Lars Nootbaar UTIL Freddy Fermin UTIL Gabriel Moreno,,,
724,5210344245,Racheldawn-76,0,46.5,CPT Fernando Tatis Jr. UTIL Corbin Carroll UTIL Jackson Merrill UTIL Luis Campusano UTIL Rodolfo Duran UTIL Gabriel Moreno,,,
724,5210345064,DLBSPORTS,0,46.5,CPT Max Kepler UTIL Fernando Tatis Jr. UTIL Jackson Merrill UTIL Nolan Arenado UTIL Xander Bogaerts UTIL Gabriel Moreno,,,
724,5210403898,cwthrow24 (12/20),0,46.5,CPT Ketel Marte UTIL Fernando Tatis Jr. UTIL Corbin Carroll UTIL Lars Nootbaar UTIL Freddy Fermin UTIL Gabriel Moreno,,,
724,5210412131,Mathis (7/20),0,46.5,CPT Ketel Marte UTIL Fernando Tatis Jr. UTIL Corbin Carroll UTIL Lars Nootbaar UTIL Freddy Fermin UTIL Gabriel Moreno,,,
724,5210539447,shadowknows (2/2),0,46.5,CPT Corbin Carroll UTIL Fernando Tatis Jr. UTIL Nolan Arenado UTIL Max Kepler UTIL Jake Cronenworth UTIL Gabriel Moreno,,,
724,5210540275,jwclark311 (1/20),0,46.5,CPT Ketel Marte UTIL Fernando Tatis Jr. UTIL Corbin Carroll UTIL Lars Nootbaar UTIL Freddy Fermin UTIL Gabriel Moreno,,,
724,5210543066,1956mt,0,46.5,CPT Corbin Carroll UTIL Fernando Tatis Jr. UTIL Ketel Marte UTIL Xander Bogaerts UTIL Tim Tawa UTIL Jake Cronenworth,,,
724,5210544146,hammerslobi,0,46.5,CPT Corbin Carroll UTIL Fernando Tatis Jr. UTIL Ketel Marte UTIL Ty France UTIL Tim Tawa UTIL Freddy Fermin,,,
724,5210544700,rcollins587 (2/20),0,46.5,CPT Max Kepler UTIL Fernando Tatis Jr. UTIL Ketel Marte UTIL Jackson Merrill UTIL Lars Nootbaar UTIL Gabriel Moreno,,,
724,5210544705,rcollins587 (5/20),0,46.5,CPT Max Kepler UTIL Fernando Tatis Jr. UTIL Ketel Marte UTIL Jackson Merrill UTIL Lars Nootbaar UTIL Gabriel Moreno,,,
724,5210544717,rcollins587 (8/20),0,46.5,CPT Max Kepler UTIL Fernando Tatis Jr. UTIL Ketel Marte UTIL Jackson Merrill UTIL Lars Nootbaar UTIL Gabriel Moreno,,,
724,5210549067,terminator31 (14/20),0,46.5,CPT Fernando Tatis Jr. UTIL Ketel Marte UTIL Nolan Arenado UTIL Lars Nootbaar UTIL Jake Cronenworth UTIL Gabriel Moreno,,,
724,5210554175,rcollins587 (11/20),0,46.5,CPT Max Kepler UTIL Fernando Tatis Jr. UTIL Ketel Marte UTIL Jackson Merrill UTIL Lars Nootbaar UTIL Gabriel Moreno,,,
724,5210554220,rcollins587 (14/20),0,46.5,CPT Max Kepler UTIL Fernando Tatis Jr. UTIL Ketel Marte UTIL Jackson Merrill UTIL Lars Nootbaar UTIL Gabriel Moreno,,,
724,5210554224,rcollins587 (17/20),0,46.5,CPT Max Kepler UTIL Fernando Tatis Jr. UTIL Ketel Marte UTIL Jackson Merrill UTIL Lars Nootbaar UTIL Gabriel Moreno,,,
724,5210554229,rcollins587 (20/20),0,46.5,CPT Max Kepler UTIL Fernando Tatis Jr. UTIL Ketel Marte UTIL Jackson Merrill UTIL Lars Nootbaar UTIL Gabriel Moreno,,,
724,5210560585,Joeytwofingers (1/5),0,46.5,CPT Tim Tawa UTIL Fernando Tatis Jr. UTIL Jackson Merrill UTIL Ty France UTIL Geraldo Perdomo UTIL Luis Rengifo,,,
724,5210561428,curtwaynewhite (4/5),0,46.5,CPT Luis Rengifo UTIL Fernando Tatis Jr. UTIL Corbin Carroll UTIL Manny Machado UTIL Gavin Sheets UTIL Jake Cronenworth,,,
724,5210575700,bassguy39 (6/12),0,46.5,CPT Ketel Marte UTIL Fernando Tatis Jr. UTIL Corbin Carroll UTIL Lars Nootbaar UTIL Freddy Fermin UTIL Gabriel Moreno,,,
724,5210593067,smk5430 (19/20),0,46.5,CPT Corbin Carroll UTIL Fernando Tatis Jr. UTIL Nolan Arenado UTIL Lars Nootbaar UTIL Jake Cronenworth UTIL Gabriel Moreno,,,
724,5210596141,JRock1025 (2/2),0,46.5,CPT Corbin Carroll UTIL Fernando Tatis Jr. UTIL Jackson Merrill UTIL Lars Nootbaar UTIL Max Kepler UTIL Jake Cronenworth,,,
724,5210609243,pdanielsjr (20/20),0,46.5,CPT Luis Rengifo UTIL Fernando Tatis Jr. UTIL Corbin Carroll UTIL Ty France UTIL Ryan Waldschmidt UTIL Tim Tawa,,,
724,5210626452,coolsouthernbrees (13/16),0,46.5,CPT Gabriel Moreno UTIL Corbin Carroll UTIL Manny Machado UTIL Xander Bogaerts UTIL Lars Nootbaar UTIL Max Kepler,,,
724,5210634589,Tappin26 (2/2),0,46.5,CPT Corbin Carroll UTIL Manny Machado UTIL Ty France UTIL Nolan Arenado UTIL Freddy Fermin UTIL Gabriel Moreno,,,
724,5210641737,monarch11 (14/20),0,46.5,CPT Ketel Marte UTIL Fernando Tatis Jr. UTIL Corbin Carroll UTIL Lars Nootbaar UTIL Freddy Fermin UTIL Gabriel Moreno,,,
724,5210654708,anthonyw72,0,46.5,CPT Fernando Tatis Jr. UTIL Corbin Carroll UTIL Ketel Marte UTIL Ryan Waldschmidt UTIL Freddy Fermin UTIL Gabriel Moreno,,,
724,5210658100,jhc1532 (1/2),0,46.5,CPT Luis Rengifo UTIL Fernando Tatis Jr. UTIL Manny Machado UTIL Jackson Merrill UTIL Max Kepler UTIL Tim Tawa,,,
724,5210665715,wildwildwest,0,46.5,CPT Lars Nootbaar UTIL Fernando Tatis Jr. UTIL Manny Machado UTIL Ty France UTIL Gavin Sheets UTIL Gabriel Moreno,,,
724,5210668388,cadezane1 (10/20),0,46.5,CPT Ketel Marte UTIL Fernando Tatis Jr. UTIL Corbin Carroll UTIL Luis Rengifo UTIL Tim Tawa UTIL Jake Cronenworth,,,
724,5210671584,KILLANADZ24 (8/20),0,46.5,CPT Ketel Marte UTIL Fernando Tatis Jr. UTIL Corbin Carroll UTIL Lars Nootbaar UTIL Freddy Fermin UTIL Gabriel Moreno,,,
724,5210671591,KILLANADZ24 (15/20),0,46.5,CPT Gabriel Moreno UTIL Manny Machado UTIL Jackson Merrill UTIL Geraldo Perdomo UTIL Xander Bogaerts UTIL Lars Nootbaar,,,
724,5210671592,KILLANADZ24 (16/20),0,46.5,CPT Gabriel Moreno UTIL Manny Machado UTIL Jackson Merrill UTIL Geraldo Perdomo UTIL Xander Bogaerts UTIL Lars Nootbaar,,,
724,5210671593,KILLANADZ24 (17/20),0,46.5,CPT Gabriel Moreno UTIL Manny Machado UTIL Jackson Merrill UTIL Geraldo Perdomo UTIL Xander Bogaerts UTIL Lars Nootbaar,,,
724,5210671594,KILLANADZ24 (18/20),0,46.5,CPT Gabriel Moreno UTIL Manny Machado UTIL Jackson Merrill UTIL Geraldo Perdomo UTIL Xander Bogaerts UTIL Lars Nootbaar,,,
724,5210671595,KILLANADZ24 (19/20),0,46.5,CPT Gabriel Moreno UTIL Manny Machado UTIL Jackson Merrill UTIL Geraldo Perdomo UTIL Xander Bogaerts UTIL Lars Nootbaar,,,
724,5210676001,cadezane1 (19/20),0,46.5,CPT Fernando Tatis Jr. UTIL Manny Machado UTIL Ty France UTIL Geraldo Perdomo UTIL Tim Tawa UTIL Jake Cronenworth,,,
772,5209887175,Hinkle76 (6/10),0,46.3,CPT Freddy Fermin UTIL Walker Buehler UTIL Fernando Tatis Jr. UTIL Manny Machado UTIL Jackson Merrill UTIL Tim Tawa,,,
772,5209898849,jeclark3 (1/2),0,46.3,CPT Fernando Tatis Jr. UTIL Walker Buehler UTIL Jackson Merrill UTIL Lars Nootbaar UTIL Tim Tawa UTIL Freddy Fermin,,,
772,5209971229,az350z (5/20),0,46.3,CPT Jake Cronenworth UTIL Walker Buehler UTIL Fernando Tatis Jr. UTIL Ketel Marte UTIL Xander Bogaerts UTIL Gavin Sheets,,,
772,5209984194,KGould86 (17/20),0,46.3,CPT Fernando Tatis Jr. UTIL Walker Buehler UTIL Luis Rengifo UTIL Max Kepler UTIL Gavin Sheets UTIL Jake Cronenworth,,,
772,5210412125,Mathis (1/20),0,46.3,CPT Luis Rengifo UTIL Walker Buehler UTIL Manny Machado UTIL Jackson Merrill UTIL Lars Nootbaar UTIL Freddy Fermin,,,
772,5210461109,j-wolf05 (12/20),0,46.3,CPT Fernando Tatis Jr. UTIL Walker Buehler UTIL Luis Rengifo UTIL Max Kepler UTIL Gavin Sheets UTIL Jake Cronenworth,,,
772,5210479780,curly82 (2/9),0,46.3,CPT Freddy Fermin UTIL Walker Buehler UTIL Ketel Marte UTIL Jackson Merrill UTIL Ty France UTIL Lars Nootbaar,,,
772,5210483579,BigZeee178 (2/2),0,46.3,CPT Luis Rengifo UTIL Walker Buehler UTIL Fernando Tatis Jr. UTIL Ketel Marte UTIL Tim Tawa UTIL Freddy Fermin,,,
772,5210496865,TNeidert (13/20),0,46.3,CPT Fernando Tatis Jr. UTIL Walker Buehler UTIL Ty France UTIL Ryan Waldschmidt UTIL Gavin Sheets UTIL Jake Cronenworth,,,
772,5210497149,DonWhite1,0,46.3,CPT Jake Cronenworth UTIL Walker Buehler UTIL Corbin Carroll UTIL Ketel Marte UTIL Luis Rengifo UTIL Max Kepler,,,
772,5210515195,sweetdoggg,0,46.3,CPT Jake Cronenworth UTIL Walker Buehler UTIL Ketel Marte UTIL Jackson Merrill UTIL Luis Rengifo UTIL Gavin Sheets,,,
772,5210520759,kellydjk (4/10),0,46.3,CPT Freddy Fermin UTIL Walker Buehler UTIL Fernando Tatis Jr. UTIL Manny Machado UTIL Jackson Merrill UTIL Max Kepler,,,
772,5210520764,kellydjk (9/10),0,46.3,CPT Freddy Fermin UTIL Walker Buehler UTIL Fernando Tatis Jr. UTIL Manny Machado UTIL Jackson Merrill UTIL Max Kepler,,,
772,5210547199,EPSON14,0,46.3,CPT Fernando Tatis Jr. UTIL Walker Buehler UTIL Luis Rengifo UTIL Lars Nootbaar UTIL Gavin Sheets UTIL Jake Cronenworth,,,
772,5210598986,iiryan,0,46.3,CPT Fernando Tatis Jr. UTIL Walker Buehler UTIL Luis Rengifo UTIL Lars Nootbaar UTIL Gavin Sheets UTIL Jake Cronenworth,,,
772,5210608965,Rowdog31 (10/20),0,46.3,CPT Freddy Fermin UTIL Walker Buehler UTIL Fernando Tatis Jr. UTIL Manny Machado UTIL Jackson Merrill UTIL Max Kepler,,,
772,5210615526,Money-Maker-Mooney (2/2),0,46.3,CPT Corbin Carroll UTIL Walker Buehler UTIL Jackson Merrill UTIL Luis Rengifo UTIL Tim Tawa UTIL Freddy Fermin,,,
772,5210616388,coolsouthernbrees (8/16),0,46.3,CPT Luis Rengifo UTIL Walker Buehler UTIL Corbin Carroll UTIL Xander Bogaerts UTIL Gavin Sheets UTIL Jake Cronenworth,,,
772,5210637536,RLKD (1/10),0,46.3,CPT Fernando Tatis Jr. UTIL Walker Buehler UTIL Corbin Carroll UTIL Ryan Waldschmidt UTIL Jake Cronenworth UTIL Freddy Fermin,,,
772,5210644803,TJStarx (1/2),0,46.3,CPT Luis Rengifo UTIL Walker Buehler UTIL Fernando Tatis Jr. UTIL Ketel Marte UTIL Tim Tawa UTIL Freddy Fermin,,,
772,5210646691,RLKD (7/10),0,46.3,CPT Fernando Tatis Jr. UTIL Walker Buehler UTIL Corbin Carroll UTIL Ryan Waldschmidt UTIL Jake Cronenworth UTIL Freddy Fermin,,,
772,5210646848,RLKD (8/10),0,46.3,CPT Fernando Tatis Jr. UTIL Walker Buehler UTIL Corbin Carroll UTIL Ryan Waldschmidt UTIL Jake Cronenworth UTIL Freddy Fermin,,,
772,5210646849,RLKD (9/10),0,46.3,CPT Fernando Tatis Jr. UTIL Walker Buehler UTIL Corbin Carroll UTIL Ryan Waldschmidt UTIL Jake Cronenworth UTIL Freddy Fermin,,,
772,5210646862,RLKD (10/10),0,46.3,CPT Fernando Tatis Jr. UTIL Walker Buehler UTIL Corbin Carroll UTIL Ryan Waldschmidt UTIL Jake Cronenworth UTIL Freddy Fermin,,,
772,5210662614,HC0023 (14/20),0,46.3,CPT Fernando Tatis Jr. UTIL Walker Buehler UTIL Luis Rengifo UTIL Max Kepler UTIL Gavin Sheets UTIL Jake Cronenworth,,,
797,5209567450,Schoey17 (7/9),0,46.2,CPT Walker Buehler UTIL Fernando Tatis Jr. UTIL Geraldo Perdomo UTIL Xander Bogaerts UTIL Jake Cronenworth UTIL Freddy Fermin,,,
797,5209902704,niquisition (16/20),0,46.2,CPT Walker Buehler UTIL Fernando Tatis Jr. UTIL Geraldo Perdomo UTIL Xander Bogaerts UTIL Jake Cronenworth UTIL Freddy Fermin,,,
797,5209986679,meodette (1/3),0,46.2,CPT Walker Buehler UTIL Manny Machado UTIL Luis Rengifo UTIL Gavin Sheets UTIL Freddy Fermin UTIL Gabriel Moreno,,,
797,5210030838,FoxyGrandpa252 (4/20),0,46.2,CPT Walker Buehler UTIL Manny Machado UTIL Jackson Merrill UTIL Xander Bogaerts UTIL Jake Cronenworth UTIL Paul Sewald,,,
797,5210040182,gwatts77 (12/20),0,46.2,CPT Walker Buehler UTIL Fernando Tatis Jr. UTIL Geraldo Perdomo UTIL Xander Bogaerts UTIL Jake Cronenworth UTIL Freddy Fermin,,,
797,5210040185,gwatts77 (15/20),0,46.2,CPT Walker Buehler UTIL Manny Machado UTIL Ketel Marte UTIL Xander Bogaerts UTIL Jake Cronenworth UTIL Freddy Fermin,,,
797,5210040190,gwatts77 (20/20),0,46.2,CPT Walker Buehler UTIL Manny Machado UTIL Luis Rengifo UTIL Gavin Sheets UTIL Freddy Fermin UTIL Gabriel Moreno,,,
797,5210299289,jasonwithaj (10/10),0,46.2,CPT Walker Buehler UTIL Manny Machado UTIL Luis Rengifo UTIL Gavin Sheets UTIL Freddy Fermin UTIL Gabriel Moreno,,,
797,5210345611,kbrisacher (7/20),0,46.2,CPT Walker Buehler UTIL Fernando Tatis Jr. UTIL Geraldo Perdomo UTIL Xander Bogaerts UTIL Jake Cronenworth UTIL Freddy Fermin,,,
797,5210516075,onni1990,0,46.2,CPT Walker Buehler UTIL Fernando Tatis Jr. UTIL Ryan Waldschmidt UTIL Gavin Sheets UTIL Jake Cronenworth UTIL Gabriel Moreno,,,
797,5210558329,mcrauswell (1/4),0,46.2,CPT Walker Buehler UTIL Manny Machado UTIL Ketel Marte UTIL Xander Bogaerts UTIL Jake Cronenworth UTIL Freddy Fermin,,,
797,5210578929,rainmania (6/20),0,46.2,CPT Walker Buehler UTIL Manny Machado UTIL Ty France UTIL Max Kepler UTIL Tim Tawa UTIL Jake Cronenworth,,,
797,5210590218,ptello9298 (2/20),0,46.2,CPT Walker Buehler UTIL Corbin Carroll UTIL Ty France UTIL Gavin Sheets UTIL Jake Cronenworth UTIL Freddy Fermin,,,
797,5210594015,Gagenator51 (16/20),0,46.2,CPT Walker Buehler UTIL Manny Machado UTIL Luis Rengifo UTIL Gavin Sheets UTIL Freddy Fermin UTIL Gabriel Moreno,,,
797,5210621638,RFinch_Kings (2/5),0,46.2,CPT Walker Buehler UTIL Jackson Merrill UTIL Geraldo Perdomo UTIL Luis Rengifo UTIL Jake Cronenworth UTIL Freddy Fermin,,,
797,5210636231,wyattp21 (1/2),0,46.2,CPT Walker Buehler UTIL Jackson Merrill UTIL Ty France UTIL Lars Nootbaar UTIL Max Kepler UTIL Freddy Fermin,,,
813,5210302596,jpbugeater (3/5),0,46,CPT Jackson Merrill UTIL Manny Machado UTIL Luis Rengifo UTIL Ryan Waldschmidt UTIL Tim Tawa UTIL Gabriel Moreno,,,
813,5210539175,samunderu,0,46,CPT Jackson Merrill UTIL Fernando Tatis Jr. UTIL Corbin Carroll UTIL Ketel Marte UTIL Tim Tawa UTIL Freddy Fermin,,,
813,5210544710,cedmay3541,0,46,CPT Geraldo Perdomo UTIL Manny Machado UTIL Jackson Merrill UTIL Ty France UTIL Freddy Fermin UTIL Gabriel Moreno,,,
813,5210548588,achamp4real (5/7),0,46,CPT Xander Bogaerts UTIL Fernando Tatis Jr. UTIL Ketel Marte UTIL Geraldo Perdomo UTIL Luis Rengifo UTIL Jake Cronenworth,,,
813,5210561426,curtwaynewhite (2/5),0,46,CPT Ty France UTIL Fernando Tatis Jr. UTIL Corbin Carroll UTIL Ketel Marte UTIL Gavin Sheets UTIL Freddy Fermin,,,
813,5210561427,curtwaynewhite (3/5),0,46,CPT Ty France UTIL Fernando Tatis Jr. UTIL Corbin Carroll UTIL Ketel Marte UTIL Gavin Sheets UTIL Freddy Fermin,,,
813,5210588474,camdoc3,0,46,CPT Ty France UTIL Manny Machado UTIL Geraldo Perdomo UTIL Luis Rengifo UTIL Ryan Waldschmidt UTIL Gabriel Moreno,,,
813,5210590233,ptello9298 (17/20),0,46,CPT Xander Bogaerts UTIL Fernando Tatis Jr. UTIL Manny Machado UTIL Ty France UTIL Geraldo Perdomo UTIL Freddy Fermin,,,
813,5210591433,LayFonMah1618 (2/2),0,46,CPT Jackson Merrill UTIL Corbin Carroll UTIL Nolan Arenado UTIL Xander Bogaerts UTIL Max Kepler UTIL Gabriel Moreno,,,
813,5210608672,pdanielsjr (13/20),0,46,CPT Manny Machado UTIL Fernando Tatis Jr. UTIL Jackson Merrill UTIL Gavin Sheets UTIL Tim Tawa UTIL Gabriel Moreno,,,
813,5210640111,skiski2424 (4/5),0,46,CPT Ty France UTIL Corbin Carroll UTIL Manny Machado UTIL Luis Rengifo UTIL Lars Nootbaar UTIL Tim Tawa,,,
813,5210642926,cons26 (3/3),0,46,CPT Ty France UTIL Manny Machado UTIL Ketel Marte UTIL Geraldo Perdomo UTIL Xander Bogaerts UTIL Jake Cronenworth,,,
813,5210646956,cameronhart23 (19/20),0,46,CPT Manny Machado UTIL Fernando Tatis Jr. UTIL Ketel Marte UTIL Luis Rengifo UTIL Tim Tawa UTIL Jake Cronenworth,,,
813,5210658718,tmoles (1/3),0,46,CPT Ty France UTIL Corbin Carroll UTIL Ketel Marte UTIL Lars Nootbaar UTIL Gavin Sheets UTIL Gabriel Moreno,,,
813,5210666347,mrw25 (4/20),0,46,CPT Manny Machado UTIL Jackson Merrill UTIL Ty France UTIL Luis Rengifo UTIL Max Kepler UTIL Tim Tawa,,,
813,5210667973,tmoles (2/3),0,46,CPT Ty France UTIL Corbin Carroll UTIL Ketel Marte UTIL Lars Nootbaar UTIL Gavin Sheets UTIL Gabriel Moreno,,,
813,5210668556,tmoles (3/3),0,46,CPT Ty France UTIL Corbin Carroll UTIL Ketel Marte UTIL Lars Nootbaar UTIL Gavin Sheets UTIL Gabriel Moreno,,,
830,5210025678,LTskelter (5/20),0,45.8,CPT Xander Bogaerts UTIL Walker Buehler UTIL Jackson Merrill UTIL Ty France UTIL Lars Nootbaar UTIL Gavin Sheets,,,
830,5210030841,FoxyGrandpa252 (7/20),0,45.8,CPT Xander Bogaerts UTIL Walker Buehler UTIL Jackson Merrill UTIL Ty France UTIL Lars Nootbaar UTIL Gavin Sheets,,,
830,5210069773,rsumrall (10/20),0,45.8,CPT Xander Bogaerts UTIL Walker Buehler UTIL Jackson Merrill UTIL Ty France UTIL Lars Nootbaar UTIL Gavin Sheets,,,
830,5210083331,kreller17 (15/20),0,45.8,CPT Jackson Merrill UTIL Walker Buehler UTIL Ketel Marte UTIL Ty France UTIL Gavin Sheets UTIL Freddy Fermin,,,
830,5210166675,floydian80 (6/20),0,45.8,CPT Xander Bogaerts UTIL Walker Buehler UTIL Jackson Merrill UTIL Ty France UTIL Lars Nootbaar UTIL Gavin Sheets,,,
830,5210360227,Mige1 (9/20),0,45.8,CPT Xander Bogaerts UTIL Walker Buehler UTIL Jackson Merrill UTIL Ty France UTIL Lars Nootbaar UTIL Gavin Sheets,,,
830,5210522898,eddymac222 (6/20),0,45.8,CPT Ty France UTIL Walker Buehler UTIL Fernando Tatis Jr. UTIL Geraldo Perdomo UTIL Tim Tawa UTIL Freddy Fermin,,,
830,5210552356,w1Ldc8t-1,0,45.8,CPT Ty France UTIL Walker Buehler UTIL Geraldo Perdomo UTIL Lars Nootbaar UTIL Tim Tawa UTIL Gabriel Moreno,,,
830,5210568216,drek92,0,45.8,CPT Xander Bogaerts UTIL Walker Buehler UTIL Fernando Tatis Jr. UTIL Luis Rengifo UTIL Nolan Arenado UTIL Freddy Fermin,,,
830,5210583284,arsmith8 (8/20),0,45.8,CPT Manny Machado UTIL Walker Buehler UTIL Fernando Tatis Jr. UTIL Lars Nootbaar UTIL Jake Cronenworth UTIL Freddy Fermin,,,
830,5210593060,smk5430 (12/20),0,45.8,CPT Jackson Merrill UTIL Walker Buehler UTIL Manny Machado UTIL Xander Bogaerts UTIL Lars Nootbaar UTIL Freddy Fermin,,,
830,5210659351,armysc2104,0,45.8,CPT Jackson Merrill UTIL Walker Buehler UTIL Ryan Waldschmidt UTIL Gavin Sheets UTIL Jake Cronenworth UTIL Gabriel Moreno,,,
842,5210568803,georgeconfused (9/9),0,45.75,CPT Luis Rengifo UTIL Walker Buehler UTIL Kohl Drake UTIL Jackson Merrill UTIL Jake Cronenworth UTIL Freddy Fermin,,,
843,5209840777,hatchii112,0,45.5,CPT Ketel Marte UTIL Fernando Tatis Jr. UTIL Corbin Carroll UTIL Manny Machado UTIL Jake Cronenworth UTIL Freddy Fermin,,,
843,5209918391,piotrj10 (1/20),0,45.5,CPT Fernando Tatis Jr. UTIL Corbin Carroll UTIL Xander Bogaerts UTIL Gavin Sheets UTIL Jake Cronenworth UTIL Freddy Fermin,,,
843,5209918392,piotrj10 (2/20),0,45.5,CPT Luis Rengifo UTIL Fernando Tatis Jr. UTIL Corbin Carroll UTIL Gavin Sheets UTIL Jake Cronenworth UTIL Freddy Fermin,,,
843,5209974339,luckychuck,0,45.5,CPT Fernando Tatis Jr. UTIL Corbin Carroll UTIL Manny Machado UTIL Xander Bogaerts UTIL Tim Tawa UTIL Freddy Fermin,,,
843,5209978554,IBrits,0,45.5,CPT Corbin Carroll UTIL Fernando Tatis Jr. UTIL Jackson Merrill UTIL Geraldo Perdomo UTIL Jake Cronenworth UTIL Freddy Fermin,,,
843,5209998774,pat_the_hat2 (15/20),0,45.5,CPT Max Kepler UTIL Fernando Tatis Jr. UTIL Manny Machado UTIL Ty France UTIL Luis Rengifo UTIL Tim Tawa,,,
843,5210064594,rkjniner,0,45.5,CPT Fernando Tatis Jr. UTIL Corbin Carroll UTIL Manny Machado UTIL Xander Bogaerts UTIL Tim Tawa UTIL Freddy Fermin,,,
843,5210174146,LIVING-LEGENDS,0,45.5,CPT Fernando Tatis Jr. UTIL Corbin Carroll UTIL Jackson Merrill UTIL Nolan Arenado UTIL Tim Tawa UTIL Jake Cronenworth,,,
843,5210212908,ERBeck9 (1/3),0,45.5,CPT Fernando Tatis Jr. UTIL Manny Machado UTIL Ty France UTIL Xander Bogaerts UTIL Ryan Waldschmidt UTIL Tim Tawa,,,
843,5210243564,AverillsAvengers,0,45.5,CPT Fernando Tatis Jr. UTIL Corbin Carroll UTIL Jackson Merrill UTIL Nolan Arenado UTIL Tim Tawa UTIL Jake Cronenworth,,,
843,5210263477,johnnyp509 (3/3),0,45.5,CPT Corbin Carroll UTIL Fernando Tatis Jr. UTIL Manny Machado UTIL Ryan Waldschmidt UTIL Freddy Fermin UTIL Gabriel Moreno,,,
843,5210268303,jsh1122 (4/20),0,45.5,CPT Corbin Carroll UTIL Fernando Tatis Jr. UTIL Xander Bogaerts UTIL Max Kepler UTIL Gavin Sheets UTIL Gabriel Moreno,,,
843,5210297465,trevsnap,0,45.5,CPT Freddy Fermin UTIL Corbin Carroll UTIL Jackson Merrill UTIL Geraldo Perdomo UTIL Xander Bogaerts UTIL Gabriel Moreno,,,
843,5210403823,michaelfrapasella (1/3),0,45.5,CPT Fernando Tatis Jr. UTIL Ketel Marte UTIL Ty France UTIL Nolan Arenado UTIL Max Kepler UTIL Jake Cronenworth,,,
843,5210416556,Jbog19 (5/5),0,45.5,CPT Ketel Marte UTIL Fernando Tatis Jr. UTIL Corbin Carroll UTIL Manny Machado UTIL Jake Cronenworth UTIL Freddy Fermin,,,
843,5210424802,bassman1955 (3/5),0,45.5,CPT Corbin Carroll UTIL Fernando Tatis Jr. UTIL Ty France UTIL Luis Rengifo UTIL Lars Nootbaar UTIL Tyler Locklear,,,
843,5210461071,jaydrafted (1/4),0,45.5,CPT Ketel Marte UTIL Fernando Tatis Jr. UTIL Corbin Carroll UTIL Manny Machado UTIL Jake Cronenworth UTIL Freddy Fermin,,,
843,5210466748,bulldogsrule,0,45.5,CPT Ketel Marte UTIL Fernando Tatis Jr. UTIL Corbin Carroll UTIL Manny Machado UTIL Jake Cronenworth UTIL Freddy Fermin,,,
843,5210467008,bear4321,0,45.5,CPT Fernando Tatis Jr. UTIL Ketel Marte UTIL Xander Bogaerts UTIL Lars Nootbaar UTIL Ryan Waldschmidt UTIL Gabriel Moreno,,,
843,5210495036,Edgitt116 (3/10),0,45.5,CPT Corbin Carroll UTIL Manny Machado UTIL Ketel Marte UTIL Ty France UTIL Tim Tawa UTIL Jake Cronenworth,,,
843,5210541723,mandrzejewski (2/3),0,45.5,CPT Gabriel Moreno UTIL Corbin Carroll UTIL Manny Machado UTIL Jackson Merrill UTIL Lars Nootbaar UTIL Gavin Sheets,,,
843,5210546415,lenn221 (3/4),0,45.5,CPT Ketel Marte UTIL Fernando Tatis Jr. UTIL Manny Machado UTIL Max Kepler UTIL Freddy Fermin UTIL Gabriel Moreno,,,
843,5210549073,terminator31 (20/20),0,45.5,CPT Lars Nootbaar UTIL Corbin Carroll UTIL Ty France UTIL Luis Rengifo UTIL Nolan Arenado UTIL Gabriel Moreno,,,
843,5210552372,perrymj86,0,45.5,CPT Luis Rengifo UTIL Fernando Tatis Jr. UTIL Corbin Carroll UTIL Manny Machado UTIL Lars Nootbaar UTIL Freddy Fermin,,,
843,5210561322,georgeconfused (7/9),0,45.5,CPT Gabriel Moreno UTIL Corbin Carroll UTIL Jackson Merrill UTIL Geraldo Perdomo UTIL Ryan Waldschmidt UTIL Jake Cronenworth,,,
843,5210572267,markcamaro (9/14),0,45.5,CPT Ketel Marte UTIL Fernando Tatis Jr. UTIL Corbin Carroll UTIL Manny Machado UTIL Jake Cronenworth UTIL Freddy Fermin,,,
843,5210578934,rainmania (11/20),0,45.5,CPT Corbin Carroll UTIL Manny Machado UTIL Ketel Marte UTIL Ty France UTIL Tim Tawa UTIL Jake Cronenworth,,,
843,5210583175,pdanielsjr (1/20),0,45.5,CPT Fernando Tatis Jr. UTIL Manny Machado UTIL Ketel Marte UTIL Jackson Merrill UTIL Tim Tawa UTIL Freddy Fermin,,,
843,5210593052,smk5430 (4/20),0,45.5,CPT Fernando Tatis Jr. UTIL Corbin Carroll UTIL Luis Rengifo UTIL Nolan Arenado UTIL Xander Bogaerts UTIL Freddy Fermin,,,
843,5210593063,smk5430 (15/20),0,45.5,CPT Fernando Tatis Jr. UTIL Corbin Carroll UTIL Jackson Merrill UTIL Lars Nootbaar UTIL Ryan Waldschmidt UTIL Jake Cronenworth,,,
843,5210594656,pheitmann (1/3),0,45.5,CPT Ketel Marte UTIL Fernando Tatis Jr. UTIL Corbin Carroll UTIL Ty France UTIL Tim Tawa UTIL Freddy Fermin,,,
843,5210596436,jeffreyddsn,0,45.5,CPT Ketel Marte UTIL Fernando Tatis Jr. UTIL Corbin Carroll UTIL Manny Machado UTIL Jake Cronenworth UTIL Freddy Fermin,,,
843,5210596615,49rs_homejuice,0,45.5,CPT Fernando Tatis Jr. UTIL Corbin Carroll UTIL Jackson Merrill UTIL Nolan Arenado UTIL Tim Tawa UTIL Jake Cronenworth,,,
843,5210601015,durkee3,0,45.5,CPT Fernando Tatis Jr. UTIL Corbin Carroll UTIL Manny Machado UTIL Xander Bogaerts UTIL Max Kepler UTIL Freddy Fermin,,,
843,5210610164,phoolio777,0,45.5,CPT Tim Tawa UTIL Fernando Tatis Jr. UTIL Ketel Marte UTIL Ty France UTIL Geraldo Perdomo UTIL Gabriel Moreno,,,
843,5210637345,Frenchy0721 (2/2),0,45.5,CPT Corbin Carroll UTIL Fernando Tatis Jr. UTIL Manny Machado UTIL Ryan Waldschmidt UTIL Freddy Fermin UTIL Gabriel Moreno,,,
843,5210641261,lea2016 (1/2),0,45.5,CPT Ketel Marte UTIL Corbin Carroll UTIL Manny Machado UTIL Lars Nootbaar UTIL Jake Cronenworth UTIL Gabriel Moreno,,,
843,5210642708,cons26 (1/3),0,45.5,CPT Fernando Tatis Jr. UTIL Manny Machado UTIL Ty France UTIL Xander Bogaerts UTIL Ryan Waldschmidt UTIL Tim Tawa,,,
843,5210650874,rainmania (20/20),0,45.5,CPT Ketel Marte UTIL Jackson Merrill UTIL Ty France UTIL Nolan Arenado UTIL Tim Tawa UTIL Gabriel Moreno,,,
843,5210655501,ktrain68,0,45.5,CPT Ketel Marte UTIL Jackson Merrill UTIL Ty France UTIL Nolan Arenado UTIL Tim Tawa UTIL Gabriel Moreno,,,
843,5210667483,Orangechocolate70 (14/20),0,45.5,CPT Ketel Marte UTIL Fernando Tatis Jr. UTIL Corbin Carroll UTIL Manny Machado UTIL Jake Cronenworth UTIL Freddy Fermin,,,
843,5210668586,mj2377,0,45.5,CPT Fernando Tatis Jr. UTIL Ketel Marte UTIL Ty France UTIL Geraldo Perdomo UTIL Tim Tawa UTIL Jake Cronenworth,,,
843,5210671583,KILLANADZ24 (7/20),0,45.5,CPT Ketel Marte UTIL Fernando Tatis Jr. UTIL Manny Machado UTIL Lars Nootbaar UTIL Freddy Fermin UTIL Gabriel Moreno,,,
886,5210461100,j-wolf05 (3/20),0,45.300003,CPT Walker Buehler UTIL Kohl Drake UTIL Fernando Tatis Jr. UTIL Jake Cronenworth UTIL Freddy Fermin UTIL Adrian Morejon,,,
886,5210487161,battleb1015 (1/2),0,45.3,CPT Tim Tawa UTIL Walker Buehler UTIL Fernando Tatis Jr. UTIL Manny Machado UTIL Jackson Merrill UTIL Freddy Fermin,,,
886,5210569916,JBeesie,0,45.3,CPT Fernando Tatis Jr. UTIL Walker Buehler UTIL Nolan Arenado UTIL Xander Bogaerts UTIL Tim Tawa UTIL Jake Cronenworth,,,
886,5210576316,sgibby1231 (2/5),0,45.3,CPT Freddy Fermin UTIL Walker Buehler UTIL Fernando Tatis Jr. UTIL Jackson Merrill UTIL Nolan Arenado UTIL Xander Bogaerts,,,
886,5210580363,4leahy (3/4),0,45.3,CPT Fernando Tatis Jr. UTIL Walker Buehler UTIL Ty France UTIL Lars Nootbaar UTIL Gavin Sheets UTIL Freddy Fermin,,,
886,5210608739,TrillionaireKSG,0,45.3,CPT Fernando Tatis Jr. UTIL Walker Buehler UTIL Manny Machado UTIL Ryan Waldschmidt UTIL Jake Cronenworth UTIL Freddy Fermin,,,
886,5210614497,polllcat (1/2),0,45.3,CPT Fernando Tatis Jr. UTIL Walker Buehler UTIL Ty France UTIL Lars Nootbaar UTIL Ryan Waldschmidt UTIL Freddy Fermin,,,
886,5210615911,Rowdog31 (11/20),0,45.3,CPT Freddy Fermin UTIL Walker Buehler UTIL Fernando Tatis Jr. UTIL Jackson Merrill UTIL Geraldo Perdomo UTIL Xander Bogaerts,,,
886,5210649029,skiski2424 (5/5),0,45.3,CPT Fernando Tatis Jr. UTIL Walker Buehler UTIL Manny Machado UTIL Ryan Waldschmidt UTIL Jake Cronenworth UTIL Freddy Fermin,,,
886,5210655166,mrpaulwr (4/10),0,45.3,CPT Fernando Tatis Jr. UTIL Walker Buehler UTIL Nolan Arenado UTIL Xander Bogaerts UTIL Tim Tawa UTIL Jake Cronenworth,,,
896,5209758167,Sammy.Boy (17/20),0,45.2,CPT Walker Buehler UTIL Fernando Tatis Jr. UTIL Corbin Carroll UTIL Gavin Sheets UTIL Jake Cronenworth UTIL Freddy Fermin,,,
896,5209934387,Aoteoroa (1/6),0,45.2,CPT Walker Buehler UTIL Fernando Tatis Jr. UTIL Luis Rengifo UTIL Gavin Sheets UTIL Tim Tawa UTIL Jake Cronenworth,,,
896,5209934391,Aoteoroa (4/6),0,45.2,CPT Walker Buehler UTIL Fernando Tatis Jr. UTIL Luis Rengifo UTIL Gavin Sheets UTIL Tim Tawa UTIL Jake Cronenworth,,,
896,5209985452,sbolomo (4/20),0,45.2,CPT Walker Buehler UTIL Ty France UTIL Luis Rengifo UTIL Xander Bogaerts UTIL Gavin Sheets UTIL Tim Tawa,,,
896,5210030840,FoxyGrandpa252 (6/20),0,45.2,CPT Walker Buehler UTIL Fernando Tatis Jr. UTIL Luis Rengifo UTIL Gavin Sheets UTIL Tim Tawa UTIL Jake Cronenworth,,,
896,5210040172,gwatts77 (2/20),0,45.2,CPT Walker Buehler UTIL Fernando Tatis Jr. UTIL Corbin Carroll UTIL Gavin Sheets UTIL Jake Cronenworth UTIL Freddy Fermin,,,
896,5210060719,JcClark18 (4/20),0,45.2,CPT Walker Buehler UTIL Ty France UTIL Luis Rengifo UTIL Xander Bogaerts UTIL Gavin Sheets UTIL Tim Tawa,,,
896,5210069764,rsumrall (1/20),0,45.2,CPT Walker Buehler UTIL Fernando Tatis Jr. UTIL Corbin Carroll UTIL Gavin Sheets UTIL Jake Cronenworth UTIL Freddy Fermin,,,
896,5210147160,el_dee_619 (1/2),0,45.2,CPT Walker Buehler UTIL Ty France UTIL Luis Rengifo UTIL Xander Bogaerts UTIL Gavin Sheets UTIL Tim Tawa,,,
896,5210148614,austin60915 (9/20),0,45.2,CPT Walker Buehler UTIL Manny Machado UTIL Jackson Merrill UTIL Xander Bogaerts UTIL Tim Tawa UTIL Freddy Fermin,,,
896,5210203692,jsamtoy (14/20),0,45.2,CPT Walker Buehler UTIL Manny Machado UTIL Jackson Merrill UTIL Xander Bogaerts UTIL Tim Tawa UTIL Freddy Fermin,,,
896,5210302597,jpbugeater (4/5),0,45.2,CPT Walker Buehler UTIL Fernando Tatis Jr. UTIL Corbin Carroll UTIL Gavin Sheets UTIL Jake Cronenworth UTIL Freddy Fermin,,,
896,5210355874,SaintWaveCubPel84,0,45.2,CPT Walker Buehler UTIL Ty France UTIL Luis Rengifo UTIL Xander Bogaerts UTIL Ryan Waldschmidt UTIL Tim Tawa,,,
896,5210409763,Orangechocolate70 (1/20),0,45.2,CPT Walker Buehler UTIL Fernando Tatis Jr. UTIL Luis Rengifo UTIL Gavin Sheets UTIL Tim Tawa UTIL Jake Cronenworth,,,
896,5210470444,ctech1,0,45.2,CPT Walker Buehler UTIL Manny Machado UTIL Ty France UTIL Nolan Arenado UTIL Jake Cronenworth UTIL Freddy Fermin,,,
896,5210487379,Cartertd (4/4),0,45.2,CPT Walker Buehler UTIL Fernando Tatis Jr. UTIL Corbin Carroll UTIL Ryan Waldschmidt UTIL Jake Cronenworth UTIL Freddy Fermin,,,
896,5210496867,TNeidert (15/20),0,45.2,CPT Walker Buehler UTIL Manny Machado UTIL Jackson Merrill UTIL Xander Bogaerts UTIL Tim Tawa UTIL Freddy Fermin,,,
896,5210513769,Playforme (1/2),0,45.2,CPT Walker Buehler UTIL Fernando Tatis Jr. UTIL Corbin Carroll UTIL Gavin Sheets UTIL Jake Cronenworth UTIL Freddy Fermin,,,
896,5210522585,ATremor (1/3),0,45.2,CPT Walker Buehler UTIL Fernando Tatis Jr. UTIL Corbin Carroll UTIL Gavin Sheets UTIL Jake Cronenworth UTIL Freddy Fermin,,,
896,5210540287,jwclark311 (13/20),0,45.2,CPT Walker Buehler UTIL Fernando Tatis Jr. UTIL Corbin Carroll UTIL Gavin Sheets UTIL Jake Cronenworth UTIL Freddy Fermin,,,
896,5210551141,Melly01,0,45.2,CPT Walker Buehler UTIL Manny Machado UTIL Jackson Merrill UTIL Xander Bogaerts UTIL Tim Tawa UTIL Freddy Fermin,,,
896,5210621905,jsimoniette23,0,45.2,CPT Walker Buehler UTIL Ty France UTIL Luis Rengifo UTIL Xander Bogaerts UTIL Gavin Sheets UTIL Tim Tawa,,,
896,5210637547,RLKD (2/10),0,45.2,CPT Walker Buehler UTIL Fernando Tatis Jr. UTIL Corbin Carroll UTIL Ryan Waldschmidt UTIL Jake Cronenworth UTIL Freddy Fermin,,,
896,5210643284,Dtdreams15,0,45.2,CPT Walker Buehler UTIL Jackson Merrill UTIL Xander Bogaerts UTIL Ryan Waldschmidt UTIL Jake Cronenworth UTIL Freddy Fermin,,,
896,5210646150,RLKD (3/10),0,45.2,CPT Walker Buehler UTIL Fernando Tatis Jr. UTIL Corbin Carroll UTIL Ryan Waldschmidt UTIL Jake Cronenworth UTIL Freddy Fermin,,,
896,5210646676,RLKD (4/10),0,45.2,CPT Walker Buehler UTIL Fernando Tatis Jr. UTIL Corbin Carroll UTIL Ryan Waldschmidt UTIL Jake Cronenworth UTIL Freddy Fermin,,,
896,5210646682,RLKD (5/10),0,45.2,CPT Walker Buehler UTIL Fernando Tatis Jr. UTIL Corbin Carroll UTIL Ryan Waldschmidt UTIL Jake Cronenworth UTIL Freddy Fermin,,,
896,5210646687,RLKD (6/10),0,45.2,CPT Walker Buehler UTIL Fernando Tatis Jr. UTIL Corbin Carroll UTIL Ryan Waldschmidt UTIL Jake Cronenworth UTIL Freddy Fermin,,,
896,5210648168,flipnick99 (1/3),0,45.2,CPT Walker Buehler UTIL Fernando Tatis Jr. UTIL Corbin Carroll UTIL Gavin Sheets UTIL Jake Cronenworth UTIL Freddy Fermin,,,
896,5210658742,snake425,0,45.2,CPT Walker Buehler UTIL Fernando Tatis Jr. UTIL Luis Rengifo UTIL Ryan Waldschmidt UTIL Tim Tawa UTIL Jake Cronenworth,,,
926,5209959797,bloylo,0,45,CPT Manny Machado UTIL Corbin Carroll UTIL Ketel Marte UTIL Ty France UTIL Tim Tawa UTIL Jake Cronenworth,,,
926,5209998778,pat_the_hat2 (19/20),0,45,CPT Manny Machado UTIL Corbin Carroll UTIL Ketel Marte UTIL Ty France UTIL Tim Tawa UTIL Jake Cronenworth,,,
926,5210004841,wes_lichlyter24,0,45,CPT Xander Bogaerts UTIL Fernando Tatis Jr. UTIL Corbin Carroll UTIL Ty France UTIL Lars Nootbaar UTIL Ryan Waldschmidt,,,
926,5210044218,Daily_Big_Kahuna (4/8),0,45,CPT Ty France UTIL Manny Machado UTIL Geraldo Perdomo UTIL Xander Bogaerts UTIL Ryan Waldschmidt UTIL Gabriel Moreno,,,
926,5210083330,kreller17 (14/20),0,45,CPT Ty France UTIL Manny Machado UTIL Geraldo Perdomo UTIL Xander Bogaerts UTIL Ryan Waldschmidt UTIL Gabriel Moreno,,,
926,5210139390,madden710,0,45,CPT Geraldo Perdomo UTIL Fernando Tatis Jr. UTIL Corbin Carroll UTIL Luis Rengifo UTIL Freddy Fermin UTIL Gabriel Moreno,,,
926,5210268312,jsh1122 (13/20),0,45,CPT Geraldo Perdomo UTIL Fernando Tatis Jr. UTIL Corbin Carroll UTIL Luis Rengifo UTIL Freddy Fermin UTIL Gabriel Moreno,,,
926,5210358030,45dojo (1/8),0,45,CPT Xander Bogaerts UTIL Fernando Tatis Jr. UTIL Corbin Carroll UTIL Jackson Merrill UTIL Nolan Arenado UTIL Freddy Fermin,,,
926,5210433610,Q33Q,0,45,CPT Manny Machado UTIL Fernando Tatis Jr. UTIL Luis Rengifo UTIL Ryan Waldschmidt UTIL Tim Tawa UTIL Gabriel Moreno,,,
926,5210452806,JoeNY07 (6/6),0,45,CPT Jackson Merrill UTIL Manny Machado UTIL Nolan Arenado UTIL Xander Bogaerts UTIL Lars Nootbaar UTIL Gabriel Moreno,,,
926,5210508035,destructking (1/2),0,45,CPT Geraldo Perdomo UTIL Fernando Tatis Jr. UTIL Jackson Merrill UTIL Xander Bogaerts UTIL Tim Tawa UTIL Gabriel Moreno,,,
926,5210527560,destructking (2/2),0,45,CPT Geraldo Perdomo UTIL Fernando Tatis Jr. UTIL Jackson Merrill UTIL Xander Bogaerts UTIL Tim Tawa UTIL Gabriel Moreno,,,
926,5210528129,roberts2525 (8/10),0,45,CPT Ty France UTIL Fernando Tatis Jr. UTIL Corbin Carroll UTIL Lars Nootbaar UTIL Max Kepler UTIL Tim Tawa,,,
926,5210544394,txplayersoldlady67,0,45,CPT Jackson Merrill UTIL Manny Machado UTIL Nolan Arenado UTIL Xander Bogaerts UTIL Lars Nootbaar UTIL Gabriel Moreno,,,
926,5210559937,orchard7 (15/18),0,45,CPT Ryan Waldschmidt UTIL Fernando Tatis Jr. UTIL Corbin Carroll UTIL Manny Machado UTIL Ty France UTIL Jake Cronenworth,,,
926,5210570403,Joeytwofingers (3/5),0,45,CPT Nolan Arenado UTIL Fernando Tatis Jr. UTIL Jackson Merrill UTIL Xander Bogaerts UTIL Lars Nootbaar UTIL Gabriel Moreno,,,
926,5210578931,rainmania (8/20),0,45,CPT Jackson Merrill UTIL Manny Machado UTIL Ty France UTIL Luis Rengifo UTIL Nolan Arenado UTIL Tim Tawa,,,
926,5210578933,rainmania (10/20),0,45,CPT Ty France UTIL Manny Machado UTIL Jackson Merrill UTIL Geraldo Perdomo UTIL Xander Bogaerts UTIL Tim Tawa,,,
926,5210589753,dplspfe,0,45,CPT Xander Bogaerts UTIL Fernando Tatis Jr. UTIL Corbin Carroll UTIL Ty France UTIL Lars Nootbaar UTIL Ryan Waldschmidt,,,
926,5210590219,ptello9298 (3/20),0,45,CPT Jackson Merrill UTIL Corbin Carroll UTIL Manny Machado UTIL Ty France UTIL Gavin Sheets UTIL Freddy Fermin,,,
926,5210602623,sawyer2014,0,45,CPT Ty France UTIL Corbin Carroll UTIL Manny Machado UTIL Ketel Marte UTIL Gavin Sheets UTIL Jake Cronenworth,,,
926,5210605327,woodreb5 (20/20),0,45,CPT Geraldo Perdomo UTIL Fernando Tatis Jr. UTIL Corbin Carroll UTIL Luis Rengifo UTIL Freddy Fermin UTIL Gabriel Moreno,,,
926,5210612952,DancinPaul,0,45,CPT Geraldo Perdomo UTIL Fernando Tatis Jr. UTIL Corbin Carroll UTIL Luis Rengifo UTIL Freddy Fermin UTIL Gabriel Moreno,,,
926,5210613754,coolsouthernbrees (6/16),0,45,CPT Manny Machado UTIL Ketel Marte UTIL Jackson Merrill UTIL Luis Rengifo UTIL Max Kepler UTIL Jake Cronenworth,,,
926,5210635538,Toney367 (12/20),0,45,CPT Ty France UTIL Fernando Tatis Jr. UTIL Corbin Carroll UTIL Manny Machado UTIL Max Kepler UTIL Jase Bowen,,,
926,5210640730,cowboysfan1995 (1/2),0,45,CPT Ty France UTIL Corbin Carroll UTIL Manny Machado UTIL Xander Bogaerts UTIL Lars Nootbaar UTIL Max Kepler,,,
926,5210646928,jjarmour2012 (3/4),0,45,CPT Xander Bogaerts UTIL Corbin Carroll UTIL Ketel Marte UTIL Ty France UTIL Luis Rengifo UTIL Gavin Sheets,,,
953,5210635527,Toney367 (1/20),0,44.95,CPT Fernando Tatis Jr. UTIL Kohl Drake UTIL Luis Rengifo UTIL Xander Bogaerts UTIL Tim Tawa UTIL Jake Cronenworth,,,
954,5209692288,ivymoose (10/20),0,44.8,CPT Ty France UTIL Walker Buehler UTIL Jackson Merrill UTIL Xander Bogaerts UTIL Ryan Waldschmidt UTIL Gavin Sheets,,,
954,5209985463,sbolomo (15/20),0,44.8,CPT Jackson Merrill UTIL Walker Buehler UTIL Ty France UTIL Nolan Arenado UTIL Gavin Sheets UTIL Jake Cronenworth,,,
954,5209999698,whoisjohngalt420 (18/20),0,44.8,CPT Ty France UTIL Walker Buehler UTIL Jackson Merrill UTIL Xander Bogaerts UTIL Ryan Waldschmidt UTIL Gavin Sheets,,,
954,5210017583,Hotdogfatboy (1/4),0,44.8,CPT Ty France UTIL Walker Buehler UTIL Jackson Merrill UTIL Xander Bogaerts UTIL Ryan Waldschmidt UTIL Gavin Sheets,,,
954,5210403901,cwthrow24 (15/20),0,44.8,CPT Ty France UTIL Walker Buehler UTIL Jackson Merrill UTIL Xander Bogaerts UTIL Ryan Waldschmidt UTIL Gavin Sheets,,,
954,5210542470,Ddcamp13,0,44.8,CPT Manny Machado UTIL Walker Buehler UTIL Xander Bogaerts UTIL Max Kepler UTIL Tim Tawa UTIL Gabriel Moreno,,,
954,5210578932,rainmania (9/20),0,44.8,CPT Jackson Merrill UTIL Walker Buehler UTIL Ty France UTIL Nolan Arenado UTIL Gavin Sheets UTIL Jake Cronenworth,,,
954,5210578951,rainmania (14/20),0,44.8,CPT Jackson Merrill UTIL Walker Buehler UTIL Ty France UTIL Nolan Arenado UTIL Ryan Waldschmidt UTIL Jake Cronenworth,,,
954,5210641734,monarch11 (11/20),0,44.8,CPT Ty France UTIL Walker Buehler UTIL Jackson Merrill UTIL Xander Bogaerts UTIL Ryan Waldschmidt UTIL Gavin Sheets,,,
963,5210067495,mjj792 (2/2),0,44.75,CPT Tim Tawa UTIL Walker Buehler UTIL Kohl Drake UTIL Jackson Merrill UTIL Jake Cronenworth UTIL Gabriel Moreno,,,
963,5210504979,freakazoid0,0,44.75,CPT Tim Tawa UTIL Walker Buehler UTIL Kohl Drake UTIL Jackson Merrill UTIL Jake Cronenworth UTIL Gabriel Moreno,,,
963,5210583787,xXxPLOSIVE (5/5),0,44.75,CPT Tim Tawa UTIL Walker Buehler UTIL Kohl Drake UTIL Jackson Merrill UTIL Jake Cronenworth UTIL Gabriel Moreno,,,
963,5210632787,Dagreek1976 (2/2),0,44.75,CPT Tim Tawa UTIL Walker Buehler UTIL Kohl Drake UTIL Jackson Merrill UTIL Jake Cronenworth UTIL Gabriel Moreno,,,
967,5209884946,briannedanielle,0,44.5,CPT Fernando Tatis Jr. UTIL Corbin Carroll UTIL Geraldo Perdomo UTIL Lars Nootbaar UTIL Freddy Fermin UTIL Gabriel Moreno,,,
967,5209918398,piotrj10 (8/20),0,44.5,CPT Freddy Fermin UTIL Corbin Carroll UTIL Jackson Merrill UTIL Ty France UTIL Xander Bogaerts UTIL Gavin Sheets,,,
967,5209999696,whoisjohngalt420 (16/20),0,44.5,CPT Corbin Carroll UTIL Fernando Tatis Jr. UTIL Ketel Marte UTIL Gavin Sheets UTIL Freddy Fermin UTIL Gabriel Moreno,,,
967,5210031605,nycgator12,0,44.5,CPT Fernando Tatis Jr. UTIL Corbin Carroll UTIL Geraldo Perdomo UTIL Lars Nootbaar UTIL Freddy Fermin UTIL Gabriel Moreno,,,
967,5210071151,ParPosse,0,44.5,CPT Ketel Marte UTIL Ty France UTIL Luis Rengifo UTIL Nolan Arenado UTIL Lars Nootbaar UTIL Gabriel Moreno,,,
967,5210112829,Stree (3/7),0,44.5,CPT Fernando Tatis Jr. UTIL Corbin Carroll UTIL Ketel Marte UTIL Xander Bogaerts UTIL Lars Nootbaar UTIL Freddy Fermin,,,
967,5210160745,inkedjerseyguy,0,44.5,CPT Max Kepler UTIL Fernando Tatis Jr. UTIL Corbin Carroll UTIL Manny Machado UTIL Tim Tawa UTIL Gabriel Moreno,,,
967,5210221333,NavinRJ1972,0,44.5,CPT Ketel Marte UTIL Jackson Merrill UTIL Ty France UTIL Luis Rengifo UTIL Lars Nootbaar UTIL Max Kepler,,,
967,5210263455,johnnyp509 (1/3),0,44.5,CPT Fernando Tatis Jr. UTIL Manny Machado UTIL Ketel Marte UTIL Ty France UTIL Gavin Sheets UTIL Freddy Fermin,,,
967,5210268302,jsh1122 (3/20),0,44.5,CPT Corbin Carroll UTIL Fernando Tatis Jr. UTIL Luis Rengifo UTIL Xander Bogaerts UTIL Lars Nootbaar UTIL Tim Tawa,,,
967,5210305546,blitzburgh07,0,44.5,CPT Fernando Tatis Jr. UTIL Corbin Carroll UTIL Ketel Marte UTIL Xander Bogaerts UTIL Max Kepler UTIL Freddy Fermin,,,
967,5210397455,Rich4585,0,44.5,CPT Corbin Carroll UTIL Jackson Merrill UTIL Ty France UTIL Geraldo Perdomo UTIL Lars Nootbaar UTIL Jake Cronenworth,,,
967,5210435579,pbnews,0,44.5,CPT Ketel Marte UTIL Manny Machado UTIL Ty France UTIL Lars Nootbaar UTIL Max Kepler UTIL Gabriel Moreno,,,
967,5210479779,curly82 (1/9),0,44.5,CPT Freddy Fermin UTIL Ketel Marte UTIL Ty France UTIL Luis Rengifo UTIL Xander Bogaerts UTIL Lars Nootbaar,,,
967,5210481619,Darkmen715 (13/20),0,44.5,CPT Fernando Tatis Jr. UTIL Corbin Carroll UTIL Ketel Marte UTIL Xander Bogaerts UTIL Lars Nootbaar UTIL Freddy Fermin,,,
967,5210485719,ricksells01,0,44.5,CPT Tim Tawa UTIL Fernando Tatis Jr. UTIL Manny Machado UTIL Jackson Merrill UTIL Nolan Arenado UTIL Gabriel Moreno,,,
967,5210505454,Dirkdynasty (7/8),0,44.5,CPT Ketel Marte UTIL Manny Machado UTIL Ty France UTIL Lars Nootbaar UTIL Max Kepler UTIL Gabriel Moreno,,,
967,5210522059,kcybulski6969,0,44.5,CPT Ketel Marte UTIL Fernando Tatis Jr. UTIL Ty France UTIL Nolan Arenado UTIL Jake Cronenworth UTIL Freddy Fermin,,,
967,5210539494,2bclutch (3/4),0,44.5,CPT Ketel Marte UTIL Fernando Tatis Jr. UTIL Manny Machado UTIL Ty France UTIL Max Kepler UTIL Freddy Fermin,,,
967,5210545754,dolan21 (1/3),0,44.5,CPT Fernando Tatis Jr. UTIL Corbin Carroll UTIL Geraldo Perdomo UTIL Lars Nootbaar UTIL Freddy Fermin UTIL Gabriel Moreno,,,
967,5210545755,dolan21 (2/3),0,44.5,CPT Fernando Tatis Jr. UTIL Corbin Carroll UTIL Geraldo Perdomo UTIL Lars Nootbaar UTIL Freddy Fermin UTIL Gabriel Moreno,,,
967,5210545756,dolan21 (3/3),0,44.5,CPT Fernando Tatis Jr. UTIL Corbin Carroll UTIL Geraldo Perdomo UTIL Lars Nootbaar UTIL Freddy Fermin UTIL Gabriel Moreno,,,
967,5210549030,2bclutch (4/4),0,44.5,CPT Ketel Marte UTIL Fernando Tatis Jr. UTIL Manny Machado UTIL Ty France UTIL Max Kepler UTIL Freddy Fermin,,,
967,5210559783,Mazeblue30,0,44.5,CPT Ketel Marte UTIL Corbin Carroll UTIL Luis Rengifo UTIL Xander Bogaerts UTIL Gavin Sheets UTIL Gabriel Moreno,,,
967,5210561143,124hoffman (3/8),0,44.5,CPT Ketel Marte UTIL Corbin Carroll UTIL Ty France UTIL Geraldo Perdomo UTIL Freddy Fermin UTIL Gabriel Moreno,,,
967,5210574355,moseleyman,0,44.5,CPT Corbin Carroll UTIL Ketel Marte UTIL Jackson Merrill UTIL Max Kepler UTIL Tim Tawa UTIL Gabriel Moreno,,,
967,5210583783,xXxPLOSIVE (1/5),0,44.5,CPT Fernando Tatis Jr. UTIL Corbin Carroll UTIL Geraldo Perdomo UTIL Lars Nootbaar UTIL Freddy Fermin UTIL Gabriel Moreno,,,
967,5210587494,rams779 (2/4),0,44.5,CPT Freddy Fermin UTIL Fernando Tatis Jr. UTIL Corbin Carroll UTIL Jackson Merrill UTIL Geraldo Perdomo UTIL Luis Rengifo,,,
967,5210590225,ptello9298 (9/20),0,44.5,CPT Ketel Marte UTIL Corbin Carroll UTIL Ty France UTIL Geraldo Perdomo UTIL Freddy Fermin UTIL Gabriel Moreno,,,
967,5210593066,smk5430 (18/20),0,44.5,CPT Fernando Tatis Jr. UTIL Corbin Carroll UTIL Ketel Marte UTIL Xander Bogaerts UTIL Lars Nootbaar UTIL Freddy Fermin,,,
967,5210604275,eisendwat,0,44.5,CPT Fernando Tatis Jr. UTIL Manny Machado UTIL Jackson Merrill UTIL Nolan Arenado UTIL Tim Tawa UTIL Jake Cronenworth,,,
967,5210617409,Dierickx24,0,44.5,CPT Corbin Carroll UTIL Jackson Merrill UTIL Ty France UTIL Geraldo Perdomo UTIL Lars Nootbaar UTIL Jake Cronenworth,,,
967,5210617677,billybvb,0,44.5,CPT Freddy Fermin UTIL Fernando Tatis Jr. UTIL Corbin Carroll UTIL Manny Machado UTIL Ketel Marte UTIL Xander Bogaerts,,,
967,5210621838,Marsharks (18/20),0,44.5,CPT Fernando Tatis Jr. UTIL Corbin Carroll UTIL Geraldo Perdomo UTIL Lars Nootbaar UTIL Freddy Fermin UTIL Gabriel Moreno,,,
967,5210641906,eng32_eric (3/4),0,44.5,CPT Fernando Tatis Jr. UTIL Manny Machado UTIL Ketel Marte UTIL Xander Bogaerts UTIL Gavin Sheets UTIL Jake Cronenworth,,,
967,5210642656,playboi_956 (2/2),0,44.5,CPT Fernando Tatis Jr. UTIL Corbin Carroll UTIL Manny Machado UTIL Lars Nootbaar UTIL Tim Tawa UTIL Jake Cronenworth,,,
967,5210651289,dahoward1974 (9/9),0,44.5,CPT Luis Rengifo UTIL Fernando Tatis Jr. UTIL Corbin Carroll UTIL Ketel Marte UTIL Lars Nootbaar UTIL Freddy Fermin,,,
967,5210657162,MikeBrownsFan3752,0,44.5,CPT Lars Nootbaar UTIL Manny Machado UTIL Ty France UTIL Geraldo Perdomo UTIL Luis Rengifo UTIL Gabriel Moreno,,,
967,5210657922,Zorlando (1/5),0,44.5,CPT Corbin Carroll UTIL Jackson Merrill UTIL Ty France UTIL Geraldo Perdomo UTIL Lars Nootbaar UTIL Jake Cronenworth,,,
967,5210658630,HouFan33,0,44.5,CPT Freddy Fermin UTIL Fernando Tatis Jr. UTIL Corbin Carroll UTIL Manny Machado UTIL Geraldo Perdomo UTIL Gabriel Moreno,,,
967,5210661516,roboz1962,0,44.5,CPT Fernando Tatis Jr. UTIL Manny Machado UTIL Ketel Marte UTIL Ty France UTIL Gavin Sheets UTIL Freddy Fermin,,,
967,5210664833,optimusrhyme,0,44.5,CPT Ketel Marte UTIL Fernando Tatis Jr. UTIL Manny Machado UTIL Ty France UTIL Max Kepler UTIL Freddy Fermin,,,
967,5210666701,criminalbob,0,44.5,CPT Fernando Tatis Jr. UTIL Manny Machado UTIL Geraldo Perdomo UTIL Ryan Waldschmidt UTIL Jake Cronenworth UTIL Gabriel Moreno,,,
1010,5210519229,eddymac222 (1/20),0,44.3,CPT Freddy Fermin UTIL Walker Buehler UTIL Manny Machado UTIL Jackson Merrill UTIL Ty France UTIL Nolan Arenado,,,
1010,5210554812,69SPEEDY,0,44.3,CPT Jake Cronenworth UTIL Walker Buehler UTIL Fernando Tatis Jr. UTIL Nolan Arenado UTIL Xander Bogaerts UTIL Lars Nootbaar,,,
1010,5210603449,dtapper29 (13/20),0,44.3,CPT Luis Rengifo UTIL Walker Buehler UTIL Fernando Tatis Jr. UTIL Xander Bogaerts UTIL Gavin Sheets UTIL Tim Tawa,,,
1010,5210630376,ac919 (9/20),0,44.3,CPT Luis Rengifo UTIL Walker Buehler UTIL Fernando Tatis Jr. UTIL Xander Bogaerts UTIL Gavin Sheets UTIL Tim Tawa,,,
1014,5209692285,ivymoose (7/20),0,44.2,CPT Walker Buehler UTIL Fernando Tatis Jr. UTIL Ty France UTIL Lars Nootbaar UTIL Gavin Sheets UTIL Freddy Fermin,,,
1014,5209758152,Sammy.Boy (2/20),0,44.2,CPT Walker Buehler UTIL Fernando Tatis Jr. UTIL Ty France UTIL Lars Nootbaar UTIL Gavin Sheets UTIL Freddy Fermin,,,
1014,5209758154,Sammy.Boy (4/20),0,44.2,CPT Walker Buehler UTIL Manny Machado UTIL Luis Rengifo UTIL Xander Bogaerts UTIL Lars Nootbaar UTIL Freddy Fermin,,,
1014,5209873986,millerjt7 (1/5),0,44.2,CPT Walker Buehler UTIL Fernando Tatis Jr. UTIL Manny Machado UTIL Ryan Waldschmidt UTIL Jake Cronenworth UTIL Freddy Fermin,,,
1014,5209902692,niquisition (4/20),0,44.2,CPT Walker Buehler UTIL Manny Machado UTIL Ty France UTIL Xander Bogaerts UTIL Ryan Waldschmidt UTIL Freddy Fermin,,,
1014,5209999688,whoisjohngalt420 (8/20),0,44.2,CPT Walker Buehler UTIL Manny Machado UTIL Luis Rengifo UTIL Xander Bogaerts UTIL Lars Nootbaar UTIL Freddy Fermin,,,
1014,5210025691,LTskelter (18/20),0,44.2,CPT Walker Buehler UTIL Fernando Tatis Jr. UTIL Ty France UTIL Max Kepler UTIL Gavin Sheets UTIL Freddy Fermin,,,
1014,5210040183,gwatts77 (13/20),0,44.2,CPT Walker Buehler UTIL Fernando Tatis Jr. UTIL Ty France UTIL Max Kepler UTIL Gavin Sheets UTIL Freddy Fermin,,,
1014,5210060721,JcClark18 (6/20),0,44.2,CPT Walker Buehler UTIL Fernando Tatis Jr. UTIL Xander Bogaerts UTIL Max Kepler UTIL Gavin Sheets UTIL Jake Cronenworth,,,
1014,5210212777,TheBigOuch (17/20),0,44.2,CPT Walker Buehler UTIL Fernando Tatis Jr. UTIL Xander Bogaerts UTIL Lars Nootbaar UTIL Gavin Sheets UTIL Jake Cronenworth,,,
1014,5210212778,TheBigOuch (18/20),0,44.2,CPT Walker Buehler UTIL Manny Machado UTIL Ty France UTIL Xander Bogaerts UTIL Ryan Waldschmidt UTIL Freddy Fermin,,,
1014,5210263942,UniversalFriend (6/20),0,44.2,CPT Walker Buehler UTIL Fernando Tatis Jr. UTIL Ty France UTIL Max Kepler UTIL Gavin Sheets UTIL Freddy Fermin,,,
1014,5210345609,kbrisacher (5/20),0,44.2,CPT Walker Buehler UTIL Fernando Tatis Jr. UTIL Ty France UTIL Lars Nootbaar UTIL Gavin Sheets UTIL Freddy Fermin,,,
1014,5210345617,kbrisacher (13/20),0,44.2,CPT Walker Buehler UTIL Manny Machado UTIL Ty France UTIL Xander Bogaerts UTIL Ryan Waldschmidt UTIL Freddy Fermin,,,
1014,5210412132,Mathis (8/20),0,44.2,CPT Walker Buehler UTIL Manny Machado UTIL Luis Rengifo UTIL Xander Bogaerts UTIL Lars Nootbaar UTIL Freddy Fermin,,,
1014,5210438353,JaserD (9/20),0,44.2,CPT Walker Buehler UTIL Fernando Tatis Jr. UTIL Xander Bogaerts UTIL Lars Nootbaar UTIL Gavin Sheets UTIL Jake Cronenworth,,,
1014,5210475895,gmoney429394 (2/3),0,44.2,CPT Walker Buehler UTIL Manny Machado UTIL Nolan Arenado UTIL Tim Tawa UTIL Jake Cronenworth UTIL Gabriel Moreno,,,
1014,5210495038,Edgitt116 (5/10),0,44.2,CPT Walker Buehler UTIL Ketel Marte UTIL Ty France UTIL Geraldo Perdomo UTIL Jake Cronenworth UTIL Freddy Fermin,,,
1014,5210506202,orchard7 (1/18),0,44.2,CPT Walker Buehler UTIL Manny Machado UTIL Jackson Merrill UTIL Max Kepler UTIL Tim Tawa UTIL Jake Cronenworth,,,
1014,5210540293,jwclark311 (19/20),0,44.2,CPT Walker Buehler UTIL Fernando Tatis Jr. UTIL Ty France UTIL Max Kepler UTIL Gavin Sheets UTIL Freddy Fermin,,,
1014,5210579000,Schrinepiece92 (12/20),0,44.2,CPT Walker Buehler UTIL Fernando Tatis Jr. UTIL Ty France UTIL Lars Nootbaar UTIL Gavin Sheets UTIL Freddy Fermin,,,
1014,5210580292,4leahy (2/4),0,44.2,CPT Walker Buehler UTIL Jackson Merrill UTIL Luis Rengifo UTIL Max Kepler UTIL Gavin Sheets UTIL Jake Cronenworth,,,
1014,5210582518,jrice54 (12/20),0,44.2,CPT Walker Buehler UTIL Fernando Tatis Jr. UTIL Ty France UTIL Lars Nootbaar UTIL Gavin Sheets UTIL Freddy Fermin,,,
1014,5210583295,arsmith8 (19/20),0,44.2,CPT Walker Buehler UTIL Manny Machado UTIL Luis Rengifo UTIL Xander Bogaerts UTIL Max Kepler UTIL Freddy Fermin,,,
1014,5210612563,84flipmode (7/20),0,44.2,CPT Walker Buehler UTIL Manny Machado UTIL Max Kepler UTIL Gavin Sheets UTIL Jake Cronenworth UTIL Gabriel Moreno,,,
1014,5210615894,Babysumo92 (1/5),0,44.2,CPT Walker Buehler UTIL Fernando Tatis Jr. UTIL Xander Bogaerts UTIL Lars Nootbaar UTIL Gavin Sheets UTIL Jake Cronenworth,,,
1014,5210656933,Uvafan100 (4/4),0,44.2,CPT Walker Buehler UTIL Geraldo Perdomo UTIL Luis Rengifo UTIL Ryan Waldschmidt UTIL Jake Cronenworth UTIL Gabriel Moreno,,,
1014,5210666360,mrw25 (17/20),0,44.2,CPT Walker Buehler UTIL Manny Machado UTIL Ty France UTIL Xander Bogaerts UTIL Ryan Waldschmidt UTIL Freddy Fermin,,,
1014,5210671972,nolanmt,0,44.2,CPT Walker Buehler UTIL Fernando Tatis Jr. UTIL Luis Rengifo UTIL Lars Nootbaar UTIL Max Kepler UTIL Freddy Fermin,,,
1043,5209902702,niquisition (14/20),0,44,CPT Manny Machado UTIL Fernando Tatis Jr. UTIL Ty France UTIL Luis Rengifo UTIL Gavin Sheets UTIL Tim Tawa,,,
1043,5210119557,rich44racing (1/2),0,44,CPT Ty France UTIL Jackson Merrill UTIL Geraldo Perdomo UTIL Nolan Arenado UTIL Lars Nootbaar UTIL Gabriel Moreno,,,
1043,5210164554,kurtisgant (2/3),0,44,CPT Manny Machado UTIL Fernando Tatis Jr. UTIL Ty France UTIL Geraldo Perdomo UTIL Tim Tawa UTIL Jake Cronenworth,,,
1043,5210332779,garygs400 (2/2),0,44,CPT Ty France UTIL Jackson Merrill UTIL Geraldo Perdomo UTIL Nolan Arenado UTIL Lars Nootbaar UTIL Gabriel Moreno,,,
1043,5210374021,Boltmantom (2/2),0,44,CPT Manny Machado UTIL Fernando Tatis Jr. UTIL Ty France UTIL Nolan Arenado UTIL Tim Tawa UTIL Jake Cronenworth,,,
1043,5210403906,cwthrow24 (20/20),0,44,CPT Manny Machado UTIL Fernando Tatis Jr. UTIL Ty France UTIL Luis Rengifo UTIL Ryan Waldschmidt UTIL Tim Tawa,,,
1043,5210438354,JaserD (10/20),0,44,CPT Jackson Merrill UTIL Fernando Tatis Jr. UTIL Manny Machado UTIL Luis Rengifo UTIL Gavin Sheets UTIL Tim Tawa,,,
1043,5210438364,JaserD (20/20),0,44,CPT Ty France UTIL Manny Machado UTIL Ketel Marte UTIL Luis Rengifo UTIL Lars Nootbaar UTIL Max Kepler,,,
1043,5210453788,Sean14711,0,44,CPT Xander Bogaerts UTIL Fernando Tatis Jr. UTIL Corbin Carroll UTIL Ketel Marte UTIL Ryan Waldschmidt UTIL Jake Cronenworth,,,
1043,5210481621,Darkmen715 (15/20),0,44,CPT Manny Machado UTIL Fernando Tatis Jr. UTIL Ty France UTIL Luis Rengifo UTIL Ryan Waldschmidt UTIL Tim Tawa,,,
1043,5210519758,Scadams09 (2/3),0,44,CPT Jackson Merrill UTIL Fernando Tatis Jr. UTIL Corbin Carroll UTIL Xander Bogaerts UTIL Ryan Waldschmidt UTIL Tim Tawa,,,
1043,5210551212,newulmspeedy,0,44,CPT Nolan Arenado UTIL Fernando Tatis Jr. UTIL Corbin Carroll UTIL Luis Rengifo UTIL Xander Bogaerts UTIL Jake Cronenworth,,,
1043,5210553674,bonds25mvp,0,44,CPT Jackson Merrill UTIL Fernando Tatis Jr. UTIL Corbin Carroll UTIL Xander Bogaerts UTIL Ryan Waldschmidt UTIL Tim Tawa,,,
1043,5210577228,jb3rd811 (2/3),0,44,CPT Manny Machado UTIL Jackson Merrill UTIL Luis Rengifo UTIL Nolan Arenado UTIL Tim Tawa UTIL Gabriel Moreno,,,
1043,5210578997,Schrinepiece92 (9/20),0,44,CPT Manny Machado UTIL Fernando Tatis Jr. UTIL Ty France UTIL Luis Rengifo UTIL Gavin Sheets UTIL Tim Tawa,,,
1043,5210579959,Dpenz,0,44,CPT Xander Bogaerts UTIL Corbin Carroll UTIL Geraldo Perdomo UTIL Luis Rengifo UTIL Lars Nootbaar UTIL Gabriel Moreno,,,
1043,5210582522,jrice54 (16/20),0,44,CPT Manny Machado UTIL Fernando Tatis Jr. UTIL Ty France UTIL Nolan Arenado UTIL Lars Nootbaar UTIL Jake Cronenworth,,,
1043,5210582627,assassinbaby,0,44,CPT Manny Machado UTIL Fernando Tatis Jr. UTIL Xander Bogaerts UTIL Lars Nootbaar UTIL Ryan Waldschmidt UTIL Gabriel Moreno,,,
1043,5210587283,lionman18 (4/4),0,44,CPT Jackson Merrill UTIL Fernando Tatis Jr. UTIL Manny Machado UTIL Geraldo Perdomo UTIL Tim Tawa UTIL Jake Cronenworth,,,
1043,5210605348,RockRichmond,0,44,CPT Nolan Arenado UTIL Fernando Tatis Jr. UTIL Corbin Carroll UTIL Ty France UTIL Luis Rengifo UTIL Freddy Fermin,,,
1043,5210608710,sanleecar,0,44,CPT Manny Machado UTIL Fernando Tatis Jr. UTIL Xander Bogaerts UTIL Max Kepler UTIL Ryan Waldschmidt UTIL Gabriel Moreno,,,
1043,5210609275,JJSaenz (3/20),0,44,CPT Manny Machado UTIL Fernando Tatis Jr. UTIL Ty France UTIL Luis Rengifo UTIL Gavin Sheets UTIL Tim Tawa,,,
1043,5210609904,Heaven2010 (6/13),0,44,CPT Manny Machado UTIL Fernando Tatis Jr. UTIL Ty France UTIL Nolan Arenado UTIL Max Kepler UTIL Jake Cronenworth,,,
1043,5210615070,Heaven2010 (10/13),0,44,CPT Xander Bogaerts UTIL Fernando Tatis Jr. UTIL Manny Machado UTIL Ty France UTIL Nolan Arenado UTIL Tim Tawa,,,
1043,5210616378,bvfd811 (1/2),0,44,CPT Jackson Merrill UTIL Fernando Tatis Jr. UTIL Corbin Carroll UTIL Lars Nootbaar UTIL Tim Tawa UTIL Freddy Fermin,,,
1043,5210617094,jmills50,0,44,CPT Manny Machado UTIL Fernando Tatis Jr. UTIL Corbin Carroll UTIL Luis Rengifo UTIL Tim Tawa UTIL Freddy Fermin,,,
1043,5210629343,DoloMitex478 (1/8),0,44,CPT Manny Machado UTIL Fernando Tatis Jr. UTIL Ty France UTIL Luis Rengifo UTIL Gavin Sheets UTIL Tim Tawa,,,
1043,5210632789,el_dee_619 (2/2),0,44,CPT Manny Machado UTIL Fernando Tatis Jr. UTIL Ty France UTIL Luis Rengifo UTIL Gavin Sheets UTIL Tim Tawa,,,
1043,5210643861,HWDKings510 (2/2),0,44,CPT Jackson Merrill UTIL Fernando Tatis Jr. UTIL Ketel Marte UTIL Nolan Arenado UTIL Xander Bogaerts UTIL Freddy Fermin,,,
1043,5210646957,cameronhart23 (20/20),0,44,CPT Ty France UTIL Corbin Carroll UTIL Manny Machado UTIL Jackson Merrill UTIL Ryan Waldschmidt UTIL Tim Tawa,,,
1043,5210661688,walk-on,0,44,CPT Ty France UTIL Jackson Merrill UTIL Geraldo Perdomo UTIL Nolan Arenado UTIL Lars Nootbaar UTIL Gabriel Moreno,,,
1043,5210666344,mrw25 (1/20),0,44,CPT Manny Machado UTIL Fernando Tatis Jr. UTIL Ty France UTIL Luis Rengifo UTIL Gavin Sheets UTIL Tim Tawa,,,
1043,5210666358,mrw25 (15/20),0,44,CPT Ty France UTIL Corbin Carroll UTIL Manny Machado UTIL Jackson Merrill UTIL Gavin Sheets UTIL Tim Tawa,,,
1076,5210578954,rainmania (17/20),0,43.95,CPT Gabriel Moreno UTIL Kohl Drake UTIL Corbin Carroll UTIL Manny Machado UTIL Tim Tawa UTIL Jake Cronenworth,,,
1077,5209948508,Grit7880 (4/4),0,43.8,CPT Ty France UTIL Walker Buehler UTIL Manny Machado UTIL Xander Bogaerts UTIL Ryan Waldschmidt UTIL Tim Tawa,,,
1077,5210030846,FoxyGrandpa252 (12/20),0,43.8,CPT Jackson Merrill UTIL Walker Buehler UTIL Fernando Tatis Jr. UTIL Ryan Waldschmidt UTIL Gavin Sheets UTIL Jake Cronenworth,,,
1077,5210148620,austin60915 (15/20),0,43.8,CPT Manny Machado UTIL Walker Buehler UTIL Jackson Merrill UTIL Xander Bogaerts UTIL Max Kepler UTIL Freddy Fermin,,,
1077,5210403897,cwthrow24 (11/20),0,43.8,CPT Manny Machado UTIL Walker Buehler UTIL Ty France UTIL Luis Rengifo UTIL Ryan Waldschmidt UTIL Freddy Fermin,,,
1077,5210496872,TNeidert (20/20),0,43.8,CPT Jackson Merrill UTIL Walker Buehler UTIL Luis Rengifo UTIL Xander Bogaerts UTIL Max Kepler UTIL Gavin Sheets,,,
1077,5210535244,KelvinDubs (15/20),0,43.8,CPT Manny Machado UTIL Walker Buehler UTIL Jackson Merrill UTIL Xander Bogaerts UTIL Max Kepler UTIL Freddy Fermin,,,
1077,5210582526,jrice54 (20/20),0,43.8,CPT Gavin Sheets UTIL Walker Buehler UTIL Corbin Carroll UTIL Jackson Merrill UTIL Luis Rengifo UTIL Jake Cronenworth,,,
1077,5210583281,arsmith8 (5/20),0,43.8,CPT Xander Bogaerts UTIL Walker Buehler UTIL Fernando Tatis Jr. UTIL Corbin Carroll UTIL Gavin Sheets UTIL Freddy Fermin,,,
1077,5210590622,bossplayer318 (2/20),0,43.8,CPT Geraldo Perdomo UTIL Walker Buehler UTIL Fernando Tatis Jr. UTIL Jackson Merrill UTIL Jake Cronenworth UTIL Freddy Fermin,,,
1077,5210615917,Rowdog31 (17/20),0,43.8,CPT Jackson Merrill UTIL Walker Buehler UTIL Luis Rengifo UTIL Xander Bogaerts UTIL Max Kepler UTIL Gavin Sheets,,,
1077,5210625644,84flipmode (16/20),0,43.8,CPT Ty France UTIL Walker Buehler UTIL Ketel Marte UTIL Lars Nootbaar UTIL Gavin Sheets UTIL Jake Cronenworth,,,
1077,5210641730,monarch11 (7/20),0,43.8,CPT Manny Machado UTIL Walker Buehler UTIL Jackson Merrill UTIL Xander Bogaerts UTIL Lars Nootbaar UTIL Freddy Fermin,,,
1077,5210656570,mrpaulwr (7/10),0,43.8,CPT Jackson Merrill UTIL Walker Buehler UTIL Luis Rengifo UTIL Xander Bogaerts UTIL Max Kepler UTIL Gavin Sheets,,,
1077,5210657500,YABOYLUX (2/7),0,43.8,CPT Gavin Sheets UTIL Walker Buehler UTIL Fernando Tatis Jr. UTIL Ty France UTIL Luis Rengifo UTIL Tim Tawa,,,
1077,5210657501,YABOYLUX (3/7),0,43.8,CPT Manny Machado UTIL Walker Buehler UTIL Jackson Merrill UTIL Xander Bogaerts UTIL Lars Nootbaar UTIL Freddy Fermin,,,
1092,5209763370,rajonrondough,0,43.5,CPT Corbin Carroll UTIL Fernando Tatis Jr. UTIL Manny Machado UTIL Xander Bogaerts UTIL Lars Nootbaar UTIL Freddy Fermin,,,
1092,5209916640,davespak,0,43.5,CPT Tim Tawa UTIL Fernando Tatis Jr. UTIL Corbin Carroll UTIL Ty France UTIL Luis Rengifo UTIL Nolan Arenado,,,
1092,5209918399,piotrj10 (9/20),0,43.5,CPT Jake Cronenworth UTIL Corbin Carroll UTIL Jackson Merrill UTIL Xander Bogaerts UTIL Gavin Sheets UTIL Freddy Fermin,,,
1092,5209985045,rlwestjr,0,43.5,CPT Gabriel Moreno UTIL Fernando Tatis Jr. UTIL Corbin Carroll UTIL Nolan Arenado UTIL Lars Nootbaar UTIL Max Kepler,,,
1092,5209986299,Raiderblue,0,43.5,CPT Lars Nootbaar UTIL Fernando Tatis Jr. UTIL Corbin Carroll UTIL Ty France UTIL Geraldo Perdomo UTIL Jake Cronenworth,,,
1092,5210092892,chrispy2005 (16/20),0,43.5,CPT Fernando Tatis Jr. UTIL Corbin Carroll UTIL Manny Machado UTIL Luis Rengifo UTIL Gavin Sheets UTIL Freddy Fermin,,,
1092,5210166683,floydian80 (14/20),0,43.5,CPT Fernando Tatis Jr. UTIL Corbin Carroll UTIL Ketel Marte UTIL Max Kepler UTIL Tim Tawa UTIL Jake Cronenworth,,,
1092,5210167082,griffalicious24 (1/5),0,43.5,CPT Corbin Carroll UTIL Fernando Tatis Jr. UTIL Manny Machado UTIL Xander Bogaerts UTIL Lars Nootbaar UTIL Freddy Fermin,,,
1092,5210167083,griffalicious24 (2/5),0,43.5,CPT Corbin Carroll UTIL Fernando Tatis Jr. UTIL Manny Machado UTIL Xander Bogaerts UTIL Lars Nootbaar UTIL Freddy Fermin,,,
1092,5210167084,griffalicious24 (3/5),0,43.5,CPT Corbin Carroll UTIL Fernando Tatis Jr. UTIL Manny Machado UTIL Xander Bogaerts UTIL Lars Nootbaar UTIL Freddy Fermin,,,
1092,5210167085,griffalicious24 (4/5),0,43.5,CPT Corbin Carroll UTIL Fernando Tatis Jr. UTIL Manny Machado UTIL Xander Bogaerts UTIL Lars Nootbaar UTIL Freddy Fermin,,,
1092,5210167086,griffalicious24 (5/5),0,43.5,CPT Corbin Carroll UTIL Fernando Tatis Jr. UTIL Manny Machado UTIL Xander Bogaerts UTIL Lars Nootbaar UTIL Freddy Fermin,,,
1092,5210268301,jsh1122 (2/20),0,43.5,CPT Fernando Tatis Jr. UTIL Corbin Carroll UTIL Manny Machado UTIL Luis Rengifo UTIL Gavin Sheets UTIL Freddy Fermin,,,
1092,5210268310,jsh1122 (11/20),0,43.5,CPT Gabriel Moreno UTIL Corbin Carroll UTIL Manny Machado UTIL Nolan Arenado UTIL Xander Bogaerts UTIL Lars Nootbaar,,,
1092,5210299282,jasonwithaj (3/10),0,43.5,CPT Gabriel Moreno UTIL Corbin Carroll UTIL Ketel Marte UTIL Geraldo Perdomo UTIL Luis Rengifo UTIL Tim Tawa,,,
1092,5210325259,tinye21 (2/2),0,43.5,CPT Gabriel Moreno UTIL Fernando Tatis Jr. UTIL Corbin Carroll UTIL Geraldo Perdomo UTIL Lars Nootbaar UTIL Tim Tawa,,,
1092,5210381223,Ezilodi (19/20),0,43.5,CPT Fernando Tatis Jr. UTIL Corbin Carroll UTIL Manny Machado UTIL Geraldo Perdomo UTIL Jake Cronenworth UTIL Freddy Fermin,,,
1092,5210411339,walkertr444 (2/8),0,43.5,CPT Fernando Tatis Jr. UTIL Corbin Carroll UTIL Manny Machado UTIL Geraldo Perdomo UTIL Jake Cronenworth UTIL Freddy Fermin,,,
1092,5210411340,walkertr444 (3/8),0,43.5,CPT Corbin Carroll UTIL Fernando Tatis Jr. UTIL Manny Machado UTIL Xander Bogaerts UTIL Lars Nootbaar UTIL Freddy Fermin,,,
1092,5210412134,Mathis (10/20),0,43.5,CPT Fernando Tatis Jr. UTIL Corbin Carroll UTIL Manny Machado UTIL Luis Rengifo UTIL Gavin Sheets UTIL Freddy Fermin,,,
1092,5210440945,Jreck82,0,43.5,CPT Corbin Carroll UTIL Fernando Tatis Jr. UTIL Manny Machado UTIL Xander Bogaerts UTIL Lars Nootbaar UTIL Freddy Fermin,,,
1092,5210459703,Blackhawks714,0,43.5,CPT Corbin Carroll UTIL Manny Machado UTIL Jackson Merrill UTIL Ty France UTIL Gavin Sheets UTIL Freddy Fermin,,,
1092,5210461114,j-wolf05 (17/20),0,43.5,CPT Fernando Tatis Jr. UTIL Manny Machado UTIL Jackson Merrill UTIL Xander Bogaerts UTIL Gavin Sheets UTIL Tim Tawa,,,
1092,5210461463,lenn221 (1/4),0,43.5,CPT Fernando Tatis Jr. UTIL Manny Machado UTIL Geraldo Perdomo UTIL Lars Nootbaar UTIL Freddy Fermin UTIL Gabriel Moreno,,,
1092,5210481608,Darkmen715 (2/20),0,43.5,CPT Corbin Carroll UTIL Fernando Tatis Jr. UTIL Manny Machado UTIL Xander Bogaerts UTIL Lars Nootbaar UTIL Freddy Fermin,,,
1092,5210481616,Darkmen715 (10/20),0,43.5,CPT Lars Nootbaar UTIL Fernando Tatis Jr. UTIL Corbin Carroll UTIL Manny Machado UTIL Jackson Merrill UTIL Freddy Fermin,,,
1092,5210481617,Darkmen715 (11/20),0,43.5,CPT Lars Nootbaar UTIL Fernando Tatis Jr. UTIL Corbin Carroll UTIL Manny Machado UTIL Jackson Merrill UTIL Freddy Fermin,,,
1092,5210481623,Darkmen715 (17/20),0,43.5,CPT Gabriel Moreno UTIL Fernando Tatis Jr. UTIL Corbin Carroll UTIL Geraldo Perdomo UTIL Lars Nootbaar UTIL Tim Tawa,,,
1092,5210488542,criticalmass048 (1/5),0,43.5,CPT Corbin Carroll UTIL Fernando Tatis Jr. UTIL Manny Machado UTIL Xander Bogaerts UTIL Lars Nootbaar UTIL Freddy Fermin,,,
1092,5210488545,criticalmass048 (4/5),0,43.5,CPT Freddy Fermin UTIL Fernando Tatis Jr. UTIL Corbin Carroll UTIL Manny Machado UTIL Ty France UTIL Geraldo Perdomo,,,
1092,5210489558,atat13 (6/20),0,43.5,CPT Ketel Marte UTIL Fernando Tatis Jr. UTIL Luis Rengifo UTIL Max Kepler UTIL Ryan Waldschmidt UTIL Gabriel Moreno,,,
1092,5210525152,Yohelga,0,43.5,CPT Corbin Carroll UTIL Fernando Tatis Jr. UTIL Jackson Merrill UTIL Nolan Arenado UTIL Tim Tawa UTIL Jake Cronenworth,,,
1092,5210534533,happle (2/2),0,43.5,CPT Lars Nootbaar UTIL Corbin Carroll UTIL Manny Machado UTIL Ketel Marte UTIL Ty France UTIL Jake Cronenworth,,,
1092,5210549070,terminator31 (17/20),0,43.5,CPT Ketel Marte UTIL Ty France UTIL Nolan Arenado UTIL Xander Bogaerts UTIL Lars Nootbaar UTIL Gabriel Moreno,,,
1092,5210560793,124hoffman (2/8),0,43.5,CPT Fernando Tatis Jr. UTIL Corbin Carroll UTIL Manny Machado UTIL Luis Rengifo UTIL Gavin Sheets UTIL Freddy Fermin,,,
1092,5210561438,mcgee5555,0,43.5,CPT Gabriel Moreno UTIL Fernando Tatis Jr. UTIL Corbin Carroll UTIL Nolan Arenado UTIL Lars Nootbaar UTIL Max Kepler,,,
1092,5210572009,jdwize (1/2),0,43.5,CPT Lars Nootbaar UTIL Fernando Tatis Jr. UTIL Corbin Carroll UTIL Manny Machado UTIL Jackson Merrill UTIL Freddy Fermin,,,
1092,5210575702,bassguy39 (8/12),0,43.5,CPT Fernando Tatis Jr. UTIL Corbin Carroll UTIL Manny Machado UTIL Luis Rengifo UTIL Gavin Sheets UTIL Freddy Fermin,,,
1092,5210583805,theebozzfdc (3/3),0,43.5,CPT Gabriel Moreno UTIL Fernando Tatis Jr. UTIL Jackson Merrill UTIL Geraldo Perdomo UTIL Nolan Arenado UTIL Tim Tawa,,,
1092,5210586002,joshturner00,0,43.5,CPT Max Kepler UTIL Fernando Tatis Jr. UTIL Corbin Carroll UTIL Nolan Arenado UTIL Xander Bogaerts UTIL Gabriel Moreno,,,
1092,5210590221,ptello9298 (5/20),0,43.5,CPT Luis Rengifo UTIL Corbin Carroll UTIL Manny Machado UTIL Ty France UTIL Gavin Sheets UTIL Freddy Fermin,,,
1092,5210590234,ptello9298 (18/20),0,43.5,CPT Corbin Carroll UTIL Ty France UTIL Geraldo Perdomo UTIL Max Kepler UTIL Freddy Fermin UTIL Gabriel Moreno,,,
1092,5210590628,bossplayer318 (8/20),0,43.5,CPT Gabriel Moreno UTIL Fernando Tatis Jr. UTIL Jackson Merrill UTIL Geraldo Perdomo UTIL Nolan Arenado UTIL Tim Tawa,,,
1092,5210600984,pisco80 (4/20),0,43.5,CPT Corbin Carroll UTIL Fernando Tatis Jr. UTIL Jackson Merrill UTIL Nolan Arenado UTIL Tim Tawa UTIL Jake Cronenworth,,,
1092,5210603512,xmspmsx,0,43.5,CPT Corbin Carroll UTIL Ty France UTIL Nolan Arenado UTIL Xander Bogaerts UTIL Ryan Waldschmidt UTIL Gabriel Moreno,,,
1092,5210608955,sikwitit317,0,43.5,CPT Freddy Fermin UTIL Fernando Tatis Jr. UTIL Corbin Carroll UTIL Manny Machado UTIL Ty France UTIL Geraldo Perdomo,,,
1092,5210609244,pisco80 (20/20),0,43.5,CPT Corbin Carroll UTIL Fernando Tatis Jr. UTIL Jackson Merrill UTIL Nolan Arenado UTIL Tim Tawa UTIL Jake Cronenworth,,,
1092,5210611313,bori68,0,43.5,CPT Corbin Carroll UTIL Fernando Tatis Jr. UTIL Manny Machado UTIL Xander Bogaerts UTIL Lars Nootbaar UTIL Freddy Fermin,,,
1092,5210619682,surfrider72 (1/9),0,43.5,CPT Lars Nootbaar UTIL Fernando Tatis Jr. UTIL Corbin Carroll UTIL Manny Machado UTIL Jackson Merrill UTIL Freddy Fermin,,,
1092,5210621832,Marsharks (12/20),0,43.5,CPT Fernando Tatis Jr. UTIL Manny Machado UTIL Geraldo Perdomo UTIL Lars Nootbaar UTIL Freddy Fermin UTIL Gabriel Moreno,,,
1092,5210621834,Marsharks (14/20),0,43.5,CPT Corbin Carroll UTIL Fernando Tatis Jr. UTIL Manny Machado UTIL Xander Bogaerts UTIL Lars Nootbaar UTIL Freddy Fermin,,,
1092,5210627207,Gashouse3501,0,43.5,CPT Fernando Tatis Jr. UTIL Ty France UTIL Geraldo Perdomo UTIL Luis Rengifo UTIL Max Kepler UTIL Tim Tawa,,,
1092,5210646938,cameronhart23 (1/20),0,43.5,CPT Corbin Carroll UTIL Fernando Tatis Jr. UTIL Geraldo Perdomo UTIL Ryan Waldschmidt UTIL Jake Cronenworth UTIL Gabriel Moreno,,,
1092,5210650287,throwindarts66 (4/5),0,43.5,CPT Tim Tawa UTIL Fernando Tatis Jr. UTIL Corbin Carroll UTIL Ty France UTIL Luis Rengifo UTIL Nolan Arenado,,,
1092,5210650491,RIReaper,0,43.5,CPT Fernando Tatis Jr. UTIL Manny Machado UTIL Ty France UTIL Nolan Arenado UTIL Ryan Waldschmidt UTIL Jake Cronenworth,,,
1092,5210664482,rhem007,0,43.5,CPT Fernando Tatis Jr. UTIL Corbin Carroll UTIL Geraldo Perdomo UTIL Xander Bogaerts UTIL Tim Tawa UTIL Jake Cronenworth,,,
1148,5209951251,ataribravo (2/20),0,43.3,CPT Walker Buehler UTIL Kohl Drake UTIL Fernando Tatis Jr. UTIL Jake Cronenworth UTIL Freddy Fermin UTIL Mason Miller,,,
1148,5209951253,ataribravo (4/20),0,43.3,CPT Walker Buehler UTIL Kohl Drake UTIL Ty France UTIL Xander Bogaerts UTIL Freddy Fermin UTIL Mason Miller,,,
1148,5209971225,az350z (1/20),0,43.3,CPT Walker Buehler UTIL Kohl Drake UTIL Fernando Tatis Jr. UTIL Jake Cronenworth UTIL Freddy Fermin UTIL Mason Miller,,,
1148,5209998766,pat_the_hat2 (7/20),0,43.3,CPT Ketel Marte UTIL Walker Buehler UTIL Jackson Merrill UTIL Ty France UTIL Gavin Sheets UTIL Freddy Fermin,,,
1148,5210092893,chrispy2005 (17/20),0,43.3,CPT Ketel Marte UTIL Walker Buehler UTIL Jackson Merrill UTIL Ty France UTIL Gavin Sheets UTIL Freddy Fermin,,,
1148,5210148606,austin60915 (1/20),0,43.3,CPT Walker Buehler UTIL Kohl Drake UTIL Ty France UTIL Xander Bogaerts UTIL Freddy Fermin UTIL Mason Miller,,,
1148,5210324655,Satch65 (8/20),0,43.3,CPT Luis Rengifo UTIL Walker Buehler UTIL Manny Machado UTIL Ty France UTIL Gavin Sheets UTIL Tim Tawa,,,
1148,5210324658,Satch65 (11/20),0,43.3,CPT Lars Nootbaar UTIL Walker Buehler UTIL Fernando Tatis Jr. UTIL Corbin Carroll UTIL Tim Tawa UTIL Jake Cronenworth,,,
1148,5210381212,Ezilodi (8/20),0,43.3,CPT Luis Rengifo UTIL Walker Buehler UTIL Jackson Merrill UTIL Xander Bogaerts UTIL Max Kepler UTIL Gavin Sheets,,,
1148,5210462024,wentztheplayoffs (1/3),0,43.3,CPT Luis Rengifo UTIL Walker Buehler UTIL Manny Machado UTIL Ty France UTIL Gavin Sheets UTIL Tim Tawa,,,
1148,5210496853,TNeidert (1/20),0,43.3,CPT Walker Buehler UTIL Kohl Drake UTIL Fernando Tatis Jr. UTIL Jake Cronenworth UTIL Freddy Fermin UTIL Mason Miller,,,
1148,5210496856,TNeidert (4/20),0,43.3,CPT Walker Buehler UTIL Kohl Drake UTIL Ty France UTIL Xander Bogaerts UTIL Freddy Fermin UTIL Mason Miller,,,
1148,5210540290,jwclark311 (16/20),0,43.3,CPT Fernando Tatis Jr. UTIL Walker Buehler UTIL Jackson Merrill UTIL Lars Nootbaar UTIL Gavin Sheets UTIL Freddy Fermin,,,
1148,5210540294,jwclark311 (20/20),0,43.3,CPT Luis Rengifo UTIL Walker Buehler UTIL Manny Machado UTIL Ty France UTIL Gavin Sheets UTIL Tim Tawa,,,
1148,5210586846,Rowdog31 (9/20),0,43.3,CPT Freddy Fermin UTIL Walker Buehler UTIL Fernando Tatis Jr. UTIL Corbin Carroll UTIL Luis Rengifo UTIL Gavin Sheets,,,
1148,5210596147,TLandry14 (2/2),0,43.3,CPT Fernando Tatis Jr. UTIL Walker Buehler UTIL Jackson Merrill UTIL Max Kepler UTIL Gavin Sheets UTIL Freddy Fermin,,,
1148,5210605319,woodreb5 (12/20),0,43.3,CPT Luis Rengifo UTIL Walker Buehler UTIL Jackson Merrill UTIL Xander Bogaerts UTIL Lars Nootbaar UTIL Gavin Sheets,,,
1148,5210616134,TDRed11 (2/4),0,43.3,CPT Fernando Tatis Jr. UTIL Walker Buehler UTIL Luis Rengifo UTIL Ryan Waldschmidt UTIL Gavin Sheets UTIL Jake Cronenworth,,,
1148,5210644799,Manchester5 (1/2),0,43.3,CPT Freddy Fermin UTIL Walker Buehler UTIL Fernando Tatis Jr. UTIL Manny Machado UTIL Jackson Merrill UTIL Ryan Waldschmidt,,,
1148,5210658602,wentztheplayoffs (2/3),0,43.3,CPT Luis Rengifo UTIL Walker Buehler UTIL Manny Machado UTIL Ty France UTIL Gavin Sheets UTIL Tim Tawa,,,
1148,5210658607,wentztheplayoffs (3/3),0,43.3,CPT Luis Rengifo UTIL Walker Buehler UTIL Manny Machado UTIL Ty France UTIL Gavin Sheets UTIL Tim Tawa,,,
1148,5210671025,62caddyconvert (2/2),0,43.3,CPT Freddy Fermin UTIL Walker Buehler UTIL Fernando Tatis Jr. UTIL Corbin Carroll UTIL Manny Machado UTIL Tim Tawa,,,
1148,5210674123,joeyduece09 (6/9),0,43.3,CPT Fernando Tatis Jr. UTIL Walker Buehler UTIL Corbin Carroll UTIL Max Kepler UTIL Tim Tawa UTIL Freddy Fermin,,,
1148,5210675965,JamesRoland (2/2),0,43.3,CPT Lars Nootbaar UTIL Walker Buehler UTIL Jackson Merrill UTIL Ty France UTIL Xander Bogaerts UTIL Ryan Waldschmidt,,,
1172,5209500280,wcs1109 (5/20),0,43.2,CPT Walker Buehler UTIL Ketel Marte UTIL Ty France UTIL Xander Bogaerts UTIL Gavin Sheets UTIL Freddy Fermin,,,
1172,5209567446,Schoey17 (3/9),0,43.2,CPT Walker Buehler UTIL Fernando Tatis Jr. UTIL Ketel Marte UTIL Gavin Sheets UTIL Jake Cronenworth UTIL Freddy Fermin,,,
1172,5209600137,oscarquintanilla58 (1/4),0,43.2,CPT Walker Buehler UTIL Manny Machado UTIL Jackson Merrill UTIL Nolan Arenado UTIL Jake Cronenworth UTIL Freddy Fermin,,,
1172,5209606038,oscarquintanilla58 (2/4),0,43.2,CPT Walker Buehler UTIL Manny Machado UTIL Jackson Merrill UTIL Nolan Arenado UTIL Jake Cronenworth UTIL Freddy Fermin,,,
1172,5209692292,ivymoose (14/20),0,43.2,CPT Walker Buehler UTIL Ty France UTIL Luis Rengifo UTIL Nolan Arenado UTIL Gavin Sheets UTIL Jake Cronenworth,,,
1172,5209902697,niquisition (9/20),0,43.2,CPT Walker Buehler UTIL Manny Machado UTIL Ty France UTIL Max Kepler UTIL Gavin Sheets UTIL Jake Cronenworth,,,
1172,5209956923,MoneyRamirez (9/20),0,43.2,CPT Walker Buehler UTIL Jackson Merrill UTIL Ty France UTIL Xander Bogaerts UTIL Gavin Sheets UTIL James McCann,,,
1172,5210040179,gwatts77 (9/20),0,43.2,CPT Walker Buehler UTIL Fernando Tatis Jr. UTIL Ketel Marte UTIL Gavin Sheets UTIL Jake Cronenworth UTIL Freddy Fermin,,,
1172,5210069771,rsumrall (8/20),0,43.2,CPT Walker Buehler UTIL Ty France UTIL Luis Rengifo UTIL Nolan Arenado UTIL Gavin Sheets UTIL Jake Cronenworth,,,
1172,5210148616,austin60915 (11/20),0,43.2,CPT Walker Buehler UTIL Jackson Merrill UTIL Ty France UTIL Xander Bogaerts UTIL Gavin Sheets UTIL Paul Sewald,,,
1172,5210148622,austin60915 (17/20),0,43.2,CPT Walker Buehler UTIL Manny Machado UTIL Ty France UTIL Max Kepler UTIL Gavin Sheets UTIL Jake Cronenworth,,,
1172,5210247195,bassman1955 (2/5),0,43.2,CPT Walker Buehler UTIL Fernando Tatis Jr. UTIL Corbin Carroll UTIL Tim Tawa UTIL Jake Cronenworth UTIL James McCann,,,
1172,5210247230,blakemoore15 (3/4),0,43.2,CPT Walker Buehler UTIL Fernando Tatis Jr. UTIL Ketel Marte UTIL Gavin Sheets UTIL Jake Cronenworth UTIL Freddy Fermin,,,
1172,5210345620,kbrisacher (16/20),0,43.2,CPT Walker Buehler UTIL Jackson Merrill UTIL Xander Bogaerts UTIL Lars Nootbaar UTIL Gavin Sheets UTIL Jake Cronenworth,,,
1172,5210418574,gametime222,0,43.2,CPT Walker Buehler UTIL Manny Machado UTIL Ty France UTIL Ryan Waldschmidt UTIL Tim Tawa UTIL Jake Cronenworth,,,
1172,5210486015,bassman1955 (4/5),0,43.2,CPT Walker Buehler UTIL Fernando Tatis Jr. UTIL Ketel Marte UTIL Luis Rengifo UTIL Freddy Fermin UTIL Jase Bowen,,,
1172,5210495043,Edgitt116 (10/10),0,43.2,CPT Walker Buehler UTIL Corbin Carroll UTIL Geraldo Perdomo UTIL Luis Rengifo UTIL Jake Cronenworth UTIL Freddy Fermin,,,
1172,5210582511,jrice54 (5/20),0,43.2,CPT Walker Buehler UTIL Jackson Merrill UTIL Ty France UTIL Xander Bogaerts UTIL Gavin Sheets UTIL Paul Sewald,,,
1172,5210594002,Gagenator51 (3/20),0,43.2,CPT Walker Buehler UTIL Ty France UTIL Luis Rengifo UTIL Nolan Arenado UTIL Gavin Sheets UTIL Jake Cronenworth,,,
1172,5210641454,KUMASAL,0,43.2,CPT Walker Buehler UTIL Corbin Carroll UTIL Xander Bogaerts UTIL Lars Nootbaar UTIL Max Kepler UTIL Jake Cronenworth,,,
1172,5210650870,thehoser21 (2/2),0,43.2,CPT Walker Buehler UTIL Ty France UTIL Luis Rengifo UTIL Nolan Arenado UTIL Ryan Waldschmidt UTIL Jake Cronenworth,,,
1172,5210658103,boricuamalito (3/5),0,43.2,CPT Walker Buehler UTIL Jackson Merrill UTIL Ty France UTIL Geraldo Perdomo UTIL Tim Tawa UTIL Freddy Fermin,,,
1194,5210649054,birdgang1152 (2/2),0,43.175,CPT Kohl Drake UTIL Corbin Carroll UTIL Jackson Merrill UTIL Jake Cronenworth UTIL Freddy Fermin UTIL Gabriel Moreno,,,
1195,5209893224,jstoltman3 (1/2),0,43,CPT Geraldo Perdomo UTIL Ketel Marte UTIL Jackson Merrill UTIL Ty France UTIL Tim Tawa UTIL Gabriel Moreno,,,
1195,5210024029,wins13,0,43,CPT Jackson Merrill UTIL Ty France UTIL Geraldo Perdomo UTIL Nolan Arenado UTIL Lars Nootbaar UTIL Gabriel Moreno,,,
1195,5210092882,chrispy2005 (6/20),0,43,CPT Gavin Sheets UTIL Fernando Tatis Jr. UTIL Corbin Carroll UTIL Manny Machado UTIL Jackson Merrill UTIL Jake Cronenworth,,,
1195,5210125311,jeriowa,0,43,CPT Jackson Merrill UTIL Corbin Carroll UTIL Nolan Arenado UTIL Xander Bogaerts UTIL Ryan Waldschmidt UTIL Gabriel Moreno,,,
1195,5210457178,Southsider50 (4/4),0,43,CPT Jackson Merrill UTIL Ketel Marte UTIL Ty France UTIL Geraldo Perdomo UTIL Xander Bogaerts UTIL Tim Tawa,,,
1195,5210488543,criticalmass048 (2/5),0,43,CPT Manny Machado UTIL Fernando Tatis Jr. UTIL Corbin Carroll UTIL Xander Bogaerts UTIL Lars Nootbaar UTIL Freddy Fermin,,,
1195,5210489567,atat13 (15/20),0,43,CPT Manny Machado UTIL Fernando Tatis Jr. UTIL Ketel Marte UTIL Jackson Merrill UTIL Tim Tawa UTIL Freddy Fermin,,,
1195,5210521046,boomshockalocka84,0,43,CPT Ryan Waldschmidt UTIL Manny Machado UTIL Ketel Marte UTIL Jackson Merrill UTIL Luis Rengifo UTIL Gabriel Moreno,,,
1195,5210557765,rlgipson,0,43,CPT Nolan Arenado UTIL Ketel Marte UTIL Jackson Merrill UTIL Ty France UTIL Lars Nootbaar UTIL Gabriel Moreno,,,
1195,5210579446,NoBuxgiven (1/2),0,43,CPT Jackson Merrill UTIL Corbin Carroll UTIL Nolan Arenado UTIL Xander Bogaerts UTIL Ryan Waldschmidt UTIL Gabriel Moreno,,,
1195,5210583080,whelanjm11,0,43,CPT Xander Bogaerts UTIL Fernando Tatis Jr. UTIL Corbin Carroll UTIL Ketel Marte UTIL Lars Nootbaar UTIL Freddy Fermin,,,
1195,5210594477,jwal2882 (1/5),0,43,CPT Geraldo Perdomo UTIL Manny Machado UTIL Ty France UTIL Luis Rengifo UTIL Tim Tawa UTIL Gabriel Moreno,,,
1195,5210615290,eaglesfan57,0,43,CPT Geraldo Perdomo UTIL Corbin Carroll UTIL Ketel Marte UTIL Luis Rengifo UTIL Jake Cronenworth UTIL Gabriel Moreno,,,
1195,5210615324,jc000000,0,43,CPT Manny Machado UTIL Fernando Tatis Jr. UTIL Luis Rengifo UTIL Xander Bogaerts UTIL Max Kepler UTIL Tim Tawa,,,
1195,5210616452,Primary27,0,43,CPT Ty France UTIL Corbin Carroll UTIL Manny Machado UTIL Luis Rengifo UTIL Lars Nootbaar UTIL Gavin Sheets,,,
1195,5210620863,DigitalDreams (18/20),0,43,CPT Manny Machado UTIL Jackson Merrill UTIL Ty France UTIL Luis Rengifo UTIL Lars Nootbaar UTIL Gavin Sheets,,,
1195,5210628045,coolsouthernbrees (15/16),0,43,CPT Xander Bogaerts UTIL Fernando Tatis Jr. UTIL Manny Machado UTIL Ketel Marte UTIL Ryan Waldschmidt UTIL Jake Cronenworth,,,
1195,5210641698,dahoward1974 (3/9),0,43,CPT Jackson Merrill UTIL Ty France UTIL Geraldo Perdomo UTIL Nolan Arenado UTIL Lars Nootbaar UTIL Gabriel Moreno,,,
1195,5210641742,monarch11 (19/20),0,43,CPT Gavin Sheets UTIL Fernando Tatis Jr. UTIL Corbin Carroll UTIL Manny Machado UTIL Jackson Merrill UTIL Jake Cronenworth,,,
1195,5210649985,cowboysfan1995 (2/2),0,43,CPT Xander Bogaerts UTIL Corbin Carroll UTIL Manny Machado UTIL Ty France UTIL Lars Nootbaar UTIL Max Kepler,,,
1195,5210657862,dreday7 (2/2),0,43,CPT Nolan Arenado UTIL Jackson Merrill UTIL Ty France UTIL Geraldo Perdomo UTIL Xander Bogaerts UTIL Gabriel Moreno,,,
1195,5210666350,mrw25 (7/20),0,43,CPT Jackson Merrill UTIL Fernando Tatis Jr. UTIL Manny Machado UTIL Xander Bogaerts UTIL Gavin Sheets UTIL Tim Tawa,,,
1195,5210668012,cadezane1 (9/20),0,43,CPT Jackson Merrill UTIL Ty France UTIL Geraldo Perdomo UTIL Nolan Arenado UTIL Lars Nootbaar UTIL Gabriel Moreno,,,
1195,5210671579,KILLANADZ24 (3/20),0,43,CPT Jackson Merrill UTIL Ketel Marte UTIL Ty France UTIL Geraldo Perdomo UTIL Xander Bogaerts UTIL Tim Tawa,,,
1219,5210030854,FoxyGrandpa252 (20/20),0,42.975,CPT Kohl Drake UTIL Walker Buehler UTIL Xander Bogaerts UTIL Jake Cronenworth UTIL Freddy Fermin UTIL Gabriel Moreno,,,
1220,5210566049,Untouchables0724,0,42.95,CPT Tim Tawa UTIL Kohl Drake UTIL Fernando Tatis Jr. UTIL Ty France UTIL Lars Nootbaar UTIL Gabriel Moreno,,,
1221,5209902699,niquisition (11/20),0,42.8,CPT Gavin Sheets UTIL Walker Buehler UTIL Fernando Tatis Jr. UTIL Ty France UTIL Xander Bogaerts UTIL Tim Tawa,,,
1221,5209984197,KGould86 (20/20),0,42.8,CPT Xander Bogaerts UTIL Walker Buehler UTIL Jackson Merrill UTIL Ty France UTIL Ryan Waldschmidt UTIL Gavin Sheets,,,
1221,5210403893,cwthrow24 (7/20),0,42.8,CPT Jackson Merrill UTIL Walker Buehler UTIL Manny Machado UTIL Xander Bogaerts UTIL Ryan Waldschmidt UTIL Freddy Fermin,,,
1221,5210461112,j-wolf05 (15/20),0,42.8,CPT Gavin Sheets UTIL Walker Buehler UTIL Jackson Merrill UTIL Ty France UTIL Luis Rengifo UTIL Tim Tawa,,,
1221,5210632172,rchurch23,0,42.8,CPT Jackson Merrill UTIL Walker Buehler UTIL Corbin Carroll UTIL Max Kepler UTIL Gavin Sheets UTIL Jake Cronenworth,,,
1226,5210324649,Satch65 (2/20),0,42.75,CPT Luis Rengifo UTIL Walker Buehler UTIL Kohl Drake UTIL Max Kepler UTIL Freddy Fermin UTIL Gabriel Moreno,,,
1227,5209800185,kadence22,0,42.5,CPT Luis Rengifo UTIL Manny Machado UTIL Jackson Merrill UTIL Geraldo Perdomo UTIL Gavin Sheets UTIL Gabriel Moreno,,,
1227,5209945220,apforadori (3/3),0,42.5,CPT Corbin Carroll UTIL Fernando Tatis Jr. UTIL Ketel Marte UTIL Xander Bogaerts UTIL Lars Nootbaar UTIL Freddy Fermin,,,
1227,5210044217,Daily_Big_Kahuna (3/8),0,42.5,CPT Gabriel Moreno UTIL Manny Machado UTIL Ketel Marte UTIL Ty France UTIL Nolan Arenado UTIL Ryan Waldschmidt,,,
1227,5210138338,paco52,0,42.5,CPT Fernando Tatis Jr. UTIL Corbin Carroll UTIL Ketel Marte UTIL Geraldo Perdomo UTIL Jake Cronenworth UTIL Freddy Fermin,,,
1227,5210166681,floydian80 (12/20),0,42.5,CPT Lars Nootbaar UTIL Fernando Tatis Jr. UTIL Manny Machado UTIL Ty France UTIL Geraldo Perdomo UTIL Jake Cronenworth,,,
1227,5210203684,jsamtoy (6/20),0,42.5,CPT Ketel Marte UTIL Corbin Carroll UTIL Luis Rengifo UTIL Lars Nootbaar UTIL Max Kepler UTIL Gabriel Moreno,,,
1227,5210247228,blakemoore15 (1/4),0,42.5,CPT Luis Rengifo UTIL Fernando Tatis Jr. UTIL Manny Machado UTIL Geraldo Perdomo UTIL Lars Nootbaar UTIL Jake Cronenworth,,,
1227,5210294700,denisallred (2/2),0,42.5,CPT Corbin Carroll UTIL Fernando Tatis Jr. UTIL Manny Machado UTIL Ty France UTIL Tim Tawa UTIL Gage Workman,,,
1227,5210381211,Ezilodi (7/20),0,42.5,CPT Gabriel Moreno UTIL Corbin Carroll UTIL Manny Machado UTIL Ketel Marte UTIL Geraldo Perdomo UTIL Freddy Fermin,,,
1227,5210394644,pkjorgy12,0,42.5,CPT Corbin Carroll UTIL Ketel Marte UTIL Xander Bogaerts UTIL Lars Nootbaar UTIL Max Kepler UTIL Gabriel Moreno,,,
1227,5210400572,Mr.luckyGuy (1/5),0,42.5,CPT Freddy Fermin UTIL Fernando Tatis Jr. UTIL Corbin Carroll UTIL Manny Machado UTIL Xander Bogaerts UTIL Tim Tawa,,,
1227,5210432423,jbfones (3/3),0,42.5,CPT Fernando Tatis Jr. UTIL Corbin Carroll UTIL Manny Machado UTIL Xander Bogaerts UTIL Ryan Waldschmidt UTIL Freddy Fermin,,,
1227,5210435005,Lefty89,0,42.5,CPT Fernando Tatis Jr. UTIL Ketel Marte UTIL Jackson Merrill UTIL Xander Bogaerts UTIL Ryan Waldschmidt UTIL Tim Tawa,,,
1227,5210489559,atat13 (7/20),0,42.5,CPT Tim Tawa UTIL Fernando Tatis Jr. UTIL Corbin Carroll UTIL Ketel Marte UTIL Ty France UTIL Max Kepler,,,
1227,5210489561,atat13 (9/20),0,42.5,CPT Gabriel Moreno UTIL Fernando Tatis Jr. UTIL Manny Machado UTIL Nolan Arenado UTIL Lars Nootbaar UTIL Max Kepler,,,
1227,5210496531,jkleeman1811,0,42.5,CPT Lars Nootbaar UTIL Corbin Carroll UTIL Ketel Marte UTIL Jackson Merrill UTIL Max Kepler UTIL Gabriel Moreno,,,
1227,5210503175,Thomdril_terlanis,0,42.5,CPT Tim Tawa UTIL Fernando Tatis Jr. UTIL Corbin Carroll UTIL Manny Machado UTIL Ketel Marte UTIL Jake Cronenworth,,,
1227,5210535231,KelvinDubs (2/20),0,42.5,CPT Fernando Tatis Jr. UTIL Corbin Carroll UTIL Manny Machado UTIL Xander Bogaerts UTIL Gavin Sheets UTIL Freddy Fermin,,,
1227,5210535245,KelvinDubs (16/20),0,42.5,CPT Corbin Carroll UTIL Fernando Tatis Jr. UTIL Geraldo Perdomo UTIL Lars Nootbaar UTIL Freddy Fermin UTIL Gabriel Moreno,,,
1227,5210541850,Biscuits209 (3/4),0,42.5,CPT Ketel Marte UTIL Jackson Merrill UTIL Ty France UTIL Nolan Arenado UTIL Gavin Sheets UTIL Gabriel Moreno,,,
1227,5210551809,orchard7 (12/18),0,42.5,CPT Freddy Fermin UTIL Fernando Tatis Jr. UTIL Corbin Carroll UTIL Ketel Marte UTIL Ty France UTIL Geraldo Perdomo,,,
1227,5210555555,Doc_Holliday1851,0,42.5,CPT Fernando Tatis Jr. UTIL Corbin Carroll UTIL Manny Machado UTIL Xander Bogaerts UTIL Ryan Waldschmidt UTIL Freddy Fermin,,,
1227,5210566299,5rutherf,0,42.5,CPT Fernando Tatis Jr. UTIL Corbin Carroll UTIL Lars Nootbaar UTIL Max Kepler UTIL Gavin Sheets UTIL Gabriel Moreno,,,
1227,5210568525,Huttie,0,42.5,CPT Corbin Carroll UTIL Fernando Tatis Jr. UTIL Geraldo Perdomo UTIL Lars Nootbaar UTIL Freddy Fermin UTIL Gabriel Moreno,,,
1227,5210570123,winnie196,0,42.5,CPT Ketel Marte UTIL Corbin Carroll UTIL Manny Machado UTIL Luis Rengifo UTIL Xander Bogaerts UTIL Freddy Fermin,,,
1227,5210578747,daddyo622 (2/2),0,42.5,CPT Fernando Tatis Jr. UTIL Corbin Carroll UTIL Ketel Marte UTIL Luis Rengifo UTIL Ryan Waldschmidt UTIL Freddy Fermin,,,
1227,5210579708,Ninersfan16,0,42.5,CPT Ketel Marte UTIL Fernando Tatis Jr. UTIL Corbin Carroll UTIL Ty France UTIL Ryan Waldschmidt UTIL Freddy Fermin,,,
1227,5210590220,ptello9298 (4/20),0,42.5,CPT Fernando Tatis Jr. UTIL Manny Machado UTIL Ty France UTIL Geraldo Perdomo UTIL Lars Nootbaar UTIL Freddy Fermin,,,
1227,5210590232,ptello9298 (16/20),0,42.5,CPT Gabriel Moreno UTIL Corbin Carroll UTIL Manny Machado UTIL Ketel Marte UTIL Geraldo Perdomo UTIL Freddy Fermin,,,
1227,5210591840,pdanielsjr (5/20),0,42.5,CPT Ketel Marte UTIL Fernando Tatis Jr. UTIL Corbin Carroll UTIL Xander Bogaerts UTIL Ryan Waldschmidt UTIL Jake Cronenworth,,,
1227,5210592249,Soapychoad,0,42.5,CPT Corbin Carroll UTIL Fernando Tatis Jr. UTIL Luis Rengifo UTIL Nolan Arenado UTIL Max Kepler UTIL Jake Cronenworth,,,
1227,5210592300,supersonnies (2/4),0,42.5,CPT Jake Cronenworth UTIL Fernando Tatis Jr. UTIL Corbin Carroll UTIL Manny Machado UTIL Ketel Marte UTIL Ryan Waldschmidt,,,
1227,5210600986,pisco80 (6/20),0,42.5,CPT Tim Tawa UTIL Fernando Tatis Jr. UTIL Corbin Carroll UTIL Manny Machado UTIL Ketel Marte UTIL Jake Cronenworth,,,
1227,5210600990,pisco80 (10/20),0,42.5,CPT Ketel Marte UTIL Corbin Carroll UTIL Manny Machado UTIL Jackson Merrill UTIL Tim Tawa UTIL Jake Cronenworth,,,
1227,5210621831,Marsharks (11/20),0,42.5,CPT Fernando Tatis Jr. UTIL Manny Machado UTIL Ty France UTIL Geraldo Perdomo UTIL Lars Nootbaar UTIL Freddy Fermin,,,
1227,5210621837,Marsharks (17/20),0,42.5,CPT Corbin Carroll UTIL Fernando Tatis Jr. UTIL Geraldo Perdomo UTIL Lars Nootbaar UTIL Freddy Fermin UTIL Gabriel Moreno,,,
1227,5210628044,Heaven2010 (12/13),0,42.5,CPT Tim Tawa UTIL Corbin Carroll UTIL Manny Machado UTIL Ty France UTIL Geraldo Perdomo UTIL Gabriel Moreno,,,
1227,5210630370,ac919 (3/20),0,42.5,CPT Ketel Marte UTIL Fernando Tatis Jr. UTIL Manny Machado UTIL Luis Rengifo UTIL Gavin Sheets UTIL Jake Cronenworth,,,
1227,5210633468,k3guy,0,42.5,CPT Corbin Carroll UTIL Fernando Tatis Jr. UTIL Geraldo Perdomo UTIL Lars Nootbaar UTIL Freddy Fermin UTIL Gabriel Moreno,,,
1227,5210635532,Toney367 (6/20),0,42.5,CPT Tim Tawa UTIL Fernando Tatis Jr. UTIL Corbin Carroll UTIL Ketel Marte UTIL Ty France UTIL Max Kepler,,,
1227,5210636820,dak444,0,42.5,CPT Gabriel Moreno UTIL Fernando Tatis Jr. UTIL Manny Machado UTIL Geraldo Perdomo UTIL Lars Nootbaar UTIL Tim Tawa,,,
1227,5210641947,ChokeHoldem1 (5/6),0,42.5,CPT Corbin Carroll UTIL Ketel Marte UTIL Geraldo Perdomo UTIL Luis Rengifo UTIL Freddy Fermin UTIL Gabriel Moreno,,,
1227,5210650288,throwindarts66 (5/5),0,42.5,CPT Tim Tawa UTIL Fernando Tatis Jr. UTIL Corbin Carroll UTIL Ty France UTIL Nolan Arenado UTIL Xander Bogaerts,,,
1227,5210651104,ChokeHoldem1 (6/6),0,42.5,CPT Corbin Carroll UTIL Ketel Marte UTIL Geraldo Perdomo UTIL Luis Rengifo UTIL Freddy Fermin UTIL Gabriel Moreno,,,
1227,5210655495,ztrashman (1/5),0,42.5,CPT Freddy Fermin UTIL Corbin Carroll UTIL Manny Machado UTIL Jackson Merrill UTIL Ty France UTIL Geraldo Perdomo,,,
1227,5210655496,ztrashman (2/5),0,42.5,CPT Freddy Fermin UTIL Corbin Carroll UTIL Manny Machado UTIL Jackson Merrill UTIL Ty France UTIL Geraldo Perdomo,,,
1227,5210655497,ztrashman (3/5),0,42.5,CPT Freddy Fermin UTIL Corbin Carroll UTIL Manny Machado UTIL Jackson Merrill UTIL Ty France UTIL Geraldo Perdomo,,,
1227,5210655498,ztrashman (4/5),0,42.5,CPT Freddy Fermin UTIL Corbin Carroll UTIL Manny Machado UTIL Jackson Merrill UTIL Ty France UTIL Geraldo Perdomo,,,
1227,5210655499,ztrashman (5/5),0,42.5,CPT Freddy Fermin UTIL Corbin Carroll UTIL Manny Machado UTIL Jackson Merrill UTIL Ty France UTIL Geraldo Perdomo,,,
1227,5210655500,Rioslugger008 (3/3),0,42.5,CPT Tim Tawa UTIL Fernando Tatis Jr. UTIL Corbin Carroll UTIL Manny Machado UTIL Ketel Marte UTIL Jake Cronenworth,,,
1227,5210668009,hemant.1775,0,42.5,CPT Gabriel Moreno UTIL Fernando Tatis Jr. UTIL Manny Machado UTIL Geraldo Perdomo UTIL Lars Nootbaar UTIL Tim Tawa,,,
1227,5210671723,lutzy8314,0,42.5,CPT Freddy Fermin UTIL Fernando Tatis Jr. UTIL Corbin Carroll UTIL Ketel Marte UTIL Ty France UTIL Geraldo Perdomo,,,
1279,5210641910,jjevanson,0,42.45,CPT Jackson Merrill UTIL Kohl Drake UTIL Ty France UTIL Ryan Waldschmidt UTIL Tim Tawa UTIL Gabriel Moreno,,,
1280,5210524118,flashinthepan,0,42.3,CPT Fernando Tatis Jr. UTIL Walker Buehler UTIL Ketel Marte UTIL Gavin Sheets UTIL Tim Tawa UTIL Jake Cronenworth,,,
1280,5210600156,slowhand1957 (2/2),0,42.3,CPT Corbin Carroll UTIL Walker Buehler UTIL Manny Machado UTIL Lars Nootbaar UTIL Jake Cronenworth UTIL Freddy Fermin,,,
1280,5210600321,loganmcintosh12,0,42.3,CPT Ketel Marte UTIL Walker Buehler UTIL Fernando Tatis Jr. UTIL Max Kepler UTIL Tim Tawa UTIL Jake Cronenworth,,,
1280,5210618472,polllcat (2/2),0,42.3,CPT Fernando Tatis Jr. UTIL Walker Buehler UTIL Manny Machado UTIL Lars Nootbaar UTIL Tim Tawa UTIL Freddy Fermin,,,
1284,5209985464,sbolomo (16/20),0,42.2,CPT Walker Buehler UTIL Ty France UTIL Geraldo Perdomo UTIL Xander Bogaerts UTIL Gavin Sheets UTIL Jake Cronenworth,,,
1284,5209986680,meodette (2/3),0,42.2,CPT Walker Buehler UTIL Fernando Tatis Jr. UTIL Jackson Merrill UTIL Gavin Sheets UTIL Tim Tawa UTIL Freddy Fermin,,,
1284,5210040187,gwatts77 (17/20),0,42.2,CPT Walker Buehler UTIL Corbin Carroll UTIL Luis Rengifo UTIL Xander Bogaerts UTIL Gavin Sheets UTIL Freddy Fermin,,,
1284,5210040188,gwatts77 (18/20),0,42.2,CPT Walker Buehler UTIL Manny Machado UTIL Geraldo Perdomo UTIL Luis Rengifo UTIL Jake Cronenworth UTIL Freddy Fermin,,,
1284,5210203681,jsamtoy (3/20),0,42.2,CPT Walker Buehler UTIL Ty France UTIL Geraldo Perdomo UTIL Xander Bogaerts UTIL Gavin Sheets UTIL Jake Cronenworth,,,
1284,5210345607,kbrisacher (3/20),0,42.2,CPT Walker Buehler UTIL Corbin Carroll UTIL Luis Rengifo UTIL Xander Bogaerts UTIL Gavin Sheets UTIL Freddy Fermin,,,
1284,5210345616,kbrisacher (12/20),0,42.2,CPT Walker Buehler UTIL Fernando Tatis Jr. UTIL Luis Rengifo UTIL Ryan Waldschmidt UTIL Gavin Sheets UTIL Jake Cronenworth,,,
1284,5210360221,Mige1 (3/20),0,42.2,CPT Walker Buehler UTIL Fernando Tatis Jr. UTIL Luis Rengifo UTIL Ryan Waldschmidt UTIL Gavin Sheets UTIL Jake Cronenworth,,,
1284,5210461101,j-wolf05 (4/20),0,42.2,CPT Walker Buehler UTIL Ty France UTIL Geraldo Perdomo UTIL Xander Bogaerts UTIL Gavin Sheets UTIL Jake Cronenworth,,,
1284,5210495042,Edgitt116 (9/10),0,42.2,CPT Walker Buehler UTIL Corbin Carroll UTIL Ketel Marte UTIL Max Kepler UTIL Jake Cronenworth UTIL Freddy Fermin,,,
1284,5210496916,Dirkdynasty (2/8),0,42.2,CPT Walker Buehler UTIL Fernando Tatis Jr. UTIL Manny Machado UTIL Tim Tawa UTIL Jake Cronenworth UTIL Sung-Mun Song,,,
1284,5210535234,KelvinDubs (5/20),0,42.2,CPT Walker Buehler UTIL Corbin Carroll UTIL Luis Rengifo UTIL Xander Bogaerts UTIL Gavin Sheets UTIL Freddy Fermin,,,
1284,5210542468,Messmer57 (1/5),0,42.2,CPT Walker Buehler UTIL Ty France UTIL Geraldo Perdomo UTIL Xander Bogaerts UTIL Gavin Sheets UTIL Jake Cronenworth,,,
1284,5210551650,zachdaddy (19/20),0,42.2,CPT Walker Buehler UTIL Fernando Tatis Jr. UTIL Jackson Merrill UTIL Gavin Sheets UTIL Tim Tawa UTIL Freddy Fermin,,,
1284,5210605309,woodreb5 (2/20),0,42.2,CPT Walker Buehler UTIL Fernando Tatis Jr. UTIL Luis Rengifo UTIL Ryan Waldschmidt UTIL Gavin Sheets UTIL Jake Cronenworth,,,
1284,5210617324,Brad1983,0,42.2,CPT Walker Buehler UTIL Ketel Marte UTIL Ty France UTIL Lars Nootbaar UTIL Gavin Sheets UTIL Jake Cronenworth,,,
1284,5210619385,Dagreek1976 (1/2),0,42.2,CPT Walker Buehler UTIL Fernando Tatis Jr. UTIL Jackson Merrill UTIL Ryan Waldschmidt UTIL Tim Tawa UTIL Freddy Fermin,,,
1284,5210620858,DigitalDreams (13/20),0,42.2,CPT Walker Buehler UTIL Fernando Tatis Jr. UTIL Luis Rengifo UTIL Ryan Waldschmidt UTIL Gavin Sheets UTIL Jake Cronenworth,,,
1284,5210651319,theaspen1,0,42.2,CPT Walker Buehler UTIL Ketel Marte UTIL Luis Rengifo UTIL Lars Nootbaar UTIL Max Kepler UTIL Jake Cronenworth,,,
1284,5210664831,cadezane1 (6/20),0,42.2,CPT Walker Buehler UTIL Ketel Marte UTIL Luis Rengifo UTIL Lars Nootbaar UTIL Max Kepler UTIL Jake Cronenworth,,,
1284,5210676562,Mannie75 (2/2),0,42.2,CPT Walker Buehler UTIL Fernando Tatis Jr. UTIL Luis Rengifo UTIL Ryan Waldschmidt UTIL Gavin Sheets UTIL Jake Cronenworth,,,
1305,5210559672,Nittybangerz,0,42.175,CPT Kohl Drake UTIL Fernando Tatis Jr. UTIL Jackson Merrill UTIL Xander Bogaerts UTIL Jake Cronenworth UTIL Freddy Fermin,,,
1306,5209664020,Huskers949597,0,42,CPT Jase Bowen UTIL Fernando Tatis Jr. UTIL Corbin Carroll UTIL Manny Machado UTIL Jackson Merrill UTIL Xander Bogaerts,,,
1306,5209998761,pat_the_hat2 (2/20),0,42,CPT Gavin Sheets UTIL Fernando Tatis Jr. UTIL Manny Machado UTIL Jackson Merrill UTIL Ty France UTIL Max Kepler,,,
1306,5210083332,kreller17 (16/20),0,42,CPT Ty France UTIL Manny Machado UTIL Jackson Merrill UTIL Nolan Arenado UTIL Xander Bogaerts UTIL Gavin Sheets,,,
1306,5210481620,Darkmen715 (14/20),0,42,CPT Manny Machado UTIL Fernando Tatis Jr. UTIL Ketel Marte UTIL Luis Rengifo UTIL Lars Nootbaar UTIL Freddy Fermin,,,
1306,5210489533,roryjones (5/7),0,42,CPT Nolan Arenado UTIL Ty France UTIL Geraldo Perdomo UTIL Luis Rengifo UTIL Xander Bogaerts UTIL Gabriel Moreno,,,
1306,5210522544,Bimpies35,0,42,CPT Xander Bogaerts UTIL Fernando Tatis Jr. UTIL Corbin Carroll UTIL Manny Machado UTIL Max Kepler UTIL Tim Tawa,,,
1306,5210528127,roberts2525 (6/10),0,42,CPT Ty France UTIL Fernando Tatis Jr. UTIL Corbin Carroll UTIL Nolan Arenado UTIL Max Kepler UTIL Tim Tawa,,,
1306,5210528130,roberts2525 (9/10),0,42,CPT Ty France UTIL Fernando Tatis Jr. UTIL Corbin Carroll UTIL Max Kepler UTIL Ryan Waldschmidt UTIL Tim Tawa,,,
1306,5210553437,dana522,0,42,CPT Geraldo Perdomo UTIL Fernando Tatis Jr. UTIL Ty France UTIL Lars Nootbaar UTIL Max Kepler UTIL Gabriel Moreno,,,
1306,5210561505,malarc3 (1/4),0,42,CPT Ty France UTIL Fernando Tatis Jr. UTIL Corbin Carroll UTIL Nolan Arenado UTIL Max Kepler UTIL Tim Tawa,,,
1306,5210562637,markcamaro (3/14),0,42,CPT Manny Machado UTIL Fernando Tatis Jr. UTIL Ketel Marte UTIL Ty France UTIL Ryan Waldschmidt UTIL Freddy Fermin,,,
1306,5210575701,bassguy39 (7/12),0,42,CPT Ty France UTIL Manny Machado UTIL Jackson Merrill UTIL Nolan Arenado UTIL Xander Bogaerts UTIL Gavin Sheets,,,
1306,5210577227,jb3rd811 (1/3),0,42,CPT Ty France UTIL Fernando Tatis Jr. UTIL Corbin Carroll UTIL Lars Nootbaar UTIL Ryan Waldschmidt UTIL Tim Tawa,,,
1306,5210590227,ptello9298 (11/20),0,42,CPT Manny Machado UTIL Fernando Tatis Jr. UTIL Ketel Marte UTIL Luis Rengifo UTIL Max Kepler UTIL Freddy Fermin,,,
1306,5210596437,SoCalTally,0,42,CPT Geraldo Perdomo UTIL Corbin Carroll UTIL Jackson Merrill UTIL Luis Rengifo UTIL Tim Tawa UTIL Gabriel Moreno,,,
1306,5210599498,jwal2882 (2/5),0,42,CPT Geraldo Perdomo UTIL Ty France UTIL Luis Rengifo UTIL Nolan Arenado UTIL Xander Bogaerts UTIL Gabriel Moreno,,,
1306,5210630369,ac919 (2/20),0,42,CPT Manny Machado UTIL Fernando Tatis Jr. UTIL Ketel Marte UTIL Xander Bogaerts UTIL Gavin Sheets UTIL Jake Cronenworth,,,
1306,5210635530,Toney367 (4/20),0,42,CPT Manny Machado UTIL Fernando Tatis Jr. UTIL Jackson Merrill UTIL Nolan Arenado UTIL Tim Tawa UTIL Jake Cronenworth,,,
1306,5210641705,eng32_eric (2/4),0,42,CPT Manny Machado UTIL Fernando Tatis Jr. UTIL Ketel Marte UTIL Xander Bogaerts UTIL Ryan Waldschmidt UTIL Jake Cronenworth,,,
1306,5210649793,camohat,0,42,CPT Ryan Waldschmidt UTIL Fernando Tatis Jr. UTIL Jackson Merrill UTIL Geraldo Perdomo UTIL Xander Bogaerts UTIL Gabriel Moreno,,,
1306,5210666353,mrw25 (10/20),0,42,CPT Manny Machado UTIL Fernando Tatis Jr. UTIL Corbin Carroll UTIL Max Kepler UTIL Tim Tawa UTIL Jake Cronenworth,,,
1306,5210667527,barago21,0,42,CPT Jackson Merrill UTIL Corbin Carroll UTIL Manny Machado UTIL Xander Bogaerts UTIL Lars Nootbaar UTIL Tim Tawa,,,
1328,5210299280,jasonwithaj (1/10),0,41.95,CPT Max Kepler UTIL Kohl Drake UTIL Jackson Merrill UTIL Ty France UTIL Lars Nootbaar UTIL Gabriel Moreno,,,
1328,5210544701,rcollins587 (3/20),0,41.95,CPT Max Kepler UTIL Kohl Drake UTIL Jackson Merrill UTIL Ty France UTIL Lars Nootbaar UTIL Gabriel Moreno,,,
1328,5210544706,rcollins587 (6/20),0,41.95,CPT Max Kepler UTIL Kohl Drake UTIL Jackson Merrill UTIL Ty France UTIL Lars Nootbaar UTIL Gabriel Moreno,,,
1328,5210544718,rcollins587 (9/20),0,41.95,CPT Max Kepler UTIL Kohl Drake UTIL Jackson Merrill UTIL Ty France UTIL Lars Nootbaar UTIL Gabriel Moreno,,,
1328,5210554176,rcollins587 (12/20),0,41.95,CPT Max Kepler UTIL Kohl Drake UTIL Jackson Merrill UTIL Ty France UTIL Lars Nootbaar UTIL Gabriel Moreno,,,
1328,5210554221,rcollins587 (15/20),0,41.95,CPT Max Kepler UTIL Kohl Drake UTIL Jackson Merrill UTIL Ty France UTIL Lars Nootbaar UTIL Gabriel Moreno,,,
1328,5210554225,rcollins587 (18/20),0,41.95,CPT Max Kepler UTIL Kohl Drake UTIL Jackson Merrill UTIL Ty France UTIL Lars Nootbaar UTIL Gabriel Moreno,,,
1335,5210030845,FoxyGrandpa252 (11/20),0,41.9,CPT Walker Buehler UTIL Kohl Drake UTIL Fernando Tatis Jr. UTIL Jake Cronenworth UTIL Freddy Fermin UTIL Jeremiah Estrada,,,
1336,5210060731,JcClark18 (16/20),0,41.8,CPT Gavin Sheets UTIL Walker Buehler UTIL Jackson Merrill UTIL Ty France UTIL Xander Bogaerts UTIL Lars Nootbaar,,,
1336,5210438357,JaserD (13/20),0,41.8,CPT Manny Machado UTIL Walker Buehler UTIL Ty France UTIL Lars Nootbaar UTIL Gavin Sheets UTIL Jake Cronenworth,,,
1336,5210523463,eddymac222 (7/20),0,41.8,CPT Jackson Merrill UTIL Walker Buehler UTIL Manny Machado UTIL Max Kepler UTIL Gavin Sheets UTIL Jake Cronenworth,,,
1336,5210575663,qsmack69,0,41.8,CPT Ty France UTIL Walker Buehler UTIL Manny Machado UTIL Nolan Arenado UTIL Ryan Waldschmidt UTIL Jake Cronenworth,,,
1336,5210578950,rainmania (13/20),0,41.8,CPT Manny Machado UTIL Walker Buehler UTIL Ty France UTIL Nolan Arenado UTIL Tim Tawa UTIL Jake Cronenworth,,,
1336,5210605316,woodreb5 (9/20),0,41.8,CPT Ty France UTIL Walker Buehler UTIL Manny Machado UTIL Nolan Arenado UTIL Gavin Sheets UTIL Jake Cronenworth,,,
1336,5210666357,mrw25 (14/20),0,41.8,CPT Manny Machado UTIL Walker Buehler UTIL Ty France UTIL Lars Nootbaar UTIL Gavin Sheets UTIL Jake Cronenworth,,,
1343,5209692287,ivymoose (9/20),0,41.75,CPT Fernando Tatis Jr. UTIL Walker Buehler UTIL Kohl Drake UTIL Tim Tawa UTIL Jake Cronenworth UTIL Freddy Fermin,,,
1343,5210546433,ANTBC25 (10/10),0,41.75,CPT Fernando Tatis Jr. UTIL Walker Buehler UTIL Kohl Drake UTIL Tim Tawa UTIL Jake Cronenworth UTIL Freddy Fermin,,,
1345,5209692297,ivymoose (19/20),0,41.65,CPT Walker Buehler UTIL Kohl Drake UTIL Ty France UTIL Lars Nootbaar UTIL Jake Cronenworth UTIL Freddy Fermin,,,
1345,5209984183,KGould86 (6/20),0,41.65,CPT Walker Buehler UTIL Kohl Drake UTIL Ty France UTIL Max Kepler UTIL Jake Cronenworth UTIL Freddy Fermin,,,
1345,5209985458,sbolomo (10/20),0,41.65,CPT Walker Buehler UTIL Kohl Drake UTIL Ty France UTIL Lars Nootbaar UTIL Jake Cronenworth UTIL Freddy Fermin,,,
1345,5210117076,foutah (2/6),0,41.65,CPT Walker Buehler UTIL Kohl Drake UTIL Ty France UTIL Max Kepler UTIL Jake Cronenworth UTIL Freddy Fermin,,,
1345,5210481613,Darkmen715 (7/20),0,41.65,CPT Walker Buehler UTIL Kohl Drake UTIL Ty France UTIL Lars Nootbaar UTIL Jake Cronenworth UTIL Freddy Fermin,,,
1345,5210585559,lavelleco,0,41.65,CPT Walker Buehler UTIL Kohl Drake UTIL Ty France UTIL Lars Nootbaar UTIL Jake Cronenworth UTIL Freddy Fermin,,,
1345,5210608743,hart132,0,41.65,CPT Walker Buehler UTIL Kohl Drake UTIL Ty France UTIL Lars Nootbaar UTIL Jake Cronenworth UTIL Freddy Fermin,,,
1345,5210662604,HC0023 (4/20),0,41.65,CPT Walker Buehler UTIL Kohl Drake UTIL Ty France UTIL Lars Nootbaar UTIL Jake Cronenworth UTIL Freddy Fermin,,,
1345,5210673358,dingodan39 (2/5),0,41.65,CPT Jackson Merrill UTIL Manny Machado UTIL Ty France UTIL Geraldo Perdomo UTIL Max Kepler UTIL Mason Miller,,,
1345,5210674116,joeyduece09 (5/9),0,41.65,CPT Walker Buehler UTIL Kohl Drake UTIL Ty France UTIL Max Kepler UTIL Jake Cronenworth UTIL Freddy Fermin,,,
1355,5209979996,Yadwen,0,41.5,CPT Corbin Carroll UTIL Jackson Merrill UTIL Nolan Arenado UTIL Xander Bogaerts UTIL Ryan Waldschmidt UTIL Gabriel Moreno,,,
1355,5210203696,jsamtoy (18/20),0,41.5,CPT Fernando Tatis Jr. UTIL Ketel Marte UTIL Ty France UTIL Geraldo Perdomo UTIL Lars Nootbaar UTIL Freddy Fermin,,,
1355,5210238182,Badseed66,0,41.5,CPT Fernando Tatis Jr. UTIL Corbin Carroll UTIL Jackson Merrill UTIL Nolan Arenado UTIL Lars Nootbaar UTIL Freddy Fermin,,,
1355,5210330451,gfromsd23,0,41.5,CPT Fernando Tatis Jr. UTIL Corbin Carroll UTIL Jackson Merrill UTIL Nolan Arenado UTIL Lars Nootbaar UTIL Freddy Fermin,,,
1355,5210336527,krism1956,0,41.5,CPT Ketel Marte UTIL Manny Machado UTIL Ty France UTIL Nolan Arenado UTIL Tim Tawa UTIL Gabriel Moreno,,,
1355,5210358032,45dojo (3/8),0,41.5,CPT Fernando Tatis Jr. UTIL Corbin Carroll UTIL Jackson Merrill UTIL Geraldo Perdomo UTIL Tim Tawa UTIL Freddy Fermin,,,
1355,5210403986,Jbog19 (3/5),0,41.5,CPT Corbin Carroll UTIL Manny Machado UTIL Ketel Marte UTIL Xander Bogaerts UTIL Lars Nootbaar UTIL Jake Cronenworth,,,
1355,5210426169,Pololover47,0,41.5,CPT Tim Tawa UTIL Fernando Tatis Jr. UTIL Manny Machado UTIL Ketel Marte UTIL Ty France UTIL Max Kepler,,,
1355,5210432422,jbfones (2/3),0,41.5,CPT Fernando Tatis Jr. UTIL Corbin Carroll UTIL Jackson Merrill UTIL Geraldo Perdomo UTIL Tim Tawa UTIL Freddy Fermin,,,
1355,5210436424,PhilipoM,0,41.5,CPT Fernando Tatis Jr. UTIL Corbin Carroll UTIL Manny Machado UTIL Max Kepler UTIL Gavin Sheets UTIL Jake Cronenworth,,,
1355,5210457456,kiahwood9,0,41.5,CPT Fernando Tatis Jr. UTIL Corbin Carroll UTIL Ketel Marte UTIL Jackson Merrill UTIL Tim Tawa UTIL Gage Workman,,,
1355,5210461073,jaydrafted (3/4),0,41.5,CPT Corbin Carroll UTIL Ty France UTIL Geraldo Perdomo UTIL Lars Nootbaar UTIL Max Kepler UTIL Gabriel Moreno,,,
1355,5210489532,roryjones (4/7),0,41.5,CPT Tim Tawa UTIL Fernando Tatis Jr. UTIL Corbin Carroll UTIL Jackson Merrill UTIL Luis Rengifo UTIL Ryan Waldschmidt,,,
1355,5210497215,GoBillsGo47,0,41.5,CPT Corbin Carroll UTIL Ketel Marte UTIL Jackson Merrill UTIL Ryan Waldschmidt UTIL Tim Tawa UTIL Gabriel Moreno,,,
1355,5210502142,bilnuts,0,41.5,CPT Ketel Marte UTIL Fernando Tatis Jr. UTIL Ty France UTIL Xander Bogaerts UTIL Max Kepler UTIL Ryan Waldschmidt,,,
1355,5210535239,KelvinDubs (10/20),0,41.5,CPT Fernando Tatis Jr. UTIL Corbin Carroll UTIL Manny Machado UTIL Lars Nootbaar UTIL Gavin Sheets UTIL Jake Cronenworth,,,
1355,5210535249,KelvinDubs (20/20),0,41.5,CPT Gabriel Moreno UTIL Fernando Tatis Jr. UTIL Geraldo Perdomo UTIL Nolan Arenado UTIL Xander Bogaerts UTIL Max Kepler,,,
1355,5210537253,kennethawk (1/2),0,41.5,CPT Fernando Tatis Jr. UTIL Jackson Merrill UTIL Ty France UTIL Nolan Arenado UTIL Ryan Waldschmidt UTIL Tim Tawa,,,
1355,5210544792,sbochoa (1/2),0,41.5,CPT Tim Tawa UTIL Ketel Marte UTIL Jackson Merrill UTIL Xander Bogaerts UTIL Jake Cronenworth UTIL Freddy Fermin,,,
1355,5210549065,terminator31 (12/20),0,41.5,CPT Tim Tawa UTIL Corbin Carroll UTIL Ketel Marte UTIL Ty France UTIL Geraldo Perdomo UTIL Gabriel Moreno,,,
1355,5210552985,Messmer57 (5/5),0,41.5,CPT Fernando Tatis Jr. UTIL Manny Machado UTIL Jackson Merrill UTIL Lars Nootbaar UTIL Max Kepler UTIL Tim Tawa,,,
1355,5210575704,bassguy39 (10/12),0,41.5,CPT Tim Tawa UTIL Corbin Carroll UTIL Ketel Marte UTIL Ty France UTIL Geraldo Perdomo UTIL Gabriel Moreno,,,
1355,5210575863,smooth12,0,41.5,CPT Fernando Tatis Jr. UTIL Geraldo Perdomo UTIL Luis Rengifo UTIL Lars Nootbaar UTIL Gavin Sheets UTIL Gabriel Moreno,,,
1355,5210576372,WD1421 (7/12),0,41.5,CPT Corbin Carroll UTIL Fernando Tatis Jr. UTIL Geraldo Perdomo UTIL Xander Bogaerts UTIL Max Kepler UTIL Jake Cronenworth,,,
1355,5210584996,WD1421 (8/12),0,41.5,CPT Corbin Carroll UTIL Fernando Tatis Jr. UTIL Geraldo Perdomo UTIL Xander Bogaerts UTIL Max Kepler UTIL Jake Cronenworth,,,
1355,5210585017,WD1421 (9/12),0,41.5,CPT Corbin Carroll UTIL Fernando Tatis Jr. UTIL Geraldo Perdomo UTIL Xander Bogaerts UTIL Max Kepler UTIL Jake Cronenworth,,,
1355,5210585019,WD1421 (10/12),0,41.5,CPT Corbin Carroll UTIL Fernando Tatis Jr. UTIL Geraldo Perdomo UTIL Xander Bogaerts UTIL Max Kepler UTIL Jake Cronenworth,,,
1355,5210585020,WD1421 (11/12),0,41.5,CPT Corbin Carroll UTIL Fernando Tatis Jr. UTIL Geraldo Perdomo UTIL Xander Bogaerts UTIL Max Kepler UTIL Jake Cronenworth,,,
1355,5210585029,WD1421 (12/12),0,41.5,CPT Corbin Carroll UTIL Fernando Tatis Jr. UTIL Geraldo Perdomo UTIL Xander Bogaerts UTIL Max Kepler UTIL Jake Cronenworth,,,
1355,5210590633,bossplayer318 (13/20),0,41.5,CPT Fernando Tatis Jr. UTIL Manny Machado UTIL Ketel Marte UTIL Geraldo Perdomo UTIL Jake Cronenworth UTIL Freddy Fermin,,,
1355,5210592282,pdanielsjr (8/20),0,41.5,CPT Fernando Tatis Jr. UTIL Corbin Carroll UTIL Manny Machado UTIL Lars Nootbaar UTIL Gavin Sheets UTIL Jake Cronenworth,,,
1355,5210593065,smk5430 (17/20),0,41.5,CPT Corbin Carroll UTIL Fernando Tatis Jr. UTIL Manny Machado UTIL Geraldo Perdomo UTIL Jake Cronenworth UTIL Freddy Fermin,,,
1355,5210596415,willbuck,0,41.5,CPT Lars Nootbaar UTIL Ketel Marte UTIL Jackson Merrill UTIL Geraldo Perdomo UTIL Luis Rengifo UTIL Gabriel Moreno,,,
1355,5210604276,DumpRich,0,41.5,CPT Max Kepler UTIL Fernando Tatis Jr. UTIL Ketel Marte UTIL Jackson Merrill UTIL Xander Bogaerts UTIL Lars Nootbaar,,,
1355,5210616422,phightins7780,0,41.5,CPT Ketel Marte UTIL Fernando Tatis Jr. UTIL Corbin Carroll UTIL Xander Bogaerts UTIL Lars Nootbaar UTIL Freddy Fermin,,,
1355,5210617693,oneworld60,0,41.5,CPT Corbin Carroll UTIL Jackson Merrill UTIL Nolan Arenado UTIL Xander Bogaerts UTIL Ryan Waldschmidt UTIL Gabriel Moreno,,,
1355,5210621872,steelsteve112 (2/3),0,41.5,CPT Fernando Tatis Jr. UTIL Manny Machado UTIL Nolan Arenado UTIL Max Kepler UTIL Tim Tawa UTIL Gabriel Moreno,,,
1355,5210641700,w00ster (1/3),0,41.5,CPT Fernando Tatis Jr. UTIL Ty France UTIL Geraldo Perdomo UTIL Ryan Waldschmidt UTIL Gavin Sheets UTIL Gabriel Moreno,,,
1355,5210643944,Rioslugger008 (1/3),0,41.5,CPT Luis Rengifo UTIL Fernando Tatis Jr. UTIL Manny Machado UTIL Nolan Arenado UTIL Xander Bogaerts UTIL Tim Tawa,,,
1355,5210646952,cameronhart23 (15/20),0,41.5,CPT Gabriel Moreno UTIL Fernando Tatis Jr. UTIL Ketel Marte UTIL Geraldo Perdomo UTIL Lars Nootbaar UTIL Tim Tawa,,,
1355,5210650101,beenjammin98,0,41.5,CPT Fernando Tatis Jr. UTIL Ketel Marte UTIL Ty France UTIL Geraldo Perdomo UTIL Lars Nootbaar UTIL Freddy Fermin,,,
1355,5210669325,clzr,0,41.5,CPT Fernando Tatis Jr. UTIL Jackson Merrill UTIL Ty France UTIL Nolan Arenado UTIL Ryan Waldschmidt UTIL Tim Tawa,,,
1355,5210671718,cadezane1 (13/20),0,41.5,CPT Ketel Marte UTIL Ty France UTIL Geraldo Perdomo UTIL Luis Rengifo UTIL Ryan Waldschmidt UTIL Gabriel Moreno,,,
1355,5210675953,Mr.FanGuru,0,41.5,CPT Fernando Tatis Jr. UTIL Corbin Carroll UTIL Jackson Merrill UTIL Nolan Arenado UTIL Lars Nootbaar UTIL Freddy Fermin,,,
1399,5210505997,Dirkdynasty (8/8),0,41.3,CPT Fernando Tatis Jr. UTIL Walker Buehler UTIL Nolan Arenado UTIL Tim Tawa UTIL Sung-Mun Song UTIL Gabriel Moreno,,,
1399,5210554247,1yooper1,0,41.3,CPT Fernando Tatis Jr. UTIL Walker Buehler UTIL Nolan Arenado UTIL Xander Bogaerts UTIL Lars Nootbaar UTIL Freddy Fermin,,,
1399,5210567738,debster54,0,41.3,CPT Fernando Tatis Jr. UTIL Walker Buehler UTIL Nolan Arenado UTIL Xander Bogaerts UTIL Lars Nootbaar UTIL Freddy Fermin,,,
1399,5210612564,rollcubs (2/4),0,41.3,CPT Corbin Carroll UTIL Walker Buehler UTIL Manny Machado UTIL Xander Bogaerts UTIL Tim Tawa UTIL Freddy Fermin,,,
1399,5210615904,84flipmode (13/20),0,41.3,CPT Gabriel Moreno UTIL Walker Buehler UTIL Jackson Merrill UTIL Geraldo Perdomo UTIL Ryan Waldschmidt UTIL Tim Tawa,,,
1399,5210635536,Toney367 (10/20),0,41.3,CPT Fernando Tatis Jr. UTIL Walker Buehler UTIL Ketel Marte UTIL Xander Bogaerts UTIL Tim Tawa UTIL Jase Bowen,,,
1399,5210643852,tonymutt (2/5),0,41.3,CPT Fernando Tatis Jr. UTIL Walker Buehler UTIL Geraldo Perdomo UTIL Xander Bogaerts UTIL Tim Tawa UTIL Freddy Fermin,,,
1399,5210644779,mrpaulwr (3/10),0,41.3,CPT Corbin Carroll UTIL Walker Buehler UTIL Lars Nootbaar UTIL Max Kepler UTIL Tim Tawa UTIL Gabriel Moreno,,,
1399,5210670219,15_jojo.bell-15,0,41.3,CPT Corbin Carroll UTIL Walker Buehler UTIL Fernando Tatis Jr. UTIL Lars Nootbaar UTIL Tim Tawa UTIL Freddy Fermin,,,
1408,5210541919,zachdaddy (13/20),0,41.25,CPT Ty France UTIL Walker Buehler UTIL Kohl Drake UTIL Max Kepler UTIL Tim Tawa UTIL Jake Cronenworth,,,
1409,5209500277,wcs1109 (2/20),0,41.2,CPT Walker Buehler UTIL Fernando Tatis Jr. UTIL Luis Rengifo UTIL Lars Nootbaar UTIL Gavin Sheets UTIL Freddy Fermin,,,
1409,5209758163,Sammy.Boy (13/20),0,41.2,CPT Walker Buehler UTIL Ketel Marte UTIL Jackson Merrill UTIL Xander Bogaerts UTIL Gavin Sheets UTIL Freddy Fermin,,,
1409,5209951259,ataribravo (10/20),0,41.2,CPT Walker Buehler UTIL Fernando Tatis Jr. UTIL Luis Rengifo UTIL Max Kepler UTIL Gavin Sheets UTIL Freddy Fermin,,,
1409,5209956924,MoneyRamirez (10/20),0,41.2,CPT Walker Buehler UTIL Ketel Marte UTIL Jackson Merrill UTIL Xander Bogaerts UTIL Gavin Sheets UTIL Freddy Fermin,,,
1409,5209999692,whoisjohngalt420 (12/20),0,41.2,CPT Walker Buehler UTIL Ketel Marte UTIL Jackson Merrill UTIL Xander Bogaerts UTIL Gavin Sheets UTIL Freddy Fermin,,,
1409,5210069781,rsumrall (18/20),0,41.2,CPT Walker Buehler UTIL Ketel Marte UTIL Jackson Merrill UTIL Xander Bogaerts UTIL Gavin Sheets UTIL Freddy Fermin,,,
1409,5210180109,LOCNOTM (16/20),0,41.2,CPT Walker Buehler UTIL Fernando Tatis Jr. UTIL Luis Rengifo UTIL Lars Nootbaar UTIL Gavin Sheets UTIL Freddy Fermin,,,
1409,5210263950,UniversalFriend (14/20),0,41.2,CPT Walker Buehler UTIL Ketel Marte UTIL Jackson Merrill UTIL Xander Bogaerts UTIL Gavin Sheets UTIL Freddy Fermin,,,
1409,5210360224,Mige1 (6/20),0,41.2,CPT Walker Buehler UTIL Manny Machado UTIL Jackson Merrill UTIL Gavin Sheets UTIL Tim Tawa UTIL Jake Cronenworth,,,
1409,5210551651,zachdaddy (20/20),0,41.2,CPT Walker Buehler UTIL Fernando Tatis Jr. UTIL Luis Rengifo UTIL Max Kepler UTIL Gavin Sheets UTIL Freddy Fermin,,,
1409,5210615896,Babysumo92 (3/5),0,41.2,CPT Walker Buehler UTIL Corbin Carroll UTIL Luis Rengifo UTIL Lars Nootbaar UTIL Gavin Sheets UTIL Jake Cronenworth,,,
1409,5210650095,flipnick99 (3/3),0,41.2,CPT Walker Buehler UTIL Manny Machado UTIL Jackson Merrill UTIL Gavin Sheets UTIL Tim Tawa UTIL Jake Cronenworth,,,
1409,5210676172,Wamba22,0,41.2,CPT Walker Buehler UTIL Corbin Carroll UTIL Ty France UTIL Ryan Waldschmidt UTIL Gavin Sheets UTIL Jake Cronenworth,,,
1422,5209918397,piotrj10 (7/20),0,41,CPT Gavin Sheets UTIL Manny Machado UTIL Ketel Marte UTIL Jackson Merrill UTIL Ty France UTIL Xander Bogaerts,,,
1422,5209999690,whoisjohngalt420 (10/20),0,41,CPT Manny Machado UTIL Fernando Tatis Jr. UTIL Ty France UTIL Geraldo Perdomo UTIL Gavin Sheets UTIL Jake Cronenworth,,,
1422,5210044215,Daily_Big_Kahuna (1/8),0,41,CPT Ty France UTIL Manny Machado UTIL Geraldo Perdomo UTIL Luis Rengifo UTIL Xander Bogaerts UTIL Ryan Waldschmidt,,,
1422,5210069780,rsumrall (17/20),0,41,CPT Manny Machado UTIL Fernando Tatis Jr. UTIL Ty France UTIL Geraldo Perdomo UTIL Gavin Sheets UTIL Jake Cronenworth,,,
1422,5210174977,david1836,0,41,CPT Nolan Arenado UTIL Manny Machado UTIL Jackson Merrill UTIL Ty France UTIL Ryan Waldschmidt UTIL Gabriel Moreno,,,
1422,5210184713,SinMiedo,0,41,CPT Jackson Merrill UTIL Manny Machado UTIL Ketel Marte UTIL Ty France UTIL Gavin Sheets UTIL Tim Tawa,,,
1422,5210206831,Aslayday (2/3),0,41,CPT Manny Machado UTIL Fernando Tatis Jr. UTIL Jackson Merrill UTIL Xander Bogaerts UTIL Ryan Waldschmidt UTIL Tim Tawa,,,
1422,5210238827,SpeedRacer101 (4/20),0,41,CPT Manny Machado UTIL Fernando Tatis Jr. UTIL Geraldo Perdomo UTIL Luis Rengifo UTIL Max Kepler UTIL Jake Cronenworth,,,
1422,5210310410,ste6000,0,41,CPT Manny Machado UTIL Fernando Tatis Jr. UTIL Nolan Arenado UTIL Tim Tawa UTIL Freddy Fermin UTIL Gabriel Moreno,,,
1422,5210377889,porter706 (1/3),0,41,CPT Manny Machado UTIL Corbin Carroll UTIL Ketel Marte UTIL Ty France UTIL Lars Nootbaar UTIL Freddy Fermin,,,
1422,5210381210,Ezilodi (6/20),0,41,CPT Manny Machado UTIL Fernando Tatis Jr. UTIL Geraldo Perdomo UTIL Luis Rengifo UTIL Max Kepler UTIL Jake Cronenworth,,,
1422,5210567492,orchard7 (17/18),0,41,CPT Jackson Merrill UTIL Fernando Tatis Jr. UTIL Corbin Carroll UTIL Geraldo Perdomo UTIL Max Kepler UTIL Freddy Fermin,,,
1422,5210571995,markcamaro (6/14),0,41,CPT Nolan Arenado UTIL Fernando Tatis Jr. UTIL Manny Machado UTIL Jackson Merrill UTIL Luis Rengifo UTIL Freddy Fermin,,,
1422,5210579927,gator057 (1/2),0,41,CPT Gavin Sheets UTIL Fernando Tatis Jr. UTIL Jackson Merrill UTIL Ty France UTIL Geraldo Perdomo UTIL Xander Bogaerts,,,
1422,5210590223,ptello9298 (7/20),0,41,CPT Manny Machado UTIL Fernando Tatis Jr. UTIL Corbin Carroll UTIL Luis Rengifo UTIL Gavin Sheets UTIL Freddy Fermin,,,
1422,5210590631,bossplayer318 (11/20),0,41,CPT Jackson Merrill UTIL Fernando Tatis Jr. UTIL Luis Rengifo UTIL Lars Nootbaar UTIL Max Kepler UTIL Gavin Sheets,,,
1422,5210605344,Torchman94 (4/5),0,41,CPT Mason McCoy UTIL Fernando Tatis Jr. UTIL Corbin Carroll UTIL Manny Machado UTIL Ketel Marte UTIL Ty France,,,
1422,5210615295,Daclique,0,41,CPT Nolan Arenado UTIL Fernando Tatis Jr. UTIL Corbin Carroll UTIL Jackson Merrill UTIL Xander Bogaerts UTIL Freddy Fermin,,,
1422,5210632374,walkertr444 (6/8),0,41,CPT Jackson Merrill UTIL Corbin Carroll UTIL Manny Machado UTIL Geraldo Perdomo UTIL Xander Bogaerts UTIL Freddy Fermin,,,
1422,5210632381,marcass83 (1/3),0,41,CPT Ty France UTIL Fernando Tatis Jr. UTIL Corbin Carroll UTIL Geraldo Perdomo UTIL Ryan Waldschmidt UTIL Freddy Fermin,,,
1422,5210641739,monarch11 (16/20),0,41,CPT Manny Machado UTIL Fernando Tatis Jr. UTIL Ty France UTIL Geraldo Perdomo UTIL Gavin Sheets UTIL Jake Cronenworth,,,
1422,5210646940,cameronhart23 (3/20),0,41,CPT Manny Machado UTIL Corbin Carroll UTIL Ketel Marte UTIL Xander Bogaerts UTIL Lars Nootbaar UTIL Jake Cronenworth,,,
1422,5210656110,Manchester5 (2/2),0,41,CPT Gavin Sheets UTIL Fernando Tatis Jr. UTIL Ketel Marte UTIL Jackson Merrill UTIL Ty France UTIL Lars Nootbaar,,,
1422,5210658108,SEAU619,0,41,CPT Manny Machado UTIL Fernando Tatis Jr. UTIL Ty France UTIL Nolan Arenado UTIL Ryan Waldschmidt UTIL Jake Cronenworth,,,
1422,5210666348,mrw25 (5/20),0,41,CPT Jackson Merrill UTIL Corbin Carroll UTIL Manny Machado UTIL Geraldo Perdomo UTIL Xander Bogaerts UTIL Freddy Fermin,,,
1422,5210666363,mrw25 (20/20),0,41,CPT Jackson Merrill UTIL Manny Machado UTIL Ty France UTIL Nolan Arenado UTIL Xander Bogaerts UTIL Gavin Sheets,,,
1422,5210671767,1stPlace21,0,41,CPT Jackson Merrill UTIL Corbin Carroll UTIL Manny Machado UTIL Nolan Arenado UTIL Xander Bogaerts UTIL Freddy Fermin,,,
1422,5210675476,cadezane1 (16/20),0,41,CPT Manny Machado UTIL Ty France UTIL Luis Rengifo UTIL Nolan Arenado UTIL Xander Bogaerts UTIL Lars Nootbaar,,,
1450,5210030852,FoxyGrandpa252 (18/20),0,40.95,CPT Gabriel Moreno UTIL Kohl Drake UTIL Corbin Carroll UTIL Ty France UTIL Ryan Waldschmidt UTIL Tim Tawa,,,
1450,5210381213,Ezilodi (9/20),0,40.95,CPT Ketel Marte UTIL Kohl Drake UTIL Luis Rengifo UTIL Lars Nootbaar UTIL Jake Cronenworth UTIL Gabriel Moreno,,,
1450,5210487226,johnblum91 (1/3),0,40.95,CPT Ketel Marte UTIL Kohl Drake UTIL Luis Rengifo UTIL Max Kepler UTIL Jake Cronenworth UTIL Gabriel Moreno,,,
1453,5209951261,ataribravo (12/20),0,40.8,CPT Gavin Sheets UTIL Walker Buehler UTIL Fernando Tatis Jr. UTIL Jackson Merrill UTIL Xander Bogaerts UTIL Tim Tawa,,,
1453,5210083325,kreller17 (9/20),0,40.8,CPT Nolan Arenado UTIL Walker Buehler UTIL Jackson Merrill UTIL Luis Rengifo UTIL Xander Bogaerts UTIL Freddy Fermin,,,
1453,5210412615,Southsider50 (3/4),0,40.8,CPT Manny Machado UTIL Walker Buehler UTIL Fernando Tatis Jr. UTIL Ryan Waldschmidt UTIL Tim Tawa UTIL Jake Cronenworth,,,
1453,5210550910,Biscuits209 (4/4),0,40.8,CPT Manny Machado UTIL Walker Buehler UTIL Fernando Tatis Jr. UTIL Ryan Waldschmidt UTIL Tim Tawa UTIL Jake Cronenworth,,,
1453,5210555725,yanksfan941 (4/5),0,40.8,CPT Manny Machado UTIL Walker Buehler UTIL Jackson Merrill UTIL Xander Bogaerts UTIL Ryan Waldschmidt UTIL Freddy Fermin,,,
1453,5210600768,yuni11,0,40.8,CPT Manny Machado UTIL Walker Buehler UTIL Fernando Tatis Jr. UTIL Gavin Sheets UTIL Tim Tawa UTIL Jake Cronenworth,,,
1453,5210612972,84flipmode (8/20),0,40.8,CPT Manny Machado UTIL Walker Buehler UTIL Ketel Marte UTIL Ryan Waldschmidt UTIL Freddy Fermin UTIL Gabriel Moreno,,,
1453,5210620855,DigitalDreams (10/20),0,40.8,CPT Jackson Merrill UTIL Walker Buehler UTIL Luis Rengifo UTIL Xander Bogaerts UTIL Ryan Waldschmidt UTIL Gavin Sheets,,,
1453,5210660161,lcope8806 (2/2),0,40.8,CPT Manny Machado UTIL Walker Buehler UTIL Fernando Tatis Jr. UTIL Gavin Sheets UTIL Tim Tawa UTIL Jake Cronenworth,,,
1453,5210667482,Orangechocolate70 (13/20),0,40.8,CPT Manny Machado UTIL Walker Buehler UTIL Fernando Tatis Jr. UTIL Gavin Sheets UTIL Tim Tawa UTIL Jake Cronenworth,,,
1463,5210621830,Marsharks (10/20),0,40.55,CPT Fernando Tatis Jr. UTIL Corbin Carroll UTIL Geraldo Perdomo UTIL Lars Nootbaar UTIL Gabriel Moreno UTIL Juan Morillo,,,
1464,5209690341,jon12win,0,40.5,CPT Gabriel Moreno UTIL Fernando Tatis Jr. UTIL Corbin Carroll UTIL Geraldo Perdomo UTIL Max Kepler UTIL Gavin Sheets,,,
1464,5209832780,charlesrayallday,0,40.5,CPT Fernando Tatis Jr. UTIL Corbin Carroll UTIL Manny Machado UTIL Xander Bogaerts UTIL Lars Nootbaar UTIL Jase Bowen,,,
1464,5209918403,piotrj10 (13/20),0,40.5,CPT Gabriel Moreno UTIL Fernando Tatis Jr. UTIL Corbin Carroll UTIL Geraldo Perdomo UTIL Ryan Waldschmidt UTIL Tim Tawa,,,
1464,5210083322,kreller17 (6/20),0,40.5,CPT Max Kepler UTIL Fernando Tatis Jr. UTIL Corbin Carroll UTIL Manny Machado UTIL Luis Rengifo UTIL Tim Tawa,,,
1464,5210120981,cmcbutch,0,40.5,CPT Fernando Tatis Jr. UTIL Corbin Carroll UTIL Manny Machado UTIL Lars Nootbaar UTIL Max Kepler UTIL Freddy Fermin,,,
1464,5210166680,floydian80 (11/20),0,40.5,CPT Fernando Tatis Jr. UTIL Corbin Carroll UTIL Geraldo Perdomo UTIL Xander Bogaerts UTIL Gavin Sheets UTIL Jake Cronenworth,,,
1464,5210213291,cali760619 (1/2),0,40.5,CPT Fernando Tatis Jr. UTIL Corbin Carroll UTIL Geraldo Perdomo UTIL Xander Bogaerts UTIL Ryan Waldschmidt UTIL Jake Cronenworth,,,
1464,5210216032,jordanh415,0,40.5,CPT Fernando Tatis Jr. UTIL Corbin Carroll UTIL Manny Machado UTIL Lars Nootbaar UTIL Max Kepler UTIL Freddy Fermin,,,
1464,5210297030,Omoe32,0,40.5,CPT Tim Tawa UTIL Corbin Carroll UTIL Manny Machado UTIL Jackson Merrill UTIL Geraldo Perdomo UTIL Gabriel Moreno,,,
1464,5210313290,JZink,0,40.5,CPT Corbin Carroll UTIL Jackson Merrill UTIL Luis Rengifo UTIL Nolan Arenado UTIL Xander Bogaerts UTIL Tim Tawa,,,
1464,5210381207,Ezilodi (3/20),0,40.5,CPT Ketel Marte UTIL Jackson Merrill UTIL Ty France UTIL Geraldo Perdomo UTIL Xander Bogaerts UTIL Tim Tawa,,,
1464,5210480974,brown1258 (3/4),0,40.5,CPT Ketel Marte UTIL Jackson Merrill UTIL Ty France UTIL Geraldo Perdomo UTIL Xander Bogaerts UTIL Tim Tawa,,,
1464,5210489566,atat13 (14/20),0,40.5,CPT Luis Rengifo UTIL Fernando Tatis Jr. UTIL Geraldo Perdomo UTIL Nolan Arenado UTIL Max Kepler UTIL Gabriel Moreno,,,
1464,5210491630,jtvbaker75 (2/3),0,40.5,CPT Tim Tawa UTIL Fernando Tatis Jr. UTIL Corbin Carroll UTIL Jackson Merrill UTIL Nolan Arenado UTIL Xander Bogaerts,,,
1464,5210495935,Bo-Jackson,0,40.5,CPT Corbin Carroll UTIL Fernando Tatis Jr. UTIL Jackson Merrill UTIL Lars Nootbaar UTIL Max Kepler UTIL Tim Tawa,,,
1464,5210496057,Lynette55 (1/4),0,40.5,CPT Tim Tawa UTIL Fernando Tatis Jr. UTIL Corbin Carroll UTIL Manny Machado UTIL Ty France UTIL Ryan Waldschmidt,,,
1464,5210532026,Textopper (2/2),0,40.5,CPT Fernando Tatis Jr. UTIL Manny Machado UTIL Jackson Merrill UTIL Nolan Arenado UTIL Lars Nootbaar UTIL Freddy Fermin,,,
1464,5210534154,happle (1/2),0,40.5,CPT Ketel Marte UTIL Corbin Carroll UTIL Manny Machado UTIL Ty France UTIL Lars Nootbaar UTIL Freddy Fermin,,,
1464,5210538879,2bclutch (1/4),0,40.5,CPT Gabriel Moreno UTIL Corbin Carroll UTIL Manny Machado UTIL Ketel Marte UTIL Lars Nootbaar UTIL Gavin Sheets,,,
1464,5210539128,2bclutch (2/4),0,40.5,CPT Gabriel Moreno UTIL Corbin Carroll UTIL Manny Machado UTIL Ketel Marte UTIL Lars Nootbaar UTIL Gavin Sheets,,,
1464,5210541912,zachdaddy (6/20),0,40.5,CPT Fernando Tatis Jr. UTIL Manny Machado UTIL Geraldo Perdomo UTIL Luis Rengifo UTIL Gavin Sheets UTIL Jake Cronenworth,,,
1464,5210541962,roborick822,0,40.5,CPT Fernando Tatis Jr. UTIL Corbin Carroll UTIL Geraldo Perdomo UTIL Luis Rengifo UTIL Lars Nootbaar UTIL Freddy Fermin,,,
1464,5210542542,Beasley,0,40.5,CPT Corbin Carroll UTIL Ketel Marte UTIL Ty France UTIL Ryan Waldschmidt UTIL Gavin Sheets UTIL Gabriel Moreno,,,
1464,5210544117,orchard7 (9/18),0,40.5,CPT Fernando Tatis Jr. UTIL Jackson Merrill UTIL Geraldo Perdomo UTIL Xander Bogaerts UTIL Lars Nootbaar UTIL Tim Tawa,,,
1464,5210548585,achamp4real (2/7),0,40.5,CPT Corbin Carroll UTIL Manny Machado UTIL Xander Bogaerts UTIL Lars Nootbaar UTIL Gavin Sheets UTIL Gabriel Moreno,,,
1464,5210557694,tworkage,0,40.5,CPT Corbin Carroll UTIL Fernando Tatis Jr. UTIL Manny Machado UTIL Xander Bogaerts UTIL Ryan Waldschmidt UTIL Freddy Fermin,,,
1464,5210561472,brandonwalsh80,0,40.5,CPT Tim Tawa UTIL Fernando Tatis Jr. UTIL Corbin Carroll UTIL Jackson Merrill UTIL Nolan Arenado UTIL Xander Bogaerts,,,
1464,5210567466,kingjay1969,0,40.5,CPT Ketel Marte UTIL Luis Rengifo UTIL Nolan Arenado UTIL Xander Bogaerts UTIL Lars Nootbaar UTIL Gabriel Moreno,,,
1464,5210575705,bassguy39 (11/12),0,40.5,CPT Fernando Tatis Jr. UTIL Manny Machado UTIL Geraldo Perdomo UTIL Luis Rengifo UTIL Gavin Sheets UTIL Jake Cronenworth,,,
1464,5210578994,Schrinepiece92 (6/20),0,40.5,CPT Fernando Tatis Jr. UTIL Corbin Carroll UTIL Geraldo Perdomo UTIL Luis Rengifo UTIL Lars Nootbaar UTIL Freddy Fermin,,,
1464,5210580945,pjm45 (1/3),0,40.5,CPT Corbin Carroll UTIL Fernando Tatis Jr. UTIL Ketel Marte UTIL Luis Rengifo UTIL Ryan Waldschmidt UTIL Freddy Fermin,,,
1464,5210594000,Gagenator51 (1/20),0,40.5,CPT Fernando Tatis Jr. UTIL Manny Machado UTIL Geraldo Perdomo UTIL Luis Rengifo UTIL Gavin Sheets UTIL Jake Cronenworth,,,
1464,5210594867,pheitmann (2/3),0,40.5,CPT Corbin Carroll UTIL Manny Machado UTIL Jackson Merrill UTIL Xander Bogaerts UTIL Lars Nootbaar UTIL Tim Tawa,,,
1464,5210596809,porter706 (3/3),0,40.5,CPT Ketel Marte UTIL Corbin Carroll UTIL Manny Machado UTIL Ty France UTIL Max Kepler UTIL Freddy Fermin,,,
1464,5210600991,pisco80 (11/20),0,40.5,CPT Corbin Carroll UTIL Fernando Tatis Jr. UTIL Nolan Arenado UTIL Lars Nootbaar UTIL Tim Tawa UTIL Gabriel Moreno,,,
1464,5210600992,pisco80 (12/20),0,40.5,CPT Corbin Carroll UTIL Manny Machado UTIL Nolan Arenado UTIL Xander Bogaerts UTIL Tim Tawa UTIL Gabriel Moreno,,,
1464,5210611346,84flipmode (6/20),0,40.5,CPT Corbin Carroll UTIL Ty France UTIL Geraldo Perdomo UTIL Luis Rengifo UTIL Ryan Waldschmidt UTIL Jake Cronenworth,,,
1464,5210617675,Lynette55 (2/4),0,40.5,CPT Tim Tawa UTIL Fernando Tatis Jr. UTIL Corbin Carroll UTIL Manny Machado UTIL Ty France UTIL Ryan Waldschmidt,,,
1464,5210619103,boricuamalito (1/5),0,40.5,CPT Luis Rengifo UTIL Fernando Tatis Jr. UTIL Manny Machado UTIL Ketel Marte UTIL Nolan Arenado UTIL Freddy Fermin,,,
1464,5210621464,beek10,0,40.5,CPT Ketel Marte UTIL Fernando Tatis Jr. UTIL Corbin Carroll UTIL Lars Nootbaar UTIL Max Kepler UTIL Jake Cronenworth,,,
1464,5210621836,Marsharks (16/20),0,40.5,CPT Fernando Tatis Jr. UTIL Corbin Carroll UTIL Geraldo Perdomo UTIL Luis Rengifo UTIL Lars Nootbaar UTIL Freddy Fermin,,,
1464,5210626192,sldice,0,40.5,CPT Fernando Tatis Jr. UTIL Jackson Merrill UTIL Geraldo Perdomo UTIL Luis Rengifo UTIL Nolan Arenado UTIL Freddy Fermin,,,
1464,5210626419,LastKings1911,0,40.5,CPT Gabriel Moreno UTIL Fernando Tatis Jr. UTIL Corbin Carroll UTIL Geraldo Perdomo UTIL Ryan Waldschmidt UTIL Tim Tawa,,,
1464,5210629317,Lynette55 (3/4),0,40.5,CPT Tim Tawa UTIL Fernando Tatis Jr. UTIL Corbin Carroll UTIL Manny Machado UTIL Ty France UTIL Ryan Waldschmidt,,,
1464,5210629409,flschreib (2/2),0,40.5,CPT Fernando Tatis Jr. UTIL Corbin Carroll UTIL Manny Machado UTIL Lars Nootbaar UTIL Max Kepler UTIL Freddy Fermin,,,
1464,5210629464,Lynette55 (4/4),0,40.5,CPT Tim Tawa UTIL Fernando Tatis Jr. UTIL Corbin Carroll UTIL Manny Machado UTIL Ty France UTIL Ryan Waldschmidt,,,
1464,5210637545,gersito,0,40.5,CPT Fernando Tatis Jr. UTIL Corbin Carroll UTIL Geraldo Perdomo UTIL Xander Bogaerts UTIL Ryan Waldschmidt UTIL Jake Cronenworth,,,
1464,5210639743,dtwlions,0,40.5,CPT Fernando Tatis Jr. UTIL Corbin Carroll UTIL Ketel Marte UTIL Lars Nootbaar UTIL Ryan Waldschmidt UTIL Jake Cronenworth,,,
1464,5210650661,Troha77 (4/20),0,40.5,CPT Tim Tawa UTIL Fernando Tatis Jr. UTIL Corbin Carroll UTIL Manny Machado UTIL Ty France UTIL Ryan Waldschmidt,,,
1464,5210650665,Troha77 (8/20),0,40.5,CPT Tim Tawa UTIL Fernando Tatis Jr. UTIL Corbin Carroll UTIL Manny Machado UTIL Ty France UTIL Ryan Waldschmidt,,,
1464,5210650666,Troha77 (9/20),0,40.5,CPT Tim Tawa UTIL Fernando Tatis Jr. UTIL Corbin Carroll UTIL Manny Machado UTIL Ty France UTIL Ryan Waldschmidt,,,
1464,5210650667,Troha77 (10/20),0,40.5,CPT Tim Tawa UTIL Fernando Tatis Jr. UTIL Corbin Carroll UTIL Manny Machado UTIL Ty France UTIL Ryan Waldschmidt,,,
1464,5210650668,Troha77 (11/20),0,40.5,CPT Tim Tawa UTIL Fernando Tatis Jr. UTIL Corbin Carroll UTIL Manny Machado UTIL Ty France UTIL Ryan Waldschmidt,,,
1464,5210650669,Troha77 (12/20),0,40.5,CPT Tim Tawa UTIL Fernando Tatis Jr. UTIL Corbin Carroll UTIL Manny Machado UTIL Ty France UTIL Ryan Waldschmidt,,,
1464,5210650670,Troha77 (13/20),0,40.5,CPT Tim Tawa UTIL Fernando Tatis Jr. UTIL Corbin Carroll UTIL Manny Machado UTIL Ty France UTIL Ryan Waldschmidt,,,
1464,5210650671,Troha77 (14/20),0,40.5,CPT Tim Tawa UTIL Fernando Tatis Jr. UTIL Corbin Carroll UTIL Manny Machado UTIL Ty France UTIL Ryan Waldschmidt,,,
1464,5210650672,Troha77 (15/20),0,40.5,CPT Tim Tawa UTIL Fernando Tatis Jr. UTIL Corbin Carroll UTIL Manny Machado UTIL Ty France UTIL Ryan Waldschmidt,,,
1464,5210650673,Troha77 (16/20),0,40.5,CPT Tim Tawa UTIL Fernando Tatis Jr. UTIL Corbin Carroll UTIL Manny Machado UTIL Ty France UTIL Ryan Waldschmidt,,,
1464,5210650674,Troha77 (17/20),0,40.5,CPT Tim Tawa UTIL Fernando Tatis Jr. UTIL Corbin Carroll UTIL Manny Machado UTIL Ty France UTIL Ryan Waldschmidt,,,
1464,5210650675,Troha77 (18/20),0,40.5,CPT Tim Tawa UTIL Fernando Tatis Jr. UTIL Corbin Carroll UTIL Manny Machado UTIL Ty France UTIL Ryan Waldschmidt,,,
1464,5210650676,Troha77 (19/20),0,40.5,CPT Tim Tawa UTIL Fernando Tatis Jr. UTIL Corbin Carroll UTIL Manny Machado UTIL Ty France UTIL Ryan Waldschmidt,,,
1464,5210650677,Troha77 (20/20),0,40.5,CPT Tim Tawa UTIL Fernando Tatis Jr. UTIL Corbin Carroll UTIL Manny Machado UTIL Ty France UTIL Ryan Waldschmidt,,,
1464,5210654338,cbrutsche,0,40.5,CPT Corbin Carroll UTIL Ty France UTIL Geraldo Perdomo UTIL Luis Rengifo UTIL Nolan Arenado UTIL Jake Cronenworth,,,
1464,5210665705,surfrider72 (7/9),0,40.5,CPT Corbin Carroll UTIL Fernando Tatis Jr. UTIL Jackson Merrill UTIL Lars Nootbaar UTIL Max Kepler UTIL Tim Tawa,,,
1464,5210665706,surfrider72 (8/9),0,40.5,CPT Corbin Carroll UTIL Fernando Tatis Jr. UTIL Jackson Merrill UTIL Lars Nootbaar UTIL Max Kepler UTIL Tim Tawa,,,
1529,5210595473,easyjb,0,40.3,CPT Gabriel Moreno UTIL Walker Buehler UTIL Geraldo Perdomo UTIL Luis Rengifo UTIL Lars Nootbaar UTIL Ryan Waldschmidt,,,
1529,5210623231,blarsen282 (4/4),0,40.3,CPT Freddy Fermin UTIL Walker Buehler UTIL Corbin Carroll UTIL Ketel Marte UTIL Ty France UTIL Nolan Arenado,,,
1529,5210631093,kidcard (2/4),0,40.3,CPT Fernando Tatis Jr. UTIL Walker Buehler UTIL Geraldo Perdomo UTIL Lars Nootbaar UTIL Tim Tawa UTIL Jake Cronenworth,,,
1532,5210083336,kreller17 (20/20),0,40.2,CPT Walker Buehler UTIL Jackson Merrill UTIL Geraldo Perdomo UTIL Luis Rengifo UTIL Tim Tawa UTIL Freddy Fermin,,,
1532,5210407691,darrylposton (7/20),0,40.2,CPT Walker Buehler UTIL Jackson Merrill UTIL Nolan Arenado UTIL Xander Bogaerts UTIL Gavin Sheets UTIL Jake Cronenworth,,,
1532,5210415585,michaelfrapasella (2/3),0,40.2,CPT Walker Buehler UTIL Corbin Carroll UTIL Manny Machado UTIL Ryan Waldschmidt UTIL Jake Cronenworth UTIL Freddy Fermin,,,
1532,5210438350,JaserD (6/20),0,40.2,CPT Walker Buehler UTIL Jackson Merrill UTIL Nolan Arenado UTIL Xander Bogaerts UTIL Gavin Sheets UTIL Jake Cronenworth,,,
1532,5210506262,bacs,0,40.2,CPT Walker Buehler UTIL Ketel Marte UTIL Lars Nootbaar UTIL Max Kepler UTIL Tim Tawa UTIL Gabriel Moreno,,,
1532,5210541908,zachdaddy (2/20),0,40.2,CPT Walker Buehler UTIL Manny Machado UTIL Luis Rengifo UTIL Max Kepler UTIL Gavin Sheets UTIL Jake Cronenworth,,,
1532,5210582510,jrice54 (4/20),0,40.2,CPT Walker Buehler UTIL Manny Machado UTIL Luis Rengifo UTIL Max Kepler UTIL Gavin Sheets UTIL Jake Cronenworth,,,
1532,5210593053,smk5430 (5/20),0,40.2,CPT Walker Buehler UTIL Manny Machado UTIL Luis Rengifo UTIL Lars Nootbaar UTIL Gavin Sheets UTIL Jake Cronenworth,,,
1532,5210600998,pisco80 (18/20),0,40.2,CPT Walker Buehler UTIL Fernando Tatis Jr. UTIL Nolan Arenado UTIL Xander Bogaerts UTIL Tim Tawa UTIL Freddy Fermin,,,
1532,5210620636,kidcard (1/4),0,40.2,CPT Walker Buehler UTIL Manny Machado UTIL Jackson Merrill UTIL Lars Nootbaar UTIL Max Kepler UTIL Freddy Fermin,,,
1532,5210631348,bodiddle,0,40.2,CPT Walker Buehler UTIL Geraldo Perdomo UTIL Xander Bogaerts UTIL Max Kepler UTIL Tim Tawa UTIL Gabriel Moreno,,,
1532,5210640333,kayson1995 (1/4),0,40.2,CPT Walker Buehler UTIL Manny Machado UTIL Luis Rengifo UTIL Max Kepler UTIL Gavin Sheets UTIL Jake Cronenworth,,,
1532,5210644721,harrym103,0,40.2,CPT Walker Buehler UTIL Fernando Tatis Jr. UTIL Ryan Waldschmidt UTIL Gavin Sheets UTIL Tim Tawa UTIL Gabriel Moreno,,,
1545,5209887177,Hinkle76 (8/10),0,40,CPT Nolan Arenado UTIL Corbin Carroll UTIL Ketel Marte UTIL Ty France UTIL Tim Tawa UTIL Gabriel Moreno,,,
1545,5209947538,ChrisA626 (1/2),0,40,CPT Nolan Arenado UTIL Ketel Marte UTIL Jackson Merrill UTIL Ty France UTIL Ryan Waldschmidt UTIL Gabriel Moreno,,,
1545,5210030848,FoxyGrandpa252 (14/20),0,40,CPT Manny Machado UTIL Fernando Tatis Jr. UTIL Ty France UTIL Xander Bogaerts UTIL Ryan Waldschmidt UTIL Gavin Sheets,,,
1545,5210166678,floydian80 (9/20),0,40,CPT Jackson Merrill UTIL Corbin Carroll UTIL Ty France UTIL Nolan Arenado UTIL Lars Nootbaar UTIL Max Kepler,,,
1545,5210182023,cabrera,0,40,CPT Ryan Waldschmidt UTIL Fernando Tatis Jr. UTIL Corbin Carroll UTIL Jackson Merrill UTIL Luis Rengifo UTIL Max Kepler,,,
1545,5210372691,madgreek895,0,40,CPT Geraldo Perdomo UTIL Jackson Merrill UTIL Luis Rengifo UTIL Nolan Arenado UTIL Xander Bogaerts UTIL Gabriel Moreno,,,
1545,5210387134,ecaz,0,40,CPT Manny Machado UTIL Corbin Carroll UTIL Jackson Merrill UTIL Luis Rengifo UTIL Nolan Arenado UTIL Freddy Fermin,,,
1545,5210388337,porter706 (2/3),0,40,CPT Manny Machado UTIL Ketel Marte UTIL Ty France UTIL Xander Bogaerts UTIL Lars Nootbaar UTIL Max Kepler,,,
1545,5210400573,Mr.luckyGuy (2/5),0,40,CPT Xander Bogaerts UTIL Jackson Merrill UTIL Ty France UTIL Nolan Arenado UTIL Lars Nootbaar UTIL Tim Tawa,,,
1545,5210530511,tew22,0,40,CPT Manny Machado UTIL Ty France UTIL Geraldo Perdomo UTIL Lars Nootbaar UTIL Max Kepler UTIL Gabriel Moreno,,,
1545,5210541917,zachdaddy (11/20),0,40,CPT Manny Machado UTIL Corbin Carroll UTIL Jackson Merrill UTIL Luis Rengifo UTIL Nolan Arenado UTIL Freddy Fermin,,,
1545,5210548586,achamp4real (3/7),0,40,CPT Manny Machado UTIL Corbin Carroll UTIL Jackson Merrill UTIL Xander Bogaerts UTIL Lars Nootbaar UTIL Tim Tawa,,,
1545,5210548587,achamp4real (4/7),0,40,CPT Manny Machado UTIL Corbin Carroll UTIL Jackson Merrill UTIL Xander Bogaerts UTIL Lars Nootbaar UTIL Tim Tawa,,,
1545,5210556543,naplesrockyo (2/2),0,40,CPT Manny Machado UTIL Fernando Tatis Jr. UTIL Ty France UTIL Geraldo Perdomo UTIL Lars Nootbaar UTIL Freddy Fermin,,,
1545,5210570994,FireTheCannons84,0,40,CPT Jackson Merrill UTIL Fernando Tatis Jr. UTIL Nolan Arenado UTIL Xander Bogaerts UTIL Lars Nootbaar UTIL Max Kepler,,,
1545,5210571159,Rleone.1,0,40,CPT Jackson Merrill UTIL Fernando Tatis Jr. UTIL Ketel Marte UTIL Geraldo Perdomo UTIL Gavin Sheets UTIL Jake Cronenworth,,,
1545,5210571704,rjames47 (2/2),0,40,CPT Manny Machado UTIL Fernando Tatis Jr. UTIL Ketel Marte UTIL Jackson Merrill UTIL Gavin Sheets UTIL Freddy Fermin,,,
1545,5210582425,pjm45 (2/3),0,40,CPT Manny Machado UTIL Corbin Carroll UTIL Jackson Merrill UTIL Luis Rengifo UTIL Nolan Arenado UTIL Freddy Fermin,,,
1545,5210590634,bossplayer318 (14/20),0,40,CPT Xander Bogaerts UTIL Manny Machado UTIL Jackson Merrill UTIL Ty France UTIL Geraldo Perdomo UTIL Gavin Sheets,,,
1545,5210590637,bossplayer318 (17/20),0,40,CPT Ty France UTIL Manny Machado UTIL Nolan Arenado UTIL Xander Bogaerts UTIL Lars Nootbaar UTIL Freddy Fermin,,,
1545,5210604085,awesomepappa3,0,40,CPT Manny Machado UTIL Ketel Marte UTIL Jackson Merrill UTIL Max Kepler UTIL Gavin Sheets UTIL Gabriel Moreno,,,
1545,5210610121,Torchman94 (5/5),0,40,CPT Manny Machado UTIL Ketel Marte UTIL Ty France UTIL Geraldo Perdomo UTIL Luis Rengifo UTIL Freddy Fermin,,,
1545,5210611360,chancewertz,0,40,CPT Xander Bogaerts UTIL Fernando Tatis Jr. UTIL Corbin Carroll UTIL Ketel Marte UTIL Nolan Arenado UTIL Freddy Fermin,,,
1545,5210622525,Harden84 (1/2),0,40,CPT Nolan Arenado UTIL Manny Machado UTIL Jackson Merrill UTIL Xander Bogaerts UTIL Tim Tawa UTIL Gabriel Moreno,,,
1545,5210648370,kayson1995 (2/4),0,40,CPT Jackson Merrill UTIL Fernando Tatis Jr. UTIL Ketel Marte UTIL Geraldo Perdomo UTIL Gavin Sheets UTIL Jake Cronenworth,,,
1545,5210671581,KILLANADZ24 (5/20),0,40,CPT Manny Machado UTIL Corbin Carroll UTIL Jackson Merrill UTIL Xander Bogaerts UTIL Max Kepler UTIL Tim Tawa,,,
1571,5209500285,wcs1109 (10/20),0,39.95,CPT Max Kepler UTIL Kohl Drake UTIL Fernando Tatis Jr. UTIL Corbin Carroll UTIL Freddy Fermin UTIL Gabriel Moreno,,,
1571,5210268309,jsh1122 (10/20),0,39.95,CPT Gabriel Moreno UTIL Kohl Drake UTIL Corbin Carroll UTIL Manny Machado UTIL Lars Nootbaar UTIL Freddy Fermin,,,
1571,5210381219,Ezilodi (15/20),0,39.95,CPT Gabriel Moreno UTIL Kohl Drake UTIL Corbin Carroll UTIL Manny Machado UTIL Lars Nootbaar UTIL Freddy Fermin,,,
1571,5210381222,Ezilodi (18/20),0,39.95,CPT Max Kepler UTIL Kohl Drake UTIL Fernando Tatis Jr. UTIL Luis Rengifo UTIL Tim Tawa UTIL Gabriel Moreno,,,
1571,5210613576,extank3r (2/2),0,39.95,CPT Ketel Marte UTIL Kohl Drake UTIL Ty France UTIL Lars Nootbaar UTIL Freddy Fermin UTIL Gabriel Moreno,,,
1571,5210667970,Franknitty74 (2/2),0,39.95,CPT Freddy Fermin UTIL Kohl Drake UTIL Jackson Merrill UTIL Ty France UTIL Xander Bogaerts UTIL Lars Nootbaar,,,
1577,5210333903,caesar187 (3/3),0,39.8,CPT Manny Machado UTIL Walker Buehler UTIL Fernando Tatis Jr. UTIL Max Kepler UTIL Tim Tawa UTIL Freddy Fermin,,,
1577,5210431477,marhard,0,39.8,CPT Xander Bogaerts UTIL Walker Buehler UTIL Geraldo Perdomo UTIL Lars Nootbaar UTIL Max Kepler UTIL Gabriel Moreno,,,
1577,5210610160,studpuppy,0,39.8,CPT Manny Machado UTIL Walker Buehler UTIL Fernando Tatis Jr. UTIL Lars Nootbaar UTIL Tim Tawa UTIL Freddy Fermin,,,
1577,5210610514,Bsmooth (2/2),0,39.8,CPT Xander Bogaerts UTIL Walker Buehler UTIL Manny Machado UTIL Jackson Merrill UTIL Ryan Waldschmidt UTIL Tim Tawa,,,
1577,5210615812,rollcubs (4/4),0,39.8,CPT Manny Machado UTIL Walker Buehler UTIL Fernando Tatis Jr. UTIL Lars Nootbaar UTIL Tim Tawa UTIL Freddy Fermin,,,
1577,5210630167,Slydawg13 (2/3),0,39.8,CPT Ty France UTIL Walker Buehler UTIL Jackson Merrill UTIL Max Kepler UTIL Ryan Waldschmidt UTIL Gavin Sheets,,,
1577,5210643853,tonymutt (3/5),0,39.8,CPT Manny Machado UTIL Walker Buehler UTIL Fernando Tatis Jr. UTIL Lars Nootbaar UTIL Tim Tawa UTIL Freddy Fermin,,,
1584,5210308187,LeonL,0,39.75,CPT Gabriel Moreno UTIL Walker Buehler UTIL Kohl Drake UTIL Nolan Arenado UTIL Tim Tawa UTIL Jake Cronenworth,,,
1585,5209692293,ivymoose (15/20),0,39.65,CPT Walker Buehler UTIL Kohl Drake UTIL Jackson Merrill UTIL Tim Tawa UTIL Jake Cronenworth UTIL Freddy Fermin,,,
1585,5210573596,Billycowboys (5/5),0,39.65,CPT Walker Buehler UTIL Kohl Drake UTIL Jackson Merrill UTIL Tim Tawa UTIL Jake Cronenworth UTIL Freddy Fermin,,,
1585,5210636981,148602701 (3/6),0,39.65,CPT Walker Buehler UTIL Kohl Drake UTIL Jackson Merrill UTIL Tim Tawa UTIL Jake Cronenworth UTIL Freddy Fermin,,,
1588,5209828694,lango22,0,39.5,CPT Corbin Carroll UTIL Fernando Tatis Jr. UTIL Manny Machado UTIL Lars Nootbaar UTIL Ryan Waldschmidt UTIL Jake Cronenworth,,,
1588,5209887174,Hinkle76 (5/10),0,39.5,CPT Corbin Carroll UTIL Ketel Marte UTIL Nolan Arenado UTIL Xander Bogaerts UTIL Tim Tawa UTIL Gabriel Moreno,,,
1588,5209903382,hipnosyst,0,39.5,CPT Corbin Carroll UTIL Manny Machado UTIL Ketel Marte UTIL Jackson Merrill UTIL Tim Tawa UTIL Freddy Fermin,,,
1588,5209944360,wdice,0,39.5,CPT Gabriel Moreno UTIL Corbin Carroll UTIL Ketel Marte UTIL Geraldo Perdomo UTIL Xander Bogaerts UTIL Gavin Sheets,,,
1588,5210030853,FoxyGrandpa252 (19/20),0,39.5,CPT Lars Nootbaar UTIL Ketel Marte UTIL Jackson Merrill UTIL Ty France UTIL Nolan Arenado UTIL Xander Bogaerts,,,
1588,5210041956,TurtlePunch (1/3),0,39.5,CPT Corbin Carroll UTIL Fernando Tatis Jr. UTIL Ty France UTIL Lars Nootbaar UTIL Max Kepler UTIL Gavin Sheets,,,
1588,5210042368,AACCEE14,0,39.5,CPT Ketel Marte UTIL Manny Machado UTIL Ty France UTIL Xander Bogaerts UTIL Lars Nootbaar UTIL Max Kepler,,,
1588,5210083327,kreller17 (11/20),0,39.5,CPT Tim Tawa UTIL Corbin Carroll UTIL Manny Machado UTIL Jackson Merrill UTIL Ty France UTIL Nolan Arenado,,,
1588,5210119314,luvn_texas44 (1/3),0,39.5,CPT Tim Tawa UTIL Corbin Carroll UTIL Ketel Marte UTIL Jackson Merrill UTIL Nolan Arenado UTIL Gabriel Moreno,,,
1588,5210414425,dooley782000,0,39.5,CPT Fernando Tatis Jr. UTIL Ty France UTIL Geraldo Perdomo UTIL Xander Bogaerts UTIL Ryan Waldschmidt UTIL Tim Tawa,,,
1588,5210475173,Dolow2me (1/4),0,39.5,CPT Fernando Tatis Jr. UTIL Geraldo Perdomo UTIL Luis Rengifo UTIL Xander Bogaerts UTIL Lars Nootbaar UTIL Max Kepler,,,
1588,5210483625,kidshabadu (1/2),0,39.5,CPT Lars Nootbaar UTIL Fernando Tatis Jr. UTIL Corbin Carroll UTIL Manny Machado UTIL Xander Bogaerts UTIL Tim Tawa,,,
1588,5210483880,walterwalleye,0,39.5,CPT Gabriel Moreno UTIL Corbin Carroll UTIL Ketel Marte UTIL Geraldo Perdomo UTIL Xander Bogaerts UTIL Ryan Waldschmidt,,,
1588,5210489529,roryjones (1/7),0,39.5,CPT Jake Cronenworth UTIL Fernando Tatis Jr. UTIL Corbin Carroll UTIL Ketel Marte UTIL Geraldo Perdomo UTIL Lars Nootbaar,,,
1588,5210489553,atat13 (1/20),0,39.5,CPT Max Kepler UTIL Fernando Tatis Jr. UTIL Manny Machado UTIL Ketel Marte UTIL Ryan Waldschmidt UTIL Gabriel Moreno,,,
1588,5210492060,dalton36233623,0,39.5,CPT Fernando Tatis Jr. UTIL Ketel Marte UTIL Ty France UTIL Lars Nootbaar UTIL Max Kepler UTIL Ryan Waldschmidt,,,
1588,5210494416,kidshabadu (2/2),0,39.5,CPT Lars Nootbaar UTIL Fernando Tatis Jr. UTIL Corbin Carroll UTIL Manny Machado UTIL Xander Bogaerts UTIL Tim Tawa,,,
1588,5210496859,TNeidert (7/20),0,39.5,CPT Ketel Marte UTIL Fernando Tatis Jr. UTIL Manny Machado UTIL Jackson Merrill UTIL Gavin Sheets UTIL Freddy Fermin,,,
1588,5210513450,12s1st,0,39.5,CPT Ketel Marte UTIL Corbin Carroll UTIL Ty France UTIL Geraldo Perdomo UTIL Xander Bogaerts UTIL Freddy Fermin,,,
1588,5210526578,Dolow2me (2/4),0,39.5,CPT Fernando Tatis Jr. UTIL Geraldo Perdomo UTIL Luis Rengifo UTIL Xander Bogaerts UTIL Lars Nootbaar UTIL Max Kepler,,,
1588,5210526702,Dolow2me (3/4),0,39.5,CPT Fernando Tatis Jr. UTIL Geraldo Perdomo UTIL Luis Rengifo UTIL Xander Bogaerts UTIL Lars Nootbaar UTIL Max Kepler,,,
1588,5210526703,Dolow2me (4/4),0,39.5,CPT Fernando Tatis Jr. UTIL Geraldo Perdomo UTIL Luis Rengifo UTIL Xander Bogaerts UTIL Lars Nootbaar UTIL Max Kepler,,,
1588,5210534082,jersey530,0,39.5,CPT Fernando Tatis Jr. UTIL Ketel Marte UTIL Jackson Merrill UTIL Nolan Arenado UTIL Max Kepler UTIL Freddy Fermin,,,
1588,5210544014,RPNiems,0,39.5,CPT Tim Tawa UTIL Fernando Tatis Jr. UTIL Manny Machado UTIL Ketel Marte UTIL Jackson Merrill UTIL Max Kepler,,,
1588,5210559476,Vidalzway,0,39.5,CPT Fernando Tatis Jr. UTIL Manny Machado UTIL Ketel Marte UTIL Nolan Arenado UTIL Tim Tawa UTIL Jake Cronenworth,,,
1588,5210564390,jp198721,0,39.5,CPT Corbin Carroll UTIL Manny Machado UTIL Ty France UTIL Xander Bogaerts UTIL Lars Nootbaar UTIL Gavin Sheets,,,
1588,5210573256,ogoaltrop,0,39.5,CPT Corbin Carroll UTIL Fernando Tatis Jr. UTIL Manny Machado UTIL Lars Nootbaar UTIL Ryan Waldschmidt UTIL Jake Cronenworth,,,
1588,5210590577,MICHAELRUNNING (1/2),0,39.5,CPT Gabriel Moreno UTIL Fernando Tatis Jr. UTIL Manny Machado UTIL Geraldo Perdomo UTIL Lars Nootbaar UTIL Ryan Waldschmidt,,,
1588,5210600766,pdanielsjr (12/20),0,39.5,CPT Corbin Carroll UTIL Ketel Marte UTIL Jackson Merrill UTIL Xander Bogaerts UTIL Lars Nootbaar UTIL Tim Tawa,,,
1588,5210611340,Heaven2010 (8/13),0,39.5,CPT Ketel Marte UTIL Corbin Carroll UTIL Manny Machado UTIL Max Kepler UTIL Tim Tawa UTIL Gabriel Moreno,,,
1588,5210621835,Marsharks (15/20),0,39.5,CPT Fernando Tatis Jr. UTIL Corbin Carroll UTIL Geraldo Perdomo UTIL Xander Bogaerts UTIL Lars Nootbaar UTIL Freddy Fermin,,,
1588,5210621864,LBDTitan (2/2),0,39.5,CPT Tim Tawa UTIL Fernando Tatis Jr. UTIL Manny Machado UTIL Ketel Marte UTIL Nolan Arenado UTIL Gabriel Moreno,,,
1588,5210629348,DoloMitex478 (6/8),0,39.5,CPT Fernando Tatis Jr. UTIL Manny Machado UTIL Geraldo Perdomo UTIL Xander Bogaerts UTIL Gavin Sheets UTIL Jake Cronenworth,,,
1588,5210633422,RedDevil7 (1/2),0,39.5,CPT Ketel Marte UTIL Fernando Tatis Jr. UTIL Geraldo Perdomo UTIL Luis Rengifo UTIL Lars Nootbaar UTIL Jake Cronenworth,,,
1588,5210646916,jjarmour2012 (2/4),0,39.5,CPT Corbin Carroll UTIL Fernando Tatis Jr. UTIL Geraldo Perdomo UTIL Luis Rengifo UTIL Gavin Sheets UTIL Jake Cronenworth,,,
1588,5210646941,cameronhart23 (4/20),0,39.5,CPT Ketel Marte UTIL Corbin Carroll UTIL Geraldo Perdomo UTIL Lars Nootbaar UTIL Jake Cronenworth UTIL Gabriel Moreno,,,
1588,5210646947,cameronhart23 (10/20),0,39.5,CPT Gabriel Moreno UTIL Corbin Carroll UTIL Ketel Marte UTIL Geraldo Perdomo UTIL Xander Bogaerts UTIL Gavin Sheets,,,
1588,5210652245,mitchell70 (4/5),0,39.5,CPT Fernando Tatis Jr. UTIL Manny Machado UTIL Ty France UTIL Geraldo Perdomo UTIL Ryan Waldschmidt UTIL Freddy Fermin,,,
1588,5210657198,paperstack (1/2),0,39.5,CPT Fernando Tatis Jr. UTIL Ketel Marte UTIL Jackson Merrill UTIL Geraldo Perdomo UTIL Max Kepler UTIL Freddy Fermin,,,
1588,5210657689,dreday7 (1/2),0,39.5,CPT Corbin Carroll UTIL Fernando Tatis Jr. UTIL Ty France UTIL Lars Nootbaar UTIL Max Kepler UTIL Gavin Sheets,,,
1588,5210659515,babywalker,0,39.5,CPT Fernando Tatis Jr. UTIL Manny Machado UTIL Ketel Marte UTIL Ryan Waldschmidt UTIL Tim Tawa UTIL Jake Cronenworth,,,
1588,5210666333,Mason7488,0,39.5,CPT Corbin Carroll UTIL Fernando Tatis Jr. UTIL Geraldo Perdomo UTIL Luis Rengifo UTIL Gavin Sheets UTIL Jake Cronenworth,,,
1588,5210667253,paperstack (2/2),0,39.5,CPT Fernando Tatis Jr. UTIL Ketel Marte UTIL Jackson Merrill UTIL Geraldo Perdomo UTIL Max Kepler UTIL Freddy Fermin,,,
1631,5210069768,rsumrall (5/20),0,39.3,CPT Fernando Tatis Jr. UTIL Walker Buehler UTIL Manny Machado UTIL Max Kepler UTIL Gavin Sheets UTIL Freddy Fermin,,,
1631,5210394051,mulcoux21 (2/2),0,39.3,CPT Jake Cronenworth UTIL Walker Buehler UTIL Fernando Tatis Jr. UTIL Manny Machado UTIL Nolan Arenado UTIL Gavin Sheets,,,
1631,5210488491,Srclemons2,0,39.3,CPT Fernando Tatis Jr. UTIL Walker Buehler UTIL Manny Machado UTIL Ryan Waldschmidt UTIL Tim Tawa UTIL Freddy Fermin,,,
1631,5210489435,curly82 (6/9),0,39.3,CPT Max Kepler UTIL Walker Buehler UTIL Fernando Tatis Jr. UTIL Corbin Carroll UTIL Lars Nootbaar UTIL Freddy Fermin,,,
1631,5210496863,TNeidert (11/20),0,39.3,CPT Fernando Tatis Jr. UTIL Walker Buehler UTIL Manny Machado UTIL Max Kepler UTIL Gavin Sheets UTIL Freddy Fermin,,,
1631,5210526869,Coachmitch52 (2/2),0,39.3,CPT Corbin Carroll UTIL Walker Buehler UTIL Geraldo Perdomo UTIL Xander Bogaerts UTIL Tim Tawa UTIL Jake Cronenworth,,,
1631,5210552014,SIRNBT1 (5/5),0,39.3,CPT Freddy Fermin UTIL Walker Buehler UTIL Fernando Tatis Jr. UTIL Corbin Carroll UTIL Ketel Marte UTIL Gavin Sheets,,,
1631,5210582461,lucas232,0,39.3,CPT Max Kepler UTIL Walker Buehler UTIL Corbin Carroll UTIL Jackson Merrill UTIL Nolan Arenado UTIL Jake Cronenworth,,,
1631,5210586844,Rowdog31 (8/20),0,39.3,CPT Fernando Tatis Jr. UTIL Walker Buehler UTIL Manny Machado UTIL Max Kepler UTIL Gavin Sheets UTIL Freddy Fermin,,,
1631,5210626437,petem940 (3/4),0,39.3,CPT Corbin Carroll UTIL Walker Buehler UTIL Manny Machado UTIL Nolan Arenado UTIL Jake Cronenworth UTIL Freddy Fermin,,,
1631,5210641726,monarch11 (3/20),0,39.3,CPT Fernando Tatis Jr. UTIL Walker Buehler UTIL Manny Machado UTIL Max Kepler UTIL Gavin Sheets UTIL Freddy Fermin,,,
1642,5209985459,sbolomo (11/20),0,39.2,CPT Walker Buehler UTIL Fernando Tatis Jr. UTIL Jackson Merrill UTIL Ryan Waldschmidt UTIL Gavin Sheets UTIL Freddy Fermin,,,
1642,5210299288,jasonwithaj (9/10),0,39.2,CPT Walker Buehler UTIL Manny Machado UTIL Ty France UTIL Lars Nootbaar UTIL Gavin Sheets UTIL Freddy Fermin,,,
1642,5210410296,Dirtygoogan (1/5),0,39.2,CPT Walker Buehler UTIL Jackson Merrill UTIL Nolan Arenado UTIL Xander Bogaerts UTIL Lars Nootbaar UTIL Freddy Fermin,,,
1642,5210474455,gmoney429394 (1/3),0,39.2,CPT Walker Buehler UTIL Fernando Tatis Jr. UTIL Corbin Carroll UTIL Gavin Sheets UTIL Tim Tawa UTIL Freddy Fermin,,,
1642,5210477483,gmoney429394 (3/3),0,39.2,CPT Walker Buehler UTIL Manny Machado UTIL Ty France UTIL Max Kepler UTIL Ryan Waldschmidt UTIL Freddy Fermin,,,
1642,5210578930,rainmania (7/20),0,39.2,CPT Walker Buehler UTIL Manny Machado UTIL Ty France UTIL Nolan Arenado UTIL Tim Tawa UTIL Freddy Fermin,,,
1642,5210609286,JJSaenz (14/20),0,39.2,CPT Walker Buehler UTIL Ty France UTIL Geraldo Perdomo UTIL Luis Rengifo UTIL Gavin Sheets UTIL Freddy Fermin,,,
1642,5210629349,DoloMitex478 (7/8),0,39.2,CPT Walker Buehler UTIL Manny Machado UTIL Ty France UTIL Lars Nootbaar UTIL Gavin Sheets UTIL Freddy Fermin,,,
1642,5210639740,jmack0304,0,39.2,CPT Walker Buehler UTIL Ty France UTIL Nolan Arenado UTIL Xander Bogaerts UTIL Max Kepler UTIL Tim Tawa,,,
1642,5210667481,Orangechocolate70 (12/20),0,39.2,CPT Walker Buehler UTIL Geraldo Perdomo UTIL Luis Rengifo UTIL Xander Bogaerts UTIL Gavin Sheets UTIL Jake Cronenworth,,,
1652,5210489569,atat13 (17/20),0,39.175,CPT Kohl Drake UTIL Fernando Tatis Jr. UTIL Xander Bogaerts UTIL Max Kepler UTIL Freddy Fermin UTIL Gabriel Moreno,,,
1652,5210594129,trouble59,0,39.175,CPT Kohl Drake UTIL Fernando Tatis Jr. UTIL Xander Bogaerts UTIL Max Kepler UTIL Freddy Fermin UTIL Gabriel Moreno,,,
1654,5209971239,az350z (15/20),0,39.15,CPT Geraldo Perdomo UTIL Fernando Tatis Jr. UTIL Ketel Marte UTIL Luis Rengifo UTIL Gabriel Moreno UTIL Philip Abner,,,
1655,5209873989,millerjt7 (4/5),0,39,CPT Xander Bogaerts UTIL Corbin Carroll UTIL Ketel Marte UTIL Jackson Merrill UTIL Geraldo Perdomo UTIL Freddy Fermin,,,
1655,5210044222,Daily_Big_Kahuna (8/8),0,39,CPT Xander Bogaerts UTIL Ketel Marte UTIL Geraldo Perdomo UTIL Luis Rengifo UTIL Nolan Arenado UTIL Gabriel Moreno,,,
1655,5210092877,chrispy2005 (1/20),0,39,CPT Manny Machado UTIL Jackson Merrill UTIL Geraldo Perdomo UTIL Luis Rengifo UTIL Xander Bogaerts UTIL Tim Tawa,,,
1655,5210158906,kurtisgant (1/3),0,39,CPT Gavin Sheets UTIL Fernando Tatis Jr. UTIL Corbin Carroll UTIL Manny Machado UTIL Ty France UTIL Tim Tawa,,,
1655,5210182773,moonpie1449,0,39,CPT Xander Bogaerts UTIL Fernando Tatis Jr. UTIL Corbin Carroll UTIL Manny Machado UTIL Ryan Waldschmidt UTIL Tim Tawa,,,
1655,5210266301,daddyo622 (1/2),0,39,CPT Ryan Waldschmidt UTIL Fernando Tatis Jr. UTIL Corbin Carroll UTIL Manny Machado UTIL Ty France UTIL Tim Tawa,,,
1655,5210268317,jsh1122 (18/20),0,39,CPT Gavin Sheets UTIL Fernando Tatis Jr. UTIL Corbin Carroll UTIL Geraldo Perdomo UTIL Xander Bogaerts UTIL Gabriel Moreno,,,
1655,5210360234,Mige1 (16/20),0,39,CPT Manny Machado UTIL Fernando Tatis Jr. UTIL Jackson Merrill UTIL Nolan Arenado UTIL Ryan Waldschmidt UTIL Jake Cronenworth,,,
1655,5210430249,themeek43,0,39,CPT Jackson Merrill UTIL Corbin Carroll UTIL Luis Rengifo UTIL Nolan Arenado UTIL Xander Bogaerts UTIL Ryan Waldschmidt,,,
1655,5210432421,jbfones (1/3),0,39,CPT Xander Bogaerts UTIL Fernando Tatis Jr. UTIL Corbin Carroll UTIL Manny Machado UTIL Ryan Waldschmidt UTIL Tim Tawa,,,
1655,5210463558,mikepats,0,39,CPT Manny Machado UTIL Jackson Merrill UTIL Ty France UTIL Nolan Arenado UTIL Xander Bogaerts UTIL Gavin Sheets,,,
1655,5210515613,Gforceone,0,39,CPT Ty France UTIL Manny Machado UTIL Ketel Marte UTIL Jackson Merrill UTIL Ryan Waldschmidt UTIL Gavin Sheets,,,
1655,5210544999,kennethawk (2/2),0,39,CPT Geraldo Perdomo UTIL Fernando Tatis Jr. UTIL Ty France UTIL Lars Nootbaar UTIL Ryan Waldschmidt UTIL Gabriel Moreno,,,
1655,5210570673,bigguy49,0,39,CPT Jackson Merrill UTIL Corbin Carroll UTIL Geraldo Perdomo UTIL Nolan Arenado UTIL Xander Bogaerts UTIL Jake Cronenworth,,,
1655,5210576603,morganelizabeth2 (2/5),0,39,CPT Manny Machado UTIL Jackson Merrill UTIL Ty France UTIL Nolan Arenado UTIL Xander Bogaerts UTIL Gavin Sheets,,,
1655,5210576904,bobbydu,0,39,CPT Manny Machado UTIL Fernando Tatis Jr. UTIL Corbin Carroll UTIL Lars Nootbaar UTIL Gavin Sheets UTIL Jake Cronenworth,,,
1655,5210593434,louiswat (3/3),0,39,CPT Manny Machado UTIL Corbin Carroll UTIL Ketel Marte UTIL Jackson Merrill UTIL Max Kepler UTIL Freddy Fermin,,,
1655,5210595502,erictapia111,0,39,CPT Manny Machado UTIL Fernando Tatis Jr. UTIL Corbin Carroll UTIL Lars Nootbaar UTIL Gavin Sheets UTIL Jake Cronenworth,,,
1655,5210606292,jwal2882 (3/5),0,39,CPT Geraldo Perdomo UTIL Ketel Marte UTIL Ty France UTIL Luis Rengifo UTIL Gavin Sheets UTIL Gabriel Moreno,,,
1655,5210643930,Ebob954 (1/4),0,39,CPT Jackson Merrill UTIL Corbin Carroll UTIL Ketel Marte UTIL Geraldo Perdomo UTIL Tim Tawa UTIL Jake Cronenworth,,,
1655,5210646134,Pimpollo,0,39,CPT Nolan Arenado UTIL Corbin Carroll UTIL Ketel Marte UTIL Jackson Merrill UTIL Ty France UTIL Freddy Fermin,,,
1655,5210648544,Mrdeenc (2/2),0,39,CPT Xander Bogaerts UTIL Fernando Tatis Jr. UTIL Corbin Carroll UTIL Manny Machado UTIL Ryan Waldschmidt UTIL Tim Tawa,,,
1655,5210667952,cadezane1 (8/20),0,39,CPT Ryan Waldschmidt UTIL Fernando Tatis Jr. UTIL Corbin Carroll UTIL Manny Machado UTIL Ty France UTIL Tim Tawa,,,
1678,5209998770,pat_the_hat2 (11/20),0,38.975,CPT Kohl Drake UTIL Walker Buehler UTIL Luis Rengifo UTIL Xander Bogaerts UTIL Jake Cronenworth UTIL Freddy Fermin,,,
1678,5210412133,Mathis (9/20),0,38.975,CPT Kohl Drake UTIL Walker Buehler UTIL Luis Rengifo UTIL Xander Bogaerts UTIL Jake Cronenworth UTIL Freddy Fermin,,,
1680,5209998775,pat_the_hat2 (16/20),0,38.95,CPT Gabriel Moreno UTIL Kohl Drake UTIL Corbin Carroll UTIL Ketel Marte UTIL Max Kepler UTIL Freddy Fermin,,,
1680,5210069767,rsumrall (4/20),0,38.95,CPT Gabriel Moreno UTIL Kohl Drake UTIL Corbin Carroll UTIL Ketel Marte UTIL Lars Nootbaar UTIL Freddy Fermin,,,
1680,5210102359,deathmetalbob,0,38.95,CPT Gabriel Moreno UTIL Kohl Drake UTIL Corbin Carroll UTIL Ketel Marte UTIL Lars Nootbaar UTIL Freddy Fermin,,,
1680,5210263941,UniversalFriend (5/20),0,38.95,CPT Gabriel Moreno UTIL Kohl Drake UTIL Corbin Carroll UTIL Ketel Marte UTIL Lars Nootbaar UTIL Freddy Fermin,,,
1680,5210268314,jsh1122 (15/20),0,38.95,CPT Lars Nootbaar UTIL Kohl Drake UTIL Fernando Tatis Jr. UTIL Manny Machado UTIL Freddy Fermin UTIL Gabriel Moreno,,,
1680,5210302595,jpbugeater (2/5),0,38.95,CPT Gabriel Moreno UTIL Kohl Drake UTIL Corbin Carroll UTIL Ketel Marte UTIL Lars Nootbaar UTIL Freddy Fermin,,,
1680,5210324667,Satch65 (20/20),0,38.95,CPT Corbin Carroll UTIL Kohl Drake UTIL Manny Machado UTIL Luis Rengifo UTIL Jake Cronenworth UTIL Freddy Fermin,,,
1680,5210489571,atat13 (19/20),0,38.95,CPT Max Kepler UTIL Kohl Drake UTIL Fernando Tatis Jr. UTIL Manny Machado UTIL Freddy Fermin UTIL Gabriel Moreno,,,
1680,5210532462,eddymac222 (15/20),0,38.95,CPT Gabriel Moreno UTIL Kohl Drake UTIL Corbin Carroll UTIL Ketel Marte UTIL Max Kepler UTIL Freddy Fermin,,,
1680,5210579001,Schrinepiece92 (13/20),0,38.95,CPT Lars Nootbaar UTIL Kohl Drake UTIL Corbin Carroll UTIL Ty France UTIL Tim Tawa UTIL Gabriel Moreno,,,
1680,5210618555,Slydawg13 (1/3),0,38.95,CPT Gabriel Moreno UTIL Kohl Drake UTIL Luis Rengifo UTIL Nolan Arenado UTIL Xander Bogaerts UTIL Lars Nootbaar,,,
1691,5210489968,barney_g (5/5),0,38.8,CPT Ty France UTIL Walker Buehler UTIL Luis Rengifo UTIL Max Kepler UTIL Ryan Waldschmidt UTIL Gavin Sheets,,,
1691,5210534163,orchard7 (5/18),0,38.8,CPT Manny Machado UTIL Walker Buehler UTIL Ketel Marte UTIL Xander Bogaerts UTIL Max Kepler UTIL Freddy Fermin,,,
1691,5210594006,Gagenator51 (7/20),0,38.8,CPT Manny Machado UTIL Walker Buehler UTIL Corbin Carroll UTIL Nolan Arenado UTIL Jake Cronenworth UTIL Freddy Fermin,,,
1691,5210598862,shawn2626,0,38.8,CPT Ty France UTIL Walker Buehler UTIL Manny Machado UTIL Lars Nootbaar UTIL Max Kepler UTIL Gavin Sheets,,,
1691,5210602673,84flipmode (1/20),0,38.8,CPT Jackson Merrill UTIL Walker Buehler UTIL Nolan Arenado UTIL Lars Nootbaar UTIL Max Kepler UTIL Jake Cronenworth,,,
1691,5210614229,Justinworkman03,0,38.8,CPT Jackson Merrill UTIL Walker Buehler UTIL Corbin Carroll UTIL Nolan Arenado UTIL Tim Tawa UTIL Freddy Fermin,,,
1691,5210629998,rainmania (18/20),0,38.8,CPT Jackson Merrill UTIL Walker Buehler UTIL Ty France UTIL Nolan Arenado UTIL Gavin Sheets UTIL Tim Tawa,,,
1698,5210219246,SocaWarrior,0,38.75,CPT Freddy Fermin UTIL Walker Buehler UTIL Kohl Drake UTIL Corbin Carroll UTIL Lars Nootbaar UTIL Gabriel Moreno,,,
1698,5210268313,jsh1122 (14/20),0,38.75,CPT Freddy Fermin UTIL Walker Buehler UTIL Kohl Drake UTIL Corbin Carroll UTIL Lars Nootbaar UTIL Gabriel Moreno,,,
1698,5210358285,Chargers1027 (1/5),0,38.75,CPT Jake Cronenworth UTIL Walker Buehler UTIL Kohl Drake UTIL Fernando Tatis Jr. UTIL Lars Nootbaar UTIL Tim Tawa,,,
1698,5210358513,Chargers1027 (2/5),0,38.75,CPT Jake Cronenworth UTIL Walker Buehler UTIL Kohl Drake UTIL Fernando Tatis Jr. UTIL Lars Nootbaar UTIL Tim Tawa,,,
1698,5210367115,Chargers1027 (3/5),0,38.75,CPT Jake Cronenworth UTIL Walker Buehler UTIL Kohl Drake UTIL Fernando Tatis Jr. UTIL Lars Nootbaar UTIL Tim Tawa,,,
1698,5210367168,Chargers1027 (4/5),0,38.75,CPT Jake Cronenworth UTIL Walker Buehler UTIL Kohl Drake UTIL Fernando Tatis Jr. UTIL Lars Nootbaar UTIL Tim Tawa,,,
1698,5210367234,Chargers1027 (5/5),0,38.75,CPT Jake Cronenworth UTIL Walker Buehler UTIL Kohl Drake UTIL Fernando Tatis Jr. UTIL Lars Nootbaar UTIL Tim Tawa,,,
1705,5209956919,MoneyRamirez (5/20),0,38.65,CPT Walker Buehler UTIL Kohl Drake UTIL Ty France UTIL Gavin Sheets UTIL Jake Cronenworth UTIL Freddy Fermin,,,
1705,5209971231,az350z (7/20),0,38.65,CPT Walker Buehler UTIL Kohl Drake UTIL Luis Rengifo UTIL Lars Nootbaar UTIL Jake Cronenworth UTIL Freddy Fermin,,,
1705,5210030835,FoxyGrandpa252 (1/20),0,38.65,CPT Walker Buehler UTIL Kohl Drake UTIL Ty France UTIL Gavin Sheets UTIL Jake Cronenworth UTIL Freddy Fermin,,,
1705,5210180112,LOCNOTM (19/20),0,38.65,CPT Walker Buehler UTIL Kohl Drake UTIL Ty France UTIL Gavin Sheets UTIL Jake Cronenworth UTIL Freddy Fermin,,,
1705,5210345615,kbrisacher (11/20),0,38.65,CPT Walker Buehler UTIL Kohl Drake UTIL Luis Rengifo UTIL Lars Nootbaar UTIL Jake Cronenworth UTIL Freddy Fermin,,,
1705,5210360220,Mige1 (2/20),0,38.65,CPT Walker Buehler UTIL Kohl Drake UTIL Ty France UTIL Gavin Sheets UTIL Jake Cronenworth UTIL Freddy Fermin,,,
1705,5210407687,darrylposton (3/20),0,38.65,CPT Walker Buehler UTIL Kohl Drake UTIL Ty France UTIL Gavin Sheets UTIL Jake Cronenworth UTIL Freddy Fermin,,,
1705,5210438345,JaserD (1/20),0,38.65,CPT Walker Buehler UTIL Kohl Drake UTIL Ty France UTIL Gavin Sheets UTIL Jake Cronenworth UTIL Freddy Fermin,,,
1705,5210540281,jwclark311 (7/20),0,38.65,CPT Walker Buehler UTIL Kohl Drake UTIL Ty France UTIL Gavin Sheets UTIL Jake Cronenworth UTIL Freddy Fermin,,,
1705,5210582508,jrice54 (2/20),0,38.65,CPT Walker Buehler UTIL Kohl Drake UTIL Ty France UTIL Gavin Sheets UTIL Jake Cronenworth UTIL Freddy Fermin,,,
1705,5210609277,JJSaenz (5/20),0,38.65,CPT Walker Buehler UTIL Kohl Drake UTIL Luis Rengifo UTIL Tim Tawa UTIL Jake Cronenworth UTIL Freddy Fermin,,,
1716,5210621829,Marsharks (9/20),0,38.55,CPT Corbin Carroll UTIL Fernando Tatis Jr. UTIL Geraldo Perdomo UTIL Lars Nootbaar UTIL Gabriel Moreno UTIL Juan Morillo,,,
1717,5209807815,chill1229,0,38.5,CPT Ketel Marte UTIL Jackson Merrill UTIL Geraldo Perdomo UTIL Xander Bogaerts UTIL Gavin Sheets UTIL Gabriel Moreno,,,
1717,5209965316,tb2227,0,38.5,CPT Corbin Carroll UTIL Fernando Tatis Jr. UTIL Manny Machado UTIL Lars Nootbaar UTIL Max Kepler UTIL Freddy Fermin,,,
1717,5209972575,joe_mac10,0,38.5,CPT Max Kepler UTIL Fernando Tatis Jr. UTIL Corbin Carroll UTIL Manny Machado UTIL Ketel Marte UTIL Freddy Fermin,,,
1717,5209989827,Johnnyw21,0,38.5,CPT Corbin Carroll UTIL Fernando Tatis Jr. UTIL Geraldo Perdomo UTIL Luis Rengifo UTIL Lars Nootbaar UTIL Freddy Fermin,,,
1717,5209995306,rb146886 (2/2),0,38.5,CPT Tim Tawa UTIL Fernando Tatis Jr. UTIL Corbin Carroll UTIL Manny Machado UTIL Ketel Marte UTIL Freddy Fermin,,,
1717,5210018085,icehawk55 (1/4),0,38.5,CPT Corbin Carroll UTIL Ty France UTIL Geraldo Perdomo UTIL Lars Nootbaar UTIL Gavin Sheets UTIL Gabriel Moreno,,,
1717,5210059020,TeamDJ0223,0,38.5,CPT Corbin Carroll UTIL Fernando Tatis Jr. UTIL Ketel Marte UTIL Nolan Arenado UTIL Tim Tawa UTIL Jake Cronenworth,,,
1717,5210089499,diamondd669,0,38.5,CPT Corbin Carroll UTIL Fernando Tatis Jr. UTIL Geraldo Perdomo UTIL Luis Rengifo UTIL Lars Nootbaar UTIL Freddy Fermin,,,
1717,5210189632,bcarbaugh,0,38.5,CPT Corbin Carroll UTIL Manny Machado UTIL Jackson Merrill UTIL Geraldo Perdomo UTIL Tim Tawa UTIL Jake Cronenworth,,,
1717,5210206830,Aslayday (1/3),0,38.5,CPT Fernando Tatis Jr. UTIL Manny Machado UTIL Jackson Merrill UTIL Lars Nootbaar UTIL Ryan Waldschmidt UTIL Tim Tawa,,,
1717,5210381206,Ezilodi (2/20),0,38.5,CPT Corbin Carroll UTIL Fernando Tatis Jr. UTIL Geraldo Perdomo UTIL Xander Bogaerts UTIL Gavin Sheets UTIL Jake Cronenworth,,,
1717,5210411338,walkertr444 (1/8),0,38.5,CPT Max Kepler UTIL Fernando Tatis Jr. UTIL Corbin Carroll UTIL Manny Machado UTIL Ketel Marte UTIL Freddy Fermin,,,
1717,5210482523,brown_007,0,38.5,CPT Max Kepler UTIL Fernando Tatis Jr. UTIL Corbin Carroll UTIL Manny Machado UTIL Ketel Marte UTIL Freddy Fermin,,,
1717,5210483578,BigZeee178 (1/2),0,38.5,CPT Tim Tawa UTIL Corbin Carroll UTIL Ketel Marte UTIL Jackson Merrill UTIL Ty France UTIL Nolan Arenado,,,
1717,5210489555,atat13 (3/20),0,38.5,CPT Max Kepler UTIL Fernando Tatis Jr. UTIL Corbin Carroll UTIL Manny Machado UTIL Ketel Marte UTIL Freddy Fermin,,,
1717,5210519757,Scadams09 (1/3),0,38.5,CPT Corbin Carroll UTIL Fernando Tatis Jr. UTIL Geraldo Perdomo UTIL Luis Rengifo UTIL Lars Nootbaar UTIL Freddy Fermin,,,
1717,5210541794,Biscuits209 (1/4),0,38.5,CPT Corbin Carroll UTIL Manny Machado UTIL Jackson Merrill UTIL Nolan Arenado UTIL Max Kepler UTIL Jake Cronenworth,,,
1717,5210566932,devine1609,0,38.5,CPT Ketel Marte UTIL Corbin Carroll UTIL Ty France UTIL Luis Rengifo UTIL Lars Nootbaar UTIL Gavin Sheets,,,
1717,5210581338,ltnation,0,38.5,CPT Corbin Carroll UTIL Fernando Tatis Jr. UTIL Ketel Marte UTIL Lars Nootbaar UTIL Ryan Waldschmidt UTIL Jake Cronenworth,,,
1717,5210586839,Trckrdd,0,38.5,CPT Corbin Carroll UTIL Fernando Tatis Jr. UTIL Geraldo Perdomo UTIL Luis Rengifo UTIL Lars Nootbaar UTIL Freddy Fermin,,,
1717,5210589544,hbuhler,0,38.5,CPT Corbin Carroll UTIL Fernando Tatis Jr. UTIL Geraldo Perdomo UTIL Luis Rengifo UTIL Lars Nootbaar UTIL Freddy Fermin,,,
1717,5210603758,coolsouthernbrees (3/16),0,38.5,CPT Fernando Tatis Jr. UTIL Manny Machado UTIL Jackson Merrill UTIL Lars Nootbaar UTIL Gavin Sheets UTIL Tim Tawa,,,
1717,5210604868,corymac91,0,38.5,CPT Max Kepler UTIL Fernando Tatis Jr. UTIL Corbin Carroll UTIL Manny Machado UTIL Ketel Marte UTIL Freddy Fermin,,,
1717,5210609214,pdanielsjr (19/20),0,38.5,CPT Lars Nootbaar UTIL Corbin Carroll UTIL Ketel Marte UTIL Luis Rengifo UTIL Nolan Arenado UTIL Gabriel Moreno,,,
1717,5210609221,antpappa,0,38.5,CPT Lars Nootbaar UTIL Fernando Tatis Jr. UTIL Corbin Carroll UTIL Geraldo Perdomo UTIL Tim Tawa UTIL Gabriel Moreno,,,
1717,5210609274,JJSaenz (2/20),0,38.5,CPT Corbin Carroll UTIL Ty France UTIL Geraldo Perdomo UTIL Max Kepler UTIL Ryan Waldschmidt UTIL Gabriel Moreno,,,
1717,5210633238,skiski2424 (1/5),0,38.5,CPT Luis Rengifo UTIL Corbin Carroll UTIL Manny Machado UTIL Gavin Sheets UTIL Tim Tawa UTIL Jake Cronenworth,,,
1717,5210635535,Toney367 (9/20),0,38.5,CPT Corbin Carroll UTIL Fernando Tatis Jr. UTIL Ketel Marte UTIL Luis Rengifo UTIL Tim Tawa UTIL James McCann,,,
1717,5210641937,Ghostboytown69,0,38.5,CPT Fernando Tatis Jr. UTIL Manny Machado UTIL Jackson Merrill UTIL Lars Nootbaar UTIL Ryan Waldschmidt UTIL Tim Tawa,,,
1717,5210641951,rickyrod28,0,38.5,CPT Corbin Carroll UTIL Fernando Tatis Jr. UTIL Ketel Marte UTIL Lars Nootbaar UTIL Ryan Waldschmidt UTIL Jake Cronenworth,,,
1717,5210644740,thebattler33 (2/2),0,38.5,CPT Lars Nootbaar UTIL Fernando Tatis Jr. UTIL Corbin Carroll UTIL Ketel Marte UTIL Xander Bogaerts UTIL Tim Tawa,,,
1717,5210656117,royhamer,0,38.5,CPT Corbin Carroll UTIL Ketel Marte UTIL Luis Rengifo UTIL Xander Bogaerts UTIL Lars Nootbaar UTIL Max Kepler,,,
1717,5210659154,AVD390 (1/5),0,38.5,CPT Max Kepler UTIL Fernando Tatis Jr. UTIL Corbin Carroll UTIL Ketel Marte UTIL Xander Bogaerts UTIL Tim Tawa,,,
1717,5210659172,AVD390 (2/5),0,38.5,CPT Max Kepler UTIL Fernando Tatis Jr. UTIL Corbin Carroll UTIL Ketel Marte UTIL Xander Bogaerts UTIL Tim Tawa,,,
1717,5210659174,AVD390 (3/5),0,38.5,CPT Max Kepler UTIL Fernando Tatis Jr. UTIL Corbin Carroll UTIL Ketel Marte UTIL Xander Bogaerts UTIL Tim Tawa,,,
1717,5210659176,AVD390 (4/5),0,38.5,CPT Max Kepler UTIL Fernando Tatis Jr. UTIL Corbin Carroll UTIL Ketel Marte UTIL Xander Bogaerts UTIL Tim Tawa,,,
1717,5210663163,Rutt22 (1/2),0,38.5,CPT Corbin Carroll UTIL Fernando Tatis Jr. UTIL Geraldo Perdomo UTIL Luis Rengifo UTIL Lars Nootbaar UTIL Freddy Fermin,,,
1717,5210666139,kcfan1972,0,38.5,CPT Corbin Carroll UTIL Fernando Tatis Jr. UTIL Geraldo Perdomo UTIL Luis Rengifo UTIL Lars Nootbaar UTIL Freddy Fermin,,,
1717,5210668851,AVD390 (5/5),0,38.5,CPT Max Kepler UTIL Fernando Tatis Jr. UTIL Corbin Carroll UTIL Ketel Marte UTIL Xander Bogaerts UTIL Tim Tawa,,,
1756,5210069787,Kool198,0,38.3,CPT Fernando Tatis Jr. UTIL Walker Buehler UTIL Geraldo Perdomo UTIL Xander Bogaerts UTIL Gavin Sheets UTIL Freddy Fermin,,,
1756,5210536570,vargas505,0,38.3,CPT Corbin Carroll UTIL Walker Buehler UTIL Fernando Tatis Jr. UTIL Ryan Waldschmidt UTIL Tim Tawa UTIL Freddy Fermin,,,
1756,5210541828,Biscuits209 (2/4),0,38.3,CPT Fernando Tatis Jr. UTIL Walker Buehler UTIL Geraldo Perdomo UTIL Xander Bogaerts UTIL Gavin Sheets UTIL Freddy Fermin,,,
1756,5210605317,woodreb5 (10/20),0,38.3,CPT Fernando Tatis Jr. UTIL Walker Buehler UTIL Geraldo Perdomo UTIL Xander Bogaerts UTIL Gavin Sheets UTIL Freddy Fermin,,,
1756,5210615895,Babysumo92 (2/5),0,38.3,CPT Fernando Tatis Jr. UTIL Walker Buehler UTIL Geraldo Perdomo UTIL Xander Bogaerts UTIL Gavin Sheets UTIL Freddy Fermin,,,
1756,5210651129,Golf540,0,38.3,CPT Ketel Marte UTIL Walker Buehler UTIL Manny Machado UTIL Xander Bogaerts UTIL Lars Nootbaar UTIL Freddy Fermin,,,
1762,5209753277,Irishgolf9,0,38.2,CPT Walker Buehler UTIL Fernando Tatis Jr. UTIL Manny Machado UTIL Ryan Waldschmidt UTIL Tim Tawa UTIL Freddy Fermin,,,
1762,5210115115,nico1986,0,38.2,CPT Walker Buehler UTIL Fernando Tatis Jr. UTIL Manny Machado UTIL Gavin Sheets UTIL Tim Tawa UTIL Freddy Fermin,,,
1762,5210454610,Uvafan100 (2/4),0,38.2,CPT Walker Buehler UTIL Corbin Carroll UTIL Nolan Arenado UTIL Ryan Waldschmidt UTIL Freddy Fermin UTIL Gabriel Moreno,,,
1762,5210496869,TNeidert (17/20),0,38.2,CPT Walker Buehler UTIL Manny Machado UTIL Jackson Merrill UTIL Ryan Waldschmidt UTIL Gavin Sheets UTIL Jake Cronenworth,,,
1762,5210563206,EmeraldReign (1/3),0,38.2,CPT Walker Buehler UTIL Fernando Tatis Jr. UTIL Manny Machado UTIL Gavin Sheets UTIL Tim Tawa UTIL Freddy Fermin,,,
1762,5210574047,bigticket26,0,38.2,CPT Walker Buehler UTIL Fernando Tatis Jr. UTIL Manny Machado UTIL Gavin Sheets UTIL Tim Tawa UTIL Freddy Fermin,,,
1762,5210590547,Jetharris513 (2/2),0,38.2,CPT Walker Buehler UTIL Geraldo Perdomo UTIL Nolan Arenado UTIL Max Kepler UTIL Jake Cronenworth UTIL Gabriel Moreno,,,
1762,5210593809,supersonnies (3/4),0,38.2,CPT Walker Buehler UTIL Fernando Tatis Jr. UTIL Manny Machado UTIL Gavin Sheets UTIL Tim Tawa UTIL Freddy Fermin,,,
1762,5210594009,Gagenator51 (10/20),0,38.2,CPT Walker Buehler UTIL Fernando Tatis Jr. UTIL Manny Machado UTIL Gavin Sheets UTIL Tim Tawa UTIL Freddy Fermin,,,
1762,5210596195,swalcorn,0,38.2,CPT Walker Buehler UTIL Fernando Tatis Jr. UTIL Manny Machado UTIL Gavin Sheets UTIL Tim Tawa UTIL Freddy Fermin,,,
1762,5210597223,Torchman94 (1/5),0,38.2,CPT Walker Buehler UTIL Manny Machado UTIL Lars Nootbaar UTIL Gavin Sheets UTIL Tim Tawa UTIL Gabriel Moreno,,,
1762,5210607552,dosdog67 (2/2),0,38.2,CPT Walker Buehler UTIL Fernando Tatis Jr. UTIL Manny Machado UTIL Ryan Waldschmidt UTIL Tim Tawa UTIL Freddy Fermin,,,
1762,5210608696,bigbenerwin,0,38.2,CPT Walker Buehler UTIL Fernando Tatis Jr. UTIL Manny Machado UTIL Gavin Sheets UTIL Tim Tawa UTIL Freddy Fermin,,,
1762,5210614390,ShiftLeader (1/8),0,38.2,CPT Walker Buehler UTIL Fernando Tatis Jr. UTIL Manny Machado UTIL Gavin Sheets UTIL Tim Tawa UTIL Freddy Fermin,,,
1762,5210614410,ShiftLeader (2/8),0,38.2,CPT Walker Buehler UTIL Fernando Tatis Jr. UTIL Manny Machado UTIL Gavin Sheets UTIL Tim Tawa UTIL Freddy Fermin,,,
1762,5210615251,ShiftLeader (6/8),0,38.2,CPT Walker Buehler UTIL Fernando Tatis Jr. UTIL Manny Machado UTIL Gavin Sheets UTIL Tim Tawa UTIL Freddy Fermin,,,
1762,5210615254,ShiftLeader (7/8),0,38.2,CPT Walker Buehler UTIL Fernando Tatis Jr. UTIL Manny Machado UTIL Gavin Sheets UTIL Tim Tawa UTIL Freddy Fermin,,,
1762,5210621196,goheelz1 (2/7),0,38.2,CPT Walker Buehler UTIL Fernando Tatis Jr. UTIL Manny Machado UTIL Gavin Sheets UTIL Tim Tawa UTIL Freddy Fermin,,,
1762,5210645757,RedDevil7 (2/2),0,38.2,CPT Walker Buehler UTIL Fernando Tatis Jr. UTIL Manny Machado UTIL Ryan Waldschmidt UTIL Tim Tawa UTIL Freddy Fermin,,,
1762,5210653019,mpattersob17,0,38.2,CPT Walker Buehler UTIL Fernando Tatis Jr. UTIL Manny Machado UTIL Ryan Waldschmidt UTIL Tim Tawa UTIL Freddy Fermin,,,
1782,5210566850,VampGhost (3/4),0,38.175,CPT Kohl Drake UTIL Corbin Carroll UTIL Ketel Marte UTIL Jake Cronenworth UTIL Freddy Fermin UTIL Gabriel Moreno,,,
1782,5210645687,wyattp21 (2/2),0,38.175,CPT Kohl Drake UTIL Corbin Carroll UTIL Ketel Marte UTIL Jake Cronenworth UTIL Freddy Fermin UTIL Gabriel Moreno,,,
1784,5209940678,CowboysCash60,0,38,CPT Jackson Merrill UTIL Fernando Tatis Jr. UTIL Corbin Carroll UTIL Ketel Marte UTIL James McCann UTIL Tyler Locklear,,,
1784,5209963790,xghvk,0,38,CPT Jackson Merrill UTIL Manny Machado UTIL Ketel Marte UTIL Geraldo Perdomo UTIL Lars Nootbaar UTIL Jake Cronenworth,,,
1784,5210083333,kreller17 (17/20),0,38,CPT Nolan Arenado UTIL Ketel Marte UTIL Jackson Merrill UTIL Ty France UTIL Xander Bogaerts UTIL Lars Nootbaar,,,
1784,5210092888,chrispy2005 (12/20),0,38,CPT Nolan Arenado UTIL Ketel Marte UTIL Jackson Merrill UTIL Ty France UTIL Xander Bogaerts UTIL Lars Nootbaar,,,
1784,5210119315,luvn_texas44 (2/3),0,38,CPT Nolan Arenado UTIL Fernando Tatis Jr. UTIL Corbin Carroll UTIL Luis Rengifo UTIL Xander Bogaerts UTIL Tim Tawa,,,
1784,5210228418,Papawang5150,0,38,CPT Nolan Arenado UTIL Fernando Tatis Jr. UTIL Manny Machado UTIL Xander Bogaerts UTIL Ryan Waldschmidt UTIL Gabriel Moreno,,,
1784,5210263937,UniversalFriend (1/20),0,38,CPT Nolan Arenado UTIL Ketel Marte UTIL Jackson Merrill UTIL Ty France UTIL Xander Bogaerts UTIL Lars Nootbaar,,,
1784,5210299283,jasonwithaj (4/10),0,38,CPT Manny Machado UTIL Fernando Tatis Jr. UTIL Geraldo Perdomo UTIL Luis Rengifo UTIL Gavin Sheets UTIL Jake Cronenworth,,,
1784,5210412135,Mathis (11/20),0,38,CPT Nolan Arenado UTIL Ketel Marte UTIL Jackson Merrill UTIL Ty France UTIL Xander Bogaerts UTIL Lars Nootbaar,,,
1784,5210459910,jamminjerome,0,38,CPT Manny Machado UTIL Fernando Tatis Jr. UTIL Ty France UTIL Nolan Arenado UTIL Max Kepler UTIL Tim Tawa,,,
1784,5210461116,j-wolf05 (19/20),0,38,CPT Nolan Arenado UTIL Corbin Carroll UTIL Ketel Marte UTIL Jackson Merrill UTIL Tim Tawa UTIL Gabriel Moreno,,,
1784,5210468515,cadezane1 (3/20),0,38,CPT Ryan Waldschmidt UTIL Fernando Tatis Jr. UTIL Corbin Carroll UTIL Ketel Marte UTIL Ty France UTIL Tim Tawa,,,
1784,5210526542,FantasyGod101,0,38,CPT Nolan Arenado UTIL Manny Machado UTIL Ketel Marte UTIL Jackson Merrill UTIL Ty France UTIL Freddy Fermin,,,
1784,5210554611,jjhs51,0,38,CPT Ty France UTIL Corbin Carroll UTIL Jackson Merrill UTIL Geraldo Perdomo UTIL Lars Nootbaar UTIL Gavin Sheets,,,
1784,5210578496,Mimmy2300 (1/3),0,38,CPT Jackson Merrill UTIL Manny Machado UTIL Ty France UTIL Geraldo Perdomo UTIL Nolan Arenado UTIL Freddy Fermin,,,
1784,5210578497,Mimmy2300 (2/3),0,38,CPT Jackson Merrill UTIL Manny Machado UTIL Ty France UTIL Geraldo Perdomo UTIL Nolan Arenado UTIL Freddy Fermin,,,
1784,5210587320,Mimmy2300 (3/3),0,38,CPT Jackson Merrill UTIL Manny Machado UTIL Ty France UTIL Geraldo Perdomo UTIL Nolan Arenado UTIL Freddy Fermin,,,
1784,5210593483,melissaseers,0,38,CPT Geraldo Perdomo UTIL Manny Machado UTIL Ty France UTIL Luis Rengifo UTIL Xander Bogaerts UTIL Lars Nootbaar,,,
1784,5210608929,MilkMonet (4/4),0,38,CPT Manny Machado UTIL Fernando Tatis Jr. UTIL Jackson Merrill UTIL Geraldo Perdomo UTIL Lars Nootbaar UTIL Freddy Fermin,,,
1784,5210653644,Supercharged1975,0,38,CPT Ty France UTIL Corbin Carroll UTIL Geraldo Perdomo UTIL Nolan Arenado UTIL Gavin Sheets UTIL Gabriel Moreno,,,
1784,5210671602,Tedskins,0,38,CPT Xander Bogaerts UTIL Manny Machado UTIL Ketel Marte UTIL Ty France UTIL Nolan Arenado UTIL Lars Nootbaar,,,
1784,5210675215,Sernatime (2/2),0,38,CPT Geraldo Perdomo UTIL Jackson Merrill UTIL Ty France UTIL Nolan Arenado UTIL Max Kepler UTIL Gabriel Moreno,,,
1806,5210604864,84flipmode (5/20),0,37.975,CPT Kohl Drake UTIL Walker Buehler UTIL Lars Nootbaar UTIL Jake Cronenworth UTIL Freddy Fermin UTIL Gabriel Moreno,,,
1807,5210238828,SpeedRacer101 (5/20),0,37.95,CPT Gabriel Moreno UTIL Kohl Drake UTIL Corbin Carroll UTIL Geraldo Perdomo UTIL Max Kepler UTIL Jake Cronenworth,,,
1807,5210263954,UniversalFriend (18/20),0,37.95,CPT Max Kepler UTIL Kohl Drake UTIL Corbin Carroll UTIL Ketel Marte UTIL Jake Cronenworth UTIL Gabriel Moreno,,,
1807,5210593061,smk5430 (13/20),0,37.95,CPT Gabriel Moreno UTIL Kohl Drake UTIL Fernando Tatis Jr. UTIL Geraldo Perdomo UTIL Max Kepler UTIL Freddy Fermin,,,
1810,5209971234,az350z (10/20),0,37.8,CPT Xander Bogaerts UTIL Walker Buehler UTIL Fernando Tatis Jr. UTIL Manny Machado UTIL Gavin Sheets UTIL Paul Sewald,,,
1810,5210042301,Dmerkel1980,0,37.8,CPT Manny Machado UTIL Walker Buehler UTIL Ty France UTIL Nolan Arenado UTIL Lars Nootbaar UTIL Freddy Fermin,,,
1810,5210238842,SpeedRacer101 (19/20),0,37.8,CPT Gavin Sheets UTIL Walker Buehler UTIL Manny Machado UTIL Ty France UTIL Xander Bogaerts UTIL Lars Nootbaar,,,
1810,5210268305,jsh1122 (6/20),0,37.8,CPT Manny Machado UTIL Walker Buehler UTIL Corbin Carroll UTIL Xander Bogaerts UTIL Gavin Sheets UTIL Freddy Fermin,,,
1810,5210335748,mcannella22,0,37.8,CPT Manny Machado UTIL Walker Buehler UTIL Nolan Arenado UTIL Xander Bogaerts UTIL Lars Nootbaar UTIL Jake Cronenworth,,,
1810,5210373725,damoney8888,0,37.8,CPT Manny Machado UTIL Walker Buehler UTIL Nolan Arenado UTIL Xander Bogaerts UTIL Max Kepler UTIL Jake Cronenworth,,,
1810,5210407699,darrylposton (15/20),0,37.8,CPT Gavin Sheets UTIL Walker Buehler UTIL Fernando Tatis Jr. UTIL Geraldo Perdomo UTIL Luis Rengifo UTIL Jake Cronenworth,,,
1810,5210438348,JaserD (4/20),0,37.8,CPT Manny Machado UTIL Walker Buehler UTIL Luis Rengifo UTIL Xander Bogaerts UTIL Gavin Sheets UTIL Tim Tawa,,,
1810,5210549058,terminator31 (5/20),0,37.8,CPT Gavin Sheets UTIL Walker Buehler UTIL Manny Machado UTIL Ty France UTIL Xander Bogaerts UTIL Lars Nootbaar,,,
1810,5210563111,rainmania (1/20),0,37.8,CPT Ty France UTIL Walker Buehler UTIL Manny Machado UTIL Geraldo Perdomo UTIL Ryan Waldschmidt UTIL Freddy Fermin,,,
1810,5210600987,pisco80 (7/20),0,37.8,CPT Jackson Merrill UTIL Walker Buehler UTIL Nolan Arenado UTIL Xander Bogaerts UTIL Lars Nootbaar UTIL Tim Tawa,,,
1810,5210602938,luvthemredbirds,0,37.8,CPT Manny Machado UTIL Walker Buehler UTIL Luis Rengifo UTIL Xander Bogaerts UTIL Ryan Waldschmidt UTIL Tim Tawa,,,
1810,5210626878,84flipmode (19/20),0,37.8,CPT Gavin Sheets UTIL Walker Buehler UTIL Fernando Tatis Jr. UTIL Geraldo Perdomo UTIL Luis Rengifo UTIL Jake Cronenworth,,,
1823,5210378537,1BIGFISH,0,37.75,CPT Freddy Fermin UTIL Walker Buehler UTIL Kohl Drake UTIL Fernando Tatis Jr. UTIL Xander Bogaerts UTIL Max Kepler,,,
1823,5210444303,JoeNY07 (1/6),0,37.75,CPT Luis Rengifo UTIL Walker Buehler UTIL Kohl Drake UTIL Xander Bogaerts UTIL Lars Nootbaar UTIL Freddy Fermin,,,
1823,5210645508,RFinch_Kings (5/5),0,37.75,CPT Luis Rengifo UTIL Walker Buehler UTIL Kohl Drake UTIL Xander Bogaerts UTIL Lars Nootbaar UTIL Freddy Fermin,,,
1826,5209956916,MoneyRamirez (2/20),0,37.65,CPT Walker Buehler UTIL Kohl Drake UTIL Fernando Tatis Jr. UTIL Jake Cronenworth UTIL Sung-Mun Song UTIL Freddy Fermin,,,
1826,5210017137,Pkash99,0,37.65,CPT Walker Buehler UTIL Kohl Drake UTIL Gavin Sheets UTIL Tim Tawa UTIL Jake Cronenworth UTIL Gabriel Moreno,,,
1826,5210025682,LTskelter (9/20),0,37.65,CPT Walker Buehler UTIL Kohl Drake UTIL Ty France UTIL Xander Bogaerts UTIL Freddy Fermin UTIL Paul Sewald,,,
1826,5210489966,barney_g (3/5),0,37.65,CPT Walker Buehler UTIL Kohl Drake UTIL Xander Bogaerts UTIL Max Kepler UTIL Jake Cronenworth UTIL Freddy Fermin,,,
1826,5210565978,jrow01,0,37.65,CPT Walker Buehler UTIL Kohl Drake UTIL Gavin Sheets UTIL Tim Tawa UTIL Jake Cronenworth UTIL Gabriel Moreno,,,
1826,5210586391,mrgolfnmore,0,37.65,CPT Walker Buehler UTIL Kohl Drake UTIL Gavin Sheets UTIL Tim Tawa UTIL Jake Cronenworth UTIL Gabriel Moreno,,,
1826,5210644744,MoneyMatt14,0,37.65,CPT Walker Buehler UTIL Kohl Drake UTIL Xander Bogaerts UTIL Lars Nootbaar UTIL Jake Cronenworth UTIL Freddy Fermin,,,
1826,5210657497,Patsfan4life1,0,37.65,CPT Walker Buehler UTIL Kohl Drake UTIL Ryan Waldschmidt UTIL Tim Tawa UTIL Jake Cronenworth UTIL Gabriel Moreno,,,
1834,5209500287,wcs1109 (12/20),0,37.5,CPT Lars Nootbaar UTIL Fernando Tatis Jr. UTIL Corbin Carroll UTIL Ty France UTIL Geraldo Perdomo UTIL Tim Tawa,,,
1834,5209918405,piotrj10 (15/20),0,37.5,CPT Lars Nootbaar UTIL Corbin Carroll UTIL Ketel Marte UTIL Geraldo Perdomo UTIL Xander Bogaerts UTIL Gabriel Moreno,,,
1834,5209940227,apforadori (1/3),0,37.5,CPT Corbin Carroll UTIL Fernando Tatis Jr. UTIL Geraldo Perdomo UTIL Xander Bogaerts UTIL Lars Nootbaar UTIL Freddy Fermin,,,
1834,5209998769,pat_the_hat2 (10/20),0,37.5,CPT Corbin Carroll UTIL Manny Machado UTIL Ty France UTIL Luis Rengifo UTIL Ryan Waldschmidt UTIL Gavin Sheets,,,
1834,5210069778,rsumrall (15/20),0,37.5,CPT Ketel Marte UTIL Fernando Tatis Jr. UTIL Nolan Arenado UTIL Lars Nootbaar UTIL Tim Tawa UTIL Gabriel Moreno,,,
1834,5210116546,Natalie0080,0,37.5,CPT Fernando Tatis Jr. UTIL Corbin Carroll UTIL Manny Machado UTIL Geraldo Perdomo UTIL Tim Tawa UTIL Freddy Fermin,,,
1834,5210179980,Joco6959,0,37.5,CPT Ketel Marte UTIL Corbin Carroll UTIL Manny Machado UTIL Ty France UTIL Ryan Waldschmidt UTIL Freddy Fermin,,,
1834,5210238841,SpeedRacer101 (18/20),0,37.5,CPT Corbin Carroll UTIL Fernando Tatis Jr. UTIL Nolan Arenado UTIL Ryan Waldschmidt UTIL Tim Tawa UTIL Gabriel Moreno,,,
1834,5210317055,Iceman45,0,37.5,CPT Tim Tawa UTIL Fernando Tatis Jr. UTIL Jackson Merrill UTIL Ty France UTIL Geraldo Perdomo UTIL Nolan Arenado,,,
1834,5210364037,Boltmantom (1/2),0,37.5,CPT Fernando Tatis Jr. UTIL Manny Machado UTIL Ty France UTIL Nolan Arenado UTIL Ryan Waldschmidt UTIL Tim Tawa,,,
1834,5210404991,BBSJGOLD,0,37.5,CPT Fernando Tatis Jr. UTIL Manny Machado UTIL Jackson Merrill UTIL Geraldo Perdomo UTIL Ryan Waldschmidt UTIL Freddy Fermin,,,
1834,5210432557,Mr.luckyGuy (3/5),0,37.5,CPT Max Kepler UTIL Corbin Carroll UTIL Manny Machado UTIL Luis Rengifo UTIL Xander Bogaerts UTIL Lars Nootbaar,,,
1834,5210481607,Darkmen715 (1/20),0,37.5,CPT Lars Nootbaar UTIL Corbin Carroll UTIL Ketel Marte UTIL Geraldo Perdomo UTIL Xander Bogaerts UTIL Gabriel Moreno,,,
1834,5210488544,criticalmass048 (3/5),0,37.5,CPT Fernando Tatis Jr. UTIL Corbin Carroll UTIL Manny Machado UTIL Geraldo Perdomo UTIL Tim Tawa UTIL Freddy Fermin,,,
1834,5210545043,igotit4cheap2,0,37.5,CPT Corbin Carroll UTIL Fernando Tatis Jr. UTIL Nolan Arenado UTIL Ryan Waldschmidt UTIL Tim Tawa UTIL Gabriel Moreno,,,
1834,5210579984,FlyEagles865,0,37.5,CPT Fernando Tatis Jr. UTIL Corbin Carroll UTIL Manny Machado UTIL Geraldo Perdomo UTIL Tim Tawa UTIL Freddy Fermin,,,
1834,5210583078,TwistPalace,0,37.5,CPT Corbin Carroll UTIL Manny Machado UTIL Ketel Marte UTIL Ryan Waldschmidt UTIL Tim Tawa UTIL Gabriel Moreno,,,
1834,5210588810,mmuscarello8,0,37.5,CPT Tim Tawa UTIL Fernando Tatis Jr. UTIL Corbin Carroll UTIL Jackson Merrill UTIL Nolan Arenado UTIL Freddy Fermin,,,
1834,5210589700,gumlickpuk_05,0,37.5,CPT Corbin Carroll UTIL Jackson Merrill UTIL Luis Rengifo UTIL Nolan Arenado UTIL Xander Bogaerts UTIL Gavin Sheets,,,
1834,5210601592,pozjetsfan,0,37.5,CPT Corbin Carroll UTIL Fernando Tatis Jr. UTIL Jackson Merrill UTIL Lars Nootbaar UTIL Ryan Waldschmidt UTIL Tim Tawa,,,
1834,5210626379,Butters244,0,37.5,CPT Corbin Carroll UTIL Jackson Merrill UTIL Geraldo Perdomo UTIL Luis Rengifo UTIL Lars Nootbaar UTIL Freddy Fermin,,,
1834,5210629332,domxsans,0,37.5,CPT Max Kepler UTIL Fernando Tatis Jr. UTIL Manny Machado UTIL Geraldo Perdomo UTIL Lars Nootbaar UTIL Gabriel Moreno,,,
1834,5210632782,goheelz1 (7/7),0,37.5,CPT Corbin Carroll UTIL Fernando Tatis Jr. UTIL Manny Machado UTIL Ketel Marte UTIL Sung-Mun Song UTIL Freddy Fermin,,,
1834,5210635544,Toney367 (18/20),0,37.5,CPT Fernando Tatis Jr. UTIL Manny Machado UTIL Ty France UTIL Nolan Arenado UTIL Tim Tawa UTIL Sung-Mun Song,,,
1834,5210641456,itzzzcincity,0,37.5,CPT Fernando Tatis Jr. UTIL Corbin Carroll UTIL Manny Machado UTIL Geraldo Perdomo UTIL Tim Tawa UTIL Freddy Fermin,,,
1834,5210649042,Harden84 (2/2),0,37.5,CPT Fernando Tatis Jr. UTIL Manny Machado UTIL Jackson Merrill UTIL Geraldo Perdomo UTIL Ryan Waldschmidt UTIL Freddy Fermin,,,
1834,5210650660,Troha77 (3/20),0,37.5,CPT Lars Nootbaar UTIL Corbin Carroll UTIL Manny Machado UTIL Ketel Marte UTIL Ty France UTIL Tim Tawa,,,
1834,5210650662,Troha77 (5/20),0,37.5,CPT Lars Nootbaar UTIL Corbin Carroll UTIL Manny Machado UTIL Ketel Marte UTIL Ty France UTIL Tim Tawa,,,
1834,5210667563,Zorlando (2/5),0,37.5,CPT Fernando Tatis Jr. UTIL Manny Machado UTIL Luis Rengifo UTIL Lars Nootbaar UTIL Max Kepler UTIL Ryan Waldschmidt,,,
1834,5210667787,PlayMakrz (1/4),0,37.5,CPT Fernando Tatis Jr. UTIL Corbin Carroll UTIL Manny Machado UTIL Lars Nootbaar UTIL Ryan Waldschmidt UTIL Freddy Fermin,,,
1864,5209972189,jhbecerra (11/12),0,37.45,CPT Jackson Merrill UTIL Kohl Drake UTIL Fernando Tatis Jr. UTIL Lars Nootbaar UTIL Gavin Sheets UTIL Jake Cronenworth,,,
1864,5209972190,jhbecerra (12/12),0,37.45,CPT Jackson Merrill UTIL Kohl Drake UTIL Fernando Tatis Jr. UTIL Max Kepler UTIL Gavin Sheets UTIL Jake Cronenworth,,,
1864,5210613971,dz2014,0,37.45,CPT Jackson Merrill UTIL Kohl Drake UTIL Fernando Tatis Jr. UTIL Lars Nootbaar UTIL Gavin Sheets UTIL Jake Cronenworth,,,
1867,5210356962,nunndoo,0,37.3,CPT Fernando Tatis Jr. UTIL Walker Buehler UTIL Corbin Carroll UTIL Ryan Waldschmidt UTIL Gavin Sheets UTIL Freddy Fermin,,,
1867,5210496855,TNeidert (3/20),0,37.3,CPT Walker Buehler UTIL Kohl Drake UTIL Jackson Merrill UTIL Gavin Sheets UTIL Jake Cronenworth UTIL Mason Miller,,,
1867,5210675442,Makpro,0,37.3,CPT Max Kepler UTIL Walker Buehler UTIL Ty France UTIL Geraldo Perdomo UTIL Luis Rengifo UTIL Lars Nootbaar,,,
1870,5209500284,wcs1109 (9/20),0,37.2,CPT Walker Buehler UTIL Jackson Merrill UTIL Xander Bogaerts UTIL Lars Nootbaar UTIL Max Kepler UTIL Gavin Sheets,,,
1870,5210040175,gwatts77 (5/20),0,37.2,CPT Walker Buehler UTIL Jackson Merrill UTIL Geraldo Perdomo UTIL Luis Rengifo UTIL Gavin Sheets UTIL Freddy Fermin,,,
1870,5210040177,gwatts77 (7/20),0,37.2,CPT Walker Buehler UTIL Fernando Tatis Jr. UTIL Nolan Arenado UTIL Xander Bogaerts UTIL Gavin Sheets UTIL Freddy Fermin,,,
1870,5210465949,oscarquintanilla58 (3/4),0,37.2,CPT Walker Buehler UTIL Manny Machado UTIL Jackson Merrill UTIL Lars Nootbaar UTIL Gavin Sheets UTIL Freddy Fermin,,,
1870,5210465976,oscarquintanilla58 (4/4),0,37.2,CPT Walker Buehler UTIL Manny Machado UTIL Jackson Merrill UTIL Lars Nootbaar UTIL Gavin Sheets UTIL Freddy Fermin,,,
1870,5210531175,kristenleigh08 (1/2),0,37.2,CPT Walker Buehler UTIL Nolan Arenado UTIL Xander Bogaerts UTIL Max Kepler UTIL Gavin Sheets UTIL Gabriel Moreno,,,
1870,5210594489,MDoc72,0,37.2,CPT Walker Buehler UTIL Jackson Merrill UTIL Luis Rengifo UTIL Nolan Arenado UTIL Ryan Waldschmidt UTIL Freddy Fermin,,,
1870,5210600988,pisco80 (8/20),0,37.2,CPT Walker Buehler UTIL Manny Machado UTIL Jackson Merrill UTIL Nolan Arenado UTIL Tim Tawa UTIL Freddy Fermin,,,
1870,5210600989,pisco80 (9/20),0,37.2,CPT Walker Buehler UTIL Manny Machado UTIL Jackson Merrill UTIL Nolan Arenado UTIL Tim Tawa UTIL Freddy Fermin,,,
1870,5210632184,Mazzghse,0,37.2,CPT Walker Buehler UTIL Jackson Merrill UTIL Xander Bogaerts UTIL Lars Nootbaar UTIL Max Kepler UTIL Ryan Waldschmidt,,,
1880,5210135214,dxhoon,0,37.175,CPT Kohl Drake UTIL Corbin Carroll UTIL Jackson Merrill UTIL Tim Tawa UTIL Freddy Fermin UTIL Gabriel Moreno,,,
1880,5210324648,Satch65 (1/20),0,37.175,CPT Kohl Drake UTIL Corbin Carroll UTIL Jackson Merrill UTIL Tim Tawa UTIL Freddy Fermin UTIL Gabriel Moreno,,,
1880,5210614210,msshj08 (2/6),0,37.175,CPT Kohl Drake UTIL Corbin Carroll UTIL Jackson Merrill UTIL Tim Tawa UTIL Freddy Fermin UTIL Gabriel Moreno,,,
1883,5210033276,marco440,0,37,CPT Nolan Arenado UTIL Corbin Carroll UTIL Ketel Marte UTIL Ty France UTIL Gavin Sheets UTIL Gabriel Moreno,,,
1883,5210203682,jsamtoy (4/20),0,37,CPT Geraldo Perdomo UTIL Fernando Tatis Jr. UTIL Corbin Carroll UTIL Lars Nootbaar UTIL Tim Tawa UTIL Gabriel Moreno,,,
1883,5210238839,SpeedRacer101 (16/20),0,37,CPT Jackson Merrill UTIL Corbin Carroll UTIL Ty France UTIL Geraldo Perdomo UTIL Max Kepler UTIL Gavin Sheets,,,
1883,5210253996,Edbris561 (1/2),0,37,CPT Jackson Merrill UTIL Manny Machado UTIL Ketel Marte UTIL Nolan Arenado UTIL Xander Bogaerts UTIL Tim Tawa,,,
1883,5210437455,undrafted101,0,37,CPT Jackson Merrill UTIL Manny Machado UTIL Ketel Marte UTIL Nolan Arenado UTIL Xander Bogaerts UTIL Tim Tawa,,,
1883,5210479455,tboone424,0,37,CPT Manny Machado UTIL Ty France UTIL Geraldo Perdomo UTIL Ildemaro Vargas UTIL Tim Tawa UTIL Gabriel Moreno,,,
1883,5210496384,PatAngeArmetta2019,0,37,CPT Jackson Merrill UTIL Corbin Carroll UTIL Manny Machado UTIL Geraldo Perdomo UTIL Ryan Waldschmidt UTIL Jake Cronenworth,,,
1883,5210542591,kramah1969,0,37,CPT Ryan Waldschmidt UTIL Fernando Tatis Jr. UTIL Manny Machado UTIL Ketel Marte UTIL Ty France UTIL Tim Tawa,,,
1883,5210581623,gator057 (2/2),0,37,CPT Jackson Merrill UTIL Corbin Carroll UTIL Ty France UTIL Geraldo Perdomo UTIL Max Kepler UTIL Gavin Sheets,,,
1883,5210642732,cons26 (2/3),0,37,CPT Manny Machado UTIL Ketel Marte UTIL Ty France UTIL Nolan Arenado UTIL Xander Bogaerts UTIL Tim Tawa,,,
1883,5210650658,Troha77 (1/20),0,37,CPT Ty France UTIL Corbin Carroll UTIL Manny Machado UTIL Geraldo Perdomo UTIL Max Kepler UTIL Tim Tawa,,,
1883,5210657178,Ebob954 (3/4),0,37,CPT Manny Machado UTIL Corbin Carroll UTIL Nolan Arenado UTIL Xander Bogaerts UTIL Gavin Sheets UTIL Gabriel Moreno,,,
1883,5210675180,stedyo,0,37,CPT Manny Machado UTIL Fernando Tatis Jr. UTIL Luis Rengifo UTIL Nolan Arenado UTIL Tim Tawa UTIL Freddy Fermin,,,
1896,5209972184,jhbecerra (6/12),0,36.95,CPT Fernando Tatis Jr. UTIL Kohl Drake UTIL Luis Rengifo UTIL Lars Nootbaar UTIL Gavin Sheets UTIL Jake Cronenworth,,,
1896,5210324662,Satch65 (15/20),0,36.95,CPT Lars Nootbaar UTIL Kohl Drake UTIL Ketel Marte UTIL Ty France UTIL Tim Tawa UTIL Gabriel Moreno,,,
1896,5210383500,ualaw21,0,36.95,CPT Gabriel Moreno UTIL Kohl Drake UTIL Corbin Carroll UTIL Xander Bogaerts UTIL Max Kepler UTIL Gavin Sheets,,,
1896,5210403896,cwthrow24 (10/20),0,36.95,CPT Tim Tawa UTIL Kohl Drake UTIL Corbin Carroll UTIL Jackson Merrill UTIL Lars Nootbaar UTIL Gabriel Moreno,,,
1896,5210538847,chrisdouglass (1/2),0,36.95,CPT Fernando Tatis Jr. UTIL Kohl Drake UTIL Geraldo Perdomo UTIL Tim Tawa UTIL Freddy Fermin UTIL Gabriel Moreno,,,
1896,5210548352,chrisdouglass (2/2),0,36.95,CPT Fernando Tatis Jr. UTIL Kohl Drake UTIL Geraldo Perdomo UTIL Tim Tawa UTIL Freddy Fermin UTIL Gabriel Moreno,,,
1896,5210590624,bossplayer318 (4/20),0,36.95,CPT Max Kepler UTIL Kohl Drake UTIL Corbin Carroll UTIL Jackson Merrill UTIL Tim Tawa UTIL Gabriel Moreno,,,
1896,5210614528,84flipmode (11/20),0,36.95,CPT Corbin Carroll UTIL Kohl Drake UTIL Ketel Marte UTIL Xander Bogaerts UTIL Jake Cronenworth UTIL Freddy Fermin,,,
1904,5210148615,austin60915 (10/20),0,36.9,CPT Walker Buehler UTIL Kohl Drake UTIL Fernando Tatis Jr. UTIL Jake Cronenworth UTIL Kevin Ginkel UTIL Jeremiah Estrada,,,
1905,5210479781,curly82 (3/9),0,36.8,CPT Freddy Fermin UTIL Lars Nootbaar UTIL Gavin Sheets UTIL Gabriel Moreno UTIL Adrian Morejon UTIL Mason Miller,,,
1905,5210523747,eddymac222 (8/20),0,36.8,CPT Manny Machado UTIL Walker Buehler UTIL Fernando Tatis Jr. UTIL Lars Nootbaar UTIL Ryan Waldschmidt UTIL Freddy Fermin,,,
1905,5210524088,vernon2313 (2/2),0,36.8,CPT Xander Bogaerts UTIL Walker Buehler UTIL Fernando Tatis Jr. UTIL Ryan Waldschmidt UTIL Gavin Sheets UTIL Freddy Fermin,,,
1905,5210535238,KelvinDubs (9/20),0,36.8,CPT Jackson Merrill UTIL Walker Buehler UTIL Geraldo Perdomo UTIL Nolan Arenado UTIL Xander Bogaerts UTIL Freddy Fermin,,,
1905,5210585787,sgibby1231 (4/5),0,36.8,CPT Nolan Arenado UTIL Walker Buehler UTIL Ketel Marte UTIL Jackson Merrill UTIL Xander Bogaerts UTIL Freddy Fermin,,,
1905,5210604703,Ron_Rodocker,0,36.8,CPT Manny Machado UTIL Walker Buehler UTIL Fernando Tatis Jr. UTIL Lars Nootbaar UTIL Ryan Waldschmidt UTIL Freddy Fermin,,,
1905,5210666352,mrw25 (9/20),0,36.8,CPT Manny Machado UTIL Walker Buehler UTIL Fernando Tatis Jr. UTIL Max Kepler UTIL Ryan Waldschmidt UTIL Freddy Fermin,,,
1905,5210671590,KILLANADZ24 (14/20),0,36.8,CPT Manny Machado UTIL Walker Buehler UTIL Lars Nootbaar UTIL Max Kepler UTIL Gavin Sheets UTIL Gabriel Moreno,,,
1913,5209902517,niquisition (1/20),0,36.65,CPT Walker Buehler UTIL Kohl Drake UTIL Jackson Merrill UTIL Gavin Sheets UTIL Jake Cronenworth UTIL Freddy Fermin,,,
1913,5209956918,MoneyRamirez (4/20),0,36.65,CPT Walker Buehler UTIL Kohl Drake UTIL Jackson Merrill UTIL Gavin Sheets UTIL Jake Cronenworth UTIL Freddy Fermin,,,
1913,5209972182,jhbecerra (4/12),0,36.65,CPT Walker Buehler UTIL Kohl Drake UTIL Jackson Merrill UTIL Gavin Sheets UTIL Jake Cronenworth UTIL Freddy Fermin,,,
1913,5209984182,KGould86 (5/20),0,36.65,CPT Walker Buehler UTIL Kohl Drake UTIL Jackson Merrill UTIL Gavin Sheets UTIL Jake Cronenworth UTIL Freddy Fermin,,,
1913,5209999685,whoisjohngalt420 (5/20),0,36.65,CPT Walker Buehler UTIL Kohl Drake UTIL Jackson Merrill UTIL Gavin Sheets UTIL Jake Cronenworth UTIL Freddy Fermin,,,
1913,5210060725,JcClark18 (10/20),0,36.65,CPT Walker Buehler UTIL Kohl Drake UTIL Jackson Merrill UTIL Gavin Sheets UTIL Jake Cronenworth UTIL Freddy Fermin,,,
1913,5210160989,CMoehring34,0,36.65,CPT Walker Buehler UTIL Kohl Drake UTIL Jackson Merrill UTIL Ryan Waldschmidt UTIL Jake Cronenworth UTIL Freddy Fermin,,,
1913,5210212764,TheBigOuch (4/20),0,36.65,CPT Walker Buehler UTIL Kohl Drake UTIL Jackson Merrill UTIL Ryan Waldschmidt UTIL Jake Cronenworth UTIL Freddy Fermin,,,
1913,5210263939,UniversalFriend (3/20),0,36.65,CPT Walker Buehler UTIL Kohl Drake UTIL Jackson Merrill UTIL Gavin Sheets UTIL Jake Cronenworth UTIL Freddy Fermin,,,
1913,5210403891,cwthrow24 (5/20),0,36.65,CPT Walker Buehler UTIL Kohl Drake UTIL Jackson Merrill UTIL Gavin Sheets UTIL Jake Cronenworth UTIL Freddy Fermin,,,
1913,5210412127,Mathis (3/20),0,36.65,CPT Walker Buehler UTIL Kohl Drake UTIL Jackson Merrill UTIL Gavin Sheets UTIL Jake Cronenworth UTIL Freddy Fermin,,,
1913,5210491833,georgeconfused (4/9),0,36.65,CPT Walker Buehler UTIL Kohl Drake UTIL Jackson Merrill UTIL Ryan Waldschmidt UTIL Jake Cronenworth UTIL Freddy Fermin,,,
1913,5210496848,DatFoot,0,36.65,CPT Walker Buehler UTIL Kohl Drake UTIL Jackson Merrill UTIL Gavin Sheets UTIL Jake Cronenworth UTIL Freddy Fermin,,,
1913,5210540276,jwclark311 (2/20),0,36.65,CPT Walker Buehler UTIL Kohl Drake UTIL Jackson Merrill UTIL Gavin Sheets UTIL Jake Cronenworth UTIL Freddy Fermin,,,
1913,5210572271,markcamaro (10/14),0,36.65,CPT Walker Buehler UTIL Kohl Drake UTIL Corbin Carroll UTIL Tim Tawa UTIL Jake Cronenworth UTIL Freddy Fermin,,,
1913,5210578996,Schrinepiece92 (8/20),0,36.65,CPT Walker Buehler UTIL Kohl Drake UTIL Jackson Merrill UTIL Gavin Sheets UTIL Jake Cronenworth UTIL Freddy Fermin,,,
1913,5210594019,Gagenator51 (20/20),0,36.65,CPT Walker Buehler UTIL Kohl Drake UTIL Corbin Carroll UTIL Tim Tawa UTIL Jake Cronenworth UTIL Freddy Fermin,,,
1913,5210605308,woodreb5 (1/20),0,36.65,CPT Walker Buehler UTIL Kohl Drake UTIL Jackson Merrill UTIL Gavin Sheets UTIL Jake Cronenworth UTIL Freddy Fermin,,,
1913,5210612383,theczar89 (2/2),0,36.65,CPT Walker Buehler UTIL Kohl Drake UTIL Jackson Merrill UTIL Ryan Waldschmidt UTIL Jake Cronenworth UTIL Freddy Fermin,,,
1913,5210616338,Briguy20181 (1/3),0,36.65,CPT Walker Buehler UTIL Kohl Drake UTIL Jackson Merrill UTIL Ryan Waldschmidt UTIL Jake Cronenworth UTIL Freddy Fermin,,,
1913,5210617489,Briguy20181 (2/3),0,36.65,CPT Walker Buehler UTIL Kohl Drake UTIL Jackson Merrill UTIL Ryan Waldschmidt UTIL Jake Cronenworth UTIL Freddy Fermin,,,
1913,5210626482,Briguy20181 (3/3),0,36.65,CPT Walker Buehler UTIL Kohl Drake UTIL Jackson Merrill UTIL Ryan Waldschmidt UTIL Jake Cronenworth UTIL Freddy Fermin,,,
1935,5209891139,2bchew,0,36.5,CPT Tim Tawa UTIL Fernando Tatis Jr. UTIL Corbin Carroll UTIL Manny Machado UTIL Xander Bogaerts UTIL Ryan Waldschmidt,,,
1935,5209918407,piotrj10 (17/20),0,36.5,CPT Max Kepler UTIL Fernando Tatis Jr. UTIL Ketel Marte UTIL Nolan Arenado UTIL Lars Nootbaar UTIL Gabriel Moreno,,,
1935,5210166677,floydian80 (8/20),0,36.5,CPT Ketel Marte UTIL Corbin Carroll UTIL Geraldo Perdomo UTIL Nolan Arenado UTIL Jake Cronenworth UTIL Gabriel Moreno,,,
1935,5210181241,2boys2girls (2/2),0,36.5,CPT Ketel Marte UTIL Corbin Carroll UTIL Geraldo Perdomo UTIL Nolan Arenado UTIL Jake Cronenworth UTIL Gabriel Moreno,,,
1935,5210306585,Speed6h (2/2),0,36.5,CPT Corbin Carroll UTIL Ketel Marte UTIL Jackson Merrill UTIL Xander Bogaerts UTIL Gavin Sheets UTIL Tim Tawa,,,
1935,5210338170,Melted (1/3),0,36.5,CPT Corbin Carroll UTIL Fernando Tatis Jr. UTIL Jackson Merrill UTIL Geraldo Perdomo UTIL Ryan Waldschmidt UTIL Freddy Fermin,,,
1935,5210347598,Melted (2/3),0,36.5,CPT Corbin Carroll UTIL Fernando Tatis Jr. UTIL Jackson Merrill UTIL Geraldo Perdomo UTIL Ryan Waldschmidt UTIL Freddy Fermin,,,
1935,5210347603,Melted (3/3),0,36.5,CPT Corbin Carroll UTIL Fernando Tatis Jr. UTIL Jackson Merrill UTIL Geraldo Perdomo UTIL Ryan Waldschmidt UTIL Freddy Fermin,,,
1935,5210411363,Rootytoot33 (1/2),0,36.5,CPT Lars Nootbaar UTIL Corbin Carroll UTIL Ketel Marte UTIL Ty France UTIL Nolan Arenado UTIL Xander Bogaerts,,,
1935,5210415767,michaelfrapasella (3/3),0,36.5,CPT Corbin Carroll UTIL Ketel Marte UTIL Ty France UTIL Geraldo Perdomo UTIL Gavin Sheets UTIL Jake Cronenworth,,,
1935,5210421382,IAMFARKD,0,36.5,CPT Fernando Tatis Jr. UTIL Corbin Carroll UTIL Nolan Arenado UTIL Ryan Waldschmidt UTIL Gavin Sheets UTIL Gabriel Moreno,,,
1935,5210432386,xxbobby71xx (1/2),0,36.5,CPT Tim Tawa UTIL Fernando Tatis Jr. UTIL Manny Machado UTIL Ketel Marte UTIL Jackson Merrill UTIL Ryan Waldschmidt,,,
1935,5210481615,Darkmen715 (9/20),0,36.5,CPT Freddy Fermin UTIL Fernando Tatis Jr. UTIL Corbin Carroll UTIL Manny Machado UTIL Ketel Marte UTIL Nolan Arenado,,,
1935,5210489563,atat13 (11/20),0,36.5,CPT Max Kepler UTIL Fernando Tatis Jr. UTIL Manny Machado UTIL Ty France UTIL Nolan Arenado UTIL Lars Nootbaar,,,
1935,5210499001,Dirkdynasty (6/8),0,36.5,CPT Gabriel Moreno UTIL Corbin Carroll UTIL Jackson Merrill UTIL Geraldo Perdomo UTIL Nolan Arenado UTIL Ryan Waldschmidt,,,
1935,5210500755,MIKEMETAL,0,36.5,CPT Fernando Tatis Jr. UTIL Manny Machado UTIL Ketel Marte UTIL Lars Nootbaar UTIL Max Kepler UTIL Tim Tawa,,,
1935,5210562665,txpatfan1964,0,36.5,CPT Corbin Carroll UTIL Ketel Marte UTIL Jackson Merrill UTIL Xander Bogaerts UTIL Max Kepler UTIL Gavin Sheets,,,
1935,5210569346,millland,0,36.5,CPT Corbin Carroll UTIL Manny Machado UTIL Ketel Marte UTIL Jackson Merrill UTIL Ryan Waldschmidt UTIL Freddy Fermin,,,
1935,5210590235,ptello9298 (19/20),0,36.5,CPT Corbin Carroll UTIL Ketel Marte UTIL Geraldo Perdomo UTIL Lars Nootbaar UTIL Freddy Fermin UTIL Gabriel Moreno,,,
1935,5210598877,shagdog,0,36.5,CPT Corbin Carroll UTIL Manny Machado UTIL Luis Rengifo UTIL Nolan Arenado UTIL Xander Bogaerts UTIL Tim Tawa,,,
1935,5210607309,quale,0,36.5,CPT Lars Nootbaar UTIL Fernando Tatis Jr. UTIL Geraldo Perdomo UTIL Nolan Arenado UTIL Xander Bogaerts UTIL Gabriel Moreno,,,
1935,5210609956,gabrielnew24 (3/4),0,36.5,CPT Gabriel Moreno UTIL Corbin Carroll UTIL Ketel Marte UTIL Geraldo Perdomo UTIL Nolan Arenado UTIL Freddy Fermin,,,
1935,5210612929,TonyMVP,0,36.5,CPT Corbin Carroll UTIL Manny Machado UTIL Ketel Marte UTIL Jackson Merrill UTIL Ryan Waldschmidt UTIL Freddy Fermin,,,
1935,5210615817,gabrielnew24 (4/4),0,36.5,CPT Gabriel Moreno UTIL Corbin Carroll UTIL Ketel Marte UTIL Geraldo Perdomo UTIL Nolan Arenado UTIL Freddy Fermin,,,
1935,5210616379,mbs1973,0,36.5,CPT Corbin Carroll UTIL Fernando Tatis Jr. UTIL Ty France UTIL Nolan Arenado UTIL Gavin Sheets UTIL Tim Tawa,,,
1935,5210659123,DeMarcoble1,0,36.5,CPT Max Kepler UTIL Fernando Tatis Jr. UTIL Corbin Carroll UTIL Ketel Marte UTIL Geraldo Perdomo UTIL Jake Cronenworth,,,
1935,5210662620,HC0023 (20/20),0,36.5,CPT Max Kepler UTIL Fernando Tatis Jr. UTIL Ketel Marte UTIL Lars Nootbaar UTIL Ryan Waldschmidt UTIL Gabriel Moreno,,,
1935,5210671528,dcw331,0,36.5,CPT Corbin Carroll UTIL Fernando Tatis Jr. UTIL Jackson Merrill UTIL Geraldo Perdomo UTIL Ryan Waldschmidt UTIL Freddy Fermin,,,
1935,5210671982,GATA02,0,36.5,CPT Corbin Carroll UTIL Ty France UTIL Geraldo Perdomo UTIL Xander Bogaerts UTIL Lars Nootbaar UTIL Max Kepler,,,
1935,5210672506,csmchris1,0,36.5,CPT Corbin Carroll UTIL Fernando Tatis Jr. UTIL Jackson Merrill UTIL Geraldo Perdomo UTIL Ryan Waldschmidt UTIL Freddy Fermin,,,
1935,5210673359,dingodan39 (3/5),0,36.5,CPT Tim Tawa UTIL Manny Machado UTIL Jackson Merrill UTIL Lars Nootbaar UTIL Ryan Waldschmidt UTIL Gabriel Moreno,,,
1935,5210674075,EasyGene2,0,36.5,CPT Corbin Carroll UTIL Manny Machado UTIL Ketel Marte UTIL Jackson Merrill UTIL Ryan Waldschmidt UTIL Freddy Fermin,,,
1935,5210675884,cadezane1 (18/20),0,36.5,CPT Corbin Carroll UTIL Manny Machado UTIL Luis Rengifo UTIL Xander Bogaerts UTIL Max Kepler UTIL Ryan Waldschmidt,,,
1968,5210600985,pisco80 (5/20),0,36.45,CPT Nolan Arenado UTIL Kohl Drake UTIL Corbin Carroll UTIL Ty France UTIL Freddy Fermin UTIL Gabriel Moreno,,,
1969,5209998773,pat_the_hat2 (14/20),0,36.3,CPT Fernando Tatis Jr. UTIL Walker Buehler UTIL Xander Bogaerts UTIL Max Kepler UTIL Ryan Waldschmidt UTIL Gavin Sheets,,,
1969,5210054045,terryf20,0,36.3,CPT Corbin Carroll UTIL Walker Buehler UTIL Nolan Arenado UTIL Xander Bogaerts UTIL Ryan Waldschmidt UTIL Jake Cronenworth,,,
1969,5210058710,peosenior,0,36.3,CPT Fernando Tatis Jr. UTIL Walker Buehler UTIL Manny Machado UTIL Ryan Waldschmidt UTIL Gavin Sheets UTIL Freddy Fermin,,,
1969,5210413598,Aldee134,0,36.3,CPT Corbin Carroll UTIL Walker Buehler UTIL Ty France UTIL Nolan Arenado UTIL Ryan Waldschmidt UTIL Freddy Fermin,,,
1969,5210495037,Edgitt116 (4/10),0,36.3,CPT Tim Tawa UTIL Walker Buehler UTIL Corbin Carroll UTIL Manny Machado UTIL Ketel Marte UTIL Freddy Fermin,,,
1969,5210496854,TNeidert (2/20),0,36.3,CPT Walker Buehler UTIL Kohl Drake UTIL Manny Machado UTIL Tim Tawa UTIL Jake Cronenworth UTIL Mason Miller,,,
1969,5210615335,marthaaderas61,0,36.3,CPT Jake Cronenworth UTIL Walker Buehler UTIL Fernando Tatis Jr. UTIL Geraldo Perdomo UTIL Nolan Arenado UTIL Lars Nootbaar,,,
1969,5210674102,joeyduece09 (4/9),0,36.3,CPT Corbin Carroll UTIL Walker Buehler UTIL Luis Rengifo UTIL Nolan Arenado UTIL Max Kepler UTIL Freddy Fermin,,,
1977,5210355259,NewEnglamdFan (3/3),0,36.25,CPT Xander Bogaerts UTIL Walker Buehler UTIL Kohl Drake UTIL Lars Nootbaar UTIL James McCann UTIL Gabriel Moreno,,,
1978,5209778618,ruligo1971,0,36.2,CPT Walker Buehler UTIL Manny Machado UTIL Nolan Arenado UTIL Xander Bogaerts UTIL Gavin Sheets UTIL Jake Cronenworth,,,
1978,5210040181,gwatts77 (11/20),0,36.2,CPT Walker Buehler UTIL Jackson Merrill UTIL Geraldo Perdomo UTIL Xander Bogaerts UTIL Gavin Sheets UTIL Freddy Fermin,,,
1978,5210543427,GRANDSON1195,0,36.2,CPT Walker Buehler UTIL Manny Machado UTIL Ketel Marte UTIL Gavin Sheets UTIL Tim Tawa UTIL Jake Cronenworth,,,
1978,5210609281,JJSaenz (9/20),0,36.2,CPT Walker Buehler UTIL Jackson Merrill UTIL Geraldo Perdomo UTIL Xander Bogaerts UTIL Gavin Sheets UTIL Freddy Fermin,,,
1978,5210620847,DigitalDreams (2/20),0,36.2,CPT Walker Buehler UTIL Manny Machado UTIL Nolan Arenado UTIL Xander Bogaerts UTIL Gavin Sheets UTIL Jake Cronenworth,,,
1978,5210631265,sturgeonking86 (3/3),0,36.2,CPT Walker Buehler UTIL Manny Machado UTIL Nolan Arenado UTIL Xander Bogaerts UTIL Gavin Sheets UTIL Jake Cronenworth,,,
1978,5210635541,Toney367 (15/20),0,36.2,CPT Walker Buehler UTIL Manny Machado UTIL Geraldo Perdomo UTIL Xander Bogaerts UTIL Jake Cronenworth UTIL James McCann,,,
1978,5210641715,dahoward1974 (4/9),0,36.2,CPT Walker Buehler UTIL Manny Machado UTIL Xander Bogaerts UTIL Lars Nootbaar UTIL Max Kepler UTIL Tim Tawa,,,
1978,5210667790,PlayMakrz (4/4),0,36.2,CPT Walker Buehler UTIL Ketel Marte UTIL Jackson Merrill UTIL Lars Nootbaar UTIL Ryan Waldschmidt UTIL Freddy Fermin,,,
1987,5210092886,chrispy2005 (10/20),0,36.175,CPT Kohl Drake UTIL Corbin Carroll UTIL Luis Rengifo UTIL Max Kepler UTIL Freddy Fermin UTIL Gabriel Moreno,,,
1988,5209918406,piotrj10 (16/20),0,36,CPT Nolan Arenado UTIL Corbin Carroll UTIL Ketel Marte UTIL Xander Bogaerts UTIL Lars Nootbaar UTIL Gabriel Moreno,,,
1988,5209934389,Aoteoroa (3/6),0,36,CPT Xander Bogaerts UTIL Fernando Tatis Jr. UTIL Corbin Carroll UTIL Manny Machado UTIL Ryan Waldschmidt UTIL Gavin Sheets,,,
1988,5209934393,Aoteoroa (6/6),0,36,CPT Xander Bogaerts UTIL Fernando Tatis Jr. UTIL Corbin Carroll UTIL Manny Machado UTIL Ryan Waldschmidt UTIL Gavin Sheets,,,
1988,5210268319,jsh1122 (20/20),0,36,CPT Xander Bogaerts UTIL Fernando Tatis Jr. UTIL Corbin Carroll UTIL Manny Machado UTIL Ryan Waldschmidt UTIL Gavin Sheets,,,
1988,5210481622,Darkmen715 (16/20),0,36,CPT Geraldo Perdomo UTIL Fernando Tatis Jr. UTIL Corbin Carroll UTIL Jackson Merrill UTIL Lars Nootbaar UTIL Freddy Fermin,,,
1988,5210489557,atat13 (5/20),0,36,CPT Nolan Arenado UTIL Fernando Tatis Jr. UTIL Manny Machado UTIL Lars Nootbaar UTIL Max Kepler UTIL Gabriel Moreno,,,
1988,5210544636,Juney410,0,36,CPT Nolan Arenado UTIL Manny Machado UTIL Ketel Marte UTIL Ty France UTIL Gavin Sheets UTIL Gabriel Moreno,,,
1988,5210558197,Jetharris513 (1/2),0,36,CPT Geraldo Perdomo UTIL Fernando Tatis Jr. UTIL Manny Machado UTIL Jackson Merrill UTIL Ryan Waldschmidt UTIL Jake Cronenworth,,,
1988,5210564453,kford23 (1/2),0,36,CPT Geraldo Perdomo UTIL Corbin Carroll UTIL Ketel Marte UTIL Xander Bogaerts UTIL Tim Tawa UTIL Gabriel Moreno,,,
1988,5210571601,zlordvader426,0,36,CPT Geraldo Perdomo UTIL Fernando Tatis Jr. UTIL Corbin Carroll UTIL Nolan Arenado UTIL Freddy Fermin UTIL Gabriel Moreno,,,
1988,5210591810,birdsvikes,0,36,CPT Ty France UTIL Corbin Carroll UTIL Geraldo Perdomo UTIL Nolan Arenado UTIL Xander Bogaerts UTIL Max Kepler,,,
1988,5210599914,MilkMonet (2/4),0,36,CPT Geraldo Perdomo UTIL Fernando Tatis Jr. UTIL Corbin Carroll UTIL Jackson Merrill UTIL Tim Tawa UTIL Freddy Fermin,,,
1988,5210603450,dtapper29 (14/20),0,36,CPT Nolan Arenado UTIL Manny Machado UTIL Jackson Merrill UTIL Ty France UTIL Xander Bogaerts UTIL Gavin Sheets,,,
1988,5210603873,Redskinsabigga,0,36,CPT Manny Machado UTIL Fernando Tatis Jr. UTIL Corbin Carroll UTIL Ryan Waldschmidt UTIL Gavin Sheets UTIL Jake Cronenworth,,,
1988,5210614043,jeremyc76,0,36,CPT Xander Bogaerts UTIL Fernando Tatis Jr. UTIL Corbin Carroll UTIL Manny Machado UTIL Ryan Waldschmidt UTIL Gavin Sheets,,,
1988,5210637553,DomButt5,0,36,CPT Geraldo Perdomo UTIL Corbin Carroll UTIL Ketel Marte UTIL Jackson Merrill UTIL Luis Rengifo UTIL Freddy Fermin,,,
1988,5210671255,k4ketterman,0,36,CPT Manny Machado UTIL Fernando Tatis Jr. UTIL Geraldo Perdomo UTIL Ryan Waldschmidt UTIL Tim Tawa UTIL Gabriel Moreno,,,
1988,5210672491,Blow-by-u (1/3),0,36,CPT Jackson Merrill UTIL Ketel Marte UTIL Geraldo Perdomo UTIL Max Kepler UTIL Gavin Sheets UTIL Gabriel Moreno,,,
1988,5210672519,Blow-by-u (2/3),0,36,CPT Jackson Merrill UTIL Ketel Marte UTIL Geraldo Perdomo UTIL Max Kepler UTIL Gavin Sheets UTIL Gabriel Moreno,,,
1988,5210672724,Blow-by-u (3/3),0,36,CPT Jackson Merrill UTIL Ketel Marte UTIL Geraldo Perdomo UTIL Max Kepler UTIL Gavin Sheets UTIL Gabriel Moreno,,,
2008,5210410070,soaks0933 (7/7),0,35.95,CPT Gabriel Moreno UTIL Kohl Drake UTIL Manny Machado UTIL Nolan Arenado UTIL Xander Bogaerts UTIL Tim Tawa,,,
2008,5210481192,bigtenfan,0,35.95,CPT Lars Nootbaar UTIL Kohl Drake UTIL Fernando Tatis Jr. UTIL Xander Bogaerts UTIL Ryan Waldschmidt UTIL Gabriel Moreno,,,
2008,5210581443,hermd011 (1/10),0,35.95,CPT Freddy Fermin UTIL Kohl Drake UTIL Corbin Carroll UTIL Luis Rengifo UTIL Nolan Arenado UTIL Gabriel Moreno,,,
2008,5210603134,84flipmode (2/20),0,35.95,CPT Gabriel Moreno UTIL Kohl Drake UTIL Fernando Tatis Jr. UTIL Lars Nootbaar UTIL Gavin Sheets UTIL Tim Tawa,,,
2012,5209971227,az350z (3/20),0,35.8,CPT Gavin Sheets UTIL Walker Buehler UTIL Manny Machado UTIL Ty France UTIL Luis Rengifo UTIL Ryan Waldschmidt,,,
2012,5210112830,Stree (4/7),0,35.8,CPT Manny Machado UTIL Walker Buehler UTIL Ty France UTIL Max Kepler UTIL Gavin Sheets UTIL Tim Tawa,,,
2012,5210203689,jsamtoy (11/20),0,35.8,CPT Gavin Sheets UTIL Walker Buehler UTIL Manny Machado UTIL Jackson Merrill UTIL Xander Bogaerts UTIL Max Kepler,,,
2012,5210286279,jsimonson23,0,35.8,CPT Jackson Merrill UTIL Walker Buehler UTIL Geraldo Perdomo UTIL Luis Rengifo UTIL Gavin Sheets UTIL Tim Tawa,,,
2012,5210412143,Mathis (19/20),0,35.8,CPT Gavin Sheets UTIL Walker Buehler UTIL Manny Machado UTIL Jackson Merrill UTIL Xander Bogaerts UTIL Lars Nootbaar,,,
2012,5210535241,KelvinDubs (12/20),0,35.8,CPT Manny Machado UTIL Walker Buehler UTIL Luis Rengifo UTIL Nolan Arenado UTIL Ryan Waldschmidt UTIL Jake Cronenworth,,,
2012,5210556367,mrjohn601,0,35.8,CPT Jackson Merrill UTIL Walker Buehler UTIL Luis Rengifo UTIL Nolan Arenado UTIL Ryan Waldschmidt UTIL Tim Tawa,,,
2012,5210656561,delanocons,0,35.8,CPT Jackson Merrill UTIL Walker Buehler UTIL Corbin Carroll UTIL Nolan Arenado UTIL Ryan Waldschmidt UTIL Freddy Fermin,,,
2020,5210570431,Joeytwofingers (4/5),0,35.75,CPT Freddy Fermin UTIL Walker Buehler UTIL Kohl Drake UTIL Corbin Carroll UTIL Jackson Merrill UTIL Tim Tawa,,,
2020,5210641728,monarch11 (5/20),0,35.75,CPT Luis Rengifo UTIL Walker Buehler UTIL Kohl Drake UTIL Geraldo Perdomo UTIL Jake Cronenworth UTIL Freddy Fermin,,,
2020,5210674120,minfan77 (1/3),0,35.75,CPT Freddy Fermin UTIL Walker Buehler UTIL Kohl Drake UTIL Fernando Tatis Jr. UTIL Luis Rengifo UTIL Gavin Sheets,,,
2020,5210676579,cadezane1 (20/20),0,35.75,CPT Freddy Fermin UTIL Walker Buehler UTIL Kohl Drake UTIL Corbin Carroll UTIL Jackson Merrill UTIL Tim Tawa,,,
2024,5209567444,Schoey17 (1/9),0,35.65,CPT Walker Buehler UTIL Kohl Drake UTIL Manny Machado UTIL Tim Tawa UTIL Jake Cronenworth UTIL Freddy Fermin,,,
2024,5209956920,MoneyRamirez (6/20),0,35.65,CPT Walker Buehler UTIL Kohl Drake UTIL Luis Rengifo UTIL Gavin Sheets UTIL Jake Cronenworth UTIL Freddy Fermin,,,
2024,5209984180,KGould86 (3/20),0,35.65,CPT Walker Buehler UTIL Kohl Drake UTIL Xander Bogaerts UTIL Max Kepler UTIL Tim Tawa UTIL Jake Cronenworth,,,
2024,5209998776,pat_the_hat2 (17/20),0,35.65,CPT Walker Buehler UTIL Kohl Drake UTIL Xander Bogaerts UTIL Max Kepler UTIL Tim Tawa UTIL Jake Cronenworth,,,
2024,5210180104,LOCNOTM (11/20),0,35.65,CPT Walker Buehler UTIL Kohl Drake UTIL Luis Rengifo UTIL Gavin Sheets UTIL Jake Cronenworth UTIL Freddy Fermin,,,
2024,5210212763,TheBigOuch (3/20),0,35.65,CPT Walker Buehler UTIL Kohl Drake UTIL Manny Machado UTIL Tim Tawa UTIL Jake Cronenworth UTIL Freddy Fermin,,,
2024,5210468544,martro (2/2),0,35.65,CPT Walker Buehler UTIL Kohl Drake UTIL Ty France UTIL Max Kepler UTIL Tim Tawa UTIL Freddy Fermin,,,
2024,5210491835,georgeconfused (5/9),0,35.65,CPT Walker Buehler UTIL Kohl Drake UTIL Luis Rengifo UTIL Gavin Sheets UTIL Jake Cronenworth UTIL Freddy Fermin,,,
2024,5210535247,KelvinDubs (18/20),0,35.65,CPT Walker Buehler UTIL Kohl Drake UTIL Xander Bogaerts UTIL Max Kepler UTIL Tim Tawa UTIL Jake Cronenworth,,,
2024,5210543791,cliffwes,0,35.65,CPT Walker Buehler UTIL Kohl Drake UTIL Luis Rengifo UTIL Gavin Sheets UTIL Jake Cronenworth UTIL Freddy Fermin,,,
2024,5210551646,zachdaddy (15/20),0,35.65,CPT Walker Buehler UTIL Kohl Drake UTIL Luis Rengifo UTIL Gavin Sheets UTIL Jake Cronenworth UTIL Freddy Fermin,,,
2024,5210581438,patton22,0,35.65,CPT Walker Buehler UTIL Kohl Drake UTIL Ty France UTIL Max Kepler UTIL Tim Tawa UTIL Freddy Fermin,,,
2036,5210621828,Marsharks (8/20),0,35.55,CPT Fernando Tatis Jr. UTIL Corbin Carroll UTIL Geraldo Perdomo UTIL Xander Bogaerts UTIL Lars Nootbaar UTIL Juan Morillo,,,
2037,5209774505,charleso83 (1/2),0,35.5,CPT Corbin Carroll UTIL Fernando Tatis Jr. UTIL Manny Machado UTIL Geraldo Perdomo UTIL Tim Tawa UTIL Freddy Fermin,,,
2037,5209971242,az350z (18/20),0,35.5,CPT Gabriel Moreno UTIL Corbin Carroll UTIL Manny Machado UTIL Geraldo Perdomo UTIL Lars Nootbaar UTIL Ryan Waldschmidt,,,
2037,5209995625,constman20200,0,35.5,CPT Fernando Tatis Jr. UTIL Corbin Carroll UTIL Manny Machado UTIL Max Kepler UTIL Gavin Sheets UTIL Tim Tawa,,,
2037,5209995662,Kmac070605,0,35.5,CPT Fernando Tatis Jr. UTIL Corbin Carroll UTIL Manny Machado UTIL Max Kepler UTIL Ryan Waldschmidt UTIL Tim Tawa,,,
2037,5210124962,tman116,0,35.5,CPT Corbin Carroll UTIL Manny Machado UTIL Nolan Arenado UTIL Lars Nootbaar UTIL Max Kepler UTIL Gabriel Moreno,,,
2037,5210396884,soaks0933 (2/7),0,35.5,CPT Gabriel Moreno UTIL Corbin Carroll UTIL Manny Machado UTIL Geraldo Perdomo UTIL Nolan Arenado UTIL Tim Tawa,,,
2037,5210482392,TrumpDog (1/2),0,35.5,CPT Tim Tawa UTIL Fernando Tatis Jr. UTIL Manny Machado UTIL Luis Rengifo UTIL Nolan Arenado UTIL Freddy Fermin,,,
2037,5210488901,wes333,0,35.5,CPT Ketel Marte UTIL Corbin Carroll UTIL Nolan Arenado UTIL Xander Bogaerts UTIL Ryan Waldschmidt UTIL Gabriel Moreno,,,
2037,5210492436,TrumpDog (2/2),0,35.5,CPT Tim Tawa UTIL Fernando Tatis Jr. UTIL Manny Machado UTIL Luis Rengifo UTIL Nolan Arenado UTIL Freddy Fermin,,,
2037,5210510257,Calbear007,0,35.5,CPT Corbin Carroll UTIL Fernando Tatis Jr. UTIL Manny Machado UTIL Nolan Arenado UTIL Max Kepler UTIL Freddy Fermin,,,
2037,5210535240,KelvinDubs (11/20),0,35.5,CPT Max Kepler UTIL Fernando Tatis Jr. UTIL Ketel Marte UTIL Ty France UTIL Nolan Arenado UTIL Lars Nootbaar,,,
2037,5210545027,raveen12,0,35.5,CPT Corbin Carroll UTIL Fernando Tatis Jr. UTIL Manny Machado UTIL Nolan Arenado UTIL Max Kepler UTIL Freddy Fermin,,,
2037,5210556356,Turtles420 (1/2),0,35.5,CPT Fernando Tatis Jr. UTIL Corbin Carroll UTIL Manny Machado UTIL Lars Nootbaar UTIL Gavin Sheets UTIL Tim Tawa,,,
2037,5210559491,favo (1/2),0,35.5,CPT Fernando Tatis Jr. UTIL Corbin Carroll UTIL Manny Machado UTIL Lars Nootbaar UTIL Gavin Sheets UTIL Tim Tawa,,,
2037,5210562537,rainwoman (1/4),0,35.5,CPT Fernando Tatis Jr. UTIL Corbin Carroll UTIL Manny Machado UTIL Lars Nootbaar UTIL Gavin Sheets UTIL Tim Tawa,,,
2037,5210562648,rainwoman (2/4),0,35.5,CPT Fernando Tatis Jr. UTIL Corbin Carroll UTIL Manny Machado UTIL Lars Nootbaar UTIL Gavin Sheets UTIL Tim Tawa,,,
2037,5210566958,LadyNoLuck,0,35.5,CPT Tim Tawa UTIL Fernando Tatis Jr. UTIL Corbin Carroll UTIL Jackson Merrill UTIL Geraldo Perdomo UTIL Lars Nootbaar,,,
2037,5210571900,Bing1,0,35.5,CPT Ketel Marte UTIL Ty France UTIL Geraldo Perdomo UTIL Nolan Arenado UTIL Max Kepler UTIL Gabriel Moreno,,,
2037,5210571944,rainwoman (3/4),0,35.5,CPT Fernando Tatis Jr. UTIL Corbin Carroll UTIL Manny Machado UTIL Lars Nootbaar UTIL Gavin Sheets UTIL Tim Tawa,,,
2037,5210571971,rainwoman (4/4),0,35.5,CPT Fernando Tatis Jr. UTIL Corbin Carroll UTIL Manny Machado UTIL Lars Nootbaar UTIL Gavin Sheets UTIL Tim Tawa,,,
2037,5210572455,NateHar,0,35.5,CPT Freddy Fermin UTIL Corbin Carroll UTIL Ketel Marte UTIL Jackson Merrill UTIL Lars Nootbaar UTIL Tim Tawa,,,
2037,5210583285,arsmith8 (9/20),0,35.5,CPT Corbin Carroll UTIL Fernando Tatis Jr. UTIL Manny Machado UTIL Geraldo Perdomo UTIL Tim Tawa UTIL Freddy Fermin,,,
2037,5210583317,pdanielsjr (2/20),0,35.5,CPT Fernando Tatis Jr. UTIL Corbin Carroll UTIL Manny Machado UTIL Lars Nootbaar UTIL Gavin Sheets UTIL Tim Tawa,,,
2037,5210602635,HamsterdamnSwag,0,35.5,CPT Tim Tawa UTIL Corbin Carroll UTIL Manny Machado UTIL Ketel Marte UTIL Jackson Merrill UTIL Max Kepler,,,
2037,5210608243,mcmeece,0,35.5,CPT Fernando Tatis Jr. UTIL Corbin Carroll UTIL Manny Machado UTIL Max Kepler UTIL Ryan Waldschmidt UTIL Tim Tawa,,,
2037,5210608497,nate6208,0,35.5,CPT Tim Tawa UTIL Corbin Carroll UTIL Manny Machado UTIL Jackson Merrill UTIL Geraldo Perdomo UTIL Xander Bogaerts,,,
2037,5210611917,Rocky50,0,35.5,CPT Corbin Carroll UTIL Fernando Tatis Jr. UTIL Manny Machado UTIL Geraldo Perdomo UTIL Tim Tawa UTIL Freddy Fermin,,,
2037,5210616105,84flipmode (14/20),0,35.5,CPT Tim Tawa UTIL Corbin Carroll UTIL Ketel Marte UTIL Jackson Merrill UTIL Luis Rengifo UTIL Nolan Arenado,,,
2037,5210616108,AM111189,0,35.5,CPT Corbin Carroll UTIL Fernando Tatis Jr. UTIL Nolan Arenado UTIL Xander Bogaerts UTIL Lars Nootbaar UTIL Tim Tawa,,,
2037,5210637322,BadDaddyMikey,0,35.5,CPT Corbin Carroll UTIL Fernando Tatis Jr. UTIL Manny Machado UTIL Geraldo Perdomo UTIL Tim Tawa UTIL Freddy Fermin,,,
2037,5210637342,giantsguy65 (1/2),0,35.5,CPT Corbin Carroll UTIL Fernando Tatis Jr. UTIL Manny Machado UTIL Geraldo Perdomo UTIL Tim Tawa UTIL Freddy Fermin,,,
2037,5210642659,Bigbrother26 (1/2),0,35.5,CPT Fernando Tatis Jr. UTIL Ketel Marte UTIL Geraldo Perdomo UTIL Xander Bogaerts UTIL Lars Nootbaar UTIL Tim Tawa,,,
2037,5210646317,giantsguy65 (2/2),0,35.5,CPT Corbin Carroll UTIL Fernando Tatis Jr. UTIL Manny Machado UTIL Geraldo Perdomo UTIL Tim Tawa UTIL Freddy Fermin,,,
2037,5210660684,kingcriss,0,35.5,CPT Corbin Carroll UTIL Fernando Tatis Jr. UTIL Manny Machado UTIL Nolan Arenado UTIL Max Kepler UTIL Freddy Fermin,,,
2037,5210667589,Zorlando (4/5),0,35.5,CPT Lars Nootbaar UTIL Fernando Tatis Jr. UTIL Corbin Carroll UTIL Ketel Marte UTIL Xander Bogaerts UTIL Gavin Sheets,,,
2072,5210083329,kreller17 (13/20),0,35.45,CPT Nolan Arenado UTIL Kohl Drake UTIL Ty France UTIL Xander Bogaerts UTIL Max Kepler UTIL Gabriel Moreno,,,
2072,5210381205,Ezilodi (1/20),0,35.45,CPT Nolan Arenado UTIL Kohl Drake UTIL Ty France UTIL Xander Bogaerts UTIL Max Kepler UTIL Gabriel Moreno,,,
2074,5210459573,Redg817 (1/2),0,35.3,CPT Ketel Marte UTIL Walker Buehler UTIL Corbin Carroll UTIL Ty France UTIL James McCann UTIL Tyler Locklear,,,
2074,5210577640,Bleau44,0,35.3,CPT Corbin Carroll UTIL Walker Buehler UTIL Lars Nootbaar UTIL Ryan Waldschmidt UTIL Gavin Sheets UTIL Gabriel Moreno,,,
2074,5210596992,lil40oz53545,0,35.3,CPT Ketel Marte UTIL Walker Buehler UTIL Fernando Tatis Jr. UTIL Nolan Arenado UTIL Tim Tawa UTIL Freddy Fermin,,,
2077,5210495040,Edgitt116 (7/10),0,35.25,CPT Jase Bowen UTIL Walker Buehler UTIL Kohl Drake UTIL Manny Machado UTIL Xander Bogaerts UTIL Gabriel Moreno,,,
2077,5210546429,ANTBC25 (6/10),0,35.25,CPT Jackson Merrill UTIL Walker Buehler UTIL Kohl Drake UTIL Ryan Waldschmidt UTIL Tim Tawa UTIL Jake Cronenworth,,,
2077,5210546430,ANTBC25 (7/10),0,35.25,CPT Geraldo Perdomo UTIL Walker Buehler UTIL Kohl Drake UTIL Jake Cronenworth UTIL Freddy Fermin UTIL Gabriel Moreno,,,
2080,5210324654,Satch65 (7/20),0,35.2,CPT Walker Buehler UTIL Corbin Carroll UTIL Luis Rengifo UTIL Max Kepler UTIL Gavin Sheets UTIL Tim Tawa,,,
2080,5210443079,Twyman2021,0,35.2,CPT Walker Buehler UTIL Fernando Tatis Jr. UTIL Xander Bogaerts UTIL Tim Tawa UTIL Adrian Del Castillo UTIL Jose Fernandez,,,
2080,5210565052,dano27161,0,35.2,CPT Walker Buehler UTIL Ketel Marte UTIL Luis Rengifo UTIL Nolan Arenado UTIL Max Kepler UTIL Freddy Fermin,,,
2080,5210656122,mitchell70 (5/5),0,35.2,CPT Walker Buehler UTIL Jackson Merrill UTIL Luis Rengifo UTIL Lars Nootbaar UTIL Ryan Waldschmidt UTIL Gavin Sheets,,,
2084,5209655810,YaWannuDP (1/2),0,35,CPT James McCann UTIL Fernando Tatis Jr. UTIL Manny Machado UTIL Jackson Merrill UTIL Nolan Arenado UTIL Xander Bogaerts,,,
2084,5209898007,Anthony3251,0,35,CPT Geraldo Perdomo UTIL Fernando Tatis Jr. UTIL Corbin Carroll UTIL Ketel Marte UTIL Tim Tawa UTIL Jake Cronenworth,,,
2084,5210092386,harmon2121 (1/2),0,35,CPT Manny Machado UTIL Fernando Tatis Jr. UTIL Corbin Carroll UTIL Geraldo Perdomo UTIL Tim Tawa UTIL Freddy Fermin,,,
2084,5210220834,sinnott1,0,35,CPT Jackson Merrill UTIL Fernando Tatis Jr. UTIL Manny Machado UTIL Nolan Arenado UTIL Ryan Waldschmidt UTIL Tim Tawa,,,
2084,5210432641,xxbobby71xx (2/2),0,35,CPT Xander Bogaerts UTIL Manny Machado UTIL Ketel Marte UTIL Ty France UTIL Nolan Arenado UTIL Gavin Sheets,,,
2084,5210486160,Daboys28904,0,35,CPT Manny Machado UTIL Fernando Tatis Jr. UTIL Corbin Carroll UTIL Nolan Arenado UTIL Lars Nootbaar UTIL Freddy Fermin,,,
2084,5210542376,WD1421 (1/12),0,35,CPT Xander Bogaerts UTIL Fernando Tatis Jr. UTIL Corbin Carroll UTIL Ketel Marte UTIL Ryan Waldschmidt UTIL Gavin Sheets,,,
2084,5210542385,WD1421 (2/12),0,35,CPT Xander Bogaerts UTIL Fernando Tatis Jr. UTIL Corbin Carroll UTIL Ketel Marte UTIL Ryan Waldschmidt UTIL Gavin Sheets,,,
2084,5210542398,WD1421 (3/12),0,35,CPT Xander Bogaerts UTIL Fernando Tatis Jr. UTIL Corbin Carroll UTIL Ketel Marte UTIL Ryan Waldschmidt UTIL Gavin Sheets,,,
2084,5210551654,WD1421 (4/12),0,35,CPT Xander Bogaerts UTIL Fernando Tatis Jr. UTIL Corbin Carroll UTIL Ketel Marte UTIL Ryan Waldschmidt UTIL Gavin Sheets,,,
2084,5210551656,WD1421 (5/12),0,35,CPT Xander Bogaerts UTIL Fernando Tatis Jr. UTIL Corbin Carroll UTIL Ketel Marte UTIL Ryan Waldschmidt UTIL Gavin Sheets,,,
2084,5210551658,WD1421 (6/12),0,35,CPT Xander Bogaerts UTIL Fernando Tatis Jr. UTIL Corbin Carroll UTIL Ketel Marte UTIL Ryan Waldschmidt UTIL Gavin Sheets,,,
2084,5210605315,woodreb5 (8/20),0,35,CPT Gavin Sheets UTIL Fernando Tatis Jr. UTIL Manny Machado UTIL Jackson Merrill UTIL Nolan Arenado UTIL Xander Bogaerts,,,
2084,5210626423,sgtky23,0,35,CPT Nolan Arenado UTIL Fernando Tatis Jr. UTIL Corbin Carroll UTIL Geraldo Perdomo UTIL Xander Bogaerts UTIL Jake Cronenworth,,,
2084,5210627327,surfrider72 (3/9),0,35,CPT Ryan Waldschmidt UTIL Fernando Tatis Jr. UTIL Manny Machado UTIL Ketel Marte UTIL Jackson Merrill UTIL Tim Tawa,,,
2084,5210628778,calnuss (2/2),0,35,CPT Manny Machado UTIL Fernando Tatis Jr. UTIL Corbin Carroll UTIL Geraldo Perdomo UTIL Tim Tawa UTIL Freddy Fermin,,,
2084,5210639336,thehoser21 (1/2),0,35,CPT Geraldo Perdomo UTIL Fernando Tatis Jr. UTIL Manny Machado UTIL Jackson Merrill UTIL Lars Nootbaar UTIL Freddy Fermin,,,
2084,5210647575,Coolish2426,0,35,CPT Geraldo Perdomo UTIL Corbin Carroll UTIL Ketel Marte UTIL Jackson Merrill UTIL Xander Bogaerts UTIL Freddy Fermin,,,
2084,5210658280,tonis7481,0,35,CPT Xander Bogaerts UTIL Fernando Tatis Jr. UTIL Corbin Carroll UTIL Ketel Marte UTIL Ryan Waldschmidt UTIL Gavin Sheets,,,
2084,5210661234,stargell8pops,0,35,CPT Geraldo Perdomo UTIL Fernando Tatis Jr. UTIL Nolan Arenado UTIL Xander Bogaerts UTIL Lars Nootbaar UTIL Gabriel Moreno,,,
2084,5210671470,ggriggcubsfan (1/2),0,35,CPT Manny Machado UTIL Fernando Tatis Jr. UTIL Corbin Carroll UTIL Geraldo Perdomo UTIL Tim Tawa UTIL Freddy Fermin,,,
2084,5210675688,cadezane1 (17/20),0,35,CPT Geraldo Perdomo UTIL Fernando Tatis Jr. UTIL Nolan Arenado UTIL Xander Bogaerts UTIL Max Kepler UTIL Gabriel Moreno,,,
2106,5210561781,whitty785,0,34.975,CPT Kohl Drake UTIL Walker Buehler UTIL Jackson Merrill UTIL Max Kepler UTIL Jake Cronenworth UTIL Freddy Fermin,,,
2106,5210671006,62caddyconvert (1/2),0,34.975,CPT Kohl Drake UTIL Walker Buehler UTIL Jackson Merrill UTIL Max Kepler UTIL Jake Cronenworth UTIL Freddy Fermin,,,
2108,5209758156,Sammy.Boy (6/20),0,34.95,CPT Ketel Marte UTIL Kohl Drake UTIL Luis Rengifo UTIL Lars Nootbaar UTIL Tim Tawa UTIL Gabriel Moreno,,,
2108,5209939719,bluefan62 (3/4),0,34.95,CPT Corbin Carroll UTIL Kohl Drake UTIL Geraldo Perdomo UTIL Tim Tawa UTIL Jake Cronenworth UTIL Gabriel Moreno,,,
2108,5209943907,Grit7880 (3/4),0,34.95,CPT Gabriel Moreno UTIL Kohl Drake UTIL Jackson Merrill UTIL Geraldo Perdomo UTIL Lars Nootbaar UTIL Tim Tawa,,,
2108,5209971235,az350z (11/20),0,34.95,CPT Tim Tawa UTIL Kohl Drake UTIL Ketel Marte UTIL Jackson Merrill UTIL Lars Nootbaar UTIL Gabriel Moreno,,,
2108,5210045000,mbrummy1,0,34.95,CPT Jake Cronenworth UTIL Kohl Drake UTIL Jackson Merrill UTIL Ty France UTIL Geraldo Perdomo UTIL Nolan Arenado,,,
2108,5210092883,chrispy2005 (7/20),0,34.95,CPT Ketel Marte UTIL Kohl Drake UTIL Luis Rengifo UTIL Lars Nootbaar UTIL Tim Tawa UTIL Gabriel Moreno,,,
2108,5210238843,SpeedRacer101 (20/20),0,34.95,CPT Ketel Marte UTIL Kohl Drake UTIL Luis Rengifo UTIL Lars Nootbaar UTIL Tim Tawa UTIL Gabriel Moreno,,,
2108,5210360235,Mige1 (17/20),0,34.95,CPT Lars Nootbaar UTIL Kohl Drake UTIL Corbin Carroll UTIL Xander Bogaerts UTIL Max Kepler UTIL Gabriel Moreno,,,
2108,5210403899,cwthrow24 (13/20),0,34.95,CPT Corbin Carroll UTIL Kohl Drake UTIL Geraldo Perdomo UTIL Tim Tawa UTIL Jake Cronenworth UTIL Gabriel Moreno,,,
2108,5210493593,daddyaz13 (1/9),0,34.95,CPT Corbin Carroll UTIL Kohl Drake UTIL Geraldo Perdomo UTIL Tim Tawa UTIL Jake Cronenworth UTIL Gabriel Moreno,,,
2108,5210493594,daddyaz13 (2/9),0,34.95,CPT Corbin Carroll UTIL Kohl Drake UTIL Geraldo Perdomo UTIL Tim Tawa UTIL Jake Cronenworth UTIL Gabriel Moreno,,,
2108,5210541913,zachdaddy (7/20),0,34.95,CPT Ketel Marte UTIL Kohl Drake UTIL Luis Rengifo UTIL Lars Nootbaar UTIL Tim Tawa UTIL Gabriel Moreno,,,
2108,5210585139,morganelizabeth2 (4/5),0,34.95,CPT Ketel Marte UTIL Kohl Drake UTIL Corbin Carroll UTIL Tim Tawa UTIL Freddy Fermin UTIL Gabriel Moreno,,,
2108,5210594001,Gagenator51 (2/20),0,34.95,CPT Max Kepler UTIL Kohl Drake UTIL Corbin Carroll UTIL Xander Bogaerts UTIL Lars Nootbaar UTIL Gabriel Moreno,,,
2108,5210599492,CoreyInDaHouse,0,34.95,CPT Corbin Carroll UTIL Kohl Drake UTIL Geraldo Perdomo UTIL Tim Tawa UTIL Jake Cronenworth UTIL Gabriel Moreno,,,
2108,5210615912,Rowdog31 (12/20),0,34.95,CPT Gabriel Moreno UTIL Kohl Drake UTIL Corbin Carroll UTIL Geraldo Perdomo UTIL Ryan Waldschmidt UTIL Jake Cronenworth,,,
2108,5210630385,ac919 (18/20),0,34.95,CPT Corbin Carroll UTIL Kohl Drake UTIL Geraldo Perdomo UTIL Tim Tawa UTIL Jake Cronenworth UTIL Gabriel Moreno,,,
2108,5210638833,jasons1876,0,34.95,CPT Gabriel Moreno UTIL Kohl Drake UTIL Corbin Carroll UTIL Geraldo Perdomo UTIL Ryan Waldschmidt UTIL Jake Cronenworth,,,
2108,5210639543,rainmania (19/20),0,34.95,CPT Corbin Carroll UTIL Kohl Drake UTIL Geraldo Perdomo UTIL Tim Tawa UTIL Jake Cronenworth UTIL Gabriel Moreno,,,
2108,5210641731,monarch11 (8/20),0,34.95,CPT Corbin Carroll UTIL Kohl Drake UTIL Geraldo Perdomo UTIL Tim Tawa UTIL Jake Cronenworth UTIL Gabriel Moreno,,,
2128,5210615305,84flipmode (12/20),0,34.8,CPT Gavin Sheets UTIL Walker Buehler UTIL Ketel Marte UTIL Jackson Merrill UTIL Xander Bogaerts UTIL Max Kepler,,,
2128,5210643851,tonymutt (1/5),0,34.8,CPT Manny Machado UTIL Walker Buehler UTIL Geraldo Perdomo UTIL Luis Rengifo UTIL Lars Nootbaar UTIL Freddy Fermin,,,
2128,5210662612,HC0023 (12/20),0,34.8,CPT Manny Machado UTIL Walker Buehler UTIL Nolan Arenado UTIL Xander Bogaerts UTIL Gavin Sheets UTIL Jake Cronenworth,,,
2131,5210558330,mcrauswell (2/4),0,34.75,CPT Freddy Fermin UTIL Walker Buehler UTIL Kohl Drake UTIL Corbin Carroll UTIL Luis Rengifo UTIL Tim Tawa,,,
2131,5210558331,mcrauswell (3/4),0,34.75,CPT Tim Tawa UTIL Walker Buehler UTIL Kohl Drake UTIL Ketel Marte UTIL Ty France UTIL Freddy Fermin,,,
2131,5210601331,ClassicCityLiving,0,34.75,CPT Luis Rengifo UTIL Walker Buehler UTIL Kohl Drake UTIL Xander Bogaerts UTIL Ryan Waldschmidt UTIL Freddy Fermin,,,
2134,5209956921,MoneyRamirez (7/20),0,34.65,CPT Walker Buehler UTIL Kohl Drake UTIL Xander Bogaerts UTIL Gavin Sheets UTIL Jake Cronenworth UTIL Freddy Fermin,,,
2134,5210212767,TheBigOuch (7/20),0,34.65,CPT Walker Buehler UTIL Kohl Drake UTIL Nolan Arenado UTIL Xander Bogaerts UTIL Jake Cronenworth UTIL Freddy Fermin,,,
2134,5210613967,84flipmode (9/20),0,34.65,CPT Walker Buehler UTIL Kohl Drake UTIL Nolan Arenado UTIL Xander Bogaerts UTIL Jake Cronenworth UTIL Freddy Fermin,,,
2137,5209989069,rb146886 (1/2),0,34.5,CPT Fernando Tatis Jr. UTIL Corbin Carroll UTIL Geraldo Perdomo UTIL Xander Bogaerts UTIL Ryan Waldschmidt UTIL Tim Tawa,,,
2137,5210017585,Hotdogfatboy (3/4),0,34.5,CPT Fernando Tatis Jr. UTIL Corbin Carroll UTIL Geraldo Perdomo UTIL Xander Bogaerts UTIL Gavin Sheets UTIL Tim Tawa,,,
2137,5210082159,zeusturnmeloose,0,34.5,CPT Corbin Carroll UTIL Fernando Tatis Jr. UTIL Ketel Marte UTIL Nolan Arenado UTIL Lars Nootbaar UTIL Freddy Fermin,,,
2137,5210113067,Blazers75,0,34.5,CPT Fernando Tatis Jr. UTIL Corbin Carroll UTIL Geraldo Perdomo UTIL Xander Bogaerts UTIL Ryan Waldschmidt UTIL Tim Tawa,,,
2137,5210444362,JoeNY07 (3/6),0,34.5,CPT Corbin Carroll UTIL Ty France UTIL Geraldo Perdomo UTIL Luis Rengifo UTIL Max Kepler UTIL Ryan Waldschmidt,,,
2137,5210452783,JoeNY07 (5/6),0,34.5,CPT Corbin Carroll UTIL Geraldo Perdomo UTIL Nolan Arenado UTIL Xander Bogaerts UTIL Lars Nootbaar UTIL Gabriel Moreno,,,
2137,5210461072,jaydrafted (2/4),0,34.5,CPT Fernando Tatis Jr. UTIL Ketel Marte UTIL Jackson Merrill UTIL Nolan Arenado UTIL Gavin Sheets UTIL Tim Tawa,,,
2137,5210497180,Dirkdynasty (3/8),0,34.5,CPT Ketel Marte UTIL Jackson Merrill UTIL Luis Rengifo UTIL Nolan Arenado UTIL Xander Bogaerts UTIL Luis Campusano,,,
2137,5210512353,okelly36 (2/2),0,34.5,CPT Lars Nootbaar UTIL Fernando Tatis Jr. UTIL Corbin Carroll UTIL Manny Machado UTIL Max Kepler UTIL Tim Tawa,,,
2137,5210517830,orchard7 (3/18),0,34.5,CPT Fernando Tatis Jr. UTIL Corbin Carroll UTIL Geraldo Perdomo UTIL Xander Bogaerts UTIL Ryan Waldschmidt UTIL Tim Tawa,,,
2137,5210543999,SharkVader,0,34.5,CPT Corbin Carroll UTIL Geraldo Perdomo UTIL Nolan Arenado UTIL Xander Bogaerts UTIL Max Kepler UTIL Gabriel Moreno,,,
2137,5210563973,Rohan1981,0,34.5,CPT Fernando Tatis Jr. UTIL Manny Machado UTIL Geraldo Perdomo UTIL Nolan Arenado UTIL Tim Tawa UTIL Jake Cronenworth,,,
2137,5210565909,MMMOSS76,0,34.5,CPT Fernando Tatis Jr. UTIL Corbin Carroll UTIL Manny Machado UTIL Nolan Arenado UTIL Ryan Waldschmidt UTIL Freddy Fermin,,,
2137,5210567020,AGGIES1515,0,34.5,CPT Fernando Tatis Jr. UTIL Corbin Carroll UTIL Geraldo Perdomo UTIL Xander Bogaerts UTIL Ryan Waldschmidt UTIL Tim Tawa,,,
2137,5210575247,taylor-11,0,34.5,CPT Fernando Tatis Jr. UTIL Corbin Carroll UTIL Geraldo Perdomo UTIL Xander Bogaerts UTIL Gavin Sheets UTIL Tim Tawa,,,
2137,5210600741,Heaven2010 (3/13),0,34.5,CPT Fernando Tatis Jr. UTIL Manny Machado UTIL Geraldo Perdomo UTIL Nolan Arenado UTIL Max Kepler UTIL Jake Cronenworth,,,
2137,5210600982,pisco80 (2/20),0,34.5,CPT Corbin Carroll UTIL Fernando Tatis Jr. UTIL Ketel Marte UTIL Nolan Arenado UTIL Lars Nootbaar UTIL Freddy Fermin,,,
2137,5210611520,audi2000,0,34.5,CPT Ketel Marte UTIL Fernando Tatis Jr. UTIL Geraldo Perdomo UTIL Max Kepler UTIL Gavin Sheets UTIL Gabriel Moreno,,,
2137,5210614446,jiglove81 (1/3),0,34.5,CPT Ketel Marte UTIL Manny Machado UTIL Geraldo Perdomo UTIL Xander Bogaerts UTIL Gavin Sheets UTIL Gabriel Moreno,,,
2137,5210616107,kingthurl (2/2),0,34.5,CPT Fernando Tatis Jr. UTIL Corbin Carroll UTIL Manny Machado UTIL Nolan Arenado UTIL Ryan Waldschmidt UTIL Freddy Fermin,,,
2137,5210617390,MarkDedmon52gmail.c (1/2),0,34.5,CPT Fernando Tatis Jr. UTIL Corbin Carroll UTIL Ketel Marte UTIL Max Kepler UTIL Gavin Sheets UTIL Tim Tawa,,,
2137,5210617706,cswil7,0,34.5,CPT Corbin Carroll UTIL Fernando Tatis Jr. UTIL Geraldo Perdomo UTIL Nolan Arenado UTIL Xander Bogaerts UTIL Freddy Fermin,,,
2137,5210634593,colesbadboy,0,34.5,CPT Corbin Carroll UTIL Manny Machado UTIL Ty France UTIL Nolan Arenado UTIL Lars Nootbaar UTIL Tim Tawa,,,
2137,5210635554,skiski2424 (3/5),0,34.5,CPT Corbin Carroll UTIL Fernando Tatis Jr. UTIL Ketel Marte UTIL Geraldo Perdomo UTIL Tim Tawa UTIL Freddy Fermin,,,
2137,5210640532,Mrdeenc (1/2),0,34.5,CPT Fernando Tatis Jr. UTIL Corbin Carroll UTIL Geraldo Perdomo UTIL Xander Bogaerts UTIL Ryan Waldschmidt UTIL Tim Tawa,,,
2137,5210645217,Kaygee1234,0,34.5,CPT Fernando Tatis Jr. UTIL Corbin Carroll UTIL Geraldo Perdomo UTIL Xander Bogaerts UTIL Ryan Waldschmidt UTIL Tim Tawa,,,
2137,5210646942,cameronhart23 (5/20),0,34.5,CPT Corbin Carroll UTIL Ketel Marte UTIL Jackson Merrill UTIL Geraldo Perdomo UTIL Ryan Waldschmidt UTIL Jake Cronenworth,,,
2137,5210649781,RonBurgundy21,0,34.5,CPT Fernando Tatis Jr. UTIL Ty France UTIL Geraldo Perdomo UTIL Nolan Arenado UTIL Max Kepler UTIL Tim Tawa,,,
2137,5210657458,ksilva86,0,34.5,CPT Gabriel Moreno UTIL Corbin Carroll UTIL Geraldo Perdomo UTIL Nolan Arenado UTIL Lars Nootbaar UTIL Freddy Fermin,,,
2137,5210661500,pbrk11 (3/3),0,34.5,CPT Ketel Marte UTIL Fernando Tatis Jr. UTIL Corbin Carroll UTIL Lars Nootbaar UTIL Max Kepler UTIL Tim Tawa,,,
2137,5210665529,minimalsubliminals (1/2),0,34.5,CPT Fernando Tatis Jr. UTIL Ketel Marte UTIL Nolan Arenado UTIL Ryan Waldschmidt UTIL Gavin Sheets UTIL Gabriel Moreno,,,
2168,5210324666,Satch65 (19/20),0,34.45,CPT Gavin Sheets UTIL Kohl Drake UTIL Fernando Tatis Jr. UTIL Corbin Carroll UTIL Ty France UTIL Freddy Fermin,,,
2168,5210430024,jenn1008,0,34.45,CPT Ty France UTIL Kohl Drake UTIL Geraldo Perdomo UTIL Nolan Arenado UTIL Xander Bogaerts UTIL Jake Cronenworth,,,
2170,5210119396,sdray199,0,34.3,CPT Tim Tawa UTIL Walker Buehler UTIL Corbin Carroll UTIL Ketel Marte UTIL Luis Rengifo UTIL Ryan Waldschmidt,,,
2170,5210148624,austin60915 (19/20),0,34.3,CPT Walker Buehler UTIL Kohl Drake UTIL Fernando Tatis Jr. UTIL Freddy Fermin UTIL Paul Sewald UTIL Mason Miller,,,
2170,5210355237,NewEnglamdFan (2/3),0,34.3,CPT Fernando Tatis Jr. UTIL Walker Buehler UTIL Manny Machado UTIL Gavin Sheets UTIL Tim Tawa UTIL James McCann,,,
2170,5210604291,extank3r (1/2),0,34.3,CPT Fernando Tatis Jr. UTIL Walker Buehler UTIL Geraldo Perdomo UTIL Ryan Waldschmidt UTIL Gavin Sheets UTIL Jake Cronenworth,,,
2174,5210394059,flymillen (2/2),0,34.25,CPT Manny Machado UTIL Walker Buehler UTIL Kohl Drake UTIL Lars Nootbaar UTIL Jake Cronenworth UTIL Freddy Fermin,,,
2174,5210522269,shockermudsports,0,34.25,CPT Manny Machado UTIL Walker Buehler UTIL Kohl Drake UTIL Tim Tawa UTIL Jake Cronenworth UTIL Freddy Fermin,,,
2174,5210593223,Heaven2010 (1/13),0,34.25,CPT Manny Machado UTIL Walker Buehler UTIL Kohl Drake UTIL Xander Bogaerts UTIL Jake Cronenworth UTIL Will Wagner,,,
2177,5209627215,FesterBlack,0,34.2,CPT Walker Buehler UTIL Jackson Merrill UTIL Nolan Arenado UTIL Xander Bogaerts UTIL Gavin Sheets UTIL Tim Tawa,,,
2177,5210466931,dionysus425 (1/2),0,34.2,CPT Walker Buehler UTIL Jackson Merrill UTIL Nolan Arenado UTIL Xander Bogaerts UTIL Ryan Waldschmidt UTIL Tim Tawa,,,
2177,5210643947,mrpaulwr (1/10),0,34.2,CPT Walker Buehler UTIL Ty France UTIL Geraldo Perdomo UTIL Lars Nootbaar UTIL Max Kepler UTIL Tim Tawa,,,
2177,5210662015,kayson1995 (3/4),0,34.2,CPT Walker Buehler UTIL Jackson Merrill UTIL Xander Bogaerts UTIL Lars Nootbaar UTIL Ryan Waldschmidt UTIL Gavin Sheets,,,
2181,5209902690,niquisition (2/20),0,34.175,CPT Kohl Drake UTIL Corbin Carroll UTIL Lars Nootbaar UTIL Max Kepler UTIL Jake Cronenworth UTIL Gabriel Moreno,,,
2181,5210411341,walkertr444 (4/8),0,34.175,CPT Kohl Drake UTIL Fernando Tatis Jr. UTIL Corbin Carroll UTIL Lars Nootbaar UTIL Jake Cronenworth UTIL Freddy Fermin,,,
2181,5210530716,joeybags63,0,34.175,CPT Kohl Drake UTIL Fernando Tatis Jr. UTIL Corbin Carroll UTIL Lars Nootbaar UTIL Jake Cronenworth UTIL Freddy Fermin,,,
2184,5209774506,charleso83 (2/2),0,34,CPT Geraldo Perdomo UTIL Manny Machado UTIL Jackson Merrill UTIL Ty France UTIL Lars Nootbaar UTIL Max Kepler,,,
2184,5209817727,calnuss (1/2),0,34,CPT Nolan Arenado UTIL Manny Machado UTIL Ty France UTIL Geraldo Perdomo UTIL Tim Tawa UTIL Gabriel Moreno,,,
2184,5209951269,ataribravo (20/20),0,34,CPT Manny Machado UTIL Fernando Tatis Jr. UTIL Geraldo Perdomo UTIL Luis Rengifo UTIL Nolan Arenado UTIL Freddy Fermin,,,
2184,5210025692,LTskelter (19/20),0,34,CPT Manny Machado UTIL Fernando Tatis Jr. UTIL Geraldo Perdomo UTIL Luis Rengifo UTIL Nolan Arenado UTIL Freddy Fermin,,,
2184,5210048037,TurtlePunch (2/3),0,34,CPT Manny Machado UTIL Ketel Marte UTIL Geraldo Perdomo UTIL Luis Rengifo UTIL Xander Bogaerts UTIL Tim Tawa,,,
2184,5210271370,killian66,0,34,CPT Geraldo Perdomo UTIL Fernando Tatis Jr. UTIL Manny Machado UTIL Ty France UTIL Nolan Arenado UTIL Freddy Fermin,,,
2184,5210382244,Vogel12,0,34,CPT Luis Campusano UTIL Fernando Tatis Jr. UTIL Corbin Carroll UTIL Ketel Marte UTIL Xander Bogaerts UTIL Tim Tawa,,,
2184,5210413040,merrills1,0,34,CPT Nolan Arenado UTIL Manny Machado UTIL Ketel Marte UTIL Ty France UTIL Xander Bogaerts UTIL Lars Nootbaar,,,
2184,5210424114,hyrulprince,0,34,CPT Manny Machado UTIL Corbin Carroll UTIL Ketel Marte UTIL Nolan Arenado UTIL Xander Bogaerts UTIL Freddy Fermin,,,
2184,5210475700,Cartertd (1/4),0,34,CPT Ryan Waldschmidt UTIL Fernando Tatis Jr. UTIL Corbin Carroll UTIL Manny Machado UTIL Ketel Marte UTIL Freddy Fermin,,,
2184,5210479260,roysecity8888,0,34,CPT Jackson Merrill UTIL Corbin Carroll UTIL Ty France UTIL Geraldo Perdomo UTIL Ryan Waldschmidt UTIL Gavin Sheets,,,
2184,5210497662,joamuall,0,34,CPT Nolan Arenado UTIL Corbin Carroll UTIL Manny Machado UTIL Jackson Merrill UTIL Xander Bogaerts UTIL Tim Tawa,,,
2184,5210559519,BmoreAware (1/2),0,34,CPT Nolan Arenado UTIL Fernando Tatis Jr. UTIL Corbin Carroll UTIL Jackson Merrill UTIL Lars Nootbaar UTIL Tim Tawa,,,
2184,5210571768,bigdave55er,0,34,CPT Ryan Waldschmidt UTIL Fernando Tatis Jr. UTIL Corbin Carroll UTIL Ketel Marte UTIL Xander Bogaerts UTIL Lars Nootbaar,,,
2184,5210591589,likem,0,34,CPT Nolan Arenado UTIL Fernando Tatis Jr. UTIL Manny Machado UTIL Ketel Marte UTIL Tim Tawa UTIL Jake Cronenworth,,,
2184,5210615810,Heaven2010 (11/13),0,34,CPT Geraldo Perdomo UTIL Corbin Carroll UTIL Ketel Marte UTIL Nolan Arenado UTIL Jake Cronenworth UTIL Gabriel Moreno,,,
2184,5210618725,Commando19,0,34,CPT Nolan Arenado UTIL Fernando Tatis Jr. UTIL Corbin Carroll UTIL Jackson Merrill UTIL Lars Nootbaar UTIL Tim Tawa,,,
2184,5210625285,coolsouthernbrees (11/16),0,34,CPT Geraldo Perdomo UTIL Manny Machado UTIL Ty France UTIL Nolan Arenado UTIL Lars Nootbaar UTIL Gabriel Moreno,,,
2184,5210631629,roxbury444,0,34,CPT Nolan Arenado UTIL Fernando Tatis Jr. UTIL Ty France UTIL Geraldo Perdomo UTIL Xander Bogaerts UTIL Max Kepler,,,
2184,5210657476,aaronsboys,0,34,CPT Manny Machado UTIL Fernando Tatis Jr. UTIL Nolan Arenado UTIL Xander Bogaerts UTIL Lars Nootbaar UTIL Max Kepler,,,
2204,5209985456,sbolomo (8/20),0,33.95,CPT Corbin Carroll UTIL Kohl Drake UTIL Xander Bogaerts UTIL Ryan Waldschmidt UTIL Tim Tawa UTIL Gabriel Moreno,,,
2204,5210083317,kreller17 (1/20),0,33.95,CPT Ketel Marte UTIL Kohl Drake UTIL Corbin Carroll UTIL Ty France UTIL Tim Tawa UTIL Freddy Fermin,,,
2204,5210268316,jsh1122 (17/20),0,33.95,CPT Tim Tawa UTIL Kohl Drake UTIL Fernando Tatis Jr. UTIL Manny Machado UTIL Gavin Sheets UTIL Gabriel Moreno,,,
2204,5210590625,bossplayer318 (5/20),0,33.95,CPT Tim Tawa UTIL Kohl Drake UTIL Ketel Marte UTIL Jackson Merrill UTIL Ty France UTIL Lars Nootbaar,,,
2204,5210609032,pdanielsjr (18/20),0,33.95,CPT Ketel Marte UTIL Kohl Drake UTIL Corbin Carroll UTIL Xander Bogaerts UTIL Tim Tawa UTIL Jake Cronenworth,,,
2204,5210669873,Coonass322,0,33.95,CPT Fernando Tatis Jr. UTIL Kohl Drake UTIL Corbin Carroll UTIL Lars Nootbaar UTIL Tim Tawa UTIL Freddy Fermin,,,
2210,5210502229,blck90vette,0,33.8,CPT Manny Machado UTIL Walker Buehler UTIL Jackson Merrill UTIL Lars Nootbaar UTIL Ryan Waldschmidt UTIL Tim Tawa,,,
2210,5210617665,Big_Red_Machine_33,0,33.8,CPT Manny Machado UTIL Walker Buehler UTIL Geraldo Perdomo UTIL Xander Bogaerts UTIL Lars Nootbaar UTIL Freddy Fermin,,,
2212,5210399629,soaks0933 (3/7),0,33.75,CPT Tim Tawa UTIL Walker Buehler UTIL Kohl Drake UTIL Xander Bogaerts UTIL Gavin Sheets UTIL Gabriel Moreno,,,
2213,5210180100,LOCNOTM (7/20),0,33.65,CPT Walker Buehler UTIL Kohl Drake UTIL Lars Nootbaar UTIL Gavin Sheets UTIL Freddy Fermin UTIL Gabriel Moreno,,,
2213,5210496857,TNeidert (5/20),0,33.65,CPT Walker Buehler UTIL Kohl Drake UTIL Luis Rengifo UTIL Gavin Sheets UTIL Tim Tawa UTIL Jake Cronenworth,,,
2213,5210603139,coolsouthernbrees (1/16),0,33.65,CPT Walker Buehler UTIL Kohl Drake UTIL Luis Rengifo UTIL Gavin Sheets UTIL Tim Tawa UTIL Jake Cronenworth,,,
2213,5210609280,JJSaenz (8/20),0,33.65,CPT Walker Buehler UTIL Kohl Drake UTIL Gavin Sheets UTIL Tim Tawa UTIL Freddy Fermin UTIL Gabriel Moreno,,,
2213,5210658611,kford23 (2/2),0,33.65,CPT Walker Buehler UTIL Kohl Drake UTIL Luis Rengifo UTIL Gavin Sheets UTIL Tim Tawa UTIL Jake Cronenworth,,,
2218,5210582514,jrice54 (8/20),0,33.625,CPT Kohl Drake UTIL Walker Buehler UTIL Geraldo Perdomo UTIL Freddy Fermin UTIL Gabriel Moreno UTIL Adrian Morejon,,,
2219,5210010758,cubcrazyfool,0,33.5,CPT Ketel Marte UTIL Fernando Tatis Jr. UTIL Corbin Carroll UTIL Nolan Arenado UTIL Max Kepler UTIL Freddy Fermin,,,
2219,5210072106,zanva,0,33.5,CPT Corbin Carroll UTIL Fernando Tatis Jr. UTIL Ty France UTIL Ildemaro Vargas UTIL Luis Campusano UTIL Tyler Locklear,,,
2219,5210203691,jsamtoy (13/20),0,33.5,CPT Max Kepler UTIL Corbin Carroll UTIL Manny Machado UTIL Nolan Arenado UTIL Lars Nootbaar UTIL Gabriel Moreno,,,
2219,5210206832,Aslayday (3/3),0,33.5,CPT Corbin Carroll UTIL Fernando Tatis Jr. UTIL Manny Machado UTIL Lars Nootbaar UTIL Gavin Sheets UTIL Tim Tawa,,,
2219,5210384941,vstar1300 (5/6),0,33.5,CPT Corbin Carroll UTIL Ketel Marte UTIL Geraldo Perdomo UTIL Nolan Arenado UTIL Freddy Fermin UTIL Gabriel Moreno,,,
2219,5210386651,dealt8506,0,33.5,CPT Lars Nootbaar UTIL Fernando Tatis Jr. UTIL Corbin Carroll UTIL Manny Machado UTIL Geraldo Perdomo UTIL Freddy Fermin,,,
2219,5210422961,Bulldog44,0,33.5,CPT Corbin Carroll UTIL Fernando Tatis Jr. UTIL Manny Machado UTIL Lars Nootbaar UTIL Gavin Sheets UTIL Tim Tawa,,,
2219,5210506421,ESPCOWBOY74,0,33.5,CPT Tim Tawa UTIL Fernando Tatis Jr. UTIL Manny Machado UTIL Ty France UTIL Geraldo Perdomo UTIL Nolan Arenado,,,
2219,5210571542,124hoffman (8/8),0,33.5,CPT Luis Rengifo UTIL Fernando Tatis Jr. UTIL Manny Machado UTIL Geraldo Perdomo UTIL Ryan Waldschmidt UTIL Tim Tawa,,,
2219,5210572281,markcamaro (13/14),0,33.5,CPT Luis Rengifo UTIL Fernando Tatis Jr. UTIL Manny Machado UTIL Geraldo Perdomo UTIL Max Kepler UTIL Ryan Waldschmidt,,,
2219,5210590228,ptello9298 (12/20),0,33.5,CPT Corbin Carroll UTIL Ketel Marte UTIL Geraldo Perdomo UTIL Nolan Arenado UTIL Freddy Fermin UTIL Gabriel Moreno,,,
2219,5210590236,ptello9298 (20/20),0,33.5,CPT Max Kepler UTIL Corbin Carroll UTIL Ketel Marte UTIL Ty France UTIL Geraldo Perdomo UTIL Freddy Fermin,,,
2219,5210600557,gabrielnew24 (1/4),0,33.5,CPT Corbin Carroll UTIL Ketel Marte UTIL Geraldo Perdomo UTIL Nolan Arenado UTIL Freddy Fermin UTIL Gabriel Moreno,,,
2219,5210601296,gabrielnew24 (2/4),0,33.5,CPT Corbin Carroll UTIL Ketel Marte UTIL Geraldo Perdomo UTIL Nolan Arenado UTIL Freddy Fermin UTIL Gabriel Moreno,,,
2219,5210602274,fish1.0,0,33.5,CPT Tim Tawa UTIL Fernando Tatis Jr. UTIL Manny Machado UTIL Ty France UTIL Geraldo Perdomo UTIL Nolan Arenado,,,
2219,5210619671,steelsteve112 (1/3),0,33.5,CPT Max Kepler UTIL Fernando Tatis Jr. UTIL Corbin Carroll UTIL Manny Machado UTIL Geraldo Perdomo UTIL Freddy Fermin,,,
2219,5210620869,Beltwayboy74 (1/2),0,33.5,CPT Fernando Tatis Jr. UTIL Manny Machado UTIL Nolan Arenado UTIL Xander Bogaerts UTIL Lars Nootbaar UTIL Ryan Waldschmidt,,,
2219,5210632440,Beltwayboy74 (2/2),0,33.5,CPT Fernando Tatis Jr. UTIL Manny Machado UTIL Nolan Arenado UTIL Xander Bogaerts UTIL Lars Nootbaar UTIL Ryan Waldschmidt,,,
2219,5210646950,cameronhart23 (13/20),0,33.5,CPT Lars Nootbaar UTIL Corbin Carroll UTIL Manny Machado UTIL Geraldo Perdomo UTIL Max Kepler UTIL Gabriel Moreno,,,
2219,5210655165,GlennLuke,0,33.5,CPT Corbin Carroll UTIL Fernando Tatis Jr. UTIL Manny Machado UTIL Lars Nootbaar UTIL Ryan Waldschmidt UTIL Tim Tawa,,,
2219,5210671226,Rutt22 (2/2),0,33.5,CPT Lars Nootbaar UTIL Fernando Tatis Jr. UTIL Corbin Carroll UTIL Geraldo Perdomo UTIL Xander Bogaerts UTIL Max Kepler,,,
2240,5210281400,monkeypat555,0,33.45,CPT Ty France UTIL Kohl Drake UTIL Geraldo Perdomo UTIL Ryan Waldschmidt UTIL Tim Tawa UTIL Gabriel Moreno,,,
2241,5210542586,SIRNBT1 (4/5),0,33.3,CPT Tim Tawa UTIL Walker Buehler UTIL Fernando Tatis Jr. UTIL Geraldo Perdomo UTIL Luis Rengifo UTIL Gavin Sheets,,,
2242,5210242665,beatise,0,33.2,CPT Walker Buehler UTIL Corbin Carroll UTIL Geraldo Perdomo UTIL Xander Bogaerts UTIL Gavin Sheets UTIL Freddy Fermin,,,
2242,5210574092,kingthurl (1/2),0,33.2,CPT Walker Buehler UTIL Corbin Carroll UTIL Geraldo Perdomo UTIL Xander Bogaerts UTIL Gavin Sheets UTIL Freddy Fermin,,,
2242,5210609925,carloso (3/3),0,33.2,CPT Walker Buehler UTIL Manny Machado UTIL Luis Rengifo UTIL Nolan Arenado UTIL Ryan Waldschmidt UTIL Freddy Fermin,,,
2242,5210640935,walkertr444 (8/8),0,33.2,CPT Walker Buehler UTIL Corbin Carroll UTIL Geraldo Perdomo UTIL Xander Bogaerts UTIL Gavin Sheets UTIL Freddy Fermin,,,
2246,5210324651,Satch65 (4/20),0,33.175,CPT Kohl Drake UTIL Ty France UTIL Geraldo Perdomo UTIL Gavin Sheets UTIL Jake Cronenworth UTIL Gabriel Moreno,,,
2246,5210489570,atat13 (18/20),0,33.175,CPT Kohl Drake UTIL Manny Machado UTIL Ty France UTIL Xander Bogaerts UTIL Max Kepler UTIL Freddy Fermin,,,
2248,5209915304,Cards1640 (4/4),0,33,CPT Manny Machado UTIL Corbin Carroll UTIL Ketel Marte UTIL Geraldo Perdomo UTIL Tim Tawa UTIL Jake Cronenworth,,,
2248,5209959836,JACKRABBITNOLA,0,33,CPT Manny Machado UTIL Fernando Tatis Jr. UTIL Ketel Marte UTIL Geraldo Perdomo UTIL Max Kepler UTIL Freddy Fermin,,,
2248,5209998772,pat_the_hat2 (13/20),0,33,CPT Geraldo Perdomo UTIL Manny Machado UTIL Jackson Merrill UTIL Luis Rengifo UTIL Xander Bogaerts UTIL Gavin Sheets,,,
2248,5210083320,kreller17 (4/20),0,33,CPT Nolan Arenado UTIL Corbin Carroll UTIL Manny Machado UTIL Luis Rengifo UTIL Xander Bogaerts UTIL Max Kepler,,,
2248,5210268304,jsh1122 (5/20),0,33,CPT Manny Machado UTIL Fernando Tatis Jr. UTIL Corbin Carroll UTIL Lars Nootbaar UTIL Ryan Waldschmidt UTIL Tim Tawa,,,
2248,5210268311,jsh1122 (12/20),0,33,CPT Geraldo Perdomo UTIL Fernando Tatis Jr. UTIL Manny Machado UTIL Lars Nootbaar UTIL Gavin Sheets UTIL Gabriel Moreno,,,
2248,5210453411,JONJAYRULEZ,0,33,CPT Geraldo Perdomo UTIL Corbin Carroll UTIL Ketel Marte UTIL Luis Rengifo UTIL Lars Nootbaar UTIL Jake Cronenworth,,,
2248,5210485721,Cartertd (2/4),0,33,CPT Geraldo Perdomo UTIL Fernando Tatis Jr. UTIL Manny Machado UTIL Max Kepler UTIL Ryan Waldschmidt UTIL Gabriel Moreno,,,
2248,5210577616,FrameScore7,0,33,CPT Manny Machado UTIL Fernando Tatis Jr. UTIL Ketel Marte UTIL Geraldo Perdomo UTIL Max Kepler UTIL Freddy Fermin,,,
2248,5210593055,smk5430 (7/20),0,33,CPT Geraldo Perdomo UTIL Manny Machado UTIL Jackson Merrill UTIL Luis Rengifo UTIL Xander Bogaerts UTIL Gavin Sheets,,,
2248,5210599699,gummstick12,0,33,CPT Manny Machado UTIL Fernando Tatis Jr. UTIL Ketel Marte UTIL Geraldo Perdomo UTIL Max Kepler UTIL Freddy Fermin,,,
2248,5210600749,peteram,0,33,CPT Nolan Arenado UTIL Fernando Tatis Jr. UTIL Manny Machado UTIL Jackson Merrill UTIL Lars Nootbaar UTIL Tim Tawa,,,
2248,5210615915,Rowdog31 (15/20),0,33,CPT Geraldo Perdomo UTIL Fernando Tatis Jr. UTIL Corbin Carroll UTIL Luis Rengifo UTIL Max Kepler UTIL Tim Tawa,,,
2248,5210617697,flschreib (1/2),0,33,CPT Manny Machado UTIL Fernando Tatis Jr. UTIL Ketel Marte UTIL Geraldo Perdomo UTIL Max Kepler UTIL Freddy Fermin,,,
2248,5210643807,lea2016 (2/2),0,33,CPT Manny Machado UTIL Fernando Tatis Jr. UTIL Corbin Carroll UTIL Lars Nootbaar UTIL Ryan Waldschmidt UTIL Tim Tawa,,,
2248,5210646946,cameronhart23 (9/20),0,33,CPT Geraldo Perdomo UTIL Fernando Tatis Jr. UTIL Corbin Carroll UTIL Luis Rengifo UTIL Max Kepler UTIL Tim Tawa,,,
2248,5210646949,cameronhart23 (12/20),0,33,CPT Manny Machado UTIL Fernando Tatis Jr. UTIL Corbin Carroll UTIL Lars Nootbaar UTIL Ryan Waldschmidt UTIL Tim Tawa,,,
2248,5210650880,dahoward1974 (6/9),0,33,CPT Manny Machado UTIL Corbin Carroll UTIL Ty France UTIL Geraldo Perdomo UTIL Nolan Arenado UTIL Freddy Fermin,,,
2248,5210653540,Rioslugger008 (2/3),0,33,CPT Manny Machado UTIL Corbin Carroll UTIL Ketel Marte UTIL Nolan Arenado UTIL Lars Nootbaar UTIL Jake Cronenworth,,,
2248,5210666349,mrw25 (6/20),0,33,CPT Manny Machado UTIL Ketel Marte UTIL Jackson Merrill UTIL Lars Nootbaar UTIL Max Kepler UTIL Tim Tawa,,,
2268,5209985465,sbolomo (17/20),0,32.975,CPT Kohl Drake UTIL Walker Buehler UTIL Ryan Waldschmidt UTIL Tim Tawa UTIL Jake Cronenworth UTIL Gabriel Moreno,,,
2268,5210212770,TheBigOuch (10/20),0,32.975,CPT Kohl Drake UTIL Walker Buehler UTIL Ryan Waldschmidt UTIL Tim Tawa UTIL Jake Cronenworth UTIL Gabriel Moreno,,,
2268,5210635542,Toney367 (16/20),0,32.975,CPT Kohl Drake UTIL Walker Buehler UTIL Fernando Tatis Jr. UTIL Jake Cronenworth UTIL James McCann UTIL Freddy Fermin,,,
2268,5210643213,Bigbrother26 (2/2),0,32.975,CPT Kohl Drake UTIL Walker Buehler UTIL Gavin Sheets UTIL Tim Tawa UTIL Jake Cronenworth UTIL Gabriel Moreno,,,
2272,5209972186,jhbecerra (8/12),0,32.95,CPT Corbin Carroll UTIL Kohl Drake UTIL Fernando Tatis Jr. UTIL Gavin Sheets UTIL Tim Tawa UTIL Jake Cronenworth,,,
2272,5209995995,HOFcity,0,32.95,CPT Freddy Fermin UTIL Kohl Drake UTIL Fernando Tatis Jr. UTIL Manny Machado UTIL Luis Rengifo UTIL Nolan Arenado,,,
2272,5210324652,Satch65 (5/20),0,32.95,CPT Tim Tawa UTIL Kohl Drake UTIL Corbin Carroll UTIL Jackson Merrill UTIL Luis Rengifo UTIL Lars Nootbaar,,,
2272,5210347772,cali760619 (2/2),0,32.95,CPT Corbin Carroll UTIL Kohl Drake UTIL Fernando Tatis Jr. UTIL Gavin Sheets UTIL Tim Tawa UTIL Jake Cronenworth,,,
2272,5210524117,eddymac222 (10/20),0,32.95,CPT Tim Tawa UTIL Kohl Drake UTIL Fernando Tatis Jr. UTIL Ketel Marte UTIL Ryan Waldschmidt UTIL Gabriel Moreno,,,
2272,5210534657,orchard7 (6/18),0,32.95,CPT Ketel Marte UTIL Kohl Drake UTIL Fernando Tatis Jr. UTIL Lars Nootbaar UTIL Tim Tawa UTIL Jake Cronenworth,,,
2272,5210550006,mandrzejewski (3/3),0,32.95,CPT Lars Nootbaar UTIL Kohl Drake UTIL Corbin Carroll UTIL Luis Rengifo UTIL Ryan Waldschmidt UTIL Gabriel Moreno,,,
2272,5210626007,84flipmode (17/20),0,32.95,CPT Luis Rengifo UTIL Kohl Drake UTIL Fernando Tatis Jr. UTIL Lars Nootbaar UTIL Max Kepler UTIL Tim Tawa,,,
2280,5210291042,denisallred (1/2),0,32.8,CPT Geraldo Perdomo UTIL Walker Buehler UTIL Fernando Tatis Jr. UTIL Jackson Merrill UTIL Tim Tawa UTIL Jase Bowen,,,
2280,5210600999,pisco80 (19/20),0,32.8,CPT Manny Machado UTIL Walker Buehler UTIL Corbin Carroll UTIL Nolan Arenado UTIL Tim Tawa UTIL Freddy Fermin,,,
2280,5210631573,kidcard (4/4),0,32.8,CPT Jackson Merrill UTIL Walker Buehler UTIL Manny Machado UTIL Max Kepler UTIL Ryan Waldschmidt UTIL Gavin Sheets,,,
2283,5210510309,pakattak21,0,32.75,CPT Corbin Carroll UTIL Walker Buehler UTIL Kohl Drake UTIL Ryan Waldschmidt UTIL Jake Cronenworth UTIL Freddy Fermin,,,
2283,5210618772,Mr.luckyGuy (5/5),0,32.75,CPT Tim Tawa UTIL Walker Buehler UTIL Kohl Drake UTIL Corbin Carroll UTIL Xander Bogaerts UTIL Freddy Fermin,,,
2285,5209500293,wcs1109 (18/20),0,32.65,CPT Walker Buehler UTIL Kohl Drake UTIL Manny Machado UTIL Gavin Sheets UTIL Jake Cronenworth UTIL Freddy Fermin,,,
2285,5209567451,Schoey17 (8/9),0,32.65,CPT Walker Buehler UTIL Kohl Drake UTIL Xander Bogaerts UTIL Gavin Sheets UTIL Tim Tawa UTIL Jake Cronenworth,,,
2285,5209951250,ataribravo (1/20),0,32.65,CPT Walker Buehler UTIL Kohl Drake UTIL Manny Machado UTIL Gavin Sheets UTIL Jake Cronenworth UTIL Freddy Fermin,,,
2285,5209956917,MoneyRamirez (3/20),0,32.65,CPT Walker Buehler UTIL Kohl Drake UTIL Manny Machado UTIL Gavin Sheets UTIL Jake Cronenworth UTIL Freddy Fermin,,,
2285,5209972181,jhbecerra (3/12),0,32.65,CPT Walker Buehler UTIL Kohl Drake UTIL Manny Machado UTIL Gavin Sheets UTIL Jake Cronenworth UTIL Freddy Fermin,,,
2285,5209984179,KGould86 (2/20),0,32.65,CPT Walker Buehler UTIL Kohl Drake UTIL Manny Machado UTIL Gavin Sheets UTIL Jake Cronenworth UTIL Freddy Fermin,,,
2285,5209985450,sbolomo (2/20),0,32.65,CPT Walker Buehler UTIL Kohl Drake UTIL Manny Machado UTIL Gavin Sheets UTIL Jake Cronenworth UTIL Freddy Fermin,,,
2285,5209999700,whoisjohngalt420 (20/20),0,32.65,CPT Walker Buehler UTIL Kohl Drake UTIL Manny Machado UTIL Gavin Sheets UTIL Jake Cronenworth UTIL Freddy Fermin,,,
2285,5210019660,LTskelter (1/20),0,32.65,CPT Walker Buehler UTIL Kohl Drake UTIL Manny Machado UTIL Gavin Sheets UTIL Jake Cronenworth UTIL Freddy Fermin,,,
2285,5210060716,JcClark18 (1/20),0,32.65,CPT Walker Buehler UTIL Kohl Drake UTIL Manny Machado UTIL Gavin Sheets UTIL Jake Cronenworth UTIL Freddy Fermin,,,
2285,5210180102,LOCNOTM (9/20),0,32.65,CPT Walker Buehler UTIL Kohl Drake UTIL Manny Machado UTIL Gavin Sheets UTIL Jake Cronenworth UTIL Freddy Fermin,,,
2285,5210403888,cwthrow24 (2/20),0,32.65,CPT Walker Buehler UTIL Kohl Drake UTIL Manny Machado UTIL Gavin Sheets UTIL Jake Cronenworth UTIL Freddy Fermin,,,
2285,5210407685,darrylposton (1/20),0,32.65,CPT Walker Buehler UTIL Kohl Drake UTIL Manny Machado UTIL Gavin Sheets UTIL Jake Cronenworth UTIL Freddy Fermin,,,
2285,5210471317,slowhand1957 (1/2),0,32.65,CPT Walker Buehler UTIL Kohl Drake UTIL Manny Machado UTIL Gavin Sheets UTIL Jake Cronenworth UTIL Freddy Fermin,,,
2285,5210486402,playboi_956 (1/2),0,32.65,CPT Walker Buehler UTIL Kohl Drake UTIL Manny Machado UTIL Gavin Sheets UTIL Jake Cronenworth UTIL Freddy Fermin,,,
2285,5210579995,Schrinepiece92 (16/20),0,32.65,CPT Walker Buehler UTIL Kohl Drake UTIL Manny Machado UTIL Gavin Sheets UTIL Jake Cronenworth UTIL Freddy Fermin,,,
2285,5210583277,arsmith8 (1/20),0,32.65,CPT Walker Buehler UTIL Kohl Drake UTIL Manny Machado UTIL Gavin Sheets UTIL Jake Cronenworth UTIL Freddy Fermin,,,
2285,5210603444,dtapper29 (8/20),0,32.65,CPT Walker Buehler UTIL Kohl Drake UTIL Manny Machado UTIL Gavin Sheets UTIL Jake Cronenworth UTIL Freddy Fermin,,,
2285,5210613184,DeeMac74 (3/5),0,32.65,CPT Walker Buehler UTIL Kohl Drake UTIL Manny Machado UTIL Gavin Sheets UTIL Jake Cronenworth UTIL Freddy Fermin,,,
2285,5210651318,eng32_eric (4/4),0,32.65,CPT Walker Buehler UTIL Kohl Drake UTIL Xander Bogaerts UTIL Gavin Sheets UTIL Tim Tawa UTIL Jake Cronenworth,,,
2285,5210662601,HC0023 (1/20),0,32.65,CPT Walker Buehler UTIL Kohl Drake UTIL Manny Machado UTIL Gavin Sheets UTIL Jake Cronenworth UTIL Freddy Fermin,,,
2285,5210672547,KenyanDrake (2/20),0,32.65,CPT Walker Buehler UTIL Kohl Drake UTIL Manny Machado UTIL Gavin Sheets UTIL Jake Cronenworth UTIL Freddy Fermin,,,
2285,5210675390,KenyanDrake (5/20),0,32.65,CPT Walker Buehler UTIL Kohl Drake UTIL Manny Machado UTIL Gavin Sheets UTIL Jake Cronenworth UTIL Freddy Fermin,,,
2285,5210675393,KenyanDrake (8/20),0,32.65,CPT Walker Buehler UTIL Kohl Drake UTIL Manny Machado UTIL Gavin Sheets UTIL Jake Cronenworth UTIL Freddy Fermin,,,
2285,5210675397,KenyanDrake (11/20),0,32.65,CPT Walker Buehler UTIL Kohl Drake UTIL Manny Machado UTIL Gavin Sheets UTIL Jake Cronenworth UTIL Freddy Fermin,,,
2285,5210675406,KenyanDrake (14/20),0,32.65,CPT Walker Buehler UTIL Kohl Drake UTIL Manny Machado UTIL Gavin Sheets UTIL Jake Cronenworth UTIL Freddy Fermin,,,
2285,5210675409,KenyanDrake (17/20),0,32.65,CPT Walker Buehler UTIL Kohl Drake UTIL Manny Machado UTIL Gavin Sheets UTIL Jake Cronenworth UTIL Freddy Fermin,,,
2285,5210675412,KenyanDrake (20/20),0,32.65,CPT Walker Buehler UTIL Kohl Drake UTIL Manny Machado UTIL Gavin Sheets UTIL Jake Cronenworth UTIL Freddy Fermin,,,
2313,5209910072,Cards1640 (1/4),0,32.5,CPT Ketel Marte UTIL Corbin Carroll UTIL Manny Machado UTIL Luis Rengifo UTIL Ryan Waldschmidt UTIL Tim Tawa,,,
2313,5209966628,sisterflight (1/2),0,32.5,CPT Fernando Tatis Jr. UTIL Manny Machado UTIL Jackson Merrill UTIL Luis Campusano UTIL Ryan Waldschmidt UTIL Gavin Sheets,,,
2313,5210060735,JcClark18 (20/20),0,32.5,CPT Corbin Carroll UTIL Manny Machado UTIL Nolan Arenado UTIL Max Kepler UTIL Ryan Waldschmidt UTIL Gabriel Moreno,,,
2313,5210119316,luvn_texas44 (3/3),0,32.5,CPT Tim Tawa UTIL Fernando Tatis Jr. UTIL Corbin Carroll UTIL Jackson Merrill UTIL Geraldo Perdomo UTIL Ryan Waldschmidt,,,
2313,5210381208,Ezilodi (4/20),0,32.5,CPT Max Kepler UTIL Fernando Tatis Jr. UTIL Ketel Marte UTIL Geraldo Perdomo UTIL Luis Rengifo UTIL Lars Nootbaar,,,
2313,5210555998,leopard1 (1/3),0,32.5,CPT Corbin Carroll UTIL Manny Machado UTIL Nolan Arenado UTIL Lars Nootbaar UTIL Ryan Waldschmidt UTIL Gabriel Moreno,,,
2313,5210571545,rjames47 (1/2),0,32.5,CPT Corbin Carroll UTIL Fernando Tatis Jr. UTIL Manny Machado UTIL Nolan Arenado UTIL Gavin Sheets UTIL Freddy Fermin,,,
2313,5210580449,NPitz14,0,32.5,CPT Lars Nootbaar UTIL Corbin Carroll UTIL Ty France UTIL Geraldo Perdomo UTIL Luis Rengifo UTIL Nolan Arenado,,,
2313,5210583122,pjm45 (3/3),0,32.5,CPT Fernando Tatis Jr. UTIL Ketel Marte UTIL Nolan Arenado UTIL Xander Bogaerts UTIL Lars Nootbaar UTIL Ryan Waldschmidt,,,
2313,5210585136,theczar89 (1/2),0,32.5,CPT Corbin Carroll UTIL Fernando Tatis Jr. UTIL Ketel Marte UTIL Lars Nootbaar UTIL Gavin Sheets UTIL Tim Tawa,,,
2313,5210613176,coolsouthernbrees (5/16),0,32.5,CPT Corbin Carroll UTIL Ketel Marte UTIL Geraldo Perdomo UTIL Nolan Arenado UTIL Xander Bogaerts UTIL Jake Cronenworth,,,
2313,5210614464,la_lightning,0,32.5,CPT Corbin Carroll UTIL Manny Machado UTIL Nolan Arenado UTIL Lars Nootbaar UTIL Ryan Waldschmidt UTIL Gabriel Moreno,,,
2313,5210617453,MarkDedmon52gmail.c (2/2),0,32.5,CPT Corbin Carroll UTIL Fernando Tatis Jr. UTIL Ketel Marte UTIL Max Kepler UTIL Ryan Waldschmidt UTIL Tim Tawa,,,
2313,5210637361,Daring39dh,0,32.5,CPT Tim Tawa UTIL Fernando Tatis Jr. UTIL Nolan Arenado UTIL Lars Nootbaar UTIL Jake Cronenworth UTIL Freddy Fermin,,,
2313,5210646944,cameronhart23 (7/20),0,32.5,CPT Ketel Marte UTIL Manny Machado UTIL Geraldo Perdomo UTIL Lars Nootbaar UTIL Max Kepler UTIL Gabriel Moreno,,,
2313,5210656539,mrpaulwr (6/10),0,32.5,CPT Ketel Marte UTIL Corbin Carroll UTIL Manny Machado UTIL Luis Rengifo UTIL Ryan Waldschmidt UTIL Tim Tawa,,,
2313,5210660174,bor3550 (1/4),0,32.5,CPT Ketel Marte UTIL Fernando Tatis Jr. UTIL Manny Machado UTIL Geraldo Perdomo UTIL Lars Nootbaar UTIL Freddy Fermin,,,
2313,5210660488,bor3550 (2/4),0,32.5,CPT Ketel Marte UTIL Fernando Tatis Jr. UTIL Manny Machado UTIL Geraldo Perdomo UTIL Lars Nootbaar UTIL Freddy Fermin,,,
2313,5210661035,heat00veride,0,32.5,CPT Lars Nootbaar UTIL Fernando Tatis Jr. UTIL Corbin Carroll UTIL Ketel Marte UTIL Geraldo Perdomo UTIL Freddy Fermin,,,
2313,5210667789,PlayMakrz (3/4),0,32.5,CPT Corbin Carroll UTIL Fernando Tatis Jr. UTIL Manny Machado UTIL Nolan Arenado UTIL Ryan Waldschmidt UTIL Freddy Fermin,,,
2313,5210669626,bor3550 (3/4),0,32.5,CPT Ketel Marte UTIL Fernando Tatis Jr. UTIL Manny Machado UTIL Geraldo Perdomo UTIL Lars Nootbaar UTIL Freddy Fermin,,,
2313,5210669632,bor3550 (4/4),0,32.5,CPT Ketel Marte UTIL Fernando Tatis Jr. UTIL Manny Machado UTIL Geraldo Perdomo UTIL Lars Nootbaar UTIL Freddy Fermin,,,
2313,5210673357,dingodan39 (1/5),0,32.5,CPT Corbin Carroll UTIL Ketel Marte UTIL Geraldo Perdomo UTIL Xander Bogaerts UTIL Gavin Sheets UTIL Jake Cronenworth,,,
2313,5210673847,JamesRoland (1/2),0,32.5,CPT Ketel Marte UTIL Jackson Merrill UTIL Ty France UTIL Geraldo Perdomo UTIL Lars Nootbaar UTIL Ryan Waldschmidt,,,
2313,5210674366,carkit77,0,32.5,CPT Corbin Carroll UTIL Fernando Tatis Jr. UTIL Geraldo Perdomo UTIL Xander Bogaerts UTIL Ryan Waldschmidt UTIL Tim Tawa,,,
2338,5210590626,bossplayer318 (6/20),0,32.45,CPT Ryan Waldschmidt UTIL Kohl Drake UTIL Ty France UTIL Geraldo Perdomo UTIL Xander Bogaerts UTIL Gabriel Moreno,,,
2338,5210636811,coolplay32,0,32.45,CPT Ty France UTIL Kohl Drake UTIL Luis Rengifo UTIL Nolan Arenado UTIL Lars Nootbaar UTIL Max Kepler,,,
2340,5210621466,canman79,0,32.4,CPT Corbin Carroll UTIL Walker Buehler UTIL Kohl Drake UTIL Lars Nootbaar UTIL Freddy Fermin UTIL Mason Miller,,,
2341,5210432926,Lamptino,0,32.3,CPT Tim Tawa UTIL Walker Buehler UTIL Fernando Tatis Jr. UTIL Ketel Marte UTIL Luis Campusano UTIL Lars Nootbaar,,,
2341,5210599322,MoosicMaulers,0,32.3,CPT Tim Tawa UTIL Walker Buehler UTIL Jackson Merrill UTIL Geraldo Perdomo UTIL Luis Rengifo UTIL Nolan Arenado,,,
2343,5210557851,TMCLAMB,0,32.25,CPT Gavin Sheets UTIL Walker Buehler UTIL Kohl Drake UTIL Manny Machado UTIL Freddy Fermin UTIL Gabriel Moreno,,,
2344,5210040176,gwatts77 (6/20),0,32.2,CPT Walker Buehler UTIL Manny Machado UTIL Geraldo Perdomo UTIL Xander Bogaerts UTIL Gavin Sheets UTIL Freddy Fermin,,,
2344,5210520762,kellydjk (7/10),0,32.2,CPT Walker Buehler UTIL Nolan Arenado UTIL Lars Nootbaar UTIL Max Kepler UTIL Ryan Waldschmidt UTIL Gabriel Moreno,,,
2344,5210520765,kellydjk (10/10),0,32.2,CPT Walker Buehler UTIL Nolan Arenado UTIL Lars Nootbaar UTIL Max Kepler UTIL Ryan Waldschmidt UTIL Gabriel Moreno,,,
2344,5210541918,zachdaddy (12/20),0,32.2,CPT Walker Buehler UTIL Manny Machado UTIL Geraldo Perdomo UTIL Xander Bogaerts UTIL Gavin Sheets UTIL Freddy Fermin,,,
2348,5209909585,mythicalrhymer01 (3/3),0,32.175,CPT Kohl Drake UTIL Ketel Marte UTIL Lars Nootbaar UTIL Max Kepler UTIL Jake Cronenworth UTIL Gabriel Moreno,,,
2348,5210017584,Hotdogfatboy (2/4),0,32.175,CPT Kohl Drake UTIL Ketel Marte UTIL Lars Nootbaar UTIL Max Kepler UTIL Jake Cronenworth UTIL Gabriel Moreno,,,
2348,5210593054,smk5430 (6/20),0,32.175,CPT Kohl Drake UTIL Ketel Marte UTIL Jackson Merrill UTIL Ryan Waldschmidt UTIL Freddy Fermin UTIL Gabriel Moreno,,,
2348,5210601022,carloso (1/3),0,32.175,CPT Kohl Drake UTIL Fernando Tatis Jr. UTIL Ketel Marte UTIL Lars Nootbaar UTIL Jake Cronenworth UTIL Freddy Fermin,,,
2348,5210609278,JJSaenz (6/20),0,32.175,CPT Kohl Drake UTIL Ketel Marte UTIL Lars Nootbaar UTIL Tim Tawa UTIL Jake Cronenworth UTIL Gabriel Moreno,,,
2353,5209810067,tdday62,0,32,CPT Gavin Sheets UTIL Manny Machado UTIL Ketel Marte UTIL Jackson Merrill UTIL Xander Bogaerts UTIL Lars Nootbaar,,,
2353,5209998762,pat_the_hat2 (3/20),0,32,CPT Manny Machado UTIL Fernando Tatis Jr. UTIL Corbin Carroll UTIL Geraldo Perdomo UTIL Gavin Sheets UTIL Freddy Fermin,,,
2353,5209998777,pat_the_hat2 (18/20),0,32,CPT Nolan Arenado UTIL Fernando Tatis Jr. UTIL Manny Machado UTIL Ty France UTIL Lars Nootbaar UTIL Gavin Sheets,,,
2353,5210083324,kreller17 (8/20),0,32,CPT Nolan Arenado UTIL Fernando Tatis Jr. UTIL Manny Machado UTIL Ty France UTIL Lars Nootbaar UTIL Gavin Sheets,,,
2353,5210150516,Raje696,0,32,CPT Manny Machado UTIL Corbin Carroll UTIL Lars Nootbaar UTIL Ryan Waldschmidt UTIL Gabriel Moreno UTIL Gage Workman,,,
2353,5210238833,SpeedRacer101 (10/20),0,32,CPT Manny Machado UTIL Fernando Tatis Jr. UTIL Corbin Carroll UTIL Geraldo Perdomo UTIL Gavin Sheets UTIL Freddy Fermin,,,
2353,5210381217,Ezilodi (13/20),0,32,CPT Ty France UTIL Manny Machado UTIL Ketel Marte UTIL Nolan Arenado UTIL Max Kepler UTIL Ryan Waldschmidt,,,
2353,5210411342,walkertr444 (5/8),0,32,CPT Manny Machado UTIL Fernando Tatis Jr. UTIL Corbin Carroll UTIL Geraldo Perdomo UTIL Gavin Sheets UTIL Freddy Fermin,,,
2353,5210488546,criticalmass048 (5/5),0,32,CPT Manny Machado UTIL Fernando Tatis Jr. UTIL Corbin Carroll UTIL Geraldo Perdomo UTIL Gavin Sheets UTIL Freddy Fermin,,,
2353,5210496862,TNeidert (10/20),0,32,CPT Nolan Arenado UTIL Fernando Tatis Jr. UTIL Manny Machado UTIL Luis Rengifo UTIL Lars Nootbaar UTIL Max Kepler,,,
2353,5210587079,DSUTAK34,0,32,CPT Manny Machado UTIL Fernando Tatis Jr. UTIL Ty France UTIL Nolan Arenado UTIL Ryan Waldschmidt UTIL Gavin Sheets,,,
2353,5210587492,mbcurmnygo,0,32,CPT Geraldo Perdomo UTIL Fernando Tatis Jr. UTIL Corbin Carroll UTIL Manny Machado UTIL Max Kepler UTIL Freddy Fermin,,,
2353,5210588276,jdwize (2/2),0,32,CPT Manny Machado UTIL Fernando Tatis Jr. UTIL Corbin Carroll UTIL Geraldo Perdomo UTIL Gavin Sheets UTIL Freddy Fermin,,,
2353,5210597074,pheitmann (3/3),0,32,CPT Geraldo Perdomo UTIL Fernando Tatis Jr. UTIL Corbin Carroll UTIL Luis Rengifo UTIL Nolan Arenado UTIL Freddy Fermin,,,
2353,5210600983,pisco80 (3/20),0,32,CPT Manny Machado UTIL Corbin Carroll UTIL Jackson Merrill UTIL Nolan Arenado UTIL Lars Nootbaar UTIL Tim Tawa,,,
2353,5210615913,Rowdog31 (13/20),0,32,CPT Geraldo Perdomo UTIL Fernando Tatis Jr. UTIL Ketel Marte UTIL Lars Nootbaar UTIL Gavin Sheets UTIL Gabriel Moreno,,,
2353,5210621840,Marsharks (20/20),0,32,CPT Manny Machado UTIL Corbin Carroll UTIL Geraldo Perdomo UTIL Lars Nootbaar UTIL Gavin Sheets UTIL Gabriel Moreno,,,
2353,5210631322,surfrider72 (6/9),0,32,CPT Manny Machado UTIL Fernando Tatis Jr. UTIL Corbin Carroll UTIL Geraldo Perdomo UTIL Gavin Sheets UTIL Freddy Fermin,,,
2353,5210645944,tonymal93 (3/3),0,32,CPT Geraldo Perdomo UTIL Fernando Tatis Jr. UTIL Corbin Carroll UTIL Manny Machado UTIL Max Kepler UTIL Freddy Fermin,,,
2353,5210650663,Troha77 (6/20),0,32,CPT Geraldo Perdomo UTIL Fernando Tatis Jr. UTIL Corbin Carroll UTIL Manny Machado UTIL Max Kepler UTIL Freddy Fermin,,,
2353,5210650664,Troha77 (7/20),0,32,CPT Geraldo Perdomo UTIL Fernando Tatis Jr. UTIL Corbin Carroll UTIL Manny Machado UTIL Max Kepler UTIL Freddy Fermin,,,
2374,5209956926,MoneyRamirez (12/20),0,31.974998,CPT Kohl Drake UTIL Walker Buehler UTIL Corbin Carroll UTIL Tim Tawa UTIL Jake Cronenworth UTIL Freddy Fermin,,,
2374,5210180106,LOCNOTM (13/20),0,31.974998,CPT Kohl Drake UTIL Walker Buehler UTIL Lars Nootbaar UTIL Tim Tawa UTIL Freddy Fermin UTIL Gabriel Moreno,,,
2374,5210193710,Hawks-33,0,31.974998,CPT Kohl Drake UTIL Walker Buehler UTIL Corbin Carroll UTIL Tim Tawa UTIL Jake Cronenworth UTIL Freddy Fermin,,,
2374,5210263945,UniversalFriend (9/20),0,31.974998,CPT Kohl Drake UTIL Walker Buehler UTIL Corbin Carroll UTIL Tim Tawa UTIL Jake Cronenworth UTIL Freddy Fermin,,,
2374,5210504094,taildawg78,0,31.974998,CPT Kohl Drake UTIL Walker Buehler UTIL Corbin Carroll UTIL Tim Tawa UTIL Jake Cronenworth UTIL Freddy Fermin,,,
2374,5210573277,creilly425,0,31.974998,CPT Kohl Drake UTIL Walker Buehler UTIL Corbin Carroll UTIL Tim Tawa UTIL Jake Cronenworth UTIL Freddy Fermin,,,
2374,5210645736,148602701 (6/6),0,31.974998,CPT Kohl Drake UTIL Walker Buehler UTIL Corbin Carroll UTIL Tim Tawa UTIL Jake Cronenworth UTIL Freddy Fermin,,,
2381,5209887171,Hinkle76 (2/10),0,31.95,CPT Tim Tawa UTIL Kohl Drake UTIL Corbin Carroll UTIL Geraldo Perdomo UTIL Xander Bogaerts UTIL Gabriel Moreno,,,
2381,5210055610,mjj792 (1/2),0,31.95,CPT Fernando Tatis Jr. UTIL Kohl Drake UTIL Nolan Arenado UTIL Xander Bogaerts UTIL Max Kepler UTIL Freddy Fermin,,,
2381,5210203690,jsamtoy (12/20),0,31.95,CPT Lars Nootbaar UTIL Kohl Drake UTIL Ty France UTIL Geraldo Perdomo UTIL Max Kepler UTIL Gabriel Moreno,,,
2381,5210372342,drakemr,0,31.95,CPT Corbin Carroll UTIL Kohl Drake UTIL Ketel Marte UTIL Luis Rengifo UTIL Tim Tawa UTIL Freddy Fermin,,,
2381,5210438359,JaserD (15/20),0,31.95,CPT Ketel Marte UTIL Kohl Drake UTIL Corbin Carroll UTIL Ryan Waldschmidt UTIL Freddy Fermin UTIL Gabriel Moreno,,,
2381,5210493595,daddyaz13 (3/9),0,31.95,CPT Tim Tawa UTIL Kohl Drake UTIL Corbin Carroll UTIL Geraldo Perdomo UTIL Xander Bogaerts UTIL Gabriel Moreno,,,
2381,5210493596,daddyaz13 (4/9),0,31.95,CPT Tim Tawa UTIL Kohl Drake UTIL Corbin Carroll UTIL Geraldo Perdomo UTIL Xander Bogaerts UTIL Gabriel Moreno,,,
2381,5210493601,daddyaz13 (9/9),0,31.95,CPT Ketel Marte UTIL Kohl Drake UTIL Corbin Carroll UTIL Ryan Waldschmidt UTIL Freddy Fermin UTIL Gabriel Moreno,,,
2381,5210499102,Orangechocolate70 (2/20),0,31.95,CPT Corbin Carroll UTIL Kohl Drake UTIL Nolan Arenado UTIL Ryan Waldschmidt UTIL Jake Cronenworth UTIL Gabriel Moreno,,,
2381,5210555321,bigocaptn,0,31.95,CPT Corbin Carroll UTIL Kohl Drake UTIL Ketel Marte UTIL Luis Rengifo UTIL Tim Tawa UTIL Freddy Fermin,,,
2381,5210582519,jrice54 (13/20),0,31.95,CPT Ketel Marte UTIL Kohl Drake UTIL Corbin Carroll UTIL Ryan Waldschmidt UTIL Freddy Fermin UTIL Gabriel Moreno,,,
2381,5210583287,arsmith8 (11/20),0,31.95,CPT Ketel Marte UTIL Kohl Drake UTIL Geraldo Perdomo UTIL Max Kepler UTIL Jake Cronenworth UTIL Gabriel Moreno,,,
2381,5210630387,ac919 (20/20),0,31.95,CPT Ketel Marte UTIL Kohl Drake UTIL Geraldo Perdomo UTIL Tim Tawa UTIL Jake Cronenworth UTIL Gabriel Moreno,,,
2381,5210651080,dahoward1974 (7/9),0,31.95,CPT Corbin Carroll UTIL Kohl Drake UTIL Jackson Merrill UTIL Lars Nootbaar UTIL Gavin Sheets UTIL Jake Cronenworth,,,
2381,5210668554,blnielson63,0,31.95,CPT Ketel Marte UTIL Kohl Drake UTIL Geraldo Perdomo UTIL Max Kepler UTIL Jake Cronenworth UTIL Gabriel Moreno,,,
2396,5210073545,Cardona85,0,31.8,CPT Nolan Arenado UTIL Walker Buehler UTIL Jackson Merrill UTIL Geraldo Perdomo UTIL Xander Bogaerts UTIL Freddy Fermin,,,
2396,5210575441,jojohemp,0,31.8,CPT Geraldo Perdomo UTIL Walker Buehler UTIL Fernando Tatis Jr. UTIL Lars Nootbaar UTIL Ryan Waldschmidt UTIL Jake Cronenworth,,,
2398,5210627335,84flipmode (20/20),0,31.75,CPT Lars Nootbaar UTIL Walker Buehler UTIL Kohl Drake UTIL Jackson Merrill UTIL Ryan Waldschmidt UTIL Jake Cronenworth,,,
2398,5210663927,cadezane1 (5/20),0,31.75,CPT Max Kepler UTIL Walker Buehler UTIL Kohl Drake UTIL Corbin Carroll UTIL Tim Tawa UTIL Jake Cronenworth,,,
2400,5209971240,az350z (16/20),0,31.650002,CPT Walker Buehler UTIL Kohl Drake UTIL Jackson Merrill UTIL Gavin Sheets UTIL Jake Cronenworth UTIL Kevin Ginkel,,,
2400,5210148610,austin60915 (5/20),0,31.650002,CPT Walker Buehler UTIL Kohl Drake UTIL Jackson Merrill UTIL Gavin Sheets UTIL Jake Cronenworth UTIL Paul Sewald,,,
2400,5210212765,TheBigOuch (5/20),0,31.650002,CPT Walker Buehler UTIL Kohl Drake UTIL Ketel Marte UTIL Gavin Sheets UTIL Jake Cronenworth UTIL Freddy Fermin,,,
2400,5210238840,SpeedRacer101 (17/20),0,31.650002,CPT Walker Buehler UTIL Kohl Drake UTIL Xander Bogaerts UTIL Lars Nootbaar UTIL Max Kepler UTIL Freddy Fermin,,,
2400,5210457010,D_MAGS,0,31.650002,CPT Walker Buehler UTIL Kohl Drake UTIL Ketel Marte UTIL Gavin Sheets UTIL Jake Cronenworth UTIL Freddy Fermin,,,
2400,5210469258,lamera (1/2),0,31.650002,CPT Walker Buehler UTIL Kohl Drake UTIL Fernando Tatis Jr. UTIL Tim Tawa UTIL Freddy Fermin UTIL Jorge Barrosa,,,
2400,5210469749,lamera (2/2),0,31.650002,CPT Walker Buehler UTIL Kohl Drake UTIL Fernando Tatis Jr. UTIL Tim Tawa UTIL Freddy Fermin UTIL Jorge Barrosa,,,
2400,5210573433,Billycowboys (4/5),0,31.650002,CPT Walker Buehler UTIL Kohl Drake UTIL Ketel Marte UTIL Ryan Waldschmidt UTIL Jake Cronenworth UTIL Freddy Fermin,,,
2400,5210672546,KenyanDrake (1/20),0,31.650002,CPT Walker Buehler UTIL Kohl Drake UTIL Xander Bogaerts UTIL Lars Nootbaar UTIL Max Kepler UTIL Freddy Fermin,,,
2400,5210675389,KenyanDrake (4/20),0,31.650002,CPT Walker Buehler UTIL Kohl Drake UTIL Xander Bogaerts UTIL Lars Nootbaar UTIL Max Kepler UTIL Freddy Fermin,,,
2400,5210675392,KenyanDrake (7/20),0,31.650002,CPT Walker Buehler UTIL Kohl Drake UTIL Xander Bogaerts UTIL Lars Nootbaar UTIL Max Kepler UTIL Freddy Fermin,,,
2400,5210675396,KenyanDrake (10/20),0,31.650002,CPT Walker Buehler UTIL Kohl Drake UTIL Xander Bogaerts UTIL Lars Nootbaar UTIL Max Kepler UTIL Freddy Fermin,,,
2400,5210675405,KenyanDrake (13/20),0,31.650002,CPT Walker Buehler UTIL Kohl Drake UTIL Xander Bogaerts UTIL Lars Nootbaar UTIL Max Kepler UTIL Freddy Fermin,,,
2400,5210675408,KenyanDrake (16/20),0,31.650002,CPT Walker Buehler UTIL Kohl Drake UTIL Xander Bogaerts UTIL Lars Nootbaar UTIL Max Kepler UTIL Freddy Fermin,,,
2400,5210675411,KenyanDrake (19/20),0,31.650002,CPT Walker Buehler UTIL Kohl Drake UTIL Xander Bogaerts UTIL Lars Nootbaar UTIL Max Kepler UTIL Freddy Fermin,,,
2415,5210662602,HC0023 (2/20),0,31.625,CPT Kohl Drake UTIL Walker Buehler UTIL Max Kepler UTIL Ryan Waldschmidt UTIL Gabriel Moreno UTIL Adrian Morejon,,,
2416,5209966629,sisterflight (2/2),0,31.5,CPT Corbin Carroll UTIL Ketel Marte UTIL Geraldo Perdomo UTIL Lars Nootbaar UTIL Gavin Sheets UTIL Gabriel Moreno,,,
2416,5210015605,bruce-Leee (3/3),0,31.5,CPT Tim Tawa UTIL Fernando Tatis Jr. UTIL Corbin Carroll UTIL Manny Machado UTIL Geraldo Perdomo UTIL Max Kepler,,,
2416,5210069770,rsumrall (7/20),0,31.5,CPT Corbin Carroll UTIL Ketel Marte UTIL Geraldo Perdomo UTIL Lars Nootbaar UTIL Gavin Sheets UTIL Gabriel Moreno,,,
2416,5210147212,purebutter80,0,31.5,CPT Corbin Carroll UTIL Ketel Marte UTIL Geraldo Perdomo UTIL Lars Nootbaar UTIL Gavin Sheets UTIL Gabriel Moreno,,,
2416,5210460477,cadezane1 (2/20),0,31.5,CPT Lars Nootbaar UTIL Fernando Tatis Jr. UTIL Corbin Carroll UTIL Manny Machado UTIL Max Kepler UTIL Ryan Waldschmidt,,,
2416,5210478582,Runrrunrluck12,0,31.5,CPT Corbin Carroll UTIL Ketel Marte UTIL Jackson Merrill UTIL Lars Nootbaar UTIL Max Kepler UTIL Gavin Sheets,,,
2416,5210481612,Darkmen715 (6/20),0,31.5,CPT Lars Nootbaar UTIL Fernando Tatis Jr. UTIL Corbin Carroll UTIL Manny Machado UTIL Nolan Arenado UTIL Tim Tawa,,,
2416,5210491629,jtvbaker75 (1/3),0,31.5,CPT Corbin Carroll UTIL Jackson Merrill UTIL Geraldo Perdomo UTIL Nolan Arenado UTIL Xander Bogaerts UTIL Tim Tawa,,,
2416,5210534646,harmon2121 (2/2),0,31.5,CPT Corbin Carroll UTIL Ketel Marte UTIL Geraldo Perdomo UTIL Max Kepler UTIL Gavin Sheets UTIL Gabriel Moreno,,,
2416,5210539662,ronjon721,0,31.5,CPT Corbin Carroll UTIL Fernando Tatis Jr. UTIL Ketel Marte UTIL Geraldo Perdomo UTIL Gavin Sheets UTIL Freddy Fermin,,,
2416,5210554242,airbornys,0,31.5,CPT Corbin Carroll UTIL Fernando Tatis Jr. UTIL Ketel Marte UTIL Geraldo Perdomo UTIL Gavin Sheets UTIL Freddy Fermin,,,
2416,5210565907,RaymondAnthonyPablo,0,31.5,CPT Corbin Carroll UTIL Fernando Tatis Jr. UTIL Ketel Marte UTIL Geraldo Perdomo UTIL Gavin Sheets UTIL Freddy Fermin,,,
2416,5210567023,Daking330,0,31.5,CPT Tim Tawa UTIL Fernando Tatis Jr. UTIL Corbin Carroll UTIL Manny Machado UTIL Nolan Arenado UTIL Lars Nootbaar,,,
2416,5210569705,Biglon62,0,31.5,CPT Corbin Carroll UTIL Geraldo Perdomo UTIL Nolan Arenado UTIL Xander Bogaerts UTIL Ryan Waldschmidt UTIL Gabriel Moreno,,,
2416,5210587077,Louisianimal,0,31.5,CPT Corbin Carroll UTIL Manny Machado UTIL Geraldo Perdomo UTIL Luis Rengifo UTIL Lars Nootbaar UTIL Tim Tawa,,,
2416,5210592130,rooskie09,0,31.5,CPT Ketel Marte UTIL Fernando Tatis Jr. UTIL Corbin Carroll UTIL Lars Nootbaar UTIL Gavin Sheets UTIL Tim Tawa,,,
2416,5210592547,Beachsnake,0,31.5,CPT Lars Nootbaar UTIL Fernando Tatis Jr. UTIL Corbin Carroll UTIL Manny Machado UTIL Max Kepler UTIL Gavin Sheets,,,
2416,5210605318,woodreb5 (11/20),0,31.5,CPT Corbin Carroll UTIL Ketel Marte UTIL Geraldo Perdomo UTIL Lars Nootbaar UTIL Gavin Sheets UTIL Gabriel Moreno,,,
2416,5210620861,DigitalDreams (16/20),0,31.5,CPT Corbin Carroll UTIL Ketel Marte UTIL Geraldo Perdomo UTIL Max Kepler UTIL Gavin Sheets UTIL Gabriel Moreno,,,
2416,5210621188,plan9tor,0,31.5,CPT Ketel Marte UTIL Fernando Tatis Jr. UTIL Jackson Merrill UTIL Nolan Arenado UTIL Ryan Waldschmidt UTIL Tim Tawa,,,
2416,5210621863,LBDTitan (1/2),0,31.5,CPT Corbin Carroll UTIL Manny Machado UTIL Ty France UTIL Geraldo Perdomo UTIL Ryan Waldschmidt UTIL Tim Tawa,,,
2416,5210636815,148602701 (2/6),0,31.5,CPT Max Kepler UTIL Ketel Marte UTIL Geraldo Perdomo UTIL Nolan Arenado UTIL Jake Cronenworth UTIL Gabriel Moreno,,,
2416,5210645743,scicle,0,31.5,CPT Corbin Carroll UTIL Ketel Marte UTIL Geraldo Perdomo UTIL Lars Nootbaar UTIL Gavin Sheets UTIL Gabriel Moreno,,,
2416,5210646955,cameronhart23 (18/20),0,31.5,CPT Tim Tawa UTIL Fernando Tatis Jr. UTIL Corbin Carroll UTIL Manny Machado UTIL Geraldo Perdomo UTIL Max Kepler,,,
2416,5210650659,Troha77 (2/20),0,31.5,CPT Corbin Carroll UTIL Manny Machado UTIL Geraldo Perdomo UTIL Luis Rengifo UTIL Lars Nootbaar UTIL Tim Tawa,,,
2416,5210671262,drgreen22,0,31.5,CPT Corbin Carroll UTIL Fernando Tatis Jr. UTIL Ketel Marte UTIL Geraldo Perdomo UTIL Gavin Sheets UTIL Freddy Fermin,,,
2416,5210671587,KILLANADZ24 (11/20),0,31.5,CPT Tim Tawa UTIL Fernando Tatis Jr. UTIL Corbin Carroll UTIL Manny Machado UTIL Geraldo Perdomo UTIL Max Kepler,,,
2416,5210672552,cadezane1 (15/20),0,31.5,CPT Corbin Carroll UTIL Ketel Marte UTIL Geraldo Perdomo UTIL Lars Nootbaar UTIL Gavin Sheets UTIL Gabriel Moreno,,,
2444,5210438355,JaserD (11/20),0,31.45,CPT Nolan Arenado UTIL Kohl Drake UTIL Corbin Carroll UTIL Lars Nootbaar UTIL Jake Cronenworth UTIL Gabriel Moreno,,,
2444,5210605341,Torchman94 (3/5),0,31.45,CPT Manny Machado UTIL Kohl Drake UTIL Jackson Merrill UTIL Jase Bowen UTIL Gabriel Moreno UTIL Gage Workman,,,
2444,5210609016,pdanielsjr (17/20),0,31.45,CPT Manny Machado UTIL Kohl Drake UTIL Ketel Marte UTIL Ryan Waldschmidt UTIL Freddy Fermin UTIL Gabriel Moreno,,,
2447,5210455995,Uvafan100 (3/4),0,31.3,CPT Corbin Carroll UTIL Walker Buehler UTIL Geraldo Perdomo UTIL Lars Nootbaar UTIL Ryan Waldschmidt UTIL Jake Cronenworth,,,
2447,5210601343,carloso (2/3),0,31.3,CPT Max Kepler UTIL Walker Buehler UTIL Corbin Carroll UTIL Nolan Arenado UTIL Xander Bogaerts UTIL Lars Nootbaar,,,
2447,5210671585,KILLANADZ24 (9/20),0,31.3,CPT Tim Tawa UTIL Walker Buehler UTIL Ketel Marte UTIL Jackson Merrill UTIL Geraldo Perdomo UTIL Max Kepler,,,
2447,5210677079,shane6143,0,31.3,CPT Max Kepler UTIL Walker Buehler UTIL Corbin Carroll UTIL Manny Machado UTIL Nolan Arenado UTIL Freddy Fermin,,,
2451,5210344426,snaytricia,0,31.25,CPT Blake Hunt UTIL Walker Buehler UTIL Kohl Drake UTIL Fernando Tatis Jr. UTIL Ty France UTIL Gavin Sheets,,,
2451,5210546424,ANTBC25 (1/10),0,31.25,CPT Manny Machado UTIL Walker Buehler UTIL Kohl Drake UTIL Gavin Sheets UTIL Jake Cronenworth UTIL Freddy Fermin,,,
2451,5210641738,monarch11 (15/20),0,31.25,CPT Jackson Merrill UTIL Walker Buehler UTIL Kohl Drake UTIL Lars Nootbaar UTIL Gavin Sheets UTIL Freddy Fermin,,,
2451,5210657505,YABOYLUX (7/7),0,31.25,CPT Gavin Sheets UTIL Walker Buehler UTIL Kohl Drake UTIL Jackson Merrill UTIL Xander Bogaerts UTIL Freddy Fermin,,,
2455,5210048262,TurtlePunch (3/3),0,31.2,CPT Walker Buehler UTIL Corbin Carroll UTIL Xander Bogaerts UTIL Max Kepler UTIL Ryan Waldschmidt UTIL Gavin Sheets,,,
2455,5210554587,jw19jw69,0,31.2,CPT Walker Buehler UTIL Corbin Carroll UTIL Geraldo Perdomo UTIL Lars Nootbaar UTIL Tim Tawa UTIL Freddy Fermin,,,
2455,5210590731,fatboi23420,0,31.2,CPT Walker Buehler UTIL Corbin Carroll UTIL Xander Bogaerts UTIL Max Kepler UTIL Ryan Waldschmidt UTIL Gavin Sheets,,,
2458,5209972179,jhbecerra (1/12),0,31.175,CPT Kohl Drake UTIL Fernando Tatis Jr. UTIL Luis Rengifo UTIL Lars Nootbaar UTIL Gavin Sheets UTIL Jake Cronenworth,,,
2458,5210212775,TheBigOuch (15/20),0,31.175,CPT Kohl Drake UTIL Corbin Carroll UTIL Nolan Arenado UTIL Tim Tawa UTIL Jake Cronenworth UTIL Gabriel Moreno,,,
2458,5210360222,Mige1 (4/20),0,31.175,CPT Kohl Drake UTIL Corbin Carroll UTIL Nolan Arenado UTIL Tim Tawa UTIL Jake Cronenworth UTIL Gabriel Moreno,,,
2458,5210597563,Thechamp1995,0,31.175,CPT Kohl Drake UTIL Manny Machado UTIL Ketel Marte UTIL Tim Tawa UTIL Freddy Fermin UTIL Gabriel Moreno,,,
2458,5210644626,mitchell70 (3/5),0,31.175,CPT Kohl Drake UTIL Ketel Marte UTIL Jackson Merrill UTIL Luis Rengifo UTIL Tim Tawa UTIL Freddy Fermin,,,
2458,5210672734,Yotesfan19,0,31.175,CPT Kohl Drake UTIL Corbin Carroll UTIL Nolan Arenado UTIL Tim Tawa UTIL Jake Cronenworth UTIL Gabriel Moreno,,,
2464,5209840479,MikeeesPicks,0,31,CPT Manny Machado UTIL Fernando Tatis Jr. UTIL Nolan Arenado UTIL Xander Bogaerts UTIL Lars Nootbaar UTIL Ryan Waldschmidt,,,
2464,5209945217,apforadori (2/3),0,31,CPT Geraldo Perdomo UTIL Fernando Tatis Jr. UTIL Corbin Carroll UTIL Ketel Marte UTIL Lars Nootbaar UTIL Freddy Fermin,,,
2464,5209997099,garbear49,0,31,CPT Manny Machado UTIL Fernando Tatis Jr. UTIL Nolan Arenado UTIL Xander Bogaerts UTIL Lars Nootbaar UTIL Ryan Waldschmidt,,,
2464,5210044219,Daily_Big_Kahuna (5/8),0,31,CPT Manny Machado UTIL Geraldo Perdomo UTIL Luis Rengifo UTIL Nolan Arenado UTIL Ryan Waldschmidt UTIL Gabriel Moreno,,,
2464,5210166688,floydian80 (19/20),0,31,CPT Manny Machado UTIL Corbin Carroll UTIL Geraldo Perdomo UTIL Luis Rengifo UTIL Lars Nootbaar UTIL Tim Tawa,,,
2464,5210182286,RYates32,0,31,CPT Nolan Arenado UTIL Ketel Marte UTIL Jackson Merrill UTIL Geraldo Perdomo UTIL Max Kepler UTIL Gabriel Moreno,,,
2464,5210203679,jsamtoy (1/20),0,31,CPT Nolan Arenado UTIL Ketel Marte UTIL Jackson Merrill UTIL Geraldo Perdomo UTIL Lars Nootbaar UTIL Gabriel Moreno,,,
2464,5210358031,45dojo (2/8),0,31,CPT Nolan Arenado UTIL Fernando Tatis Jr. UTIL Corbin Carroll UTIL Jackson Merrill UTIL Ryan Waldschmidt UTIL Tim Tawa,,,
2464,5210579172,birdsflyinghigh21,0,31,CPT Geraldo Perdomo UTIL Manny Machado UTIL Jackson Merrill UTIL Ty France UTIL Max Kepler UTIL Ryan Waldschmidt,,,
2464,5210590229,ptello9298 (13/20),0,31,CPT Gavin Sheets UTIL Manny Machado UTIL Ty France UTIL Geraldo Perdomo UTIL Xander Bogaerts UTIL Freddy Fermin,,,
2464,5210637344,Frenchy0721 (1/2),0,31,CPT Manny Machado UTIL Jackson Merrill UTIL Geraldo Perdomo UTIL Luis Rengifo UTIL Nolan Arenado UTIL Tim Tawa,,,
2464,5210666704,jhc1532 (2/2),0,31,CPT Geraldo Perdomo UTIL Fernando Tatis Jr. UTIL Corbin Carroll UTIL Ketel Marte UTIL Lars Nootbaar UTIL Freddy Fermin,,,
2464,5210667535,cadezane1 (7/20),0,31,CPT Geraldo Perdomo UTIL Corbin Carroll UTIL Manny Machado UTIL Luis Rengifo UTIL Nolan Arenado UTIL Jake Cronenworth,,,
2477,5209999691,whoisjohngalt420 (11/20),0,30.974998,CPT Kohl Drake UTIL Walker Buehler UTIL Ty France UTIL Max Kepler UTIL Tim Tawa UTIL Freddy Fermin,,,
2477,5210615356,rollcubs (3/4),0,30.974998,CPT Kohl Drake UTIL Walker Buehler UTIL Ty France UTIL Max Kepler UTIL Tim Tawa UTIL Freddy Fermin,,,
2477,5210641690,dahoward1974 (2/9),0,30.974998,CPT Kohl Drake UTIL Walker Buehler UTIL Xander Bogaerts UTIL Lars Nootbaar UTIL Tim Tawa UTIL Jake Cronenworth,,,
2480,5209758153,Sammy.Boy (3/20),0,30.95,CPT Corbin Carroll UTIL Kohl Drake UTIL Geraldo Perdomo UTIL Lars Nootbaar UTIL Freddy Fermin UTIL Gabriel Moreno,,,
2480,5209999689,whoisjohngalt420 (9/20),0,30.95,CPT Corbin Carroll UTIL Kohl Drake UTIL Geraldo Perdomo UTIL Lars Nootbaar UTIL Freddy Fermin UTIL Gabriel Moreno,,,
2480,5210030849,FoxyGrandpa252 (15/20),0,30.95,CPT Max Kepler UTIL Kohl Drake UTIL Fernando Tatis Jr. UTIL Geraldo Perdomo UTIL Tim Tawa UTIL Gabriel Moreno,,,
2480,5210069775,rsumrall (12/20),0,30.95,CPT Corbin Carroll UTIL Kohl Drake UTIL Geraldo Perdomo UTIL Max Kepler UTIL Freddy Fermin UTIL Gabriel Moreno,,,
2480,5210092889,chrispy2005 (13/20),0,30.95,CPT Tim Tawa UTIL Kohl Drake UTIL Fernando Tatis Jr. UTIL Geraldo Perdomo UTIL Lars Nootbaar UTIL Gabriel Moreno,,,
2480,5210325234,Clippy (1/2),0,30.95,CPT Lars Nootbaar UTIL Kohl Drake UTIL Fernando Tatis Jr. UTIL Corbin Carroll UTIL Ryan Waldschmidt UTIL Jake Cronenworth,,,
2480,5210438356,JaserD (12/20),0,30.95,CPT Max Kepler UTIL Kohl Drake UTIL Fernando Tatis Jr. UTIL Geraldo Perdomo UTIL Tim Tawa UTIL Gabriel Moreno,,,
2480,5210438360,JaserD (16/20),0,30.95,CPT Tim Tawa UTIL Kohl Drake UTIL Ketel Marte UTIL Geraldo Perdomo UTIL Luis Rengifo UTIL Gabriel Moreno,,,
2480,5210493597,daddyaz13 (5/9),0,30.95,CPT Gabriel Moreno UTIL Kohl Drake UTIL Corbin Carroll UTIL Geraldo Perdomo UTIL Nolan Arenado UTIL Freddy Fermin,,,
2480,5210493598,daddyaz13 (6/9),0,30.95,CPT Gabriel Moreno UTIL Kohl Drake UTIL Corbin Carroll UTIL Geraldo Perdomo UTIL Nolan Arenado UTIL Freddy Fermin,,,
2480,5210520756,kellydjk (1/10),0,30.95,CPT Corbin Carroll UTIL Kohl Drake UTIL Geraldo Perdomo UTIL Lars Nootbaar UTIL Freddy Fermin UTIL Gabriel Moreno,,,
2480,5210520760,kellydjk (5/10),0,30.95,CPT Corbin Carroll UTIL Kohl Drake UTIL Geraldo Perdomo UTIL Lars Nootbaar UTIL Freddy Fermin UTIL Gabriel Moreno,,,
2480,5210521453,Clippy (2/2),0,30.95,CPT Lars Nootbaar UTIL Kohl Drake UTIL Fernando Tatis Jr. UTIL Corbin Carroll UTIL Ryan Waldschmidt UTIL Jake Cronenworth,,,
2480,5210540284,jwclark311 (10/20),0,30.95,CPT Corbin Carroll UTIL Kohl Drake UTIL Geraldo Perdomo UTIL Lars Nootbaar UTIL Freddy Fermin UTIL Gabriel Moreno,,,
2480,5210565994,yanksfan941 (5/5),0,30.95,CPT Lars Nootbaar UTIL Kohl Drake UTIL Corbin Carroll UTIL Luis Rengifo UTIL Xander Bogaerts UTIL Max Kepler,,,
2480,5210583278,arsmith8 (2/20),0,30.95,CPT Corbin Carroll UTIL Kohl Drake UTIL Geraldo Perdomo UTIL Lars Nootbaar UTIL Freddy Fermin UTIL Gabriel Moreno,,,
2480,5210613183,DeeMac74 (2/5),0,30.95,CPT Corbin Carroll UTIL Kohl Drake UTIL Geraldo Perdomo UTIL Lars Nootbaar UTIL Freddy Fermin UTIL Gabriel Moreno,,,
2480,5210626006,macaramma,0,30.95,CPT Corbin Carroll UTIL Kohl Drake UTIL Geraldo Perdomo UTIL Lars Nootbaar UTIL Freddy Fermin UTIL Gabriel Moreno,,,
2480,5210630386,ac919 (19/20),0,30.95,CPT Corbin Carroll UTIL Kohl Drake UTIL Geraldo Perdomo UTIL Lars Nootbaar UTIL Freddy Fermin UTIL Gabriel Moreno,,,
2480,5210641724,monarch11 (1/20),0,30.95,CPT Corbin Carroll UTIL Kohl Drake UTIL Geraldo Perdomo UTIL Lars Nootbaar UTIL Freddy Fermin UTIL Gabriel Moreno,,,
2480,5210657499,YABOYLUX (1/7),0,30.95,CPT Corbin Carroll UTIL Kohl Drake UTIL Geraldo Perdomo UTIL Lars Nootbaar UTIL Freddy Fermin UTIL Gabriel Moreno,,,
2480,5210662615,HC0023 (15/20),0,30.95,CPT Corbin Carroll UTIL Kohl Drake UTIL Nolan Arenado UTIL Tim Tawa UTIL Freddy Fermin UTIL Gabriel Moreno,,,
2502,5210324659,Satch65 (12/20),0,30.8,CPT Gavin Sheets UTIL Walker Buehler UTIL Manny Machado UTIL Geraldo Perdomo UTIL Lars Nootbaar UTIL Gabriel Moreno,,,
2502,5210631286,lordpudd,0,30.8,CPT Manny Machado UTIL Walker Buehler UTIL Ketel Marte UTIL Lars Nootbaar UTIL Ryan Waldschmidt UTIL Freddy Fermin,,,
2504,5210125683,foutah (6/6),0,30.75,CPT Max Kepler UTIL Walker Buehler UTIL Kohl Drake UTIL Ty France UTIL Lars Nootbaar UTIL Tim Tawa,,,
2504,5210562642,markcamaro (4/14),0,30.75,CPT Gabriel Moreno UTIL Walker Buehler UTIL Kohl Drake UTIL Max Kepler UTIL Ryan Waldschmidt UTIL Gavin Sheets,,,
2504,5210567898,georgeconfused (8/9),0,30.75,CPT Lars Nootbaar UTIL Walker Buehler UTIL Kohl Drake UTIL Geraldo Perdomo UTIL Freddy Fermin UTIL Gabriel Moreno,,,
2504,5210570886,Exotic2021,0,30.75,CPT Tim Tawa UTIL Walker Buehler UTIL Kohl Drake UTIL Nolan Arenado UTIL Freddy Fermin UTIL Gabriel Moreno,,,
2504,5210590621,bossplayer318 (1/20),0,30.75,CPT Lars Nootbaar UTIL Walker Buehler UTIL Kohl Drake UTIL Geraldo Perdomo UTIL Freddy Fermin UTIL Gabriel Moreno,,,
2509,5209972305,srushing29,0,30.650002,CPT Walker Buehler UTIL Kohl Drake UTIL Lars Nootbaar UTIL Max Kepler UTIL Tim Tawa UTIL Jake Cronenworth,,,
2509,5209998763,pat_the_hat2 (4/20),0,30.650002,CPT Walker Buehler UTIL Kohl Drake UTIL Jackson Merrill UTIL Ryan Waldschmidt UTIL Tim Tawa UTIL Freddy Fermin,,,
2509,5210212762,TheBigOuch (2/20),0,30.650002,CPT Walker Buehler UTIL Kohl Drake UTIL Jackson Merrill UTIL Gavin Sheets UTIL Tim Tawa UTIL Freddy Fermin,,,
2509,5210362976,Jbog19 (1/5),0,30.650002,CPT Walker Buehler UTIL Kohl Drake UTIL Lars Nootbaar UTIL Max Kepler UTIL Tim Tawa UTIL Jake Cronenworth,,,
2509,5210488550,VTHM76,0,30.650002,CPT Walker Buehler UTIL Kohl Drake UTIL Jackson Merrill UTIL Ryan Waldschmidt UTIL Tim Tawa UTIL Freddy Fermin,,,
2509,5210535246,KelvinDubs (17/20),0,30.650002,CPT Walker Buehler UTIL Kohl Drake UTIL Jackson Merrill UTIL Ryan Waldschmidt UTIL Tim Tawa UTIL Freddy Fermin,,,
2509,5210539173,LALA420,0,30.650002,CPT Walker Buehler UTIL Kohl Drake UTIL Jackson Merrill UTIL Ryan Waldschmidt UTIL Tim Tawa UTIL Freddy Fermin,,,
2509,5210552600,Messmer57 (4/5),0,30.650002,CPT Walker Buehler UTIL Kohl Drake UTIL Jackson Merrill UTIL Ryan Waldschmidt UTIL Tim Tawa UTIL Freddy Fermin,,,
2509,5210554294,trappwimm80 (1/2),0,30.650002,CPT Walker Buehler UTIL Kohl Drake UTIL Jackson Merrill UTIL Ryan Waldschmidt UTIL Tim Tawa UTIL Freddy Fermin,,,
2509,5210637756,jjarmour2012 (1/4),0,30.650002,CPT Walker Buehler UTIL Kohl Drake UTIL Jackson Merrill UTIL Gavin Sheets UTIL Tim Tawa UTIL Freddy Fermin,,,
2519,5209988127,byronwallace,0,30.5,CPT Tim Tawa UTIL Fernando Tatis Jr. UTIL Corbin Carroll UTIL Geraldo Perdomo UTIL Nolan Arenado UTIL Xander Bogaerts,,,
2519,5210158229,aklease,0,30.5,CPT Lars Nootbaar UTIL Corbin Carroll UTIL Manny Machado UTIL Geraldo Perdomo UTIL Ryan Waldschmidt UTIL Gabriel Moreno,,,
2519,5210280693,Juggles513 (1/2),0,30.5,CPT Ketel Marte UTIL Fernando Tatis Jr. UTIL Corbin Carroll UTIL Geraldo Perdomo UTIL Ryan Waldschmidt UTIL Freddy Fermin,,,
2519,5210286498,Juggles513 (2/2),0,30.5,CPT Ketel Marte UTIL Fernando Tatis Jr. UTIL Corbin Carroll UTIL Geraldo Perdomo UTIL Ryan Waldschmidt UTIL Freddy Fermin,,,
2519,5210315879,jasonlohre,0,30.5,CPT Ketel Marte UTIL Jackson Merrill UTIL Geraldo Perdomo UTIL Nolan Arenado UTIL Ryan Waldschmidt UTIL Gabriel Moreno,,,
2519,5210324660,Satch65 (13/20),0,30.5,CPT Lars Nootbaar UTIL Fernando Tatis Jr. UTIL Manny Machado UTIL Geraldo Perdomo UTIL Luis Rengifo UTIL Gavin Sheets,,,
2519,5210403904,cwthrow24 (18/20),0,30.5,CPT Ketel Marte UTIL Corbin Carroll UTIL Geraldo Perdomo UTIL Max Kepler UTIL Gavin Sheets UTIL Gabriel Moreno,,,
2519,5210486647,Dennish43,0,30.5,CPT Tim Tawa UTIL Fernando Tatis Jr. UTIL Corbin Carroll UTIL Geraldo Perdomo UTIL Nolan Arenado UTIL Xander Bogaerts,,,
2519,5210535363,eddymac222 (20/20),0,30.5,CPT Corbin Carroll UTIL Geraldo Perdomo UTIL Luis Rengifo UTIL Nolan Arenado UTIL Xander Bogaerts UTIL Max Kepler,,,
2519,5210583218,Jaime4625 (1/2),0,30.5,CPT Fernando Tatis Jr. UTIL Manny Machado UTIL Ketel Marte UTIL Lars Nootbaar UTIL Ryan Waldschmidt UTIL Gavin Sheets,,,
2519,5210586837,Rowdog31 (6/20),0,30.5,CPT Corbin Carroll UTIL Ketel Marte UTIL Ty France UTIL Geraldo Perdomo UTIL Ryan Waldschmidt UTIL Tim Tawa,,,
2519,5210589026,threepug,0,30.5,CPT Corbin Carroll UTIL Ketel Marte UTIL Ty France UTIL Geraldo Perdomo UTIL Ryan Waldschmidt UTIL Tim Tawa,,,
2519,5210592481,BIGBADBRU19,0,30.5,CPT Ketel Marte UTIL Ty France UTIL Geraldo Perdomo UTIL Nolan Arenado UTIL Xander Bogaerts UTIL Lars Nootbaar,,,
2519,5210609202,Linedrivers,0,30.5,CPT Corbin Carroll UTIL Ketel Marte UTIL Luis Rengifo UTIL Lars Nootbaar UTIL Max Kepler UTIL Ryan Waldschmidt,,,
2519,5210622244,CactusJack52,0,30.5,CPT Corbin Carroll UTIL Fernando Tatis Jr. UTIL Luis Rengifo UTIL Nolan Arenado UTIL Ryan Waldschmidt UTIL Gavin Sheets,,,
2519,5210630189,Slydawg13 (3/3),0,30.5,CPT Tim Tawa UTIL Fernando Tatis Jr. UTIL Ketel Marte UTIL Jackson Merrill UTIL Geraldo Perdomo UTIL Gavin Sheets,,,
2535,5210044220,Daily_Big_Kahuna (6/8),0,30.45,CPT Ryan Waldschmidt UTIL Kohl Drake UTIL Jackson Merrill UTIL Geraldo Perdomo UTIL Xander Bogaerts UTIL Gabriel Moreno,,,
2535,5210585756,avengers7,0,30.45,CPT Geraldo Perdomo UTIL Kohl Drake UTIL Luis Rengifo UTIL Nolan Arenado UTIL Jake Cronenworth UTIL Gabriel Moreno,,,
2537,5210504298,Koolkeeph1,0,30.3,CPT Max Kepler UTIL Walker Buehler UTIL Corbin Carroll UTIL Jackson Merrill UTIL Ryan Waldschmidt UTIL Gavin Sheets,,,
2537,5210675918,dingodan39 (4/5),0,30.3,CPT Walker Buehler UTIL Kohl Drake UTIL Luis Rengifo UTIL Gavin Sheets UTIL Tim Tawa UTIL Mason Miller,,,
2539,5210489433,curly82 (4/9),0,30.25,CPT Xander Bogaerts UTIL Walker Buehler UTIL Kohl Drake UTIL Ketel Marte UTIL Gavin Sheets UTIL Freddy Fermin,,,
2540,5210025685,LTskelter (12/20),0,30.224998,CPT Kohl Drake UTIL Walker Buehler UTIL Geraldo Perdomo UTIL Freddy Fermin UTIL Gabriel Moreno UTIL Jeremiah Estrada,,,
2540,5210060732,JcClark18 (17/20),0,30.224998,CPT Kohl Drake UTIL Walker Buehler UTIL Geraldo Perdomo UTIL Freddy Fermin UTIL Gabriel Moreno UTIL Jeremiah Estrada,,,
2542,5210614225,Aahmadi1 (1/2),0,30.2,CPT Walker Buehler UTIL Ketel Marte UTIL Geraldo Perdomo UTIL Lars Nootbaar UTIL Ryan Waldschmidt UTIL Jake Cronenworth,,,
2542,5210676211,chikobe,0,30.2,CPT Walker Buehler UTIL Manny Machado UTIL Geraldo Perdomo UTIL Lars Nootbaar UTIL Max Kepler UTIL Freddy Fermin,,,
2544,5209902705,niquisition (17/20),0,30.175,CPT Kohl Drake UTIL Ty France UTIL Lars Nootbaar UTIL Max Kepler UTIL Ryan Waldschmidt UTIL Gabriel Moreno,,,
2544,5210180098,LOCNOTM (5/20),0,30.175,CPT Kohl Drake UTIL Corbin Carroll UTIL Lars Nootbaar UTIL Tim Tawa UTIL Freddy Fermin UTIL Gabriel Moreno,,,
2544,5210395715,soaks0933 (1/7),0,30.175,CPT Kohl Drake UTIL Ty France UTIL Nolan Arenado UTIL Lars Nootbaar UTIL Tim Tawa UTIL Gabriel Moreno,,,
2544,5210495035,Edgitt116 (2/10),0,30.175,CPT Kohl Drake UTIL Corbin Carroll UTIL Manny Machado UTIL Luis Rengifo UTIL Jake Cronenworth UTIL Jase Bowen,,,
2544,5210594017,Gagenator51 (18/20),0,30.175,CPT Kohl Drake UTIL Corbin Carroll UTIL Lars Nootbaar UTIL Tim Tawa UTIL Freddy Fermin UTIL Gabriel Moreno,,,
2544,5210635529,Toney367 (3/20),0,30.175,CPT Kohl Drake UTIL Manny Machado UTIL Jackson Merrill UTIL Max Kepler UTIL Tim Tawa UTIL Jake Cronenworth,,,
2544,5210635534,Toney367 (8/20),0,30.175,CPT Kohl Drake UTIL Corbin Carroll UTIL Ty France UTIL Luis Rengifo UTIL Tim Tawa UTIL Jase Bowen,,,
2551,5209566546,rodh73,0,30,CPT Nolan Arenado UTIL Manny Machado UTIL Ty France UTIL Geraldo Perdomo UTIL Luis Rengifo UTIL Lars Nootbaar,,,
2551,5209664912,YaWannuDP (2/2),0,30,CPT James McCann UTIL Corbin Carroll UTIL Manny Machado UTIL Ketel Marte UTIL Ty France UTIL Geraldo Perdomo,,,
2551,5210010549,morrisnick77,0,30,CPT Nolan Arenado UTIL Fernando Tatis Jr. UTIL Corbin Carroll UTIL Luis Rengifo UTIL Lars Nootbaar UTIL Ryan Waldschmidt,,,
2551,5210017586,Hotdogfatboy (4/4),0,30,CPT Manny Machado UTIL Corbin Carroll UTIL Geraldo Perdomo UTIL Luis Rengifo UTIL Nolan Arenado UTIL Freddy Fermin,,,
2551,5210044221,Daily_Big_Kahuna (7/8),0,30,CPT Ryan Waldschmidt UTIL Ketel Marte UTIL Ty France UTIL Geraldo Perdomo UTIL Nolan Arenado UTIL Gabriel Moreno,,,
2551,5210218966,ERBeck9 (3/3),0,30,CPT Geraldo Perdomo UTIL Fernando Tatis Jr. UTIL Ketel Marte UTIL Xander Bogaerts UTIL Lars Nootbaar UTIL Max Kepler,,,
2551,5210337696,ElPasoKid,0,30,CPT Manny Machado UTIL Ketel Marte UTIL Geraldo Perdomo UTIL Nolan Arenado UTIL Tim Tawa UTIL Gabriel Moreno,,,
2551,5210358037,45dojo (8/8),0,30,CPT Ryan Waldschmidt UTIL Fernando Tatis Jr. UTIL Jackson Merrill UTIL Geraldo Perdomo UTIL Luis Rengifo UTIL Nolan Arenado,,,
2551,5210417305,bobbyf,0,30,CPT Manny Machado UTIL Fernando Tatis Jr. UTIL Corbin Carroll UTIL Max Kepler UTIL Ryan Waldschmidt UTIL Gavin Sheets,,,
2551,5210444846,pkmn66,0,30,CPT Geraldo Perdomo UTIL Fernando Tatis Jr. UTIL Manny Machado UTIL Ketel Marte UTIL Lars Nootbaar UTIL Freddy Fermin,,,
2551,5210507170,themitten,0,30,CPT Nolan Arenado UTIL Manny Machado UTIL Ty France UTIL Geraldo Perdomo UTIL Luis Rengifo UTIL Max Kepler,,,
2551,5210513663,ChrisA626 (2/2),0,30,CPT Nolan Arenado UTIL Corbin Carroll UTIL Jackson Merrill UTIL Geraldo Perdomo UTIL Ryan Waldschmidt UTIL Gabriel Moreno,,,
2551,5210564392,sgibby1231 (1/5),0,30,CPT Jackson Merrill UTIL Corbin Carroll UTIL Geraldo Perdomo UTIL Nolan Arenado UTIL Xander Bogaerts UTIL Gavin Sheets,,,
2551,5210567913,jeremykarle,0,30,CPT Manny Machado UTIL Fernando Tatis Jr. UTIL Ketel Marte UTIL Geraldo Perdomo UTIL Ryan Waldschmidt UTIL Freddy Fermin,,,
2551,5210578999,Schrinepiece92 (11/20),0,30,CPT Gavin Sheets UTIL Corbin Carroll UTIL Ketel Marte UTIL Jackson Merrill UTIL Geraldo Perdomo UTIL Xander Bogaerts,,,
2551,5210600759,pdanielsjr (11/20),0,30,CPT Geraldo Perdomo UTIL Corbin Carroll UTIL Manny Machado UTIL Ketel Marte UTIL Max Kepler UTIL Jake Cronenworth,,,
2551,5210622274,RFinch_Kings (3/5),0,30,CPT Nolan Arenado UTIL Fernando Tatis Jr. UTIL Corbin Carroll UTIL Luis Rengifo UTIL Lars Nootbaar UTIL Gavin Sheets,,,
2551,5210652577,sstrinni,0,30,CPT Geraldo Perdomo UTIL Fernando Tatis Jr. UTIL Manny Machado UTIL Ketel Marte UTIL Lars Nootbaar UTIL Freddy Fermin,,,
2569,5210633443,marcass83 (3/3),0,29.974998,CPT Kohl Drake UTIL Walker Buehler UTIL Ketel Marte UTIL Tim Tawa UTIL Jake Cronenworth UTIL Freddy Fermin,,,
2570,5210268307,jsh1122 (8/20),0,29.95,CPT Ketel Marte UTIL Kohl Drake UTIL Corbin Carroll UTIL Xander Bogaerts UTIL Lars Nootbaar UTIL Freddy Fermin,,,
2570,5210345821,JeffreyG33 (1/9),0,29.95,CPT Ketel Marte UTIL Kohl Drake UTIL Corbin Carroll UTIL Xander Bogaerts UTIL Lars Nootbaar UTIL Freddy Fermin,,,
2570,5210403895,cwthrow24 (9/20),0,29.95,CPT Max Kepler UTIL Kohl Drake UTIL Jackson Merrill UTIL Nolan Arenado UTIL Lars Nootbaar UTIL Gabriel Moreno,,,
2570,5210580366,Mugatu (1/3),0,29.95,CPT Corbin Carroll UTIL Kohl Drake UTIL Ty France UTIL Geraldo Perdomo UTIL Tim Tawa UTIL Freddy Fermin,,,
2570,5210615919,Rowdog31 (19/20),0,29.95,CPT Ketel Marte UTIL Kohl Drake UTIL Corbin Carroll UTIL Xander Bogaerts UTIL Lars Nootbaar UTIL Freddy Fermin,,,
2570,5210674133,JeffreyG33 (2/9),0,29.95,CPT Ketel Marte UTIL Kohl Drake UTIL Corbin Carroll UTIL Xander Bogaerts UTIL Lars Nootbaar UTIL Freddy Fermin,,,
2570,5210674143,JeffreyG33 (3/9),0,29.95,CPT Ketel Marte UTIL Kohl Drake UTIL Corbin Carroll UTIL Xander Bogaerts UTIL Lars Nootbaar UTIL Freddy Fermin,,,
2570,5210674149,JeffreyG33 (4/9),0,29.95,CPT Ketel Marte UTIL Kohl Drake UTIL Corbin Carroll UTIL Xander Bogaerts UTIL Lars Nootbaar UTIL Freddy Fermin,,,
2570,5210674361,JeffreyG33 (5/9),0,29.95,CPT Ketel Marte UTIL Kohl Drake UTIL Corbin Carroll UTIL Xander Bogaerts UTIL Lars Nootbaar UTIL Freddy Fermin,,,
2570,5210676198,JeffreyG33 (6/9),0,29.95,CPT Ketel Marte UTIL Kohl Drake UTIL Corbin Carroll UTIL Xander Bogaerts UTIL Lars Nootbaar UTIL Freddy Fermin,,,
2570,5210676201,JeffreyG33 (7/9),0,29.95,CPT Ketel Marte UTIL Kohl Drake UTIL Corbin Carroll UTIL Xander Bogaerts UTIL Lars Nootbaar UTIL Freddy Fermin,,,
2570,5210676208,JeffreyG33 (8/9),0,29.95,CPT Ketel Marte UTIL Kohl Drake UTIL Corbin Carroll UTIL Xander Bogaerts UTIL Lars Nootbaar UTIL Freddy Fermin,,,
2570,5210676212,JeffreyG33 (9/9),0,29.95,CPT Ketel Marte UTIL Kohl Drake UTIL Corbin Carroll UTIL Xander Bogaerts UTIL Lars Nootbaar UTIL Freddy Fermin,,,
2583,5210583710,theebozzfdc (2/3),0,29.8,CPT Gavin Sheets UTIL Walker Buehler UTIL Manny Machado UTIL Ty France UTIL Ryan Waldschmidt UTIL Tim Tawa,,,
2583,5210626497,84flipmode (18/20),0,29.8,CPT Manny Machado UTIL Walker Buehler UTIL Geraldo Perdomo UTIL Lars Nootbaar UTIL Gavin Sheets UTIL Jake Cronenworth,,,
2583,5210657282,mrpaulwr (9/10),0,29.8,CPT Geraldo Perdomo UTIL Walker Buehler UTIL Jackson Merrill UTIL Xander Bogaerts UTIL Max Kepler UTIL Gavin Sheets,,,
2586,5210059775,boiler24,0,29.75,CPT Lars Nootbaar UTIL Walker Buehler UTIL Kohl Drake UTIL Nolan Arenado UTIL Xander Bogaerts UTIL Jake Cronenworth,,,
2586,5210322346,caesar187 (1/3),0,29.75,CPT Freddy Fermin UTIL Walker Buehler UTIL Kohl Drake UTIL Fernando Tatis Jr. UTIL Geraldo Perdomo UTIL Tim Tawa,,,
2586,5210489568,atat13 (16/20),0,29.75,CPT Freddy Fermin UTIL Walker Buehler UTIL Kohl Drake UTIL Fernando Tatis Jr. UTIL Geraldo Perdomo UTIL Tim Tawa,,,
2586,5210594316,Spencezilla777,0,29.75,CPT Luis Rengifo UTIL Walker Buehler UTIL Kohl Drake UTIL Nolan Arenado UTIL Lars Nootbaar UTIL Freddy Fermin,,,
2586,5210634976,BamBam5775,0,29.75,CPT Freddy Fermin UTIL Walker Buehler UTIL Kohl Drake UTIL Fernando Tatis Jr. UTIL Nolan Arenado UTIL Tim Tawa,,,
2586,5210660686,DavidRay75,0,29.75,CPT Lars Nootbaar UTIL Walker Buehler UTIL Kohl Drake UTIL Nolan Arenado UTIL Xander Bogaerts UTIL Jake Cronenworth,,,
2592,5209500292,wcs1109 (17/20),0,29.650002,CPT Walker Buehler UTIL Kohl Drake UTIL Luis Rengifo UTIL Lars Nootbaar UTIL Gavin Sheets UTIL Freddy Fermin,,,
2592,5209500295,wcs1109 (20/20),0,29.650002,CPT Walker Buehler UTIL Kohl Drake UTIL Luis Rengifo UTIL Max Kepler UTIL Gavin Sheets UTIL Freddy Fermin,,,
2592,5209909583,mythicalrhymer01 (1/3),0,29.650002,CPT Walker Buehler UTIL Kohl Drake UTIL Ty France UTIL Ryan Waldschmidt UTIL Gavin Sheets UTIL Freddy Fermin,,,
2592,5209984186,KGould86 (9/20),0,29.650002,CPT Walker Buehler UTIL Kohl Drake UTIL Luis Rengifo UTIL Max Kepler UTIL Gavin Sheets UTIL Freddy Fermin,,,
2592,5210212766,TheBigOuch (6/20),0,29.650002,CPT Walker Buehler UTIL Kohl Drake UTIL Xander Bogaerts UTIL Ryan Waldschmidt UTIL Gavin Sheets UTIL Jake Cronenworth,,,
2592,5210299281,jasonwithaj (2/10),0,29.650002,CPT Walker Buehler UTIL Kohl Drake UTIL Xander Bogaerts UTIL Ryan Waldschmidt UTIL Gavin Sheets UTIL Jake Cronenworth,,,
2592,5210461098,j-wolf05 (1/20),0,29.650002,CPT Walker Buehler UTIL Kohl Drake UTIL Xander Bogaerts UTIL Ryan Waldschmidt UTIL Gavin Sheets UTIL Jake Cronenworth,,,
2592,5210565566,PAYDAY32,0,29.650002,CPT Walker Buehler UTIL Kohl Drake UTIL Xander Bogaerts UTIL Ryan Waldschmidt UTIL Gavin Sheets UTIL Jake Cronenworth,,,
2592,5210583369,hermd011 (2/10),0,29.650002,CPT Walker Buehler UTIL Kohl Drake UTIL Luis Rengifo UTIL Ryan Waldschmidt UTIL Tim Tawa UTIL Freddy Fermin,,,
2592,5210592742,Svqueen1221,0,29.650002,CPT Walker Buehler UTIL Kohl Drake UTIL Nolan Arenado UTIL Tim Tawa UTIL Jake Cronenworth UTIL Freddy Fermin,,,
2592,5210594007,Gagenator51 (8/20),0,29.650002,CPT Walker Buehler UTIL Kohl Drake UTIL Ty France UTIL Ryan Waldschmidt UTIL Gavin Sheets UTIL Freddy Fermin,,,
2592,5210603437,dtapper29 (1/20),0,29.650002,CPT Walker Buehler UTIL Kohl Drake UTIL Xander Bogaerts UTIL Ryan Waldschmidt UTIL Gavin Sheets UTIL Jake Cronenworth,,,
2592,5210637333,ChokeHoldem1 (1/6),0,29.650002,CPT Walker Buehler UTIL Kohl Drake UTIL Geraldo Perdomo UTIL Lars Nootbaar UTIL Jake Cronenworth UTIL Freddy Fermin,,,
2592,5210641945,ChokeHoldem1 (3/6),0,29.650002,CPT Walker Buehler UTIL Kohl Drake UTIL Geraldo Perdomo UTIL Lars Nootbaar UTIL Jake Cronenworth UTIL Freddy Fermin,,,
2592,5210647742,Cruzmissile8,0,29.650002,CPT Walker Buehler UTIL Kohl Drake UTIL Xander Bogaerts UTIL Ryan Waldschmidt UTIL Gavin Sheets UTIL Jake Cronenworth,,,
2592,5210677083,minfan77 (3/3),0,29.650002,CPT Walker Buehler UTIL Kohl Drake UTIL Luis Rengifo UTIL Lars Nootbaar UTIL Gavin Sheets UTIL Freddy Fermin,,,
2608,5210097112,hmbrooklyn,0,29.5,CPT Corbin Carroll UTIL Manny Machado UTIL Jackson Merrill UTIL Nolan Arenado UTIL Ryan Waldschmidt UTIL Tim Tawa,,,
2608,5210489964,barney_g (1/5),0,29.5,CPT Lars Nootbaar UTIL Corbin Carroll UTIL Manny Machado UTIL Ty France UTIL Nolan Arenado UTIL Gavin Sheets,,,
2608,5210540498,serb220,0,29.5,CPT Corbin Carroll UTIL Manny Machado UTIL Ketel Marte UTIL Geraldo Perdomo UTIL Lars Nootbaar UTIL Freddy Fermin,,,
2608,5210544764,chadshady,0,29.5,CPT Ketel Marte UTIL Corbin Carroll UTIL Ty France UTIL Nolan Arenado UTIL Lars Nootbaar UTIL Ryan Waldschmidt,,,
2608,5210565004,Aligator68,0,29.5,CPT Corbin Carroll UTIL Fernando Tatis Jr. UTIL Ketel Marte UTIL Max Kepler UTIL Ryan Waldschmidt UTIL Gavin Sheets,,,
2608,5210577817,lionman18 (2/4),0,29.5,CPT Fernando Tatis Jr. UTIL Corbin Carroll UTIL Nolan Arenado UTIL Lars Nootbaar UTIL Max Kepler UTIL Ryan Waldschmidt,,,
2608,5210580946,BigJoe4040,0,29.5,CPT Ketel Marte UTIL Fernando Tatis Jr. UTIL Geraldo Perdomo UTIL Xander Bogaerts UTIL Max Kepler UTIL Gavin Sheets,,,
2608,5210586317,koondog25,0,29.5,CPT Corbin Carroll UTIL Manny Machado UTIL Ketel Marte UTIL Geraldo Perdomo UTIL Lars Nootbaar UTIL Freddy Fermin,,,
2608,5210628795,diamondback2m,0,29.5,CPT Corbin Carroll UTIL Ketel Marte UTIL Nolan Arenado UTIL Xander Bogaerts UTIL Lars Nootbaar UTIL Max Kepler,,,
2608,5210631303,surfrider72 (5/9),0,29.5,CPT Corbin Carroll UTIL Manny Machado UTIL Ketel Marte UTIL Geraldo Perdomo UTIL Lars Nootbaar UTIL Freddy Fermin,,,
2608,5210635545,Toney367 (19/20),0,29.5,CPT Corbin Carroll UTIL Fernando Tatis Jr. UTIL Geraldo Perdomo UTIL Nolan Arenado UTIL Xander Bogaerts UTIL Gage Workman,,,
2619,5210403892,cwthrow24 (6/20),0,29.45,CPT Nolan Arenado UTIL Kohl Drake UTIL Fernando Tatis Jr. UTIL Max Kepler UTIL Tim Tawa UTIL Gabriel Moreno,,,
2619,5210489438,curly82 (9/9),0,29.45,CPT Gavin Sheets UTIL Kohl Drake UTIL Jackson Merrill UTIL Ty France UTIL Nolan Arenado UTIL Xander Bogaerts,,,
2619,5210535236,KelvinDubs (7/20),0,29.45,CPT Nolan Arenado UTIL Kohl Drake UTIL Fernando Tatis Jr. UTIL Max Kepler UTIL Tim Tawa UTIL Gabriel Moreno,,,
2619,5210576957,Jbc1010,0,29.45,CPT Manny Machado UTIL Kohl Drake UTIL Corbin Carroll UTIL Geraldo Perdomo UTIL Jake Cronenworth UTIL Freddy Fermin,,,
2619,5210643455,mitchell70 (2/5),0,29.45,CPT Xander Bogaerts UTIL Kohl Drake UTIL Ketel Marte UTIL Jackson Merrill UTIL Gavin Sheets UTIL Tim Tawa,,,
2619,5210676166,joeyduece09 (8/9),0,29.45,CPT Xander Bogaerts UTIL Kohl Drake UTIL Ketel Marte UTIL Nolan Arenado UTIL Gavin Sheets UTIL Gabriel Moreno,,,
2625,5210577004,alexortega3032,0,29.25,CPT Xander Bogaerts UTIL Walker Buehler UTIL Kohl Drake UTIL Nolan Arenado UTIL Ryan Waldschmidt UTIL Jake Cronenworth,,,
2626,5209769619,Marcus68658,0,29.2,CPT Walker Buehler UTIL Manny Machado UTIL Ketel Marte UTIL Luis Campusano UTIL Ryan Waldschmidt UTIL Freddy Fermin,,,
2627,5209984188,KGould86 (11/20),0,29.175,CPT Kohl Drake UTIL Fernando Tatis Jr. UTIL Max Kepler UTIL Ryan Waldschmidt UTIL Tim Tawa UTIL Gabriel Moreno,,,
2627,5210025679,LTskelter (6/20),0,29.175,CPT Kohl Drake UTIL Ketel Marte UTIL Geraldo Perdomo UTIL Tim Tawa UTIL Jake Cronenworth UTIL Gabriel Moreno,,,
2627,5210030839,FoxyGrandpa252 (5/20),0,29.175,CPT Kohl Drake UTIL Ketel Marte UTIL Nolan Arenado UTIL Tim Tawa UTIL Jake Cronenworth UTIL Gabriel Moreno,,,
2627,5210166684,floydian80 (15/20),0,29.175,CPT Kohl Drake UTIL Ketel Marte UTIL Geraldo Perdomo UTIL Tim Tawa UTIL Jake Cronenworth UTIL Gabriel Moreno,,,
2627,5210461099,j-wolf05 (2/20),0,29.175,CPT Kohl Drake UTIL Fernando Tatis Jr. UTIL Max Kepler UTIL Ryan Waldschmidt UTIL Tim Tawa UTIL Gabriel Moreno,,,
2627,5210620856,DigitalDreams (11/20),0,29.175,CPT Kohl Drake UTIL Ketel Marte UTIL Geraldo Perdomo UTIL Tim Tawa UTIL Jake Cronenworth UTIL Gabriel Moreno,,,
2627,5210630182,SMITTOFF11 (3/3),0,29.175,CPT Kohl Drake UTIL Manny Machado UTIL Xander Bogaerts UTIL Ryan Waldschmidt UTIL Tim Tawa UTIL Gabriel Moreno,,,
2627,5210644527,mrpaulwr (2/10),0,29.175,CPT Kohl Drake UTIL Fernando Tatis Jr. UTIL Lars Nootbaar UTIL Gavin Sheets UTIL Tim Tawa UTIL Gabriel Moreno,,,
2627,5210649036,twigger2,0,29.175,CPT Kohl Drake UTIL Manny Machado UTIL Jackson Merrill UTIL Geraldo Perdomo UTIL Jake Cronenworth UTIL Freddy Fermin,,,
2627,5210671951,cadezane1 (14/20),0,29.175,CPT Kohl Drake UTIL Fernando Tatis Jr. UTIL Max Kepler UTIL Ryan Waldschmidt UTIL Tim Tawa UTIL Gabriel Moreno,,,
2637,5209887179,Hinkle76 (10/10),0,29,CPT Nolan Arenado UTIL Corbin Carroll UTIL Manny Machado UTIL Geraldo Perdomo UTIL Tim Tawa UTIL Gabriel Moreno,,,
2637,5209964729,ThatgirlLisa,0,29,CPT Ty France UTIL Manny Machado UTIL Ketel Marte UTIL Geraldo Perdomo UTIL Ryan Waldschmidt UTIL Gavin Sheets,,,
2637,5210015273,bruce-Leee (2/3),0,29,CPT Geraldo Perdomo UTIL Corbin Carroll UTIL Manny Machado UTIL Nolan Arenado UTIL Tim Tawa UTIL Gabriel Moreno,,,
2637,5210032759,pdzmf,0,29,CPT Xander Bogaerts UTIL Corbin Carroll UTIL Jackson Merrill UTIL Geraldo Perdomo UTIL Nolan Arenado UTIL Ryan Waldschmidt,,,
2637,5210083323,kreller17 (7/20),0,29,CPT Manny Machado UTIL Corbin Carroll UTIL Jackson Merrill UTIL Geraldo Perdomo UTIL Gavin Sheets UTIL Tim Tawa,,,
2637,5210177496,bazzle1968,0,29,CPT Geraldo Perdomo UTIL Fernando Tatis Jr. UTIL Corbin Carroll UTIL Manny Machado UTIL Ryan Waldschmidt UTIL Freddy Fermin,,,
2637,5210358036,45dojo (7/8),0,29,CPT Jackson Merrill UTIL Fernando Tatis Jr. UTIL Geraldo Perdomo UTIL Nolan Arenado UTIL Max Kepler UTIL Ryan Waldschmidt,,,
2637,5210416028,dwilleke,0,29,CPT Nolan Arenado UTIL Fernando Tatis Jr. UTIL Manny Machado UTIL Luis Rengifo UTIL Ildemaro Vargas UTIL Max Kepler,,,
2637,5210489560,atat13 (8/20),0,29,CPT Nolan Arenado UTIL Fernando Tatis Jr. UTIL Corbin Carroll UTIL Ketel Marte UTIL Max Kepler UTIL Tim Tawa,,,
2637,5210566659,jonlapierre,0,29,CPT Geraldo Perdomo UTIL Fernando Tatis Jr. UTIL Corbin Carroll UTIL Manny Machado UTIL Ryan Waldschmidt UTIL Freddy Fermin,,,
2637,5210599937,FaithDMG,0,29,CPT Geraldo Perdomo UTIL Manny Machado UTIL Jackson Merrill UTIL Nolan Arenado UTIL Ryan Waldschmidt UTIL Gabriel Moreno,,,
2637,5210605323,woodreb5 (16/20),0,29,CPT Nolan Arenado UTIL Fernando Tatis Jr. UTIL Ketel Marte UTIL Jackson Merrill UTIL Lars Nootbaar UTIL Gavin Sheets,,,
2637,5210613748,jwal2882 (5/5),0,29,CPT Geraldo Perdomo UTIL Ketel Marte UTIL Ty France UTIL Luis Rengifo UTIL Nolan Arenado UTIL Max Kepler,,,
2637,5210616384,cruz2211 (1/3),0,29,CPT Nolan Arenado UTIL Fernando Tatis Jr. UTIL Jackson Merrill UTIL Geraldo Perdomo UTIL Xander Bogaerts UTIL Ryan Waldschmidt,,,
2637,5210623228,blarsen282 (1/4),0,29,CPT Nolan Arenado UTIL Fernando Tatis Jr. UTIL Jackson Merrill UTIL Geraldo Perdomo UTIL Xander Bogaerts UTIL Ryan Waldschmidt,,,
2637,5210671505,ggriggcubsfan (2/2),0,29,CPT Geraldo Perdomo UTIL Fernando Tatis Jr. UTIL Corbin Carroll UTIL Xander Bogaerts UTIL Max Kepler UTIL Ryan Waldschmidt,,,
2637,5210675920,eljaysport,0,29,CPT Geraldo Perdomo UTIL Corbin Carroll UTIL Manny Machado UTIL Jackson Merrill UTIL Max Kepler UTIL Tim Tawa,,,
2654,5209956929,MoneyRamirez (15/20),0,28.974998,CPT Kohl Drake UTIL Walker Buehler UTIL Max Kepler UTIL Ryan Waldschmidt UTIL Freddy Fermin UTIL Gabriel Moreno,,,
2654,5209968082,TheShocker,0,28.974998,CPT Kohl Drake UTIL Walker Buehler UTIL Luis Rengifo UTIL Ryan Waldschmidt UTIL Tim Tawa UTIL Jake Cronenworth,,,
2654,5210180103,LOCNOTM (10/20),0,28.974998,CPT Kohl Drake UTIL Walker Buehler UTIL Lars Nootbaar UTIL Gavin Sheets UTIL Freddy Fermin UTIL Gabriel Moreno,,,
2654,5210238832,SpeedRacer101 (9/20),0,28.974998,CPT Kohl Drake UTIL Walker Buehler UTIL Luis Rengifo UTIL Ryan Waldschmidt UTIL Tim Tawa UTIL Jake Cronenworth,,,
2654,5210376672,FyudorDosto5,0,28.974998,CPT Kohl Drake UTIL Walker Buehler UTIL Lars Nootbaar UTIL Ryan Waldschmidt UTIL Freddy Fermin UTIL Gabriel Moreno,,,
2654,5210407686,darrylposton (2/20),0,28.974998,CPT Kohl Drake UTIL Walker Buehler UTIL Lars Nootbaar UTIL Ryan Waldschmidt UTIL Freddy Fermin UTIL Gabriel Moreno,,,
2654,5210418918,Dreak01 (1/2),0,28.974998,CPT Kohl Drake UTIL Walker Buehler UTIL Luis Rengifo UTIL Ryan Waldschmidt UTIL Tim Tawa UTIL Jake Cronenworth,,,
2654,5210482014,georgeconfused (2/9),0,28.974998,CPT Kohl Drake UTIL Walker Buehler UTIL Max Kepler UTIL Ryan Waldschmidt UTIL Freddy Fermin UTIL Gabriel Moreno,,,
2654,5210531232,Dreak01 (2/2),0,28.974998,CPT Kohl Drake UTIL Walker Buehler UTIL Luis Rengifo UTIL Ryan Waldschmidt UTIL Tim Tawa UTIL Jake Cronenworth,,,
2654,5210583784,xXxPLOSIVE (2/5),0,28.974998,CPT Kohl Drake UTIL Walker Buehler UTIL Lars Nootbaar UTIL Ryan Waldschmidt UTIL Freddy Fermin UTIL Gabriel Moreno,,,
2654,5210603497,coolsouthernbrees (2/16),0,28.974998,CPT Kohl Drake UTIL Walker Buehler UTIL Lars Nootbaar UTIL Ryan Waldschmidt UTIL Freddy Fermin UTIL Gabriel Moreno,,,
2654,5210609287,JJSaenz (15/20),0,28.974998,CPT Kohl Drake UTIL Walker Buehler UTIL Luis Rengifo UTIL Gavin Sheets UTIL Tim Tawa UTIL Jake Cronenworth,,,
2654,5210667487,Orangechocolate70 (18/20),0,28.974998,CPT Kohl Drake UTIL Walker Buehler UTIL Lars Nootbaar UTIL Ryan Waldschmidt UTIL Freddy Fermin UTIL Gabriel Moreno,,,
2667,5209972185,jhbecerra (7/12),0,28.95,CPT Corbin Carroll UTIL Kohl Drake UTIL Fernando Tatis Jr. UTIL Lars Nootbaar UTIL Gavin Sheets UTIL Freddy Fermin,,,
2667,5210060729,JcClark18 (14/20),0,28.95,CPT Gabriel Moreno UTIL Kohl Drake UTIL Corbin Carroll UTIL Geraldo Perdomo UTIL Gavin Sheets UTIL Tim Tawa,,,
2667,5210092894,chrispy2005 (18/20),0,28.95,CPT Corbin Carroll UTIL Kohl Drake UTIL Lars Nootbaar UTIL Max Kepler UTIL Gavin Sheets UTIL Gabriel Moreno,,,
2667,5210148623,austin60915 (18/20),0,28.95,CPT Ketel Marte UTIL Kohl Drake UTIL Geraldo Perdomo UTIL Ryan Waldschmidt UTIL Jake Cronenworth UTIL Gabriel Moreno,,,
2667,5210299286,jasonwithaj (7/10),0,28.95,CPT Corbin Carroll UTIL Kohl Drake UTIL Lars Nootbaar UTIL Max Kepler UTIL Gavin Sheets UTIL Gabriel Moreno,,,
2667,5210551664,L053R666,0,28.95,CPT Corbin Carroll UTIL Kohl Drake UTIL Fernando Tatis Jr. UTIL Lars Nootbaar UTIL Gavin Sheets UTIL Freddy Fermin,,,
2667,5210555409,allan1966,0,28.95,CPT Corbin Carroll UTIL Kohl Drake UTIL Fernando Tatis Jr. UTIL Lars Nootbaar UTIL Gavin Sheets UTIL Freddy Fermin,,,
2667,5210577786,Rowdog31 (2/20),0,28.95,CPT Corbin Carroll UTIL Kohl Drake UTIL Lars Nootbaar UTIL Max Kepler UTIL Gavin Sheets UTIL Gabriel Moreno,,,
2667,5210615920,Rowdog31 (20/20),0,28.95,CPT Ketel Marte UTIL Kohl Drake UTIL Corbin Carroll UTIL Lars Nootbaar UTIL Tim Tawa UTIL Jake Cronenworth,,,
2667,5210630384,ac919 (17/20),0,28.95,CPT Corbin Carroll UTIL Kohl Drake UTIL Ketel Marte UTIL Geraldo Perdomo UTIL Jake Cronenworth UTIL Freddy Fermin,,,
2667,5210657869,Jesman1985,0,28.95,CPT Corbin Carroll UTIL Kohl Drake UTIL Ketel Marte UTIL Geraldo Perdomo UTIL Jake Cronenworth UTIL Freddy Fermin,,,
2678,5210118023,foutah (3/6),0,28.8,CPT Manny Machado UTIL Walker Buehler UTIL Xander Bogaerts UTIL Lars Nootbaar UTIL Ryan Waldschmidt UTIL Gavin Sheets,,,
2678,5210560828,Rootytoot33 (2/2),0,28.8,CPT Geraldo Perdomo UTIL Walker Buehler UTIL Fernando Tatis Jr. UTIL Ryan Waldschmidt UTIL Gavin Sheets UTIL Jake Cronenworth,,,
2678,5210634957,shermdog3 (2/2),0,28.8,CPT Nolan Arenado UTIL Walker Buehler UTIL Manny Machado UTIL Xander Bogaerts UTIL Lars Nootbaar UTIL Max Kepler,,,
2681,5209998768,pat_the_hat2 (9/20),0,28.75,CPT Lars Nootbaar UTIL Walker Buehler UTIL Kohl Drake UTIL Fernando Tatis Jr. UTIL Gavin Sheets UTIL Freddy Fermin,,,
2681,5210489572,atat13 (20/20),0,28.75,CPT Max Kepler UTIL Walker Buehler UTIL Kohl Drake UTIL Fernando Tatis Jr. UTIL Gavin Sheets UTIL Freddy Fermin,,,
2681,5210667261,mrpaulwr (10/10),0,28.75,CPT Tim Tawa UTIL Walker Buehler UTIL Kohl Drake UTIL Jackson Merrill UTIL Lars Nootbaar UTIL Max Kepler,,,
2684,5209692282,ivymoose (4/20),0,28.65,CPT Walker Buehler UTIL Kohl Drake UTIL Xander Bogaerts UTIL Lars Nootbaar UTIL Gavin Sheets UTIL Freddy Fermin,,,
2684,5210403894,cwthrow24 (8/20),0,28.65,CPT Walker Buehler UTIL Kohl Drake UTIL Xander Bogaerts UTIL Lars Nootbaar UTIL Gavin Sheets UTIL Freddy Fermin,,,
2684,5210571290,124hoffman (7/8),0,28.65,CPT Walker Buehler UTIL Kohl Drake UTIL Xander Bogaerts UTIL Lars Nootbaar UTIL Gavin Sheets UTIL Freddy Fermin,,,
2684,5210586742,lionman18 (3/4),0,28.65,CPT Walker Buehler UTIL Kohl Drake UTIL Nolan Arenado UTIL Xander Bogaerts UTIL Tim Tawa UTIL Freddy Fermin,,,
2684,5210589614,Schrinepiece92 (20/20),0,28.65,CPT Walker Buehler UTIL Kohl Drake UTIL Xander Bogaerts UTIL Lars Nootbaar UTIL Gavin Sheets UTIL Freddy Fermin,,,
2684,5210600994,pisco80 (14/20),0,28.65,CPT Walker Buehler UTIL Kohl Drake UTIL Nolan Arenado UTIL Xander Bogaerts UTIL Tim Tawa UTIL Freddy Fermin,,,
2684,5210621193,Dr__D,0,28.65,CPT Walker Buehler UTIL Kohl Drake UTIL Nolan Arenado UTIL Xander Bogaerts UTIL Tim Tawa UTIL Freddy Fermin,,,
2684,5210633248,marcass83 (2/3),0,28.65,CPT Walker Buehler UTIL Kohl Drake UTIL Xander Bogaerts UTIL Lars Nootbaar UTIL Ryan Waldschmidt UTIL Freddy Fermin,,,
2692,5210544113,Messmer57 (2/5),0,28.5,CPT Corbin Carroll UTIL Ketel Marte UTIL Geraldo Perdomo UTIL Xander Bogaerts UTIL Gavin Sheets UTIL Freddy Fermin,,,
2692,5210555378,orchard7 (13/18),0,28.5,CPT Corbin Carroll UTIL Ketel Marte UTIL Jackson Merrill UTIL Geraldo Perdomo UTIL Gavin Sheets UTIL Tim Tawa,,,
2692,5210571204,TLandry14 (1/2),0,28.5,CPT Corbin Carroll UTIL Manny Machado UTIL Luis Rengifo UTIL Nolan Arenado UTIL Max Kepler UTIL Ryan Waldschmidt,,,
2692,5210574061,Sensamelia1,0,28.5,CPT Ketel Marte UTIL Ty France UTIL Geraldo Perdomo UTIL Luis Rengifo UTIL Nolan Arenado UTIL Ryan Waldschmidt,,,
2692,5210595130,tommydoo8,0,28.5,CPT Ketel Marte UTIL Manny Machado UTIL Ty France UTIL Geraldo Perdomo UTIL Lars Nootbaar UTIL Gavin Sheets,,,
2692,5210607524,Xavieraccola,0,28.5,CPT Ketel Marte UTIL Fernando Tatis Jr. UTIL Corbin Carroll UTIL Lars Nootbaar UTIL Ryan Waldschmidt UTIL Gavin Sheets,,,
2692,5210655781,Rockwitme74 (3/3),0,28.5,CPT Freddy Fermin UTIL Luis Rengifo UTIL Nolan Arenado UTIL Ryan Waldschmidt UTIL Tim Tawa UTIL Jake Cronenworth,,,
2692,5210656932,ArizonaFire,0,28.5,CPT Ketel Marte UTIL Corbin Carroll UTIL Geraldo Perdomo UTIL Xander Bogaerts UTIL Lars Nootbaar UTIL Max Kepler,,,
2692,5210659928,sirtonez,0,28.5,CPT Corbin Carroll UTIL Manny Machado UTIL Geraldo Perdomo UTIL Gavin Sheets UTIL Tim Tawa UTIL Jake Cronenworth,,,
2692,5210675012,Mhubbard413,0,28.5,CPT Ketel Marte UTIL Manny Machado UTIL Ty France UTIL Geraldo Perdomo UTIL Max Kepler UTIL Gavin Sheets,,,
2702,5209972187,jhbecerra (9/12),0,28.45,CPT Manny Machado UTIL Kohl Drake UTIL Fernando Tatis Jr. UTIL Ryan Waldschmidt UTIL Gavin Sheets UTIL Jake Cronenworth,,,
2702,5210531763,eddymac222 (14/20),0,28.45,CPT Nolan Arenado UTIL Kohl Drake UTIL Ketel Marte UTIL Xander Bogaerts UTIL Tim Tawa UTIL Gabriel Moreno,,,
2702,5210552303,phfact0r49,0,28.45,CPT Jackson Merrill UTIL Kohl Drake UTIL Geraldo Perdomo UTIL Luis Rengifo UTIL Nolan Arenado UTIL Freddy Fermin,,,
2702,5210589458,rams779 (3/4),0,28.45,CPT Geraldo Perdomo UTIL Kohl Drake UTIL Corbin Carroll UTIL Ryan Waldschmidt UTIL Jake Cronenworth UTIL Gabriel Moreno,,,
2702,5210633494,hermd011 (10/10),0,28.45,CPT Ryan Waldschmidt UTIL Kohl Drake UTIL Corbin Carroll UTIL Jackson Merrill UTIL Luis Rengifo UTIL Tim Tawa,,,
2702,5210641727,monarch11 (4/20),0,28.45,CPT Nolan Arenado UTIL Kohl Drake UTIL Ketel Marte UTIL Xander Bogaerts UTIL Tim Tawa UTIL Gabriel Moreno,,,
2702,5210662798,bubbatex59,0,28.45,CPT Jackson Merrill UTIL Kohl Drake UTIL Geraldo Perdomo UTIL Xander Bogaerts UTIL Lars Nootbaar UTIL Tim Tawa,,,
2709,5210603496,Sprtsfn76,0,28.3,CPT Ketel Marte UTIL Walker Buehler UTIL Manny Machado UTIL Lars Nootbaar UTIL Gavin Sheets UTIL Tim Tawa,,,
2710,5210212769,TheBigOuch (9/20),0,28.25,CPT Xander Bogaerts UTIL Walker Buehler UTIL Kohl Drake UTIL Geraldo Perdomo UTIL Max Kepler UTIL Freddy Fermin,,,
2710,5210324650,Satch65 (3/20),0,28.25,CPT Gavin Sheets UTIL Walker Buehler UTIL Kohl Drake UTIL Luis Rengifo UTIL Xander Bogaerts UTIL Tim Tawa,,,
2710,5210598161,Heaven2010 (2/13),0,28.25,CPT Manny Machado UTIL Walker Buehler UTIL Kohl Drake UTIL Lars Nootbaar UTIL Tim Tawa UTIL Freddy Fermin,,,
2710,5210621198,goheelz1 (4/7),0,28.25,CPT Manny Machado UTIL Walker Buehler UTIL Kohl Drake UTIL Lars Nootbaar UTIL Tim Tawa UTIL Freddy Fermin,,,
2710,5210621821,Marsharks (1/20),0,28.25,CPT Manny Machado UTIL Walker Buehler UTIL Kohl Drake UTIL Lars Nootbaar UTIL Tim Tawa UTIL Freddy Fermin,,,
2715,5210521340,mrjbgray,0,28.2,CPT Walker Buehler UTIL Geraldo Perdomo UTIL Luis Rengifo UTIL Lars Nootbaar UTIL Max Kepler UTIL Ryan Waldschmidt,,,
2716,5209972180,jhbecerra (2/12),0,28.175,CPT Kohl Drake UTIL Fernando Tatis Jr. UTIL Jackson Merrill UTIL Lars Nootbaar UTIL Gavin Sheets UTIL Freddy Fermin,,,
2716,5210478459,MiKeyTheGuy69,0,28.175,CPT Kohl Drake UTIL Corbin Carroll UTIL Ketel Marte UTIL Ty France UTIL Tyler Locklear UTIL Freddy Fermin,,,
2716,5210512354,mikeo3,0,28.175,CPT Kohl Drake UTIL Corbin Carroll UTIL Geraldo Perdomo UTIL Jake Cronenworth UTIL Sung-Mun Song UTIL Gabriel Moreno,,,
2716,5210635528,Toney367 (2/20),0,28.175,CPT Kohl Drake UTIL Corbin Carroll UTIL Manny Machado UTIL Xander Bogaerts UTIL Tim Tawa UTIL Freddy Fermin,,,
2720,5209873990,millerjt7 (5/5),0,28,CPT Nolan Arenado UTIL Manny Machado UTIL Jackson Merrill UTIL Ty France UTIL Geraldo Perdomo UTIL Gavin Sheets,,,
2720,5210189664,keithmathwhizz,0,28,CPT Geraldo Perdomo UTIL Fernando Tatis Jr. UTIL Ketel Marte UTIL Luis Rengifo UTIL Max Kepler UTIL Ryan Waldschmidt,,,
2720,5210390368,Mayrie,0,28,CPT Manny Machado UTIL Fernando Tatis Jr. UTIL Ketel Marte UTIL Max Kepler UTIL Ryan Waldschmidt UTIL Gavin Sheets,,,
2720,5210499106,Orangechocolate70 (6/20),0,28,CPT Geraldo Perdomo UTIL Corbin Carroll UTIL Ketel Marte UTIL Jackson Merrill UTIL Lars Nootbaar UTIL Tim Tawa,,,
2720,5210549166,lenn221 (4/4),0,28,CPT Geraldo Perdomo UTIL Fernando Tatis Jr. UTIL Ketel Marte UTIL Ty France UTIL Ryan Waldschmidt UTIL Gavin Sheets,,,
2720,5210568020,rams779 (1/4),0,28,CPT Geraldo Perdomo UTIL Ketel Marte UTIL Jackson Merrill UTIL Nolan Arenado UTIL Ryan Waldschmidt UTIL Gabriel Moreno,,,
2720,5210583371,42NEXTONEdj,0,28,CPT Geraldo Perdomo UTIL Fernando Tatis Jr. UTIL Manny Machado UTIL Xander Bogaerts UTIL Lars Nootbaar UTIL Ryan Waldschmidt,,,
2720,5210583714,kodiakdog1966,0,28,CPT Nolan Arenado UTIL Fernando Tatis Jr. UTIL Manny Machado UTIL Geraldo Perdomo UTIL Xander Bogaerts UTIL Tim Tawa,,,
2720,5210589688,Rockwitme74 (1/3),0,28,CPT Nolan Arenado UTIL Manny Machado UTIL Jackson Merrill UTIL Geraldo Perdomo UTIL Luis Rengifo UTIL Tim Tawa,,,
2720,5210616413,cruz2211 (2/3),0,28,CPT Geraldo Perdomo UTIL Corbin Carroll UTIL Ketel Marte UTIL Lars Nootbaar UTIL Gavin Sheets UTIL Gabriel Moreno,,,
2720,5210646945,cameronhart23 (8/20),0,28,CPT Geraldo Perdomo UTIL Corbin Carroll UTIL Ketel Marte UTIL Jackson Merrill UTIL Lars Nootbaar UTIL Tim Tawa,,,
2731,5209887172,Hinkle76 (3/10),0,27.974998,CPT Kohl Drake UTIL Walker Buehler UTIL Xander Bogaerts UTIL Ryan Waldschmidt UTIL Tim Tawa UTIL Jake Cronenworth,,,
2731,5210092891,chrispy2005 (15/20),0,27.974998,CPT Kohl Drake UTIL Walker Buehler UTIL Manny Machado UTIL Gavin Sheets UTIL Jake Cronenworth UTIL Freddy Fermin,,,
2731,5210495034,Edgitt116 (1/10),0,27.974998,CPT Kohl Drake UTIL Walker Buehler UTIL Manny Machado UTIL Ryan Waldschmidt UTIL Jake Cronenworth UTIL Freddy Fermin,,,
2731,5210551647,zachdaddy (16/20),0,27.974998,CPT Kohl Drake UTIL Walker Buehler UTIL Ty France UTIL Gavin Sheets UTIL Tim Tawa UTIL Freddy Fermin,,,
2731,5210551649,zachdaddy (18/20),0,27.974998,CPT Kohl Drake UTIL Walker Buehler UTIL Luis Rengifo UTIL Lars Nootbaar UTIL Tim Tawa UTIL Freddy Fermin,,,
2731,5210594012,Gagenator51 (13/20),0,27.974998,CPT Kohl Drake UTIL Walker Buehler UTIL Ty France UTIL Gavin Sheets UTIL Tim Tawa UTIL Freddy Fermin,,,
2731,5210594016,Gagenator51 (17/20),0,27.974998,CPT Kohl Drake UTIL Walker Buehler UTIL Manny Machado UTIL Gavin Sheets UTIL Jake Cronenworth UTIL Freddy Fermin,,,
2731,5210609290,JJSaenz (18/20),0,27.974998,CPT Kohl Drake UTIL Walker Buehler UTIL Luis Rengifo UTIL Lars Nootbaar UTIL Tim Tawa UTIL Freddy Fermin,,,
2739,5209758162,Sammy.Boy (12/20),0,27.95,CPT Tim Tawa UTIL Kohl Drake UTIL Fernando Tatis Jr. UTIL Corbin Carroll UTIL Lars Nootbaar UTIL Max Kepler,,,
2739,5209972183,jhbecerra (5/12),0,27.95,CPT Fernando Tatis Jr. UTIL Kohl Drake UTIL Geraldo Perdomo UTIL Lars Nootbaar UTIL Gavin Sheets UTIL Jake Cronenworth,,,
2739,5210092884,chrispy2005 (8/20),0,27.95,CPT Tim Tawa UTIL Kohl Drake UTIL Fernando Tatis Jr. UTIL Corbin Carroll UTIL Lars Nootbaar UTIL Max Kepler,,,
2739,5210360228,Mige1 (10/20),0,27.95,CPT Corbin Carroll UTIL Kohl Drake UTIL Geraldo Perdomo UTIL Ryan Waldschmidt UTIL Freddy Fermin UTIL Gabriel Moreno,,,
2739,5210512344,Eibekwe,0,27.95,CPT Corbin Carroll UTIL Kohl Drake UTIL Geraldo Perdomo UTIL Ryan Waldschmidt UTIL Freddy Fermin UTIL Gabriel Moreno,,,
2739,5210534198,eddymac222 (17/20),0,27.95,CPT Ketel Marte UTIL Kohl Drake UTIL Ty France UTIL Nolan Arenado UTIL Ryan Waldschmidt UTIL Jake Cronenworth,,,
2739,5210554630,yanksfan941 (2/5),0,27.95,CPT Ketel Marte UTIL Kohl Drake UTIL Luis Rengifo UTIL Nolan Arenado UTIL Tim Tawa UTIL Jake Cronenworth,,,
2739,5210572279,markcamaro (12/14),0,27.95,CPT Ketel Marte UTIL Kohl Drake UTIL Corbin Carroll UTIL Luis Rengifo UTIL Ryan Waldschmidt UTIL Freddy Fermin,,,
2739,5210609279,JJSaenz (7/20),0,27.95,CPT Fernando Tatis Jr. UTIL Kohl Drake UTIL Geraldo Perdomo UTIL Lars Nootbaar UTIL Gavin Sheets UTIL Jake Cronenworth,,,
2739,5210615319,Aahmadi1 (2/2),0,27.95,CPT Lars Nootbaar UTIL Kohl Drake UTIL Fernando Tatis Jr. UTIL Jackson Merrill UTIL Max Kepler UTIL Gavin Sheets,,,
2739,5210633418,RFinch_Kings (4/5),0,27.95,CPT Ketel Marte UTIL Kohl Drake UTIL Ty France UTIL Lars Nootbaar UTIL Max Kepler UTIL Tim Tawa,,,
2750,5210667478,Orangechocolate70 (9/20),0,27.8,CPT Gavin Sheets UTIL Walker Buehler UTIL Manny Machado UTIL Ketel Marte UTIL Xander Bogaerts UTIL Ryan Waldschmidt,,,
2751,5210655771,TJStarx (2/2),0,27.75,CPT Ketel Marte UTIL Walker Buehler UTIL Kohl Drake UTIL Gavin Sheets UTIL Tim Tawa UTIL Jake Cronenworth,,,
2752,5210398766,Douglas1990 (1/2),0,27.65,CPT Walker Buehler UTIL Kohl Drake UTIL Lars Nootbaar UTIL Max Kepler UTIL Ryan Waldschmidt UTIL Jake Cronenworth,,,
2752,5210409841,Douglas1990 (2/2),0,27.65,CPT Walker Buehler UTIL Kohl Drake UTIL Lars Nootbaar UTIL Max Kepler UTIL Ryan Waldschmidt UTIL Jake Cronenworth,,,
2754,5209918402,piotrj10 (12/20),0,27.5,CPT Corbin Carroll UTIL Fernando Tatis Jr. UTIL Geraldo Perdomo UTIL Max Kepler UTIL Ryan Waldschmidt UTIL Tim Tawa,,,
2754,5209918404,piotrj10 (14/20),0,27.5,CPT Ketel Marte UTIL Corbin Carroll UTIL Geraldo Perdomo UTIL Ryan Waldschmidt UTIL Gavin Sheets UTIL Gabriel Moreno,,,
2754,5210408514,clonefan2020,0,27.5,CPT Corbin Carroll UTIL Fernando Tatis Jr. UTIL Manny Machado UTIL Ildemaro Vargas UTIL Ryan Waldschmidt UTIL Adrian Del Castillo,,,
2754,5210481614,Darkmen715 (8/20),0,27.5,CPT Corbin Carroll UTIL Fernando Tatis Jr. UTIL Geraldo Perdomo UTIL Lars Nootbaar UTIL Max Kepler UTIL Ryan Waldschmidt,,,
2754,5210548590,achamp4real (7/7),0,27.5,CPT Corbin Carroll UTIL Ketel Marte UTIL Geraldo Perdomo UTIL Luis Rengifo UTIL Gavin Sheets UTIL Tim Tawa,,,
2754,5210550857,tonyfla,0,27.5,CPT Fernando Tatis Jr. UTIL Ketel Marte UTIL Geraldo Perdomo UTIL Lars Nootbaar UTIL Max Kepler UTIL Ryan Waldschmidt,,,
2754,5210554261,yanksfan941 (1/5),0,27.5,CPT Corbin Carroll UTIL Fernando Tatis Jr. UTIL Geraldo Perdomo UTIL Lars Nootbaar UTIL Max Kepler UTIL Ryan Waldschmidt,,,
2754,5210555394,sbochoa (2/2),0,27.5,CPT Ketel Marte UTIL Fernando Tatis Jr. UTIL Manny Machado UTIL Nolan Arenado UTIL Ryan Waldschmidt UTIL Tim Tawa,,,
2754,5210599506,jtvbaker75 (3/3),0,27.5,CPT Fernando Tatis Jr. UTIL Ketel Marte UTIL Geraldo Perdomo UTIL Lars Nootbaar UTIL Max Kepler UTIL Ryan Waldschmidt,,,
2754,5210650490,DEEZ.NU.TEES (2/2),0,27.5,CPT Luis Rengifo UTIL Geraldo Perdomo UTIL Xander Bogaerts UTIL Lars Nootbaar UTIL Max Kepler UTIL Ryan Waldschmidt,,,
2764,5209972188,jhbecerra (10/12),0,27.45,CPT Manny Machado UTIL Kohl Drake UTIL Fernando Tatis Jr. UTIL Lars Nootbaar UTIL Gavin Sheets UTIL Freddy Fermin,,,
2764,5210025686,LTskelter (13/20),0,27.45,CPT Geraldo Perdomo UTIL Kohl Drake UTIL Ty France UTIL Max Kepler UTIL Ryan Waldschmidt UTIL Gabriel Moreno,,,
2764,5210582524,jrice54 (18/20),0,27.45,CPT Geraldo Perdomo UTIL Kohl Drake UTIL Ty France UTIL Max Kepler UTIL Ryan Waldschmidt UTIL Gabriel Moreno,,,
2764,5210627645,coolsouthernbrees (14/16),0,27.45,CPT Nolan Arenado UTIL Kohl Drake UTIL Ty France UTIL Geraldo Perdomo UTIL Tim Tawa UTIL Gabriel Moreno,,,
2764,5210641740,monarch11 (17/20),0,27.45,CPT Geraldo Perdomo UTIL Kohl Drake UTIL Ty France UTIL Lars Nootbaar UTIL Ryan Waldschmidt UTIL Gabriel Moreno,,,
2764,5210651662,w00ster (3/3),0,27.45,CPT Geraldo Perdomo UTIL Kohl Drake UTIL Luis Rengifo UTIL Lars Nootbaar UTIL Max Kepler UTIL Gabriel Moreno,,,
2764,5210657106,55Vader (3/4),0,27.45,CPT Geraldo Perdomo UTIL Kohl Drake UTIL Ty France UTIL Ryan Waldschmidt UTIL Tim Tawa UTIL Gabriel Moreno,,,
2764,5210657504,YABOYLUX (6/7),0,27.45,CPT Geraldo Perdomo UTIL Kohl Drake UTIL Ty France UTIL Ryan Waldschmidt UTIL Tim Tawa UTIL Gabriel Moreno,,,
2764,5210658620,greeneyedsoul71 (1/2),0,27.45,CPT Geraldo Perdomo UTIL Kohl Drake UTIL Fernando Tatis Jr. UTIL Xander Bogaerts UTIL Ryan Waldschmidt UTIL Jake Cronenworth,,,
2764,5210666576,greeneyedsoul71 (2/2),0,27.45,CPT Geraldo Perdomo UTIL Kohl Drake UTIL Fernando Tatis Jr. UTIL Xander Bogaerts UTIL Ryan Waldschmidt UTIL Jake Cronenworth,,,
2764,5210669683,boricuamalito (5/5),0,27.45,CPT Geraldo Perdomo UTIL Kohl Drake UTIL Fernando Tatis Jr. UTIL Luis Rengifo UTIL Lars Nootbaar UTIL Freddy Fermin,,,
2775,5210487038,vylynwyldcat,0,27.3,CPT Corbin Carroll UTIL Walker Buehler UTIL Ketel Marte UTIL Ryan Waldschmidt UTIL Gavin Sheets UTIL Tim Tawa,,,
2776,5210180974,TinyGiant99 (5/5),0,27.25,CPT Gavin Sheets UTIL Walker Buehler UTIL Kohl Drake UTIL Fernando Tatis Jr. UTIL Tim Tawa UTIL Freddy Fermin,,,
2777,5210509773,tripp2024,0,27.2,CPT Walker Buehler UTIL Nolan Arenado UTIL Xander Bogaerts UTIL Lars Nootbaar UTIL Max Kepler UTIL Gavin Sheets,,,
2778,5209500290,wcs1109 (15/20),0,27.175,CPT Kohl Drake UTIL Corbin Carroll UTIL Geraldo Perdomo UTIL Tim Tawa UTIL Freddy Fermin UTIL Gabriel Moreno,,,
2778,5209758164,Sammy.Boy (14/20),0,27.175,CPT Kohl Drake UTIL Geraldo Perdomo UTIL Luis Rengifo UTIL Max Kepler UTIL Tim Tawa UTIL Gabriel Moreno,,,
2778,5209951255,ataribravo (6/20),0,27.175,CPT Kohl Drake UTIL Corbin Carroll UTIL Nolan Arenado UTIL Max Kepler UTIL Freddy Fermin UTIL Gabriel Moreno,,,
2778,5209985451,sbolomo (3/20),0,27.175,CPT Kohl Drake UTIL Corbin Carroll UTIL Nolan Arenado UTIL Lars Nootbaar UTIL Freddy Fermin UTIL Gabriel Moreno,,,
2778,5209999699,whoisjohngalt420 (19/20),0,27.175,CPT Kohl Drake UTIL Geraldo Perdomo UTIL Luis Rengifo UTIL Max Kepler UTIL Tim Tawa UTIL Gabriel Moreno,,,
2778,5210040174,gwatts77 (4/20),0,27.175,CPT Kohl Drake UTIL Geraldo Perdomo UTIL Luis Rengifo UTIL Max Kepler UTIL Tim Tawa UTIL Gabriel Moreno,,,
2778,5210180108,LOCNOTM (15/20),0,27.175,CPT Kohl Drake UTIL Geraldo Perdomo UTIL Luis Rengifo UTIL Max Kepler UTIL Tim Tawa UTIL Gabriel Moreno,,,
2778,5210268318,jsh1122 (19/20),0,27.175,CPT Kohl Drake UTIL Fernando Tatis Jr. UTIL Manny Machado UTIL Lars Nootbaar UTIL Tim Tawa UTIL Freddy Fermin,,,
2778,5210412144,Mathis (20/20),0,27.175,CPT Kohl Drake UTIL Geraldo Perdomo UTIL Luis Rengifo UTIL Max Kepler UTIL Tim Tawa UTIL Gabriel Moreno,,,
2778,5210461108,j-wolf05 (11/20),0,27.175,CPT Kohl Drake UTIL Corbin Carroll UTIL Geraldo Perdomo UTIL Tim Tawa UTIL Freddy Fermin UTIL Gabriel Moreno,,,
2778,5210487089,Cartertd (3/4),0,27.175,CPT Kohl Drake UTIL Jackson Merrill UTIL Geraldo Perdomo UTIL Ryan Waldschmidt UTIL Freddy Fermin UTIL Gabriel Moreno,,,
2778,5210514616,orchard7 (2/18),0,27.175,CPT Kohl Drake UTIL Corbin Carroll UTIL Luis Rengifo UTIL Nolan Arenado UTIL Tim Tawa UTIL Jake Cronenworth,,,
2778,5210556873,137666 (2/2),0,27.175,CPT Kohl Drake UTIL Corbin Carroll UTIL Geraldo Perdomo UTIL Tim Tawa UTIL Freddy Fermin UTIL Gabriel Moreno,,,
2778,5210578499,FrannyBannany,0,27.175,CPT Kohl Drake UTIL Jackson Merrill UTIL Geraldo Perdomo UTIL Ryan Waldschmidt UTIL Freddy Fermin UTIL Gabriel Moreno,,,
2778,5210578995,Schrinepiece92 (7/20),0,27.175,CPT Kohl Drake UTIL Geraldo Perdomo UTIL Luis Rengifo UTIL Max Kepler UTIL Tim Tawa UTIL Gabriel Moreno,,,
2778,5210582516,jrice54 (10/20),0,27.175,CPT Kohl Drake UTIL Geraldo Perdomo UTIL Luis Rengifo UTIL Max Kepler UTIL Tim Tawa UTIL Gabriel Moreno,,,
2778,5210591204,mohawksfinest,0,27.175,CPT Kohl Drake UTIL Corbin Carroll UTIL Geraldo Perdomo UTIL Tim Tawa UTIL Freddy Fermin UTIL Gabriel Moreno,,,
2778,5210597233,Torchman94 (2/5),0,27.175,CPT Kohl Drake UTIL Corbin Carroll UTIL Tim Tawa UTIL Freddy Fermin UTIL Jase Bowen UTIL Gabriel Moreno,,,
2778,5210603445,dtapper29 (9/20),0,27.175,CPT Kohl Drake UTIL Luis Rengifo UTIL Nolan Arenado UTIL Lars Nootbaar UTIL Tim Tawa UTIL Gabriel Moreno,,,
2778,5210617142,Mr.Jay17,0,27.175,CPT Kohl Drake UTIL Corbin Carroll UTIL Geraldo Perdomo UTIL Tim Tawa UTIL Freddy Fermin UTIL Gabriel Moreno,,,
2778,5210621822,Marsharks (2/20),0,27.175,CPT Kohl Drake UTIL Manny Machado UTIL Lars Nootbaar UTIL Max Kepler UTIL Tim Tawa UTIL Gabriel Moreno,,,
2778,5210621825,Marsharks (5/20),0,27.175,CPT Kohl Drake UTIL Corbin Carroll UTIL Nolan Arenado UTIL Lars Nootbaar UTIL Freddy Fermin UTIL Gabriel Moreno,,,
2800,5210166685,floydian80 (16/20),0,27,CPT Manny Machado UTIL Ketel Marte UTIL Jackson Merrill UTIL Nolan Arenado UTIL Lars Nootbaar UTIL Gavin Sheets,,,
2800,5210270398,dc_rocks38,0,27,CPT Geraldo Perdomo UTIL Fernando Tatis Jr. UTIL Corbin Carroll UTIL Lars Nootbaar UTIL Max Kepler UTIL Tim Tawa,,,
2800,5210481646,steelerforey (1/2),0,27,CPT Manny Machado UTIL Corbin Carroll UTIL Nolan Arenado UTIL Xander Bogaerts UTIL Luis Campusano UTIL Lars Nootbaar,,,
2800,5210484854,jdwalker,0,27,CPT Manny Machado UTIL Ty France UTIL Geraldo Perdomo UTIL Nolan Arenado UTIL Lars Nootbaar UTIL Tim Tawa,,,
2800,5210548589,achamp4real (6/7),0,27,CPT Geraldo Perdomo UTIL Ketel Marte UTIL Jackson Merrill UTIL Luis Rengifo UTIL Max Kepler UTIL Ryan Waldschmidt,,,
2800,5210565852,Turtles420 (2/2),0,27,CPT Geraldo Perdomo UTIL Fernando Tatis Jr. UTIL Corbin Carroll UTIL Nolan Arenado UTIL Gavin Sheets UTIL Jake Cronenworth,,,
2800,5210566924,A200K,0,27,CPT Nolan Arenado UTIL Fernando Tatis Jr. UTIL Corbin Carroll UTIL Manny Machado UTIL Ryan Waldschmidt UTIL Tim Tawa,,,
2800,5210575703,bassguy39 (9/12),0,27,CPT Nolan Arenado UTIL Corbin Carroll UTIL Ketel Marte UTIL Luis Rengifo UTIL Lars Nootbaar UTIL Max Kepler,,,
2800,5210584520,daddio41108,0,27,CPT Geraldo Perdomo UTIL Corbin Carroll UTIL Manny Machado UTIL Xander Bogaerts UTIL Lars Nootbaar UTIL Max Kepler,,,
2800,5210590632,bossplayer318 (12/20),0,27,CPT Geraldo Perdomo UTIL Corbin Carroll UTIL Ketel Marte UTIL Ty France UTIL Lars Nootbaar UTIL Gavin Sheets,,,
2800,5210623229,blarsen282 (2/4),0,27,CPT Nolan Arenado UTIL Fernando Tatis Jr. UTIL Corbin Carroll UTIL Manny Machado UTIL Ryan Waldschmidt UTIL Tim Tawa,,,
2800,5210630559,coolsouthernbrees (16/16),0,27,CPT Nolan Arenado UTIL Fernando Tatis Jr. UTIL Jackson Merrill UTIL Geraldo Perdomo UTIL Lars Nootbaar UTIL Tim Tawa,,,
2800,5210645336,howiet21,0,27,CPT Nolan Arenado UTIL Fernando Tatis Jr. UTIL Corbin Carroll UTIL Manny Machado UTIL Ryan Waldschmidt UTIL Tim Tawa,,,
2800,5210668606,cadezane1 (11/20),0,27,CPT Ryan Waldschmidt UTIL Fernando Tatis Jr. UTIL Corbin Carroll UTIL Manny Machado UTIL Geraldo Perdomo UTIL Tim Tawa,,,
2814,5210569696,favo (2/2),0,26.974998,CPT Kohl Drake UTIL Walker Buehler UTIL Ketel Marte UTIL Ryan Waldschmidt UTIL Jake Cronenworth UTIL Freddy Fermin,,,
2814,5210592491,hermd011 (5/10),0,26.974998,CPT Kohl Drake UTIL Walker Buehler UTIL Ketel Marte UTIL Ryan Waldschmidt UTIL Jake Cronenworth UTIL Freddy Fermin,,,
2814,5210625273,jiglove81 (2/3),0,26.974998,CPT Kohl Drake UTIL Walker Buehler UTIL Ketel Marte UTIL Ryan Waldschmidt UTIL Jake Cronenworth UTIL Freddy Fermin,,,
2814,5210671578,KILLANADZ24 (2/20),0,26.974998,CPT Kohl Drake UTIL Walker Buehler UTIL Xander Bogaerts UTIL Lars Nootbaar UTIL Max Kepler UTIL Freddy Fermin,,,
2818,5210466966,martro (1/2),0,26.95,CPT Max Kepler UTIL Kohl Drake UTIL Ketel Marte UTIL Geraldo Perdomo UTIL Freddy Fermin UTIL Gabriel Moreno,,,
2818,5210502461,Shupedog,0,26.95,CPT Tim Tawa UTIL Kohl Drake UTIL Fernando Tatis Jr. UTIL Corbin Carroll UTIL Geraldo Perdomo UTIL Freddy Fermin,,,
2818,5210504524,Run8,0,26.95,CPT Ketel Marte UTIL Kohl Drake UTIL Ty France UTIL Xander Bogaerts UTIL Ryan Waldschmidt UTIL Gavin Sheets,,,
2818,5210546431,ANTBC25 (8/10),0,26.95,CPT Corbin Carroll UTIL Kohl Drake UTIL Ketel Marte UTIL Lars Nootbaar UTIL Gavin Sheets UTIL Jake Cronenworth,,,
2818,5210558166,Ghostmagic,0,26.95,CPT Tim Tawa UTIL Kohl Drake UTIL Ketel Marte UTIL Jackson Merrill UTIL Nolan Arenado UTIL Xander Bogaerts,,,
2818,5210608909,pdanielsjr (16/20),0,26.95,CPT Corbin Carroll UTIL Kohl Drake UTIL Geraldo Perdomo UTIL Luis Rengifo UTIL Max Kepler UTIL Freddy Fermin,,,
2818,5210628268,Rockwitme74 (2/3),0,26.95,CPT Tim Tawa UTIL Kohl Drake UTIL Jackson Merrill UTIL Nolan Arenado UTIL Ryan Waldschmidt UTIL Gabriel Moreno,,,
2818,5210629347,DoloMitex478 (5/8),0,26.95,CPT Lars Nootbaar UTIL Kohl Drake UTIL Jackson Merrill UTIL Geraldo Perdomo UTIL Ryan Waldschmidt UTIL Gabriel Moreno,,,
2818,5210633446,IBGOOD,0,26.95,CPT Corbin Carroll UTIL Kohl Drake UTIL Ketel Marte UTIL Max Kepler UTIL Ryan Waldschmidt UTIL Jake Cronenworth,,,
2818,5210635533,Toney367 (7/20),0,26.95,CPT Corbin Carroll UTIL Kohl Drake UTIL Ketel Marte UTIL Ildemaro Vargas UTIL Tim Tawa UTIL Jake Cronenworth,,,
2818,5210642916,paul2012,0,26.95,CPT Fernando Tatis Jr. UTIL Kohl Drake UTIL Geraldo Perdomo UTIL Lars Nootbaar UTIL Max Kepler UTIL Freddy Fermin,,,
2818,5210657903,winning80,0,26.95,CPT Tim Tawa UTIL Kohl Drake UTIL Fernando Tatis Jr. UTIL Geraldo Perdomo UTIL Luis Rengifo UTIL Lars Nootbaar,,,
2830,5210489434,curly82 (5/9),0,26.9,CPT Gavin Sheets UTIL Walker Buehler UTIL Kohl Drake UTIL Ketel Marte UTIL Xander Bogaerts UTIL Mason Miller,,,
2831,5210568430,Sir.VEli,0,26.8,CPT Nolan Arenado UTIL Walker Buehler UTIL Corbin Carroll UTIL Xander Bogaerts UTIL Lars Nootbaar UTIL Ryan Waldschmidt,,,
2831,5210600959,Aspen1938,0,26.8,CPT Manny Machado UTIL Walker Buehler UTIL Geraldo Perdomo UTIL Nolan Arenado UTIL Gavin Sheets UTIL Jake Cronenworth,,,
2831,5210615280,Money-Maker-Mooney (1/2),0,26.8,CPT Nolan Arenado UTIL Walker Buehler UTIL Corbin Carroll UTIL Xander Bogaerts UTIL Lars Nootbaar UTIL Ryan Waldschmidt,,,
2831,5210637557,cpmartin10,0,26.8,CPT Geraldo Perdomo UTIL Walker Buehler UTIL Manny Machado UTIL Luis Rengifo UTIL Gavin Sheets UTIL Tim Tawa,,,
2835,5210203072,tical1994,0,26.75,CPT Corbin Carroll UTIL Walker Buehler UTIL Kohl Drake UTIL Ryan Waldschmidt UTIL Tim Tawa UTIL Freddy Fermin,,,
2835,5210407705,soaks0933 (6/7),0,26.75,CPT Corbin Carroll UTIL Walker Buehler UTIL Kohl Drake UTIL Ryan Waldschmidt UTIL Tim Tawa UTIL Freddy Fermin,,,
2835,5210541915,zachdaddy (9/20),0,26.75,CPT Lars Nootbaar UTIL Walker Buehler UTIL Kohl Drake UTIL Xander Bogaerts UTIL Max Kepler UTIL Tim Tawa,,,
2838,5209971232,az350z (8/20),0,26.624998,CPT Kohl Drake UTIL Walker Buehler UTIL Xander Bogaerts UTIL Max Kepler UTIL Ryan Waldschmidt UTIL Adrian Morejon,,,
2839,5210461117,j-wolf05 (20/20),0,26.5,CPT Ketel Marte UTIL Manny Machado UTIL Jackson Merrill UTIL Nolan Arenado UTIL Ryan Waldschmidt UTIL Tim Tawa,,,
2839,5210528124,roberts2525 (3/10),0,26.5,CPT Ketel Marte UTIL Fernando Tatis Jr. UTIL Geraldo Perdomo UTIL Nolan Arenado UTIL Lars Nootbaar UTIL Freddy Fermin,,,
2839,5210577790,Rowdog31 (4/20),0,26.5,CPT Corbin Carroll UTIL Ketel Marte UTIL Geraldo Perdomo UTIL Xander Bogaerts UTIL Lars Nootbaar UTIL Ryan Waldschmidt,,,
2839,5210613179,Kep1215,0,26.5,CPT Ketel Marte UTIL Corbin Carroll UTIL Geraldo Perdomo UTIL Luis Rengifo UTIL Lars Nootbaar UTIL Ryan Waldschmidt,,,
2839,5210617466,coolsouthernbrees (9/16),0,26.5,CPT Lars Nootbaar UTIL Corbin Carroll UTIL Ketel Marte UTIL Jackson Merrill UTIL Geraldo Perdomo UTIL Gavin Sheets,,,
2839,5210636439,MachineGunkelly562,0,26.5,CPT Lars Nootbaar UTIL Fernando Tatis Jr. UTIL Manny Machado UTIL Ketel Marte UTIL Nolan Arenado UTIL Ryan Waldschmidt,,,
2839,5210646939,cameronhart23 (2/20),0,26.5,CPT Corbin Carroll UTIL Ketel Marte UTIL Geraldo Perdomo UTIL Xander Bogaerts UTIL Lars Nootbaar UTIL Ryan Waldschmidt,,,
2846,5210245771,Littlebilly65,0,26.45,CPT Geraldo Perdomo UTIL Kohl Drake UTIL Corbin Carroll UTIL Ty France UTIL Tim Tawa UTIL Freddy Fermin,,,
2846,5210582512,jrice54 (6/20),0,26.45,CPT Nolan Arenado UTIL Kohl Drake UTIL Fernando Tatis Jr. UTIL Ryan Waldschmidt UTIL Tim Tawa UTIL Gabriel Moreno,,,
2846,5210592450,sgibby1231 (5/5),0,26.45,CPT Nolan Arenado UTIL Kohl Drake UTIL Jackson Merrill UTIL Ty France UTIL Geraldo Perdomo UTIL Freddy Fermin,,,
2846,5210633687,skiski2424 (2/5),0,26.45,CPT Geraldo Perdomo UTIL Kohl Drake UTIL Ketel Marte UTIL Jackson Merrill UTIL Tim Tawa UTIL Jake Cronenworth,,,
2850,5210480250,fiegej,0,26.25,CPT Jackson Merrill UTIL Walker Buehler UTIL Kohl Drake UTIL Lars Nootbaar UTIL Gavin Sheets UTIL Tyler Locklear,,,
2850,5210581637,joelorr,0,26.25,CPT Geraldo Perdomo UTIL Walker Buehler UTIL Kohl Drake UTIL Gavin Sheets UTIL Freddy Fermin UTIL Gabriel Moreno,,,
2850,5210592098,supersonnies (1/4),0,26.25,CPT Ryan Waldschmidt UTIL Walker Buehler UTIL Kohl Drake UTIL Luis Rengifo UTIL Nolan Arenado UTIL Jake Cronenworth,,,
2850,5210611337,55Vader (1/4),0,26.25,CPT Nolan Arenado UTIL Walker Buehler UTIL Kohl Drake UTIL Ryan Waldschmidt UTIL Freddy Fermin UTIL Gabriel Moreno,,,
2854,5209811568,ericskates,0,26.2,CPT Walker Buehler UTIL Geraldo Perdomo UTIL Nolan Arenado UTIL Luis Campusano UTIL James McCann UTIL Gabriel Moreno,,,
2854,5210554588,Pepny,0,26.2,CPT Walker Buehler UTIL Corbin Carroll UTIL Nolan Arenado UTIL Lars Nootbaar UTIL Gavin Sheets UTIL Tim Tawa,,,
2856,5209758151,Sammy.Boy (1/20),0,26.175,CPT Kohl Drake UTIL Corbin Carroll UTIL Ketel Marte UTIL Max Kepler UTIL Tim Tawa UTIL Jake Cronenworth,,,
2856,5209939718,bluefan62 (2/4),0,26.175,CPT Kohl Drake UTIL Corbin Carroll UTIL Ketel Marte UTIL Max Kepler UTIL Tim Tawa UTIL Jake Cronenworth,,,
2856,5209984185,KGould86 (8/20),0,26.175,CPT Kohl Drake UTIL Ketel Marte UTIL Nolan Arenado UTIL Ryan Waldschmidt UTIL Jake Cronenworth UTIL Gabriel Moreno,,,
2856,5210060718,JcClark18 (3/20),0,26.175,CPT Kohl Drake UTIL Ketel Marte UTIL Nolan Arenado UTIL Ryan Waldschmidt UTIL Jake Cronenworth UTIL Gabriel Moreno,,,
2856,5210069774,rsumrall (11/20),0,26.175,CPT Kohl Drake UTIL Corbin Carroll UTIL Ketel Marte UTIL Max Kepler UTIL Tim Tawa UTIL Jake Cronenworth,,,
2856,5210148611,austin60915 (6/20),0,26.175,CPT Kohl Drake UTIL Ketel Marte UTIL Nolan Arenado UTIL Gavin Sheets UTIL Jake Cronenworth UTIL Gabriel Moreno,,,
2856,5210345610,kbrisacher (6/20),0,26.175,CPT Kohl Drake UTIL Corbin Carroll UTIL Ketel Marte UTIL Max Kepler UTIL Tim Tawa UTIL Jake Cronenworth,,,
2856,5210345613,kbrisacher (9/20),0,26.175,CPT Kohl Drake UTIL Geraldo Perdomo UTIL Xander Bogaerts UTIL Lars Nootbaar UTIL Tim Tawa UTIL Gabriel Moreno,,,
2856,5210451184,G76F,0,26.175,CPT Kohl Drake UTIL Jackson Merrill UTIL Ty France UTIL Geraldo Perdomo UTIL Ryan Waldschmidt UTIL Freddy Fermin,,,
2856,5210466770,racedogfootball87 (2/3),0,26.175,CPT Kohl Drake UTIL Corbin Carroll UTIL Ketel Marte UTIL Max Kepler UTIL Tim Tawa UTIL Jake Cronenworth,,,
2856,5210586748,dquigley20,0,26.175,CPT Kohl Drake UTIL Manny Machado UTIL Geraldo Perdomo UTIL Max Kepler UTIL Freddy Fermin UTIL Gabriel Moreno,,,
2856,5210589563,Schrinepiece92 (18/20),0,26.175,CPT Kohl Drake UTIL Corbin Carroll UTIL Ketel Marte UTIL Max Kepler UTIL Tim Tawa UTIL Jake Cronenworth,,,
2856,5210605320,woodreb5 (13/20),0,26.175,CPT Kohl Drake UTIL Corbin Carroll UTIL Ketel Marte UTIL Max Kepler UTIL Tim Tawa UTIL Jake Cronenworth,,,
2856,5210620849,DigitalDreams (4/20),0,26.175,CPT Kohl Drake UTIL Nolan Arenado UTIL Xander Bogaerts UTIL Lars Nootbaar UTIL Max Kepler UTIL Gabriel Moreno,,,
2870,5209898576,yob33,0,26,CPT Manny Machado UTIL Fernando Tatis Jr. UTIL Geraldo Perdomo UTIL Nolan Arenado UTIL Lars Nootbaar UTIL Tim Tawa,,,
2870,5210457547,hambone755,0,26,CPT Geraldo Perdomo UTIL Fernando Tatis Jr. UTIL Corbin Carroll UTIL Nolan Arenado UTIL Xander Bogaerts UTIL James McCann,,,
2870,5210668641,twin257,0,26,CPT Nolan Arenado UTIL Manny Machado UTIL Ty France UTIL Geraldo Perdomo UTIL Xander Bogaerts UTIL Ryan Waldschmidt,,,
2873,5209951258,ataribravo (9/20),0,25.974998,CPT Kohl Drake UTIL Walker Buehler UTIL Geraldo Perdomo UTIL Freddy Fermin UTIL Gabriel Moreno UTIL Paul Sewald,,,
2874,5209500279,wcs1109 (4/20),0,25.95,CPT Lars Nootbaar UTIL Kohl Drake UTIL Fernando Tatis Jr. UTIL Ketel Marte UTIL Max Kepler UTIL Tim Tawa,,,
2874,5209951264,ataribravo (15/20),0,25.95,CPT Ketel Marte UTIL Kohl Drake UTIL Jackson Merrill UTIL Lars Nootbaar UTIL Max Kepler UTIL Tim Tawa,,,
2874,5209951266,ataribravo (17/20),0,25.95,CPT Corbin Carroll UTIL Kohl Drake UTIL Lars Nootbaar UTIL Ryan Waldschmidt UTIL Gavin Sheets UTIL Gabriel Moreno,,,
2874,5209971237,az350z (13/20),0,25.95,CPT Ketel Marte UTIL Kohl Drake UTIL Corbin Carroll UTIL Max Kepler UTIL Ryan Waldschmidt UTIL Jake Cronenworth,,,
2874,5210293590,contagionptm,0,25.95,CPT Corbin Carroll UTIL Kohl Drake UTIL Ketel Marte UTIL Lars Nootbaar UTIL Max Kepler UTIL Freddy Fermin,,,
2874,5210493599,daddyaz13 (7/9),0,25.95,CPT Tim Tawa UTIL Kohl Drake UTIL Corbin Carroll UTIL Ty France UTIL Geraldo Perdomo UTIL Lars Nootbaar,,,
2874,5210493600,daddyaz13 (8/9),0,25.95,CPT Tim Tawa UTIL Kohl Drake UTIL Corbin Carroll UTIL Ty France UTIL Geraldo Perdomo UTIL Lars Nootbaar,,,
2874,5210520757,kellydjk (2/10),0,25.95,CPT Lars Nootbaar UTIL Kohl Drake UTIL Manny Machado UTIL Geraldo Perdomo UTIL Tim Tawa UTIL Gabriel Moreno,,,
2874,5210542378,SIRNBT1 (2/5),0,25.95,CPT Corbin Carroll UTIL Kohl Drake UTIL Ketel Marte UTIL Lars Nootbaar UTIL Max Kepler UTIL Freddy Fermin,,,
2874,5210546427,ANTBC25 (4/10),0,25.95,CPT Ketel Marte UTIL Kohl Drake UTIL Corbin Carroll UTIL Max Kepler UTIL Gavin Sheets UTIL Jake Cronenworth,,,
2874,5210546428,ANTBC25 (5/10),0,25.95,CPT Gabriel Moreno UTIL Kohl Drake UTIL Corbin Carroll UTIL Nolan Arenado UTIL Ryan Waldschmidt UTIL Gavin Sheets,,,
2874,5210577751,Rowdog31 (1/20),0,25.95,CPT Corbin Carroll UTIL Kohl Drake UTIL Ketel Marte UTIL Lars Nootbaar UTIL Max Kepler UTIL Freddy Fermin,,,
2874,5210593791,kingjukes (1/2),0,25.95,CPT Ketel Marte UTIL Kohl Drake UTIL Jackson Merrill UTIL Nolan Arenado UTIL Ryan Waldschmidt UTIL Jake Cronenworth,,,
2874,5210600782,pisco80 (1/20),0,25.95,CPT Ketel Marte UTIL Kohl Drake UTIL Fernando Tatis Jr. UTIL Nolan Arenado UTIL Tim Tawa UTIL Freddy Fermin,,,
2874,5210603456,dtapper29 (20/20),0,25.95,CPT Ketel Marte UTIL Kohl Drake UTIL Lars Nootbaar UTIL Max Kepler UTIL Gavin Sheets UTIL Gabriel Moreno,,,
2874,5210607914,minnows8up,0,25.95,CPT Corbin Carroll UTIL Kohl Drake UTIL Fernando Tatis Jr. UTIL Ryan Waldschmidt UTIL Gavin Sheets UTIL Freddy Fermin,,,
2890,5210534011,mfaybik,0,25.65,CPT Walker Buehler UTIL Kohl Drake UTIL Xander Bogaerts UTIL Ryan Waldschmidt UTIL Gavin Sheets UTIL Freddy Fermin,,,
2890,5210598851,dosdog67 (1/2),0,25.65,CPT Walker Buehler UTIL Kohl Drake UTIL Ketel Marte UTIL Gavin Sheets UTIL Tim Tawa UTIL Freddy Fermin,,,
2890,5210667480,Orangechocolate70 (11/20),0,25.65,CPT Walker Buehler UTIL Kohl Drake UTIL Ketel Marte UTIL Gavin Sheets UTIL Tim Tawa UTIL Freddy Fermin,,,
2890,5210671577,KILLANADZ24 (1/20),0,25.65,CPT Walker Buehler UTIL Kohl Drake UTIL Ketel Marte UTIL Gavin Sheets UTIL Tim Tawa UTIL Freddy Fermin,,,
2894,5210263464,johnnyp509 (2/3),0,25.5,CPT Ketel Marte UTIL Corbin Carroll UTIL Geraldo Perdomo UTIL Nolan Arenado UTIL Xander Bogaerts UTIL Tim Tawa,,,
2894,5210463653,shakey11,0,25.5,CPT Corbin Carroll UTIL Manny Machado UTIL Geraldo Perdomo UTIL Luis Rengifo UTIL Ildemaro Vargas UTIL Adrian Del Castillo,,,
2894,5210499107,Orangechocolate70 (7/20),0,25.5,CPT Corbin Carroll UTIL Ketel Marte UTIL Jackson Merrill UTIL Nolan Arenado UTIL Ryan Waldschmidt UTIL Gavin Sheets,,,
2894,5210524863,Steeljam62,0,25.5,CPT Fernando Tatis Jr. UTIL Manny Machado UTIL Geraldo Perdomo UTIL Nolan Arenado UTIL Ryan Waldschmidt UTIL Tim Tawa,,,
2894,5210535366,lenn221 (2/4),0,25.5,CPT Fernando Tatis Jr. UTIL Manny Machado UTIL Geraldo Perdomo UTIL Nolan Arenado UTIL Ryan Waldschmidt UTIL Tim Tawa,,,
2894,5210553418,BazBailey_1900P,0,25.5,CPT Ketel Marte UTIL Corbin Carroll UTIL Geraldo Perdomo UTIL Nolan Arenado UTIL Xander Bogaerts UTIL Tim Tawa,,,
2894,5210592143,Jaime4625 (2/2),0,25.5,CPT Corbin Carroll UTIL Manny Machado UTIL Geraldo Perdomo UTIL Luis Rengifo UTIL Ryan Waldschmidt UTIL Gavin Sheets,,,
2894,5210646948,cameronhart23 (11/20),0,25.5,CPT Max Kepler UTIL Fernando Tatis Jr. UTIL Corbin Carroll UTIL Geraldo Perdomo UTIL Nolan Arenado UTIL Lars Nootbaar,,,
2902,5210148612,austin60915 (7/20),0,25.45,CPT Geraldo Perdomo UTIL Kohl Drake UTIL Jackson Merrill UTIL Ryan Waldschmidt UTIL Tim Tawa UTIL Gabriel Moreno,,,
2902,5210544008,Dinoj1962,0,25.45,CPT Ryan Waldschmidt UTIL Kohl Drake UTIL Fernando Tatis Jr. UTIL Manny Machado UTIL Nolan Arenado UTIL Jake Cronenworth,,,
2902,5210614409,84flipmode (10/20),0,25.45,CPT Geraldo Perdomo UTIL Kohl Drake UTIL Manny Machado UTIL Ty France UTIL Max Kepler UTIL Freddy Fermin,,,
2902,5210624277,shermdog3 (1/2),0,25.45,CPT Geraldo Perdomo UTIL Kohl Drake UTIL Ty France UTIL Xander Bogaerts UTIL Lars Nootbaar UTIL Max Kepler,,,
2906,5210461074,jaydrafted (4/4),0,25.25,CPT Gavin Sheets UTIL Walker Buehler UTIL Kohl Drake UTIL Luis Rengifo UTIL Xander Bogaerts UTIL Ryan Waldschmidt,,,
2906,5210661498,pbrk11 (1/3),0,25.25,CPT Geraldo Perdomo UTIL Walker Buehler UTIL Kohl Drake UTIL Ty France UTIL Freddy Fermin UTIL Yuki Matsui,,,
2906,5210667484,Orangechocolate70 (15/20),0,25.25,CPT Ryan Waldschmidt UTIL Walker Buehler UTIL Kohl Drake UTIL Ty France UTIL Geraldo Perdomo UTIL Freddy Fermin,,,
2909,5210626500,petem940 (4/4),0,25.2,CPT Walker Buehler UTIL Manny Machado UTIL Nolan Arenado UTIL Max Kepler UTIL Gavin Sheets UTIL Tim Tawa,,,
2910,5209758169,Sammy.Boy (19/20),0,25.175,CPT Kohl Drake UTIL Ketel Marte UTIL Geraldo Perdomo UTIL Lars Nootbaar UTIL Freddy Fermin UTIL Gabriel Moreno,,,
2910,5209831524,vstar1300 (2/6),0,25.175,CPT Kohl Drake UTIL Ketel Marte UTIL Nolan Arenado UTIL Lars Nootbaar UTIL Freddy Fermin UTIL Gabriel Moreno,,,
2910,5209951256,ataribravo (7/20),0,25.175,CPT Kohl Drake UTIL Jackson Merrill UTIL Nolan Arenado UTIL Ryan Waldschmidt UTIL Tim Tawa UTIL Gabriel Moreno,,,
2910,5209951265,ataribravo (16/20),0,25.175,CPT Kohl Drake UTIL Ketel Marte UTIL Geraldo Perdomo UTIL Lars Nootbaar UTIL Freddy Fermin UTIL Gabriel Moreno,,,
2910,5209956933,MoneyRamirez (19/20),0,25.175,CPT Kohl Drake UTIL Ketel Marte UTIL Nolan Arenado UTIL Lars Nootbaar UTIL Freddy Fermin UTIL Gabriel Moreno,,,
2910,5209971226,az350z (2/20),0,25.175,CPT Kohl Drake UTIL Corbin Carroll UTIL Max Kepler UTIL Gavin Sheets UTIL Tim Tawa UTIL Gabriel Moreno,,,
2910,5209977352,mcros44 (1/2),0,25.175,CPT Kohl Drake UTIL Jackson Merrill UTIL Nolan Arenado UTIL Ryan Waldschmidt UTIL Tim Tawa UTIL Gabriel Moreno,,,
2910,5209998764,pat_the_hat2 (5/20),0,25.175,CPT Kohl Drake UTIL Ketel Marte UTIL Geraldo Perdomo UTIL Lars Nootbaar UTIL Freddy Fermin UTIL Gabriel Moreno,,,
2910,5209999681,whoisjohngalt420 (1/20),0,25.175,CPT Kohl Drake UTIL Ketel Marte UTIL Geraldo Perdomo UTIL Lars Nootbaar UTIL Freddy Fermin UTIL Gabriel Moreno,,,
2910,5210112831,Stree (5/7),0,25.175,CPT Kohl Drake UTIL Ketel Marte UTIL Geraldo Perdomo UTIL Lars Nootbaar UTIL Freddy Fermin UTIL Gabriel Moreno,,,
2910,5210180099,LOCNOTM (6/20),0,25.175,CPT Kohl Drake UTIL Ketel Marte UTIL Geraldo Perdomo UTIL Lars Nootbaar UTIL Freddy Fermin UTIL Gabriel Moreno,,,
2910,5210180101,LOCNOTM (8/20),0,25.175,CPT Kohl Drake UTIL Corbin Carroll UTIL Max Kepler UTIL Gavin Sheets UTIL Tim Tawa UTIL Gabriel Moreno,,,
2910,5210212774,TheBigOuch (14/20),0,25.175,CPT Kohl Drake UTIL Ketel Marte UTIL Geraldo Perdomo UTIL Lars Nootbaar UTIL Freddy Fermin UTIL Gabriel Moreno,,,
2910,5210238748,SpeedRacer101 (1/20),0,25.175,CPT Kohl Drake UTIL Ketel Marte UTIL Geraldo Perdomo UTIL Lars Nootbaar UTIL Freddy Fermin UTIL Gabriel Moreno,,,
2910,5210263940,UniversalFriend (4/20),0,25.175,CPT Kohl Drake UTIL Ketel Marte UTIL Geraldo Perdomo UTIL Max Kepler UTIL Freddy Fermin UTIL Gabriel Moreno,,,
2910,5210302598,jpbugeater (5/5),0,25.175,CPT Kohl Drake UTIL Corbin Carroll UTIL Lars Nootbaar UTIL Gavin Sheets UTIL Tim Tawa UTIL Gabriel Moreno,,,
2910,5210360230,Mige1 (12/20),0,25.175,CPT Kohl Drake UTIL Ketel Marte UTIL Geraldo Perdomo UTIL Max Kepler UTIL Freddy Fermin UTIL Gabriel Moreno,,,
2910,5210407701,darrylposton (17/20),0,25.175,CPT Kohl Drake UTIL Ketel Marte UTIL Geraldo Perdomo UTIL Lars Nootbaar UTIL Freddy Fermin UTIL Gabriel Moreno,,,
2910,5210412126,Mathis (2/20),0,25.175,CPT Kohl Drake UTIL Ketel Marte UTIL Geraldo Perdomo UTIL Max Kepler UTIL Freddy Fermin UTIL Gabriel Moreno,,,
2910,5210412129,Mathis (5/20),0,25.175,CPT Kohl Drake UTIL Ketel Marte UTIL Geraldo Perdomo UTIL Lars Nootbaar UTIL Freddy Fermin UTIL Gabriel Moreno,,,
2910,5210438349,JaserD (5/20),0,25.175,CPT Kohl Drake UTIL Ketel Marte UTIL Geraldo Perdomo UTIL Lars Nootbaar UTIL Freddy Fermin UTIL Gabriel Moreno,,,
2910,5210540277,jwclark311 (3/20),0,25.175,CPT Kohl Drake UTIL Ketel Marte UTIL Geraldo Perdomo UTIL Max Kepler UTIL Freddy Fermin UTIL Gabriel Moreno,,,
2910,5210541910,zachdaddy (4/20),0,25.175,CPT Kohl Drake UTIL Corbin Carroll UTIL Lars Nootbaar UTIL Gavin Sheets UTIL Tim Tawa UTIL Gabriel Moreno,,,
2910,5210548969,terminator31 (1/20),0,25.175,CPT Kohl Drake UTIL Ketel Marte UTIL Geraldo Perdomo UTIL Lars Nootbaar UTIL Freddy Fermin UTIL Gabriel Moreno,,,
2910,5210575695,bassguy39 (1/12),0,25.175,CPT Kohl Drake UTIL Ketel Marte UTIL Geraldo Perdomo UTIL Lars Nootbaar UTIL Freddy Fermin UTIL Gabriel Moreno,,,
2910,5210578989,Schrinepiece92 (1/20),0,25.175,CPT Kohl Drake UTIL Ketel Marte UTIL Geraldo Perdomo UTIL Lars Nootbaar UTIL Freddy Fermin UTIL Gabriel Moreno,,,
2910,5210589049,Dirtygoogan (5/5),0,25.175,CPT Kohl Drake UTIL Ty France UTIL Nolan Arenado UTIL Xander Bogaerts UTIL Lars Nootbaar UTIL Tim Tawa,,,
2910,5210590222,ptello9298 (6/20),0,25.175,CPT Kohl Drake UTIL Ketel Marte UTIL Geraldo Perdomo UTIL Lars Nootbaar UTIL Freddy Fermin UTIL Gabriel Moreno,,,
2910,5210594008,Gagenator51 (9/20),0,25.175,CPT Kohl Drake UTIL Ketel Marte UTIL Geraldo Perdomo UTIL Lars Nootbaar UTIL Freddy Fermin UTIL Gabriel Moreno,,,
2910,5210613185,DeeMac74 (4/5),0,25.175,CPT Kohl Drake UTIL Ketel Marte UTIL Geraldo Perdomo UTIL Lars Nootbaar UTIL Freddy Fermin UTIL Gabriel Moreno,,,
2910,5210616333,Sernatime (1/2),0,25.175,CPT Kohl Drake UTIL Jackson Merrill UTIL Nolan Arenado UTIL Ryan Waldschmidt UTIL Tim Tawa UTIL Gabriel Moreno,,,
2910,5210620262,ThisBeDan,0,25.175,CPT Kohl Drake UTIL Ketel Marte UTIL Geraldo Perdomo UTIL Lars Nootbaar UTIL Freddy Fermin UTIL Gabriel Moreno,,,
2910,5210621827,Marsharks (7/20),0,25.175,CPT Kohl Drake UTIL Ketel Marte UTIL Geraldo Perdomo UTIL Lars Nootbaar UTIL Freddy Fermin UTIL Gabriel Moreno,,,
2910,5210662611,HC0023 (11/20),0,25.175,CPT Kohl Drake UTIL Ketel Marte UTIL Geraldo Perdomo UTIL Lars Nootbaar UTIL Freddy Fermin UTIL Gabriel Moreno,,,
2944,5210543169,orchard7 (8/18),0,25,CPT Geraldo Perdomo UTIL Manny Machado UTIL Jackson Merrill UTIL Luis Rengifo UTIL Nolan Arenado UTIL Ryan Waldschmidt,,,
2944,5210569076,ongbok,0,25,CPT Nolan Arenado UTIL Manny Machado UTIL Jackson Merrill UTIL Geraldo Perdomo UTIL Luis Rengifo UTIL Ryan Waldschmidt,,,
2946,5209567449,Schoey17 (6/9),0,24.974998,CPT Kohl Drake UTIL Walker Buehler UTIL Geraldo Perdomo UTIL Max Kepler UTIL Jake Cronenworth UTIL Freddy Fermin,,,
2946,5209943906,Grit7880 (2/4),0,24.974998,CPT Kohl Drake UTIL Walker Buehler UTIL Geraldo Perdomo UTIL Max Kepler UTIL Jake Cronenworth UTIL Freddy Fermin,,,
2946,5210180970,TinyGiant99 (1/5),0,24.974998,CPT Kohl Drake UTIL Walker Buehler UTIL Luis Rengifo UTIL Lars Nootbaar UTIL Gavin Sheets UTIL Freddy Fermin,,,
2946,5210324663,Satch65 (16/20),0,24.974998,CPT Kohl Drake UTIL Walker Buehler UTIL Luis Rengifo UTIL Lars Nootbaar UTIL Gavin Sheets UTIL Freddy Fermin,,,
2946,5210386331,okelly36 (1/2),0,24.974998,CPT Kohl Drake UTIL Walker Buehler UTIL Luis Rengifo UTIL Lars Nootbaar UTIL Gavin Sheets UTIL Freddy Fermin,,,
2946,5210583785,xXxPLOSIVE (3/5),0,24.974998,CPT Kohl Drake UTIL Walker Buehler UTIL Geraldo Perdomo UTIL Lars Nootbaar UTIL Jake Cronenworth UTIL Freddy Fermin,,,
2946,5210638252,ChokeHoldem1 (2/6),0,24.974998,CPT Kohl Drake UTIL Walker Buehler UTIL Geraldo Perdomo UTIL Lars Nootbaar UTIL Jake Cronenworth UTIL Freddy Fermin,,,
2946,5210641946,ChokeHoldem1 (4/6),0,24.974998,CPT Kohl Drake UTIL Walker Buehler UTIL Geraldo Perdomo UTIL Lars Nootbaar UTIL Jake Cronenworth UTIL Freddy Fermin,,,
2946,5210667773,Falcons31566,0,24.974998,CPT Kohl Drake UTIL Walker Buehler UTIL Luis Rengifo UTIL Lars Nootbaar UTIL Ryan Waldschmidt UTIL Freddy Fermin,,,
2955,5210118624,foutah (4/6),0,24.95,CPT Ketel Marte UTIL Kohl Drake UTIL Geraldo Perdomo UTIL Nolan Arenado UTIL Freddy Fermin UTIL Gabriel Moreno,,,
2955,5210487162,battleb1015 (2/2),0,24.95,CPT Freddy Fermin UTIL Kohl Drake UTIL Fernando Tatis Jr. UTIL Corbin Carroll UTIL Nolan Arenado UTIL Ryan Waldschmidt,,,
2955,5210542377,SIRNBT1 (1/5),0,24.95,CPT Lars Nootbaar UTIL Kohl Drake UTIL Fernando Tatis Jr. UTIL Corbin Carroll UTIL Ryan Waldschmidt UTIL Tim Tawa,,,
2955,5210546425,ANTBC25 (2/10),0,24.95,CPT Corbin Carroll UTIL Kohl Drake UTIL Geraldo Perdomo UTIL Lars Nootbaar UTIL Max Kepler UTIL Jake Cronenworth,,,
2955,5210549064,terminator31 (11/20),0,24.95,CPT Lars Nootbaar UTIL Kohl Drake UTIL Geraldo Perdomo UTIL Nolan Arenado UTIL Xander Bogaerts UTIL Gabriel Moreno,,,
2955,5210605324,woodreb5 (17/20),0,24.95,CPT Lars Nootbaar UTIL Kohl Drake UTIL Fernando Tatis Jr. UTIL Corbin Carroll UTIL Ryan Waldschmidt UTIL Tim Tawa,,,
2955,5210621197,goheelz1 (3/7),0,24.95,CPT Tim Tawa UTIL Kohl Drake UTIL Corbin Carroll UTIL Ketel Marte UTIL Nolan Arenado UTIL Jake Cronenworth,,,
2955,5210657105,ballplayer20,0,24.95,CPT Tim Tawa UTIL Kohl Drake UTIL Fernando Tatis Jr. UTIL Corbin Carroll UTIL Lars Nootbaar UTIL Ryan Waldschmidt,,,
2955,5210674080,joeyduece09 (2/9),0,24.95,CPT Lars Nootbaar UTIL Kohl Drake UTIL Fernando Tatis Jr. UTIL Corbin Carroll UTIL Gavin Sheets UTIL Tim Tawa,,,
2964,5210489437,curly82 (8/9),0,24.8,CPT Ryan Waldschmidt UTIL Walker Buehler UTIL Jackson Merrill UTIL Nolan Arenado UTIL Lars Nootbaar UTIL Max Kepler,,,
2965,5210011320,bruce-Leee (1/3),0,24.75,CPT Tim Tawa UTIL Walker Buehler UTIL Kohl Drake UTIL Corbin Carroll UTIL Nolan Arenado UTIL Freddy Fermin,,,
2966,5210148613,austin60915 (8/20),0,24.675,CPT Kohl Drake UTIL Corbin Carroll UTIL Ketel Marte UTIL Max Kepler UTIL Ryan Waldschmidt UTIL Bradgley Rodriguez,,,
2967,5210265055,Captgrif (1/4),0,24.65,CPT Walker Buehler UTIL Kohl Drake UTIL Ryan Waldschmidt UTIL Gavin Sheets UTIL Tim Tawa UTIL Jake Cronenworth,,,
2967,5210587408,Captgrif (4/4),0,24.65,CPT Walker Buehler UTIL Kohl Drake UTIL Ryan Waldschmidt UTIL Gavin Sheets UTIL Tim Tawa UTIL Jake Cronenworth,,,
2969,5210355160,NewEnglamdFan (1/3),0,24.5,CPT Ketel Marte UTIL Fernando Tatis Jr. UTIL Manny Machado UTIL Ryan Waldschmidt UTIL Gavin Sheets UTIL Jose Fernandez,,,
2969,5210608463,Moosemasher,0,24.5,CPT Ketel Marte UTIL Fernando Tatis Jr. UTIL Geraldo Perdomo UTIL Nolan Arenado UTIL Lars Nootbaar UTIL Tim Tawa,,,
2971,5210083318,kreller17 (2/20),0,24.45,CPT Ryan Waldschmidt UTIL Kohl Drake UTIL Jackson Merrill UTIL Ty France UTIL Geraldo Perdomo UTIL Max Kepler,,,
2971,5210162513,number1pct,0,24.45,CPT Geraldo Perdomo UTIL Kohl Drake UTIL Jackson Merrill UTIL Ty France UTIL Ryan Waldschmidt UTIL Tim Tawa,,,
2971,5210407696,darrylposton (12/20),0,24.45,CPT Nolan Arenado UTIL Kohl Drake UTIL Manny Machado UTIL Lars Nootbaar UTIL Max Kepler UTIL Gabriel Moreno,,,
2971,5210610507,Bsmooth (1/2),0,24.45,CPT Nolan Arenado UTIL Kohl Drake UTIL Fernando Tatis Jr. UTIL Manny Machado UTIL Max Kepler UTIL Freddy Fermin,,,
2975,5210519227,roberts2525 (1/10),0,24.3,CPT Ketel Marte UTIL Walker Buehler UTIL Geraldo Perdomo UTIL Nolan Arenado UTIL Lars Nootbaar UTIL Freddy Fermin,,,
2976,5210467340,Redg817 (2/2),0,24.25,CPT Geraldo Perdomo UTIL Walker Buehler UTIL Kohl Drake UTIL Tim Tawa UTIL Tyler Locklear UTIL Gabriel Moreno,,,
2977,5209500276,wcs1109 (1/20),0,24.175,CPT Kohl Drake UTIL Corbin Carroll UTIL Geraldo Perdomo UTIL Ryan Waldschmidt UTIL Freddy Fermin UTIL Gabriel Moreno,,,
2977,5209567445,Schoey17 (2/9),0,24.175,CPT Kohl Drake UTIL Corbin Carroll UTIL Geraldo Perdomo UTIL Ryan Waldschmidt UTIL Freddy Fermin UTIL Gabriel Moreno,,,
2977,5209758166,Sammy.Boy (16/20),0,24.175,CPT Kohl Drake UTIL Corbin Carroll UTIL Geraldo Perdomo UTIL Ryan Waldschmidt UTIL Freddy Fermin UTIL Gabriel Moreno,,,
2977,5209908929,shoey820,0,24.175,CPT Kohl Drake UTIL Corbin Carroll UTIL Geraldo Perdomo UTIL Ryan Waldschmidt UTIL Freddy Fermin UTIL Gabriel Moreno,,,
2977,5209956931,MoneyRamirez (17/20),0,24.175,CPT Kohl Drake UTIL Corbin Carroll UTIL Geraldo Perdomo UTIL Ryan Waldschmidt UTIL Freddy Fermin UTIL Gabriel Moreno,,,
2977,5210025677,LTskelter (4/20),0,24.175,CPT Kohl Drake UTIL Corbin Carroll UTIL Nolan Arenado UTIL Ryan Waldschmidt UTIL Freddy Fermin UTIL Gabriel Moreno,,,
2977,5210060720,JcClark18 (5/20),0,24.175,CPT Kohl Drake UTIL Corbin Carroll UTIL Geraldo Perdomo UTIL Ryan Waldschmidt UTIL Freddy Fermin UTIL Gabriel Moreno,,,
2977,5210092896,chrispy2005 (20/20),0,24.175,CPT Kohl Drake UTIL Manny Machado UTIL Lars Nootbaar UTIL Ryan Waldschmidt UTIL Tim Tawa UTIL Gabriel Moreno,,,
2977,5210166676,floydian80 (7/20),0,24.175,CPT Kohl Drake UTIL Geraldo Perdomo UTIL Nolan Arenado UTIL Lars Nootbaar UTIL Jake Cronenworth UTIL Gabriel Moreno,,,
2977,5210180094,LOCNOTM (1/20),0,24.175,CPT Kohl Drake UTIL Corbin Carroll UTIL Geraldo Perdomo UTIL Gavin Sheets UTIL Freddy Fermin UTIL Gabriel Moreno,,,
2977,5210203685,jsamtoy (7/20),0,24.175,CPT Kohl Drake UTIL Corbin Carroll UTIL Geraldo Perdomo UTIL Ryan Waldschmidt UTIL Freddy Fermin UTIL Gabriel Moreno,,,
2977,5210207042,JRock1025 (1/2),0,24.175,CPT Kohl Drake UTIL Ketel Marte UTIL Ty France UTIL Geraldo Perdomo UTIL Tim Tawa UTIL Freddy Fermin,,,
2977,5210345614,kbrisacher (10/20),0,24.175,CPT Kohl Drake UTIL Corbin Carroll UTIL Nolan Arenado UTIL Ryan Waldschmidt UTIL Freddy Fermin UTIL Gabriel Moreno,,,
2977,5210466932,dionysus425 (2/2),0,24.175,CPT Kohl Drake UTIL Corbin Carroll UTIL Geraldo Perdomo UTIL Ryan Waldschmidt UTIL Freddy Fermin UTIL Gabriel Moreno,,,
2977,5210491798,georgeconfused (3/9),0,24.175,CPT Kohl Drake UTIL Corbin Carroll UTIL Geraldo Perdomo UTIL Ryan Waldschmidt UTIL Freddy Fermin UTIL Gabriel Moreno,,,
2977,5210499108,Orangechocolate70 (8/20),0,24.175,CPT Kohl Drake UTIL Luis Rengifo UTIL Nolan Arenado UTIL Lars Nootbaar UTIL Ryan Waldschmidt UTIL Gabriel Moreno,,,
2977,5210502411,BSSlaubershimer (1/3),0,24.175,CPT Kohl Drake UTIL Luis Rengifo UTIL Nolan Arenado UTIL Lars Nootbaar UTIL Ryan Waldschmidt UTIL Gabriel Moreno,,,
2977,5210502412,BSSlaubershimer (2/3),0,24.175,CPT Kohl Drake UTIL Luis Rengifo UTIL Nolan Arenado UTIL Lars Nootbaar UTIL Ryan Waldschmidt UTIL Gabriel Moreno,,,
2977,5210509371,BSSlaubershimer (3/3),0,24.175,CPT Kohl Drake UTIL Luis Rengifo UTIL Nolan Arenado UTIL Lars Nootbaar UTIL Ryan Waldschmidt UTIL Gabriel Moreno,,,
2977,5210541914,zachdaddy (8/20),0,24.175,CPT Kohl Drake UTIL Corbin Carroll UTIL Geraldo Perdomo UTIL Ryan Waldschmidt UTIL Freddy Fermin UTIL Gabriel Moreno,,,
2977,5210570398,124hoffman (5/8),0,24.175,CPT Kohl Drake UTIL Corbin Carroll UTIL Geraldo Perdomo UTIL Ryan Waldschmidt UTIL Freddy Fermin UTIL Gabriel Moreno,,,
2977,5210579196,Schrinepiece92 (15/20),0,24.175,CPT Kohl Drake UTIL Corbin Carroll UTIL Geraldo Perdomo UTIL Ryan Waldschmidt UTIL Freddy Fermin UTIL Gabriel Moreno,,,
2977,5210582534,Swannman,0,24.175,CPT Kohl Drake UTIL Ketel Marte UTIL Ty France UTIL Geraldo Perdomo UTIL Tim Tawa UTIL Freddy Fermin,,,
2977,5210583966,louiswat (1/3),0,24.175,CPT Kohl Drake UTIL Corbin Carroll UTIL Geraldo Perdomo UTIL Ryan Waldschmidt UTIL Freddy Fermin UTIL Gabriel Moreno,,,
2977,5210590640,bossplayer318 (20/20),0,24.175,CPT Kohl Drake UTIL Geraldo Perdomo UTIL Nolan Arenado UTIL Max Kepler UTIL Jake Cronenworth UTIL Gabriel Moreno,,,
2977,5210593059,smk5430 (11/20),0,24.175,CPT Kohl Drake UTIL Ketel Marte UTIL Geraldo Perdomo UTIL Xander Bogaerts UTIL Tim Tawa UTIL Jake Cronenworth,,,
2977,5210594010,Gagenator51 (11/20),0,24.175,CPT Kohl Drake UTIL Corbin Carroll UTIL Geraldo Perdomo UTIL Ryan Waldschmidt UTIL Freddy Fermin UTIL Gabriel Moreno,,,
2977,5210600996,pisco80 (16/20),0,24.175,CPT Kohl Drake UTIL Corbin Carroll UTIL Jackson Merrill UTIL Nolan Arenado UTIL Tim Tawa UTIL Freddy Fermin,,,
2977,5210614508,ShiftLeader (3/8),0,24.175,CPT Kohl Drake UTIL Ketel Marte UTIL Ty France UTIL Geraldo Perdomo UTIL Tim Tawa UTIL Freddy Fermin,,,
2977,5210614513,ShiftLeader (4/8),0,24.175,CPT Kohl Drake UTIL Ketel Marte UTIL Ty France UTIL Geraldo Perdomo UTIL Tim Tawa UTIL Freddy Fermin,,,
2977,5210614518,ShiftLeader (5/8),0,24.175,CPT Kohl Drake UTIL Ketel Marte UTIL Ty France UTIL Geraldo Perdomo UTIL Tim Tawa UTIL Freddy Fermin,,,
2977,5210615307,ShiftLeader (8/8),0,24.175,CPT Kohl Drake UTIL Ketel Marte UTIL Ty France UTIL Geraldo Perdomo UTIL Tim Tawa UTIL Freddy Fermin,,,
2977,5210633505,surealj,0,24.175,CPT Kohl Drake UTIL Ketel Marte UTIL Geraldo Perdomo UTIL Xander Bogaerts UTIL Tim Tawa UTIL Jake Cronenworth,,,
3010,5210574821,sonnyflip,0,24,CPT Geraldo Perdomo UTIL Manny Machado UTIL Ketel Marte UTIL Jackson Merrill UTIL Lars Nootbaar UTIL Gavin Sheets,,,
3010,5210587986,7frankthetank2,0,24,CPT Geraldo Perdomo UTIL Fernando Tatis Jr. UTIL Corbin Carroll UTIL Nolan Arenado UTIL Lars Nootbaar UTIL Tim Tawa,,,
3010,5210591391,chetman5000,0,24,CPT Ryan Waldschmidt UTIL Fernando Tatis Jr. UTIL Corbin Carroll UTIL Geraldo Perdomo UTIL Max Kepler UTIL Tim Tawa,,,
3010,5210593064,smk5430 (16/20),0,24,CPT Nolan Arenado UTIL Manny Machado UTIL Ketel Marte UTIL Geraldo Perdomo UTIL Ryan Waldschmidt UTIL Gabriel Moreno,,,
3010,5210616361,TDRed11 (3/4),0,24,CPT Nolan Arenado UTIL Manny Machado UTIL Ketel Marte UTIL Jackson Merrill UTIL Gavin Sheets UTIL Tim Tawa,,,
3015,5210430644,Bears7381,0,23.974998,CPT Kohl Drake UTIL Walker Buehler UTIL Nolan Arenado UTIL Xander Bogaerts UTIL Tim Tawa UTIL Freddy Fermin,,,
3015,5210578967,Dirtygoogan (4/5),0,23.974998,CPT Kohl Drake UTIL Walker Buehler UTIL Nolan Arenado UTIL Xander Bogaerts UTIL Tim Tawa UTIL Freddy Fermin,,,
3015,5210600997,pisco80 (17/20),0,23.974998,CPT Kohl Drake UTIL Walker Buehler UTIL Nolan Arenado UTIL Xander Bogaerts UTIL Tim Tawa UTIL Freddy Fermin,,,
3018,5209758170,Sammy.Boy (20/20),0,23.95,CPT Tim Tawa UTIL Kohl Drake UTIL Corbin Carroll UTIL Jackson Merrill UTIL Nolan Arenado UTIL Lars Nootbaar,,,
3018,5210092880,chrispy2005 (4/20),0,23.95,CPT Max Kepler UTIL Kohl Drake UTIL Ketel Marte UTIL Ty France UTIL Geraldo Perdomo UTIL Tim Tawa,,,
3018,5210299449,djc32188,0,23.95,CPT Corbin Carroll UTIL Kohl Drake UTIL Manny Machado UTIL Nolan Arenado UTIL Tim Tawa UTIL Freddy Fermin,,,
3018,5210410379,jnathng,0,23.95,CPT Tim Tawa UTIL Kohl Drake UTIL Corbin Carroll UTIL Jackson Merrill UTIL Nolan Arenado UTIL Lars Nootbaar,,,
3018,5210527257,eddymac222 (12/20),0,23.95,CPT Max Kepler UTIL Kohl Drake UTIL Ketel Marte UTIL Ty France UTIL Nolan Arenado UTIL Lars Nootbaar,,,
3018,5210539460,ammnj,0,23.95,CPT Lars Nootbaar UTIL Kohl Drake UTIL Ketel Marte UTIL Ty France UTIL Geraldo Perdomo UTIL Tim Tawa,,,
3018,5210586833,Rowdog31 (5/20),0,23.95,CPT Corbin Carroll UTIL Kohl Drake UTIL Xander Bogaerts UTIL Lars Nootbaar UTIL Max Kepler UTIL Ryan Waldschmidt,,,
3018,5210593068,smk5430 (20/20),0,23.95,CPT Tim Tawa UTIL Kohl Drake UTIL Corbin Carroll UTIL Jackson Merrill UTIL Nolan Arenado UTIL Lars Nootbaar,,,
3018,5210609276,JJSaenz (4/20),0,23.95,CPT Corbin Carroll UTIL Kohl Drake UTIL Manny Machado UTIL Lars Nootbaar UTIL Ryan Waldschmidt UTIL Freddy Fermin,,,
3027,5210083335,kreller17 (19/20),0,23.75,CPT Ketel Marte UTIL Walker Buehler UTIL Kohl Drake UTIL Lars Nootbaar UTIL Gavin Sheets UTIL Freddy Fermin,,,
3027,5210626384,jiglove81 (3/3),0,23.75,CPT Ketel Marte UTIL Walker Buehler UTIL Kohl Drake UTIL Lars Nootbaar UTIL Gavin Sheets UTIL Freddy Fermin,,,
3029,5210180110,LOCNOTM (17/20),0,23.65,CPT Walker Buehler UTIL Kohl Drake UTIL Geraldo Perdomo UTIL Lars Nootbaar UTIL Tim Tawa UTIL Freddy Fermin,,,
3029,5210324665,Satch65 (18/20),0,23.65,CPT Walker Buehler UTIL Kohl Drake UTIL Geraldo Perdomo UTIL Lars Nootbaar UTIL Tim Tawa UTIL Freddy Fermin,,,
3029,5210407689,darrylposton (5/20),0,23.65,CPT Walker Buehler UTIL Kohl Drake UTIL Xander Bogaerts UTIL Lars Nootbaar UTIL Gavin Sheets UTIL Paul Sewald,,,
3032,5210643244,maeethel,0,23.5,CPT Ketel Marte UTIL Corbin Carroll UTIL Manny Machado UTIL Geraldo Perdomo UTIL Gavin Sheets UTIL Tim Tawa,,,
3033,5209951262,ataribravo (13/20),0,23.45,CPT Nolan Arenado UTIL Kohl Drake UTIL Geraldo Perdomo UTIL Xander Bogaerts UTIL Lars Nootbaar UTIL Gabriel Moreno,,,
3033,5210381209,Ezilodi (5/20),0,23.45,CPT Nolan Arenado UTIL Kohl Drake UTIL Fernando Tatis Jr. UTIL Ketel Marte UTIL Lars Nootbaar UTIL Freddy Fermin,,,
3033,5210438363,JaserD (19/20),0,23.45,CPT Geraldo Perdomo UTIL Kohl Drake UTIL Nolan Arenado UTIL Xander Bogaerts UTIL Tim Tawa UTIL Gabriel Moreno,,,
3033,5210549066,terminator31 (13/20),0,23.45,CPT Nolan Arenado UTIL Kohl Drake UTIL Geraldo Perdomo UTIL Xander Bogaerts UTIL Lars Nootbaar UTIL Gabriel Moreno,,,
3033,5210582520,jrice54 (14/20),0,23.45,CPT Nolan Arenado UTIL Kohl Drake UTIL Geraldo Perdomo UTIL Xander Bogaerts UTIL Lars Nootbaar UTIL Gabriel Moreno,,,
3033,5210621411,hermd011 (9/10),0,23.45,CPT Geraldo Perdomo UTIL Kohl Drake UTIL Jackson Merrill UTIL Xander Bogaerts UTIL Lars Nootbaar UTIL Tim Tawa,,,
3033,5210656323,mrpaulwr (5/10),0,23.45,CPT Manny Machado UTIL Kohl Drake UTIL Luis Rengifo UTIL Nolan Arenado UTIL Max Kepler UTIL Tim Tawa,,,
3033,5210662613,HC0023 (13/20),0,23.45,CPT Nolan Arenado UTIL Kohl Drake UTIL Geraldo Perdomo UTIL Xander Bogaerts UTIL Lars Nootbaar UTIL Gabriel Moreno,,,
3041,5210438361,JaserD (17/20),0,23.25,CPT Nolan Arenado UTIL Walker Buehler UTIL Kohl Drake UTIL Jackson Merrill UTIL Gavin Sheets UTIL Freddy Fermin,,,
3041,5210474352,ehouston92,0,23.25,CPT Nolan Arenado UTIL Walker Buehler UTIL Kohl Drake UTIL Lars Nootbaar UTIL Tim Tawa UTIL Jake Cronenworth,,,
3041,5210610986,jos0093,0,23.25,CPT Gavin Sheets UTIL Walker Buehler UTIL Kohl Drake UTIL Ty France UTIL Lars Nootbaar UTIL Ryan Waldschmidt,,,
3044,5209692296,ivymoose (18/20),0,23.175,CPT Kohl Drake UTIL Ketel Marte UTIL Lars Nootbaar UTIL Gavin Sheets UTIL Tim Tawa UTIL Gabriel Moreno,,,
3044,5209984190,KGould86 (13/20),0,23.175,CPT Kohl Drake UTIL Ketel Marte UTIL Lars Nootbaar UTIL Max Kepler UTIL Gavin Sheets UTIL Gabriel Moreno,,,
3044,5209999693,whoisjohngalt420 (13/20),0,23.175,CPT Kohl Drake UTIL Ketel Marte UTIL Lars Nootbaar UTIL Max Kepler UTIL Gavin Sheets UTIL Gabriel Moreno,,,
3044,5210030847,FoxyGrandpa252 (13/20),0,23.175,CPT Kohl Drake UTIL Ketel Marte UTIL Lars Nootbaar UTIL Max Kepler UTIL Gavin Sheets UTIL Gabriel Moreno,,,
3044,5210040184,gwatts77 (14/20),0,23.175,CPT Kohl Drake UTIL Corbin Carroll UTIL Xander Bogaerts UTIL Lars Nootbaar UTIL Max Kepler UTIL Tim Tawa,,,
3044,5210060722,JcClark18 (7/20),0,23.175,CPT Kohl Drake UTIL Ketel Marte UTIL Lars Nootbaar UTIL Max Kepler UTIL Gavin Sheets UTIL Gabriel Moreno,,,
3044,5210212773,TheBigOuch (13/20),0,23.175,CPT Kohl Drake UTIL Corbin Carroll UTIL Ketel Marte UTIL Ryan Waldschmidt UTIL Tim Tawa UTIL Jake Cronenworth,,,
3044,5210531953,kristenleigh08 (2/2),0,23.175,CPT Kohl Drake UTIL Fernando Tatis Jr. UTIL Geraldo Perdomo UTIL Xander Bogaerts UTIL Gavin Sheets UTIL Freddy Fermin,,,
3044,5210551746,melly37,0,23.175,CPT Kohl Drake UTIL Geraldo Perdomo UTIL Xander Bogaerts UTIL Lars Nootbaar UTIL Gavin Sheets UTIL Gabriel Moreno,,,
3044,5210582509,jrice54 (3/20),0,23.175,CPT Kohl Drake UTIL Corbin Carroll UTIL Xander Bogaerts UTIL Lars Nootbaar UTIL Max Kepler UTIL Tim Tawa,,,
3044,5210593480,cmkwan,0,23.175,CPT Kohl Drake UTIL Ketel Marte UTIL Lars Nootbaar UTIL Max Kepler UTIL Gavin Sheets UTIL Gabriel Moreno,,,
3044,5210603448,dtapper29 (12/20),0,23.175,CPT Kohl Drake UTIL Geraldo Perdomo UTIL Xander Bogaerts UTIL Max Kepler UTIL Ryan Waldschmidt UTIL Gabriel Moreno,,,
3044,5210605312,woodreb5 (5/20),0,23.175,CPT Kohl Drake UTIL Ketel Marte UTIL Lars Nootbaar UTIL Max Kepler UTIL Gavin Sheets UTIL Gabriel Moreno,,,
3044,5210620862,DigitalDreams (17/20),0,23.175,CPT Kohl Drake UTIL Geraldo Perdomo UTIL Xander Bogaerts UTIL Max Kepler UTIL Ryan Waldschmidt UTIL Gabriel Moreno,,,
3044,5210641905,dahoward1974 (5/9),0,23.175,CPT Kohl Drake UTIL Geraldo Perdomo UTIL Xander Bogaerts UTIL Lars Nootbaar UTIL Gavin Sheets UTIL Gabriel Moreno,,,
3059,5209837198,vstar1300 (4/6),0,23,CPT Nolan Arenado UTIL Fernando Tatis Jr. UTIL Manny Machado UTIL Geraldo Perdomo UTIL Lars Nootbaar UTIL Tim Tawa,,,
3059,5210083326,kreller17 (10/20),0,23,CPT Nolan Arenado UTIL Fernando Tatis Jr. UTIL Manny Machado UTIL Geraldo Perdomo UTIL Lars Nootbaar UTIL Max Kepler,,,
3059,5210238831,SpeedRacer101 (8/20),0,23,CPT Nolan Arenado UTIL Fernando Tatis Jr. UTIL Manny Machado UTIL Geraldo Perdomo UTIL Lars Nootbaar UTIL Max Kepler,,,
3059,5210431090,blueshift16,0,23,CPT Geraldo Perdomo UTIL Fernando Tatis Jr. UTIL Manny Machado UTIL Nolan Arenado UTIL Lars Nootbaar UTIL Tim Tawa,,,
3059,5210610717,jwal2882 (4/5),0,23,CPT Geraldo Perdomo UTIL Manny Machado UTIL Ketel Marte UTIL Luis Rengifo UTIL Nolan Arenado UTIL Tim Tawa,,,
3064,5209956930,MoneyRamirez (16/20),0,22.974998,CPT Kohl Drake UTIL Walker Buehler UTIL Nolan Arenado UTIL Max Kepler UTIL Tim Tawa UTIL Jake Cronenworth,,,
3064,5210148609,austin60915 (4/20),0,22.974998,CPT Kohl Drake UTIL Walker Buehler UTIL Ty France UTIL Ryan Waldschmidt UTIL Tim Tawa UTIL Paul Sewald,,,
3064,5210212768,TheBigOuch (8/20),0,22.974998,CPT Kohl Drake UTIL Walker Buehler UTIL Nolan Arenado UTIL Max Kepler UTIL Tim Tawa UTIL Jake Cronenworth,,,
3064,5210600775,kris976 (1/4),0,22.974998,CPT Kohl Drake UTIL Walker Buehler UTIL Lars Nootbaar UTIL Ryan Waldschmidt UTIL Tim Tawa UTIL Jake Cronenworth,,,
3064,5210600777,kris976 (2/4),0,22.974998,CPT Kohl Drake UTIL Walker Buehler UTIL Lars Nootbaar UTIL Ryan Waldschmidt UTIL Tim Tawa UTIL Jake Cronenworth,,,
3064,5210608729,kris976 (3/4),0,22.974998,CPT Kohl Drake UTIL Walker Buehler UTIL Lars Nootbaar UTIL Ryan Waldschmidt UTIL Tim Tawa UTIL Jake Cronenworth,,,
3064,5210609516,kris976 (4/4),0,22.974998,CPT Kohl Drake UTIL Walker Buehler UTIL Lars Nootbaar UTIL Ryan Waldschmidt UTIL Tim Tawa UTIL Jake Cronenworth,,,
3064,5210635539,Toney367 (13/20),0,22.974998,CPT Kohl Drake UTIL Walker Buehler UTIL Manny Machado UTIL Ryan Waldschmidt UTIL Jake Cronenworth UTIL Jase Bowen,,,
3064,5210673521,Csalmon (1/2),0,22.974998,CPT Kohl Drake UTIL Walker Buehler UTIL Nolan Arenado UTIL Max Kepler UTIL Tim Tawa UTIL Jake Cronenworth,,,
3073,5210069779,rsumrall (16/20),0,22.95,CPT Max Kepler UTIL Kohl Drake UTIL Corbin Carroll UTIL Luis Rengifo UTIL Nolan Arenado UTIL Lars Nootbaar,,,
3073,5210403902,cwthrow24 (16/20),0,22.95,CPT Max Kepler UTIL Kohl Drake UTIL Corbin Carroll UTIL Luis Rengifo UTIL Nolan Arenado UTIL Lars Nootbaar,,,
3073,5210412136,Mathis (12/20),0,22.95,CPT Max Kepler UTIL Kohl Drake UTIL Corbin Carroll UTIL Luis Rengifo UTIL Nolan Arenado UTIL Lars Nootbaar,,,
3073,5210535232,KelvinDubs (3/20),0,22.95,CPT Ketel Marte UTIL Kohl Drake UTIL Nolan Arenado UTIL Max Kepler UTIL Gavin Sheets UTIL Gabriel Moreno,,,
3073,5210614213,msshj08 (5/6),0,22.95,CPT Corbin Carroll UTIL Kohl Drake UTIL Jackson Merrill UTIL Nolan Arenado UTIL Tim Tawa UTIL Taylor Clarke,,,
3073,5210615881,TDRed11 (1/4),0,22.95,CPT Ketel Marte UTIL Kohl Drake UTIL Jackson Merrill UTIL Lars Nootbaar UTIL Gavin Sheets UTIL Tim Tawa,,,
3073,5210619146,Gary-A-Lee,0,22.95,CPT Ketel Marte UTIL Kohl Drake UTIL Geraldo Perdomo UTIL Gavin Sheets UTIL Tim Tawa UTIL Gabriel Moreno,,,
3073,5210671285,bloodsweatnbeers,0,22.95,CPT Corbin Carroll UTIL Kohl Drake UTIL Ketel Marte UTIL Nolan Arenado UTIL Tim Tawa UTIL Freddy Fermin,,,
3081,5210324664,Satch65 (17/20),0,22.75,CPT Freddy Fermin UTIL Walker Buehler UTIL Kohl Drake UTIL Corbin Carroll UTIL Geraldo Perdomo UTIL Gavin Sheets,,,
3081,5210677082,minfan77 (2/3),0,22.75,CPT Freddy Fermin UTIL Walker Buehler UTIL Kohl Drake UTIL Corbin Carroll UTIL Geraldo Perdomo UTIL Gavin Sheets,,,
3083,5210180972,TinyGiant99 (3/5),0,22.5,CPT Corbin Carroll UTIL Manny Machado UTIL Geraldo Perdomo UTIL Lars Nootbaar UTIL Max Kepler UTIL Gavin Sheets,,,
3083,5210528125,roberts2525 (4/10),0,22.5,CPT Ketel Marte UTIL Corbin Carroll UTIL Geraldo Perdomo UTIL Nolan Arenado UTIL Lars Nootbaar UTIL Freddy Fermin,,,
3083,5210628051,bizzyG,0,22.5,CPT Tim Tawa UTIL Corbin Carroll UTIL Manny Machado UTIL Ketel Marte UTIL Geraldo Perdomo UTIL Nolan Arenado,,,
3086,5209887176,Hinkle76 (7/10),0,22.45,CPT Geraldo Perdomo UTIL Kohl Drake UTIL Ketel Marte UTIL Nolan Arenado UTIL Freddy Fermin UTIL Gabriel Moreno,,,
3086,5209999687,whoisjohngalt420 (7/20),0,22.45,CPT Nolan Arenado UTIL Kohl Drake UTIL Ketel Marte UTIL Ty France UTIL Max Kepler UTIL Tim Tawa,,,
3086,5210324656,Satch65 (9/20),0,22.45,CPT Geraldo Perdomo UTIL Kohl Drake UTIL Fernando Tatis Jr. UTIL Lars Nootbaar UTIL Gavin Sheets UTIL Jake Cronenworth,,,
3086,5210399922,soaks0933 (4/7),0,22.45,CPT Geraldo Perdomo UTIL Kohl Drake UTIL Corbin Carroll UTIL Gavin Sheets UTIL Tim Tawa UTIL Gabriel Moreno,,,
3086,5210461107,j-wolf05 (10/20),0,22.45,CPT Nolan Arenado UTIL Kohl Drake UTIL Corbin Carroll UTIL Lars Nootbaar UTIL Gavin Sheets UTIL Gabriel Moreno,,,
3086,5210572254,markcamaro (7/14),0,22.45,CPT Nolan Arenado UTIL Kohl Drake UTIL Fernando Tatis Jr. UTIL Corbin Carroll UTIL Ryan Waldschmidt UTIL Freddy Fermin,,,
3092,5209831525,vstar1300 (3/6),0,22.25,CPT Nolan Arenado UTIL Walker Buehler UTIL Kohl Drake UTIL Manny Machado UTIL Tim Tawa UTIL Freddy Fermin,,,
3092,5210358035,45dojo (6/8),0,22.25,CPT Geraldo Perdomo UTIL Walker Buehler UTIL Kohl Drake UTIL Nolan Arenado UTIL Jake Cronenworth UTIL Freddy Fermin,,,
3092,5210600995,pisco80 (15/20),0,22.25,CPT Nolan Arenado UTIL Walker Buehler UTIL Kohl Drake UTIL Manny Machado UTIL Tim Tawa UTIL Freddy Fermin,,,
3092,5210617119,mcrauswell (4/4),0,22.25,CPT Nolan Arenado UTIL Walker Buehler UTIL Kohl Drake UTIL Manny Machado UTIL Tim Tawa UTIL Freddy Fermin,,,
3092,5210629366,juzaro,0,22.25,CPT Nolan Arenado UTIL Walker Buehler UTIL Kohl Drake UTIL Manny Machado UTIL Tim Tawa UTIL Freddy Fermin,,,
3097,5209567448,Schoey17 (5/9),0,22.175,CPT Kohl Drake UTIL Ketel Marte UTIL Nolan Arenado UTIL Ryan Waldschmidt UTIL Freddy Fermin UTIL Gabriel Moreno,,,
3097,5209692283,ivymoose (5/20),0,22.175,CPT Kohl Drake UTIL Ketel Marte UTIL Geraldo Perdomo UTIL Ryan Waldschmidt UTIL Freddy Fermin UTIL Gabriel Moreno,,,
3097,5209801603,dom63,0,22.175,CPT Kohl Drake UTIL Manny Machado UTIL Ketel Marte UTIL Gavin Sheets UTIL Tim Tawa UTIL Jake Cronenworth,,,
3097,5209984193,KGould86 (16/20),0,22.175,CPT Kohl Drake UTIL Corbin Carroll UTIL Ketel Marte UTIL Lars Nootbaar UTIL Max Kepler UTIL Freddy Fermin,,,
3097,5210025683,LTskelter (10/20),0,22.175,CPT Kohl Drake UTIL Corbin Carroll UTIL Lars Nootbaar UTIL Ryan Waldschmidt UTIL Gavin Sheets UTIL Gabriel Moreno,,,
3097,5210040180,gwatts77 (10/20),0,22.175,CPT Kohl Drake UTIL Ketel Marte UTIL Luis Rengifo UTIL Lars Nootbaar UTIL Max Kepler UTIL Tim Tawa,,,
3097,5210180097,LOCNOTM (4/20),0,22.175,CPT Kohl Drake UTIL Corbin Carroll UTIL Ketel Marte UTIL Lars Nootbaar UTIL Max Kepler UTIL Freddy Fermin,,,
3097,5210202470,raiN66 (1/2),0,22.175,CPT Kohl Drake UTIL Ketel Marte UTIL Jackson Merrill UTIL Geraldo Perdomo UTIL Tim Tawa UTIL Freddy Fermin,,,
3097,5210230634,8EIGHT8,0,22.175,CPT Kohl Drake UTIL Ketel Marte UTIL Ty France UTIL Lars Nootbaar UTIL Ryan Waldschmidt UTIL Tim Tawa,,,
3097,5210238834,SpeedRacer101 (11/20),0,22.175,CPT Kohl Drake UTIL Corbin Carroll UTIL Ketel Marte UTIL Lars Nootbaar UTIL Max Kepler UTIL Freddy Fermin,,,
3097,5210403889,cwthrow24 (3/20),0,22.175,CPT Kohl Drake UTIL Corbin Carroll UTIL Ketel Marte UTIL Lars Nootbaar UTIL Max Kepler UTIL Freddy Fermin,,,
3097,5210407690,darrylposton (6/20),0,22.175,CPT Kohl Drake UTIL Corbin Carroll UTIL Max Kepler UTIL Ryan Waldschmidt UTIL Gavin Sheets UTIL Gabriel Moreno,,,
3097,5210407693,darrylposton (9/20),0,22.175,CPT Kohl Drake UTIL Corbin Carroll UTIL Geraldo Perdomo UTIL Tim Tawa UTIL Gabriel Moreno UTIL Yuki Matsui,,,
3097,5210535233,KelvinDubs (4/20),0,22.175,CPT Kohl Drake UTIL Ketel Marte UTIL Geraldo Perdomo UTIL Ryan Waldschmidt UTIL Freddy Fermin UTIL Gabriel Moreno,,,
3097,5210578998,Schrinepiece92 (10/20),0,22.175,CPT Kohl Drake UTIL Corbin Carroll UTIL Ketel Marte UTIL Lars Nootbaar UTIL Max Kepler UTIL Freddy Fermin,,,
3097,5210583280,arsmith8 (4/20),0,22.175,CPT Kohl Drake UTIL Corbin Carroll UTIL Ketel Marte UTIL Lars Nootbaar UTIL Max Kepler UTIL Freddy Fermin,,,
3097,5210603441,dtapper29 (5/20),0,22.175,CPT Kohl Drake UTIL Corbin Carroll UTIL Lars Nootbaar UTIL Ryan Waldschmidt UTIL Gavin Sheets UTIL Gabriel Moreno,,,
3097,5210609289,JJSaenz (17/20),0,22.175,CPT Kohl Drake UTIL Manny Machado UTIL Xander Bogaerts UTIL Lars Nootbaar UTIL Max Kepler UTIL Tim Tawa,,,
3097,5210620846,DigitalDreams (1/20),0,22.175,CPT Kohl Drake UTIL Ketel Marte UTIL Ty France UTIL Max Kepler UTIL Ryan Waldschmidt UTIL Tim Tawa,,,
3097,5210620848,DigitalDreams (3/20),0,22.175,CPT Kohl Drake UTIL Corbin Carroll UTIL Lars Nootbaar UTIL Ryan Waldschmidt UTIL Gavin Sheets UTIL Gabriel Moreno,,,
3117,5210566848,VampGhost (1/4),0,22,CPT Ryan Waldschmidt UTIL Fernando Tatis Jr. UTIL Manny Machado UTIL Ketel Marte UTIL Geraldo Perdomo UTIL Gavin Sheets,,,
3117,5210569735,sp2898,0,22,CPT Nolan Arenado UTIL Fernando Tatis Jr. UTIL Manny Machado UTIL Ketel Marte UTIL Ryan Waldschmidt UTIL Gavin Sheets,,,
3119,5210542035,clandtroop0181,0,21.974998,CPT Kohl Drake UTIL Walker Buehler UTIL Manny Machado UTIL Gavin Sheets UTIL Tim Tawa UTIL Freddy Fermin,,,
3120,5209902703,niquisition (15/20),0,21.95,CPT Corbin Carroll UTIL Kohl Drake UTIL Geraldo Perdomo UTIL Nolan Arenado UTIL Tim Tawa UTIL Jake Cronenworth,,,
3120,5210225413,rwdw0822,0,21.95,CPT Lars Nootbaar UTIL Kohl Drake UTIL Corbin Carroll UTIL Manny Machado UTIL Geraldo Perdomo UTIL Freddy Fermin,,,
3120,5210531224,eddymac222 (13/20),0,21.95,CPT Lars Nootbaar UTIL Kohl Drake UTIL Ketel Marte UTIL Geraldo Perdomo UTIL Gavin Sheets UTIL Gabriel Moreno,,,
3120,5210577789,Rowdog31 (3/20),0,21.95,CPT Corbin Carroll UTIL Kohl Drake UTIL Geraldo Perdomo UTIL Nolan Arenado UTIL Tim Tawa UTIL Jake Cronenworth,,,
3120,5210583283,arsmith8 (7/20),0,21.95,CPT Ketel Marte UTIL Kohl Drake UTIL Corbin Carroll UTIL Nolan Arenado UTIL Max Kepler UTIL Freddy Fermin,,,
3120,5210603451,dtapper29 (15/20),0,21.95,CPT Ketel Marte UTIL Kohl Drake UTIL Corbin Carroll UTIL Geraldo Perdomo UTIL Tim Tawa UTIL Freddy Fermin,,,
3120,5210603910,Majaz88,0,21.95,CPT Tim Tawa UTIL Kohl Drake UTIL Corbin Carroll UTIL Nolan Arenado UTIL Xander Bogaerts UTIL Max Kepler,,,
3120,5210630380,ac919 (13/20),0,21.95,CPT Ketel Marte UTIL Kohl Drake UTIL Corbin Carroll UTIL Geraldo Perdomo UTIL Tim Tawa UTIL Freddy Fermin,,,
3120,5210635531,Toney367 (5/20),0,21.95,CPT Corbin Carroll UTIL Kohl Drake UTIL Geraldo Perdomo UTIL Ryan Waldschmidt UTIL Tim Tawa UTIL Jake Cronenworth,,,
3120,5210651306,monarch11 (20/20),0,21.95,CPT Ketel Marte UTIL Kohl Drake UTIL Corbin Carroll UTIL Geraldo Perdomo UTIL Tim Tawa UTIL Freddy Fermin,,,
3120,5210657502,YABOYLUX (4/7),0,21.95,CPT Ketel Marte UTIL Kohl Drake UTIL Luis Rengifo UTIL Nolan Arenado UTIL Max Kepler UTIL Tim Tawa,,,
3120,5210671586,KILLANADZ24 (10/20),0,21.95,CPT Tim Tawa UTIL Kohl Drake UTIL Ketel Marte UTIL Jackson Merrill UTIL Geraldo Perdomo UTIL Max Kepler,,,
3132,5210083321,kreller17 (5/20),0,21.75,CPT Tim Tawa UTIL Walker Buehler UTIL Kohl Drake UTIL Manny Machado UTIL Max Kepler UTIL Gavin Sheets,,,
3132,5210580368,Mugatu (3/3),0,21.75,CPT Max Kepler UTIL Walker Buehler UTIL Kohl Drake UTIL Manny Machado UTIL Gavin Sheets UTIL Tim Tawa,,,
3132,5210601662,cantplay,0,21.75,CPT Tim Tawa UTIL Walker Buehler UTIL Kohl Drake UTIL Luis Rengifo UTIL Nolan Arenado UTIL Ryan Waldschmidt,,,
3135,5210060717,JcClark18 (2/20),0,21.625,CPT Kohl Drake UTIL Walker Buehler UTIL Geraldo Perdomo UTIL Max Kepler UTIL Tim Tawa UTIL Adrian Morejon,,,
3136,5210481647,steelerforey (2/2),0,21.5,CPT Ketel Marte UTIL Fernando Tatis Jr. UTIL Geraldo Perdomo UTIL Nolan Arenado UTIL Max Kepler UTIL Ryan Waldschmidt,,,
3136,5210528126,roberts2525 (5/10),0,21.5,CPT Ketel Marte UTIL Manny Machado UTIL Geraldo Perdomo UTIL Nolan Arenado UTIL Lars Nootbaar UTIL Freddy Fermin,,,
3136,5210598867,SALONGHORNS,0,21.5,CPT Ketel Marte UTIL Manny Machado UTIL Geraldo Perdomo UTIL Nolan Arenado UTIL Xander Bogaerts UTIL Gavin Sheets,,,
3136,5210625661,TDRed11 (4/4),0,21.5,CPT Lars Nootbaar UTIL Corbin Carroll UTIL Ketel Marte UTIL Nolan Arenado UTIL Gavin Sheets UTIL Freddy Fermin,,,
3140,5209692284,ivymoose (6/20),0,21.45,CPT Ryan Waldschmidt UTIL Kohl Drake UTIL Corbin Carroll UTIL Ty France UTIL Nolan Arenado UTIL Max Kepler,,,
3140,5209971243,az350z (19/20),0,21.45,CPT Ryan Waldschmidt UTIL Kohl Drake UTIL Fernando Tatis Jr. UTIL Ketel Marte UTIL Lars Nootbaar UTIL Max Kepler,,,
3140,5210203697,jsamtoy (19/20),0,21.45,CPT Nolan Arenado UTIL Kohl Drake UTIL Corbin Carroll UTIL Luis Rengifo UTIL Lars Nootbaar UTIL Tim Tawa,,,
3140,5210579494,sexymama69,0,21.45,CPT Manny Machado UTIL Kohl Drake UTIL Nolan Arenado UTIL Ryan Waldschmidt UTIL Gavin Sheets UTIL Gabriel Moreno,,,
3140,5210593051,smk5430 (3/20),0,21.45,CPT Geraldo Perdomo UTIL Kohl Drake UTIL Corbin Carroll UTIL Lars Nootbaar UTIL Max Kepler UTIL Jake Cronenworth,,,
3140,5210635163,travthaman (1/2),0,21.45,CPT Nolan Arenado UTIL Kohl Drake UTIL Fernando Tatis Jr. UTIL Xander Bogaerts UTIL Max Kepler UTIL Gavin Sheets,,,
3140,5210667541,Orangechocolate70 (19/20),0,21.45,CPT Geraldo Perdomo UTIL Kohl Drake UTIL Corbin Carroll UTIL Jackson Merrill UTIL Gavin Sheets UTIL Freddy Fermin,,,
3147,5210633488,adrianpc23,0,21.2,CPT Walker Buehler UTIL Geraldo Perdomo UTIL Nolan Arenado UTIL Xander Bogaerts UTIL Ryan Waldschmidt UTIL Gavin Sheets,,,
3148,5210030836,FoxyGrandpa252 (2/20),0,21.175,CPT Kohl Drake UTIL Corbin Carroll UTIL Nolan Arenado UTIL Lars Nootbaar UTIL Max Kepler UTIL Jake Cronenworth,,,
3148,5210247229,blakemoore15 (2/4),0,21.175,CPT Kohl Drake UTIL Corbin Carroll UTIL Luis Rengifo UTIL Max Kepler UTIL Ryan Waldschmidt UTIL Tim Tawa,,,
3148,5210345612,kbrisacher (8/20),0,21.175,CPT Kohl Drake UTIL Corbin Carroll UTIL Luis Rengifo UTIL Lars Nootbaar UTIL Ryan Waldschmidt UTIL Tim Tawa,,,
3148,5210565140,leopard1 (3/3),0,21.175,CPT Kohl Drake UTIL Corbin Carroll UTIL Luis Rengifo UTIL Lars Nootbaar UTIL Ryan Waldschmidt UTIL Tim Tawa,,,
3148,5210605746,DADDOPANCAKE,0,21.175,CPT Kohl Drake UTIL Ketel Marte UTIL Ty France UTIL Geraldo Perdomo UTIL Gavin Sheets UTIL Freddy Fermin,,,
3148,5210625466,boricuamalito (2/5),0,21.175,CPT Kohl Drake UTIL Jackson Merrill UTIL Luis Rengifo UTIL Nolan Arenado UTIL Ryan Waldschmidt UTIL Tim Tawa,,,
3148,5210647804,Dwoo123,0,21.175,CPT Kohl Drake UTIL Jackson Merrill UTIL Geraldo Perdomo UTIL Max Kepler UTIL Gavin Sheets UTIL Jake Cronenworth,,,
3155,5209985466,sbolomo (18/20),0,21,CPT Nolan Arenado UTIL Fernando Tatis Jr. UTIL Corbin Carroll UTIL Geraldo Perdomo UTIL Lars Nootbaar UTIL Ryan Waldschmidt,,,
3155,5210461115,j-wolf05 (18/20),0,21,CPT Nolan Arenado UTIL Corbin Carroll UTIL Manny Machado UTIL Ketel Marte UTIL Lars Nootbaar UTIL Ryan Waldschmidt,,,
3157,5209956927,MoneyRamirez (13/20),0,20.974998,CPT Kohl Drake UTIL Walker Buehler UTIL Ketel Marte UTIL Ryan Waldschmidt UTIL Tim Tawa UTIL Freddy Fermin,,,
3157,5210113192,foutah (1/6),0,20.974998,CPT Kohl Drake UTIL Walker Buehler UTIL Ketel Marte UTIL Ryan Waldschmidt UTIL Tim Tawa UTIL Freddy Fermin,,,
3157,5210299284,jasonwithaj (5/10),0,20.974998,CPT Kohl Drake UTIL Walker Buehler UTIL Ketel Marte UTIL Ryan Waldschmidt UTIL Tim Tawa UTIL Freddy Fermin,,,
3157,5210313886,NazzAttack,0,20.974998,CPT Kohl Drake UTIL Walker Buehler UTIL Ketel Marte UTIL Ryan Waldschmidt UTIL Tim Tawa UTIL Freddy Fermin,,,
3157,5210412137,Mathis (13/20),0,20.974998,CPT Kohl Drake UTIL Walker Buehler UTIL Ketel Marte UTIL Ryan Waldschmidt UTIL Tim Tawa UTIL Freddy Fermin,,,
3157,5210675862,eklung,0,20.974998,CPT Kohl Drake UTIL Walker Buehler UTIL Ketel Marte UTIL Gavin Sheets UTIL Tim Tawa UTIL Freddy Fermin,,,
3163,5210291638,Val1969,0,20.95,CPT Corbin Carroll UTIL Kohl Drake UTIL Ketel Marte UTIL Max Kepler UTIL Gavin Sheets UTIL Tim Tawa,,,
3163,5210489436,curly82 (7/9),0,20.95,CPT Lars Nootbaar UTIL Kohl Drake UTIL Ketel Marte UTIL Ty France UTIL Nolan Arenado UTIL Gavin Sheets,,,
3163,5210549057,terminator31 (4/20),0,20.95,CPT Corbin Carroll UTIL Kohl Drake UTIL Ketel Marte UTIL Max Kepler UTIL Gavin Sheets UTIL Tim Tawa,,,
3163,5210583292,arsmith8 (16/20),0,20.95,CPT Max Kepler UTIL Kohl Drake UTIL Corbin Carroll UTIL Ketel Marte UTIL Geraldo Perdomo UTIL Freddy Fermin,,,
3163,5210610274,jamn0203,0,20.95,CPT Lars Nootbaar UTIL Kohl Drake UTIL Corbin Carroll UTIL Ketel Marte UTIL Geraldo Perdomo UTIL Freddy Fermin,,,
3163,5210631305,kidcard (3/4),0,20.95,CPT Corbin Carroll UTIL Kohl Drake UTIL Nolan Arenado UTIL Xander Bogaerts UTIL Gavin Sheets UTIL Tim Tawa,,,
3169,5209498254,DustoffXL,0,20.5,CPT Ketel Marte UTIL Jackson Merrill UTIL Geraldo Perdomo UTIL Nolan Arenado UTIL Luis Campusano UTIL Lars Nootbaar,,,
3170,5210044216,Daily_Big_Kahuna (2/8),0,20.45,CPT Ryan Waldschmidt UTIL Kohl Drake UTIL Geraldo Perdomo UTIL Nolan Arenado UTIL Xander Bogaerts UTIL Gabriel Moreno,,,
3170,5210148625,austin60915 (20/20),0,20.45,CPT Geraldo Perdomo UTIL Kohl Drake UTIL Ketel Marte UTIL Gavin Sheets UTIL Tim Tawa UTIL Gabriel Moreno,,,
3170,5210495041,Edgitt116 (8/10),0,20.45,CPT Manny Machado UTIL Kohl Drake UTIL Corbin Carroll UTIL Nolan Arenado UTIL Ryan Waldschmidt UTIL Freddy Fermin,,,
3170,5210586800,J-Law87 (1/2),0,20.45,CPT Geraldo Perdomo UTIL Kohl Drake UTIL Nolan Arenado UTIL Max Kepler UTIL Freddy Fermin UTIL Gabriel Moreno,,,
3170,5210615916,Rowdog31 (16/20),0,20.45,CPT Geraldo Perdomo UTIL Kohl Drake UTIL Corbin Carroll UTIL Xander Bogaerts UTIL Max Kepler UTIL Tim Tawa,,,
3170,5210630382,ac919 (15/20),0,20.45,CPT Geraldo Perdomo UTIL Kohl Drake UTIL Corbin Carroll UTIL Xander Bogaerts UTIL Max Kepler UTIL Tim Tawa,,,
3170,5210675922,dingodan39 (5/5),0,20.45,CPT Nolan Arenado UTIL Kohl Drake UTIL Corbin Carroll UTIL Ketel Marte UTIL Gavin Sheets UTIL Jake Cronenworth,,,
3177,5209817518,beautifulchaos01,0,20.25,CPT Tyler Locklear UTIL Walker Buehler UTIL Kohl Drake UTIL Corbin Carroll UTIL Ketel Marte UTIL James McCann,,,
3178,5209873987,millerjt7 (2/5),0,20.175,CPT Kohl Drake UTIL Ketel Marte UTIL Nolan Arenado UTIL Gavin Sheets UTIL Tim Tawa UTIL Gabriel Moreno,,,
3178,5209902693,niquisition (5/20),0,20.175,CPT Kohl Drake UTIL Ketel Marte UTIL Nolan Arenado UTIL Gavin Sheets UTIL Tim Tawa UTIL Gabriel Moreno,,,
3178,5210360223,Mige1 (5/20),0,20.175,CPT Kohl Drake UTIL Ketel Marte UTIL Lars Nootbaar UTIL Ryan Waldschmidt UTIL Gavin Sheets UTIL Gabriel Moreno,,,
3178,5210360231,Mige1 (13/20),0,20.175,CPT Kohl Drake UTIL Geraldo Perdomo UTIL Nolan Arenado UTIL Lars Nootbaar UTIL Freddy Fermin UTIL Gabriel Moreno,,,
3178,5210407688,darrylposton (4/20),0,20.175,CPT Kohl Drake UTIL Ketel Marte UTIL Nolan Arenado UTIL Gavin Sheets UTIL Tim Tawa UTIL Gabriel Moreno,,,
3178,5210481618,Darkmen715 (12/20),0,20.175,CPT Kohl Drake UTIL Corbin Carroll UTIL Manny Machado UTIL Lars Nootbaar UTIL Ryan Waldschmidt UTIL Freddy Fermin,,,
3178,5210484368,TxStHustler,0,20.175,CPT Kohl Drake UTIL Corbin Carroll UTIL Xander Bogaerts UTIL Lars Nootbaar UTIL Ryan Waldschmidt UTIL Tim Tawa,,,
3178,5210529256,shadowknows (1/2),0,20.175,CPT Kohl Drake UTIL Corbin Carroll UTIL Geraldo Perdomo UTIL Nolan Arenado UTIL Jake Cronenworth UTIL Freddy Fermin,,,
3178,5210571918,EmeraldReign (2/3),0,20.175,CPT Kohl Drake UTIL Ketel Marte UTIL Jackson Merrill UTIL Max Kepler UTIL Ryan Waldschmidt UTIL Tim Tawa,,,
3178,5210583291,arsmith8 (15/20),0,20.175,CPT Kohl Drake UTIL Corbin Carroll UTIL Xander Bogaerts UTIL Max Kepler UTIL Ryan Waldschmidt UTIL Tim Tawa,,,
3178,5210587972,J-Law87 (2/2),0,20.175,CPT Kohl Drake UTIL Geraldo Perdomo UTIL Nolan Arenado UTIL Max Kepler UTIL Freddy Fermin UTIL Gabriel Moreno,,,
3189,5209962805,clwats,0,20,CPT Nolan Arenado UTIL Fernando Tatis Jr. UTIL Manny Machado UTIL Geraldo Perdomo UTIL Lars Nootbaar UTIL Ryan Waldschmidt,,,
3189,5210657889,Chisoxxx1,0,20,CPT Geraldo Perdomo UTIL Fernando Tatis Jr. UTIL Manny Machado UTIL Lars Nootbaar UTIL Ryan Waldschmidt UTIL Gavin Sheets,,,
3191,5210571618,malarc3 (3/4),0,19.95,CPT Tim Tawa UTIL Kohl Drake UTIL Fernando Tatis Jr. UTIL Ketel Marte UTIL Nolan Arenado UTIL Ryan Waldschmidt,,,
3191,5210674199,MotownCats,0,19.95,CPT Freddy Fermin UTIL Kohl Drake UTIL Corbin Carroll UTIL Manny Machado UTIL Geraldo Perdomo UTIL Nolan Arenado,,,
3193,5210406224,soaks0933 (5/7),0,19.75,CPT Tim Tawa UTIL Walker Buehler UTIL Kohl Drake UTIL Corbin Carroll UTIL Ryan Waldschmidt UTIL Gavin Sheets,,,
3194,5209902700,niquisition (12/20),0,19.45,CPT Ryan Waldschmidt UTIL Kohl Drake UTIL Corbin Carroll UTIL Jackson Merrill UTIL Geraldo Perdomo UTIL Tim Tawa,,,
3194,5210148621,austin60915 (16/20),0,19.45,CPT Nolan Arenado UTIL Kohl Drake UTIL Ketel Marte UTIL Ty France UTIL Max Kepler UTIL Ryan Waldschmidt,,,
3194,5210569923,DaTakeOva,0,19.45,CPT Ryan Waldschmidt UTIL Kohl Drake UTIL Corbin Carroll UTIL Jackson Merrill UTIL Geraldo Perdomo UTIL Tim Tawa,,,
3194,5210641736,monarch11 (13/20),0,19.45,CPT Nolan Arenado UTIL Kohl Drake UTIL Fernando Tatis Jr. UTIL Lars Nootbaar UTIL Max Kepler UTIL Tim Tawa,,,
3198,5210667486,Orangechocolate70 (17/20),0,19.25,CPT Nolan Arenado UTIL Walker Buehler UTIL Kohl Drake UTIL Xander Bogaerts UTIL Ryan Waldschmidt UTIL Tim Tawa,,,
3199,5210483537,mitchell70 (1/5),0,19.2,CPT Walker Buehler UTIL Geraldo Perdomo UTIL Nolan Arenado UTIL Lars Nootbaar UTIL Max Kepler UTIL Gavin Sheets,,,
3200,5209986681,meodette (3/3),0,19.175,CPT Kohl Drake UTIL Corbin Carroll UTIL Ketel Marte UTIL Nolan Arenado UTIL Tim Tawa UTIL Freddy Fermin,,,
3200,5210169547,KevinLeonK3 (1/2),0,19.175,CPT Kohl Drake UTIL Corbin Carroll UTIL Ketel Marte UTIL Nolan Arenado UTIL Tim Tawa UTIL Freddy Fermin,,,
3200,5210320625,garygs400 (1/2),0,19.175,CPT Kohl Drake UTIL Manny Machado UTIL Ketel Marte UTIL Ryan Waldschmidt UTIL Gavin Sheets UTIL Jake Cronenworth,,,
3200,5210412142,Mathis (18/20),0,19.175,CPT Kohl Drake UTIL Corbin Carroll UTIL Ketel Marte UTIL Nolan Arenado UTIL Tim Tawa UTIL Freddy Fermin,,,
3200,5210453076,chaser33333 (1/3),0,19.175,CPT Kohl Drake UTIL Corbin Carroll UTIL Ketel Marte UTIL Max Kepler UTIL Ryan Waldschmidt UTIL Freddy Fermin,,,
3200,5210484378,Dirkdynasty (1/8),0,19.175,CPT Kohl Drake UTIL Ketel Marte UTIL Ty France UTIL Luis Campusano UTIL Ryan Waldschmidt UTIL Tim Tawa,,,
3200,5210487411,chickey63,0,19.175,CPT Kohl Drake UTIL Ketel Marte UTIL Luis Rengifo UTIL Lars Nootbaar UTIL Max Kepler UTIL Gavin Sheets,,,
3200,5210521864,Textopper (1/2),0,19.175,CPT Kohl Drake UTIL Corbin Carroll UTIL Ketel Marte UTIL Lars Nootbaar UTIL Gavin Sheets UTIL Freddy Fermin,,,
3200,5210589800,mikecampton,0,19.175,CPT Kohl Drake UTIL Ketel Marte UTIL Luis Rengifo UTIL Lars Nootbaar UTIL Max Kepler UTIL Gavin Sheets,,,
3200,5210594005,Gagenator51 (6/20),0,19.175,CPT Kohl Drake UTIL Corbin Carroll UTIL Ketel Marte UTIL Nolan Arenado UTIL Tim Tawa UTIL Freddy Fermin,,,
3200,5210596094,supersonnies (4/4),0,19.175,CPT Kohl Drake UTIL Corbin Carroll UTIL Ketel Marte UTIL Nolan Arenado UTIL Tim Tawa UTIL Freddy Fermin,,,
3200,5210619698,sturgeonking86 (1/3),0,19.175,CPT Kohl Drake UTIL Corbin Carroll UTIL Ketel Marte UTIL Lars Nootbaar UTIL Ryan Waldschmidt UTIL Freddy Fermin,,,
3200,5210620865,DigitalDreams (20/20),0,19.175,CPT Kohl Drake UTIL Corbin Carroll UTIL Ketel Marte UTIL Nolan Arenado UTIL Tim Tawa UTIL Freddy Fermin,,,
3200,5210631660,usta2019,0,19.175,CPT Kohl Drake UTIL Corbin Carroll UTIL Ketel Marte UTIL Nolan Arenado UTIL Tim Tawa UTIL Freddy Fermin,,,
3200,5210673895,Mannie75 (1/2),0,19.175,CPT Kohl Drake UTIL Corbin Carroll UTIL Ketel Marte UTIL Lars Nootbaar UTIL Ryan Waldschmidt UTIL Freddy Fermin,,,
3215,5210665530,minimalsubliminals (2/2),0,19,CPT Geraldo Perdomo UTIL Fernando Tatis Jr. UTIL Ketel Marte UTIL Nolan Arenado UTIL Lars Nootbaar UTIL Gavin Sheets,,,
3216,5209692295,ivymoose (17/20),0,18.974998,CPT Kohl Drake UTIL Walker Buehler UTIL Geraldo Perdomo UTIL Max Kepler UTIL Tim Tawa UTIL Freddy Fermin,,,
3216,5209922114,Asikmasik,0,18.974998,CPT Kohl Drake UTIL Walker Buehler UTIL Xander Bogaerts UTIL Ryan Waldschmidt UTIL Gavin Sheets UTIL Tim Tawa,,,
3216,5209943897,Grit7880 (1/4),0,18.974998,CPT Kohl Drake UTIL Walker Buehler UTIL Xander Bogaerts UTIL Ryan Waldschmidt UTIL Gavin Sheets UTIL Tim Tawa,,,
3216,5209956928,MoneyRamirez (14/20),0,18.974998,CPT Kohl Drake UTIL Walker Buehler UTIL Geraldo Perdomo UTIL Lars Nootbaar UTIL Tim Tawa UTIL Freddy Fermin,,,
3216,5209984184,KGould86 (7/20),0,18.974998,CPT Kohl Drake UTIL Walker Buehler UTIL Geraldo Perdomo UTIL Lars Nootbaar UTIL Tim Tawa UTIL Freddy Fermin,,,
3216,5210180105,LOCNOTM (12/20),0,18.974998,CPT Kohl Drake UTIL Walker Buehler UTIL Geraldo Perdomo UTIL Max Kepler UTIL Tim Tawa UTIL Freddy Fermin,,,
3216,5210180973,TinyGiant99 (4/5),0,18.974998,CPT Kohl Drake UTIL Walker Buehler UTIL Geraldo Perdomo UTIL Lars Nootbaar UTIL Tim Tawa UTIL Freddy Fermin,,,
3216,5210212761,TheBigOuch (1/20),0,18.974998,CPT Kohl Drake UTIL Walker Buehler UTIL Nolan Arenado UTIL Lars Nootbaar UTIL Max Kepler UTIL Freddy Fermin,,,
3216,5210263943,UniversalFriend (7/20),0,18.974998,CPT Kohl Drake UTIL Walker Buehler UTIL Geraldo Perdomo UTIL Max Kepler UTIL Tim Tawa UTIL Freddy Fermin,,,
3216,5210403887,cwthrow24 (1/20),0,18.974998,CPT Kohl Drake UTIL Walker Buehler UTIL Geraldo Perdomo UTIL Max Kepler UTIL Tim Tawa UTIL Freddy Fermin,,,
3216,5210407700,darrylposton (16/20),0,18.974998,CPT Kohl Drake UTIL Walker Buehler UTIL Geraldo Perdomo UTIL Max Kepler UTIL Tim Tawa UTIL Freddy Fermin,,,
3216,5210528349,3thor3,0,18.974998,CPT Kohl Drake UTIL Walker Buehler UTIL Xander Bogaerts UTIL Ryan Waldschmidt UTIL Gavin Sheets UTIL Tim Tawa,,,
3216,5210583288,arsmith8 (12/20),0,18.974998,CPT Kohl Drake UTIL Walker Buehler UTIL Geraldo Perdomo UTIL Lars Nootbaar UTIL Tim Tawa UTIL Freddy Fermin,,,
3216,5210583786,xXxPLOSIVE (4/5),0,18.974998,CPT Kohl Drake UTIL Walker Buehler UTIL Geraldo Perdomo UTIL Lars Nootbaar UTIL Tim Tawa UTIL Freddy Fermin,,,
3216,5210587337,Captgrif (2/4),0,18.974998,CPT Kohl Drake UTIL Walker Buehler UTIL Xander Bogaerts UTIL Ryan Waldschmidt UTIL Gavin Sheets UTIL Tim Tawa,,,
3216,5210587407,Captgrif (3/4),0,18.974998,CPT Kohl Drake UTIL Walker Buehler UTIL Xander Bogaerts UTIL Ryan Waldschmidt UTIL Gavin Sheets UTIL Tim Tawa,,,
3216,5210603439,dtapper29 (3/20),0,18.974998,CPT Kohl Drake UTIL Walker Buehler UTIL Geraldo Perdomo UTIL Lars Nootbaar UTIL Tim Tawa UTIL Freddy Fermin,,,
3216,5210605314,woodreb5 (7/20),0,18.974998,CPT Kohl Drake UTIL Walker Buehler UTIL Nolan Arenado UTIL Lars Nootbaar UTIL Max Kepler UTIL Freddy Fermin,,,
3216,5210609282,JJSaenz (10/20),0,18.974998,CPT Kohl Drake UTIL Walker Buehler UTIL Geraldo Perdomo UTIL Max Kepler UTIL Tim Tawa UTIL Freddy Fermin,,,
3216,5210662607,HC0023 (7/20),0,18.974998,CPT Kohl Drake UTIL Walker Buehler UTIL Geraldo Perdomo UTIL Max Kepler UTIL Tim Tawa UTIL Freddy Fermin,,,
3236,5210180971,TinyGiant99 (2/5),0,18.95,CPT Ketel Marte UTIL Kohl Drake UTIL Geraldo Perdomo UTIL Luis Rengifo UTIL Gavin Sheets UTIL Tim Tawa,,,
3236,5210623230,blarsen282 (3/4),0,18.95,CPT Tim Tawa UTIL Kohl Drake UTIL Manny Machado UTIL Geraldo Perdomo UTIL Luis Rengifo UTIL Nolan Arenado,,,
3236,5210641729,monarch11 (6/20),0,18.95,CPT Lars Nootbaar UTIL Kohl Drake UTIL Corbin Carroll UTIL Ketel Marte UTIL Max Kepler UTIL Gavin Sheets,,,
3236,5210651108,dahoward1974 (8/9),0,18.95,CPT Ketel Marte UTIL Kohl Drake UTIL Geraldo Perdomo UTIL Luis Rengifo UTIL Gavin Sheets UTIL Tim Tawa,,,
3236,5210652837,55Vader (2/4),0,18.95,CPT Max Kepler UTIL Kohl Drake UTIL Manny Machado UTIL Geraldo Perdomo UTIL Luis Rengifo UTIL Ryan Waldschmidt,,,
3241,5210630563,hdhillon,0,18.8,CPT Ryan Waldschmidt UTIL Walker Buehler UTIL Corbin Carroll UTIL Geraldo Perdomo UTIL Nolan Arenado UTIL Max Kepler,,,
3242,5210499349,lonerangerjackers,0,18.65,CPT Walker Buehler UTIL Kohl Drake UTIL Lars Nootbaar UTIL Ryan Waldschmidt UTIL Gavin Sheets UTIL Tim Tawa,,,
3242,5210636609,travthaman (2/2),0,18.65,CPT Walker Buehler UTIL Kohl Drake UTIL Lars Nootbaar UTIL Ryan Waldschmidt UTIL Gavin Sheets UTIL Tim Tawa,,,
3244,5209947518,PurpleReign1313 (2/2),0,18.5,CPT Corbin Carroll UTIL Ketel Marte UTIL Geraldo Perdomo UTIL Nolan Arenado UTIL Lars Nootbaar UTIL Gavin Sheets,,,
3244,5210603420,ptrpnthmn,0,18.5,CPT Ketel Marte UTIL Fernando Tatis Jr. UTIL Geraldo Perdomo UTIL Nolan Arenado UTIL Ryan Waldschmidt UTIL Gavin Sheets,,,
3244,5210604865,coolsouthernbrees (4/16),0,18.5,CPT Ketel Marte UTIL Fernando Tatis Jr. UTIL Geraldo Perdomo UTIL Nolan Arenado UTIL Ryan Waldschmidt UTIL Gavin Sheets,,,
3247,5210083334,kreller17 (18/20),0,18.45,CPT Nolan Arenado UTIL Kohl Drake UTIL Corbin Carroll UTIL Luis Rengifo UTIL Lars Nootbaar UTIL Gavin Sheets,,,
3247,5210263947,UniversalFriend (11/20),0,18.45,CPT Ryan Waldschmidt UTIL Kohl Drake UTIL Fernando Tatis Jr. UTIL Ketel Marte UTIL Nolan Arenado UTIL Tim Tawa,,,
3247,5210535230,KelvinDubs (1/20),0,18.45,CPT Ryan Waldschmidt UTIL Kohl Drake UTIL Fernando Tatis Jr. UTIL Ketel Marte UTIL Nolan Arenado UTIL Tim Tawa,,,
3247,5210593049,smk5430 (1/20),0,18.45,CPT Ryan Waldschmidt UTIL Kohl Drake UTIL Fernando Tatis Jr. UTIL Ketel Marte UTIL Nolan Arenado UTIL Tim Tawa,,,
3247,5210616920,SMITTOFF11 (1/3),0,18.45,CPT Geraldo Perdomo UTIL Kohl Drake UTIL Corbin Carroll UTIL Luis Rengifo UTIL Gavin Sheets UTIL Tim Tawa,,,
3247,5210627652,SMITTOFF11 (2/3),0,18.45,CPT Geraldo Perdomo UTIL Kohl Drake UTIL Corbin Carroll UTIL Luis Rengifo UTIL Gavin Sheets UTIL Tim Tawa,,,
3247,5210635540,Toney367 (14/20),0,18.45,CPT Manny Machado UTIL Kohl Drake UTIL Corbin Carroll UTIL Luis Campusano UTIL Tim Tawa UTIL Sung-Mun Song,,,
3247,5210657905,Franknitty74 (1/2),0,18.45,CPT Nolan Arenado UTIL Kohl Drake UTIL Corbin Carroll UTIL Geraldo Perdomo UTIL Lars Nootbaar UTIL Jake Cronenworth,,,
3255,5209951254,ataribravo (5/20),0,18.175,CPT Kohl Drake UTIL Corbin Carroll UTIL Geraldo Perdomo UTIL Max Kepler UTIL Ryan Waldschmidt UTIL Jake Cronenworth,,,
3255,5209985460,sbolomo (12/20),0,18.175,CPT Kohl Drake UTIL Jackson Merrill UTIL Geraldo Perdomo UTIL Lars Nootbaar UTIL Max Kepler UTIL Tim Tawa,,,
3255,5210025680,LTskelter (7/20),0,18.175,CPT Kohl Drake UTIL Jackson Merrill UTIL Nolan Arenado UTIL Lars Nootbaar UTIL Max Kepler UTIL Tim Tawa,,,
3255,5210060734,JcClark18 (19/20),0,18.175,CPT Kohl Drake UTIL Corbin Carroll UTIL Geraldo Perdomo UTIL Lars Nootbaar UTIL Ryan Waldschmidt UTIL Jake Cronenworth,,,
3255,5210212772,TheBigOuch (12/20),0,18.175,CPT Kohl Drake UTIL Corbin Carroll UTIL Nolan Arenado UTIL Lars Nootbaar UTIL Ryan Waldschmidt UTIL Jake Cronenworth,,,
3255,5210212776,TheBigOuch (16/20),0,18.175,CPT Kohl Drake UTIL Corbin Carroll UTIL Geraldo Perdomo UTIL Max Kepler UTIL Ryan Waldschmidt UTIL Jake Cronenworth,,,
3255,5210407694,darrylposton (10/20),0,18.175,CPT Kohl Drake UTIL Corbin Carroll UTIL Geraldo Perdomo UTIL Lars Nootbaar UTIL Ryan Waldschmidt UTIL Jake Cronenworth,,,
3255,5210461103,j-wolf05 (6/20),0,18.175,CPT Kohl Drake UTIL Jackson Merrill UTIL Geraldo Perdomo UTIL Lars Nootbaar UTIL Max Kepler UTIL Tim Tawa,,,
3255,5210461104,j-wolf05 (7/20),0,18.175,CPT Kohl Drake UTIL Corbin Carroll UTIL Geraldo Perdomo UTIL Lars Nootbaar UTIL Ryan Waldschmidt UTIL Jake Cronenworth,,,
3255,5210617371,Babysumo92 (4/5),0,18.175,CPT Kohl Drake UTIL Corbin Carroll UTIL Geraldo Perdomo UTIL Ryan Waldschmidt UTIL Tim Tawa UTIL Jake Cronenworth,,,
3255,5210620853,DigitalDreams (8/20),0,18.175,CPT Kohl Drake UTIL Corbin Carroll UTIL Geraldo Perdomo UTIL Lars Nootbaar UTIL Ryan Waldschmidt UTIL Jake Cronenworth,,,
3255,5210620859,DigitalDreams (14/20),0,18.175,CPT Kohl Drake UTIL Jackson Merrill UTIL Geraldo Perdomo UTIL Lars Nootbaar UTIL Max Kepler UTIL Tim Tawa,,,
3255,5210641680,birdgang1152 (1/2),0,18.175,CPT Kohl Drake UTIL Corbin Carroll UTIL Geraldo Perdomo UTIL Lars Nootbaar UTIL Ryan Waldschmidt UTIL Jake Cronenworth,,,
3255,5210662606,HC0023 (6/20),0,18.175,CPT Kohl Drake UTIL Corbin Carroll UTIL Geraldo Perdomo UTIL Lars Nootbaar UTIL Ryan Waldschmidt UTIL Jake Cronenworth,,,
3255,5210662610,HC0023 (10/20),0,18.175,CPT Kohl Drake UTIL Jackson Merrill UTIL Geraldo Perdomo UTIL Lars Nootbaar UTIL Max Kepler UTIL Tim Tawa,,,
3270,5209951268,ataribravo (19/20),0,17.95,CPT Tim Tawa UTIL Kohl Drake UTIL Fernando Tatis Jr. UTIL Geraldo Perdomo UTIL Nolan Arenado UTIL Lars Nootbaar,,,
3270,5210092881,chrispy2005 (5/20),0,17.95,CPT Corbin Carroll UTIL Kohl Drake UTIL Geraldo Perdomo UTIL Nolan Arenado UTIL Lars Nootbaar UTIL Freddy Fermin,,,
3270,5210238825,SpeedRacer101 (2/20),0,17.95,CPT Ketel Marte UTIL Kohl Drake UTIL Nolan Arenado UTIL Xander Bogaerts UTIL Max Kepler UTIL Ryan Waldschmidt,,,
3270,5210388331,martini13,0,17.95,CPT Max Kepler UTIL Kohl Drake UTIL Ketel Marte UTIL Geraldo Perdomo UTIL Nolan Arenado UTIL Jake Cronenworth,,,
3270,5210407703,darrylposton (19/20),0,17.95,CPT Tim Tawa UTIL Kohl Drake UTIL Fernando Tatis Jr. UTIL Geraldo Perdomo UTIL Lars Nootbaar UTIL Ryan Waldschmidt,,,
3270,5210480950,brown1258 (2/4),0,17.95,CPT Corbin Carroll UTIL Kohl Drake UTIL Ketel Marte UTIL Ryan Waldschmidt UTIL Gavin Sheets UTIL Tim Tawa,,,
3270,5210520761,kellydjk (6/10),0,17.95,CPT Lars Nootbaar UTIL Kohl Drake UTIL Manny Machado UTIL Ketel Marte UTIL Nolan Arenado UTIL Tim Tawa,,,
3270,5210534576,eddymac222 (18/20),0,17.95,CPT Corbin Carroll UTIL Kohl Drake UTIL Geraldo Perdomo UTIL Nolan Arenado UTIL Max Kepler UTIL Freddy Fermin,,,
3270,5210629350,DoloMitex478 (8/8),0,17.95,CPT Corbin Carroll UTIL Kohl Drake UTIL Geraldo Perdomo UTIL Nolan Arenado UTIL Lars Nootbaar UTIL Freddy Fermin,,,
3270,5210641733,monarch11 (10/20),0,17.95,CPT Tim Tawa UTIL Kohl Drake UTIL Manny Machado UTIL Ketel Marte UTIL Geraldo Perdomo UTIL Max Kepler,,,
3280,5210489967,barney_g (4/5),0,17.45,CPT Geraldo Perdomo UTIL Kohl Drake UTIL Ty France UTIL Lars Nootbaar UTIL Max Kepler UTIL Ryan Waldschmidt,,,
3280,5210523823,vernon2313 (1/2),0,17.45,CPT Geraldo Perdomo UTIL Kohl Drake UTIL Corbin Carroll UTIL Max Kepler UTIL Tim Tawa UTIL Freddy Fermin,,,
3280,5210524536,eddymac222 (11/20),0,17.45,CPT Ryan Waldschmidt UTIL Kohl Drake UTIL Corbin Carroll UTIL Geraldo Perdomo UTIL Xander Bogaerts UTIL Lars Nootbaar,,,
3280,5210534113,eddymac222 (16/20),0,17.45,CPT Geraldo Perdomo UTIL Kohl Drake UTIL Manny Machado UTIL Luis Rengifo UTIL Ryan Waldschmidt UTIL Tim Tawa,,,
3284,5209971238,az350z (14/20),0,17.224998,CPT Kohl Drake UTIL Walker Buehler UTIL Geraldo Perdomo UTIL Nolan Arenado UTIL Freddy Fermin UTIL Jeremiah Estrada,,,
3285,5209500294,wcs1109 (19/20),0,17.175,CPT Kohl Drake UTIL Corbin Carroll UTIL Geraldo Perdomo UTIL Lars Nootbaar UTIL Tim Tawa UTIL Freddy Fermin,,,
3285,5210030843,FoxyGrandpa252 (9/20),0,17.175,CPT Kohl Drake UTIL Ty France UTIL Geraldo Perdomo UTIL Lars Nootbaar UTIL Max Kepler UTIL Ryan Waldschmidt,,,
3285,5210148617,austin60915 (12/20),0,17.175,CPT Kohl Drake UTIL Ty France UTIL Geraldo Perdomo UTIL Lars Nootbaar UTIL Max Kepler UTIL Ryan Waldschmidt,,,
3285,5210180095,LOCNOTM (2/20),0,17.175,CPT Kohl Drake UTIL Corbin Carroll UTIL Geraldo Perdomo UTIL Lars Nootbaar UTIL Tim Tawa UTIL Freddy Fermin,,,
3285,5210180096,LOCNOTM (3/20),0,17.175,CPT Kohl Drake UTIL Corbin Carroll UTIL Geraldo Perdomo UTIL Lars Nootbaar UTIL Max Kepler UTIL Freddy Fermin,,,
3285,5210345605,kbrisacher (1/20),0,17.175,CPT Kohl Drake UTIL Corbin Carroll UTIL Geraldo Perdomo UTIL Lars Nootbaar UTIL Max Kepler UTIL Freddy Fermin,,,
3285,5210407695,darrylposton (11/20),0,17.175,CPT Kohl Drake UTIL Ty France UTIL Geraldo Perdomo UTIL Lars Nootbaar UTIL Max Kepler UTIL Ryan Waldschmidt,,,
3285,5210534328,ATremor (3/3),0,17.175,CPT Kohl Drake UTIL Jackson Merrill UTIL Geraldo Perdomo UTIL Nolan Arenado UTIL Tim Tawa UTIL Freddy Fermin,,,
3293,5209918401,piotrj10 (11/20),0,17,CPT Geraldo Perdomo UTIL Fernando Tatis Jr. UTIL Nolan Arenado UTIL Max Kepler UTIL Ryan Waldschmidt UTIL Tim Tawa,,,
3294,5209692286,ivymoose (8/20),0,16.974998,CPT Kohl Drake UTIL Walker Buehler UTIL Lars Nootbaar UTIL Max Kepler UTIL Gavin Sheets UTIL Tim Tawa,,,
3294,5209692290,ivymoose (12/20),0,16.974998,CPT Kohl Drake UTIL Walker Buehler UTIL Lars Nootbaar UTIL Max Kepler UTIL Ryan Waldschmidt UTIL Tim Tawa,,,
3294,5209910088,Cards1640 (2/4),0,16.974998,CPT Kohl Drake UTIL Walker Buehler UTIL Lars Nootbaar UTIL Max Kepler UTIL Gavin Sheets UTIL Tim Tawa,,,
3294,5209951252,ataribravo (3/20),0,16.974998,CPT Kohl Drake UTIL Walker Buehler UTIL Lars Nootbaar UTIL Max Kepler UTIL Ryan Waldschmidt UTIL Tim Tawa,,,
3294,5209984178,KGould86 (1/20),0,16.974998,CPT Kohl Drake UTIL Walker Buehler UTIL Lars Nootbaar UTIL Max Kepler UTIL Ryan Waldschmidt UTIL Tim Tawa,,,
3294,5209985449,sbolomo (1/20),0,16.974998,CPT Kohl Drake UTIL Walker Buehler UTIL Lars Nootbaar UTIL Max Kepler UTIL Ryan Waldschmidt UTIL Tim Tawa,,,
3294,5210000614,crushing182,0,16.974998,CPT Kohl Drake UTIL Walker Buehler UTIL Lars Nootbaar UTIL Max Kepler UTIL Gavin Sheets UTIL Tim Tawa,,,
3294,5210025675,LTskelter (2/20),0,16.974998,CPT Kohl Drake UTIL Walker Buehler UTIL Lars Nootbaar UTIL Max Kepler UTIL Ryan Waldschmidt UTIL Tim Tawa,,,
3294,5210203693,jsamtoy (15/20),0,16.974998,CPT Kohl Drake UTIL Walker Buehler UTIL Lars Nootbaar UTIL Max Kepler UTIL Ryan Waldschmidt UTIL Tim Tawa,,,
3294,5210212771,TheBigOuch (11/20),0,16.974998,CPT Kohl Drake UTIL Walker Buehler UTIL Lars Nootbaar UTIL Max Kepler UTIL Gavin Sheets UTIL Tim Tawa,,,
3294,5210345622,kbrisacher (18/20),0,16.974998,CPT Kohl Drake UTIL Walker Buehler UTIL Lars Nootbaar UTIL Max Kepler UTIL Gavin Sheets UTIL Tim Tawa,,,
3294,5210360219,Mige1 (1/20),0,16.974998,CPT Kohl Drake UTIL Walker Buehler UTIL Lars Nootbaar UTIL Max Kepler UTIL Ryan Waldschmidt UTIL Tim Tawa,,,
3294,5210381224,Ezilodi (20/20),0,16.974998,CPT Kohl Drake UTIL Walker Buehler UTIL Lars Nootbaar UTIL Max Kepler UTIL Gavin Sheets UTIL Tim Tawa,,,
3294,5210482010,georgeconfused (1/9),0,16.974998,CPT Kohl Drake UTIL Walker Buehler UTIL Lars Nootbaar UTIL Max Kepler UTIL Ryan Waldschmidt UTIL Tim Tawa,,,
3294,5210512834,jesusreyes2955,0,16.974998,CPT Kohl Drake UTIL Walker Buehler UTIL Lars Nootbaar UTIL Max Kepler UTIL Ryan Waldschmidt UTIL Tim Tawa,,,
3294,5210556547,leopard1 (2/3),0,16.974998,CPT Kohl Drake UTIL Walker Buehler UTIL Lars Nootbaar UTIL Max Kepler UTIL Ryan Waldschmidt UTIL Tim Tawa,,,
3294,5210590623,bossplayer318 (3/20),0,16.974998,CPT Kohl Drake UTIL Walker Buehler UTIL Lars Nootbaar UTIL Max Kepler UTIL Ryan Waldschmidt UTIL Tim Tawa,,,
3294,5210593244,louiswat (2/3),0,16.974998,CPT Kohl Drake UTIL Walker Buehler UTIL Nolan Arenado UTIL Ryan Waldschmidt UTIL Gavin Sheets UTIL Jake Cronenworth,,,
3294,5210596391,kingjukes (2/2),0,16.974998,CPT Kohl Drake UTIL Walker Buehler UTIL Nolan Arenado UTIL Ryan Waldschmidt UTIL Gavin Sheets UTIL Jake Cronenworth,,,
3294,5210672548,KenyanDrake (3/20),0,16.974998,CPT Kohl Drake UTIL Walker Buehler UTIL Lars Nootbaar UTIL Max Kepler UTIL Ryan Waldschmidt UTIL Tim Tawa,,,
3294,5210675391,KenyanDrake (6/20),0,16.974998,CPT Kohl Drake UTIL Walker Buehler UTIL Lars Nootbaar UTIL Max Kepler UTIL Ryan Waldschmidt UTIL Tim Tawa,,,
3294,5210675394,KenyanDrake (9/20),0,16.974998,CPT Kohl Drake UTIL Walker Buehler UTIL Lars Nootbaar UTIL Max Kepler UTIL Ryan Waldschmidt UTIL Tim Tawa,,,
3294,5210675398,KenyanDrake (12/20),0,16.974998,CPT Kohl Drake UTIL Walker Buehler UTIL Lars Nootbaar UTIL Max Kepler UTIL Ryan Waldschmidt UTIL Tim Tawa,,,
3294,5210675407,KenyanDrake (15/20),0,16.974998,CPT Kohl Drake UTIL Walker Buehler UTIL Lars Nootbaar UTIL Max Kepler UTIL Ryan Waldschmidt UTIL Tim Tawa,,,
3294,5210675410,KenyanDrake (18/20),0,16.974998,CPT Kohl Drake UTIL Walker Buehler UTIL Lars Nootbaar UTIL Max Kepler UTIL Ryan Waldschmidt UTIL Tim Tawa,,,
3319,5209971228,az350z (4/20),0,16.95,CPT Max Kepler UTIL Kohl Drake UTIL Jackson Merrill UTIL Geraldo Perdomo UTIL Nolan Arenado UTIL Lars Nootbaar,,,
3319,5210187433,chiefsgrammy (1/2),0,16.95,CPT Ketel Marte UTIL Kohl Drake UTIL Corbin Carroll UTIL Ryan Waldschmidt UTIL Gavin Sheets UTIL Tim Tawa,,,
3319,5210187462,joeywill333 (1/2),0,16.95,CPT Ketel Marte UTIL Kohl Drake UTIL Corbin Carroll UTIL Ryan Waldschmidt UTIL Gavin Sheets UTIL Tim Tawa,,,
3322,5210403900,cwthrow24 (14/20),0,16.45,CPT Geraldo Perdomo UTIL Kohl Drake UTIL Corbin Carroll UTIL Ketel Marte UTIL Ryan Waldschmidt UTIL Freddy Fermin,,,
3322,5210628064,bdubya3 (2/2),0,16.45,CPT Geraldo Perdomo UTIL Kohl Drake UTIL Fernando Tatis Jr. UTIL Lars Nootbaar UTIL Ryan Waldschmidt UTIL Tim Tawa,,,
3324,5210562647,markcamaro (5/14),0,16.25,CPT Nolan Arenado UTIL Walker Buehler UTIL Kohl Drake UTIL Geraldo Perdomo UTIL Max Kepler UTIL Freddy Fermin,,,
3325,5209909584,mythicalrhymer01 (2/3),0,16.175,CPT Kohl Drake UTIL Fernando Tatis Jr. UTIL Nolan Arenado UTIL Lars Nootbaar UTIL Ryan Waldschmidt UTIL Tim Tawa,,,
3325,5209985455,sbolomo (7/20),0,16.175,CPT Kohl Drake UTIL Ketel Marte UTIL Geraldo Perdomo UTIL Nolan Arenado UTIL Tim Tawa UTIL Jake Cronenworth,,,
3325,5210487667,Johnson4life83,0,16.175,CPT Kohl Drake UTIL Fernando Tatis Jr. UTIL Nolan Arenado UTIL Lars Nootbaar UTIL Ryan Waldschmidt UTIL Tim Tawa,,,
3325,5210603438,dtapper29 (2/20),0,16.175,CPT Kohl Drake UTIL Fernando Tatis Jr. UTIL Nolan Arenado UTIL Max Kepler UTIL Ryan Waldschmidt UTIL Tim Tawa,,,
3325,5210651672,chaser33333 (3/3),0,16.175,CPT Kohl Drake UTIL Ketel Marte UTIL Geraldo Perdomo UTIL Nolan Arenado UTIL Tim Tawa UTIL Jake Cronenworth,,,
3325,5210667485,Orangechocolate70 (16/20),0,16.175,CPT Kohl Drake UTIL Fernando Tatis Jr. UTIL Nolan Arenado UTIL Lars Nootbaar UTIL Ryan Waldschmidt UTIL Tim Tawa,,,
3331,5209758155,Sammy.Boy (5/20),0,15.974999,CPT Kohl Drake UTIL Walker Buehler UTIL Geraldo Perdomo UTIL Gavin Sheets UTIL Tim Tawa UTIL Freddy Fermin,,,
3331,5209902691,niquisition (3/20),0,15.974999,CPT Kohl Drake UTIL Walker Buehler UTIL Nolan Arenado UTIL Lars Nootbaar UTIL Ryan Waldschmidt UTIL Freddy Fermin,,,
3331,5209984181,KGould86 (4/20),0,15.974999,CPT Kohl Drake UTIL Walker Buehler UTIL Nolan Arenado UTIL Lars Nootbaar UTIL Ryan Waldschmidt UTIL Freddy Fermin,,,
3331,5210061762,Dirtylarry2020,0,15.974999,CPT Kohl Drake UTIL Walker Buehler UTIL Geraldo Perdomo UTIL Max Kepler UTIL Gavin Sheets UTIL Freddy Fermin,,,
3331,5210180107,LOCNOTM (14/20),0,15.974999,CPT Kohl Drake UTIL Walker Buehler UTIL Geraldo Perdomo UTIL Gavin Sheets UTIL Tim Tawa UTIL Freddy Fermin,,,
3331,5210551648,zachdaddy (17/20),0,15.974999,CPT Kohl Drake UTIL Walker Buehler UTIL Nolan Arenado UTIL Lars Nootbaar UTIL Gavin Sheets UTIL Freddy Fermin,,,
3331,5210564988,trappwimm80 (2/2),0,15.974999,CPT Kohl Drake UTIL Walker Buehler UTIL Geraldo Perdomo UTIL Ryan Waldschmidt UTIL Tim Tawa UTIL Freddy Fermin,,,
3331,5210589224,hartcom,0,15.974999,CPT Kohl Drake UTIL Walker Buehler UTIL Nolan Arenado UTIL Lars Nootbaar UTIL Ryan Waldschmidt UTIL Freddy Fermin,,,
3339,5210575698,bassguy39 (4/12),0,15.95,CPT Corbin Carroll UTIL Kohl Drake UTIL Geraldo Perdomo UTIL Max Kepler UTIL Gavin Sheets UTIL Tim Tawa,,,
3339,5210603453,dtapper29 (17/20),0,15.95,CPT Corbin Carroll UTIL Kohl Drake UTIL Nolan Arenado UTIL Lars Nootbaar UTIL Max Kepler UTIL Gavin Sheets,,,
3339,5210645760,hopf27,0,15.95,CPT Corbin Carroll UTIL Kohl Drake UTIL Nolan Arenado UTIL Lars Nootbaar UTIL Max Kepler UTIL Gavin Sheets,,,
3342,5210241422,bassman1955 (1/5),0,15.75,CPT Ketel Marte UTIL Walker Buehler UTIL Kohl Drake UTIL Ildemaro Vargas UTIL Adrian Del Castillo UTIL Tyler Locklear,,,
3342,5210671669,BairIra,0,15.75,CPT Lars Nootbaar UTIL Walker Buehler UTIL Kohl Drake UTIL Nolan Arenado UTIL Max Kepler UTIL Ryan Waldschmidt,,,
3344,5210381221,Ezilodi (17/20),0,15.45,CPT Geraldo Perdomo UTIL Kohl Drake UTIL Ketel Marte UTIL Xander Bogaerts UTIL Lars Nootbaar UTIL Gavin Sheets,,,
3344,5210562540,markcamaro (1/14),0,15.45,CPT Nolan Arenado UTIL Kohl Drake UTIL Corbin Carroll UTIL Geraldo Perdomo UTIL Ryan Waldschmidt UTIL Jake Cronenworth,,,
3344,5210593062,smk5430 (14/20),0,15.45,CPT Ryan Waldschmidt UTIL Kohl Drake UTIL Fernando Tatis Jr. UTIL Ketel Marte UTIL Nolan Arenado UTIL Paul Sewald,,,
3344,5210644811,jlafontaine22,0,15.45,CPT Geraldo Perdomo UTIL Kohl Drake UTIL Ketel Marte UTIL Xander Bogaerts UTIL Max Kepler UTIL Ryan Waldschmidt,,,
3348,5210635543,Toney367 (17/20),0,15.25,CPT Geraldo Perdomo UTIL Walker Buehler UTIL Kohl Drake UTIL Corbin Carroll UTIL Tyler Locklear UTIL Jase Bowen,,,
3349,5210148607,austin60915 (2/20),0,15.224999,CPT Kohl Drake UTIL Walker Buehler UTIL Nolan Arenado UTIL Max Kepler UTIL Ryan Waldschmidt UTIL Jeremiah Estrada,,,
3349,5210148619,austin60915 (14/20),0,15.224999,CPT Kohl Drake UTIL Walker Buehler UTIL Geraldo Perdomo UTIL Ryan Waldschmidt UTIL Tim Tawa UTIL Jeremiah Estrada,,,
3351,5209500282,wcs1109 (7/20),0,15.175,CPT Kohl Drake UTIL Geraldo Perdomo UTIL Nolan Arenado UTIL Gavin Sheets UTIL Tim Tawa UTIL Gabriel Moreno,,,
3351,5209934388,Aoteoroa (2/6),0,15.175,CPT Kohl Drake UTIL Geraldo Perdomo UTIL Nolan Arenado UTIL Gavin Sheets UTIL Tim Tawa UTIL Gabriel Moreno,,,
3351,5209934392,Aoteoroa (5/6),0,15.175,CPT Kohl Drake UTIL Geraldo Perdomo UTIL Nolan Arenado UTIL Gavin Sheets UTIL Tim Tawa UTIL Gabriel Moreno,,,
3351,5209985462,sbolomo (14/20),0,15.175,CPT Kohl Drake UTIL Geraldo Perdomo UTIL Lars Nootbaar UTIL Ryan Waldschmidt UTIL Gavin Sheets UTIL Gabriel Moreno,,,
3351,5209985468,sbolomo (20/20),0,15.175,CPT Kohl Drake UTIL Geraldo Perdomo UTIL Nolan Arenado UTIL Max Kepler UTIL Gavin Sheets UTIL Gabriel Moreno,,,
3351,5210060728,JcClark18 (13/20),0,15.175,CPT Kohl Drake UTIL Jackson Merrill UTIL Geraldo Perdomo UTIL Max Kepler UTIL Ryan Waldschmidt UTIL Tim Tawa,,,
3351,5210180113,LOCNOTM (20/20),0,15.175,CPT Kohl Drake UTIL Corbin Carroll UTIL Lars Nootbaar UTIL Max Kepler UTIL Gavin Sheets UTIL Tim Tawa,,,
3351,5210238836,SpeedRacer101 (13/20),0,15.175,CPT Kohl Drake UTIL Geraldo Perdomo UTIL Nolan Arenado UTIL Gavin Sheets UTIL Tim Tawa UTIL Gabriel Moreno,,,
3351,5210345624,kbrisacher (20/20),0,15.175,CPT Kohl Drake UTIL Geraldo Perdomo UTIL Nolan Arenado UTIL Max Kepler UTIL Gavin Sheets UTIL Gabriel Moreno,,,
3351,5210549061,terminator31 (8/20),0,15.175,CPT Kohl Drake UTIL Jackson Merrill UTIL Geraldo Perdomo UTIL Lars Nootbaar UTIL Gavin Sheets UTIL Tim Tawa,,,
3351,5210590638,bossplayer318 (18/20),0,15.175,CPT Kohl Drake UTIL Ketel Marte UTIL Geraldo Perdomo UTIL Lars Nootbaar UTIL Tim Tawa UTIL Freddy Fermin,,,
3351,5210593056,smk5430 (8/20),0,15.175,CPT Kohl Drake UTIL Corbin Carroll UTIL Lars Nootbaar UTIL Max Kepler UTIL Gavin Sheets UTIL Tim Tawa,,,
3351,5210626835,rus6682,0,15.175,CPT Kohl Drake UTIL Jackson Merrill UTIL Geraldo Perdomo UTIL Lars Nootbaar UTIL Ryan Waldschmidt UTIL Tim Tawa,,,
3351,5210637149,148602701 (4/6),0,15.175,CPT Kohl Drake UTIL Jackson Merrill UTIL Nolan Arenado UTIL Lars Nootbaar UTIL Max Kepler UTIL Ryan Waldschmidt,,,
3365,5210528123,roberts2525 (2/10),0,14.95,CPT Ketel Marte UTIL Kohl Drake UTIL Geraldo Perdomo UTIL Nolan Arenado UTIL Lars Nootbaar UTIL Freddy Fermin,,,
3365,5210662616,HC0023 (16/20),0,14.95,CPT Tim Tawa UTIL Kohl Drake UTIL Manny Machado UTIL Ketel Marte UTIL Geraldo Perdomo UTIL Ryan Waldschmidt,,,
3367,5210092890,chrispy2005 (14/20),0,14.45,CPT Nolan Arenado UTIL Kohl Drake UTIL Corbin Carroll UTIL Ketel Marte UTIL Gavin Sheets UTIL Tim Tawa,,,
3368,5209956902,MoneyRamirez (1/20),0,14.175,CPT Kohl Drake UTIL Manny Machado UTIL Nolan Arenado UTIL Lars Nootbaar UTIL Max Kepler UTIL Tim Tawa,,,
3368,5210040173,gwatts77 (3/20),0,14.175,CPT Kohl Drake UTIL Geraldo Perdomo UTIL Luis Rengifo UTIL Nolan Arenado UTIL Lars Nootbaar UTIL Tim Tawa,,,
3368,5210040178,gwatts77 (8/20),0,14.175,CPT Kohl Drake UTIL Geraldo Perdomo UTIL Luis Rengifo UTIL Nolan Arenado UTIL Max Kepler UTIL Tim Tawa,,,
3368,5210060724,JcClark18 (9/20),0,14.175,CPT Kohl Drake UTIL Geraldo Perdomo UTIL Luis Rengifo UTIL Nolan Arenado UTIL Lars Nootbaar UTIL Tim Tawa,,,
3368,5210180111,LOCNOTM (18/20),0,14.175,CPT Kohl Drake UTIL Corbin Carroll UTIL Geraldo Perdomo UTIL Nolan Arenado UTIL Tim Tawa UTIL Freddy Fermin,,,
3368,5210526028,4leahy (1/4),0,14.175,CPT Kohl Drake UTIL Corbin Carroll UTIL Ketel Marte UTIL Nolan Arenado UTIL Tim Tawa UTIL Will Wagner,,,
3368,5210545500,slick_vick1,0,14.175,CPT Kohl Drake UTIL Corbin Carroll UTIL Geraldo Perdomo UTIL Nolan Arenado UTIL Tim Tawa UTIL Freddy Fermin,,,
3368,5210552287,Messmer57 (3/5),0,14.175,CPT Kohl Drake UTIL Luis Rengifo UTIL Nolan Arenado UTIL Lars Nootbaar UTIL Max Kepler UTIL Ryan Waldschmidt,,,
3368,5210583296,arsmith8 (20/20),0,14.175,CPT Kohl Drake UTIL Manny Machado UTIL Nolan Arenado UTIL Lars Nootbaar UTIL Max Kepler UTIL Tim Tawa,,,
3368,5210619679,Paul322,0,14.175,CPT Kohl Drake UTIL Geraldo Perdomo UTIL Luis Rengifo UTIL Nolan Arenado UTIL Lars Nootbaar UTIL Tim Tawa,,,
3378,5209902694,niquisition (6/20),0,13.975,CPT Kohl Drake UTIL Walker Buehler UTIL Geraldo Perdomo UTIL Max Kepler UTIL Tim Tawa UTIL Paul Sewald,,,
3378,5210577768,lionman18 (1/4),0,13.975,CPT Kohl Drake UTIL Walker Buehler UTIL Lars Nootbaar UTIL Ryan Waldschmidt UTIL Gavin Sheets UTIL Tim Tawa,,,
3380,5210083319,kreller17 (3/20),0,13.45,CPT Nolan Arenado UTIL Kohl Drake UTIL Ketel Marte UTIL Luis Rengifo UTIL Ryan Waldschmidt UTIL Gavin Sheets,,,
3380,5210620854,DigitalDreams (9/20),0,13.45,CPT Nolan Arenado UTIL Kohl Drake UTIL Fernando Tatis Jr. UTIL Geraldo Perdomo UTIL Ryan Waldschmidt UTIL Tim Tawa,,,
3382,5210576910,PatsiesNoMore,0,13.25,CPT Geraldo Perdomo UTIL Walker Buehler UTIL Kohl Drake UTIL Nolan Arenado UTIL Ryan Waldschmidt UTIL Freddy Fermin,,,
3383,5210030851,FoxyGrandpa252 (17/20),0,13.175,CPT Kohl Drake UTIL Geraldo Perdomo UTIL Nolan Arenado UTIL Xander Bogaerts UTIL Lars Nootbaar UTIL Tim Tawa,,,
3383,5210222799,Lak3r4Lif3,0,13.175,CPT Kohl Drake UTIL Fernando Tatis Jr. UTIL Nolan Arenado UTIL Ildemaro Vargas UTIL Tim Tawa UTIL James McCann,,,
3383,5210645686,148602701 (5/6),0,13.175,CPT Kohl Drake UTIL Geraldo Perdomo UTIL Nolan Arenado UTIL Xander Bogaerts UTIL Lars Nootbaar UTIL Tim Tawa,,,
3386,5209567452,Schoey17 (9/9),0,12.975,CPT Kohl Drake UTIL Walker Buehler UTIL Geraldo Perdomo UTIL Ryan Waldschmidt UTIL Gavin Sheets UTIL Freddy Fermin,,,
3386,5210372734,Jbog19 (2/5),0,12.975,CPT Kohl Drake UTIL Walker Buehler UTIL Geraldo Perdomo UTIL Ryan Waldschmidt UTIL Gavin Sheets UTIL Freddy Fermin,,,
3386,5210461102,j-wolf05 (5/20),0,12.975,CPT Kohl Drake UTIL Walker Buehler UTIL Geraldo Perdomo UTIL Ryan Waldschmidt UTIL Gavin Sheets UTIL Freddy Fermin,,,
3389,5209758158,Sammy.Boy (8/20),0,12.95,CPT Corbin Carroll UTIL Kohl Drake UTIL Geraldo Perdomo UTIL Lars Nootbaar UTIL Ryan Waldschmidt UTIL Gavin Sheets,,,
3389,5210018150,icehawk55 (2/4),0,12.95,CPT Ketel Marte UTIL Kohl Drake UTIL Nolan Arenado UTIL Lars Nootbaar UTIL Max Kepler UTIL Gavin Sheets,,,
3389,5210030842,FoxyGrandpa252 (8/20),0,12.95,CPT Corbin Carroll UTIL Kohl Drake UTIL Geraldo Perdomo UTIL Max Kepler UTIL Ryan Waldschmidt UTIL Gavin Sheets,,,
3389,5210263949,UniversalFriend (13/20),0,12.95,CPT Corbin Carroll UTIL Kohl Drake UTIL Geraldo Perdomo UTIL Lars Nootbaar UTIL Ryan Waldschmidt UTIL Gavin Sheets,,,
3389,5210590627,bossplayer318 (7/20),0,12.95,CPT Corbin Carroll UTIL Kohl Drake UTIL Geraldo Perdomo UTIL Lars Nootbaar UTIL Ryan Waldschmidt UTIL Gavin Sheets,,,
3394,5210180914,pdaly1998,0,12.45,CPT Geraldo Perdomo UTIL Kohl Drake UTIL Jackson Merrill UTIL Nolan Arenado UTIL Lars Nootbaar UTIL Gavin Sheets,,,
3394,5210358034,45dojo (5/8),0,12.45,CPT Geraldo Perdomo UTIL Kohl Drake UTIL Jackson Merrill UTIL Nolan Arenado UTIL Max Kepler UTIL Ryan Waldschmidt,,,
3394,5210520758,kellydjk (3/10),0,12.45,CPT Geraldo Perdomo UTIL Kohl Drake UTIL Corbin Carroll UTIL Lars Nootbaar UTIL Max Kepler UTIL Gavin Sheets,,,
3394,5210520763,kellydjk (8/10),0,12.45,CPT Geraldo Perdomo UTIL Kohl Drake UTIL Corbin Carroll UTIL Lars Nootbaar UTIL Max Kepler UTIL Gavin Sheets,,,
3394,5210576590,morganelizabeth2 (1/5),0,12.45,CPT Geraldo Perdomo UTIL Kohl Drake UTIL Corbin Carroll UTIL Lars Nootbaar UTIL Max Kepler UTIL Gavin Sheets,,,
3394,5210603455,dtapper29 (19/20),0,12.45,CPT Nolan Arenado UTIL Kohl Drake UTIL Jackson Merrill UTIL Geraldo Perdomo UTIL Lars Nootbaar UTIL Ryan Waldschmidt,,,
3394,5210615914,Rowdog31 (14/20),0,12.45,CPT Geraldo Perdomo UTIL Kohl Drake UTIL Corbin Carroll UTIL Lars Nootbaar UTIL Max Kepler UTIL Gavin Sheets,,,
3401,5209500289,wcs1109 (14/20),0,12.175,CPT Kohl Drake UTIL Corbin Carroll UTIL Geraldo Perdomo UTIL Lars Nootbaar UTIL Gavin Sheets UTIL Tim Tawa,,,
3401,5209500291,wcs1109 (16/20),0,12.175,CPT Kohl Drake UTIL Corbin Carroll UTIL Geraldo Perdomo UTIL Max Kepler UTIL Gavin Sheets UTIL Tim Tawa,,,
3401,5209692281,ivymoose (3/20),0,12.175,CPT Kohl Drake UTIL Corbin Carroll UTIL Geraldo Perdomo UTIL Lars Nootbaar UTIL Gavin Sheets UTIL Tim Tawa,,,
3401,5209758160,Sammy.Boy (10/20),0,12.175,CPT Kohl Drake UTIL Ketel Marte UTIL Geraldo Perdomo UTIL Nolan Arenado UTIL Lars Nootbaar UTIL Freddy Fermin,,,
3401,5209998771,pat_the_hat2 (12/20),0,12.175,CPT Kohl Drake UTIL Corbin Carroll UTIL Nolan Arenado UTIL Lars Nootbaar UTIL Gavin Sheets UTIL Tim Tawa,,,
3401,5209999684,whoisjohngalt420 (4/20),0,12.175,CPT Kohl Drake UTIL Corbin Carroll UTIL Geraldo Perdomo UTIL Lars Nootbaar UTIL Gavin Sheets UTIL Tim Tawa,,,
3401,5210112827,Stree (1/7),0,12.175,CPT Kohl Drake UTIL Corbin Carroll UTIL Geraldo Perdomo UTIL Lars Nootbaar UTIL Gavin Sheets UTIL Tim Tawa,,,
3401,5210263938,UniversalFriend (2/20),0,12.175,CPT Kohl Drake UTIL Ketel Marte UTIL Geraldo Perdomo UTIL Nolan Arenado UTIL Lars Nootbaar UTIL Freddy Fermin,,,
3401,5210299287,jasonwithaj (8/10),0,12.175,CPT Kohl Drake UTIL Corbin Carroll UTIL Geraldo Perdomo UTIL Lars Nootbaar UTIL Gavin Sheets UTIL Tim Tawa,,,
3401,5210345619,kbrisacher (15/20),0,12.175,CPT Kohl Drake UTIL Ketel Marte UTIL Geraldo Perdomo UTIL Nolan Arenado UTIL Tim Tawa UTIL Freddy Fermin,,,
3401,5210381214,Ezilodi (10/20),0,12.175,CPT Kohl Drake UTIL Jackson Merrill UTIL Nolan Arenado UTIL Max Kepler UTIL Ryan Waldschmidt UTIL Gavin Sheets,,,
3401,5210403890,cwthrow24 (4/20),0,12.175,CPT Kohl Drake UTIL Corbin Carroll UTIL Nolan Arenado UTIL Lars Nootbaar UTIL Gavin Sheets UTIL Tim Tawa,,,
3401,5210461105,j-wolf05 (8/20),0,12.175,CPT Kohl Drake UTIL Ketel Marte UTIL Geraldo Perdomo UTIL Nolan Arenado UTIL Lars Nootbaar UTIL Freddy Fermin,,,
3401,5210461106,j-wolf05 (9/20),0,12.175,CPT Kohl Drake UTIL Geraldo Perdomo UTIL Nolan Arenado UTIL Ryan Waldschmidt UTIL Gavin Sheets UTIL Gabriel Moreno,,,
3401,5210540280,jwclark311 (6/20),0,12.175,CPT Kohl Drake UTIL Ketel Marte UTIL Geraldo Perdomo UTIL Nolan Arenado UTIL Lars Nootbaar UTIL Freddy Fermin,,,
3401,5210540289,jwclark311 (15/20),0,12.175,CPT Kohl Drake UTIL Corbin Carroll UTIL Geraldo Perdomo UTIL Max Kepler UTIL Gavin Sheets UTIL Tim Tawa,,,
3401,5210541801,zachdaddy (1/20),0,12.175,CPT Kohl Drake UTIL Ketel Marte UTIL Geraldo Perdomo UTIL Nolan Arenado UTIL Lars Nootbaar UTIL Freddy Fermin,,,
3401,5210556872,137666 (1/2),0,12.175,CPT Kohl Drake UTIL Corbin Carroll UTIL Geraldo Perdomo UTIL Lars Nootbaar UTIL Gavin Sheets UTIL Tim Tawa,,,
3401,5210578992,Schrinepiece92 (4/20),0,12.175,CPT Kohl Drake UTIL Corbin Carroll UTIL Nolan Arenado UTIL Lars Nootbaar UTIL Gavin Sheets UTIL Tim Tawa,,,
3401,5210603443,dtapper29 (7/20),0,12.175,CPT Kohl Drake UTIL Ketel Marte UTIL Geraldo Perdomo UTIL Nolan Arenado UTIL Max Kepler UTIL Freddy Fermin,,,
3401,5210609273,JJSaenz (1/20),0,12.175,CPT Kohl Drake UTIL Ketel Marte UTIL Geraldo Perdomo UTIL Nolan Arenado UTIL Lars Nootbaar UTIL Freddy Fermin,,,
3401,5210609283,JJSaenz (11/20),0,12.175,CPT Kohl Drake UTIL Corbin Carroll UTIL Geraldo Perdomo UTIL Max Kepler UTIL Gavin Sheets UTIL Tim Tawa,,,
3401,5210613186,DeeMac74 (5/5),0,12.175,CPT Kohl Drake UTIL Ketel Marte UTIL Geraldo Perdomo UTIL Nolan Arenado UTIL Lars Nootbaar UTIL Freddy Fermin,,,
3401,5210621195,goheelz1 (1/7),0,12.175,CPT Kohl Drake UTIL Corbin Carroll UTIL Nolan Arenado UTIL Lars Nootbaar UTIL Gavin Sheets UTIL Tim Tawa,,,
3401,5210621824,Marsharks (4/20),0,12.175,CPT Kohl Drake UTIL Corbin Carroll UTIL Geraldo Perdomo UTIL Lars Nootbaar UTIL Gavin Sheets UTIL Tim Tawa,,,
3401,5210629344,DoloMitex478 (2/8),0,12.175,CPT Kohl Drake UTIL Ketel Marte UTIL Geraldo Perdomo UTIL Nolan Arenado UTIL Max Kepler UTIL Freddy Fermin,,,
3427,5210410947,3Debo0401,0,11.25,CPT Geraldo Perdomo UTIL Walker Buehler UTIL Kohl Drake UTIL Luis Campusano UTIL Lars Nootbaar UTIL Tyler Locklear,,,
3428,5209999695,whoisjohngalt420 (15/20),0,11.175,CPT Kohl Drake UTIL Manny Machado UTIL Geraldo Perdomo UTIL Lars Nootbaar UTIL Ryan Waldschmidt UTIL Tim Tawa,,,
3428,5210025688,LTskelter (15/20),0,11.175,CPT Kohl Drake UTIL Manny Machado UTIL Geraldo Perdomo UTIL Max Kepler UTIL Ryan Waldschmidt UTIL Tim Tawa,,,
3428,5210345618,kbrisacher (14/20),0,11.175,CPT Kohl Drake UTIL Manny Machado UTIL Nolan Arenado UTIL Lars Nootbaar UTIL Max Kepler UTIL Ryan Waldschmidt,,,
3428,5210438346,JaserD (2/20),0,11.175,CPT Kohl Drake UTIL Manny Machado UTIL Nolan Arenado UTIL Lars Nootbaar UTIL Max Kepler UTIL Ryan Waldschmidt,,,
3428,5210532712,ATremor (2/3),0,11.175,CPT Kohl Drake UTIL Manny Machado UTIL Geraldo Perdomo UTIL Max Kepler UTIL Ryan Waldschmidt UTIL Tim Tawa,,,
3428,5210621823,Marsharks (3/20),0,11.175,CPT Kohl Drake UTIL Manny Machado UTIL Geraldo Perdomo UTIL Lars Nootbaar UTIL Ryan Waldschmidt UTIL Tim Tawa,,,
3428,5210635546,Toney367 (20/20),0,11.175,CPT Kohl Drake UTIL Corbin Carroll UTIL Ketel Marte UTIL Geraldo Perdomo UTIL Tyler Locklear UTIL Jase Bowen,,,
3435,5210030837,FoxyGrandpa252 (3/20),0,10.975,CPT Kohl Drake UTIL Walker Buehler UTIL Geraldo Perdomo UTIL Ryan Waldschmidt UTIL Tim Tawa UTIL Paul Sewald,,,
3435,5210438347,JaserD (3/20),0,10.975,CPT Kohl Drake UTIL Walker Buehler UTIL Geraldo Perdomo UTIL Ryan Waldschmidt UTIL Tim Tawa UTIL Paul Sewald,,,
3435,5210540286,jwclark311 (12/20),0,10.975,CPT Kohl Drake UTIL Walker Buehler UTIL Nolan Arenado UTIL Max Kepler UTIL Ryan Waldschmidt UTIL Paul Sewald,,,
3435,5210582507,jrice54 (1/20),0,10.975,CPT Kohl Drake UTIL Walker Buehler UTIL Nolan Arenado UTIL Max Kepler UTIL Ryan Waldschmidt UTIL Paul Sewald,,,
3439,5209902698,niquisition (10/20),0,10.175,CPT Kohl Drake UTIL Geraldo Perdomo UTIL Nolan Arenado UTIL Xander Bogaerts UTIL Max Kepler UTIL Ryan Waldschmidt,,,
3439,5209956934,MoneyRamirez (20/20),0,10.175,CPT Kohl Drake UTIL Ketel Marte UTIL Nolan Arenado UTIL Lars Nootbaar UTIL Max Kepler UTIL Gavin Sheets,,,
3439,5210360225,Mige1 (7/20),0,10.175,CPT Kohl Drake UTIL Geraldo Perdomo UTIL Nolan Arenado UTIL Xander Bogaerts UTIL Max Kepler UTIL Ryan Waldschmidt,,,
3439,5210360236,Mige1 (18/20),0,10.175,CPT Kohl Drake UTIL Ketel Marte UTIL Geraldo Perdomo UTIL Lars Nootbaar UTIL Gavin Sheets UTIL Tim Tawa,,,
3439,5210594011,Gagenator51 (12/20),0,10.175,CPT Kohl Drake UTIL Ketel Marte UTIL Geraldo Perdomo UTIL Lars Nootbaar UTIL Gavin Sheets UTIL Tim Tawa,,,
3439,5210609291,JJSaenz (19/20),0,10.175,CPT Kohl Drake UTIL Ketel Marte UTIL Geraldo Perdomo UTIL Lars Nootbaar UTIL Gavin Sheets UTIL Tim Tawa,,,
3445,5210594004,Gagenator51 (5/20),0,9.45,CPT Geraldo Perdomo UTIL Kohl Drake UTIL Corbin Carroll UTIL Lars Nootbaar UTIL Ryan Waldschmidt UTIL Gavin Sheets,,,
3446,5209500288,wcs1109 (13/20),0,9.175,CPT Kohl Drake UTIL Corbin Carroll UTIL Geraldo Perdomo UTIL Ryan Waldschmidt UTIL Gavin Sheets UTIL Tim Tawa,,,
3446,5209887170,Hinkle76 (1/10),0,9.175,CPT Kohl Drake UTIL Corbin Carroll UTIL Geraldo Perdomo UTIL Ryan Waldschmidt UTIL Gavin Sheets UTIL Tim Tawa,,,
3446,5209956932,MoneyRamirez (18/20),0,9.175,CPT Kohl Drake UTIL Corbin Carroll UTIL Geraldo Perdomo UTIL Ryan Waldschmidt UTIL Gavin Sheets UTIL Tim Tawa,,,
3446,5209971233,az350z (9/20),0,9.175,CPT Kohl Drake UTIL Corbin Carroll UTIL Geraldo Perdomo UTIL Nolan Arenado UTIL Tim Tawa UTIL Yuki Matsui,,,
3446,5209984187,KGould86 (10/20),0,9.175,CPT Kohl Drake UTIL Corbin Carroll UTIL Geraldo Perdomo UTIL Ryan Waldschmidt UTIL Gavin Sheets UTIL Tim Tawa,,,
3446,5209984189,KGould86 (12/20),0,9.175,CPT Kohl Drake UTIL Corbin Carroll UTIL Nolan Arenado UTIL Max Kepler UTIL Ryan Waldschmidt UTIL Gavin Sheets,,,
3446,5210069782,rsumrall (19/20),0,9.175,CPT Kohl Drake UTIL Corbin Carroll UTIL Geraldo Perdomo UTIL Ryan Waldschmidt UTIL Gavin Sheets UTIL Tim Tawa,,,
3446,5210438351,JaserD (7/20),0,9.175,CPT Kohl Drake UTIL Corbin Carroll UTIL Geraldo Perdomo UTIL Ryan Waldschmidt UTIL Gavin Sheets UTIL Tim Tawa,,,
3454,5210541920,zachdaddy (14/20),0,8.95,CPT Lars Nootbaar UTIL Kohl Drake UTIL Ketel Marte UTIL Geraldo Perdomo UTIL Nolan Arenado UTIL Gavin Sheets,,,
3455,5210549059,terminator31 (6/20),0,8.45,CPT Nolan Arenado UTIL Kohl Drake UTIL Manny Machado UTIL Geraldo Perdomo UTIL Max Kepler UTIL Ryan Waldschmidt,,,
3456,5209559481,shuzz32420,0,7.45,CPT Geraldo Perdomo UTIL Kohl Drake UTIL Ketel Marte UTIL Lars Nootbaar UTIL Ryan Waldschmidt UTIL Gavin Sheets,,,
3456,5210025690,LTskelter (17/20),0,7.45,CPT Nolan Arenado UTIL Kohl Drake UTIL Ketel Marte UTIL Geraldo Perdomo UTIL Lars Nootbaar UTIL Gavin Sheets,,,
3458,5209902696,niquisition (8/20),0,7.175,CPT Kohl Drake UTIL Ketel Marte UTIL Geraldo Perdomo UTIL Lars Nootbaar UTIL Ryan Waldschmidt UTIL Gavin Sheets,,,
3458,5209985453,sbolomo (5/20),0,7.175,CPT Kohl Drake UTIL Ketel Marte UTIL Geraldo Perdomo UTIL Max Kepler UTIL Ryan Waldschmidt UTIL Gavin Sheets,,,
3458,5210092887,chrispy2005 (11/20),0,7.175,CPT Kohl Drake UTIL Ketel Marte UTIL Geraldo Perdomo UTIL Lars Nootbaar UTIL Ryan Waldschmidt UTIL Gavin Sheets,,,
3458,5210263955,UniversalFriend (19/20),0,7.175,CPT Kohl Drake UTIL Ketel Marte UTIL Geraldo Perdomo UTIL Lars Nootbaar UTIL Ryan Waldschmidt UTIL Gavin Sheets,,,
3458,5210345608,kbrisacher (4/20),0,7.175,CPT Kohl Drake UTIL Ketel Marte UTIL Geraldo Perdomo UTIL Lars Nootbaar UTIL Ryan Waldschmidt UTIL Gavin Sheets,,,
3458,5210539663,Oxyfide,0,7.175,CPT Kohl Drake UTIL Ketel Marte UTIL Geraldo Perdomo UTIL Lars Nootbaar UTIL Ryan Waldschmidt UTIL Gavin Sheets,,,
3458,5210540291,jwclark311 (17/20),0,7.175,CPT Kohl Drake UTIL Ketel Marte UTIL Geraldo Perdomo UTIL Lars Nootbaar UTIL Ryan Waldschmidt UTIL Gavin Sheets,,,
3458,5210582513,jrice54 (7/20),0,7.175,CPT Kohl Drake UTIL Ketel Marte UTIL Geraldo Perdomo UTIL Lars Nootbaar UTIL Ryan Waldschmidt UTIL Gavin Sheets,,,
3458,5210662603,HC0023 (3/20),0,7.175,CPT Kohl Drake UTIL Ketel Marte UTIL Nolan Arenado UTIL Lars Nootbaar UTIL Ryan Waldschmidt UTIL Gavin Sheets,,,
3458,5210673523,joeyduece09 (1/9),0,7.175,CPT Kohl Drake UTIL Ketel Marte UTIL Geraldo Perdomo UTIL Max Kepler UTIL Ryan Waldschmidt UTIL Gavin Sheets,,,
3468,5209837511,Turbofurbo,0,0,,,,
3468,5209918408,piotrj10 (18/20),0,0,,,,
3468,5209918409,piotrj10 (19/20),0,0,,,,
3468,5209918410,piotrj10 (20/20),0,0,,,,
3468,5209935476,tbjones2121 (1/20),0,0,,,,
3468,5209935477,tbjones2121 (2/20),0,0,,,,
3468,5209935478,tbjones2121 (3/20),0,0,,,,
3468,5209935479,tbjones2121 (4/20),0,0,,,,
3468,5209935480,tbjones2121 (5/20),0,0,,,,
3468,5209935481,tbjones2121 (6/20),0,0,,,,
3468,5209935482,tbjones2121 (7/20),0,0,,,,
3468,5209935483,tbjones2121 (8/20),0,0,,,,
3468,5209935484,tbjones2121 (9/20),0,0,,,,
3468,5209935485,tbjones2121 (10/20),0,0,,,,
3468,5209935486,tbjones2121 (11/20),0,0,,,,
3468,5209935487,tbjones2121 (12/20),0,0,,,,
3468,5209935488,tbjones2121 (13/20),0,0,,,,
3468,5209935489,tbjones2121 (14/20),0,0,,,,
3468,5209935490,tbjones2121 (15/20),0,0,,,,
3468,5209935491,tbjones2121 (16/20),0,0,,,,
3468,5209935492,tbjones2121 (17/20),0,0,,,,
3468,5209935493,tbjones2121 (18/20),0,0,,,,
3468,5209935494,tbjones2121 (19/20),0,0,,,,
3468,5209935495,tbjones2121 (20/20),0,0,,,,
3468,5209980614,squeels1111,0,0,,,,
3468,5210011966,krupstef,0,0,,,,
3468,5210059385,Lostnspace137,0,0,,,,
3468,5210070491,Caryg07 (1/20),0,0,,,,
3468,5210070492,Caryg07 (2/20),0,0,,,,
3468,5210070493,Caryg07 (3/20),0,0,,,,
3468,5210070494,Caryg07 (4/20),0,0,,,,
3468,5210070495,Caryg07 (5/20),0,0,,,,
3468,5210070496,Caryg07 (6/20),0,0,,,,
3468,5210070497,Caryg07 (7/20),0,0,,,,
3468,5210070498,Caryg07 (8/20),0,0,,,,
3468,5210070499,Caryg07 (9/20),0,0,,,,
3468,5210070500,Caryg07 (10/20),0,0,,,,
3468,5210070501,Caryg07 (11/20),0,0,,,,
3468,5210070502,Caryg07 (12/20),0,0,,,,
3468,5210070503,Caryg07 (13/20),0,0,,,,
3468,5210070504,Caryg07 (14/20),0,0,,,,
3468,5210070505,Caryg07 (15/20),0,0,,,,
3468,5210070506,Caryg07 (16/20),0,0,,,,
3468,5210070507,Caryg07 (17/20),0,0,,,,
3468,5210070508,Caryg07 (18/20),0,0,,,,
3468,5210070509,Caryg07 (19/20),0,0,,,,
3468,5210070510,Caryg07 (20/20),0,0,,,,
3468,5210090394,jgerrard2,0,0,,,,
3468,5210243002,Watchib (1/3),0,0,,,,
3468,5210247946,jimbo484848,0,0,,,,
3468,5210249918,Watchib (2/3),0,0,,,,
3468,5210249929,Watchib (3/3),0,0,,,,
3468,5210286406,riverrat304,0,0,,,,
3468,5210337443,USMBrad14 (1/20),0,0,,,,
3468,5210337444,USMBrad14 (2/20),0,0,,,,
3468,5210337445,USMBrad14 (3/20),0,0,,,,
3468,5210337446,USMBrad14 (4/20),0,0,,,,
3468,5210337447,USMBrad14 (5/20),0,0,,,,
3468,5210337448,USMBrad14 (6/20),0,0,,,,
3468,5210337449,USMBrad14 (7/20),0,0,,,,
3468,5210337450,USMBrad14 (8/20),0,0,,,,
3468,5210337451,USMBrad14 (9/20),0,0,,,,
3468,5210337452,USMBrad14 (10/20),0,0,,,,
3468,5210337453,USMBrad14 (11/20),0,0,,,,
3468,5210337454,USMBrad14 (12/20),0,0,,,,
3468,5210337455,USMBrad14 (13/20),0,0,,,,
3468,5210337456,USMBrad14 (14/20),0,0,,,,
3468,5210337457,USMBrad14 (15/20),0,0,,,,
3468,5210337458,USMBrad14 (16/20),0,0,,,,
3468,5210337459,USMBrad14 (17/20),0,0,,,,
3468,5210337460,USMBrad14 (18/20),0,0,,,,
3468,5210337461,USMBrad14 (19/20),0,0,,,,
3468,5210337462,USMBrad14 (20/20),0,0,,,,
3468,5210373790,likwitdagod,0,0,,,,
3468,5210398212,Twinheighsta (1/3),0,0,,,,
3468,5210398234,Twinheighsta (2/3),0,0,,,,
3468,5210408569,Twinheighsta (3/3),0,0,,,,
3468,5210431101,skippymick,0,0,,,,
3468,5210433178,244horns244 (1/3),0,0,,,,
3468,5210433901,DutchMamba (2/2),0,0,,,,
3468,5210436300,244horns244 (2/3),0,0,,,,
3468,5210436888,244horns244 (3/3),0,0,,,,
3468,5210447424,Jimbobwae42,0,0,,,,
3468,5210472622,chiefrum,0,0,,,,
3468,5210479681,sarmy03,0,0,,,,
3468,5210489471,cheefkeef,0,0,,,,
3468,5210506183,magicJUAN81,0,0,,,,
3468,5210526605,dogman0076,0,0,,,,
3468,5210528768,Hawkswin25,0,0,,,,
3468,5210579644,wwc951,0,0,,,,
3468,5210581343,LayFonMah1618 (1/2),0,0,,,,
3468,5210599691,Tbonesgolf57,0,0,,,,
3468,5210617660,jkidd2 (1/2),0,0,,,,
3468,5210617661,jkidd2 (2/2),0,0,,,,
3468,5210627312,cruz2211 (3/3),0,0,,,,
3468,5210645716,kmartyn426,0,0,,,,
3468,5210660669,Willharps12 (1/4),0,0,,,,
3468,5210660670,Willharps12 (2/4),0,0,,,,
3468,5210660671,Willharps12 (3/4),0,0,,,,
3468,5210660672,Willharps12 (4/4),0,0,,,,
