Rank,EntryId,EntryName,TimeRemaining,Points,Lineup,,Player,Roster Position,%Drafted,FPTS
1,5222334752,2bchew,0,120,CPT Willi Castro UTIL Shohei Ohtani UTIL Freddie Freeman UTIL TJ Rumfield UTIL Teoscar Hernandez UTIL Hunter Feduccia,,Hunter Feduccia,UTIL,44.58%,6
2,5222895890,atat13 (13/20),0,118.05,CPT Willi Castro UTIL Eric Lauer UTIL Freddie Freeman UTIL Jake McCarthy UTIL Teoscar Hernandez UTIL Ezequiel Tovar,,Connor Norby,UTIL,42.89%,7
3,5223019995,DeezyDee24 (5/5),0,117.05,CPT Willi Castro UTIL Eric Lauer UTIL Shohei Ohtani UTIL TJ Rumfield UTIL Teoscar Hernandez UTIL Connor Norby,,Shohei Ohtani,UTIL,37.43%,16
4,5222735677,SpeedRacer101 (2/20),0,116,CPT Willi Castro UTIL Shohei Ohtani UTIL Jake McCarthy UTIL Kyle Tucker UTIL Teoscar Hernandez UTIL Connor Norby,,Ezequiel Tovar,UTIL,36.04%,0
5,5223033736,rfitz405,0,113.5,CPT Teoscar Hernandez UTIL Shohei Ohtani UTIL Freddie Freeman UTIL Tommy Edman UTIL Willi Castro UTIL Hunter Feduccia,,Tommy Edman,UTIL,28.34%,12
6,5223009458,DeezyDee24 (2/5),0,113.05,CPT Willi Castro UTIL Eric Lauer UTIL Cole Carrigg UTIL TJ Rumfield UTIL Tommy Edman UTIL Teoscar Hernandez,,Mookie Betts,UTIL,27.33%,0
7,5222888900,Mr.luckyGuy (4/4),0,113,CPT Willi Castro UTIL Shohei Ohtani UTIL Freddie Freeman UTIL Jake McCarthy UTIL Connor Norby UTIL Hunter Feduccia,,Max Muncy,UTIL,27.04%,5
8,5222894901,slotone (7/10),0,112.55,CPT Freddie Freeman UTIL Eric Lauer UTIL Tommy Edman UTIL Teoscar Hernandez UTIL Willi Castro UTIL Hunter Feduccia,,Jordan Beck,UTIL,26.53%,2
9,5222331940,shanemoore27 (11/20),0,110.575,CPT Eric Lauer UTIL Freddie Freeman UTIL Tommy Edman UTIL Teoscar Hernandez UTIL Willi Castro UTIL Hunter Feduccia,,Willi Castro,UTIL,26.07%,32
9,5222630292,mythicalrhymer01 (3/5),0,110.575,CPT Eric Lauer UTIL Freddie Freeman UTIL Tommy Edman UTIL Teoscar Hernandez UTIL Willi Castro UTIL Hunter Feduccia,,Teoscar Hernandez,UTIL,24.94%,19
9,5222653256,jah_586 (19/20),0,110.575,CPT Eric Lauer UTIL Freddie Freeman UTIL Tommy Edman UTIL Teoscar Hernandez UTIL Willi Castro UTIL Hunter Feduccia,,Andy Pages,UTIL,24.43%,3
12,5223025095,promomma1,0,110,CPT Shohei Ohtani UTIL Jake McCarthy UTIL Tommy Edman UTIL Teoscar Hernandez UTIL Willi Castro UTIL Hunter Feduccia,,Freddie Freeman,UTIL,24.39%,19
13,5222912332,MEGABOTT,0,107.05,CPT Tommy Edman UTIL Eric Lauer UTIL Shohei Ohtani UTIL Teoscar Hernandez UTIL Willi Castro UTIL Connor Norby,,Eric Lauer,UTIL,22.41%,15.05
13,5223004711,jomo1313 (1/2),0,107.05,CPT Tommy Edman UTIL Eric Lauer UTIL Shohei Ohtani UTIL Teoscar Hernandez UTIL Willi Castro UTIL Connor Norby,,Shohei Ohtani,CPT,20.40%,24
15,5222350664,Sammy.Boy (6/20),0,107,CPT Willi Castro UTIL Shohei Ohtani UTIL Jake McCarthy UTIL Cole Carrigg UTIL TJ Rumfield UTIL Connor Norby,,Cole Carrigg,UTIL,19.85%,7
15,5222674063,Daily_Big_Kahuna (7/8),0,107,CPT Willi Castro UTIL Shohei Ohtani UTIL Jake McCarthy UTIL Cole Carrigg UTIL TJ Rumfield UTIL Connor Norby,,Kyle Tucker,UTIL,18.80%,9
15,5222744659,chrispy2005 (1/20),0,107,CPT Willi Castro UTIL Shohei Ohtani UTIL Jake McCarthy UTIL Cole Carrigg UTIL TJ Rumfield UTIL Connor Norby,,Jake McCarthy,UTIL,17.45%,17
15,5222910825,Ezilodi (19/20),0,107,CPT Willi Castro UTIL Shohei Ohtani UTIL Jake McCarthy UTIL Cole Carrigg UTIL TJ Rumfield UTIL Connor Norby,,Eric Lauer,CPT,16.44%,22.58
15,5222979566,bnance82 (16/20),0,107,CPT Willi Castro UTIL Shohei Ohtani UTIL Jake McCarthy UTIL Cole Carrigg UTIL TJ Rumfield UTIL Connor Norby,,TJ Rumfield,UTIL,11.98%,12
20,5223011194,wculler34 (4/20),0,106.05,CPT Tommy Edman UTIL Eric Lauer UTIL Shohei Ohtani UTIL Teoscar Hernandez UTIL Willi Castro UTIL Hunter Feduccia,,Max Muncy,CPT,9.84%,7.5
21,5222895894,atat13 (17/20),0,105.5,CPT Freddie Freeman UTIL Jake McCarthy UTIL Kyle Tucker UTIL Teoscar Hernandez UTIL Willi Castro UTIL Ezequiel Tovar,,Braxton Fulford,UTIL,9.76%,3
21,5223028557,Baytosd,0,105.5,CPT Teoscar Hernandez UTIL Jake McCarthy UTIL Kyle Tucker UTIL Cole Carrigg UTIL Tommy Edman UTIL Willi Castro,,Andy Pages,CPT,8.37%,4.5
21,5223038688,divertimhall,0,105.5,CPT Freddie Freeman UTIL Jake McCarthy UTIL Kyle Tucker UTIL Teoscar Hernandez UTIL Willi Castro UTIL Ezequiel Tovar,,Ryan Feltner,UTIL,7.40%,-3.35
24,5222695223,LoganDFS812 (18/20),0,105,CPT Willi Castro UTIL Freddie Freeman UTIL Max Muncy UTIL Tommy Edman UTIL Teoscar Hernandez UTIL Jordan Beck,,Ryan Feltner,CPT,6.43%,-5.03
25,5221975526,longduckdoong (2/3),0,104.575,CPT Eric Lauer UTIL Freddie Freeman UTIL Tommy Edman UTIL Teoscar Hernandez UTIL Willi Castro UTIL Ezequiel Tovar,,Mickey Moniak,UTIL,6.39%,0
25,5222895883,atat13 (6/20),0,104.575,CPT Eric Lauer UTIL Freddie Freeman UTIL Tommy Edman UTIL Teoscar Hernandez UTIL Willi Castro UTIL Ezequiel Tovar,,Mookie Betts,CPT,5.68%,0
27,5222324675,dahoward1974 (9/10),0,104.55,CPT Teoscar Hernandez UTIL Eric Lauer UTIL Jake McCarthy UTIL Kyle Tucker UTIL Willi Castro UTIL Braxton Fulford,,Freddie Freeman,CPT,4.88%,28.5
27,5223017176,nealjwells71 (15/20),0,104.55,CPT Kyle Tucker UTIL Eric Lauer UTIL Freddie Freeman UTIL Teoscar Hernandez UTIL Willi Castro UTIL Hunter Feduccia,,Jake McCarthy,CPT,3.45%,25.5
29,5222681453,hatdaddy (9/20),0,104.5,CPT Freddie Freeman UTIL Jake McCarthy UTIL Kyle Tucker UTIL TJ Rumfield UTIL Willi Castro UTIL Hunter Feduccia,,Cole Carrigg,CPT,3.07%,10.5
30,5222326524,wwc951 (12/20),0,104,CPT Tommy Edman UTIL Shohei Ohtani UTIL Freddie Freeman UTIL Teoscar Hernandez UTIL Willi Castro UTIL Ezequiel Tovar,,Kyle Tucker,CPT,2.99%,13.5
30,5222708386,jdebacker (3/3),0,104,CPT Tommy Edman UTIL Shohei Ohtani UTIL Freddie Freeman UTIL Teoscar Hernandez UTIL Willi Castro UTIL Ezequiel Tovar,,Tommy Edman,CPT,2.69%,18
32,5222133670,RFinch_Kings (1/2),0,103,CPT Tommy Edman UTIL Shohei Ohtani UTIL Freddie Freeman UTIL TJ Rumfield UTIL Willi Castro UTIL Hunter Feduccia,,Willi Castro,CPT,2.69%,48
32,5222338865,tbjones2121 (12/20),0,103,CPT Ezequiel Tovar UTIL Shohei Ohtani UTIL Freddie Freeman UTIL Jake McCarthy UTIL Teoscar Hernandez UTIL Willi Castro,,Teoscar Hernandez,CPT,2.31%,28.5
32,5222342592,Snowboro (2/2),0,103,CPT Shohei Ohtani UTIL Freddie Freeman UTIL Teoscar Hernandez UTIL Willi Castro UTIL Hunter Feduccia UTIL Braxton Fulford,,Mickey Moniak,CPT,2.06%,0
32,5222735680,SpeedRacer101 (5/20),0,103,CPT Shohei Ohtani UTIL Freddie Freeman UTIL Teoscar Hernandez UTIL Willi Castro UTIL Jordan Beck UTIL Connor Norby,,Connor Norby,CPT,1.81%,10.5
32,5222924357,ParlayPimpinDon (1/4),0,103,CPT Shohei Ohtani UTIL Freddie Freeman UTIL Teoscar Hernandez UTIL Willi Castro UTIL Hunter Feduccia UTIL Braxton Fulford,,Hunter Feduccia,CPT,1.47%,9
32,5222998054,tmcbrew21 (1/2),0,103,CPT Willi Castro UTIL Shohei Ohtani UTIL Andy Pages UTIL Jake McCarthy UTIL Teoscar Hernandez UTIL Ezequiel Tovar,,Adael Amador,UTIL,1.05%,0
38,5223010060,TNeidert (18/20),0,102.5,CPT Jake McCarthy UTIL Freddie Freeman UTIL Cole Carrigg UTIL TJ Rumfield UTIL Willi Castro UTIL Connor Norby,,Jordan Beck,CPT,1.01%,3
39,5222338858,tbjones2121 (5/20),0,102,CPT Willi Castro UTIL Shohei Ohtani UTIL Jake McCarthy UTIL Cole Carrigg UTIL TJ Rumfield UTIL Jordan Beck,,TJ Rumfield,CPT,0.97%,18
39,5222350677,Sammy.Boy (19/20),0,102,CPT Shohei Ohtani UTIL Kyle Tucker UTIL Tommy Edman UTIL Teoscar Hernandez UTIL Willi Castro UTIL Hunter Feduccia,,Ezequiel Tovar,CPT,0.88%,0
39,5222611993,244horns244 (1/2),0,102,CPT Shohei Ohtani UTIL Kyle Tucker UTIL TJ Rumfield UTIL Teoscar Hernandez UTIL Willi Castro UTIL Hunter Feduccia,,Zac Veen,UTIL,0.67%,5
39,5222800439,jsh1122 (12/20),0,102,CPT Willi Castro UTIL Shohei Ohtani UTIL Jake McCarthy UTIL Cole Carrigg UTIL TJ Rumfield UTIL Jordan Beck,,Miguel Rojas,UTIL,0.55%,0
39,5222940867,Runninrebel02,0,102,CPT Willi Castro UTIL Shohei Ohtani UTIL Max Muncy UTIL Cole Carrigg UTIL Teoscar Hernandez UTIL Connor Norby,,Hyeseong Kim,UTIL,0.34%,0
39,5222996820,12s1st,0,102,CPT Shohei Ohtani UTIL Kyle Tucker UTIL Tommy Edman UTIL Teoscar Hernandez UTIL Willi Castro UTIL Hunter Feduccia,,Kike Hernandez,UTIL,0.34%,0
45,5222615827,Edgitt116 (3/8),0,101.575,CPT Eric Lauer UTIL Jake McCarthy UTIL Kyle Tucker UTIL Teoscar Hernandez UTIL Willi Castro UTIL Jordan Beck,,Troy Johnston,UTIL,0.29%,0
45,5223019384,DeezyDee24 (4/5),0,101.575,CPT Eric Lauer UTIL Jake McCarthy UTIL Kyle Tucker UTIL Teoscar Hernandez UTIL Willi Castro UTIL Jordan Beck,,Brett Sullivan,UTIL,0.25%,0
47,5222621668,denisallred (1/2),0,101.05,CPT Shohei Ohtani UTIL Eric Lauer UTIL Jake McCarthy UTIL Willi Castro UTIL Connor Norby UTIL Hunter Feduccia,,Alex Call,UTIL,0.21%,0
47,5222967545,BigSickSone (2/2),0,101.05,CPT Shohei Ohtani UTIL Eric Lauer UTIL Jake McCarthy UTIL Willi Castro UTIL Connor Norby UTIL Hunter Feduccia,,Alek Thomas,UTIL,0.21%,0
47,5223023642,shacky,0,101.05,CPT Shohei Ohtani UTIL Eric Lauer UTIL Jake McCarthy UTIL Willi Castro UTIL Connor Norby UTIL Hunter Feduccia,,Chad Stevens,UTIL,0.17%,0
50,5222441028,sam6409,0,101,CPT Shohei Ohtani UTIL Cole Carrigg UTIL Tommy Edman UTIL Teoscar Hernandez UTIL Willi Castro UTIL Connor Norby,,Adael Amador,CPT,0.17%,0
50,5222939239,hawk35 (1/2),0,101,CPT Shohei Ohtani UTIL Cole Carrigg UTIL Tommy Edman UTIL Teoscar Hernandez UTIL Willi Castro UTIL Connor Norby,,Braxton Fulford,CPT,0.17%,4.5
50,5223006448,BUCBAIT,0,101,CPT Shohei Ohtani UTIL Cole Carrigg UTIL Tommy Edman UTIL Teoscar Hernandez UTIL Willi Castro UTIL Connor Norby,,Ryan Ward,UTIL,0.17%,0
50,5223035564,mknapke,0,101,CPT Shohei Ohtani UTIL Cole Carrigg UTIL Tommy Edman UTIL Teoscar Hernandez UTIL Willi Castro UTIL Connor Norby,,Ben Rortvedt,UTIL,0.17%,0
54,5222686348,dragonsoldier23 (1/3),0,100.575,CPT Eric Lauer UTIL Shohei Ohtani UTIL Jake McCarthy UTIL Willi Castro UTIL Connor Norby UTIL Hunter Feduccia,,Tanner Scott,UTIL,0.17%,-0.2
55,5223027905,Ajay1030,0,100.5,CPT Freddie Freeman UTIL Shohei Ohtani UTIL Jake McCarthy UTIL Willi Castro UTIL Connor Norby UTIL Ezequiel Tovar,,Jack Dreyer,UTIL,0.08%,5.65
56,5222418821,partypats,0,100,CPT Shohei Ohtani UTIL Freddie Freeman UTIL Tommy Edman UTIL Willi Castro UTIL Connor Norby UTIL Hunter Feduccia,,Brennan Bernardino,UTIL,0.08%,0
56,5222442355,kpmonahan,0,100,CPT Shohei Ohtani UTIL Cole Carrigg UTIL TJ Rumfield UTIL Teoscar Hernandez UTIL Willi Castro UTIL Hunter Feduccia,,Kris Bryant,UTIL,0.04%,0
56,5222921453,Blitzburgh2023 (2/3),0,100,CPT Willi Castro UTIL Shohei Ohtani UTIL Mickey Moniak UTIL Jake McCarthy UTIL Teoscar Hernandez UTIL Ezequiel Tovar,,Jonathan Hernandez,UTIL,0.04%,0
56,5223009983,kavonte40 (2/2),0,100,CPT Shohei Ohtani UTIL Cole Carrigg UTIL Tommy Edman UTIL Teoscar Hernandez UTIL Willi Castro UTIL Hunter Feduccia,,TJ Shook,UTIL,0.04%,0
60,5222839711,Jison,0,99.8,CPT Willi Castro UTIL Shohei Ohtani UTIL Mickey Moniak UTIL Jake McCarthy UTIL Teoscar Hernandez UTIL Tanner Scott,,Jimmy Herget,UTIL,0.04%,4.25
61,5222941450,timbo67 (1/3),0,99.575,CPT Eric Lauer UTIL Jake McCarthy UTIL Kyle Tucker UTIL Tommy Edman UTIL Willi Castro UTIL Connor Norby,,Nick Frasso,UTIL,0.04%,0
61,5222953678,dukeman25,0,99.575,CPT Eric Lauer UTIL Jake McCarthy UTIL Kyle Tucker UTIL Tommy Edman UTIL Willi Castro UTIL Connor Norby,,Ryan Ritter,UTIL,0.04%,0
63,5222895896,atat13 (19/20),0,99.5,CPT Cole Carrigg UTIL Jake McCarthy UTIL Kyle Tucker UTIL Tommy Edman UTIL Teoscar Hernandez UTIL Willi Castro,,Paul Gervase,UTIL,0.04%,0
64,5222472679,Packers5797 (2/2),0,99,CPT Shohei Ohtani UTIL Freddie Freeman UTIL Teoscar Hernandez UTIL Willi Castro UTIL Zac Veen UTIL Ezequiel Tovar,,Eliezer Alfonzo,UTIL,0.04%,0
65,5222357004,johnblum91 (1/4),0,98.55,CPT Freddie Freeman UTIL Eric Lauer UTIL Jake McCarthy UTIL Willi Castro UTIL Ezequiel Tovar UTIL Hunter Feduccia,,Chuckie Robinson,UTIL,0.04%,0
66,5222721710,mrclean913 (11/20),0,98.5,CPT Freddie Freeman UTIL Cole Carrigg UTIL TJ Rumfield UTIL Tommy Edman UTIL Willi Castro UTIL Connor Norby,,Troy Johnston,CPT,0.04%,0
66,5222735630,AACCEE14,0,98.5,CPT Freddie Freeman UTIL Jake McCarthy UTIL Kyle Tucker UTIL Tommy Edman UTIL Willi Castro UTIL Ezequiel Tovar,,Hyeseong Kim,CPT,0.04%,0
66,5222991196,ATremor (2/2),0,98.5,CPT Freddie Freeman UTIL Shohei Ohtani UTIL Teoscar Hernandez UTIL Willi Castro UTIL Ezequiel Tovar UTIL Braxton Fulford,,Jordan Romano,UTIL,0.04%,1.65
69,5223012299,nunndoo,0,98.05,CPT Willi Castro UTIL Eric Lauer UTIL Shohei Ohtani UTIL Mookie Betts UTIL Teoscar Hernandez UTIL Ezequiel Tovar,,Kyle Hurt,UTIL,0.04%,0
70,5222514623,rsumrall (14/20),0,98,CPT Shohei Ohtani UTIL Freddie Freeman UTIL Jake McCarthy UTIL Willi Castro UTIL Ezequiel Tovar UTIL Hunter Feduccia,,,
70,5223014161,jackedup21,0,98,CPT TJ Rumfield UTIL Shohei Ohtani UTIL Jake McCarthy UTIL Kyle Tucker UTIL Willi Castro UTIL Hunter Feduccia,,,
72,5222340437,blondieT,0,97.575,CPT Eric Lauer UTIL Jake McCarthy UTIL Cole Carrigg UTIL TJ Rumfield UTIL Willi Castro UTIL Connor Norby,,,
73,5223009202,j-wolf05 (19/20),0,97.5,CPT Jake McCarthy UTIL Freddie Freeman UTIL Andy Pages UTIL Tommy Edman UTIL Willi Castro UTIL Hunter Feduccia,,,
73,5223011415,fordman889,0,97.5,CPT Kyle Tucker UTIL Shohei Ohtani UTIL Jake McCarthy UTIL Teoscar Hernandez UTIL Willi Castro UTIL Ezequiel Tovar,,,
75,5222706924,tenochch,0,97.05,CPT Shohei Ohtani UTIL Eric Lauer UTIL Teoscar Hernandez UTIL Willi Castro UTIL Connor Norby UTIL Ezequiel Tovar,,,
76,5222506634,Miky1216 (4/10),0,97,CPT TJ Rumfield UTIL Shohei Ohtani UTIL Jake McCarthy UTIL Cole Carrigg UTIL Willi Castro UTIL Connor Norby,,,
76,5222666834,macattack3286,0,97,CPT Willi Castro UTIL Shohei Ohtani UTIL Freddie Freeman UTIL Max Muncy UTIL Jordan Beck UTIL Connor Norby,,,
76,5222733912,floydian80 (1/20),0,97,CPT TJ Rumfield UTIL Shohei Ohtani UTIL Jake McCarthy UTIL Cole Carrigg UTIL Willi Castro UTIL Connor Norby,,,
76,5222846673,TheFH (18/20),0,97,CPT TJ Rumfield UTIL Shohei Ohtani UTIL Max Muncy UTIL Teoscar Hernandez UTIL Willi Castro UTIL Connor Norby,,,
76,5222891217,JoeNY07 (3/5),0,97,CPT Shohei Ohtani UTIL TJ Rumfield UTIL Teoscar Hernandez UTIL Willi Castro UTIL Connor Norby UTIL Braxton Fulford,,,
76,5222921428,KelvinDubs (10/20),0,97,CPT Shohei Ohtani UTIL Freddie Freeman UTIL Kyle Tucker UTIL Willi Castro UTIL Connor Norby UTIL Hunter Feduccia,,,
82,5222968802,kbrisacher (13/20),0,96.575,CPT Eric Lauer UTIL Max Muncy UTIL Tommy Edman UTIL Teoscar Hernandez UTIL Willi Castro UTIL Hunter Feduccia,,,
83,5222766667,domxsans,0,96.5,CPT Max Muncy UTIL Freddie Freeman UTIL Tommy Edman UTIL Teoscar Hernandez UTIL Willi Castro UTIL Connor Norby,,,
83,5223022791,agiant1156 (2/5),0,96.5,CPT Connor Norby UTIL Shohei Ohtani UTIL Freddie Freeman UTIL Cole Carrigg UTIL TJ Rumfield UTIL Willi Castro,,,
83,5223024223,ammnj,0,96.5,CPT Connor Norby UTIL Shohei Ohtani UTIL Freddie Freeman UTIL Cole Carrigg UTIL Tommy Edman UTIL Willi Castro,,,
86,5222423994,Satch65 (8/20),0,96,CPT Shohei Ohtani UTIL Freddie Freeman UTIL Tommy Edman UTIL Willi Castro UTIL Jordan Beck UTIL Connor Norby,,,
86,5222541115,Stree (8/20),0,96,CPT Shohei Ohtani UTIL Kyle Tucker UTIL Tommy Edman UTIL Teoscar Hernandez UTIL Willi Castro UTIL Ezequiel Tovar,,,
86,5222895885,atat13 (8/20),0,96,CPT Shohei Ohtani UTIL Kyle Tucker UTIL Tommy Edman UTIL Teoscar Hernandez UTIL Willi Castro UTIL Ezequiel Tovar,,,
86,5223009186,j-wolf05 (3/20),0,96,CPT Willi Castro UTIL Freddie Freeman UTIL Mickey Moniak UTIL Cole Carrigg UTIL Teoscar Hernandez UTIL Braxton Fulford,,,
86,5223040571,shadowknows,0,96,CPT Shohei Ohtani UTIL Freddie Freeman UTIL Teoscar Hernandez UTIL Willi Castro UTIL Jordan Beck UTIL Ezequiel Tovar,,,
91,5222370643,Southward7 (2/2),0,95.5,CPT Jake McCarthy UTIL Cole Carrigg UTIL Mookie Betts UTIL Tommy Edman UTIL Teoscar Hernandez UTIL Willi Castro,,,
91,5222615828,Edgitt116 (4/8),0,95.5,CPT Freddie Freeman UTIL Andy Pages UTIL Cole Carrigg UTIL Teoscar Hernandez UTIL Willi Castro UTIL Hunter Feduccia,,,
91,5222630119,cobra01,0,95.5,CPT Jake McCarthy UTIL Cole Carrigg UTIL Mookie Betts UTIL TJ Rumfield UTIL Teoscar Hernandez UTIL Willi Castro,,,
91,5222695931,41frank,0,95.5,CPT Freddie Freeman UTIL Max Muncy UTIL TJ Rumfield UTIL Tommy Edman UTIL Willi Castro UTIL Hunter Feduccia,,,
91,5222895878,atat13 (1/20),0,95.5,CPT Freddie Freeman UTIL Kyle Tucker UTIL Cole Carrigg UTIL Teoscar Hernandez UTIL Willi Castro UTIL Ezequiel Tovar,,,
91,5222957128,24129669 (1/7),0,95.5,CPT Jake McCarthy UTIL Freddie Freeman UTIL Cole Carrigg UTIL TJ Rumfield UTIL Willi Castro UTIL Ezequiel Tovar,,,
91,5222961594,24129669 (2/7),0,95.5,CPT Jake McCarthy UTIL Freddie Freeman UTIL Cole Carrigg UTIL TJ Rumfield UTIL Willi Castro UTIL Ezequiel Tovar,,,
91,5222961770,24129669 (3/7),0,95.5,CPT Jake McCarthy UTIL Freddie Freeman UTIL Cole Carrigg UTIL TJ Rumfield UTIL Willi Castro UTIL Ezequiel Tovar,,,
91,5222961771,24129669 (4/7),0,95.5,CPT Jake McCarthy UTIL Freddie Freeman UTIL Cole Carrigg UTIL TJ Rumfield UTIL Willi Castro UTIL Ezequiel Tovar,,,
91,5222961775,24129669 (5/7),0,95.5,CPT Jake McCarthy UTIL Freddie Freeman UTIL Cole Carrigg UTIL TJ Rumfield UTIL Willi Castro UTIL Ezequiel Tovar,,,
91,5222961779,24129669 (6/7),0,95.5,CPT Jake McCarthy UTIL Freddie Freeman UTIL Cole Carrigg UTIL TJ Rumfield UTIL Willi Castro UTIL Ezequiel Tovar,,,
91,5222961788,24129669 (7/7),0,95.5,CPT Jake McCarthy UTIL Freddie Freeman UTIL Cole Carrigg UTIL TJ Rumfield UTIL Willi Castro UTIL Ezequiel Tovar,,,
91,5222983834,gtrusick,0,95.5,CPT Jake McCarthy UTIL Cole Carrigg UTIL Mookie Betts UTIL TJ Rumfield UTIL Teoscar Hernandez UTIL Willi Castro,,,
91,5223005241,badfish310,0,95.5,CPT Kyle Tucker UTIL Freddie Freeman UTIL Max Muncy UTIL Teoscar Hernandez UTIL Willi Castro UTIL Connor Norby,,,
91,5223025169,Bing1,0,95.5,CPT Jake McCarthy UTIL Cole Carrigg UTIL Mookie Betts UTIL TJ Rumfield UTIL Teoscar Hernandez UTIL Willi Castro,,,
106,5223037235,84flipmode (18/20),0,95.05,CPT Willi Castro UTIL Eric Lauer UTIL Shohei Ohtani UTIL Kyle Tucker UTIL Connor Norby UTIL Ezequiel Tovar,,,
107,5222259683,bazzle1968,0,95,CPT Shohei Ohtani UTIL Freddie Freeman UTIL Cole Carrigg UTIL Willi Castro UTIL Connor Norby UTIL Hunter Feduccia,,,
107,5222367239,RedDevil7,0,95,CPT Willi Castro UTIL Shohei Ohtani UTIL Max Muncy UTIL Cole Carrigg UTIL Teoscar Hernandez UTIL Ezequiel Tovar,,,
107,5222836272,Dmerkel1980,0,95,CPT Shohei Ohtani UTIL Freddie Freeman UTIL Cole Carrigg UTIL Willi Castro UTIL Connor Norby UTIL Hunter Feduccia,,,
107,5222910819,Ezilodi (13/20),0,95,CPT Shohei Ohtani UTIL Kyle Tucker UTIL TJ Rumfield UTIL Tommy Edman UTIL Willi Castro UTIL Hunter Feduccia,,,
107,5222943347,timbo67 (2/3),0,95,CPT Shohei Ohtani UTIL Jake McCarthy UTIL Kyle Tucker UTIL Willi Castro UTIL Connor Norby UTIL Hunter Feduccia,,,
107,5223010058,TNeidert (16/20),0,95,CPT Willi Castro UTIL Shohei Ohtani UTIL Freddie Freeman UTIL Andy Pages UTIL Jordan Beck UTIL Connor Norby,,,
107,5223010059,TNeidert (17/20),0,95,CPT Willi Castro UTIL Shohei Ohtani UTIL Max Muncy UTIL Mookie Betts UTIL Teoscar Hernandez UTIL Connor Norby,,,
107,5223028738,ph54417 (15/20),0,95,CPT Willi Castro UTIL Shohei Ohtani UTIL Jake McCarthy UTIL Cole Carrigg UTIL Connor Norby UTIL Ezequiel Tovar,,,
115,5222514617,rsumrall (8/20),0,94.5,CPT Cole Carrigg UTIL Shohei Ohtani UTIL Jake McCarthy UTIL Tommy Edman UTIL Willi Castro UTIL Connor Norby,,,
115,5222933554,Kenmasters7 (5/20),0,94.5,CPT Cole Carrigg UTIL Shohei Ohtani UTIL Jake McCarthy UTIL Tommy Edman UTIL Willi Castro UTIL Connor Norby,,,
115,5222935392,kudos72off (2/2),0,94.5,CPT Teoscar Hernandez UTIL Shohei Ohtani UTIL Andy Pages UTIL Kyle Tucker UTIL Willi Castro UTIL Hunter Feduccia,,,
118,5223011195,wculler34 (5/20),0,94.05,CPT Hunter Feduccia UTIL Eric Lauer UTIL Shohei Ohtani UTIL Andy Pages UTIL Teoscar Hernandez UTIL Willi Castro,,,
119,5222632184,blazer1sd,0,94,CPT Shohei Ohtani UTIL Mookie Betts UTIL Tommy Edman UTIL Teoscar Hernandez UTIL Willi Castro UTIL Connor Norby,,,
119,5222733924,floydian80 (13/20),0,94,CPT Willi Castro UTIL Shohei Ohtani UTIL Max Muncy UTIL Cole Carrigg UTIL Tommy Edman UTIL Hunter Feduccia,,,
119,5222814814,anthjimen (5/6),0,94,CPT Shohei Ohtani UTIL Mookie Betts UTIL Tommy Edman UTIL Teoscar Hernandez UTIL Willi Castro UTIL Connor Norby,,,
119,5222892469,corms0063,0,94,CPT Shohei Ohtani UTIL Mookie Betts UTIL Tommy Edman UTIL Teoscar Hernandez UTIL Willi Castro UTIL Connor Norby,,,
119,5222953049,PakerFansKiller,0,94,CPT Shohei Ohtani UTIL Cole Carrigg UTIL TJ Rumfield UTIL Teoscar Hernandez UTIL Willi Castro UTIL Ezequiel Tovar,,,
119,5222955043,dwall09,0,94,CPT Shohei Ohtani UTIL Cole Carrigg UTIL TJ Rumfield UTIL Teoscar Hernandez UTIL Willi Castro UTIL Ezequiel Tovar,,,
119,5223017155,toddio,0,94,CPT Willi Castro UTIL Freddie Freeman UTIL Andy Pages UTIL Jake McCarthy UTIL Cole Carrigg UTIL Ezequiel Tovar,,,
126,5222800446,jsh1122 (19/20),0,93.5,CPT Teoscar Hernandez UTIL Shohei Ohtani UTIL Andy Pages UTIL Cole Carrigg UTIL Willi Castro UTIL Connor Norby,,,
126,5222846669,TheFH (14/20),0,93.5,CPT Kyle Tucker UTIL Jake McCarthy UTIL Mookie Betts UTIL Tommy Edman UTIL Teoscar Hernandez UTIL Willi Castro,,,
126,5223009199,j-wolf05 (16/20),0,93.5,CPT Teoscar Hernandez UTIL Jake McCarthy UTIL Kyle Tucker UTIL Cole Carrigg UTIL Mookie Betts UTIL Willi Castro,,,
129,5222338113,MoneyRamirez (2/4),0,93,CPT Willi Castro UTIL Shohei Ohtani UTIL Andy Pages UTIL Cole Carrigg UTIL Tommy Edman UTIL Connor Norby,,,
129,5222695222,LoganDFS812 (17/20),0,93,CPT Willi Castro UTIL Shohei Ohtani UTIL Max Muncy UTIL Jake McCarthy UTIL Connor Norby UTIL Ezequiel Tovar,,,
129,5222855715,Roufio (2/6),0,93,CPT Willi Castro UTIL Shohei Ohtani UTIL Freddie Freeman UTIL Andy Pages UTIL Connor Norby UTIL Ezequiel Tovar,,,
129,5222916126,Steven_1974 (11/20),0,93,CPT Willi Castro UTIL Freddie Freeman UTIL Mickey Moniak UTIL Cole Carrigg UTIL TJ Rumfield UTIL Connor Norby,,,
129,5223002506,keithmathwhizz,0,93,CPT Willi Castro UTIL Shohei Ohtani UTIL Andy Pages UTIL Cole Carrigg UTIL Tommy Edman UTIL Connor Norby,,,
129,5223010057,TNeidert (15/20),0,93,CPT TJ Rumfield UTIL Andy Pages UTIL Kyle Tucker UTIL Tommy Edman UTIL Teoscar Hernandez UTIL Willi Castro,,,
135,5223034952,DanL79,0,92.575,CPT Eric Lauer UTIL Max Muncy UTIL Tommy Edman UTIL Teoscar Hernandez UTIL Willi Castro UTIL Jordan Beck,,,
136,5223012630,rgranato,0,92.55,CPT Freddie Freeman UTIL Eric Lauer UTIL TJ Rumfield UTIL Willi Castro UTIL Jordan Beck UTIL Braxton Fulford,,,
136,5223015713,Steelers1933530 (11/15),0,92.55,CPT Max Muncy UTIL Eric Lauer UTIL Tommy Edman UTIL Teoscar Hernandez UTIL Willi Castro UTIL Connor Norby,,,
138,5222315027,Sportsgarage88888 (3/5),0,92.5,CPT Max Muncy UTIL Shohei Ohtani UTIL Tommy Edman UTIL Teoscar Hernandez UTIL Willi Castro UTIL Hunter Feduccia,,,
138,5222439456,LTskelter (6/20),0,92.5,CPT Jake McCarthy UTIL Freddie Freeman UTIL Kyle Tucker UTIL Cole Carrigg UTIL Willi Castro UTIL Ezequiel Tovar,,,
138,5222514628,rsumrall (19/20),0,92.5,CPT Freddie Freeman UTIL Shohei Ohtani UTIL Cole Carrigg UTIL Willi Castro UTIL Jordan Beck UTIL Connor Norby,,,
138,5222615585,jwclark311 (18/20),0,92.5,CPT Max Muncy UTIL Shohei Ohtani UTIL Tommy Edman UTIL Teoscar Hernandez UTIL Willi Castro UTIL Hunter Feduccia,,,
138,5222681456,hatdaddy (12/20),0,92.5,CPT Kyle Tucker UTIL Freddie Freeman UTIL Andy Pages UTIL Teoscar Hernandez UTIL Willi Castro UTIL Hunter Feduccia,,,
138,5222735695,SpeedRacer101 (20/20),0,92.5,CPT Connor Norby UTIL Shohei Ohtani UTIL Max Muncy UTIL Jake McCarthy UTIL TJ Rumfield UTIL Willi Castro,,,
138,5222745047,chrispy2005 (12/20),0,92.5,CPT Max Muncy UTIL Shohei Ohtani UTIL Tommy Edman UTIL Teoscar Hernandez UTIL Willi Castro UTIL Hunter Feduccia,,,
138,5222895884,atat13 (7/20),0,92.5,CPT Jake McCarthy UTIL Freddie Freeman UTIL Kyle Tucker UTIL Cole Carrigg UTIL Willi Castro UTIL Ezequiel Tovar,,,
146,5222375910,foutah (4/5),0,92.2,CPT Connor Norby UTIL Eric Lauer UTIL Ryan Feltner UTIL Freddie Freeman UTIL Teoscar Hernandez UTIL Willi Castro,,,
147,5223027439,84flipmode (9/20),0,92.15,CPT Jake McCarthy UTIL Ryan Feltner UTIL TJ Rumfield UTIL Teoscar Hernandez UTIL Willi Castro UTIL Connor Norby,,,
148,5222389900,hatchii112,0,92.05,CPT Shohei Ohtani UTIL Eric Lauer UTIL Tommy Edman UTIL Willi Castro UTIL Jordan Beck UTIL Connor Norby,,,
148,5222587302,Thomdril_terlanis,0,92.05,CPT Shohei Ohtani UTIL Eric Lauer UTIL Tommy Edman UTIL Willi Castro UTIL Hunter Feduccia UTIL Braxton Fulford,,,
150,5222422879,Caryg07 (20/20),0,92,CPT Willi Castro UTIL Shohei Ohtani UTIL Mickey Moniak UTIL Cole Carrigg UTIL Teoscar Hernandez UTIL Jordan Beck,,,
150,5223004439,Nellie64,0,92,CPT Shohei Ohtani UTIL Freddie Freeman UTIL Kyle Tucker UTIL Willi Castro UTIL Jordan Beck UTIL Hunter Feduccia,,,
152,5222819084,vargas505,0,91.575,CPT Eric Lauer UTIL Shohei Ohtani UTIL Teoscar Hernandez UTIL Willi Castro UTIL Jordan Beck UTIL Ezequiel Tovar,,,
153,5222880536,ballgame1881 (1/20),0,91.55,CPT Teoscar Hernandez UTIL Eric Lauer UTIL Shohei Ohtani UTIL Freddie Freeman UTIL Connor Norby UTIL Hunter Feduccia,,,
154,5222441789,lango22,0,91.5,CPT Kyle Tucker UTIL Andy Pages UTIL TJ Rumfield UTIL Tommy Edman UTIL Teoscar Hernandez UTIL Willi Castro,,,
154,5223007503,eking4213 (5/20),0,91.5,CPT Max Muncy UTIL Freddie Freeman UTIL Tommy Edman UTIL Teoscar Hernandez UTIL Willi Castro UTIL Jordan Beck,,,
154,5223035908,bassguy39 (6/6),0,91.5,CPT Freddie Freeman UTIL Jake McCarthy UTIL Kyle Tucker UTIL Tommy Edman UTIL Teoscar Hernandez UTIL Hunter Feduccia,,,
157,5222721717,mrclean913 (18/20),0,91.05,CPT Mookie Betts UTIL Eric Lauer UTIL Freddie Freeman UTIL Teoscar Hernandez UTIL Willi Castro UTIL Hunter Feduccia,,,
158,5222723863,Nate.tumbleson,0,91,CPT Willi Castro UTIL Max Muncy UTIL Cole Carrigg UTIL Mookie Betts UTIL Tommy Edman UTIL Teoscar Hernandez,,,
158,5223031737,137666 (2/3),0,91,CPT Shohei Ohtani UTIL Max Muncy UTIL Jake McCarthy UTIL Willi Castro UTIL Connor Norby UTIL Hunter Feduccia,,,
160,5222331942,shanemoore27 (13/20),0,90.5,CPT Jake McCarthy UTIL Freddie Freeman UTIL Cole Carrigg UTIL Mookie Betts UTIL Willi Castro UTIL Connor Norby,,,
160,5222439528,david1836,0,90.5,CPT Cole Carrigg UTIL Shohei Ohtani UTIL Freddie Freeman UTIL Willi Castro UTIL Connor Norby UTIL Hunter Feduccia,,,
160,5222800444,jsh1122 (17/20),0,90.5,CPT Jake McCarthy UTIL Freddie Freeman UTIL Cole Carrigg UTIL Mookie Betts UTIL Willi Castro UTIL Connor Norby,,,
160,5223022007,mrichter22 (2/2),0,90.5,CPT Freddie Freeman UTIL Kyle Tucker UTIL Cole Carrigg UTIL Tommy Edman UTIL Willi Castro UTIL Jordan Beck,,,
164,5222924669,ParlayPimpinDon (2/4),0,90.05,CPT Shohei Ohtani UTIL Eric Lauer UTIL Tommy Edman UTIL Willi Castro UTIL Connor Norby UTIL Ezequiel Tovar,,,
164,5223021684,tportiguee,0,90.05,CPT Willi Castro UTIL Eric Lauer UTIL Andy Pages UTIL Jake McCarthy UTIL Mookie Betts UTIL Connor Norby,,,
164,5223028737,ph54417 (14/20),0,90.05,CPT Willi Castro UTIL Eric Lauer UTIL Andy Pages UTIL Jake McCarthy UTIL Cole Carrigg UTIL Ezequiel Tovar,,,
164,5223028743,ph54417 (20/20),0,90.05,CPT Willi Castro UTIL Eric Lauer UTIL Andy Pages UTIL Jake McCarthy UTIL Cole Carrigg UTIL Ezequiel Tovar,,,
168,5222392200,goofybh207 (1/3),0,90,CPT Willi Castro UTIL Shohei Ohtani UTIL Mickey Moniak UTIL Jake McCarthy UTIL Jordan Beck UTIL Connor Norby,,,
168,5222735690,SpeedRacer101 (15/20),0,90,CPT Tommy Edman UTIL Shohei Ohtani UTIL Jake McCarthy UTIL Cole Carrigg UTIL Willi Castro UTIL Ezequiel Tovar,,,
168,5222745043,chrispy2005 (8/20),0,90,CPT Tommy Edman UTIL Shohei Ohtani UTIL Jake McCarthy UTIL Cole Carrigg UTIL Willi Castro UTIL Ezequiel Tovar,,,
168,5222745045,chrispy2005 (10/20),0,90,CPT Shohei Ohtani UTIL Freddie Freeman UTIL Cole Carrigg UTIL Willi Castro UTIL Jordan Beck UTIL Hunter Feduccia,,,
168,5222800115,Mr.luckyGuy (3/4),0,90,CPT Hunter Feduccia UTIL Shohei Ohtani UTIL Jake McCarthy UTIL Kyle Tucker UTIL Willi Castro UTIL Connor Norby,,,
173,5223015705,Steelers1933530 (3/15),0,89.575,CPT Eric Lauer UTIL Kyle Tucker UTIL Cole Carrigg UTIL Tommy Edman UTIL Willi Castro UTIL Connor Norby,,,
174,5222913787,murrayjhm,0,89.5,CPT Teoscar Hernandez UTIL Mickey Moniak UTIL Jake McCarthy UTIL Mookie Betts UTIL Tommy Edman UTIL Willi Castro,,,
174,5223003990,jgray79,0,89.5,CPT Connor Norby UTIL Shohei Ohtani UTIL Freddie Freeman UTIL Mookie Betts UTIL TJ Rumfield UTIL Willi Castro,,,
174,5223019632,gsatterfield13,0,89.5,CPT Max Muncy UTIL Freddie Freeman UTIL TJ Rumfield UTIL Tommy Edman UTIL Willi Castro UTIL Connor Norby,,,
174,5223028947,48jthorpe48 (4/5),0,89.5,CPT Cole Carrigg UTIL Freddie Freeman UTIL Kyle Tucker UTIL Teoscar Hernandez UTIL Willi Castro UTIL Ezequiel Tovar,,,
178,5222802900,cwthrow24 (12/20),0,89.225006,CPT Eric Lauer UTIL Ryan Feltner UTIL TJ Rumfield UTIL Teoscar Hernandez UTIL Willi Castro UTIL Connor Norby,,,
179,5222314828,dahoward1974 (1/10),0,89,CPT Shohei Ohtani UTIL Mookie Betts UTIL Tommy Edman UTIL Teoscar Hernandez UTIL Willi Castro UTIL Jordan Beck,,,
179,5222457992,wins13,0,89,CPT Shohei Ohtani UTIL Mookie Betts UTIL Tommy Edman UTIL Teoscar Hernandez UTIL Willi Castro UTIL Jordan Beck,,,
179,5222654304,Akastning (2/3),0,89,CPT Willi Castro UTIL Freddie Freeman UTIL Max Muncy UTIL Jake McCarthy UTIL Mookie Betts UTIL Ezequiel Tovar,,,
179,5222674061,Daily_Big_Kahuna (5/8),0,89,CPT Shohei Ohtani UTIL Freddie Freeman UTIL Cole Carrigg UTIL Willi Castro UTIL Connor Norby UTIL Ezequiel Tovar,,,
179,5222757542,austin60915 (20/20),0,89,CPT Mookie Betts UTIL Jake McCarthy UTIL Kyle Tucker UTIL Tommy Edman UTIL Teoscar Hernandez UTIL Willi Castro,,,
179,5222847274,gratefulwalker,0,89,CPT Mookie Betts UTIL Jake McCarthy UTIL Kyle Tucker UTIL Tommy Edman UTIL Teoscar Hernandez UTIL Willi Castro,,,
179,5222910810,Ezilodi (4/20),0,89,CPT Shohei Ohtani UTIL Freddie Freeman UTIL Cole Carrigg UTIL Willi Castro UTIL Connor Norby UTIL Ezequiel Tovar,,,
179,5222940303,acdcrocks915,0,89,CPT Shohei Ohtani UTIL Freddie Freeman UTIL Cole Carrigg UTIL Willi Castro UTIL Connor Norby UTIL Ezequiel Tovar,,,
179,5222940318,hawk35 (2/2),0,89,CPT Jordan Beck UTIL Shohei Ohtani UTIL Freddie Freeman UTIL Cole Carrigg UTIL Tommy Edman UTIL Willi Castro,,,
179,5222943262,heybert711 (5/20),0,89,CPT Shohei Ohtani UTIL Jake McCarthy UTIL Cole Carrigg UTIL Willi Castro UTIL Jordan Beck UTIL Connor Norby,,,
179,5223018112,jennieo0395,0,89,CPT Mookie Betts UTIL Jake McCarthy UTIL Kyle Tucker UTIL Tommy Edman UTIL Teoscar Hernandez UTIL Willi Castro,,,
179,5223021916,Jantrick2,0,89,CPT Shohei Ohtani UTIL Freddie Freeman UTIL Cole Carrigg UTIL Willi Castro UTIL Connor Norby UTIL Ezequiel Tovar,,,
179,5223033803,hangar9996,0,89,CPT Tommy Edman UTIL Shohei Ohtani UTIL Kyle Tucker UTIL Cole Carrigg UTIL Willi Castro UTIL Connor Norby,,,
192,5222979555,bnance82 (5/20),0,88.7,CPT Willi Castro UTIL Eric Lauer UTIL Ryan Feltner UTIL Jake McCarthy UTIL TJ Rumfield UTIL Ezequiel Tovar,,,
193,5223011204,wculler34 (14/20),0,88.55,CPT Max Muncy UTIL Eric Lauer UTIL Kyle Tucker UTIL Teoscar Hernandez UTIL Willi Castro UTIL Hunter Feduccia,,,
194,5222338854,tbjones2121 (1/20),0,88.5,CPT Jake McCarthy UTIL Max Muncy UTIL Cole Carrigg UTIL TJ Rumfield UTIL Willi Castro UTIL Connor Norby,,,
194,5222910813,Ezilodi (7/20),0,88.5,CPT Kyle Tucker UTIL Freddie Freeman UTIL Andy Pages UTIL Teoscar Hernandez UTIL Willi Castro UTIL Jordan Beck,,,
194,5222979567,bnance82 (17/20),0,88.5,CPT Jake McCarthy UTIL Freddie Freeman UTIL Mickey Moniak UTIL Tommy Edman UTIL Willi Castro UTIL Ezequiel Tovar,,,
194,5223009189,j-wolf05 (6/20),0,88.5,CPT Jake McCarthy UTIL Kyle Tucker UTIL Cole Carrigg UTIL TJ Rumfield UTIL Willi Castro UTIL Braxton Fulford,,,
194,5223014635,mrichter22 (1/2),0,88.5,CPT Freddie Freeman UTIL Kyle Tucker UTIL Cole Carrigg UTIL Tommy Edman UTIL Willi Castro UTIL Ezequiel Tovar,,,
194,5223018181,RobertKirgan,0,88.5,CPT Freddie Freeman UTIL Kyle Tucker UTIL Cole Carrigg UTIL Tommy Edman UTIL Willi Castro UTIL Ezequiel Tovar,,,
194,5223021488,Oxyfide,0,88.5,CPT Freddie Freeman UTIL Shohei Ohtani UTIL TJ Rumfield UTIL Teoscar Hernandez UTIL Connor Norby UTIL Hunter Feduccia,,,
201,5222326526,wwc951 (14/20),0,88.05,CPT Ezequiel Tovar UTIL Eric Lauer UTIL Shohei Ohtani UTIL Freddie Freeman UTIL Willi Castro UTIL Hunter Feduccia,,,
202,5222326716,kreller17 (8/20),0,88,CPT Tommy Edman UTIL Andy Pages UTIL Kyle Tucker UTIL Cole Carrigg UTIL Teoscar Hernandez UTIL Willi Castro,,,
202,5222338873,tbjones2121 (20/20),0,88,CPT Willi Castro UTIL Freddie Freeman UTIL Max Muncy UTIL Kyle Tucker UTIL Cole Carrigg UTIL Ezequiel Tovar,,,
202,5222385837,tb2227,0,88,CPT Willi Castro UTIL Shohei Ohtani UTIL Max Muncy UTIL Cole Carrigg UTIL TJ Rumfield UTIL Ezequiel Tovar,,,
202,5222921434,KelvinDubs (16/20),0,88,CPT Willi Castro UTIL Shohei Ohtani UTIL Max Muncy UTIL Cole Carrigg UTIL TJ Rumfield UTIL Ezequiel Tovar,,,
202,5222998055,tmcbrew21 (2/2),0,88,CPT Shohei Ohtani UTIL Cole Carrigg UTIL Mookie Betts UTIL Teoscar Hernandez UTIL Willi Castro UTIL Hunter Feduccia,,,
202,5223026798,issa_breyyy,0,88,CPT Shohei Ohtani UTIL Max Muncy UTIL Teoscar Hernandez UTIL Willi Castro UTIL Jordan Beck UTIL Hunter Feduccia,,,
202,5223029062,NewEnglamdFan (4/4),0,88,CPT Shohei Ohtani UTIL Cole Carrigg UTIL Mookie Betts UTIL Teoscar Hernandez UTIL Willi Castro UTIL Hunter Feduccia,,,
209,5222844892,klb510,0,87.575,CPT Eric Lauer UTIL Freddie Freeman UTIL Max Muncy UTIL Willi Castro UTIL Jordan Beck UTIL Connor Norby,,,
210,5222581286,Featherball (2/10),0,87.55,CPT Freddie Freeman UTIL Eric Lauer UTIL Tommy Edman UTIL Teoscar Hernandez UTIL Connor Norby UTIL Hunter Feduccia,,,
210,5223015710,Steelers1933530 (8/15),0,87.55,CPT Max Muncy UTIL Eric Lauer UTIL Tommy Edman UTIL Teoscar Hernandez UTIL Willi Castro UTIL Jordan Beck,,,
212,5222315000,dahoward1974 (6/10),0,87.5,CPT Cole Carrigg UTIL Shohei Ohtani UTIL Freddie Freeman UTIL Willi Castro UTIL Connor Norby UTIL Braxton Fulford,,,
212,5222338867,tbjones2121 (14/20),0,87.5,CPT Teoscar Hernandez UTIL Shohei Ohtani UTIL Jake McCarthy UTIL Cole Carrigg UTIL Tommy Edman UTIL Connor Norby,,,
212,5223000794,umeus01 (1/2),0,87.5,CPT Cole Carrigg UTIL Shohei Ohtani UTIL Freddie Freeman UTIL Willi Castro UTIL Connor Norby UTIL Braxton Fulford,,,
212,5223000799,umeus01 (2/2),0,87.5,CPT Cole Carrigg UTIL Shohei Ohtani UTIL Freddie Freeman UTIL Willi Castro UTIL Connor Norby UTIL Braxton Fulford,,,
212,5223038281,gumpbowl,0,87.5,CPT Freddie Freeman UTIL Shohei Ohtani UTIL Kyle Tucker UTIL Willi Castro UTIL Jordan Beck UTIL Ezequiel Tovar,,,
217,5222961360,lennywe,0,87.05,CPT Shohei Ohtani UTIL Eric Lauer UTIL Kyle Tucker UTIL Willi Castro UTIL Connor Norby UTIL Ezequiel Tovar,,,
218,5222324939,Sportsgarage88888 (5/5),0,87,CPT Shohei Ohtani UTIL Mookie Betts UTIL TJ Rumfield UTIL Teoscar Hernandez UTIL Willi Castro UTIL Ezequiel Tovar,,,
218,5222591404,rams779 (2/10),0,87,CPT Willi Castro UTIL Max Muncy UTIL Andy Pages UTIL Jake McCarthy UTIL Cole Carrigg UTIL Connor Norby,,,
218,5223010429,scicle,0,87,CPT Shohei Ohtani UTIL Cole Carrigg UTIL TJ Rumfield UTIL Tommy Edman UTIL Willi Castro UTIL Ezequiel Tovar,,,
218,5223024204,hdfencekc,0,87,CPT Shohei Ohtani UTIL Freddie Freeman UTIL TJ Rumfield UTIL Teoscar Hernandez UTIL Connor Norby UTIL Hunter Feduccia,,,
222,5222302222,Turbofurbo,0,86.575,CPT Eric Lauer UTIL Shohei Ohtani UTIL Andy Pages UTIL Willi Castro UTIL Connor Norby UTIL Hunter Feduccia,,,
222,5222984854,Rogo31,0,86.575,CPT Eric Lauer UTIL Shohei Ohtani UTIL Cole Carrigg UTIL Willi Castro UTIL Jordan Beck UTIL Connor Norby,,,
224,5222326714,kreller17 (6/20),0,86.55,CPT Andy Pages UTIL Eric Lauer UTIL Kyle Tucker UTIL Teoscar Hernandez UTIL Willi Castro UTIL Connor Norby,,,
224,5222394935,Tburke34,0,86.55,CPT Teoscar Hernandez UTIL Eric Lauer UTIL Shohei Ohtani UTIL Freddie Freeman UTIL Jordan Beck UTIL Hunter Feduccia,,,
224,5222439462,LTskelter (12/20),0,86.55,CPT Andy Pages UTIL Eric Lauer UTIL Jake McCarthy UTIL Tommy Edman UTIL Willi Castro UTIL Hunter Feduccia,,,
224,5222752939,pdaly1998,0,86.55,CPT Andy Pages UTIL Eric Lauer UTIL Kyle Tucker UTIL Teoscar Hernandez UTIL Willi Castro UTIL Connor Norby,,,
224,5222757535,austin60915 (13/20),0,86.55,CPT Teoscar Hernandez UTIL Eric Lauer UTIL Shohei Ohtani UTIL Freddie Freeman UTIL Jordan Beck UTIL Hunter Feduccia,,,
229,5222431773,Hotdogfatboy (5/7),0,86.5,CPT Freddie Freeman UTIL Shohei Ohtani UTIL Jake McCarthy UTIL Teoscar Hernandez UTIL Ezequiel Tovar UTIL Hunter Feduccia,,,
229,5222611995,244horns244 (2/2),0,86.5,CPT Freddie Freeman UTIL Shohei Ohtani UTIL Jake McCarthy UTIL Teoscar Hernandez UTIL Ezequiel Tovar UTIL Hunter Feduccia,,,
229,5222745037,chrispy2005 (2/20),0,86.5,CPT Teoscar Hernandez UTIL Max Muncy UTIL Kyle Tucker UTIL Mookie Betts UTIL Tommy Edman UTIL Willi Castro,,,
229,5222910814,Ezilodi (8/20),0,86.5,CPT Teoscar Hernandez UTIL Shohei Ohtani UTIL Jake McCarthy UTIL Cole Carrigg UTIL Tommy Edman UTIL Hunter Feduccia,,,
229,5222946056,Flipdogg316,0,86.5,CPT Cole Carrigg UTIL Shohei Ohtani UTIL Kyle Tucker UTIL Tommy Edman UTIL Willi Castro UTIL Connor Norby,,,
229,5222978670,Ajay021 (2/2),0,86.5,CPT Jake McCarthy UTIL Shohei Ohtani UTIL Max Muncy UTIL Willi Castro UTIL Jordan Beck UTIL Hunter Feduccia,,,
229,5223028732,ph54417 (9/20),0,86.5,CPT Teoscar Hernandez UTIL Shohei Ohtani UTIL Andy Pages UTIL Willi Castro UTIL Connor Norby UTIL Ezequiel Tovar,,,
236,5222338862,tbjones2121 (9/20),0,86,CPT Willi Castro UTIL Shohei Ohtani UTIL Andy Pages UTIL Mookie Betts UTIL Tommy Edman UTIL Connor Norby,,,
236,5223040553,guitartjoster,0,86,CPT Tommy Edman UTIL Shohei Ohtani UTIL Jake McCarthy UTIL Kyle Tucker UTIL Teoscar Hernandez UTIL Connor Norby,,,
238,5222528223,Lostnspace137,0,85.575,CPT Eric Lauer UTIL Freddie Freeman UTIL Andy Pages UTIL Willi Castro UTIL Jordan Beck UTIL Connor Norby,,,
238,5222971971,jbari64 (1/2),0,85.575,CPT Eric Lauer UTIL Shohei Ohtani UTIL TJ Rumfield UTIL Willi Castro UTIL Ezequiel Tovar UTIL Braxton Fulford,,,
240,5222956946,thembones1970,0,85.55,CPT Kyle Tucker UTIL Eric Lauer UTIL Shohei Ohtani UTIL Willi Castro UTIL Hunter Feduccia UTIL Braxton Fulford,,,
240,5223017181,nealjwells71 (20/20),0,85.55,CPT Teoscar Hernandez UTIL Eric Lauer UTIL Shohei Ohtani UTIL Freddie Freeman UTIL Connor Norby UTIL Ezequiel Tovar,,,
242,5222326523,wwc951 (11/20),0,85.5,CPT Jake McCarthy UTIL Shohei Ohtani UTIL Mookie Betts UTIL TJ Rumfield UTIL Willi Castro UTIL Ezequiel Tovar,,,
242,5222332367,junyaaboi (1/6),0,85.5,CPT Max Muncy UTIL Andy Pages UTIL Jake McCarthy UTIL Teoscar Hernandez UTIL Willi Castro UTIL Connor Norby,,,
242,5222365155,jsw1264,0,85.5,CPT Freddie Freeman UTIL Shohei Ohtani UTIL Andy Pages UTIL Willi Castro UTIL Ezequiel Tovar UTIL Hunter Feduccia,,,
242,5222416638,Robertcotner (2/3),0,85.5,CPT Max Muncy UTIL Andy Pages UTIL Jake McCarthy UTIL Teoscar Hernandez UTIL Willi Castro UTIL Connor Norby,,,
242,5222541068,Stree (1/20),0,85.5,CPT Freddie Freeman UTIL Shohei Ohtani UTIL Mookie Betts UTIL Willi Castro UTIL Jordan Beck UTIL Connor Norby,,,
242,5222615574,jwclark311 (7/20),0,85.5,CPT Freddie Freeman UTIL Shohei Ohtani UTIL Kyle Tucker UTIL Teoscar Hernandez UTIL Connor Norby UTIL Hunter Feduccia,,,
242,5222695210,LoganDFS812 (5/20),0,85.5,CPT Freddie Freeman UTIL Max Muncy UTIL Tommy Edman UTIL Willi Castro UTIL Jordan Beck UTIL Hunter Feduccia,,,
242,5222802907,cwthrow24 (19/20),0,85.5,CPT Freddie Freeman UTIL Shohei Ohtani UTIL Cole Carrigg UTIL Willi Castro UTIL Jordan Beck UTIL Ezequiel Tovar,,,
242,5222855717,Roufio (4/6),0,85.5,CPT Freddie Freeman UTIL Shohei Ohtani UTIL Andy Pages UTIL Willi Castro UTIL Ezequiel Tovar UTIL Hunter Feduccia,,,
242,5222915641,kramah1969,0,85.5,CPT Freddie Freeman UTIL Shohei Ohtani UTIL Andy Pages UTIL Willi Castro UTIL Ezequiel Tovar UTIL Hunter Feduccia,,,
242,5222921424,KelvinDubs (6/20),0,85.5,CPT Jake McCarthy UTIL Shohei Ohtani UTIL Andy Pages UTIL Willi Castro UTIL Jordan Beck UTIL Connor Norby,,,
242,5222933561,Kenmasters7 (12/20),0,85.5,CPT Jake McCarthy UTIL Shohei Ohtani UTIL Mookie Betts UTIL Tommy Edman UTIL Willi Castro UTIL Ezequiel Tovar,,,
242,5222974926,betbetbet13,0,85.5,CPT Freddie Freeman UTIL Shohei Ohtani UTIL Andy Pages UTIL Willi Castro UTIL Ezequiel Tovar UTIL Hunter Feduccia,,,
242,5222977974,petesfinemeats,0,85.5,CPT Freddie Freeman UTIL Shohei Ohtani UTIL Mookie Betts UTIL Willi Castro UTIL Jordan Beck UTIL Connor Norby,,,
242,5222982849,JJSaenz (8/20),0,85.5,CPT Freddie Freeman UTIL Shohei Ohtani UTIL Mookie Betts UTIL Willi Castro UTIL Jordan Beck UTIL Connor Norby,,,
242,5222999749,Warr1013 (3/3),0,85.5,CPT Freddie Freeman UTIL Shohei Ohtani UTIL Mookie Betts UTIL Willi Castro UTIL Jordan Beck UTIL Connor Norby,,,
258,5222939919,msshj08 (2/5),0,85.05,CPT Shohei Ohtani UTIL Eric Lauer UTIL Cole Carrigg UTIL Willi Castro UTIL Connor Norby UTIL Ezequiel Tovar,,,
258,5222987111,jya_brads (1/3),0,85.05,CPT Willi Castro UTIL Eric Lauer UTIL Max Muncy UTIL Jake McCarthy UTIL Mookie Betts UTIL Ezequiel Tovar,,,
260,5222575364,Speed6h (1/3),0,85,CPT Tommy Edman UTIL Shohei Ohtani UTIL Max Muncy UTIL TJ Rumfield UTIL Willi Castro UTIL Jordan Beck,,,
260,5222695209,LoganDFS812 (4/20),0,85,CPT Shohei Ohtani UTIL Freddie Freeman UTIL Jake McCarthy UTIL Teoscar Hernandez UTIL Ezequiel Tovar UTIL Hunter Feduccia,,,
260,5222943269,heybert711 (12/20),0,85,CPT Shohei Ohtani UTIL Andy Pages UTIL Jake McCarthy UTIL Willi Castro UTIL Jordan Beck UTIL Connor Norby,,,
260,5222943273,heybert711 (16/20),0,85,CPT Shohei Ohtani UTIL Andy Pages UTIL Jake McCarthy UTIL Willi Castro UTIL Jordan Beck UTIL Connor Norby,,,
260,5222951049,Sunfire12,0,85,CPT Shohei Ohtani UTIL Freddie Freeman UTIL Jake McCarthy UTIL Teoscar Hernandez UTIL Ezequiel Tovar UTIL Hunter Feduccia,,,
265,5222950155,KGould86 (8/20),0,84.575,CPT Eric Lauer UTIL Andy Pages UTIL Kyle Tucker UTIL Tommy Edman UTIL Willi Castro UTIL Hunter Feduccia,,,
265,5222976315,orchard7 (1/2),0,84.575,CPT Eric Lauer UTIL Andy Pages UTIL Kyle Tucker UTIL Tommy Edman UTIL Willi Castro UTIL Hunter Feduccia,,,
267,5222857816,Daboys28904,0,84.55,CPT Kyle Tucker UTIL Eric Lauer UTIL Max Muncy UTIL Tommy Edman UTIL Willi Castro UTIL Connor Norby,,,
268,5222373459,Grit7880 (2/4),0,84.5,CPT Freddie Freeman UTIL Max Muncy UTIL Kyle Tucker UTIL Willi Castro UTIL Connor Norby UTIL Braxton Fulford,,,
268,5222514624,rsumrall (15/20),0,84.5,CPT Teoscar Hernandez UTIL Andy Pages UTIL Kyle Tucker UTIL Mookie Betts UTIL Tommy Edman UTIL Willi Castro,,,
268,5222631836,Wanna_Square_Up1567 (18/20),0,84.5,CPT Teoscar Hernandez UTIL Andy Pages UTIL Kyle Tucker UTIL Mookie Betts UTIL Tommy Edman UTIL Willi Castro,,,
268,5222684057,TimeToRumble (1/3),0,84.5,CPT Andy Pages UTIL Shohei Ohtani UTIL Freddie Freeman UTIL Willi Castro UTIL Connor Norby UTIL Hunter Feduccia,,,
268,5222695217,LoganDFS812 (12/20),0,84.5,CPT Max Muncy UTIL Freddie Freeman UTIL Cole Carrigg UTIL Teoscar Hernandez UTIL Willi Castro UTIL Ezequiel Tovar,,,
268,5222735679,SpeedRacer101 (4/20),0,84.5,CPT Teoscar Hernandez UTIL Andy Pages UTIL Kyle Tucker UTIL Mookie Betts UTIL Tommy Edman UTIL Willi Castro,,,
268,5222895886,atat13 (9/20),0,84.5,CPT Max Muncy UTIL Freddie Freeman UTIL Cole Carrigg UTIL Teoscar Hernandez UTIL Willi Castro UTIL Ezequiel Tovar,,,
268,5222910822,Ezilodi (16/20),0,84.5,CPT Andy Pages UTIL Shohei Ohtani UTIL Freddie Freeman UTIL Willi Castro UTIL Connor Norby UTIL Hunter Feduccia,,,
268,5222921432,KelvinDubs (14/20),0,84.5,CPT Andy Pages UTIL Shohei Ohtani UTIL Freddie Freeman UTIL Willi Castro UTIL Connor Norby UTIL Hunter Feduccia,,,
268,5223033489,chadshady,0,84.5,CPT Jake McCarthy UTIL Max Muncy UTIL Andy Pages UTIL TJ Rumfield UTIL Willi Castro UTIL Connor Norby,,,
278,5222841512,jabbo123 (4/20),0,84.225006,CPT Eric Lauer UTIL Ryan Feltner UTIL Tommy Edman UTIL Teoscar Hernandez UTIL Willi Castro UTIL Jordan Beck,,,
279,5222757541,austin60915 (19/20),0,84.15,CPT Connor Norby UTIL Ryan Feltner UTIL Shohei Ohtani UTIL Jake McCarthy UTIL TJ Rumfield UTIL Willi Castro,,,
280,5222403101,az350z (11/20),0,84.05,CPT Mookie Betts UTIL Eric Lauer UTIL Freddie Freeman UTIL Tommy Edman UTIL Willi Castro UTIL Hunter Feduccia,,,
281,5222350662,Sammy.Boy (4/20),0,84,CPT Shohei Ohtani UTIL Freddie Freeman UTIL Kyle Tucker UTIL Teoscar Hernandez UTIL Connor Norby UTIL Hunter Feduccia,,,
281,5222350668,Sammy.Boy (10/20),0,84,CPT Shohei Ohtani UTIL Andy Pages UTIL Jake McCarthy UTIL Willi Castro UTIL Jordan Beck UTIL Hunter Feduccia,,,
281,5222356987,apforadori (1/3),0,84,CPT Shohei Ohtani UTIL Freddie Freeman UTIL Kyle Tucker UTIL Teoscar Hernandez UTIL Connor Norby UTIL Hunter Feduccia,,,
281,5222423998,Satch65 (12/20),0,84,CPT Tommy Edman UTIL Shohei Ohtani UTIL Andy Pages UTIL Kyle Tucker UTIL Willi Castro UTIL Hunter Feduccia,,,
281,5222514615,rsumrall (6/20),0,84,CPT Shohei Ohtani UTIL Freddie Freeman UTIL Kyle Tucker UTIL Teoscar Hernandez UTIL Connor Norby UTIL Hunter Feduccia,,,
281,5222590337,danny6687,0,84,CPT Tommy Edman UTIL Shohei Ohtani UTIL Max Muncy UTIL Cole Carrigg UTIL Willi Castro UTIL Hunter Feduccia,,,
281,5222621652,Barb66,0,84,CPT Shohei Ohtani UTIL Freddie Freeman UTIL Andy Pages UTIL Willi Castro UTIL Hunter Feduccia UTIL Eliezer Alfonzo,,,
281,5222626159,jkidd2 (2/3),0,84,CPT Shohei Ohtani UTIL Freddie Freeman UTIL Kyle Tucker UTIL Teoscar Hernandez UTIL Connor Norby UTIL Hunter Feduccia,,,
281,5222631832,Wanna_Square_Up1567 (14/20),0,84,CPT Shohei Ohtani UTIL Freddie Freeman UTIL Kyle Tucker UTIL Teoscar Hernandez UTIL Connor Norby UTIL Hunter Feduccia,,,
281,5222653254,jah_586 (17/20),0,84,CPT Shohei Ohtani UTIL Freddie Freeman UTIL Kyle Tucker UTIL Teoscar Hernandez UTIL Connor Norby UTIL Hunter Feduccia,,,
281,5222800443,jsh1122 (16/20),0,84,CPT Shohei Ohtani UTIL Freddie Freeman UTIL Cole Carrigg UTIL Willi Castro UTIL Jordan Beck UTIL Ezequiel Tovar,,,
281,5223030168,Andybennett_18,0,84,CPT Mookie Betts UTIL Shohei Ohtani UTIL Jake McCarthy UTIL Tommy Edman UTIL Willi Castro UTIL Connor Norby,,,
293,5222888857,ballgame1881 (10/20),0,83.55,CPT Freddie Freeman UTIL Eric Lauer UTIL Mickey Moniak UTIL Willi Castro UTIL Jordan Beck UTIL Hunter Feduccia,,,
293,5222908131,Dirtygoogan (3/3),0,83.55,CPT Max Muncy UTIL Eric Lauer UTIL Shohei Ohtani UTIL Willi Castro UTIL Connor Norby UTIL Hunter Feduccia,,,
293,5222949403,radagast23,0,83.55,CPT Max Muncy UTIL Eric Lauer UTIL Shohei Ohtani UTIL Willi Castro UTIL Connor Norby UTIL Hunter Feduccia,,,
293,5222950543,d_louise.mck70 (3/4),0,83.55,CPT Max Muncy UTIL Eric Lauer UTIL Shohei Ohtani UTIL Willi Castro UTIL Connor Norby UTIL Hunter Feduccia,,,
293,5223010444,49rs_homejuice (1/3),0,83.55,CPT Max Muncy UTIL Eric Lauer UTIL Shohei Ohtani UTIL Willi Castro UTIL Connor Norby UTIL Hunter Feduccia,,,
293,5223025674,bernie70,0,83.55,CPT Max Muncy UTIL Eric Lauer UTIL Shohei Ohtani UTIL Willi Castro UTIL Connor Norby UTIL Hunter Feduccia,,,
293,5223029521,Adoptyourpet (2/2),0,83.55,CPT Max Muncy UTIL Eric Lauer UTIL Shohei Ohtani UTIL Willi Castro UTIL Connor Norby UTIL Hunter Feduccia,,,
300,5222504194,Garrett12091984,0,83.5,CPT Kyle Tucker UTIL Shohei Ohtani UTIL Freddie Freeman UTIL Willi Castro UTIL Ezequiel Tovar UTIL Braxton Fulford,,,
300,5222695224,LoganDFS812 (19/20),0,83.5,CPT Connor Norby UTIL Shohei Ohtani UTIL Freddie Freeman UTIL Cole Carrigg UTIL Tommy Edman UTIL Teoscar Hernandez,,,
300,5222721715,mrclean913 (16/20),0,83.5,CPT Jake McCarthy UTIL Shohei Ohtani UTIL Cole Carrigg UTIL Willi Castro UTIL Ezequiel Tovar UTIL Braxton Fulford,,,
300,5222733917,floydian80 (6/20),0,83.5,CPT Jake McCarthy UTIL Andy Pages UTIL Kyle Tucker UTIL Cole Carrigg UTIL Willi Castro UTIL Connor Norby,,,
300,5222953256,number1pct,0,83.5,CPT Andy Pages UTIL Shohei Ohtani UTIL Tommy Edman UTIL Teoscar Hernandez UTIL Willi Castro UTIL Ezequiel Tovar,,,
305,5223034954,SonnyDe (2/2),0,83.2,CPT Kyle Tucker UTIL Eric Lauer UTIL Ryan Feltner UTIL Teoscar Hernandez UTIL Willi Castro UTIL Connor Norby,,,
306,5222400809,Raiderblue,0,83.05,CPT Shohei Ohtani UTIL Eric Lauer UTIL Tommy Edman UTIL Teoscar Hernandez UTIL Connor Norby UTIL Hunter Feduccia,,,
306,5222431769,Hotdogfatboy (1/7),0,83.05,CPT Shohei Ohtani UTIL Eric Lauer UTIL Tommy Edman UTIL Teoscar Hernandez UTIL Connor Norby UTIL Hunter Feduccia,,,
306,5222672440,VMike93,0,83.05,CPT Shohei Ohtani UTIL Eric Lauer UTIL Willi Castro UTIL Jordan Beck UTIL Connor Norby UTIL Braxton Fulford,,,
306,5222681463,hatdaddy (19/20),0,83.05,CPT Shohei Ohtani UTIL Eric Lauer UTIL Tommy Edman UTIL Teoscar Hernandez UTIL Connor Norby UTIL Hunter Feduccia,,,
310,5222325725,Schoey17 (3/6),0,83,CPT Shohei Ohtani UTIL Freddie Freeman UTIL Tommy Edman UTIL Teoscar Hernandez UTIL Jordan Beck UTIL Connor Norby,,,
310,5222539452,JcClark18 (15/20),0,83,CPT TJ Rumfield UTIL Freddie Freeman UTIL Max Muncy UTIL Cole Carrigg UTIL Willi Castro UTIL Jordan Beck,,,
310,5222593264,Featherball (8/10),0,83,CPT Tommy Edman UTIL Max Muncy UTIL Kyle Tucker UTIL Mookie Betts UTIL Teoscar Hernandez UTIL Willi Castro,,,
310,5222695207,LoganDFS812 (2/20),0,83,CPT Shohei Ohtani UTIL Freddie Freeman UTIL Tommy Edman UTIL Teoscar Hernandez UTIL Jordan Beck UTIL Connor Norby,,,
310,5222825435,tical1994,0,83,CPT Shohei Ohtani UTIL Freddie Freeman UTIL Mookie Betts UTIL Willi Castro UTIL Jordan Beck UTIL Hunter Feduccia,,,
310,5222895532,RPowell1103,0,83,CPT Shohei Ohtani UTIL Freddie Freeman UTIL Tommy Edman UTIL Teoscar Hernandez UTIL Jordan Beck UTIL Connor Norby,,,
310,5222933557,Kenmasters7 (8/20),0,83,CPT Tommy Edman UTIL Max Muncy UTIL Kyle Tucker UTIL Mookie Betts UTIL Teoscar Hernandez UTIL Willi Castro,,,
310,5222943277,heybert711 (20/20),0,83,CPT Shohei Ohtani UTIL Freddie Freeman UTIL Tommy Edman UTIL Teoscar Hernandez UTIL Jordan Beck UTIL Connor Norby,,,
318,5222888856,ballgame1881 (9/20),0,82.65,CPT Willi Castro UTIL Ryan Feltner UTIL Shohei Ohtani UTIL Jake McCarthy UTIL Jordan Beck UTIL Braxton Fulford,,,
319,5222326727,kreller17 (19/20),0,82.575,CPT Eric Lauer UTIL Shohei Ohtani UTIL Jake McCarthy UTIL Teoscar Hernandez UTIL Jordan Beck UTIL Hunter Feduccia,,,
319,5223020977,Lynette55 (2/2),0,82.575,CPT Eric Lauer UTIL Freddie Freeman UTIL Willi Castro UTIL Jordan Beck UTIL Connor Norby UTIL Ezequiel Tovar,,,
321,5223034714,EmeraldReign,0,82.55,CPT Max Muncy UTIL Eric Lauer UTIL Freddie Freeman UTIL Willi Castro UTIL Jordan Beck UTIL Connor Norby,,,
322,5222314838,dahoward1974 (2/10),0,82.5,CPT Kyle Tucker UTIL Shohei Ohtani UTIL Cole Carrigg UTIL Tommy Edman UTIL Willi Castro UTIL Jordan Beck,,,
322,5222331936,shanemoore27 (7/20),0,82.5,CPT Jake McCarthy UTIL Andy Pages UTIL Cole Carrigg UTIL TJ Rumfield UTIL Willi Castro UTIL Braxton Fulford,,,
322,5222413133,2boys2girls (3/3),0,82.5,CPT Jake McCarthy UTIL Mickey Moniak UTIL Cole Carrigg UTIL TJ Rumfield UTIL Willi Castro UTIL Hunter Feduccia,,,
322,5222554547,eptxguy (3/6),0,82.5,CPT Teoscar Hernandez UTIL Andy Pages UTIL Cole Carrigg UTIL Mookie Betts UTIL Tommy Edman UTIL Willi Castro,,,
322,5222664916,Schoey17 (6/6),0,82.5,CPT Freddie Freeman UTIL Jake McCarthy UTIL Mookie Betts UTIL Tommy Edman UTIL Teoscar Hernandez UTIL Hunter Feduccia,,,
322,5222681446,hatdaddy (2/20),0,82.5,CPT Connor Norby UTIL Shohei Ohtani UTIL Jake McCarthy UTIL Cole Carrigg UTIL Mookie Betts UTIL Willi Castro,,,
322,5222735694,SpeedRacer101 (19/20),0,82.5,CPT Freddie Freeman UTIL Jake McCarthy UTIL Mookie Betts UTIL Tommy Edman UTIL Teoscar Hernandez UTIL Hunter Feduccia,,,
322,5222800440,jsh1122 (13/20),0,82.5,CPT Andy Pages UTIL Shohei Ohtani UTIL TJ Rumfield UTIL Tommy Edman UTIL Willi Castro UTIL Hunter Feduccia,,,
322,5222805999,jersey530,0,82.5,CPT Teoscar Hernandez UTIL Andy Pages UTIL Cole Carrigg UTIL Mookie Betts UTIL TJ Rumfield UTIL Willi Castro,,,
322,5222995290,colbyhornet (18/20),0,82.5,CPT Max Muncy UTIL Jake McCarthy UTIL Cole Carrigg UTIL TJ Rumfield UTIL Willi Castro UTIL Connor Norby,,,
322,5223035904,bassguy39 (2/6),0,82.5,CPT Jake McCarthy UTIL Andy Pages UTIL Cole Carrigg UTIL Tommy Edman UTIL Willi Castro UTIL Braxton Fulford,,,
333,5222930745,ethoxyl,0,82.15,CPT Connor Norby UTIL Ryan Feltner UTIL Freddie Freeman UTIL Jake McCarthy UTIL Cole Carrigg UTIL Willi Castro,,,
334,5222215401,maddhatter75,0,82,CPT Mookie Betts UTIL Jake McCarthy UTIL Kyle Tucker UTIL TJ Rumfield UTIL Tommy Edman UTIL Willi Castro,,,
334,5222326713,kreller17 (5/20),0,82,CPT TJ Rumfield UTIL Shohei Ohtani UTIL Andy Pages UTIL Cole Carrigg UTIL Willi Castro UTIL Hunter Feduccia,,,
334,5222377711,MikeyFootballs,0,82,CPT Shohei Ohtani UTIL Andy Pages UTIL Jake McCarthy UTIL Willi Castro UTIL Adael Amador UTIL Hunter Feduccia,,,
334,5222744638,buckleyfan47,0,82,CPT Shohei Ohtani UTIL Max Muncy UTIL Teoscar Hernandez UTIL Willi Castro UTIL Jordan Beck UTIL Ezequiel Tovar,,,
334,5222935634,GSlam,0,82,CPT Shohei Ohtani UTIL Max Muncy UTIL Tommy Edman UTIL Willi Castro UTIL Jordan Beck UTIL Connor Norby,,,
334,5222943263,heybert711 (6/20),0,82,CPT Shohei Ohtani UTIL Jake McCarthy UTIL Cole Carrigg UTIL Willi Castro UTIL Jordan Beck UTIL Ezequiel Tovar,,,
334,5222991158,ph54417 (1/20),0,82,CPT Shohei Ohtani UTIL Mookie Betts UTIL Teoscar Hernandez UTIL Willi Castro UTIL Connor Norby UTIL Ezequiel Tovar,,,
334,5223015064,bmcclantoc,0,82,CPT Shohei Ohtani UTIL Max Muncy UTIL TJ Rumfield UTIL Willi Castro UTIL Jordan Beck UTIL Connor Norby,,,
334,5223034947,kyleorso (16/20),0,82,CPT Tommy Edman UTIL Shohei Ohtani UTIL Kyle Tucker UTIL Mookie Betts UTIL Willi Castro UTIL Connor Norby,,,
343,5222371413,Clippy (1/7),0,81.7,CPT Willi Castro UTIL Eric Lauer UTIL Ryan Feltner UTIL Kyle Tucker UTIL Cole Carrigg UTIL Hunter Feduccia,,,
343,5223029471,Clippy (5/7),0,81.7,CPT Willi Castro UTIL Eric Lauer UTIL Ryan Feltner UTIL Kyle Tucker UTIL Cole Carrigg UTIL Hunter Feduccia,,,
345,5221976781,longduckdoong (3/3),0,81.575,CPT Eric Lauer UTIL Shohei Ohtani UTIL Max Muncy UTIL Willi Castro UTIL Ezequiel Tovar UTIL Hunter Feduccia,,,
345,5222326532,wwc951 (20/20),0,81.575,CPT Eric Lauer UTIL Shohei Ohtani UTIL Max Muncy UTIL Willi Castro UTIL Ezequiel Tovar UTIL Hunter Feduccia,,,
345,5222561574,kkruze58,0,81.575,CPT Eric Lauer UTIL Shohei Ohtani UTIL Max Muncy UTIL Willi Castro UTIL Ezequiel Tovar UTIL Hunter Feduccia,,,
345,5222644515,colochini503 (1/3),0,81.575,CPT Eric Lauer UTIL Shohei Ohtani UTIL Max Muncy UTIL Willi Castro UTIL Ezequiel Tovar UTIL Hunter Feduccia,,,
345,5222732447,d_louise.mck70 (2/4),0,81.575,CPT Eric Lauer UTIL Shohei Ohtani UTIL Max Muncy UTIL Willi Castro UTIL Ezequiel Tovar UTIL Hunter Feduccia,,,
345,5222920925,kolding,0,81.575,CPT Eric Lauer UTIL Shohei Ohtani UTIL Max Muncy UTIL Willi Castro UTIL Ezequiel Tovar UTIL Hunter Feduccia,,,
351,5222437314,gwatts77 (8/20),0,81.55,CPT Max Muncy UTIL Eric Lauer UTIL Kyle Tucker UTIL Tommy Edman UTIL Willi Castro UTIL Hunter Feduccia,,,
351,5222945803,bpaletta (1/4),0,81.55,CPT Teoscar Hernandez UTIL Eric Lauer UTIL Shohei Ohtani UTIL Kyle Tucker UTIL Connor Norby UTIL Hunter Feduccia,,,
353,5222325724,Schoey17 (2/6),0,81.5,CPT Cole Carrigg UTIL Shohei Ohtani UTIL Jake McCarthy UTIL Mookie Betts UTIL Willi Castro UTIL Hunter Feduccia,,,
353,5222350675,Sammy.Boy (17/20),0,81.5,CPT Freddie Freeman UTIL Andy Pages UTIL Mookie Betts UTIL Tommy Edman UTIL Willi Castro UTIL Hunter Feduccia,,,
353,5222353679,TimB11,0,81.5,CPT Cole Carrigg UTIL Shohei Ohtani UTIL Kyle Tucker UTIL Tommy Edman UTIL Willi Castro UTIL Jordan Beck,,,
353,5222631828,Wanna_Square_Up1567 (10/20),0,81.5,CPT Freddie Freeman UTIL Andy Pages UTIL Mookie Betts UTIL Tommy Edman UTIL Willi Castro UTIL Hunter Feduccia,,,
353,5222721706,mrclean913 (7/20),0,81.5,CPT Cole Carrigg UTIL Andy Pages UTIL Jake McCarthy UTIL TJ Rumfield UTIL Willi Castro UTIL Connor Norby,,,
353,5222733928,floydian80 (17/20),0,81.5,CPT Freddie Freeman UTIL Kyle Tucker UTIL Cole Carrigg UTIL Tommy Edman UTIL Teoscar Hernandez UTIL Hunter Feduccia,,,
353,5222971756,polllcat,0,81.5,CPT Cole Carrigg UTIL Shohei Ohtani UTIL Jake McCarthy UTIL Mookie Betts UTIL Willi Castro UTIL Hunter Feduccia,,,
353,5223009185,j-wolf05 (2/20),0,81.5,CPT Jake McCarthy UTIL Mickey Moniak UTIL Kyle Tucker UTIL TJ Rumfield UTIL Willi Castro UTIL Braxton Fulford,,,
361,5221962419,kenread133,0,81.05,CPT Tommy Edman UTIL Eric Lauer UTIL Shohei Ohtani UTIL Freddie Freeman UTIL Connor Norby UTIL Hunter Feduccia,,,
361,5222325637,MultipleWinGasms (5/20),0,81.05,CPT Tommy Edman UTIL Eric Lauer UTIL Shohei Ohtani UTIL Freddie Freeman UTIL Connor Norby UTIL Hunter Feduccia,,,
361,5222517740,LOCNOTM (10/20),0,81.05,CPT Tommy Edman UTIL Eric Lauer UTIL Shohei Ohtani UTIL Freddie Freeman UTIL Connor Norby UTIL Hunter Feduccia,,,
361,5222541124,Stree (17/20),0,81.05,CPT Tommy Edman UTIL Eric Lauer UTIL Shohei Ohtani UTIL Freddie Freeman UTIL Connor Norby UTIL Hunter Feduccia,,,
361,5222733921,floydian80 (10/20),0,81.05,CPT Tommy Edman UTIL Eric Lauer UTIL Shohei Ohtani UTIL Freddie Freeman UTIL Connor Norby UTIL Hunter Feduccia,,,
366,5222326725,kreller17 (17/20),0,81,CPT Willi Castro UTIL Freddie Freeman UTIL Andy Pages UTIL Kyle Tucker UTIL Mookie Betts UTIL Jordan Beck,,,
366,5222695206,LoganDFS812 (1/20),0,81,CPT Shohei Ohtani UTIL Max Muncy UTIL Cole Carrigg UTIL Willi Castro UTIL Connor Norby UTIL Hunter Feduccia,,,
366,5223031015,carlosinfante7,0,81,CPT Willi Castro UTIL Shohei Ohtani UTIL Max Muncy UTIL Mookie Betts UTIL TJ Rumfield UTIL Ezequiel Tovar,,,
369,5222715331,rams779 (7/10),0,80.65,CPT Willi Castro UTIL Ryan Feltner UTIL Max Muncy UTIL Jake McCarthy UTIL Cole Carrigg UTIL Connor Norby,,,
370,5222361685,johnblum91 (3/4),0,80.575,CPT Eric Lauer UTIL Freddie Freeman UTIL Max Muncy UTIL Willi Castro UTIL Jordan Beck UTIL Ezequiel Tovar,,,
371,5222397385,rodh73,0,80.55,CPT Max Muncy UTIL Eric Lauer UTIL Mookie Betts UTIL Teoscar Hernandez UTIL Willi Castro UTIL Connor Norby,,,
371,5222403098,az350z (8/20),0,80.55,CPT Freddie Freeman UTIL Eric Lauer UTIL Kyle Tucker UTIL Teoscar Hernandez UTIL Hunter Feduccia UTIL Braxton Fulford,,,
371,5223007555,BSC87 (1/2),0,80.55,CPT Max Muncy UTIL Eric Lauer UTIL Mookie Betts UTIL Teoscar Hernandez UTIL Willi Castro UTIL Connor Norby,,,
371,5223029058,84flipmode (13/20),0,80.55,CPT Jake McCarthy UTIL Eric Lauer UTIL Freddie Freeman UTIL Tommy Edman UTIL Hunter Feduccia UTIL Braxton Fulford,,,
375,5221981316,tdday62,0,80.5,CPT Kyle Tucker UTIL Shohei Ohtani UTIL Mookie Betts UTIL Teoscar Hernandez UTIL Willi Castro UTIL Ezequiel Tovar,,,
375,5222326717,kreller17 (9/20),0,80.5,CPT Freddie Freeman UTIL Shohei Ohtani UTIL Kyle Tucker UTIL Teoscar Hernandez UTIL Jordan Beck UTIL Hunter Feduccia,,,
375,5222424002,Satch65 (16/20),0,80.5,CPT Kyle Tucker UTIL Shohei Ohtani UTIL Mookie Betts UTIL Tommy Edman UTIL Willi Castro UTIL Connor Norby,,,
375,5222469100,rb146886,0,80.5,CPT Max Muncy UTIL Shohei Ohtani UTIL Freddie Freeman UTIL Willi Castro UTIL Ezequiel Tovar UTIL Hunter Feduccia,,,
375,5222527340,MagaliciousDEF,0,80.5,CPT Max Muncy UTIL Shohei Ohtani UTIL Freddie Freeman UTIL Willi Castro UTIL Ezequiel Tovar UTIL Hunter Feduccia,,,
375,5222594476,johnnyp509 (2/2),0,80.5,CPT Max Muncy UTIL Shohei Ohtani UTIL Freddie Freeman UTIL Willi Castro UTIL Ezequiel Tovar UTIL Hunter Feduccia,,,
375,5222709555,maty9495 (2/3),0,80.5,CPT Max Muncy UTIL Shohei Ohtani UTIL Freddie Freeman UTIL Willi Castro UTIL Ezequiel Tovar UTIL Hunter Feduccia,,,
375,5222895893,atat13 (16/20),0,80.5,CPT Teoscar Hernandez UTIL Freddie Freeman UTIL Jake McCarthy UTIL Kyle Tucker UTIL Cole Carrigg UTIL Ezequiel Tovar,,,
375,5222945806,bpaletta (4/4),0,80.5,CPT Max Muncy UTIL Shohei Ohtani UTIL Jake McCarthy UTIL Willi Castro UTIL Jordan Beck UTIL Hunter Feduccia,,,
375,5223034944,kyleorso (13/20),0,80.5,CPT Max Muncy UTIL Freddie Freeman UTIL Jake McCarthy UTIL Willi Castro UTIL Jordan Beck UTIL Braxton Fulford,,,
385,5222324140,Valhalla,0,80.05,CPT Shohei Ohtani UTIL Eric Lauer UTIL Kyle Tucker UTIL Teoscar Hernandez UTIL Connor Norby UTIL Hunter Feduccia,,,
385,5222422869,Caryg07 (10/20),0,80.05,CPT Tommy Edman UTIL Eric Lauer UTIL Freddie Freeman UTIL Kyle Tucker UTIL Teoscar Hernandez UTIL Ezequiel Tovar,,,
385,5222517736,LOCNOTM (6/20),0,80.05,CPT Shohei Ohtani UTIL Eric Lauer UTIL Kyle Tucker UTIL Teoscar Hernandez UTIL Connor Norby UTIL Hunter Feduccia,,,
385,5222622404,THEACTIONONE (2/2),0,80.05,CPT Shohei Ohtani UTIL Eric Lauer UTIL Andy Pages UTIL Willi Castro UTIL Hunter Feduccia UTIL Ben Rortvedt,,,
385,5222733916,floydian80 (5/20),0,80.05,CPT Shohei Ohtani UTIL Eric Lauer UTIL Kyle Tucker UTIL Teoscar Hernandez UTIL Connor Norby UTIL Hunter Feduccia,,,
385,5222901025,LALA420,0,80.05,CPT Shohei Ohtani UTIL Eric Lauer UTIL Kyle Tucker UTIL Teoscar Hernandez UTIL Connor Norby UTIL Hunter Feduccia,,,
385,5222950158,KGould86 (11/20),0,80.05,CPT Shohei Ohtani UTIL Eric Lauer UTIL Kyle Tucker UTIL Teoscar Hernandez UTIL Connor Norby UTIL Hunter Feduccia,,,
385,5222982846,JJSaenz (5/20),0,80.05,CPT Shohei Ohtani UTIL Eric Lauer UTIL Kyle Tucker UTIL Teoscar Hernandez UTIL Connor Norby UTIL Hunter Feduccia,,,
385,5222995286,colbyhornet (14/20),0,80.05,CPT Shohei Ohtani UTIL Eric Lauer UTIL Kyle Tucker UTIL Teoscar Hernandez UTIL Connor Norby UTIL Hunter Feduccia,,,
385,5223039305,bigdave55er,0,80.05,CPT Shohei Ohtani UTIL Eric Lauer UTIL Mookie Betts UTIL Willi Castro UTIL Jordan Beck UTIL Connor Norby,,,
395,5222389518,casgulf,0,80,CPT Shohei Ohtani UTIL Mookie Betts UTIL Teoscar Hernandez UTIL Willi Castro UTIL Miguel Rojas UTIL Zac Veen,,,
395,5223016227,STEELERGUNNER,0,80,CPT Shohei Ohtani UTIL Max Muncy UTIL Jake McCarthy UTIL Willi Castro UTIL Jordan Beck UTIL Ezequiel Tovar,,,
397,5222770110,purdyman (3/4),0,79.65,CPT Willi Castro UTIL Ryan Feltner UTIL Shohei Ohtani UTIL Freddie Freeman UTIL Adael Amador UTIL Ezequiel Tovar,,,
397,5222802891,cwthrow24 (3/20),0,79.65,CPT TJ Rumfield UTIL Ryan Feltner UTIL Freddie Freeman UTIL Cole Carrigg UTIL Willi Castro UTIL Connor Norby,,,
399,5222517735,LOCNOTM (5/20),0,79.575,CPT Eric Lauer UTIL Shohei Ohtani UTIL Kyle Tucker UTIL Teoscar Hernandez UTIL Connor Norby UTIL Hunter Feduccia,,,
399,5222681461,hatdaddy (17/20),0,79.575,CPT Eric Lauer UTIL Shohei Ohtani UTIL Kyle Tucker UTIL Teoscar Hernandez UTIL Connor Norby UTIL Hunter Feduccia,,,
399,5222909095,daliki,0,79.575,CPT Eric Lauer UTIL Shohei Ohtani UTIL Andy Pages UTIL Willi Castro UTIL Ezequiel Tovar UTIL Hunter Feduccia,,,
399,5222918090,savrome2425 (7/20),0,79.575,CPT Eric Lauer UTIL Mickey Moniak UTIL Cole Carrigg UTIL TJ Rumfield UTIL Willi Castro UTIL Hunter Feduccia,,,
399,5222918097,savrome2425 (14/20),0,79.575,CPT Eric Lauer UTIL Shohei Ohtani UTIL Andy Pages UTIL Willi Castro UTIL Ezequiel Tovar UTIL Hunter Feduccia,,,
399,5222993179,thsf,0,79.575,CPT Eric Lauer UTIL Shohei Ohtani UTIL Mookie Betts UTIL Willi Castro UTIL Hunter Feduccia UTIL Braxton Fulford,,,
405,5222325648,MultipleWinGasms (16/20),0,79.5,CPT Cole Carrigg UTIL Freddie Freeman UTIL Andy Pages UTIL Kyle Tucker UTIL Willi Castro UTIL Hunter Feduccia,,,
405,5222378693,Grit7880 (3/4),0,79.5,CPT Andy Pages UTIL Mookie Betts UTIL TJ Rumfield UTIL Tommy Edman UTIL Teoscar Hernandez UTIL Willi Castro,,,
405,5222462412,TurtlePunch (1/2),0,79.5,CPT Max Muncy UTIL Jake McCarthy UTIL Kyle Tucker UTIL Cole Carrigg UTIL Willi Castro UTIL Connor Norby,,,
405,5222539447,JcClark18 (10/20),0,79.5,CPT Jake McCarthy UTIL Mickey Moniak UTIL Cole Carrigg UTIL Tommy Edman UTIL Willi Castro UTIL Braxton Fulford,,,
405,5222662332,dspears56 (8/14),0,79.5,CPT Andy Pages UTIL Mookie Betts UTIL TJ Rumfield UTIL Tommy Edman UTIL Teoscar Hernandez UTIL Willi Castro,,,
405,5222745052,chrispy2005 (17/20),0,79.5,CPT Freddie Freeman UTIL Shohei Ohtani UTIL Kyle Tucker UTIL Teoscar Hernandez UTIL Connor Norby UTIL Ezequiel Tovar,,,
405,5222802905,cwthrow24 (17/20),0,79.5,CPT Freddie Freeman UTIL Shohei Ohtani UTIL Kyle Tucker UTIL Teoscar Hernandez UTIL Connor Norby UTIL Ezequiel Tovar,,,
405,5222846661,TheFH (6/20),0,79.5,CPT Max Muncy UTIL Jake McCarthy UTIL Kyle Tucker UTIL Cole Carrigg UTIL Willi Castro UTIL Connor Norby,,,
405,5222872357,rww6310,0,79.5,CPT Andy Pages UTIL Mookie Betts UTIL TJ Rumfield UTIL Tommy Edman UTIL Teoscar Hernandez UTIL Willi Castro,,,
405,5222913298,Clippy (3/7),0,79.5,CPT Jake McCarthy UTIL Shohei Ohtani UTIL Freddie Freeman UTIL TJ Rumfield UTIL Connor Norby UTIL Ezequiel Tovar,,,
405,5222982848,JJSaenz (7/20),0,79.5,CPT Andy Pages UTIL Jake McCarthy UTIL Cole Carrigg UTIL Tommy Edman UTIL Willi Castro UTIL Connor Norby,,,
405,5222998201,Gizmogupton12,0,79.5,CPT Freddie Freeman UTIL Shohei Ohtani UTIL Jake McCarthy UTIL TJ Rumfield UTIL Ezequiel Tovar UTIL Hunter Feduccia,,,
405,5223009102,bazza986 (1/3),0,79.5,CPT Kyle Tucker UTIL Freddie Freeman UTIL Andy Pages UTIL Tommy Edman UTIL Willi Castro UTIL Ezequiel Tovar,,,
405,5223009149,bazza986 (2/3),0,79.5,CPT Kyle Tucker UTIL Freddie Freeman UTIL Andy Pages UTIL Tommy Edman UTIL Willi Castro UTIL Ezequiel Tovar,,,
405,5223009171,bazza986 (3/3),0,79.5,CPT Kyle Tucker UTIL Freddie Freeman UTIL Andy Pages UTIL Tommy Edman UTIL Willi Castro UTIL Ezequiel Tovar,,,
405,5223009760,kkorch,0,79.5,CPT Freddie Freeman UTIL Shohei Ohtani UTIL Kyle Tucker UTIL Teoscar Hernandez UTIL Connor Norby UTIL Ezequiel Tovar,,,
405,5223010061,TNeidert (19/20),0,79.5,CPT Cole Carrigg UTIL Shohei Ohtani UTIL TJ Rumfield UTIL Willi Castro UTIL Jordan Beck UTIL Connor Norby,,,
405,5223011040,marwalk82 (5/8),0,79.5,CPT Jake McCarthy UTIL Shohei Ohtani UTIL Freddie Freeman UTIL TJ Rumfield UTIL Connor Norby UTIL Ezequiel Tovar,,,
405,5223029470,Clippy (4/7),0,79.5,CPT Jake McCarthy UTIL Shohei Ohtani UTIL Freddie Freeman UTIL TJ Rumfield UTIL Connor Norby UTIL Ezequiel Tovar,,,
424,5222698240,Gforceone (3/3),0,79.05,CPT Tommy Edman UTIL Eric Lauer UTIL Max Muncy UTIL Andy Pages UTIL Willi Castro UTIL Hunter Feduccia,,,
424,5222995291,colbyhornet (19/20),0,79.05,CPT Tommy Edman UTIL Eric Lauer UTIL Max Muncy UTIL Andy Pages UTIL Willi Castro UTIL Hunter Feduccia,,,
424,5223028945,48jthorpe48 (2/5),0,79.05,CPT Shohei Ohtani UTIL Eric Lauer UTIL Tommy Edman UTIL Teoscar Hernandez UTIL Jordan Beck UTIL Connor Norby,,,
427,5222514622,rsumrall (13/20),0,79,CPT Willi Castro UTIL Freddie Freeman UTIL Andy Pages UTIL Cole Carrigg UTIL Mookie Betts UTIL Jordan Beck,,,
427,5222696283,DFoot1961,0,79,CPT Mookie Betts UTIL Shohei Ohtani UTIL Freddie Freeman UTIL Willi Castro UTIL Zac Veen UTIL Connor Norby,,,
427,5222804356,anthjimen (2/6),0,79,CPT Shohei Ohtani UTIL Max Muncy UTIL Kyle Tucker UTIL Willi Castro UTIL Jordan Beck UTIL Connor Norby,,,
427,5222945805,bpaletta (3/4),0,79,CPT Willi Castro UTIL Max Muncy UTIL Jake McCarthy UTIL Cole Carrigg UTIL Mookie Betts UTIL Jordan Beck,,,
427,5223009187,j-wolf05 (4/20),0,79,CPT TJ Rumfield UTIL Mickey Moniak UTIL Jake McCarthy UTIL Kyle Tucker UTIL Willi Castro UTIL Braxton Fulford,,,
432,5222506633,Miky1216 (3/10),0,78.65,CPT Willi Castro UTIL Ryan Feltner UTIL Andy Pages UTIL Jake McCarthy UTIL Cole Carrigg UTIL Connor Norby,,,
433,5222437317,gwatts77 (11/20),0,78.575,CPT Eric Lauer UTIL Freddie Freeman UTIL Kyle Tucker UTIL Teoscar Hernandez UTIL Hunter Feduccia UTIL Braxton Fulford,,,
433,5222894898,slotone (4/10),0,78.575,CPT Eric Lauer UTIL Freddie Freeman UTIL Max Muncy UTIL Teoscar Hernandez UTIL Connor Norby UTIL Hunter Feduccia,,,
433,5222968800,kbrisacher (11/20),0,78.575,CPT Eric Lauer UTIL Freddie Freeman UTIL Kyle Tucker UTIL Teoscar Hernandez UTIL Hunter Feduccia UTIL Braxton Fulford,,,
433,5222995280,colbyhornet (8/20),0,78.575,CPT Eric Lauer UTIL Freddie Freeman UTIL Max Muncy UTIL Teoscar Hernandez UTIL Connor Norby UTIL Hunter Feduccia,,,
437,5222716908,cdunmon,0,78.55,CPT Freddie Freeman UTIL Eric Lauer UTIL Andy Pages UTIL Willi Castro UTIL Adael Amador UTIL Ryan Ward,,,
438,5222326516,wwc951 (4/20),0,78.5,CPT Max Muncy UTIL Shohei Ohtani UTIL Jake McCarthy UTIL Willi Castro UTIL Ezequiel Tovar UTIL Hunter Feduccia,,,
438,5222492974,FoxyGrandpa252 (18/20),0,78.5,CPT Freddie Freeman UTIL Shohei Ohtani UTIL Kyle Tucker UTIL Tommy Edman UTIL Connor Norby UTIL Hunter Feduccia,,,
438,5222639971,skunks20,0,78.5,CPT Andy Pages UTIL Shohei Ohtani UTIL Freddie Freeman UTIL Willi Castro UTIL Connor Norby UTIL Ezequiel Tovar,,,
438,5222653249,jah_586 (12/20),0,78.5,CPT Teoscar Hernandez UTIL Freddie Freeman UTIL Kyle Tucker UTIL Cole Carrigg UTIL Tommy Edman UTIL Braxton Fulford,,,
438,5222695218,LoganDFS812 (13/20),0,78.5,CPT Teoscar Hernandez UTIL Freddie Freeman UTIL Jake McCarthy UTIL Mookie Betts UTIL Tommy Edman UTIL Jordan Beck,,,
438,5222804457,anthjimen (4/6),0,78.5,CPT Andy Pages UTIL Shohei Ohtani UTIL Freddie Freeman UTIL Willi Castro UTIL Connor Norby UTIL Ezequiel Tovar,,,
438,5222960443,torogi99,0,78.5,CPT Andy Pages UTIL Shohei Ohtani UTIL Freddie Freeman UTIL Willi Castro UTIL Connor Norby UTIL Ezequiel Tovar,,,
438,5223025127,jenerickpt,0,78.5,CPT Teoscar Hernandez UTIL Shohei Ohtani UTIL Freddie Freeman UTIL Kyle Tucker UTIL Ezequiel Tovar UTIL Hunter Feduccia,,,
438,5223034949,kyleorso (18/20),0,78.5,CPT Andy Pages UTIL Shohei Ohtani UTIL Freddie Freeman UTIL Willi Castro UTIL Connor Norby UTIL Ezequiel Tovar,,,
447,5222506640,Miky1216 (10/10),0,78.05,CPT Shohei Ohtani UTIL Eric Lauer UTIL Tommy Edman UTIL Teoscar Hernandez UTIL Jordan Beck UTIL Hunter Feduccia,,,
447,5222517741,LOCNOTM (11/20),0,78.05,CPT Shohei Ohtani UTIL Eric Lauer UTIL Tommy Edman UTIL Teoscar Hernandez UTIL Jordan Beck UTIL Hunter Feduccia,,,
447,5222660664,valangels41 (2/2),0,78.05,CPT Tommy Edman UTIL Eric Lauer UTIL Freddie Freeman UTIL Mookie Betts UTIL Teoscar Hernandez UTIL Connor Norby,,,
447,5222778439,Kool198,0,78.05,CPT Shohei Ohtani UTIL Eric Lauer UTIL Tommy Edman UTIL Teoscar Hernandez UTIL Jordan Beck UTIL Hunter Feduccia,,,
447,5222859948,L053R666,0,78.05,CPT Shohei Ohtani UTIL Eric Lauer UTIL Tommy Edman UTIL Teoscar Hernandez UTIL Jordan Beck UTIL Hunter Feduccia,,,
447,5222982855,JJSaenz (14/20),0,78.05,CPT Shohei Ohtani UTIL Eric Lauer UTIL Tommy Edman UTIL Teoscar Hernandez UTIL Jordan Beck UTIL Hunter Feduccia,,,
447,5223028740,ph54417 (17/20),0,78.05,CPT Ezequiel Tovar UTIL Eric Lauer UTIL Jake McCarthy UTIL Cole Carrigg UTIL Willi Castro UTIL Connor Norby,,,
454,5222800432,jsh1122 (5/20),0,78,CPT Mookie Betts UTIL Shohei Ohtani UTIL Max Muncy UTIL Teoscar Hernandez UTIL Willi Castro UTIL Hunter Feduccia,,,
454,5222933551,Kenmasters7 (2/20),0,78,CPT Tommy Edman UTIL Shohei Ohtani UTIL Max Muncy UTIL Cole Carrigg UTIL Willi Castro UTIL Ezequiel Tovar,,,
454,5222944755,cbmax27,0,78,CPT Shohei Ohtani UTIL Max Muncy UTIL Jake McCarthy UTIL Teoscar Hernandez UTIL Connor Norby UTIL Hunter Feduccia,,,
454,5223018179,marwalk82 (7/8),0,78,CPT Shohei Ohtani UTIL Jake McCarthy UTIL Kyle Tucker UTIL Teoscar Hernandez UTIL Hunter Feduccia UTIL Braxton Fulford,,,
458,5222517748,LOCNOTM (18/20),0,77.575,CPT Eric Lauer UTIL Shohei Ohtani UTIL Tommy Edman UTIL Teoscar Hernandez UTIL Jordan Beck UTIL Hunter Feduccia,,,
459,5222695214,LoganDFS812 (9/20),0,77.5,CPT Max Muncy UTIL Freddie Freeman UTIL Mookie Betts UTIL Teoscar Hernandez UTIL Willi Castro UTIL Ezequiel Tovar,,,
459,5222695216,LoganDFS812 (11/20),0,77.5,CPT Teoscar Hernandez UTIL Shohei Ohtani UTIL Freddie Freeman UTIL Max Muncy UTIL Jordan Beck UTIL Connor Norby,,,
459,5222735685,SpeedRacer101 (10/20),0,77.5,CPT Cole Carrigg UTIL Shohei Ohtani UTIL Mookie Betts UTIL TJ Rumfield UTIL Willi Castro UTIL Connor Norby,,,
459,5222939294,ParlayPimpinDon (4/4),0,77.5,CPT Freddie Freeman UTIL Shohei Ohtani UTIL Cole Carrigg UTIL Teoscar Hernandez UTIL Connor Norby UTIL Ezequiel Tovar,,,
459,5222950346,ebuz7497 (2/2),0,77.5,CPT Andy Pages UTIL Max Muncy UTIL Jake McCarthy UTIL Tommy Edman UTIL Willi Castro UTIL Connor Norby,,,
459,5222993293,sportsnat13,0,77.5,CPT Cole Carrigg UTIL Shohei Ohtani UTIL Mookie Betts UTIL Tommy Edman UTIL Willi Castro UTIL Connor Norby,,,
459,5222993511,TJStarx,0,77.5,CPT Connor Norby UTIL Shohei Ohtani UTIL Andy Pages UTIL Jake McCarthy UTIL Tommy Edman UTIL Teoscar Hernandez,,,
466,5222403107,az350z (17/20),0,77.3,CPT Shohei Ohtani UTIL Eric Lauer UTIL Kyle Tucker UTIL Teoscar Hernandez UTIL Hunter Feduccia UTIL Jimmy Herget,,,
467,5222181011,ivymoose (16/20),0,77.15,CPT Jake McCarthy UTIL Ryan Feltner UTIL Kyle Tucker UTIL Cole Carrigg UTIL Willi Castro UTIL Connor Norby,,,
467,5222653246,jah_586 (9/20),0,77.15,CPT Jake McCarthy UTIL Ryan Feltner UTIL Kyle Tucker UTIL Cole Carrigg UTIL Willi Castro UTIL Connor Norby,,,
469,5222067882,oscarquintanilla58 (1/4),0,77,CPT Hunter Feduccia UTIL Shohei Ohtani UTIL Max Muncy UTIL Andy Pages UTIL Tommy Edman UTIL Willi Castro,,,
469,5222077478,oscarquintanilla58 (2/4),0,77,CPT Hunter Feduccia UTIL Shohei Ohtani UTIL Max Muncy UTIL Andy Pages UTIL Tommy Edman UTIL Willi Castro,,,
469,5222312689,sallad2015 (1/2),0,77,CPT Shohei Ohtani UTIL Max Muncy UTIL Andy Pages UTIL Willi Castro UTIL Connor Norby UTIL Hunter Feduccia,,,
469,5222321899,sallad2015 (2/2),0,77,CPT Shohei Ohtani UTIL Max Muncy UTIL Andy Pages UTIL Willi Castro UTIL Connor Norby UTIL Hunter Feduccia,,,
469,5222328899,mrrid,0,77,CPT Shohei Ohtani UTIL Max Muncy UTIL Andy Pages UTIL Willi Castro UTIL Connor Norby UTIL Hunter Feduccia,,,
469,5222348659,UMIAMI,0,77,CPT Shohei Ohtani UTIL Max Muncy UTIL Andy Pages UTIL Willi Castro UTIL Connor Norby UTIL Hunter Feduccia,,,
469,5222530252,Iceman45 (3/3),0,77,CPT Shohei Ohtani UTIL Max Muncy UTIL Andy Pages UTIL Willi Castro UTIL Connor Norby UTIL Hunter Feduccia,,,
469,5222594459,johnnyp509 (1/2),0,77,CPT Shohei Ohtani UTIL Max Muncy UTIL Andy Pages UTIL Willi Castro UTIL Connor Norby UTIL Hunter Feduccia,,,
469,5222615581,jwclark311 (14/20),0,77,CPT Shohei Ohtani UTIL Freddie Freeman UTIL Kyle Tucker UTIL Teoscar Hernandez UTIL Ezequiel Tovar UTIL Hunter Feduccia,,,
469,5222631826,Wanna_Square_Up1567 (8/20),0,77,CPT Willi Castro UTIL Andy Pages UTIL Mickey Moniak UTIL Jake McCarthy UTIL Cole Carrigg UTIL Jordan Beck,,,
469,5222654266,colochini503 (2/3),0,77,CPT Shohei Ohtani UTIL Max Muncy UTIL Andy Pages UTIL Willi Castro UTIL Connor Norby UTIL Hunter Feduccia,,,
469,5222656802,mcdowgl,0,77,CPT Shohei Ohtani UTIL Max Muncy UTIL Andy Pages UTIL Willi Castro UTIL Connor Norby UTIL Hunter Feduccia,,,
469,5222713558,GeorgeAllen,0,77,CPT Shohei Ohtani UTIL Max Muncy UTIL Andy Pages UTIL Willi Castro UTIL Connor Norby UTIL Hunter Feduccia,,,
469,5222719807,NazzAttack,0,77,CPT Shohei Ohtani UTIL Freddie Freeman UTIL Cole Carrigg UTIL Teoscar Hernandez UTIL Jordan Beck UTIL Hunter Feduccia,,,
469,5222722653,Douglas1990 (1/4),0,77,CPT Shohei Ohtani UTIL Max Muncy UTIL Andy Pages UTIL Willi Castro UTIL Connor Norby UTIL Hunter Feduccia,,,
469,5222723212,Dinoj1962,0,77,CPT Shohei Ohtani UTIL Max Muncy UTIL Andy Pages UTIL Willi Castro UTIL Connor Norby UTIL Hunter Feduccia,,,
469,5222832958,themeek43 (2/2),0,77,CPT Shohei Ohtani UTIL Max Muncy UTIL Andy Pages UTIL Willi Castro UTIL Connor Norby UTIL Hunter Feduccia,,,
469,5222846664,TheFH (9/20),0,77,CPT Shohei Ohtani UTIL Freddie Freeman UTIL Kyle Tucker UTIL Teoscar Hernandez UTIL Ezequiel Tovar UTIL Hunter Feduccia,,,
469,5222883904,leighton32 (1/2),0,77,CPT Shohei Ohtani UTIL Max Muncy UTIL Andy Pages UTIL Willi Castro UTIL Connor Norby UTIL Hunter Feduccia,,,
469,5222921422,KelvinDubs (4/20),0,77,CPT Shohei Ohtani UTIL Freddie Freeman UTIL Cole Carrigg UTIL Teoscar Hernandez UTIL Jordan Beck UTIL Hunter Feduccia,,,
469,5222933565,Kenmasters7 (16/20),0,77,CPT Willi Castro UTIL Andy Pages UTIL Mickey Moniak UTIL Jake McCarthy UTIL Cole Carrigg UTIL Jordan Beck,,,
469,5222943259,heybert711 (2/20),0,77,CPT Shohei Ohtani UTIL Andy Pages UTIL Kyle Tucker UTIL Willi Castro UTIL Jordan Beck UTIL Connor Norby,,,
469,5222943271,heybert711 (14/20),0,77,CPT Shohei Ohtani UTIL Max Muncy UTIL Cole Carrigg UTIL Willi Castro UTIL Jordan Beck UTIL Connor Norby,,,
469,5222955592,BUFFALOBILLS29 (1/3),0,77,CPT Shohei Ohtani UTIL Max Muncy UTIL Andy Pages UTIL Willi Castro UTIL Connor Norby UTIL Hunter Feduccia,,,
469,5222971909,amdpd,0,77,CPT Shohei Ohtani UTIL Max Muncy UTIL Andy Pages UTIL Willi Castro UTIL Connor Norby UTIL Hunter Feduccia,,,
469,5222976108,n1c01e,0,77,CPT Shohei Ohtani UTIL Max Muncy UTIL Andy Pages UTIL Willi Castro UTIL Connor Norby UTIL Hunter Feduccia,,,
469,5222983559,lano128 (1/2),0,77,CPT Shohei Ohtani UTIL Max Muncy UTIL Andy Pages UTIL Willi Castro UTIL Connor Norby UTIL Hunter Feduccia,,,
469,5222984585,nickcov,0,77,CPT Shohei Ohtani UTIL Max Muncy UTIL Andy Pages UTIL Willi Castro UTIL Connor Norby UTIL Hunter Feduccia,,,
469,5222997445,lornaz,0,77,CPT Shohei Ohtani UTIL Max Muncy UTIL Andy Pages UTIL Willi Castro UTIL Connor Norby UTIL Hunter Feduccia,,,
469,5223002818,KOdog1 (1/3),0,77,CPT Shohei Ohtani UTIL Max Muncy UTIL Andy Pages UTIL Willi Castro UTIL Connor Norby UTIL Hunter Feduccia,,,
469,5223003149,donedealdan,0,77,CPT Shohei Ohtani UTIL Max Muncy UTIL Andy Pages UTIL Willi Castro UTIL Connor Norby UTIL Hunter Feduccia,,,
469,5223003608,KOdog1 (3/3),0,77,CPT Shohei Ohtani UTIL Max Muncy UTIL Andy Pages UTIL Willi Castro UTIL Connor Norby UTIL Hunter Feduccia,,,
469,5223013382,JustinAngelo1,0,77,CPT Shohei Ohtani UTIL Max Muncy UTIL Andy Pages UTIL Willi Castro UTIL Connor Norby UTIL Hunter Feduccia,,,
469,5223019103,lano128 (2/2),0,77,CPT Shohei Ohtani UTIL Max Muncy UTIL Andy Pages UTIL Willi Castro UTIL Connor Norby UTIL Hunter Feduccia,,,
469,5223026975,84flipmode (7/20),0,77,CPT Tommy Edman UTIL Andy Pages UTIL Jake McCarthy UTIL Cole Carrigg UTIL Willi Castro UTIL Ezequiel Tovar,,,
469,5223034909,deathmetalbob (2/2),0,77,CPT Shohei Ohtani UTIL Max Muncy UTIL Andy Pages UTIL Willi Castro UTIL Connor Norby UTIL Hunter Feduccia,,,
469,5223038906,BriereBear,0,77,CPT Shohei Ohtani UTIL Max Muncy UTIL Andy Pages UTIL Willi Castro UTIL Connor Norby UTIL Hunter Feduccia,,,
469,5223039298,habcommander,0,77,CPT Shohei Ohtani UTIL Max Muncy UTIL Cole Carrigg UTIL Willi Castro UTIL Jordan Beck UTIL Connor Norby,,,
507,5222181006,ivymoose (11/20),0,76.575,CPT Eric Lauer UTIL Freddie Freeman UTIL Andy Pages UTIL Teoscar Hernandez UTIL Connor Norby UTIL Hunter Feduccia,,,
507,5222437316,gwatts77 (10/20),0,76.575,CPT Eric Lauer UTIL Max Muncy UTIL TJ Rumfield UTIL Tommy Edman UTIL Teoscar Hernandez UTIL Hunter Feduccia,,,
507,5222918673,jeter101,0,76.575,CPT Eric Lauer UTIL Max Muncy UTIL TJ Rumfield UTIL Tommy Edman UTIL Teoscar Hernandez UTIL Hunter Feduccia,,,
507,5222980810,gjglo (3/4),0,76.575,CPT Eric Lauer UTIL Shohei Ohtani UTIL Tommy Edman UTIL Teoscar Hernandez UTIL Connor Norby UTIL Ezequiel Tovar,,,
507,5223034293,mopill (2/2),0,76.575,CPT Eric Lauer UTIL Shohei Ohtani UTIL Tommy Edman UTIL Teoscar Hernandez UTIL Connor Norby UTIL Ezequiel Tovar,,,
512,5222961994,altjr1962,0,76.55,CPT Max Muncy UTIL Eric Lauer UTIL Shohei Ohtani UTIL Willi Castro UTIL Ezequiel Tovar UTIL Hunter Feduccia,,,
513,5222366484,joey7590,0,76.5,CPT Kyle Tucker UTIL Freddie Freeman UTIL Mickey Moniak UTIL Tommy Edman UTIL Willi Castro UTIL Ezequiel Tovar,,,
513,5222456872,CheersToBu,0,76.5,CPT Max Muncy UTIL Shohei Ohtani UTIL Tommy Edman UTIL Willi Castro UTIL Jordan Beck UTIL Connor Norby,,,
513,5222733925,floydian80 (14/20),0,76.5,CPT Teoscar Hernandez UTIL Shohei Ohtani UTIL Jake McCarthy UTIL Kyle Tucker UTIL Mookie Betts UTIL Hunter Feduccia,,,
513,5222850063,4LeftsMakeItRight,0,76.5,CPT Freddie Freeman UTIL Kyle Tucker UTIL Cole Carrigg UTIL Mookie Betts UTIL Willi Castro UTIL Ezequiel Tovar,,,
513,5222868180,Zmoney526,0,76.5,CPT Andy Pages UTIL Jake McCarthy UTIL Kyle Tucker UTIL Cole Carrigg UTIL Willi Castro UTIL Connor Norby,,,
513,5222910823,Ezilodi (17/20),0,76.5,CPT Freddie Freeman UTIL Jake McCarthy UTIL Mookie Betts UTIL Tommy Edman UTIL Teoscar Hernandez UTIL Ezequiel Tovar,,,
513,5222921436,KelvinDubs (18/20),0,76.5,CPT Freddie Freeman UTIL Jake McCarthy UTIL Mookie Betts UTIL Tommy Edman UTIL Teoscar Hernandez UTIL Ezequiel Tovar,,,
513,5222995288,colbyhornet (16/20),0,76.5,CPT Jake McCarthy UTIL Mickey Moniak UTIL Mookie Betts UTIL TJ Rumfield UTIL Willi Castro UTIL Connor Norby,,,
513,5223009466,kavonte40 (1/2),0,76.5,CPT Freddie Freeman UTIL Jake McCarthy UTIL Mookie Betts UTIL Tommy Edman UTIL Teoscar Hernandez UTIL Ezequiel Tovar,,,
513,5223026022,mfps22,0,76.5,CPT Max Muncy UTIL Shohei Ohtani UTIL Tommy Edman UTIL Willi Castro UTIL Jordan Beck UTIL Connor Norby,,,
513,5223028948,48jthorpe48 (5/5),0,76.5,CPT Freddie Freeman UTIL Kyle Tucker UTIL Cole Carrigg UTIL Mookie Betts UTIL Willi Castro UTIL Ezequiel Tovar,,,
524,5223011191,wculler34 (1/20),0,76.05,CPT Hunter Feduccia UTIL Eric Lauer UTIL Shohei Ohtani UTIL Jake McCarthy UTIL Mookie Betts UTIL Teoscar Hernandez,,,
524,5223011203,wculler34 (13/20),0,76.05,CPT Jordan Beck UTIL Eric Lauer UTIL Jake McCarthy UTIL Kyle Tucker UTIL Mookie Betts UTIL Willi Castro,,,
526,5222531755,ChrisA626,0,76,CPT Tommy Edman UTIL Shohei Ohtani UTIL Andy Pages UTIL Mookie Betts UTIL Willi Castro UTIL Connor Norby,,,
526,5222662705,TG5Jaydye (2/2),0,76,CPT Shohei Ohtani UTIL Max Muncy UTIL Cole Carrigg UTIL Willi Castro UTIL Jordan Beck UTIL Hunter Feduccia,,,
528,5222492969,FoxyGrandpa252 (13/20),0,75.65,CPT Willi Castro UTIL Ryan Feltner UTIL Jake McCarthy UTIL Cole Carrigg UTIL Mookie Betts UTIL Connor Norby,,,
529,5222495779,s9439,0,75.575,CPT Eric Lauer UTIL Shohei Ohtani UTIL Kyle Tucker UTIL Teoscar Hernandez UTIL Jordan Beck UTIL Connor Norby,,,
529,5222621915,derekburrell (1/2),0,75.575,CPT Eric Lauer UTIL Freddie Freeman UTIL Cole Carrigg UTIL Teoscar Hernandez UTIL Jordan Beck UTIL Hunter Feduccia,,,
529,5222745042,chrispy2005 (7/20),0,75.575,CPT Eric Lauer UTIL Shohei Ohtani UTIL Kyle Tucker UTIL Teoscar Hernandez UTIL Jordan Beck UTIL Connor Norby,,,
529,5222798455,Dirtrace,0,75.575,CPT Eric Lauer UTIL Andy Pages UTIL Mookie Betts UTIL Tommy Edman UTIL Willi Castro UTIL Hunter Feduccia,,,
529,5222815079,bama25js,0,75.575,CPT Eric Lauer UTIL Shohei Ohtani UTIL Jake McCarthy UTIL Tommy Edman UTIL Jordan Beck UTIL Hunter Feduccia,,,
529,5222910816,Ezilodi (10/20),0,75.575,CPT Eric Lauer UTIL Shohei Ohtani UTIL Kyle Tucker UTIL Teoscar Hernandez UTIL Jordan Beck UTIL Connor Norby,,,
529,5222918091,savrome2425 (8/20),0,75.575,CPT Eric Lauer UTIL Andy Pages UTIL Mookie Betts UTIL TJ Rumfield UTIL Willi Castro UTIL Hunter Feduccia,,,
529,5223013955,Burzerkers1,0,75.575,CPT Eric Lauer UTIL Shohei Ohtani UTIL Kyle Tucker UTIL Teoscar Hernandez UTIL Jordan Beck UTIL Connor Norby,,,
537,5222850626,sohomick,0,75.55,CPT Andy Pages UTIL Eric Lauer UTIL Shohei Ohtani UTIL Willi Castro UTIL Jordan Beck UTIL Hunter Feduccia,,,
537,5222979570,bnance82 (20/20),0,75.55,CPT Freddie Freeman UTIL Eric Lauer UTIL Shohei Ohtani UTIL Connor Norby UTIL Hunter Feduccia UTIL Braxton Fulford,,,
539,5222326517,wwc951 (5/20),0,75.5,CPT Andy Pages UTIL Shohei Ohtani UTIL Jake McCarthy UTIL Willi Castro UTIL Ezequiel Tovar UTIL Hunter Feduccia,,,
539,5222428039,snaytricia,0,75.5,CPT Kyle Tucker UTIL Freddie Freeman UTIL Jake McCarthy UTIL Cole Carrigg UTIL Teoscar Hernandez UTIL Ezequiel Tovar,,,
539,5222631819,Wanna_Square_Up1567 (1/20),0,75.5,CPT Freddie Freeman UTIL Kyle Tucker UTIL Mookie Betts UTIL Tommy Edman UTIL Teoscar Hernandez UTIL Connor Norby,,,
539,5222662326,dspears56 (2/14),0,75.5,CPT Jake McCarthy UTIL Mickey Moniak UTIL Kyle Tucker UTIL Cole Carrigg UTIL Willi Castro UTIL Jordan Beck,,,
539,5222855719,Roufio (6/6),0,75.5,CPT Teoscar Hernandez UTIL Shohei Ohtani UTIL Freddie Freeman UTIL Andy Pages UTIL Jordan Beck UTIL Connor Norby,,,
539,5222868043,Edd436811,0,75.5,CPT Teoscar Hernandez UTIL Shohei Ohtani UTIL Freddie Freeman UTIL Andy Pages UTIL Jordan Beck UTIL Connor Norby,,,
539,5222895888,atat13 (11/20),0,75.5,CPT Kyle Tucker UTIL Freddie Freeman UTIL Jake McCarthy UTIL Cole Carrigg UTIL Teoscar Hernandez UTIL Ezequiel Tovar,,,
539,5223016951,0561david (1/2),0,75.5,CPT Max Muncy UTIL Freddie Freeman UTIL TJ Rumfield UTIL Tommy Edman UTIL Teoscar Hernandez UTIL Hunter Feduccia,,,
539,5223017170,nealjwells71 (9/20),0,75.5,CPT Teoscar Hernandez UTIL Shohei Ohtani UTIL Freddie Freeman UTIL Max Muncy UTIL Connor Norby UTIL Ezequiel Tovar,,,
539,5223031339,joeythewin (2/3),0,75.5,CPT Freddie Freeman UTIL Kyle Tucker UTIL Cole Carrigg UTIL TJ Rumfield UTIL Teoscar Hernandez UTIL Ezequiel Tovar,,,
539,5223037945,84flipmode (19/20),0,75.5,CPT Teoscar Hernandez UTIL Shohei Ohtani UTIL Jake McCarthy UTIL Kyle Tucker UTIL Jordan Beck UTIL Braxton Fulford,,,
550,5222332371,junyaaboi (5/6),0,75.2,CPT Kyle Tucker UTIL Eric Lauer UTIL Ryan Feltner UTIL Tommy Edman UTIL Willi Castro UTIL Hunter Feduccia,,,
551,5222325748,MoneyRamirez (1/4),0,75.05,CPT Shohei Ohtani UTIL Eric Lauer UTIL Kyle Tucker UTIL Teoscar Hernandez UTIL Jordan Beck UTIL Hunter Feduccia,,,
551,5222721707,mrclean913 (8/20),0,75.05,CPT Shohei Ohtani UTIL Eric Lauer UTIL Kyle Tucker UTIL Teoscar Hernandez UTIL Jordan Beck UTIL Hunter Feduccia,,,
551,5222770064,LoganGrewe50,0,75.05,CPT Shohei Ohtani UTIL Eric Lauer UTIL Kyle Tucker UTIL Teoscar Hernandez UTIL Jordan Beck UTIL Hunter Feduccia,,,
551,5222895881,atat13 (4/20),0,75.05,CPT Ezequiel Tovar UTIL Eric Lauer UTIL Freddie Freeman UTIL Mickey Moniak UTIL Kyle Tucker UTIL Willi Castro,,,
551,5222979563,bnance82 (13/20),0,75.05,CPT Shohei Ohtani UTIL Eric Lauer UTIL Kyle Tucker UTIL Teoscar Hernandez UTIL Jordan Beck UTIL Hunter Feduccia,,,
551,5222982842,JJSaenz (1/20),0,75.05,CPT Shohei Ohtani UTIL Eric Lauer UTIL Kyle Tucker UTIL Teoscar Hernandez UTIL Jordan Beck UTIL Hunter Feduccia,,,
551,5223009195,j-wolf05 (12/20),0,75.05,CPT Shohei Ohtani UTIL Eric Lauer UTIL Kyle Tucker UTIL Teoscar Hernandez UTIL Jordan Beck UTIL Hunter Feduccia,,,
558,5222327011,nycgator12,0,75,CPT Tommy Edman UTIL Jake McCarthy UTIL Kyle Tucker UTIL Mookie Betts UTIL TJ Rumfield UTIL Teoscar Hernandez,,,
558,5222484212,Racheldawn-76 (1/2),0,75,CPT TJ Rumfield UTIL Shohei Ohtani UTIL Andy Pages UTIL Tommy Edman UTIL Teoscar Hernandez UTIL Connor Norby,,,
558,5222517749,LOCNOTM (19/20),0,75,CPT Shohei Ohtani UTIL Freddie Freeman UTIL Mookie Betts UTIL Teoscar Hernandez UTIL Connor Norby UTIL Hunter Feduccia,,,
558,5222800438,jsh1122 (11/20),0,75,CPT Shohei Ohtani UTIL Mickey Moniak UTIL Jake McCarthy UTIL Willi Castro UTIL Jordan Beck UTIL Ezequiel Tovar,,,
558,5222910815,Ezilodi (9/20),0,75,CPT Mookie Betts UTIL Freddie Freeman UTIL Max Muncy UTIL Tommy Edman UTIL Willi Castro UTIL Connor Norby,,,
558,5222943272,heybert711 (15/20),0,75,CPT Shohei Ohtani UTIL Andy Pages UTIL Cole Carrigg UTIL Willi Castro UTIL Jordan Beck UTIL Connor Norby,,,
558,5222982852,JJSaenz (11/20),0,75,CPT Shohei Ohtani UTIL Freddie Freeman UTIL Mookie Betts UTIL Teoscar Hernandez UTIL Connor Norby UTIL Hunter Feduccia,,,
558,5223007516,eking4213 (18/20),0,75,CPT Shohei Ohtani UTIL Freddie Freeman UTIL Mookie Betts UTIL Teoscar Hernandez UTIL Connor Norby UTIL Hunter Feduccia,,,
558,5223009194,j-wolf05 (11/20),0,75,CPT Mickey Moniak UTIL Shohei Ohtani UTIL Jake McCarthy UTIL Willi Castro UTIL Connor Norby UTIL Braxton Fulford,,,
567,5222437320,gwatts77 (14/20),0,74.575,CPT Eric Lauer UTIL Andy Pages UTIL TJ Rumfield UTIL Tommy Edman UTIL Teoscar Hernandez UTIL Hunter Feduccia,,,
567,5222519056,calhouta,0,74.575,CPT Eric Lauer UTIL Shohei Ohtani UTIL Jake McCarthy UTIL Tommy Edman UTIL Connor Norby UTIL Ezequiel Tovar,,,
567,5222539448,JcClark18 (11/20),0,74.575,CPT Eric Lauer UTIL Shohei Ohtani UTIL Kyle Tucker UTIL Teoscar Hernandez UTIL Jordan Beck UTIL Hunter Feduccia,,,
567,5222541111,Stree (4/20),0,74.575,CPT Eric Lauer UTIL Shohei Ohtani UTIL Kyle Tucker UTIL Teoscar Hernandez UTIL Jordan Beck UTIL Hunter Feduccia,,,
567,5222916119,Steven_1974 (4/20),0,74.575,CPT Eric Lauer UTIL Shohei Ohtani UTIL Kyle Tucker UTIL Teoscar Hernandez UTIL Jordan Beck UTIL Hunter Feduccia,,,
572,5222682198,Grizzadams,0,74.55,CPT Teoscar Hernandez UTIL Eric Lauer UTIL Max Muncy UTIL Cole Carrigg UTIL Tommy Edman UTIL Connor Norby,,,
572,5222895880,atat13 (3/20),0,74.55,CPT Freddie Freeman UTIL Eric Lauer UTIL Jake McCarthy UTIL Cole Carrigg UTIL Connor Norby UTIL Ezequiel Tovar,,,
572,5222982843,JJSaenz (2/20),0,74.55,CPT Freddie Freeman UTIL Eric Lauer UTIL Max Muncy UTIL Teoscar Hernandez UTIL Connor Norby UTIL Ezequiel Tovar,,,
575,5222315008,dahoward1974 (7/10),0,74.5,CPT Teoscar Hernandez UTIL Freddie Freeman UTIL Mickey Moniak UTIL TJ Rumfield UTIL Tommy Edman UTIL Braxton Fulford,,,
575,5222631827,Wanna_Square_Up1567 (9/20),0,74.5,CPT Teoscar Hernandez UTIL Shohei Ohtani UTIL Max Muncy UTIL Cole Carrigg UTIL Tommy Edman UTIL Hunter Feduccia,,,
575,5222735683,SpeedRacer101 (8/20),0,74.5,CPT Andy Pages UTIL Freddie Freeman UTIL Mookie Betts UTIL Tommy Edman UTIL Willi Castro UTIL Connor Norby,,,
575,5222827806,ar15ak,0,74.5,CPT Freddie Freeman UTIL Andy Pages UTIL TJ Rumfield UTIL Tommy Edman UTIL Teoscar Hernandez UTIL Ezequiel Tovar,,,
575,5222846671,TheFH (16/20),0,74.5,CPT Andy Pages UTIL Freddie Freeman UTIL Mookie Betts UTIL Tommy Edman UTIL Willi Castro UTIL Connor Norby,,,
575,5222895892,atat13 (15/20),0,74.5,CPT Cole Carrigg UTIL Freddie Freeman UTIL Jake McCarthy UTIL Kyle Tucker UTIL Teoscar Hernandez UTIL Ezequiel Tovar,,,
575,5222925283,theebozzfdc (2/3),0,74.5,CPT Andy Pages UTIL Freddie Freeman UTIL Cole Carrigg UTIL Tommy Edman UTIL Willi Castro UTIL Ezequiel Tovar,,,
575,5223006632,withdrawls123 (2/3),0,74.5,CPT Andy Pages UTIL Freddie Freeman UTIL Cole Carrigg UTIL Tommy Edman UTIL Willi Castro UTIL Ezequiel Tovar,,,
583,5222518906,tgeroux (1/8),0,74.05,CPT Shohei Ohtani UTIL Eric Lauer UTIL Kyle Tucker UTIL Teoscar Hernandez UTIL Connor Norby UTIL Ezequiel Tovar,,,
583,5222518920,tgeroux (2/8),0,74.05,CPT Shohei Ohtani UTIL Eric Lauer UTIL Kyle Tucker UTIL Teoscar Hernandez UTIL Connor Norby UTIL Ezequiel Tovar,,,
583,5222518937,tgeroux (3/8),0,74.05,CPT Shohei Ohtani UTIL Eric Lauer UTIL Kyle Tucker UTIL Teoscar Hernandez UTIL Connor Norby UTIL Ezequiel Tovar,,,
583,5222519010,tgeroux (4/8),0,74.05,CPT Shohei Ohtani UTIL Eric Lauer UTIL Kyle Tucker UTIL Teoscar Hernandez UTIL Connor Norby UTIL Ezequiel Tovar,,,
583,5222528695,tgeroux (5/8),0,74.05,CPT Shohei Ohtani UTIL Eric Lauer UTIL Kyle Tucker UTIL Teoscar Hernandez UTIL Connor Norby UTIL Ezequiel Tovar,,,
583,5222528875,tgeroux (6/8),0,74.05,CPT Shohei Ohtani UTIL Eric Lauer UTIL Kyle Tucker UTIL Teoscar Hernandez UTIL Connor Norby UTIL Ezequiel Tovar,,,
583,5222529167,tgeroux (7/8),0,74.05,CPT Shohei Ohtani UTIL Eric Lauer UTIL Kyle Tucker UTIL Teoscar Hernandez UTIL Connor Norby UTIL Ezequiel Tovar,,,
583,5222529175,tgeroux (8/8),0,74.05,CPT Shohei Ohtani UTIL Eric Lauer UTIL Kyle Tucker UTIL Teoscar Hernandez UTIL Connor Norby UTIL Ezequiel Tovar,,,
583,5222900506,4leahy,0,74.05,CPT Shohei Ohtani UTIL Eric Lauer UTIL Kyle Tucker UTIL Teoscar Hernandez UTIL Connor Norby UTIL Ezequiel Tovar,,,
583,5223006622,Dolow2me (2/5),0,74.05,CPT Ezequiel Tovar UTIL Eric Lauer UTIL Shohei Ohtani UTIL Freddie Freeman UTIL Jake McCarthy UTIL Connor Norby,,,
583,5223008154,jomo1313 (2/2),0,74.05,CPT Shohei Ohtani UTIL Eric Lauer UTIL Jake McCarthy UTIL Tommy Edman UTIL Ezequiel Tovar UTIL Hunter Feduccia,,,
583,5223017166,nealjwells71 (5/20),0,74.05,CPT Shohei Ohtani UTIL Eric Lauer UTIL Kyle Tucker UTIL Teoscar Hernandez UTIL Connor Norby UTIL Ezequiel Tovar,,,
583,5223026719,jpbugeater (3/5),0,74.05,CPT Shohei Ohtani UTIL Eric Lauer UTIL Jake McCarthy UTIL Tommy Edman UTIL Ezequiel Tovar UTIL Hunter Feduccia,,,
583,5223028741,ph54417 (18/20),0,74.05,CPT Jordan Beck UTIL Eric Lauer UTIL Jake McCarthy UTIL Cole Carrigg UTIL Willi Castro UTIL Ezequiel Tovar,,,
583,5223031347,tallread21,0,74.05,CPT Shohei Ohtani UTIL Eric Lauer UTIL Kyle Tucker UTIL Teoscar Hernandez UTIL Connor Norby UTIL Ezequiel Tovar,,,
598,5222922639,rashawn.lewis,0,74,CPT Ezequiel Tovar UTIL Shohei Ohtani UTIL Freddie Freeman UTIL Cole Carrigg UTIL Mookie Betts UTIL Willi Castro,,,
599,5222338870,tbjones2121 (17/20),0,73.65,CPT Willi Castro UTIL Ryan Feltner UTIL Jake McCarthy UTIL Mookie Betts UTIL TJ Rumfield UTIL Ezequiel Tovar,,,
599,5222439459,LTskelter (9/20),0,73.65,CPT Willi Castro UTIL Ryan Feltner UTIL Andy Pages UTIL Jake McCarthy UTIL Cole Carrigg UTIL Jordan Beck,,,
601,5222181001,ivymoose (6/20),0,73.575,CPT Eric Lauer UTIL Freddie Freeman UTIL Max Muncy UTIL Teoscar Hernandez UTIL Jordan Beck UTIL Hunter Feduccia,,,
601,5222539457,JcClark18 (20/20),0,73.575,CPT Eric Lauer UTIL Shohei Ohtani UTIL Freddie Freeman UTIL Connor Norby UTIL Hunter Feduccia UTIL Braxton Fulford,,,
601,5222626158,jkidd2 (1/3),0,73.575,CPT Eric Lauer UTIL Shohei Ohtani UTIL Kyle Tucker UTIL Teoscar Hernandez UTIL Connor Norby UTIL Ezequiel Tovar,,,
601,5222721701,mrclean913 (2/20),0,73.575,CPT Eric Lauer UTIL Freddie Freeman UTIL Max Muncy UTIL Teoscar Hernandez UTIL Jordan Beck UTIL Hunter Feduccia,,,
601,5222721711,mrclean913 (12/20),0,73.575,CPT Eric Lauer UTIL Shohei Ohtani UTIL Freddie Freeman UTIL Connor Norby UTIL Hunter Feduccia UTIL Braxton Fulford,,,
601,5222735684,SpeedRacer101 (9/20),0,73.575,CPT Eric Lauer UTIL Freddie Freeman UTIL Max Muncy UTIL Teoscar Hernandez UTIL Jordan Beck UTIL Hunter Feduccia,,,
601,5222943452,dspears56 (11/14),0,73.575,CPT Eric Lauer UTIL Shohei Ohtani UTIL Freddie Freeman UTIL Connor Norby UTIL Hunter Feduccia UTIL Braxton Fulford,,,
601,5222950156,KGould86 (9/20),0,73.575,CPT Eric Lauer UTIL Freddie Freeman UTIL Max Muncy UTIL Teoscar Hernandez UTIL Jordan Beck UTIL Hunter Feduccia,,,
601,5223007500,eking4213 (2/20),0,73.575,CPT Eric Lauer UTIL Shohei Ohtani UTIL Kyle Tucker UTIL Teoscar Hernandez UTIL Connor Norby UTIL Ezequiel Tovar,,,
610,5222577744,peosenior,0,73.55,CPT Max Muncy UTIL Eric Lauer UTIL Cole Carrigg UTIL Tommy Edman UTIL Willi Castro UTIL Ezequiel Tovar,,,
610,5222904813,KevNick1980,0,73.55,CPT Freddie Freeman UTIL Eric Lauer UTIL Max Muncy UTIL TJ Rumfield UTIL Connor Norby UTIL Hunter Feduccia,,,
610,5223034941,kyleorso (10/20),0,73.55,CPT Freddie Freeman UTIL Eric Lauer UTIL Max Muncy UTIL Tommy Edman UTIL Connor Norby UTIL Hunter Feduccia,,,
610,5223037954,DUI-Guy (2/3),0,73.55,CPT Freddie Freeman UTIL Eric Lauer UTIL Max Muncy UTIL Tommy Edman UTIL Connor Norby UTIL Hunter Feduccia,,,
614,5222218425,SliceB,0,73.5,CPT Jake McCarthy UTIL Shohei Ohtani UTIL Freddie Freeman UTIL Cole Carrigg UTIL Ezequiel Tovar UTIL Hunter Feduccia,,,
614,5222539456,JcClark18 (19/20),0,73.5,CPT Cole Carrigg UTIL Freddie Freeman UTIL Jake McCarthy UTIL Kyle Tucker UTIL TJ Rumfield UTIL Hunter Feduccia,,,
614,5222681447,hatdaddy (3/20),0,73.5,CPT Teoscar Hernandez UTIL Freddie Freeman UTIL Andy Pages UTIL Kyle Tucker UTIL Tommy Edman UTIL Jordan Beck,,,
614,5222888853,ballgame1881 (6/20),0,73.5,CPT Teoscar Hernandez UTIL Shohei Ohtani UTIL Freddie Freeman UTIL Mookie Betts UTIL Connor Norby UTIL Braxton Fulford,,,
614,5222888865,ballgame1881 (18/20),0,73.5,CPT Cole Carrigg UTIL Freddie Freeman UTIL Jake McCarthy UTIL Kyle Tucker UTIL Tommy Edman UTIL Hunter Feduccia,,,
614,5223010050,TNeidert (8/20),0,73.5,CPT Jake McCarthy UTIL Shohei Ohtani UTIL Freddie Freeman UTIL Mookie Betts UTIL Connor Norby UTIL Hunter Feduccia,,,
620,5222375267,foutah (1/5),0,73.225006,CPT Eric Lauer UTIL Ryan Feltner UTIL Shohei Ohtani UTIL Willi Castro UTIL Ezequiel Tovar UTIL Hunter Feduccia,,,
620,5222422868,Caryg07 (9/20),0,73.225006,CPT Eric Lauer UTIL Ryan Feltner UTIL Shohei Ohtani UTIL Willi Castro UTIL Ezequiel Tovar UTIL Hunter Feduccia,,,
620,5222526387,CMoehring34,0,73.225006,CPT Eric Lauer UTIL Ryan Feltner UTIL Shohei Ohtani UTIL Willi Castro UTIL Ezequiel Tovar UTIL Hunter Feduccia,,,
620,5222757531,austin60915 (9/20),0,73.225006,CPT Eric Lauer UTIL Ryan Feltner UTIL Shohei Ohtani UTIL Willi Castro UTIL Ezequiel Tovar UTIL Hunter Feduccia,,,
620,5222916123,Steven_1974 (8/20),0,73.225006,CPT Eric Lauer UTIL Ryan Feltner UTIL Shohei Ohtani UTIL Willi Castro UTIL Ezequiel Tovar UTIL Hunter Feduccia,,,
620,5222950150,KGould86 (3/20),0,73.225006,CPT Eric Lauer UTIL Ryan Feltner UTIL Shohei Ohtani UTIL Willi Castro UTIL Ezequiel Tovar UTIL Hunter Feduccia,,,
620,5223009203,j-wolf05 (20/20),0,73.225006,CPT Eric Lauer UTIL Ryan Feltner UTIL Shohei Ohtani UTIL Willi Castro UTIL Ezequiel Tovar UTIL Hunter Feduccia,,,
620,5223010043,TNeidert (1/20),0,73.225006,CPT Eric Lauer UTIL Ryan Feltner UTIL Shohei Ohtani UTIL Willi Castro UTIL Ezequiel Tovar UTIL Hunter Feduccia,,,
620,5223038243,GMoneyV4,0,73.225006,CPT Eric Lauer UTIL Ryan Feltner UTIL Shohei Ohtani UTIL Willi Castro UTIL Ezequiel Tovar UTIL Hunter Feduccia,,,
629,5222403104,az350z (14/20),0,73.2,CPT Cole Carrigg UTIL Eric Lauer UTIL Ryan Feltner UTIL TJ Rumfield UTIL Willi Castro UTIL Connor Norby,,,
630,5222331946,shanemoore27 (17/20),0,73.05,CPT Shohei Ohtani UTIL Eric Lauer UTIL Kyle Tucker UTIL Tommy Edman UTIL Connor Norby UTIL Hunter Feduccia,,,
630,5222541123,Stree (16/20),0,73.05,CPT Shohei Ohtani UTIL Eric Lauer UTIL Kyle Tucker UTIL Tommy Edman UTIL Connor Norby UTIL Hunter Feduccia,,,
630,5222648132,Primrose_877,0,73.05,CPT Shohei Ohtani UTIL Eric Lauer UTIL Freddie Freeman UTIL Jordan Beck UTIL Connor Norby UTIL Hunter Feduccia,,,
630,5222653239,jah_586 (2/20),0,73.05,CPT Shohei Ohtani UTIL Eric Lauer UTIL Kyle Tucker UTIL Teoscar Hernandez UTIL Ezequiel Tovar UTIL Hunter Feduccia,,,
630,5222666564,glazzzz,0,73.05,CPT Shohei Ohtani UTIL Eric Lauer UTIL Kyle Tucker UTIL Teoscar Hernandez UTIL Ezequiel Tovar UTIL Hunter Feduccia,,,
630,5222919054,Dierickx24,0,73.05,CPT Mookie Betts UTIL Eric Lauer UTIL Andy Pages UTIL Jake McCarthy UTIL Willi Castro UTIL Hunter Feduccia,,,
630,5222922963,kudos72off (1/2),0,73.05,CPT Shohei Ohtani UTIL Eric Lauer UTIL Kyle Tucker UTIL Teoscar Hernandez UTIL Ezequiel Tovar UTIL Hunter Feduccia,,,
630,5222926465,DaltonC1998 (1/2),0,73.05,CPT Mookie Betts UTIL Eric Lauer UTIL Shohei Ohtani UTIL Willi Castro UTIL Connor Norby UTIL Braxton Fulford,,,
630,5222979995,bassman1955 (3/3),0,73.05,CPT Shohei Ohtani UTIL Eric Lauer UTIL Freddie Freeman UTIL Jordan Beck UTIL Connor Norby UTIL Hunter Feduccia,,,
630,5223007509,eking4213 (11/20),0,73.05,CPT Shohei Ohtani UTIL Eric Lauer UTIL Kyle Tucker UTIL Tommy Edman UTIL Connor Norby UTIL Hunter Feduccia,,,
630,5223031348,DUI-Guy (1/3),0,73.05,CPT Shohei Ohtani UTIL Eric Lauer UTIL Kyle Tucker UTIL Tommy Edman UTIL Connor Norby UTIL Hunter Feduccia,,,
630,5223034935,kyleorso (4/20),0,73.05,CPT Shohei Ohtani UTIL Eric Lauer UTIL Kyle Tucker UTIL Tommy Edman UTIL Connor Norby UTIL Hunter Feduccia,,,
642,5222731714,Jagman40,0,73.025,CPT Ryan Feltner UTIL Eric Lauer UTIL Tommy Edman UTIL Teoscar Hernandez UTIL Willi Castro UTIL Ezequiel Tovar,,,
642,5222968809,kbrisacher (20/20),0,73.025,CPT Ryan Feltner UTIL Eric Lauer UTIL TJ Rumfield UTIL Teoscar Hernandez UTIL Willi Castro UTIL Ezequiel Tovar,,,
644,5222325643,MultipleWinGasms (11/20),0,73,CPT Shohei Ohtani UTIL Mickey Moniak UTIL TJ Rumfield UTIL Willi Castro UTIL Jordan Beck UTIL Braxton Fulford,,,
644,5222331935,shanemoore27 (6/20),0,73,CPT Mickey Moniak UTIL Max Muncy UTIL Jake McCarthy UTIL TJ Rumfield UTIL Willi Castro UTIL Connor Norby,,,
644,5222541112,Stree (5/20),0,73,CPT TJ Rumfield UTIL Shohei Ohtani UTIL Mickey Moniak UTIL Cole Carrigg UTIL Willi Castro UTIL Ezequiel Tovar,,,
644,5222598590,Featherball (10/10),0,73,CPT Shohei Ohtani UTIL Max Muncy UTIL Tommy Edman UTIL Teoscar Hernandez UTIL Connor Norby UTIL Hunter Feduccia,,,
644,5222631830,Wanna_Square_Up1567 (12/20),0,73,CPT TJ Rumfield UTIL Shohei Ohtani UTIL Mickey Moniak UTIL Cole Carrigg UTIL Willi Castro UTIL Ezequiel Tovar,,,
644,5222662327,dspears56 (3/14),0,73,CPT TJ Rumfield UTIL Jake McCarthy UTIL Cole Carrigg UTIL Mookie Betts UTIL Tommy Edman UTIL Teoscar Hernandez,,,
644,5222846660,TheFH (5/20),0,73,CPT Shohei Ohtani UTIL Mookie Betts UTIL TJ Rumfield UTIL Tommy Edman UTIL Teoscar Hernandez UTIL Hunter Feduccia,,,
644,5222848144,LeslieFama14 (2/4),0,73,CPT Shohei Ohtani UTIL Mookie Betts UTIL TJ Rumfield UTIL Tommy Edman UTIL Teoscar Hernandez UTIL Hunter Feduccia,,,
644,5222933556,Kenmasters7 (7/20),0,73,CPT TJ Rumfield UTIL Shohei Ohtani UTIL Mickey Moniak UTIL Cole Carrigg UTIL Willi Castro UTIL Ezequiel Tovar,,,
644,5222950162,KGould86 (15/20),0,73,CPT Mickey Moniak UTIL Max Muncy UTIL Jake McCarthy UTIL TJ Rumfield UTIL Willi Castro UTIL Connor Norby,,,
644,5222969274,ikey53,0,73,CPT Mickey Moniak UTIL Shohei Ohtani UTIL Mookie Betts UTIL Teoscar Hernandez UTIL Willi Castro UTIL Hunter Feduccia,,,
644,5222982850,JJSaenz (9/20),0,73,CPT Shohei Ohtani UTIL Mookie Betts UTIL TJ Rumfield UTIL Tommy Edman UTIL Teoscar Hernandez UTIL Hunter Feduccia,,,
656,5222439458,LTskelter (8/20),0,72.975,CPT Ryan Feltner UTIL Freddie Freeman UTIL Jake McCarthy UTIL Willi Castro UTIL Connor Norby UTIL Braxton Fulford,,,
656,5222630291,mythicalrhymer01 (2/5),0,72.975,CPT Ryan Feltner UTIL Freddie Freeman UTIL Jake McCarthy UTIL Willi Castro UTIL Connor Norby UTIL Braxton Fulford,,,
658,5222314891,dahoward1974 (5/10),0,72.575,CPT Eric Lauer UTIL Shohei Ohtani UTIL Tommy Edman UTIL Teoscar Hernandez UTIL Ezequiel Tovar UTIL Braxton Fulford,,,
658,5222324763,dahoward1974 (10/10),0,72.575,CPT Eric Lauer UTIL Shohei Ohtani UTIL Tommy Edman UTIL Teoscar Hernandez UTIL Ezequiel Tovar UTIL Braxton Fulford,,,
658,5222494996,SaintWaveCubPel84,0,72.575,CPT Eric Lauer UTIL Shohei Ohtani UTIL Freddie Freeman UTIL Jordan Beck UTIL Connor Norby UTIL Hunter Feduccia,,,
658,5222855718,Roufio (5/6),0,72.575,CPT Eric Lauer UTIL Shohei Ohtani UTIL Freddie Freeman UTIL Jordan Beck UTIL Connor Norby UTIL Hunter Feduccia,,,
658,5223007511,eking4213 (13/20),0,72.575,CPT Eric Lauer UTIL Shohei Ohtani UTIL Kyle Tucker UTIL Tommy Edman UTIL Connor Norby UTIL Hunter Feduccia,,,
658,5223028944,48jthorpe48 (1/5),0,72.575,CPT Eric Lauer UTIL Shohei Ohtani UTIL Freddie Freeman UTIL Jordan Beck UTIL Connor Norby UTIL Hunter Feduccia,,,
664,5222918100,savrome2425 (17/20),0,72.55,CPT Max Muncy UTIL Eric Lauer UTIL Mookie Betts UTIL TJ Rumfield UTIL Willi Castro UTIL Hunter Feduccia,,,
665,5222717153,BackStabuzz,0,72.5,CPT Max Muncy UTIL Jake McCarthy UTIL Kyle Tucker UTIL Mookie Betts UTIL Willi Castro UTIL Connor Norby,,,
665,5222777429,gwhite111,0,72.5,CPT Freddie Freeman UTIL Andy Pages UTIL Kyle Tucker UTIL Willi Castro UTIL Adael Amador UTIL Ezequiel Tovar,,,
665,5222800441,jsh1122 (14/20),0,72.5,CPT Freddie Freeman UTIL Shohei Ohtani UTIL Kyle Tucker UTIL Tommy Edman UTIL Connor Norby UTIL Ezequiel Tovar,,,
665,5222800442,jsh1122 (15/20),0,72.5,CPT Jake McCarthy UTIL Freddie Freeman UTIL Kyle Tucker UTIL Mookie Betts UTIL Teoscar Hernandez UTIL Ezequiel Tovar,,,
665,5222820655,clonefan2020,0,72.5,CPT Freddie Freeman UTIL Shohei Ohtani UTIL Kyle Tucker UTIL Tommy Edman UTIL Connor Norby UTIL Ezequiel Tovar,,,
670,5222539453,JcClark18 (16/20),0,72.225006,CPT Eric Lauer UTIL Ryan Feltner UTIL Freddie Freeman UTIL Willi Castro UTIL Jordan Beck UTIL Ezequiel Tovar,,,
671,5222802901,cwthrow24 (13/20),0,72.15,CPT Cole Carrigg UTIL Ryan Feltner UTIL Jake McCarthy UTIL Kyle Tucker UTIL Willi Castro UTIL Connor Norby,,,
672,5223028946,48jthorpe48 (3/5),0,72.05,CPT Shohei Ohtani UTIL Eric Lauer UTIL TJ Rumfield UTIL Tommy Edman UTIL Jordan Beck UTIL Connor Norby,,,
672,5223032247,84flipmode (17/20),0,72.05,CPT Shohei Ohtani UTIL Eric Lauer UTIL TJ Rumfield UTIL Teoscar Hernandez UTIL Jordan Beck UTIL Ezequiel Tovar,,,
674,5222422877,Caryg07 (18/20),0,72,CPT Tommy Edman UTIL Max Muncy UTIL Mickey Moniak UTIL Jake McCarthy UTIL Willi Castro UTIL Ezequiel Tovar,,,
674,5222541119,Stree (12/20),0,72,CPT Jordan Beck UTIL Freddie Freeman UTIL Max Muncy UTIL Jake McCarthy UTIL Kyle Tucker UTIL Teoscar Hernandez,,,
674,5222762847,brian07,0,72,CPT Mookie Betts UTIL Shohei Ohtani UTIL Max Muncy UTIL Teoscar Hernandez UTIL Willi Castro UTIL Ezequiel Tovar,,,
674,5222911088,sloman,0,72,CPT Ezequiel Tovar UTIL Shohei Ohtani UTIL Freddie Freeman UTIL Max Muncy UTIL Willi Castro UTIL Miguel Rojas,,,
674,5222967516,RickyG1964,0,72,CPT Shohei Ohtani UTIL Jake McCarthy UTIL TJ Rumfield UTIL Tommy Edman UTIL Connor Norby UTIL Ezequiel Tovar,,,
674,5222976495,Slim1042 (2/3),0,72,CPT Mookie Betts UTIL Kyle Tucker UTIL Tommy Edman UTIL Teoscar Hernandez UTIL Willi Castro UTIL Ezequiel Tovar,,,
674,5222982851,JJSaenz (10/20),0,72,CPT Shohei Ohtani UTIL Max Muncy UTIL Kyle Tucker UTIL Willi Castro UTIL Jordan Beck UTIL Ezequiel Tovar,,,
674,5223009569,GRANDSON1195,0,72,CPT Shohei Ohtani UTIL Max Muncy UTIL Jake McCarthy UTIL Teoscar Hernandez UTIL Connor Norby UTIL Ezequiel Tovar,,,
682,5222181000,ivymoose (5/20),0,71.575,CPT Eric Lauer UTIL Freddie Freeman UTIL Max Muncy UTIL Tommy Edman UTIL Connor Norby UTIL Hunter Feduccia,,,
682,5222437311,gwatts77 (5/20),0,71.575,CPT Eric Lauer UTIL Freddie Freeman UTIL Kyle Tucker UTIL Tommy Edman UTIL Hunter Feduccia UTIL Braxton Fulford,,,
682,5222439468,LTskelter (18/20),0,71.575,CPT Eric Lauer UTIL Freddie Freeman UTIL Max Muncy UTIL Tommy Edman UTIL Connor Norby UTIL Hunter Feduccia,,,
682,5222602344,SIRNBT1 (2/6),0,71.575,CPT Eric Lauer UTIL Freddie Freeman UTIL Max Muncy UTIL Tommy Edman UTIL Connor Norby UTIL Hunter Feduccia,,,
682,5222840946,e_quevedo,0,71.575,CPT Eric Lauer UTIL Andy Pages UTIL Cole Carrigg UTIL Willi Castro UTIL Kike Hernandez UTIL Connor Norby,,,
682,5222841521,jabbo123 (13/20),0,71.575,CPT Eric Lauer UTIL Freddie Freeman UTIL Andy Pages UTIL Teoscar Hernandez UTIL Jordan Beck UTIL Hunter Feduccia,,,
682,5222921423,KelvinDubs (5/20),0,71.575,CPT Eric Lauer UTIL Freddie Freeman UTIL Max Muncy UTIL Tommy Edman UTIL Connor Norby UTIL Hunter Feduccia,,,
682,5223012242,bdubya3,0,71.575,CPT Eric Lauer UTIL Freddie Freeman UTIL Max Muncy UTIL Tommy Edman UTIL Connor Norby UTIL Hunter Feduccia,,,
690,5222338866,tbjones2121 (13/20),0,71.55,CPT Kyle Tucker UTIL Eric Lauer UTIL Max Muncy UTIL Mookie Betts UTIL Willi Castro UTIL Hunter Feduccia,,,
690,5222437325,gwatts77 (19/20),0,71.55,CPT Max Muncy UTIL Eric Lauer UTIL TJ Rumfield UTIL Tommy Edman UTIL Teoscar Hernandez UTIL Hunter Feduccia,,,
690,5222895889,atat13 (12/20),0,71.55,CPT Kyle Tucker UTIL Eric Lauer UTIL Jake McCarthy UTIL Cole Carrigg UTIL Teoscar Hernandez UTIL Ezequiel Tovar,,,
693,5222326514,wwc951 (2/20),0,71.5,CPT Max Muncy UTIL Andy Pages UTIL Jake McCarthy UTIL TJ Rumfield UTIL Willi Castro UTIL Ezequiel Tovar,,,
693,5222350670,Sammy.Boy (12/20),0,71.5,CPT Andy Pages UTIL Shohei Ohtani UTIL Freddie Freeman UTIL Teoscar Hernandez UTIL Connor Norby UTIL Hunter Feduccia,,,
693,5222551821,blck90vette,0,71.5,CPT Max Muncy UTIL Shohei Ohtani UTIL Andy Pages UTIL Willi Castro UTIL Connor Norby UTIL Hunter Feduccia,,,
693,5222631838,Wanna_Square_Up1567 (20/20),0,71.5,CPT Andy Pages UTIL Shohei Ohtani UTIL Freddie Freeman UTIL Teoscar Hernandez UTIL Connor Norby UTIL Hunter Feduccia,,,
693,5222648622,gbadertscher (2/4),0,71.5,CPT Andy Pages UTIL Shohei Ohtani UTIL Freddie Freeman UTIL Teoscar Hernandez UTIL Connor Norby UTIL Hunter Feduccia,,,
693,5222745041,chrispy2005 (6/20),0,71.5,CPT Jake McCarthy UTIL Freddie Freeman UTIL Kyle Tucker UTIL Mookie Betts UTIL Tommy Edman UTIL Hunter Feduccia,,,
693,5222781958,dingodan39 (1/6),0,71.5,CPT Max Muncy UTIL Shohei Ohtani UTIL Andy Pages UTIL Willi Castro UTIL Connor Norby UTIL Hunter Feduccia,,,
693,5222887765,FRANKLIFE83,0,71.5,CPT Andy Pages UTIL Shohei Ohtani UTIL Freddie Freeman UTIL Teoscar Hernandez UTIL Connor Norby UTIL Hunter Feduccia,,,
693,5222917984,Indy78 (1/2),0,71.5,CPT Max Muncy UTIL Shohei Ohtani UTIL Andy Pages UTIL Willi Castro UTIL Connor Norby UTIL Hunter Feduccia,,,
693,5222953259,bhuekels,0,71.5,CPT Andy Pages UTIL Shohei Ohtani UTIL Freddie Freeman UTIL Teoscar Hernandez UTIL Connor Norby UTIL Hunter Feduccia,,,
693,5223009190,j-wolf05 (7/20),0,71.5,CPT Braxton Fulford UTIL Shohei Ohtani UTIL Mickey Moniak UTIL Jake McCarthy UTIL Willi Castro UTIL Jordan Beck,,,
693,5223009198,j-wolf05 (15/20),0,71.5,CPT Jake McCarthy UTIL Freddie Freeman UTIL Kyle Tucker UTIL Mookie Betts UTIL Tommy Edman UTIL Hunter Feduccia,,,
693,5223012455,Pontiac57,0,71.5,CPT Andy Pages UTIL Shohei Ohtani UTIL Freddie Freeman UTIL Teoscar Hernandez UTIL Connor Norby UTIL Hunter Feduccia,,,
693,5223015122,antwainteam,0,71.5,CPT Max Muncy UTIL Shohei Ohtani UTIL Andy Pages UTIL Willi Castro UTIL Connor Norby UTIL Hunter Feduccia,,,
693,5223016094,qsmack69 (1/2),0,71.5,CPT Max Muncy UTIL Shohei Ohtani UTIL Andy Pages UTIL Willi Castro UTIL Connor Norby UTIL Hunter Feduccia,,,
708,5222913450,dhoulton35,0,71.3,CPT Max Muncy UTIL Andy Pages UTIL Jake McCarthy UTIL Tommy Edman UTIL Willi Castro UTIL Tanner Scott,,,
708,5223015040,dingodan39 (5/6),0,71.3,CPT Andy Pages UTIL Shohei Ohtani UTIL Freddie Freeman UTIL Willi Castro UTIL Tanner Scott UTIL Kyle Hurt,,,
710,5222908130,Dirtygoogan (2/3),0,71.2,CPT Connor Norby UTIL Eric Lauer UTIL Ryan Feltner UTIL Max Muncy UTIL Tommy Edman UTIL Willi Castro,,,
711,5222325652,MultipleWinGasms (20/20),0,71.05,CPT Shohei Ohtani UTIL Eric Lauer UTIL Cole Carrigg UTIL TJ Rumfield UTIL Connor Norby UTIL Hunter Feduccia,,,
711,5222338869,tbjones2121 (16/20),0,71.05,CPT Shohei Ohtani UTIL Eric Lauer UTIL Mookie Betts UTIL Teoscar Hernandez UTIL Connor Norby UTIL Hunter Feduccia,,,
711,5222422871,Caryg07 (12/20),0,71.05,CPT Shohei Ohtani UTIL Eric Lauer UTIL Mookie Betts UTIL Teoscar Hernandez UTIL Connor Norby UTIL Hunter Feduccia,,,
711,5222437166,sosinmike,0,71.05,CPT Shohei Ohtani UTIL Eric Lauer UTIL Freddie Freeman UTIL Connor Norby UTIL Ezequiel Tovar UTIL Hunter Feduccia,,,
711,5222681460,hatdaddy (16/20),0,71.05,CPT Shohei Ohtani UTIL Eric Lauer UTIL Mookie Betts UTIL Teoscar Hernandez UTIL Connor Norby UTIL Hunter Feduccia,,,
711,5222963701,bigden1954,0,71.05,CPT Shohei Ohtani UTIL Eric Lauer UTIL Freddie Freeman UTIL Connor Norby UTIL Ezequiel Tovar UTIL Hunter Feduccia,,,
711,5223010637,YoungDoe36,0,71.05,CPT Shohei Ohtani UTIL Eric Lauer UTIL Mookie Betts UTIL Teoscar Hernandez UTIL Connor Norby UTIL Hunter Feduccia,,,
718,5222325650,MultipleWinGasms (18/20),0,71,CPT Willi Castro UTIL Shohei Ohtani UTIL Mickey Moniak UTIL Cole Carrigg UTIL Mookie Betts UTIL Ezequiel Tovar,,,
718,5222424006,Satch65 (20/20),0,71,CPT Tommy Edman UTIL Shohei Ohtani UTIL Freddie Freeman UTIL Max Muncy UTIL Connor Norby UTIL Hunter Feduccia,,,
718,5222615583,jwclark311 (16/20),0,71,CPT Tommy Edman UTIL Shohei Ohtani UTIL Freddie Freeman UTIL Max Muncy UTIL Connor Norby UTIL Hunter Feduccia,,,
718,5222721703,mrclean913 (4/20),0,71,CPT Mickey Moniak UTIL Jake McCarthy UTIL Cole Carrigg UTIL Tommy Edman UTIL Willi Castro UTIL Braxton Fulford,,,
718,5222832356,themeek43 (1/2),0,71,CPT Shohei Ohtani UTIL Max Muncy UTIL Jake McCarthy UTIL TJ Rumfield UTIL Connor Norby UTIL Hunter Feduccia,,,
718,5222888849,ballgame1881 (2/20),0,71,CPT Tommy Edman UTIL Shohei Ohtani UTIL Max Muncy UTIL Cole Carrigg UTIL Teoscar Hernandez UTIL Hunter Feduccia,,,
718,5222892979,leighton32 (2/2),0,71,CPT TJ Rumfield UTIL Shohei Ohtani UTIL Freddie Freeman UTIL Max Muncy UTIL Connor Norby UTIL Hunter Feduccia,,,
725,5222802902,cwthrow24 (14/20),0,70.65,CPT TJ Rumfield UTIL Ryan Feltner UTIL Max Muncy UTIL Jake McCarthy UTIL Willi Castro UTIL Jordan Beck,,,
726,5222326712,kreller17 (4/20),0,70.575,CPT Eric Lauer UTIL Shohei Ohtani UTIL Freddie Freeman UTIL Connor Norby UTIL Ezequiel Tovar UTIL Hunter Feduccia,,,
726,5222381462,mjj792 (1/2),0,70.575,CPT Eric Lauer UTIL Freddie Freeman UTIL Kyle Tucker UTIL Cole Carrigg UTIL Connor Norby UTIL Hunter Feduccia,,,
726,5222517734,LOCNOTM (4/20),0,70.575,CPT Eric Lauer UTIL Shohei Ohtani UTIL Mookie Betts UTIL Teoscar Hernandez UTIL Connor Norby UTIL Hunter Feduccia,,,
726,5222681457,hatdaddy (13/20),0,70.575,CPT Eric Lauer UTIL Shohei Ohtani UTIL Cole Carrigg UTIL Tommy Edman UTIL Connor Norby UTIL Hunter Feduccia,,,
730,5222895882,atat13 (5/20),0,70.55,CPT Cole Carrigg UTIL Eric Lauer UTIL Jake McCarthy UTIL Kyle Tucker UTIL Teoscar Hernandez UTIL Ezequiel Tovar,,,
730,5223024294,StonzMVP,0,70.55,CPT Andy Pages UTIL Eric Lauer UTIL Mookie Betts UTIL Tommy Edman UTIL Willi Castro UTIL Connor Norby,,,
732,5222326513,wwc951 (1/20),0,70.5,CPT Andy Pages UTIL Max Muncy UTIL Jake McCarthy UTIL TJ Rumfield UTIL Willi Castro UTIL Ezequiel Tovar,,,
732,5222338857,tbjones2121 (4/20),0,70.5,CPT Max Muncy UTIL Jake McCarthy UTIL Cole Carrigg UTIL Mookie Betts UTIL Willi Castro UTIL Connor Norby,,,
732,5222350669,Sammy.Boy (11/20),0,70.5,CPT Max Muncy UTIL Freddie Freeman UTIL Mookie Betts UTIL Tommy Edman UTIL Willi Castro UTIL Ezequiel Tovar,,,
732,5222654280,colochini503 (3/3),0,70.5,CPT Andy Pages UTIL Shohei Ohtani UTIL Max Muncy UTIL Willi Castro UTIL Connor Norby UTIL Hunter Feduccia,,,
732,5222695211,LoganDFS812 (6/20),0,70.5,CPT Freddie Freeman UTIL Shohei Ohtani UTIL Cole Carrigg UTIL Tommy Edman UTIL Connor Norby UTIL Ezequiel Tovar,,,
732,5222695212,LoganDFS812 (7/20),0,70.5,CPT Freddie Freeman UTIL Shohei Ohtani UTIL Mookie Betts UTIL Teoscar Hernandez UTIL Connor Norby UTIL Ezequiel Tovar,,,
732,5222731302,Douglas1990 (2/4),0,70.5,CPT Andy Pages UTIL Shohei Ohtani UTIL Max Muncy UTIL Willi Castro UTIL Connor Norby UTIL Hunter Feduccia,,,
732,5222804446,anthjimen (3/6),0,70.5,CPT Freddie Freeman UTIL Shohei Ohtani UTIL Cole Carrigg UTIL Tommy Edman UTIL Connor Norby UTIL Ezequiel Tovar,,,
732,5223026747,jpbugeater (5/5),0,70.5,CPT Teoscar Hernandez UTIL Shohei Ohtani UTIL Freddie Freeman UTIL Max Muncy UTIL Jordan Beck UTIL Ezequiel Tovar,,,
732,5223028726,ph54417 (3/20),0,70.5,CPT Freddie Freeman UTIL Shohei Ohtani UTIL Mookie Betts UTIL Teoscar Hernandez UTIL Connor Norby UTIL Ezequiel Tovar,,,
732,5223028727,ph54417 (4/20),0,70.5,CPT Freddie Freeman UTIL Max Muncy UTIL Andy Pages UTIL Willi Castro UTIL Jordan Beck UTIL Ezequiel Tovar,,,
732,5223031711,AndyPaul10,0,70.5,CPT Andy Pages UTIL Shohei Ohtani UTIL Max Muncy UTIL Willi Castro UTIL Connor Norby UTIL Hunter Feduccia,,,
732,5223038044,BUFFALOBILLS29 (3/3),0,70.5,CPT Jake McCarthy UTIL Shohei Ohtani UTIL Cole Carrigg UTIL TJ Rumfield UTIL Connor Norby UTIL Braxton Fulford,,,
745,5222962526,franchiseplayers2024,0,70.225006,CPT Eric Lauer UTIL Ryan Feltner UTIL Mookie Betts UTIL Teoscar Hernandez UTIL Willi Castro UTIL Ezequiel Tovar,,,
746,5223011206,wculler34 (16/20),0,70.05,CPT Jordan Beck UTIL Eric Lauer UTIL Freddie Freeman UTIL Jake McCarthy UTIL Kyle Tucker UTIL Connor Norby,,,
746,5223030415,84flipmode (15/20),0,70.05,CPT Mookie Betts UTIL Eric Lauer UTIL Jake McCarthy UTIL Tommy Edman UTIL Teoscar Hernandez UTIL Connor Norby,,,
748,5222423165,crushing182,0,70.025,CPT Ryan Feltner UTIL Eric Lauer UTIL Freddie Freeman UTIL Willi Castro UTIL Jordan Beck UTIL Connor Norby,,,
748,5222968791,kbrisacher (2/20),0,70.025,CPT Ryan Feltner UTIL Eric Lauer UTIL Freddie Freeman UTIL Willi Castro UTIL Jordan Beck UTIL Connor Norby,,,
750,5222381499,okelly36 (1/2),0,70,CPT Shohei Ohtani UTIL Max Muncy UTIL Mookie Betts UTIL Willi Castro UTIL Jordan Beck UTIL Connor Norby,,,
750,5222422878,Caryg07 (19/20),0,70,CPT Shohei Ohtani UTIL Jake McCarthy UTIL Cole Carrigg UTIL Teoscar Hernandez UTIL Ezequiel Tovar UTIL Braxton Fulford,,,
750,5222423987,Satch65 (1/20),0,70,CPT Shohei Ohtani UTIL Freddie Freeman UTIL Mookie Betts UTIL Teoscar Hernandez UTIL Jordan Beck UTIL Hunter Feduccia,,,
750,5222423997,Satch65 (11/20),0,70,CPT Shohei Ohtani UTIL Max Muncy UTIL Andy Pages UTIL Willi Castro UTIL Ezequiel Tovar UTIL Hunter Feduccia,,,
750,5222615571,jwclark311 (4/20),0,70,CPT Shohei Ohtani UTIL Max Muncy UTIL Kyle Tucker UTIL Teoscar Hernandez UTIL Connor Norby UTIL Hunter Feduccia,,,
750,5222615586,jwclark311 (19/20),0,70,CPT Shohei Ohtani UTIL Freddie Freeman UTIL Mookie Betts UTIL Teoscar Hernandez UTIL Jordan Beck UTIL Hunter Feduccia,,,
750,5222631822,Wanna_Square_Up1567 (4/20),0,70,CPT Shohei Ohtani UTIL Freddie Freeman UTIL Kyle Tucker UTIL Tommy Edman UTIL Ezequiel Tovar UTIL Hunter Feduccia,,,
750,5222681458,hatdaddy (14/20),0,70,CPT Shohei Ohtani UTIL Max Muncy UTIL Andy Pages UTIL Willi Castro UTIL Ezequiel Tovar UTIL Hunter Feduccia,,,
750,5222735686,SpeedRacer101 (11/20),0,70,CPT Shohei Ohtani UTIL Freddie Freeman UTIL Kyle Tucker UTIL Tommy Edman UTIL Ezequiel Tovar UTIL Hunter Feduccia,,,
750,5222772254,RockRichmond,0,70,CPT Adael Amador UTIL Shohei Ohtani UTIL Andy Pages UTIL Cole Carrigg UTIL Tommy Edman UTIL Willi Castro,,,
750,5222870052,jbfones (6/8),0,70,CPT Shohei Ohtani UTIL Freddie Freeman UTIL Mookie Betts UTIL Teoscar Hernandez UTIL Jordan Beck UTIL Hunter Feduccia,,,
750,5222888861,ballgame1881 (14/20),0,70,CPT Tommy Edman UTIL Freddie Freeman UTIL Andy Pages UTIL Kyle Tucker UTIL Teoscar Hernandez UTIL Jordan Beck,,,
750,5222890906,harmon2121 (2/2),0,70,CPT Shohei Ohtani UTIL Max Muncy UTIL Andy Pages UTIL Willi Castro UTIL Ezequiel Tovar UTIL Hunter Feduccia,,,
750,5222916134,Steven_1974 (19/20),0,70,CPT Tommy Edman UTIL Freddie Freeman UTIL Andy Pages UTIL Kyle Tucker UTIL Teoscar Hernandez UTIL Jordan Beck,,,
750,5222921425,KelvinDubs (7/20),0,70,CPT Mookie Betts UTIL Freddie Freeman UTIL Max Muncy UTIL Tommy Edman UTIL Willi Castro UTIL Jordan Beck,,,
750,5222924523,oilslick16,0,70,CPT Shohei Ohtani UTIL Jake McCarthy UTIL Kyle Tucker UTIL Cole Carrigg UTIL Connor Norby UTIL Hunter Feduccia,,,
750,5222927186,fantasyguru1999,0,70,CPT Shohei Ohtani UTIL Andy Pages UTIL Jake McCarthy UTIL Teoscar Hernandez UTIL Connor Norby UTIL Ezequiel Tovar,,,
750,5222933555,Kenmasters7 (6/20),0,70,CPT Tommy Edman UTIL Freddie Freeman UTIL Max Muncy UTIL Kyle Tucker UTIL Teoscar Hernandez UTIL Ezequiel Tovar,,,
750,5222943265,heybert711 (8/20),0,70,CPT Shohei Ohtani UTIL Freddie Freeman UTIL Mookie Betts UTIL Teoscar Hernandez UTIL Jordan Beck UTIL Hunter Feduccia,,,
750,5222953695,Coachmitch52 (1/10),0,70,CPT Shohei Ohtani UTIL Freddie Freeman UTIL Mookie Betts UTIL Teoscar Hernandez UTIL Jordan Beck UTIL Hunter Feduccia,,,
750,5222953860,Coachmitch52 (2/10),0,70,CPT Shohei Ohtani UTIL Freddie Freeman UTIL Mookie Betts UTIL Teoscar Hernandez UTIL Jordan Beck UTIL Hunter Feduccia,,,
750,5222957794,Coachmitch52 (3/10),0,70,CPT Shohei Ohtani UTIL Freddie Freeman UTIL Mookie Betts UTIL Teoscar Hernandez UTIL Jordan Beck UTIL Hunter Feduccia,,,
750,5222957798,Coachmitch52 (4/10),0,70,CPT Shohei Ohtani UTIL Freddie Freeman UTIL Mookie Betts UTIL Teoscar Hernandez UTIL Jordan Beck UTIL Hunter Feduccia,,,
750,5222957804,Coachmitch52 (5/10),0,70,CPT Shohei Ohtani UTIL Freddie Freeman UTIL Mookie Betts UTIL Teoscar Hernandez UTIL Jordan Beck UTIL Hunter Feduccia,,,
750,5222957811,Coachmitch52 (6/10),0,70,CPT Shohei Ohtani UTIL Freddie Freeman UTIL Mookie Betts UTIL Teoscar Hernandez UTIL Jordan Beck UTIL Hunter Feduccia,,,
750,5222957813,Coachmitch52 (7/10),0,70,CPT Shohei Ohtani UTIL Freddie Freeman UTIL Mookie Betts UTIL Teoscar Hernandez UTIL Jordan Beck UTIL Hunter Feduccia,,,
750,5222957815,Coachmitch52 (8/10),0,70,CPT Shohei Ohtani UTIL Freddie Freeman UTIL Mookie Betts UTIL Teoscar Hernandez UTIL Jordan Beck UTIL Hunter Feduccia,,,
750,5222957823,Coachmitch52 (9/10),0,70,CPT Shohei Ohtani UTIL Freddie Freeman UTIL Mookie Betts UTIL Teoscar Hernandez UTIL Jordan Beck UTIL Hunter Feduccia,,,
750,5222957854,Coachmitch52 (10/10),0,70,CPT Shohei Ohtani UTIL Freddie Freeman UTIL Mookie Betts UTIL Teoscar Hernandez UTIL Jordan Beck UTIL Hunter Feduccia,,,
750,5222980862,awesomepappa3,0,70,CPT Shohei Ohtani UTIL Max Muncy UTIL Andy Pages UTIL Willi Castro UTIL Ezequiel Tovar UTIL Hunter Feduccia,,,
750,5222986985,shouse01 (1/2),0,70,CPT Shohei Ohtani UTIL Max Muncy UTIL Mookie Betts UTIL Willi Castro UTIL Jordan Beck UTIL Connor Norby,,,
750,5222992432,shouse01 (2/2),0,70,CPT Shohei Ohtani UTIL Max Muncy UTIL Mookie Betts UTIL Willi Castro UTIL Jordan Beck UTIL Connor Norby,,,
782,5222350667,Sammy.Boy (9/20),0,69.575,CPT Eric Lauer UTIL Kyle Tucker UTIL Mookie Betts UTIL Tommy Edman UTIL Teoscar Hernandez UTIL Connor Norby,,,
782,5222514619,rsumrall (10/20),0,69.575,CPT Eric Lauer UTIL Kyle Tucker UTIL Mookie Betts UTIL Tommy Edman UTIL Teoscar Hernandez UTIL Connor Norby,,,
782,5222539439,JcClark18 (2/20),0,69.575,CPT Eric Lauer UTIL Kyle Tucker UTIL Mookie Betts UTIL Tommy Edman UTIL Teoscar Hernandez UTIL Connor Norby,,,
782,5222841520,jabbo123 (12/20),0,69.575,CPT Eric Lauer UTIL Freddie Freeman UTIL Andy Pages UTIL Tommy Edman UTIL Connor Norby UTIL Hunter Feduccia,,,
782,5222925188,pickleddream55,0,69.575,CPT Eric Lauer UTIL Jake McCarthy UTIL Mookie Betts UTIL TJ Rumfield UTIL Tommy Edman UTIL Hunter Feduccia,,,
782,5222968795,kbrisacher (6/20),0,69.575,CPT Eric Lauer UTIL Freddie Freeman UTIL Andy Pages UTIL Tommy Edman UTIL Connor Norby UTIL Hunter Feduccia,,,
782,5222995276,colbyhornet (4/20),0,69.575,CPT Eric Lauer UTIL Kyle Tucker UTIL Mookie Betts UTIL Tommy Edman UTIL Teoscar Hernandez UTIL Connor Norby,,,
782,5223010238,withdrawls123 (3/3),0,69.575,CPT Eric Lauer UTIL Andy Pages UTIL Mookie Betts UTIL Tommy Edman UTIL Willi Castro UTIL Ezequiel Tovar,,,
782,5223015703,Steelers1933530 (1/15),0,69.575,CPT Eric Lauer UTIL Kyle Tucker UTIL Cole Carrigg UTIL TJ Rumfield UTIL Tommy Edman UTIL Connor Norby,,,
791,5222350678,Sammy.Boy (20/20),0,69.55,CPT Max Muncy UTIL Eric Lauer UTIL Freddie Freeman UTIL Teoscar Hernandez UTIL Jordan Beck UTIL Connor Norby,,,
791,5222733922,floydian80 (11/20),0,69.55,CPT Kyle Tucker UTIL Eric Lauer UTIL Andy Pages UTIL Mookie Betts UTIL Willi Castro UTIL Hunter Feduccia,,,
791,5222735688,SpeedRacer101 (13/20),0,69.55,CPT Kyle Tucker UTIL Eric Lauer UTIL Andy Pages UTIL Tommy Edman UTIL Teoscar Hernandez UTIL Connor Norby,,,
791,5222921426,KelvinDubs (8/20),0,69.55,CPT Teoscar Hernandez UTIL Eric Lauer UTIL Andy Pages UTIL Kyle Tucker UTIL Tommy Edman UTIL Jordan Beck,,,
791,5222921473,Kenmasters7 (1/20),0,69.55,CPT Kyle Tucker UTIL Eric Lauer UTIL Andy Pages UTIL Tommy Edman UTIL Teoscar Hernandez UTIL Connor Norby,,,
791,5223015716,Steelers1933530 (14/15),0,69.55,CPT Kyle Tucker UTIL Eric Lauer UTIL Andy Pages UTIL Tommy Edman UTIL Teoscar Hernandez UTIL Connor Norby,,,
797,5222300226,damoney8888,0,69.5,CPT Teoscar Hernandez UTIL Freddie Freeman UTIL Mickey Moniak UTIL Kyle Tucker UTIL Cole Carrigg UTIL Hunter Feduccia,,,
797,5222786917,Racheldawn-76 (2/2),0,69.5,CPT Andy Pages UTIL Shohei Ohtani UTIL Cole Carrigg UTIL Willi Castro UTIL Connor Norby UTIL Braxton Fulford,,,
797,5222832964,cheesegiez,0,69.5,CPT Freddie Freeman UTIL Shohei Ohtani UTIL Kyle Tucker UTIL Connor Norby UTIL Hunter Feduccia UTIL Braxton Fulford,,,
797,5222916132,Steven_1974 (17/20),0,69.5,CPT Jake McCarthy UTIL Freddie Freeman UTIL Cole Carrigg UTIL Mookie Betts UTIL TJ Rumfield UTIL Hunter Feduccia,,,
797,5222917408,Rich4585,0,69.5,CPT Kyle Tucker UTIL Shohei Ohtani UTIL Freddie Freeman UTIL TJ Rumfield UTIL Jordan Beck UTIL Connor Norby,,,
797,5222963618,Hatmanrox (1/2),0,69.5,CPT Freddie Freeman UTIL Shohei Ohtani UTIL Mookie Betts UTIL Tommy Edman UTIL Connor Norby UTIL Hunter Feduccia,,,
797,5222963619,Hatmanrox (2/2),0,69.5,CPT Freddie Freeman UTIL Shohei Ohtani UTIL Mookie Betts UTIL Tommy Edman UTIL Connor Norby UTIL Hunter Feduccia,,,
797,5223017177,nealjwells71 (16/20),0,69.5,CPT Cole Carrigg UTIL Shohei Ohtani UTIL Freddie Freeman UTIL Jake McCarthy UTIL Connor Norby UTIL Ezequiel Tovar,,,
797,5223029925,ksmoak,0,69.5,CPT Freddie Freeman UTIL Shohei Ohtani UTIL Mickey Moniak UTIL Teoscar Hernandez UTIL Ezequiel Tovar UTIL Hunter Feduccia,,,
806,5222995273,colbyhornet (1/20),0,69.025,CPT Ryan Feltner UTIL Eric Lauer UTIL Jake McCarthy UTIL Willi Castro UTIL Connor Norby UTIL Braxton Fulford,,,
807,5222331949,shanemoore27 (20/20),0,69,CPT Shohei Ohtani UTIL Jake McCarthy UTIL Cole Carrigg UTIL TJ Rumfield UTIL Hunter Feduccia UTIL Braxton Fulford,,,
807,5222615579,jwclark311 (12/20),0,69,CPT Shohei Ohtani UTIL Max Muncy UTIL Tommy Edman UTIL Teoscar Hernandez UTIL Hunter Feduccia UTIL Braxton Fulford,,,
807,5222721716,mrclean913 (17/20),0,69,CPT Mickey Moniak UTIL Shohei Ohtani UTIL TJ Rumfield UTIL Willi Castro UTIL Jordan Beck UTIL Connor Norby,,,
807,5222735678,SpeedRacer101 (3/20),0,69,CPT Shohei Ohtani UTIL Andy Pages UTIL Jake McCarthy UTIL TJ Rumfield UTIL Connor Norby UTIL Hunter Feduccia,,,
807,5222785125,oscarquintanilla58 (3/4),0,69,CPT Mookie Betts UTIL Shohei Ohtani UTIL Andy Pages UTIL Tommy Edman UTIL Willi Castro UTIL Hunter Feduccia,,,
807,5222794522,oscarquintanilla58 (4/4),0,69,CPT Mookie Betts UTIL Shohei Ohtani UTIL Andy Pages UTIL Tommy Edman UTIL Willi Castro UTIL Hunter Feduccia,,,
807,5222800435,jsh1122 (8/20),0,69,CPT Jordan Beck UTIL Shohei Ohtani UTIL Freddie Freeman UTIL Mookie Betts UTIL Tommy Edman UTIL Teoscar Hernandez,,,
807,5223028770,laxramper,0,69,CPT Tommy Edman UTIL Shohei Ohtani UTIL Max Muncy UTIL Jake McCarthy UTIL Connor Norby UTIL Hunter Feduccia,,,
815,5222181007,ivymoose (12/20),0,68.975,CPT Ryan Feltner UTIL Jake McCarthy UTIL Cole Carrigg UTIL TJ Rumfield UTIL Willi Castro UTIL Hunter Feduccia,,,
815,5222326726,kreller17 (18/20),0,68.975,CPT Ryan Feltner UTIL Jake McCarthy UTIL Cole Carrigg UTIL TJ Rumfield UTIL Willi Castro UTIL Hunter Feduccia,,,
815,5222350672,Sammy.Boy (14/20),0,68.975,CPT Ryan Feltner UTIL Jake McCarthy UTIL Cole Carrigg UTIL TJ Rumfield UTIL Willi Castro UTIL Hunter Feduccia,,,
815,5222492958,FoxyGrandpa252 (2/20),0,68.975,CPT Ryan Feltner UTIL Jake McCarthy UTIL Cole Carrigg UTIL TJ Rumfield UTIL Willi Castro UTIL Hunter Feduccia,,,
815,5222554549,eptxguy (5/6),0,68.975,CPT Ryan Feltner UTIL Jake McCarthy UTIL Cole Carrigg UTIL TJ Rumfield UTIL Willi Castro UTIL Hunter Feduccia,,,
815,5222706491,rams779 (4/10),0,68.975,CPT Ryan Feltner UTIL Shohei Ohtani UTIL Jake McCarthy UTIL Willi Castro UTIL Jordan Beck UTIL Connor Norby,,,
815,5222735623,SpeedRacer101 (1/20),0,68.975,CPT Ryan Feltner UTIL Jake McCarthy UTIL Cole Carrigg UTIL TJ Rumfield UTIL Willi Castro UTIL Hunter Feduccia,,,
815,5222841513,jabbo123 (5/20),0,68.975,CPT Ryan Feltner UTIL Jake McCarthy UTIL Cole Carrigg UTIL TJ Rumfield UTIL Willi Castro UTIL Hunter Feduccia,,,
815,5222846657,TheFH (2/20),0,68.975,CPT Ryan Feltner UTIL Jake McCarthy UTIL Cole Carrigg UTIL TJ Rumfield UTIL Willi Castro UTIL Hunter Feduccia,,,
815,5222910807,Ezilodi (1/20),0,68.975,CPT Ryan Feltner UTIL Jake McCarthy UTIL Cole Carrigg UTIL TJ Rumfield UTIL Willi Castro UTIL Hunter Feduccia,,,
825,5222242623,charleso83 (1/2),0,68.575,CPT Eric Lauer UTIL Shohei Ohtani UTIL Kyle Tucker UTIL Teoscar Hernandez UTIL Jordan Beck UTIL Ezequiel Tovar,,,
825,5222331934,shanemoore27 (5/20),0,68.575,CPT Eric Lauer UTIL Shohei Ohtani UTIL Max Muncy UTIL Teoscar Hernandez UTIL Ezequiel Tovar UTIL Hunter Feduccia,,,
825,5222350671,Sammy.Boy (13/20),0,68.575,CPT Eric Lauer UTIL Shohei Ohtani UTIL Max Muncy UTIL Teoscar Hernandez UTIL Ezequiel Tovar UTIL Hunter Feduccia,,,
825,5222368794,dailyp203,0,68.575,CPT Eric Lauer UTIL Shohei Ohtani UTIL Max Muncy UTIL Teoscar Hernandez UTIL Ezequiel Tovar UTIL Hunter Feduccia,,,
825,5222437308,gwatts77 (2/20),0,68.575,CPT Eric Lauer UTIL Mickey Moniak UTIL Kyle Tucker UTIL Tommy Edman UTIL Teoscar Hernandez UTIL Hunter Feduccia,,,
825,5222492961,FoxyGrandpa252 (5/20),0,68.575,CPT Eric Lauer UTIL Shohei Ohtani UTIL Max Muncy UTIL Teoscar Hernandez UTIL Ezequiel Tovar UTIL Hunter Feduccia,,,
825,5222514610,rsumrall (1/20),0,68.575,CPT Eric Lauer UTIL Shohei Ohtani UTIL Max Muncy UTIL Teoscar Hernandez UTIL Ezequiel Tovar UTIL Hunter Feduccia,,,
825,5222517737,LOCNOTM (7/20),0,68.575,CPT Eric Lauer UTIL Shohei Ohtani UTIL Max Muncy UTIL Teoscar Hernandez UTIL Ezequiel Tovar UTIL Hunter Feduccia,,,
825,5222534470,deathmetalbob (1/2),0,68.575,CPT Eric Lauer UTIL Shohei Ohtani UTIL Max Muncy UTIL Teoscar Hernandez UTIL Ezequiel Tovar UTIL Hunter Feduccia,,,
825,5222539444,JcClark18 (7/20),0,68.575,CPT Eric Lauer UTIL Shohei Ohtani UTIL Max Muncy UTIL Teoscar Hernandez UTIL Ezequiel Tovar UTIL Hunter Feduccia,,,
825,5222542682,highrollers77win,0,68.575,CPT Eric Lauer UTIL Shohei Ohtani UTIL Max Muncy UTIL Teoscar Hernandez UTIL Ezequiel Tovar UTIL Hunter Feduccia,,,
825,5222542910,Natalie0080,0,68.575,CPT Eric Lauer UTIL Shohei Ohtani UTIL Freddie Freeman UTIL Jordan Beck UTIL Hunter Feduccia UTIL Braxton Fulford,,,
825,5222579474,Speed6h (2/3),0,68.575,CPT Eric Lauer UTIL Max Muncy UTIL Andy Pages UTIL Willi Castro UTIL Ezequiel Tovar UTIL Hunter Feduccia,,,
825,5222652776,goheelz1 (1/7),0,68.575,CPT Eric Lauer UTIL Shohei Ohtani UTIL Max Muncy UTIL Teoscar Hernandez UTIL Ezequiel Tovar UTIL Hunter Feduccia,,,
825,5222757527,austin60915 (5/20),0,68.575,CPT Eric Lauer UTIL Shohei Ohtani UTIL Max Muncy UTIL Teoscar Hernandez UTIL Ezequiel Tovar UTIL Hunter Feduccia,,,
825,5222757539,austin60915 (17/20),0,68.575,CPT Eric Lauer UTIL Shohei Ohtani UTIL Freddie Freeman UTIL Jordan Beck UTIL Hunter Feduccia UTIL Braxton Fulford,,,
825,5222841528,jabbo123 (20/20),0,68.575,CPT Eric Lauer UTIL Shohei Ohtani UTIL Max Muncy UTIL Teoscar Hernandez UTIL Ezequiel Tovar UTIL Hunter Feduccia,,,
825,5222870049,jbfones (3/8),0,68.575,CPT Eric Lauer UTIL Shohei Ohtani UTIL Kyle Tucker UTIL Teoscar Hernandez UTIL Jordan Beck UTIL Ezequiel Tovar,,,
825,5222921431,KelvinDubs (13/20),0,68.575,CPT Eric Lauer UTIL Shohei Ohtani UTIL Max Muncy UTIL Teoscar Hernandez UTIL Ezequiel Tovar UTIL Hunter Feduccia,,,
825,5222940115,malmvsbcc (1/20),0,68.575,CPT Eric Lauer UTIL Shohei Ohtani UTIL Max Muncy UTIL Teoscar Hernandez UTIL Ezequiel Tovar UTIL Hunter Feduccia,,,
825,5222940116,malmvsbcc (2/20),0,68.575,CPT Eric Lauer UTIL Shohei Ohtani UTIL Max Muncy UTIL Teoscar Hernandez UTIL Ezequiel Tovar UTIL Hunter Feduccia,,,
825,5222940117,malmvsbcc (3/20),0,68.575,CPT Eric Lauer UTIL Shohei Ohtani UTIL Max Muncy UTIL Teoscar Hernandez UTIL Ezequiel Tovar UTIL Hunter Feduccia,,,
825,5222940118,malmvsbcc (4/20),0,68.575,CPT Eric Lauer UTIL Shohei Ohtani UTIL Max Muncy UTIL Teoscar Hernandez UTIL Ezequiel Tovar UTIL Hunter Feduccia,,,
825,5222940119,malmvsbcc (5/20),0,68.575,CPT Eric Lauer UTIL Shohei Ohtani UTIL Max Muncy UTIL Teoscar Hernandez UTIL Ezequiel Tovar UTIL Hunter Feduccia,,,
825,5222940120,malmvsbcc (6/20),0,68.575,CPT Eric Lauer UTIL Shohei Ohtani UTIL Max Muncy UTIL Teoscar Hernandez UTIL Ezequiel Tovar UTIL Hunter Feduccia,,,
825,5222940121,malmvsbcc (7/20),0,68.575,CPT Eric Lauer UTIL Shohei Ohtani UTIL Max Muncy UTIL Teoscar Hernandez UTIL Ezequiel Tovar UTIL Hunter Feduccia,,,
825,5222940122,malmvsbcc (8/20),0,68.575,CPT Eric Lauer UTIL Shohei Ohtani UTIL Max Muncy UTIL Teoscar Hernandez UTIL Ezequiel Tovar UTIL Hunter Feduccia,,,
825,5222940123,malmvsbcc (9/20),0,68.575,CPT Eric Lauer UTIL Shohei Ohtani UTIL Max Muncy UTIL Teoscar Hernandez UTIL Ezequiel Tovar UTIL Hunter Feduccia,,,
825,5222940124,malmvsbcc (10/20),0,68.575,CPT Eric Lauer UTIL Shohei Ohtani UTIL Max Muncy UTIL Teoscar Hernandez UTIL Ezequiel Tovar UTIL Hunter Feduccia,,,
825,5222940125,malmvsbcc (11/20),0,68.575,CPT Eric Lauer UTIL Shohei Ohtani UTIL Max Muncy UTIL Teoscar Hernandez UTIL Ezequiel Tovar UTIL Hunter Feduccia,,,
825,5222940126,malmvsbcc (12/20),0,68.575,CPT Eric Lauer UTIL Shohei Ohtani UTIL Max Muncy UTIL Teoscar Hernandez UTIL Ezequiel Tovar UTIL Hunter Feduccia,,,
825,5222940127,malmvsbcc (13/20),0,68.575,CPT Eric Lauer UTIL Shohei Ohtani UTIL Max Muncy UTIL Teoscar Hernandez UTIL Ezequiel Tovar UTIL Hunter Feduccia,,,
825,5222940128,malmvsbcc (14/20),0,68.575,CPT Eric Lauer UTIL Shohei Ohtani UTIL Max Muncy UTIL Teoscar Hernandez UTIL Ezequiel Tovar UTIL Hunter Feduccia,,,
825,5222940129,malmvsbcc (15/20),0,68.575,CPT Eric Lauer UTIL Shohei Ohtani UTIL Max Muncy UTIL Teoscar Hernandez UTIL Ezequiel Tovar UTIL Hunter Feduccia,,,
825,5222940130,malmvsbcc (16/20),0,68.575,CPT Eric Lauer UTIL Shohei Ohtani UTIL Max Muncy UTIL Teoscar Hernandez UTIL Ezequiel Tovar UTIL Hunter Feduccia,,,
825,5222940131,malmvsbcc (17/20),0,68.575,CPT Eric Lauer UTIL Shohei Ohtani UTIL Max Muncy UTIL Teoscar Hernandez UTIL Ezequiel Tovar UTIL Hunter Feduccia,,,
825,5222940132,malmvsbcc (18/20),0,68.575,CPT Eric Lauer UTIL Shohei Ohtani UTIL Max Muncy UTIL Teoscar Hernandez UTIL Ezequiel Tovar UTIL Hunter Feduccia,,,
825,5222940133,malmvsbcc (19/20),0,68.575,CPT Eric Lauer UTIL Shohei Ohtani UTIL Max Muncy UTIL Teoscar Hernandez UTIL Ezequiel Tovar UTIL Hunter Feduccia,,,
825,5222940134,malmvsbcc (20/20),0,68.575,CPT Eric Lauer UTIL Shohei Ohtani UTIL Max Muncy UTIL Teoscar Hernandez UTIL Ezequiel Tovar UTIL Hunter Feduccia,,,
825,5222962541,BmoreAware,0,68.575,CPT Eric Lauer UTIL Shohei Ohtani UTIL Max Muncy UTIL Teoscar Hernandez UTIL Ezequiel Tovar UTIL Hunter Feduccia,,,
825,5222965864,joejoe1908,0,68.575,CPT Eric Lauer UTIL Shohei Ohtani UTIL Max Muncy UTIL Teoscar Hernandez UTIL Ezequiel Tovar UTIL Hunter Feduccia,,,
825,5222969885,Birddog1985 (2/2),0,68.575,CPT Eric Lauer UTIL Shohei Ohtani UTIL Freddie Freeman UTIL Jordan Beck UTIL Hunter Feduccia UTIL Braxton Fulford,,,
825,5223022804,kylesexton63,0,68.575,CPT Eric Lauer UTIL Shohei Ohtani UTIL Max Muncy UTIL Teoscar Hernandez UTIL Ezequiel Tovar UTIL Hunter Feduccia,,,
825,5223022871,AGGIES1515,0,68.575,CPT Eric Lauer UTIL Shohei Ohtani UTIL Max Muncy UTIL Teoscar Hernandez UTIL Ezequiel Tovar UTIL Hunter Feduccia,,,
825,5223025077,banjer62 (1/3),0,68.575,CPT Eric Lauer UTIL Shohei Ohtani UTIL Max Muncy UTIL Teoscar Hernandez UTIL Ezequiel Tovar UTIL Hunter Feduccia,,,
870,5222631835,Wanna_Square_Up1567 (17/20),0,68.55,CPT Freddie Freeman UTIL Eric Lauer UTIL Max Muncy UTIL Tommy Edman UTIL Jordan Beck UTIL Hunter Feduccia,,,
870,5223011208,wculler34 (18/20),0,68.55,CPT Max Muncy UTIL Eric Lauer UTIL Freddie Freeman UTIL Teoscar Hernandez UTIL Jordan Beck UTIL Hunter Feduccia,,,
870,5223015714,Steelers1933530 (12/15),0,68.55,CPT Freddie Freeman UTIL Eric Lauer UTIL Shohei Ohtani UTIL Jordan Beck UTIL Connor Norby UTIL Ezequiel Tovar,,,
873,5222326519,wwc951 (7/20),0,68.5,CPT Cole Carrigg UTIL Shohei Ohtani UTIL Freddie Freeman UTIL Jake McCarthy UTIL Ezequiel Tovar UTIL Hunter Feduccia,,,
873,5222326720,kreller17 (12/20),0,68.5,CPT Cole Carrigg UTIL Shohei Ohtani UTIL Freddie Freeman UTIL Jake McCarthy UTIL Ezequiel Tovar UTIL Hunter Feduccia,,,
873,5222399285,pepsiman34,0,68.5,CPT Freddie Freeman UTIL Cole Carrigg UTIL Mookie Betts UTIL Tommy Edman UTIL Teoscar Hernandez UTIL Jordan Beck,,,
873,5222509455,AverillsAvengers,0,68.5,CPT Freddie Freeman UTIL Cole Carrigg UTIL Mookie Betts UTIL Tommy Edman UTIL Teoscar Hernandez UTIL Jordan Beck,,,
873,5222573807,bobbyf,0,68.5,CPT Freddie Freeman UTIL Kyle Tucker UTIL Mookie Betts UTIL Tommy Edman UTIL Teoscar Hernandez UTIL Ezequiel Tovar,,,
873,5222695215,LoganDFS812 (10/20),0,68.5,CPT Max Muncy UTIL Jake McCarthy UTIL Cole Carrigg UTIL Tommy Edman UTIL Teoscar Hernandez UTIL Hunter Feduccia,,,
873,5222757540,austin60915 (18/20),0,68.5,CPT Max Muncy UTIL Mickey Moniak UTIL Jake McCarthy UTIL TJ Rumfield UTIL Willi Castro UTIL Ezequiel Tovar,,,
873,5222869462,marwalk82 (1/8),0,68.5,CPT Max Muncy UTIL Shohei Ohtani UTIL Mickey Moniak UTIL Willi Castro UTIL Connor Norby UTIL Hunter Feduccia,,,
873,5222926980,Brian60606060,0,68.5,CPT Freddie Freeman UTIL Kyle Tucker UTIL Mookie Betts UTIL TJ Rumfield UTIL Teoscar Hernandez UTIL Ezequiel Tovar,,,
882,5223010047,TNeidert (5/20),0,68.225006,CPT Eric Lauer UTIL Ryan Feltner UTIL TJ Rumfield UTIL Tommy Edman UTIL Teoscar Hernandez UTIL Hunter Feduccia,,,
883,5223037991,84flipmode (20/20),0,68.15,CPT Cole Carrigg UTIL Ryan Feltner UTIL Andy Pages UTIL Teoscar Hernandez UTIL Willi Castro UTIL Connor Norby,,,
884,5223007506,eking4213 (8/20),0,68.05,CPT Jordan Beck UTIL Eric Lauer UTIL Shohei Ohtani UTIL Freddie Freeman UTIL Kyle Tucker UTIL Hunter Feduccia,,,
885,5222324661,dahoward1974 (8/10),0,68,CPT Tommy Edman UTIL Shohei Ohtani UTIL Mookie Betts UTIL TJ Rumfield UTIL Teoscar Hernandez UTIL Braxton Fulford,,,
885,5222381500,okelly36 (2/2),0,68,CPT Shohei Ohtani UTIL Freddie Freeman UTIL Mookie Betts UTIL Tommy Edman UTIL Connor Norby UTIL Hunter Feduccia,,,
885,5222424001,Satch65 (15/20),0,68,CPT Hunter Feduccia UTIL Shohei Ohtani UTIL Max Muncy UTIL Jake McCarthy UTIL Kyle Tucker UTIL Tommy Edman,,,
885,5222615576,jwclark311 (9/20),0,68,CPT Shohei Ohtani UTIL Andy Pages UTIL Kyle Tucker UTIL Teoscar Hernandez UTIL Connor Norby UTIL Hunter Feduccia,,,
885,5222615831,Edgitt116 (7/8),0,68,CPT Tommy Edman UTIL Shohei Ohtani UTIL Mickey Moniak UTIL Kyle Tucker UTIL Teoscar Hernandez UTIL Hunter Feduccia,,,
885,5222781438,ZEUSKIZZ,0,68,CPT Shohei Ohtani UTIL Tommy Edman UTIL Willi Castro UTIL Kike Hernandez UTIL Miguel Rojas UTIL Troy Johnston,,,
885,5222839966,xXxPLOSIVE (1/9),0,68,CPT Shohei Ohtani UTIL Freddie Freeman UTIL Mookie Betts UTIL Tommy Edman UTIL Connor Norby UTIL Hunter Feduccia,,,
885,5222933559,Kenmasters7 (10/20),0,68,CPT Mickey Moniak UTIL Shohei Ohtani UTIL Jake McCarthy UTIL Willi Castro UTIL Ezequiel Tovar UTIL Braxton Fulford,,,
885,5222971695,BlueDevil3331,0,68,CPT Shohei Ohtani UTIL Freddie Freeman UTIL Mookie Betts UTIL Tommy Edman UTIL Connor Norby UTIL Hunter Feduccia,,,
885,5222986807,webpence,0,68,CPT Shohei Ohtani UTIL Freddie Freeman UTIL Mookie Betts UTIL TJ Rumfield UTIL Connor Norby UTIL Hunter Feduccia,,,
885,5223018715,mrjbgray (1/2),0,68,CPT Shohei Ohtani UTIL Max Muncy UTIL Mickey Moniak UTIL Willi Castro UTIL Connor Norby UTIL Ezequiel Tovar,,,
885,5223019130,mrjbgray (2/2),0,68,CPT Shohei Ohtani UTIL Max Muncy UTIL Mickey Moniak UTIL Willi Castro UTIL Connor Norby UTIL Ezequiel Tovar,,,
885,5223025388,NewEnglamdFan (2/4),0,68,CPT Shohei Ohtani UTIL Freddie Freeman UTIL Mookie Betts UTIL Tommy Edman UTIL Connor Norby UTIL Hunter Feduccia,,,
885,5223030340,Slim1042 (3/3),0,68,CPT Shohei Ohtani UTIL Andy Pages UTIL Mookie Betts UTIL Willi Castro UTIL Jordan Beck UTIL Connor Norby,,,
885,5223034943,kyleorso (12/20),0,68,CPT Shohei Ohtani UTIL Freddie Freeman UTIL Mookie Betts UTIL Tommy Edman UTIL Connor Norby UTIL Hunter Feduccia,,,
900,5222653241,jah_586 (4/20),0,67.975,CPT Ryan Feltner UTIL Freddie Freeman UTIL Jake McCarthy UTIL Willi Castro UTIL Jordan Beck UTIL Braxton Fulford,,,
900,5222735401,Basiletti0808,0,67.975,CPT Ryan Feltner UTIL Max Muncy UTIL Jake McCarthy UTIL Teoscar Hernandez UTIL Willi Castro UTIL Ezequiel Tovar,,,
900,5222781613,james2958 (1/2),0,67.975,CPT Ryan Feltner UTIL Max Muncy UTIL Jake McCarthy UTIL Teoscar Hernandez UTIL Willi Castro UTIL Ezequiel Tovar,,,
903,5222428141,cowboyf250,0,67.7,CPT Shohei Ohtani UTIL Eric Lauer UTIL Ryan Feltner UTIL Willi Castro UTIL Ezequiel Tovar UTIL Ryan Ward,,,
904,5222355998,nedmartin (1/3),0,67.575,CPT Eric Lauer UTIL Shohei Ohtani UTIL Kyle Tucker UTIL Tommy Edman UTIL Jordan Beck UTIL Hunter Feduccia,,,
904,5222403095,az350z (5/20),0,67.575,CPT Eric Lauer UTIL Shohei Ohtani UTIL Kyle Tucker UTIL Tommy Edman UTIL Jordan Beck UTIL Hunter Feduccia,,,
904,5222422870,Caryg07 (11/20),0,67.575,CPT Eric Lauer UTIL Shohei Ohtani UTIL Kyle Tucker UTIL Tommy Edman UTIL Jordan Beck UTIL Hunter Feduccia,,,
904,5222517733,LOCNOTM (3/20),0,67.575,CPT Eric Lauer UTIL Shohei Ohtani UTIL Kyle Tucker UTIL Tommy Edman UTIL Jordan Beck UTIL Hunter Feduccia,,,
904,5222541126,Stree (19/20),0,67.575,CPT Eric Lauer UTIL Shohei Ohtani UTIL Kyle Tucker UTIL Tommy Edman UTIL Jordan Beck UTIL Hunter Feduccia,,,
904,5222802896,cwthrow24 (8/20),0,67.575,CPT Eric Lauer UTIL Shohei Ohtani UTIL Kyle Tucker UTIL Tommy Edman UTIL Jordan Beck UTIL Hunter Feduccia,,,
904,5222846672,TheFH (17/20),0,67.575,CPT Eric Lauer UTIL Shohei Ohtani UTIL Kyle Tucker UTIL Tommy Edman UTIL Jordan Beck UTIL Hunter Feduccia,,,
911,5222470174,jbar90,0,67.55,CPT Freddie Freeman UTIL Eric Lauer UTIL Jake McCarthy UTIL Cole Carrigg UTIL Hyeseong Kim UTIL Paul Gervase,,,
911,5222593689,Featherball (9/10),0,67.55,CPT Teoscar Hernandez UTIL Eric Lauer UTIL Max Muncy UTIL Mookie Betts UTIL Tommy Edman UTIL Connor Norby,,,
911,5222956519,shoeless2469 (2/5),0,67.55,CPT Freddie Freeman UTIL Eric Lauer UTIL Max Muncy UTIL Tommy Edman UTIL Connor Norby UTIL Ezequiel Tovar,,,
911,5222980768,gjglo (2/4),0,67.55,CPT Andy Pages UTIL Eric Lauer UTIL Shohei Ohtani UTIL Teoscar Hernandez UTIL Connor Norby UTIL Hunter Feduccia,,,
915,5222134018,RFinch_Kings (2/2),0,67.5,CPT Jake McCarthy UTIL Andy Pages UTIL Mickey Moniak UTIL Mookie Betts UTIL Willi Castro UTIL Connor Norby,,,
915,5222452379,edward21025,0,67.5,CPT Max Muncy UTIL Shohei Ohtani UTIL Freddie Freeman UTIL Teoscar Hernandez UTIL Ezequiel Tovar UTIL Hunter Feduccia,,,
915,5222457769,the__moose,0,67.5,CPT Kyle Tucker UTIL Shohei Ohtani UTIL Mookie Betts UTIL Tommy Edman UTIL Teoscar Hernandez UTIL Connor Norby,,,
915,5222478793,rkjniner (2/2),0,67.5,CPT Max Muncy UTIL Shohei Ohtani UTIL Andy Pages UTIL Willi Castro UTIL Jordan Beck UTIL Connor Norby,,,
915,5222488361,mchdad,0,67.5,CPT Max Muncy UTIL Shohei Ohtani UTIL Andy Pages UTIL Willi Castro UTIL Jordan Beck UTIL Connor Norby,,,
915,5222514620,rsumrall (11/20),0,67.5,CPT Max Muncy UTIL Shohei Ohtani UTIL Andy Pages UTIL Willi Castro UTIL Jordan Beck UTIL Connor Norby,,,
915,5222640669,tomQ5150 (1/3),0,67.5,CPT Max Muncy UTIL Shohei Ohtani UTIL Andy Pages UTIL Willi Castro UTIL Jordan Beck UTIL Connor Norby,,,
915,5222640826,tomQ5150 (2/3),0,67.5,CPT Max Muncy UTIL Shohei Ohtani UTIL Andy Pages UTIL Willi Castro UTIL Jordan Beck UTIL Connor Norby,,,
915,5222721712,mrclean913 (13/20),0,67.5,CPT Kyle Tucker UTIL Freddie Freeman UTIL Jake McCarthy UTIL Mookie Betts UTIL Tommy Edman UTIL Hunter Feduccia,,,
915,5222800429,jsh1122 (2/20),0,67.5,CPT Max Muncy UTIL Shohei Ohtani UTIL Freddie Freeman UTIL Teoscar Hernandez UTIL Ezequiel Tovar UTIL Hunter Feduccia,,,
915,5222837165,Socialmoses,0,67.5,CPT Max Muncy UTIL Shohei Ohtani UTIL Freddie Freeman UTIL Teoscar Hernandez UTIL Ezequiel Tovar UTIL Hunter Feduccia,,,
915,5222888859,ballgame1881 (12/20),0,67.5,CPT Teoscar Hernandez UTIL Shohei Ohtani UTIL Max Muncy UTIL Mookie Betts UTIL TJ Rumfield UTIL Hunter Feduccia,,,
915,5222916148,rich44racing (2/2),0,67.5,CPT Andy Pages UTIL Mickey Moniak UTIL Jake McCarthy UTIL Tommy Edman UTIL Willi Castro UTIL Jordan Beck,,,
915,5222920947,doubleracer,0,67.5,CPT Andy Pages UTIL Mickey Moniak UTIL Jake McCarthy UTIL TJ Rumfield UTIL Willi Castro UTIL Jordan Beck,,,
915,5222994623,jhud1974 (1/2),0,67.5,CPT Kyle Tucker UTIL Shohei Ohtani UTIL Mookie Betts UTIL Tommy Edman UTIL Teoscar Hernandez UTIL Connor Norby,,,
915,5222998224,bnasty32,0,67.5,CPT Cole Carrigg UTIL Shohei Ohtani UTIL Freddie Freeman UTIL Kyle Tucker UTIL Connor Norby UTIL Hunter Feduccia,,,
915,5223006541,withdrawls123 (1/3),0,67.5,CPT Andy Pages UTIL Max Muncy UTIL TJ Rumfield UTIL Tommy Edman UTIL Willi Castro UTIL Jordan Beck,,,
915,5223014153,DeezyDee24 (3/5),0,67.5,CPT Cole Carrigg UTIL Shohei Ohtani UTIL Kyle Tucker UTIL Mookie Betts UTIL Willi Castro UTIL Ezequiel Tovar,,,
915,5223015038,Lynette55 (1/2),0,67.5,CPT Max Muncy UTIL Shohei Ohtani UTIL Andy Pages UTIL Willi Castro UTIL Jordan Beck UTIL Connor Norby,,,
915,5223018132,grodt082,0,67.5,CPT Max Muncy UTIL Shohei Ohtani UTIL Andy Pages UTIL Willi Castro UTIL Jordan Beck UTIL Connor Norby,,,
915,5223028932,Timothy2,0,67.5,CPT Max Muncy UTIL Shohei Ohtani UTIL Andy Pages UTIL Willi Castro UTIL Jordan Beck UTIL Connor Norby,,,
936,5222757534,austin60915 (12/20),0,67.15,CPT Jake McCarthy UTIL Ryan Feltner UTIL Mickey Moniak UTIL Cole Carrigg UTIL Willi Castro UTIL Hunter Feduccia,,,
937,5222325635,MultipleWinGasms (3/20),0,67.05,CPT Shohei Ohtani UTIL Eric Lauer UTIL Freddie Freeman UTIL Ezequiel Tovar UTIL Hunter Feduccia UTIL Braxton Fulford,,,
937,5222356014,nedmartin (2/3),0,67.05,CPT Shohei Ohtani UTIL Eric Lauer UTIL Freddie Freeman UTIL Ezequiel Tovar UTIL Hunter Feduccia UTIL Braxton Fulford,,,
937,5222888854,ballgame1881 (7/20),0,67.05,CPT Shohei Ohtani UTIL Eric Lauer UTIL Freddie Freeman UTIL Ezequiel Tovar UTIL Hunter Feduccia UTIL Braxton Fulford,,,
937,5222916129,Steven_1974 (14/20),0,67.05,CPT Shohei Ohtani UTIL Eric Lauer UTIL Freddie Freeman UTIL Ezequiel Tovar UTIL Hunter Feduccia UTIL Braxton Fulford,,,
937,5222970596,edevans79,0,67.05,CPT Shohei Ohtani UTIL Eric Lauer UTIL Freddie Freeman UTIL Ezequiel Tovar UTIL Hunter Feduccia UTIL Braxton Fulford,,,
942,5222948276,dspears56 (14/14),0,67.025,CPT Ryan Feltner UTIL Eric Lauer UTIL Jake McCarthy UTIL Willi Castro UTIL Jordan Beck UTIL Hunter Feduccia,,,
943,5222320658,vstar1300 (4/10),0,67,CPT Tommy Edman UTIL Shohei Ohtani UTIL Max Muncy UTIL Kyle Tucker UTIL Teoscar Hernandez UTIL Chad Stevens,,,
943,5222735682,SpeedRacer101 (7/20),0,67,CPT Shohei Ohtani UTIL Max Muncy UTIL Jake McCarthy UTIL Teoscar Hernandez UTIL Jordan Beck UTIL Ezequiel Tovar,,,
943,5223034251,Dazed1313,0,67,CPT Shohei Ohtani UTIL Max Muncy UTIL Mookie Betts UTIL Willi Castro UTIL Ezequiel Tovar UTIL Hunter Feduccia,,,
946,5222968801,kbrisacher (12/20),0,66.975,CPT Ryan Feltner UTIL Shohei Ohtani UTIL Jake McCarthy UTIL Willi Castro UTIL Connor Norby UTIL Ezequiel Tovar,,,
947,5222653251,jah_586 (14/20),0,66.65,CPT Shohei Ohtani UTIL Ryan Feltner UTIL Cole Carrigg UTIL Willi Castro UTIL Connor Norby UTIL Ezequiel Tovar,,,
948,5222026710,ericskates,0,66.575,CPT Eric Lauer UTIL Shohei Ohtani UTIL Jake McCarthy UTIL Zac Veen UTIL Adael Amador UTIL Hunter Feduccia,,,
948,5222315002,Sportsgarage88888 (1/5),0,66.575,CPT Eric Lauer UTIL Shohei Ohtani UTIL Andy Pages UTIL Teoscar Hernandez UTIL Ezequiel Tovar UTIL Hunter Feduccia,,,
948,5222372860,bcarbaugh,0,66.575,CPT Eric Lauer UTIL Shohei Ohtani UTIL Freddie Freeman UTIL Jordan Beck UTIL Connor Norby UTIL Ezequiel Tovar,,,
948,5222411102,luckychuck,0,66.575,CPT Eric Lauer UTIL Shohei Ohtani UTIL Andy Pages UTIL Teoscar Hernandez UTIL Ezequiel Tovar UTIL Hunter Feduccia,,,
948,5222439469,LTskelter (19/20),0,66.575,CPT Eric Lauer UTIL Shohei Ohtani UTIL Andy Pages UTIL Teoscar Hernandez UTIL Ezequiel Tovar UTIL Hunter Feduccia,,,
948,5222478784,rkjniner (1/2),0,66.575,CPT Eric Lauer UTIL Shohei Ohtani UTIL Mookie Betts UTIL Teoscar Hernandez UTIL Jordan Beck UTIL Connor Norby,,,
948,5222492960,FoxyGrandpa252 (4/20),0,66.575,CPT Eric Lauer UTIL Freddie Freeman UTIL Max Muncy UTIL Tommy Edman UTIL Jordan Beck UTIL Hunter Feduccia,,,
948,5222514611,rsumrall (2/20),0,66.575,CPT Eric Lauer UTIL Freddie Freeman UTIL Max Muncy UTIL Tommy Edman UTIL Jordan Beck UTIL Hunter Feduccia,,,
948,5222517742,LOCNOTM (12/20),0,66.575,CPT Eric Lauer UTIL Shohei Ohtani UTIL Andy Pages UTIL Teoscar Hernandez UTIL Ezequiel Tovar UTIL Hunter Feduccia,,,
948,5222530271,Johnnyw21,0,66.575,CPT Eric Lauer UTIL Shohei Ohtani UTIL Andy Pages UTIL Teoscar Hernandez UTIL Ezequiel Tovar UTIL Hunter Feduccia,,,
948,5222539445,JcClark18 (8/20),0,66.575,CPT Eric Lauer UTIL Freddie Freeman UTIL Max Muncy UTIL Tommy Edman UTIL Jordan Beck UTIL Hunter Feduccia,,,
948,5222546569,mjj792 (2/2),0,66.575,CPT Eric Lauer UTIL Shohei Ohtani UTIL Kyle Tucker UTIL Tommy Edman UTIL Connor Norby UTIL Ezequiel Tovar,,,
948,5222597528,TxStHustler,0,66.575,CPT Eric Lauer UTIL Shohei Ohtani UTIL Andy Pages UTIL Teoscar Hernandez UTIL Ezequiel Tovar UTIL Hunter Feduccia,,,
948,5222641056,moonpie1449,0,66.575,CPT Eric Lauer UTIL Shohei Ohtani UTIL Freddie Freeman UTIL Jordan Beck UTIL Connor Norby UTIL Ezequiel Tovar,,,
948,5222648623,gbadertscher (3/4),0,66.575,CPT Eric Lauer UTIL Shohei Ohtani UTIL Andy Pages UTIL Teoscar Hernandez UTIL Ezequiel Tovar UTIL Hunter Feduccia,,,
948,5222706384,wnorrad,0,66.575,CPT Eric Lauer UTIL Shohei Ohtani UTIL Mookie Betts UTIL Teoscar Hernandez UTIL Jordan Beck UTIL Connor Norby,,,
948,5222745054,chrispy2005 (19/20),0,66.575,CPT Eric Lauer UTIL Shohei Ohtani UTIL Andy Pages UTIL Teoscar Hernandez UTIL Ezequiel Tovar UTIL Hunter Feduccia,,,
948,5222825759,Juggles513 (1/2),0,66.575,CPT Eric Lauer UTIL Shohei Ohtani UTIL Kyle Tucker UTIL Tommy Edman UTIL Connor Norby UTIL Ezequiel Tovar,,,
948,5222835233,Juggles513 (2/2),0,66.575,CPT Eric Lauer UTIL Shohei Ohtani UTIL Kyle Tucker UTIL Tommy Edman UTIL Connor Norby UTIL Ezequiel Tovar,,,
948,5222860507,fall54,0,66.575,CPT Eric Lauer UTIL Shohei Ohtani UTIL Freddie Freeman UTIL Jordan Beck UTIL Connor Norby UTIL Ezequiel Tovar,,,
948,5222870047,jbfones (1/8),0,66.575,CPT Eric Lauer UTIL Shohei Ohtani UTIL Andy Pages UTIL Teoscar Hernandez UTIL Ezequiel Tovar UTIL Hunter Feduccia,,,
948,5222884310,texansl (1/2),0,66.575,CPT Eric Lauer UTIL Shohei Ohtani UTIL Mookie Betts UTIL Teoscar Hernandez UTIL Jordan Beck UTIL Connor Norby,,,
948,5222894452,texansl (2/2),0,66.575,CPT Eric Lauer UTIL Shohei Ohtani UTIL Mookie Betts UTIL Teoscar Hernandez UTIL Jordan Beck UTIL Connor Norby,,,
948,5222910826,Ezilodi (20/20),0,66.575,CPT Eric Lauer UTIL Shohei Ohtani UTIL Kyle Tucker UTIL Tommy Edman UTIL Connor Norby UTIL Ezequiel Tovar,,,
948,5222916120,Steven_1974 (5/20),0,66.575,CPT Eric Lauer UTIL Freddie Freeman UTIL Max Muncy UTIL Tommy Edman UTIL Jordan Beck UTIL Hunter Feduccia,,,
948,5222918089,savrome2425 (6/20),0,66.575,CPT Eric Lauer UTIL Mickey Moniak UTIL Mookie Betts UTIL TJ Rumfield UTIL Willi Castro UTIL Ezequiel Tovar,,,
948,5222940739,ajbrennan96,0,66.575,CPT Eric Lauer UTIL Shohei Ohtani UTIL Mookie Betts UTIL Teoscar Hernandez UTIL Jordan Beck UTIL Connor Norby,,,
948,5222968790,kbrisacher (1/20),0,66.575,CPT Eric Lauer UTIL Shohei Ohtani UTIL Andy Pages UTIL Teoscar Hernandez UTIL Ezequiel Tovar UTIL Hunter Feduccia,,,
948,5222975319,gjglo (1/4),0,66.575,CPT Eric Lauer UTIL Shohei Ohtani UTIL Mookie Betts UTIL Teoscar Hernandez UTIL Jordan Beck UTIL Connor Norby,,,
948,5222980849,gjglo (4/4),0,66.575,CPT Eric Lauer UTIL Shohei Ohtani UTIL Freddie Freeman UTIL Jordan Beck UTIL Connor Norby UTIL Ezequiel Tovar,,,
948,5222992446,bountyhunter021579,0,66.575,CPT Eric Lauer UTIL Shohei Ohtani UTIL Andy Pages UTIL Teoscar Hernandez UTIL Ezequiel Tovar UTIL Hunter Feduccia,,,
948,5222994451,teereezy,0,66.575,CPT Eric Lauer UTIL Shohei Ohtani UTIL Mookie Betts UTIL Teoscar Hernandez UTIL Jordan Beck UTIL Connor Norby,,,
948,5222998220,Thelovebug97,0,66.575,CPT Eric Lauer UTIL Shohei Ohtani UTIL Andy Pages UTIL Teoscar Hernandez UTIL Ezequiel Tovar UTIL Hunter Feduccia,,,
948,5223017164,nealjwells71 (3/20),0,66.575,CPT Eric Lauer UTIL Shohei Ohtani UTIL Andy Pages UTIL Teoscar Hernandez UTIL Ezequiel Tovar UTIL Hunter Feduccia,,,
982,5222332372,junyaaboi (6/6),0,66.55,CPT Teoscar Hernandez UTIL Eric Lauer UTIL Shohei Ohtani UTIL Max Muncy UTIL Jordan Beck UTIL Ezequiel Tovar,,,
982,5222350663,Sammy.Boy (5/20),0,66.55,CPT Max Muncy UTIL Eric Lauer UTIL Cole Carrigg UTIL Tommy Edman UTIL Teoscar Hernandez UTIL Hunter Feduccia,,,
982,5223015715,Steelers1933530 (13/15),0,66.55,CPT Freddie Freeman UTIL Eric Lauer UTIL Max Muncy UTIL Tommy Edman UTIL Ezequiel Tovar UTIL Hunter Feduccia,,,
985,5222269104,Stric80,0,66.5,CPT Freddie Freeman UTIL Cole Carrigg UTIL Mookie Betts UTIL TJ Rumfield UTIL Tommy Edman UTIL Connor Norby,,,
985,5222338868,tbjones2121 (15/20),0,66.5,CPT Andy Pages UTIL Shohei Ohtani UTIL Max Muncy UTIL Willi Castro UTIL Jordan Beck UTIL Connor Norby,,,
985,5222381681,foutah (5/5),0,66.5,CPT Jake McCarthy UTIL Mickey Moniak UTIL Cole Carrigg UTIL TJ Rumfield UTIL Teoscar Hernandez UTIL Braxton Fulford,,,
985,5222412631,Littlebilly65,0,66.5,CPT Freddie Freeman UTIL Cole Carrigg UTIL Mookie Betts UTIL Tommy Edman UTIL Teoscar Hernandez UTIL Ezequiel Tovar,,,
985,5222541118,Stree (11/20),0,66.5,CPT Cole Carrigg UTIL Shohei Ohtani UTIL Freddie Freeman UTIL TJ Rumfield UTIL Jordan Beck UTIL Connor Norby,,,
985,5222567284,JZink,0,66.5,CPT Andy Pages UTIL Shohei Ohtani UTIL Max Muncy UTIL Willi Castro UTIL Jordan Beck UTIL Connor Norby,,,
985,5222681452,hatdaddy (8/20),0,66.5,CPT Jake McCarthy UTIL Shohei Ohtani UTIL Kyle Tucker UTIL Cole Carrigg UTIL Jordan Beck UTIL Connor Norby,,,
985,5222800447,jsh1122 (20/20),0,66.5,CPT Cole Carrigg UTIL Max Muncy UTIL Andy Pages UTIL Kyle Tucker UTIL Willi Castro UTIL Connor Norby,,,
985,5222815633,Ray31200,0,66.5,CPT Cole Carrigg UTIL Kyle Tucker UTIL Mookie Betts UTIL Tommy Edman UTIL Willi Castro UTIL Braxton Fulford,,,
985,5222842075,The_Legend_2018,0,66.5,CPT Connor Norby UTIL Shohei Ohtani UTIL Freddie Freeman UTIL Andy Pages UTIL TJ Rumfield UTIL Hunter Feduccia,,,
985,5222846667,TheFH (12/20),0,66.5,CPT Cole Carrigg UTIL Shohei Ohtani UTIL Freddie Freeman UTIL TJ Rumfield UTIL Jordan Beck UTIL Connor Norby,,,
985,5222922517,Indy78 (2/2),0,66.5,CPT Andy Pages UTIL Shohei Ohtani UTIL Max Muncy UTIL Willi Castro UTIL Jordan Beck UTIL Connor Norby,,,
985,5223029887,penchill,0,66.5,CPT Andy Pages UTIL Shohei Ohtani UTIL Max Muncy UTIL Willi Castro UTIL Jordan Beck UTIL Connor Norby,,,
998,5222517738,LOCNOTM (8/20),0,66.05,CPT Shohei Ohtani UTIL Eric Lauer UTIL Mookie Betts UTIL Teoscar Hernandez UTIL Jordan Beck UTIL Hunter Feduccia,,,
998,5222733931,floydian80 (20/20),0,66.05,CPT Shohei Ohtani UTIL Eric Lauer UTIL Kyle Tucker UTIL Tommy Edman UTIL Ezequiel Tovar UTIL Hunter Feduccia,,,
998,5222933568,Kenmasters7 (19/20),0,66.05,CPT Tommy Edman UTIL Eric Lauer UTIL Max Muncy UTIL Kyle Tucker UTIL Teoscar Hernandez UTIL Ezequiel Tovar,,,
998,5222953534,dzins44,0,66.05,CPT Shohei Ohtani UTIL Eric Lauer UTIL Freddie Freeman UTIL Jordan Beck UTIL Ezequiel Tovar UTIL Hunter Feduccia,,,
998,5222982857,JJSaenz (16/20),0,66.05,CPT Mookie Betts UTIL Eric Lauer UTIL Jake McCarthy UTIL Kyle Tucker UTIL Teoscar Hernandez UTIL Hunter Feduccia,,,
1003,5223033478,donnfootballguru,0,66.025,CPT Ryan Feltner UTIL Eric Lauer UTIL Jake McCarthy UTIL Willi Castro UTIL Connor Norby UTIL Ezequiel Tovar,,,
1004,5222423999,Satch65 (13/20),0,66,CPT Shohei Ohtani UTIL Andy Pages UTIL Cole Carrigg UTIL Teoscar Hernandez UTIL Connor Norby UTIL Hunter Feduccia,,,
1004,5222943268,heybert711 (11/20),0,66,CPT Shohei Ohtani UTIL Max Muncy UTIL Kyle Tucker UTIL Teoscar Hernandez UTIL Jordan Beck UTIL Connor Norby,,,
1004,5222947533,FFKINGISME,0,66,CPT Hunter Feduccia UTIL Shohei Ohtani UTIL Freddie Freeman UTIL Max Muncy UTIL Jake McCarthy UTIL Ezequiel Tovar,,,
1004,5223003157,nate6208,0,66,CPT Hunter Feduccia UTIL Shohei Ohtani UTIL Max Muncy UTIL Jake McCarthy UTIL Cole Carrigg UTIL TJ Rumfield,,,
1004,5223009188,j-wolf05 (5/20),0,66,CPT Mickey Moniak UTIL Andy Pages UTIL Jake McCarthy UTIL TJ Rumfield UTIL Willi Castro UTIL Jordan Beck,,,
1004,5223010056,TNeidert (14/20),0,66,CPT TJ Rumfield UTIL Shohei Ohtani UTIL Freddie Freeman UTIL Max Muncy UTIL Jordan Beck UTIL Hunter Feduccia,,,
1004,5223017158,belowzir0 (2/2),0,66,CPT Shohei Ohtani UTIL Freddie Freeman UTIL Tommy Edman UTIL Jordan Beck UTIL Hunter Feduccia UTIL Braxton Fulford,,,
1011,5222782175,dingodan39 (2/6),0,65.7,CPT Shohei Ohtani UTIL Eric Lauer UTIL Freddie Freeman UTIL Jordan Beck UTIL Ezequiel Tovar UTIL Jack Dreyer,,,
1012,5222403100,az350z (10/20),0,65.65,CPT Willi Castro UTIL Ryan Feltner UTIL Shohei Ohtani UTIL Andy Pages UTIL Jordan Beck UTIL Ezequiel Tovar,,,
1013,5222439464,LTskelter (14/20),0,65.575,CPT Eric Lauer UTIL Shohei Ohtani UTIL Cole Carrigg UTIL Tommy Edman UTIL Jordan Beck UTIL Hunter Feduccia,,,
1013,5222517743,LOCNOTM (13/20),0,65.575,CPT Eric Lauer UTIL Shohei Ohtani UTIL Mookie Betts UTIL Teoscar Hernandez UTIL Jordan Beck UTIL Hunter Feduccia,,,
1013,5222926581,Lakesnow13 (2/3),0,65.575,CPT Eric Lauer UTIL Shohei Ohtani UTIL Freddie Freeman UTIL Jordan Beck UTIL Ezequiel Tovar UTIL Hunter Feduccia,,,
1013,5223001374,jya_brads (3/3),0,65.575,CPT Eric Lauer UTIL Freddie Freeman UTIL Max Muncy UTIL TJ Rumfield UTIL Connor Norby UTIL Ezequiel Tovar,,,
1013,5223009490,BSC87 (2/2),0,65.575,CPT Eric Lauer UTIL Shohei Ohtani UTIL Cole Carrigg UTIL Tommy Edman UTIL Jordan Beck UTIL Hunter Feduccia,,,
1018,5222186160,Wijason (2/2),0,65.55,CPT Andy Pages UTIL Eric Lauer UTIL Freddie Freeman UTIL Teoscar Hernandez UTIL Jordan Beck UTIL Hunter Feduccia,,,
1018,5222403106,az350z (16/20),0,65.55,CPT Teoscar Hernandez UTIL Eric Lauer UTIL Andy Pages UTIL Mookie Betts UTIL Tommy Edman UTIL Connor Norby,,,
1018,5222437319,gwatts77 (13/20),0,65.55,CPT Andy Pages UTIL Eric Lauer UTIL Kyle Tucker UTIL TJ Rumfield UTIL Teoscar Hernandez UTIL Hunter Feduccia,,,
1018,5222653242,jah_586 (5/20),0,65.55,CPT Kyle Tucker UTIL Eric Lauer UTIL Freddie Freeman UTIL Max Muncy UTIL Connor Norby UTIL Hunter Feduccia,,,
1018,5222702114,HOFcity,0,65.55,CPT Connor Norby UTIL Eric Lauer UTIL Shohei Ohtani UTIL Mookie Betts UTIL TJ Rumfield UTIL Tommy Edman,,,
1018,5222802893,cwthrow24 (5/20),0,65.55,CPT Kyle Tucker UTIL Eric Lauer UTIL Freddie Freeman UTIL Max Muncy UTIL Connor Norby UTIL Hunter Feduccia,,,
1018,5222824430,juzaro,0,65.55,CPT Connor Norby UTIL Eric Lauer UTIL Shohei Ohtani UTIL Mookie Betts UTIL TJ Rumfield UTIL Tommy Edman,,,
1018,5223014419,49rs_homejuice (2/3),0,65.55,CPT Connor Norby UTIL Eric Lauer UTIL Shohei Ohtani UTIL Max Muncy UTIL Jake McCarthy UTIL Jordan Beck,,,
1018,5223028736,ph54417 (13/20),0,65.55,CPT Cole Carrigg UTIL Eric Lauer UTIL Shohei Ohtani UTIL Jake McCarthy UTIL Connor Norby UTIL Ezequiel Tovar,,,
1018,5223033552,jhbmx (1/4),0,65.55,CPT Kyle Tucker UTIL Eric Lauer UTIL Shohei Ohtani UTIL Tommy Edman UTIL Hunter Feduccia UTIL Braxton Fulford,,,
1018,5223033689,jhbmx (2/4),0,65.55,CPT Kyle Tucker UTIL Eric Lauer UTIL Shohei Ohtani UTIL Tommy Edman UTIL Hunter Feduccia UTIL Braxton Fulford,,,
1018,5223033690,jhbmx (3/4),0,65.55,CPT Kyle Tucker UTIL Eric Lauer UTIL Shohei Ohtani UTIL Tommy Edman UTIL Hunter Feduccia UTIL Braxton Fulford,,,
1018,5223033691,jhbmx (4/4),0,65.55,CPT Kyle Tucker UTIL Eric Lauer UTIL Shohei Ohtani UTIL Tommy Edman UTIL Hunter Feduccia UTIL Braxton Fulford,,,
1031,5222326515,wwc951 (3/20),0,65.5,CPT Jake McCarthy UTIL Max Muncy UTIL Andy Pages UTIL Mookie Betts UTIL Willi Castro UTIL Ezequiel Tovar,,,
1031,5222326529,wwc951 (17/20),0,65.5,CPT Freddie Freeman UTIL Shohei Ohtani UTIL Cole Carrigg UTIL Tommy Edman UTIL Jordan Beck UTIL Ezequiel Tovar,,,
1031,5222378710,Grit7880 (4/4),0,65.5,CPT Max Muncy UTIL Shohei Ohtani UTIL Jake McCarthy UTIL TJ Rumfield UTIL Connor Norby UTIL Hunter Feduccia,,,
1031,5222403103,az350z (13/20),0,65.5,CPT Max Muncy UTIL Jake McCarthy UTIL Kyle Tucker UTIL Cole Carrigg UTIL Teoscar Hernandez UTIL Hunter Feduccia,,,
1031,5222584639,Featherball (4/10),0,65.5,CPT Kyle Tucker UTIL Freddie Freeman UTIL Mookie Betts UTIL Tommy Edman UTIL Teoscar Hernandez UTIL Jordan Beck,,,
1031,5222804173,anthjimen (1/6),0,65.5,CPT Max Muncy UTIL Shohei Ohtani UTIL Andy Pages UTIL Willi Castro UTIL Connor Norby UTIL Ezequiel Tovar,,,
1031,5222982853,JJSaenz (12/20),0,65.5,CPT Max Muncy UTIL Andy Pages UTIL Kyle Tucker UTIL Tommy Edman UTIL Willi Castro UTIL Jordan Beck,,,
1031,5223010052,TNeidert (10/20),0,65.5,CPT Jake McCarthy UTIL Shohei Ohtani UTIL Andy Pages UTIL Tommy Edman UTIL Hunter Feduccia UTIL Braxton Fulford,,,
1031,5223029933,JWMSKJJ,0,65.5,CPT Freddie Freeman UTIL Shohei Ohtani UTIL Kyle Tucker UTIL Jordan Beck UTIL Connor Norby UTIL Braxton Fulford,,,
1040,5222894897,slotone (3/10),0,65.225006,CPT Eric Lauer UTIL Ryan Feltner UTIL Freddie Freeman UTIL Teoscar Hernandez UTIL Jordan Beck UTIL Hunter Feduccia,,,
1040,5222954546,jp198721,0,65.225006,CPT Eric Lauer UTIL Ryan Feltner UTIL Max Muncy UTIL Willi Castro UTIL Jordan Beck UTIL Connor Norby,,,
1042,5222553637,chiefsgrammy (3/4),0,65.2,CPT Freddie Freeman UTIL Eric Lauer UTIL Ryan Feltner UTIL Tommy Edman UTIL Connor Norby UTIL Hunter Feduccia,,,
1042,5222754679,joeywill333 (2/4),0,65.2,CPT Freddie Freeman UTIL Eric Lauer UTIL Ryan Feltner UTIL Tommy Edman UTIL Connor Norby UTIL Hunter Feduccia,,,
1044,5222696311,Gforceone (1/3),0,65.05,CPT Tommy Edman UTIL Eric Lauer UTIL Shohei Ohtani UTIL Andy Pages UTIL Connor Norby UTIL Hunter Feduccia,,,
1044,5222745048,chrispy2005 (13/20),0,65.05,CPT Mookie Betts UTIL Eric Lauer UTIL Freddie Freeman UTIL Tommy Edman UTIL Teoscar Hernandez UTIL Ezequiel Tovar,,,
1046,5222358285,bluefan62 (3/5),0,65,CPT Shohei Ohtani UTIL Max Muncy UTIL Jake McCarthy UTIL Tommy Edman UTIL Connor Norby UTIL Ezequiel Tovar,,,
1046,5222423990,Satch65 (4/20),0,65,CPT Hunter Feduccia UTIL Shohei Ohtani UTIL Max Muncy UTIL Andy Pages UTIL Mookie Betts UTIL Willi Castro,,,
1046,5222615577,jwclark311 (10/20),0,65,CPT Shohei Ohtani UTIL Max Muncy UTIL Kyle Tucker UTIL Teoscar Hernandez UTIL Jordan Beck UTIL Hunter Feduccia,,,
1046,5222615830,Edgitt116 (6/8),0,65,CPT Tommy Edman UTIL Freddie Freeman UTIL Andy Pages UTIL Mickey Moniak UTIL Teoscar Hernandez UTIL Hunter Feduccia,,,
1046,5222905165,marwalk82 (4/8),0,65,CPT Shohei Ohtani UTIL Max Muncy UTIL Jake McCarthy UTIL Tommy Edman UTIL Connor Norby UTIL Ezequiel Tovar,,,
1046,5222982847,JJSaenz (6/20),0,65,CPT Shohei Ohtani UTIL Max Muncy UTIL Kyle Tucker UTIL Teoscar Hernandez UTIL Jordan Beck UTIL Hunter Feduccia,,,
1052,5222757524,austin60915 (2/20),0,64.975,CPT Ryan Feltner UTIL Jake McCarthy UTIL Cole Carrigg UTIL Tommy Edman UTIL Willi Castro UTIL Jordan Beck,,,
1052,5222921419,KelvinDubs (1/20),0,64.975,CPT Ryan Feltner UTIL Cole Carrigg UTIL TJ Rumfield UTIL Tommy Edman UTIL Willi Castro UTIL Connor Norby,,,
1054,5222506632,Miky1216 (2/10),0,64.575,CPT Eric Lauer UTIL Kyle Tucker UTIL Mookie Betts UTIL Tommy Edman UTIL Teoscar Hernandez UTIL Jordan Beck,,,
1054,5222747043,cmcbutch,0,64.575,CPT Eric Lauer UTIL Freddie Freeman UTIL Andy Pages UTIL Tommy Edman UTIL Jordan Beck UTIL Hunter Feduccia,,,
1054,5222806646,bassman1955 (1/3),0,64.575,CPT Eric Lauer UTIL Shohei Ohtani UTIL Freddie Freeman UTIL Zac Veen UTIL Jordan Beck UTIL Ezequiel Tovar,,,
1054,5222968793,kbrisacher (4/20),0,64.575,CPT Eric Lauer UTIL Kyle Tucker UTIL Mookie Betts UTIL Tommy Edman UTIL Teoscar Hernandez UTIL Jordan Beck,,,
1058,5222506636,Miky1216 (6/10),0,64.55,CPT Kyle Tucker UTIL Eric Lauer UTIL Max Muncy UTIL Tommy Edman UTIL Teoscar Hernandez UTIL Ezequiel Tovar,,,
1058,5222554578,ohbuck63,0,64.55,CPT Teoscar Hernandez UTIL Eric Lauer UTIL Shohei Ohtani UTIL Mookie Betts UTIL Zac Veen UTIL Adael Amador,,,
1058,5222918088,savrome2425 (5/20),0,64.55,CPT Andy Pages UTIL Eric Lauer UTIL Cole Carrigg UTIL Mookie Betts UTIL Willi Castro UTIL Hunter Feduccia,,,
1058,5222950160,KGould86 (13/20),0,64.55,CPT Freddie Freeman UTIL Eric Lauer UTIL Andy Pages UTIL Tommy Edman UTIL Ezequiel Tovar UTIL Hunter Feduccia,,,
1058,5222995287,colbyhornet (15/20),0,64.55,CPT Freddie Freeman UTIL Eric Lauer UTIL Mookie Betts UTIL Tommy Edman UTIL Hunter Feduccia UTIL Braxton Fulford,,,
1058,5223002743,jhud1974 (2/2),0,64.55,CPT Andy Pages UTIL Eric Lauer UTIL Max Muncy UTIL Willi Castro UTIL Jordan Beck UTIL Hunter Feduccia,,,
1058,5223017172,nealjwells71 (11/20),0,64.55,CPT Andy Pages UTIL Eric Lauer UTIL Freddie Freeman UTIL Teoscar Hernandez UTIL Connor Norby UTIL Ezequiel Tovar,,,
1065,5222423992,Satch65 (6/20),0,64.5,CPT Freddie Freeman UTIL Shohei Ohtani UTIL Mookie Betts UTIL Tommy Edman UTIL Jordan Beck UTIL Hunter Feduccia,,,
1065,5222539450,JcClark18 (13/20),0,64.5,CPT Max Muncy UTIL Andy Pages UTIL Jake McCarthy UTIL Tommy Edman UTIL Teoscar Hernandez UTIL Hunter Feduccia,,,
1065,5222650513,tomQ5150 (3/3),0,64.5,CPT Max Muncy UTIL Shohei Ohtani UTIL Mickey Moniak UTIL Willi Castro UTIL Jordan Beck UTIL Connor Norby,,,
1065,5222870054,jbfones (8/8),0,64.5,CPT Andy Pages UTIL Shohei Ohtani UTIL Freddie Freeman UTIL Teoscar Hernandez UTIL Ezequiel Tovar UTIL Hunter Feduccia,,,
1065,5222945090,jeffbambalas,0,64.5,CPT Andy Pages UTIL Shohei Ohtani UTIL Freddie Freeman UTIL Teoscar Hernandez UTIL Ezequiel Tovar UTIL Hunter Feduccia,,,
1070,5223017162,nealjwells71 (1/20),0,64.225006,CPT Eric Lauer UTIL Ryan Feltner UTIL Freddie Freeman UTIL Teoscar Hernandez UTIL Connor Norby UTIL Ezequiel Tovar,,,
1071,5222325634,MultipleWinGasms (2/20),0,64.05,CPT Shohei Ohtani UTIL Eric Lauer UTIL Mookie Betts UTIL Tommy Edman UTIL Connor Norby UTIL Hunter Feduccia,,,
1071,5222492963,FoxyGrandpa252 (7/20),0,64.05,CPT Hunter Feduccia UTIL Eric Lauer UTIL Shohei Ohtani UTIL Freddie Freeman UTIL Max Muncy UTIL Ezequiel Tovar,,,
1071,5222541120,Stree (13/20),0,64.05,CPT Shohei Ohtani UTIL Eric Lauer UTIL Mookie Betts UTIL Tommy Edman UTIL Connor Norby UTIL Hunter Feduccia,,,
1071,5222653247,jah_586 (10/20),0,64.05,CPT Shohei Ohtani UTIL Eric Lauer UTIL Mookie Betts UTIL Tommy Edman UTIL Connor Norby UTIL Hunter Feduccia,,,
1071,5222681459,hatdaddy (15/20),0,64.05,CPT Shohei Ohtani UTIL Eric Lauer UTIL Mookie Betts UTIL Tommy Edman UTIL Connor Norby UTIL Hunter Feduccia,,,
1071,5222918103,savrome2425 (20/20),0,64.05,CPT Shohei Ohtani UTIL Eric Lauer UTIL Mookie Betts UTIL TJ Rumfield UTIL Connor Norby UTIL Hunter Feduccia,,,
1071,5222921420,KelvinDubs (2/20),0,64.05,CPT Shohei Ohtani UTIL Eric Lauer UTIL Mookie Betts UTIL Tommy Edman UTIL Connor Norby UTIL Hunter Feduccia,,,
1071,5222921443,WHITGAR,0,64.05,CPT Hunter Feduccia UTIL Eric Lauer UTIL Shohei Ohtani UTIL Freddie Freeman UTIL Max Muncy UTIL Ezequiel Tovar,,,
1071,5222982859,JJSaenz (18/20),0,64.05,CPT Shohei Ohtani UTIL Eric Lauer UTIL Mookie Betts UTIL Tommy Edman UTIL Connor Norby UTIL Hunter Feduccia,,,
1071,5223007515,eking4213 (17/20),0,64.05,CPT Shohei Ohtani UTIL Eric Lauer UTIL Mookie Betts UTIL Tommy Edman UTIL Connor Norby UTIL Hunter Feduccia,,,
1071,5223014223,silvernicks,0,64.05,CPT Hunter Feduccia UTIL Eric Lauer UTIL Shohei Ohtani UTIL Freddie Freeman UTIL Max Muncy UTIL Ezequiel Tovar,,,
1071,5223014228,onni1990 (2/3),0,64.05,CPT Shohei Ohtani UTIL Eric Lauer UTIL Mookie Betts UTIL Tommy Edman UTIL Connor Norby UTIL Hunter Feduccia,,,
1071,5223025071,84flipmode (3/20),0,64.05,CPT Shohei Ohtani UTIL Eric Lauer UTIL Cole Carrigg UTIL Tommy Edman UTIL Ezequiel Tovar UTIL Hunter Feduccia,,,
1071,5223028739,ph54417 (16/20),0,64.05,CPT TJ Rumfield UTIL Eric Lauer UTIL Jake McCarthy UTIL Cole Carrigg UTIL Connor Norby UTIL Ezequiel Tovar,,,
1085,5222331939,shanemoore27 (10/20),0,64.025,CPT Ryan Feltner UTIL Eric Lauer UTIL Jake McCarthy UTIL Willi Castro UTIL Jordan Beck UTIL Braxton Fulford,,,
1085,5222403091,az350z (1/20),0,64.025,CPT Ryan Feltner UTIL Eric Lauer UTIL Jake McCarthy UTIL Willi Castro UTIL Jordan Beck UTIL Braxton Fulford,,,
1085,5222950148,KGould86 (1/20),0,64.025,CPT Ryan Feltner UTIL Eric Lauer UTIL Jake McCarthy UTIL Willi Castro UTIL Jordan Beck UTIL Braxton Fulford,,,
1085,5223033549,trappwimm80 (2/4),0,64.025,CPT Ryan Feltner UTIL Eric Lauer UTIL Jake McCarthy UTIL Willi Castro UTIL Jordan Beck UTIL Braxton Fulford,,,
1089,5222242624,charleso83 (2/2),0,64,CPT Shohei Ohtani UTIL Andy Pages UTIL Kyle Tucker UTIL Teoscar Hernandez UTIL Jordan Beck UTIL Connor Norby,,,
1089,5222410953,Yadwen,0,64,CPT Shohei Ohtani UTIL Kyle Tucker UTIL Cole Carrigg UTIL Teoscar Hernandez UTIL Jordan Beck UTIL Braxton Fulford,,,
1089,5222413132,2boys2girls (2/3),0,64,CPT Shohei Ohtani UTIL Kyle Tucker UTIL Mookie Betts UTIL Tommy Edman UTIL Teoscar Hernandez UTIL Ryan Ritter,,,
1089,5222548549,winner148,0,64,CPT Shohei Ohtani UTIL Freddie Freeman UTIL Max Muncy UTIL Connor Norby UTIL Hunter Feduccia UTIL Braxton Fulford,,,
1089,5222552099,patrickjames95,0,64,CPT Shohei Ohtani UTIL Andy Pages UTIL Kyle Tucker UTIL Teoscar Hernandez UTIL Jordan Beck UTIL Connor Norby,,,
1089,5222662325,dspears56 (1/14),0,64,CPT Shohei Ohtani UTIL Freddie Freeman UTIL Max Muncy UTIL Connor Norby UTIL Hunter Feduccia UTIL Braxton Fulford,,,
1089,5222726955,jro530 (1/8),0,64,CPT Shohei Ohtani UTIL Kyle Tucker UTIL Cole Carrigg UTIL Teoscar Hernandez UTIL Jordan Beck UTIL Braxton Fulford,,,
1089,5222735346,jro530 (2/8),0,64,CPT Shohei Ohtani UTIL Kyle Tucker UTIL Cole Carrigg UTIL Teoscar Hernandez UTIL Jordan Beck UTIL Braxton Fulford,,,
1089,5222735459,jro530 (3/8),0,64,CPT Shohei Ohtani UTIL Kyle Tucker UTIL Cole Carrigg UTIL Teoscar Hernandez UTIL Jordan Beck UTIL Braxton Fulford,,,
1089,5222737615,jro530 (4/8),0,64,CPT Shohei Ohtani UTIL Kyle Tucker UTIL Cole Carrigg UTIL Teoscar Hernandez UTIL Jordan Beck UTIL Braxton Fulford,,,
1089,5222737618,jro530 (5/8),0,64,CPT Shohei Ohtani UTIL Kyle Tucker UTIL Cole Carrigg UTIL Teoscar Hernandez UTIL Jordan Beck UTIL Braxton Fulford,,,
1089,5222737619,jro530 (6/8),0,64,CPT Shohei Ohtani UTIL Kyle Tucker UTIL Cole Carrigg UTIL Teoscar Hernandez UTIL Jordan Beck UTIL Braxton Fulford,,,
1089,5222737642,jro530 (7/8),0,64,CPT Shohei Ohtani UTIL Kyle Tucker UTIL Cole Carrigg UTIL Teoscar Hernandez UTIL Jordan Beck UTIL Braxton Fulford,,,
1089,5222737863,jro530 (8/8),0,64,CPT Shohei Ohtani UTIL Kyle Tucker UTIL Cole Carrigg UTIL Teoscar Hernandez UTIL Jordan Beck UTIL Braxton Fulford,,,
1089,5222820895,FyudorDosto5,0,64,CPT Jordan Beck UTIL Shohei Ohtani UTIL Jake McCarthy UTIL Kyle Tucker UTIL Cole Carrigg UTIL Tommy Edman,,,
1089,5222870051,jbfones (5/8),0,64,CPT Shohei Ohtani UTIL Freddie Freeman UTIL Mookie Betts UTIL Teoscar Hernandez UTIL Jordan Beck UTIL Ezequiel Tovar,,,
1089,5222888851,ballgame1881 (4/20),0,64,CPT Shohei Ohtani UTIL Max Muncy UTIL Kyle Tucker UTIL Teoscar Hernandez UTIL Connor Norby UTIL Ezequiel Tovar,,,
1089,5222906379,rich44racing (1/2),0,64,CPT Ezequiel Tovar UTIL Shohei Ohtani UTIL Max Muncy UTIL Jake McCarthy UTIL Cole Carrigg UTIL Teoscar Hernandez,,,
1089,5222943270,heybert711 (13/20),0,64,CPT Shohei Ohtani UTIL Andy Pages UTIL Kyle Tucker UTIL Teoscar Hernandez UTIL Jordan Beck UTIL Connor Norby,,,
1089,5223024287,ongbok,0,64,CPT Shohei Ohtani UTIL Freddie Freeman UTIL Max Muncy UTIL Connor Norby UTIL Hunter Feduccia UTIL Braxton Fulford,,,
1089,5223034345,studd2,0,64,CPT Mickey Moniak UTIL Freddie Freeman UTIL TJ Rumfield UTIL Tommy Edman UTIL Teoscar Hernandez UTIL Jordan Beck,,,
1110,5222181012,ivymoose (17/20),0,63.975,CPT Ryan Feltner UTIL Shohei Ohtani UTIL TJ Rumfield UTIL Willi Castro UTIL Jordan Beck UTIL Connor Norby,,,
1111,5223011207,wculler34 (17/20),0,63.7,CPT Tommy Edman UTIL Eric Lauer UTIL Ryan Feltner UTIL Kyle Tucker UTIL Teoscar Hernandez UTIL Hunter Feduccia,,,
1112,5222541121,Stree (14/20),0,63.575,CPT Eric Lauer UTIL Shohei Ohtani UTIL Mookie Betts UTIL Tommy Edman UTIL Connor Norby UTIL Hunter Feduccia,,,
1112,5222757538,austin60915 (16/20),0,63.575,CPT Eric Lauer UTIL Shohei Ohtani UTIL Mookie Betts UTIL Tommy Edman UTIL Connor Norby UTIL Hunter Feduccia,,,
1112,5222900990,Zenplayer1,0,63.575,CPT Eric Lauer UTIL Shohei Ohtani UTIL Mookie Betts UTIL Tommy Edman UTIL Connor Norby UTIL Hunter Feduccia,,,
1112,5223007507,eking4213 (9/20),0,63.575,CPT Eric Lauer UTIL Shohei Ohtani UTIL Mookie Betts UTIL Tommy Edman UTIL Connor Norby UTIL Hunter Feduccia,,,
1116,5222325639,MultipleWinGasms (7/20),0,63.55,CPT Max Muncy UTIL Eric Lauer UTIL Shohei Ohtani UTIL Teoscar Hernandez UTIL Ezequiel Tovar UTIL Hunter Feduccia,,,
1116,5222333301,twis334,0,63.55,CPT Jake McCarthy UTIL Eric Lauer UTIL Shohei Ohtani UTIL Mookie Betts UTIL Connor Norby UTIL Ezequiel Tovar,,,
1116,5222506609,Miky1216 (1/10),0,63.55,CPT Max Muncy UTIL Eric Lauer UTIL Shohei Ohtani UTIL Teoscar Hernandez UTIL Ezequiel Tovar UTIL Hunter Feduccia,,,
1116,5222602345,SIRNBT1 (3/6),0,63.55,CPT Max Muncy UTIL Eric Lauer UTIL Shohei Ohtani UTIL Teoscar Hernandez UTIL Ezequiel Tovar UTIL Hunter Feduccia,,,
1116,5223011196,wculler34 (6/20),0,63.55,CPT Max Muncy UTIL Eric Lauer UTIL Shohei Ohtani UTIL Teoscar Hernandez UTIL Ezequiel Tovar UTIL Hunter Feduccia,,,
1116,5223034940,kyleorso (9/20),0,63.55,CPT Max Muncy UTIL Eric Lauer UTIL Shohei Ohtani UTIL Teoscar Hernandez UTIL Ezequiel Tovar UTIL Hunter Feduccia,,,
1122,5222326522,wwc951 (10/20),0,63.5,CPT Andy Pages UTIL Shohei Ohtani UTIL Max Muncy UTIL Willi Castro UTIL Ezequiel Tovar UTIL Hunter Feduccia,,,
1122,5222613764,stockscore,0,63.5,CPT Max Muncy UTIL Shohei Ohtani UTIL Tommy Edman UTIL Teoscar Hernandez UTIL Hunter Feduccia UTIL Braxton Fulford,,,
1122,5222723316,wallythekid (1/4),0,63.5,CPT Freddie Freeman UTIL Andy Pages UTIL Mookie Betts UTIL Willi Castro UTIL Brett Sullivan UTIL Adael Amador,,,
1122,5222895879,atat13 (2/20),0,63.5,CPT Teoscar Hernandez UTIL Freddie Freeman UTIL Mickey Moniak UTIL Kyle Tucker UTIL Cole Carrigg UTIL Ezequiel Tovar,,,
1122,5223000131,Rleone.1 (2/2),0,63.5,CPT Max Muncy UTIL Kyle Tucker UTIL Mookie Betts UTIL Tommy Edman UTIL Willi Castro UTIL Braxton Fulford,,,
1127,5222181003,ivymoose (8/20),0,63.225002,CPT Eric Lauer UTIL Ryan Feltner UTIL Freddie Freeman UTIL Tommy Edman UTIL Connor Norby UTIL Hunter Feduccia,,,
1127,5222403092,az350z (2/20),0,63.225002,CPT Eric Lauer UTIL Ryan Feltner UTIL Freddie Freeman UTIL Tommy Edman UTIL Connor Norby UTIL Hunter Feduccia,,,
1127,5222802892,cwthrow24 (4/20),0,63.225002,CPT Eric Lauer UTIL Ryan Feltner UTIL Freddie Freeman UTIL Tommy Edman UTIL Connor Norby UTIL Hunter Feduccia,,,
1130,5222845682,SocaWarrior,0,63.05,CPT Jordan Beck UTIL Eric Lauer UTIL Shohei Ohtani UTIL Max Muncy UTIL Jake McCarthy UTIL Connor Norby,,,
1131,5222181015,ivymoose (20/20),0,63.025,CPT Ryan Feltner UTIL Eric Lauer UTIL TJ Rumfield UTIL Willi Castro UTIL Jordan Beck UTIL Connor Norby,,,
1132,5222315019,Sportsgarage88888 (2/5),0,63,CPT Shohei Ohtani UTIL Freddie Freeman UTIL Mookie Betts UTIL Tommy Edman UTIL Jordan Beck UTIL Hunter Feduccia,,,
1132,5222401023,squeels1111,0,63,CPT Shohei Ohtani UTIL Cole Carrigg UTIL Mookie Betts UTIL Teoscar Hernandez UTIL Connor Norby UTIL Hunter Feduccia,,,
1132,5222420847,sideliner,0,63,CPT Shohei Ohtani UTIL Freddie Freeman UTIL Max Muncy UTIL Jordan Beck UTIL Connor Norby UTIL Hunter Feduccia,,,
1132,5222423991,Satch65 (5/20),0,63,CPT Mookie Betts UTIL Shohei Ohtani UTIL Kyle Tucker UTIL Tommy Edman UTIL Teoscar Hernandez UTIL Connor Norby,,,
1132,5222424000,Satch65 (14/20),0,63,CPT Mookie Betts UTIL Shohei Ohtani UTIL Andy Pages UTIL Tommy Edman UTIL Willi Castro UTIL Ezequiel Tovar,,,
1132,5222517731,LOCNOTM (1/20),0,63,CPT Shohei Ohtani UTIL Freddie Freeman UTIL Mookie Betts UTIL Tommy Edman UTIL Jordan Beck UTIL Hunter Feduccia,,,
1132,5222615568,jwclark311 (1/20),0,63,CPT TJ Rumfield UTIL Freddie Freeman UTIL Mickey Moniak UTIL Jake McCarthy UTIL Jordan Beck UTIL Connor Norby,,,
1132,5222662704,TG5Jaydye (1/2),0,63,CPT Hunter Feduccia UTIL Shohei Ohtani UTIL Freddie Freeman UTIL Max Muncy UTIL Cole Carrigg UTIL Connor Norby,,,
1132,5222695208,LoganDFS812 (3/20),0,63,CPT Shohei Ohtani UTIL Max Muncy UTIL Mookie Betts UTIL Willi Castro UTIL Jordan Beck UTIL Ezequiel Tovar,,,
1132,5222839967,xXxPLOSIVE (2/9),0,63,CPT Shohei Ohtani UTIL Freddie Freeman UTIL Mookie Betts UTIL Tommy Edman UTIL Jordan Beck UTIL Hunter Feduccia,,,
1132,5222982844,JJSaenz (3/20),0,63,CPT Shohei Ohtani UTIL Max Muncy UTIL Kyle Tucker UTIL Tommy Edman UTIL Connor Norby UTIL Hunter Feduccia,,,
1132,5222982858,JJSaenz (17/20),0,63,CPT Mookie Betts UTIL Jake McCarthy UTIL Kyle Tucker UTIL Tommy Edman UTIL Teoscar Hernandez UTIL Hunter Feduccia,,,
1132,5222984159,Foreright33,0,63,CPT Tommy Edman UTIL Shohei Ohtani UTIL Freddie Freeman UTIL Andy Pages UTIL Connor Norby UTIL Ezequiel Tovar,,,
1132,5222988532,Warr1013 (1/3),0,63,CPT Shohei Ohtani UTIL Freddie Freeman UTIL Max Muncy UTIL Jordan Beck UTIL Connor Norby UTIL Hunter Feduccia,,,
1132,5223003163,terrance79 (1/4),0,63,CPT Shohei Ohtani UTIL Freddie Freeman UTIL Mookie Betts UTIL Tommy Edman UTIL Jordan Beck UTIL Hunter Feduccia,,,
1132,5223003175,terrance79 (2/4),0,63,CPT Shohei Ohtani UTIL Freddie Freeman UTIL Mookie Betts UTIL Tommy Edman UTIL Jordan Beck UTIL Hunter Feduccia,,,
1132,5223003184,terrance79 (3/4),0,63,CPT Shohei Ohtani UTIL Freddie Freeman UTIL Mookie Betts UTIL Tommy Edman UTIL Jordan Beck UTIL Hunter Feduccia,,,
1132,5223003191,terrance79 (4/4),0,63,CPT Shohei Ohtani UTIL Freddie Freeman UTIL Mookie Betts UTIL Tommy Edman UTIL Jordan Beck UTIL Hunter Feduccia,,,
1132,5223008141,nathan_vanthof,0,63,CPT Hunter Feduccia UTIL Shohei Ohtani UTIL Freddie Freeman UTIL Cole Carrigg UTIL Mookie Betts UTIL Tommy Edman,,,
1151,5222325649,MultipleWinGasms (17/20),0,62.7,CPT Mookie Betts UTIL Eric Lauer UTIL Ryan Feltner UTIL TJ Rumfield UTIL Willi Castro UTIL Connor Norby,,,
1152,5222326723,kreller17 (15/20),0,62.575,CPT Eric Lauer UTIL Max Muncy UTIL Andy Pages UTIL Teoscar Hernandez UTIL Connor Norby UTIL Hunter Feduccia,,,
1152,5222437307,gwatts77 (1/20),0,62.575,CPT Eric Lauer UTIL Andy Pages UTIL Mookie Betts UTIL TJ Rumfield UTIL Teoscar Hernandez UTIL Hunter Feduccia,,,
1152,5222546749,chiefsgrammy (2/4),0,62.575,CPT Eric Lauer UTIL Cole Carrigg UTIL Mookie Betts UTIL Tommy Edman UTIL Teoscar Hernandez UTIL Jordan Beck,,,
1152,5222757525,austin60915 (3/20),0,62.575,CPT Eric Lauer UTIL Kyle Tucker UTIL Mookie Betts UTIL Tommy Edman UTIL Teoscar Hernandez UTIL Ezequiel Tovar,,,
1152,5222808717,roberts2525 (10/12),0,62.575,CPT Eric Lauer UTIL Max Muncy UTIL Andy Pages UTIL Teoscar Hernandez UTIL Connor Norby UTIL Hunter Feduccia,,,
1152,5222874436,rc2167 (2/3),0,62.575,CPT Eric Lauer UTIL Shohei Ohtani UTIL Tommy Edman UTIL Jordan Beck UTIL Connor Norby UTIL Braxton Fulford,,,
1152,5222894904,slotone (10/10),0,62.575,CPT Eric Lauer UTIL Freddie Freeman UTIL Mookie Betts UTIL Tommy Edman UTIL Jordan Beck UTIL Connor Norby,,,
1152,5222926994,joeywill333 (4/4),0,62.575,CPT Eric Lauer UTIL Cole Carrigg UTIL Mookie Betts UTIL Tommy Edman UTIL Teoscar Hernandez UTIL Jordan Beck,,,
1152,5223004542,MrKaotic71 (4/12),0,62.575,CPT Eric Lauer UTIL Max Muncy UTIL Andy Pages UTIL Teoscar Hernandez UTIL Connor Norby UTIL Hunter Feduccia,,,
1152,5223010055,TNeidert (13/20),0,62.575,CPT Eric Lauer UTIL Cole Carrigg UTIL Mookie Betts UTIL Tommy Edman UTIL Teoscar Hernandez UTIL Jordan Beck,,,
1152,5223015704,Steelers1933530 (2/15),0,62.575,CPT Eric Lauer UTIL Kyle Tucker UTIL Mookie Betts UTIL TJ Rumfield UTIL Tommy Edman UTIL Connor Norby,,,
1163,5222326724,kreller17 (16/20),0,62.55,CPT Teoscar Hernandez UTIL Eric Lauer UTIL Andy Pages UTIL Kyle Tucker UTIL Mookie Betts UTIL Connor Norby,,,
1163,5222331944,shanemoore27 (15/20),0,62.55,CPT Andy Pages UTIL Eric Lauer UTIL Shohei Ohtani UTIL Teoscar Hernandez UTIL Jordan Beck UTIL Hunter Feduccia,,,
1163,5222338863,tbjones2121 (10/20),0,62.55,CPT Teoscar Hernandez UTIL Eric Lauer UTIL Andy Pages UTIL Kyle Tucker UTIL Mookie Betts UTIL Connor Norby,,,
1163,5222422875,Caryg07 (16/20),0,62.55,CPT Andy Pages UTIL Eric Lauer UTIL Shohei Ohtani UTIL Teoscar Hernandez UTIL Jordan Beck UTIL Hunter Feduccia,,,
1163,5222492965,FoxyGrandpa252 (9/20),0,62.55,CPT Andy Pages UTIL Eric Lauer UTIL Shohei Ohtani UTIL Teoscar Hernandez UTIL Jordan Beck UTIL Hunter Feduccia,,,
1163,5222514625,rsumrall (16/20),0,62.55,CPT Andy Pages UTIL Eric Lauer UTIL Shohei Ohtani UTIL Teoscar Hernandez UTIL Jordan Beck UTIL Hunter Feduccia,,,
1163,5222653240,jah_586 (3/20),0,62.55,CPT Teoscar Hernandez UTIL Eric Lauer UTIL Andy Pages UTIL Kyle Tucker UTIL Mookie Betts UTIL Connor Norby,,,
1163,5222653252,jah_586 (15/20),0,62.55,CPT Andy Pages UTIL Eric Lauer UTIL Shohei Ohtani UTIL Teoscar Hernandez UTIL Jordan Beck UTIL Hunter Feduccia,,,
1163,5222735691,SpeedRacer101 (16/20),0,62.55,CPT Andy Pages UTIL Eric Lauer UTIL Shohei Ohtani UTIL Teoscar Hernandez UTIL Jordan Beck UTIL Hunter Feduccia,,,
1163,5222802908,cwthrow24 (20/20),0,62.55,CPT Andy Pages UTIL Eric Lauer UTIL Shohei Ohtani UTIL Teoscar Hernandez UTIL Jordan Beck UTIL Hunter Feduccia,,,
1163,5222846662,TheFH (7/20),0,62.55,CPT Teoscar Hernandez UTIL Eric Lauer UTIL Andy Pages UTIL Kyle Tucker UTIL Mookie Betts UTIL Connor Norby,,,
1163,5222846666,TheFH (11/20),0,62.55,CPT Andy Pages UTIL Eric Lauer UTIL Shohei Ohtani UTIL Teoscar Hernandez UTIL Jordan Beck UTIL Hunter Feduccia,,,
1163,5222939918,msshj08 (1/5),0,62.55,CPT Cole Carrigg UTIL Eric Lauer UTIL Shohei Ohtani UTIL Tommy Edman UTIL Jordan Beck UTIL Connor Norby,,,
1163,5222950165,KGould86 (18/20),0,62.55,CPT Cole Carrigg UTIL Eric Lauer UTIL Shohei Ohtani UTIL Tommy Edman UTIL Hunter Feduccia UTIL Braxton Fulford,,,
1163,5222995289,colbyhornet (17/20),0,62.55,CPT Andy Pages UTIL Eric Lauer UTIL Shohei Ohtani UTIL Teoscar Hernandez UTIL Jordan Beck UTIL Hunter Feduccia,,,
1163,5223011192,wculler34 (2/20),0,62.55,CPT Andy Pages UTIL Eric Lauer UTIL Shohei Ohtani UTIL Teoscar Hernandez UTIL Jordan Beck UTIL Hunter Feduccia,,,
1179,5222186159,Wijason (1/2),0,62.5,CPT Max Muncy UTIL Freddie Freeman UTIL Tommy Edman UTIL Teoscar Hernandez UTIL Jordan Beck UTIL Braxton Fulford,,,
1179,5222326518,wwc951 (6/20),0,62.5,CPT Max Muncy UTIL Shohei Ohtani UTIL Mookie Betts UTIL Willi Castro UTIL Connor Norby UTIL Ezequiel Tovar,,,
1179,5222392201,goofybh207 (2/3),0,62.5,CPT Jake McCarthy UTIL Shohei Ohtani UTIL Cole Carrigg UTIL TJ Rumfield UTIL Jordan Beck UTIL Ezequiel Tovar,,,
1179,5222653243,jah_586 (6/20),0,62.5,CPT Kyle Tucker UTIL Shohei Ohtani UTIL Mookie Betts UTIL Tommy Edman UTIL Teoscar Hernandez UTIL Jordan Beck,,,
1179,5222956613,k.wisneski,0,62.5,CPT Andy Pages UTIL Shohei Ohtani UTIL Mookie Betts UTIL Willi Castro UTIL Connor Norby UTIL Braxton Fulford,,,
1179,5222978297,viking60,0,62.5,CPT Max Muncy UTIL Shohei Ohtani UTIL Jake McCarthy UTIL Kyle Tucker UTIL Connor Norby UTIL Hunter Feduccia,,,
1179,5223009192,j-wolf05 (9/20),0,62.5,CPT Cole Carrigg UTIL Mickey Moniak UTIL Jake McCarthy UTIL Mookie Betts UTIL Willi Castro UTIL Braxton Fulford,,,
1179,5223028730,ph54417 (7/20),0,62.5,CPT Andy Pages UTIL Freddie Freeman UTIL Mookie Betts UTIL Willi Castro UTIL Connor Norby UTIL Ezequiel Tovar,,,
1187,5222681428,jeb1778,0,62.225002,CPT Eric Lauer UTIL Ryan Feltner UTIL TJ Rumfield UTIL Tommy Edman UTIL Teoscar Hernandez UTIL Ezequiel Tovar,,,
1187,5223031047,dingodan39 (6/6),0,62.225002,CPT Eric Lauer UTIL Ryan Feltner UTIL TJ Rumfield UTIL Tommy Edman UTIL Teoscar Hernandez UTIL Ezequiel Tovar,,,
1189,5222257428,jasons1876,0,62.05,CPT Hunter Feduccia UTIL Eric Lauer UTIL Shohei Ohtani UTIL Freddie Freeman UTIL Andy Pages UTIL Ezequiel Tovar,,,
1189,5222313324,beautifulchaos01,0,62.05,CPT Adael Amador UTIL Eric Lauer UTIL Shohei Ohtani UTIL Freddie Freeman UTIL TJ Rumfield UTIL Alek Thomas,,,
1189,5222387533,inkedjerseyguy,0,62.05,CPT Hunter Feduccia UTIL Eric Lauer UTIL Shohei Ohtani UTIL Freddie Freeman UTIL Andy Pages UTIL Ezequiel Tovar,,,
1189,5223011197,wculler34 (7/20),0,62.05,CPT Hunter Feduccia UTIL Eric Lauer UTIL Shohei Ohtani UTIL Freddie Freeman UTIL Andy Pages UTIL Ezequiel Tovar,,,
1189,5223011200,wculler34 (10/20),0,62.05,CPT Tommy Edman UTIL Eric Lauer UTIL Shohei Ohtani UTIL Max Muncy UTIL Jordan Beck UTIL Hunter Feduccia,,,
1194,5222841509,jabbo123 (1/20),0,62.025,CPT Ryan Feltner UTIL Eric Lauer UTIL Jake McCarthy UTIL Willi Castro UTIL Ezequiel Tovar UTIL Braxton Fulford,,,
1194,5222979551,bnance82 (1/20),0,62.025,CPT Ryan Feltner UTIL Eric Lauer UTIL Jake McCarthy UTIL Willi Castro UTIL Ezequiel Tovar UTIL Braxton Fulford,,,
1196,5222014178,Bonzaicon (1/2),0,62,CPT Shohei Ohtani UTIL Jake McCarthy UTIL Mookie Betts UTIL TJ Rumfield UTIL Jordan Beck UTIL Connor Norby,,,
1196,5222384793,wischmeir,0,62,CPT Jordan Beck UTIL Freddie Freeman UTIL Max Muncy UTIL Andy Pages UTIL Mookie Betts UTIL Willi Castro,,,
1196,5222403097,az350z (7/20),0,62,CPT Jordan Beck UTIL Freddie Freeman UTIL Max Muncy UTIL Andy Pages UTIL Mookie Betts UTIL Willi Castro,,,
1196,5222541125,Stree (18/20),0,62,CPT Shohei Ohtani UTIL Freddie Freeman UTIL Mookie Betts UTIL Tommy Edman UTIL Connor Norby UTIL Ezequiel Tovar,,,
1196,5222670339,Ron_feeney (2/3),0,62,CPT Shohei Ohtani UTIL Max Muncy UTIL TJ Rumfield UTIL Tommy Edman UTIL Hunter Feduccia UTIL Braxton Fulford,,,
1196,5222789312,peteram,0,62,CPT Shohei Ohtani UTIL Freddie Freeman UTIL Andy Pages UTIL Connor Norby UTIL Hunter Feduccia UTIL Braxton Fulford,,,
1196,5222839970,xXxPLOSIVE (5/9),0,62,CPT Shohei Ohtani UTIL Freddie Freeman UTIL Mookie Betts UTIL Tommy Edman UTIL Connor Norby UTIL Ezequiel Tovar,,,
1196,5223009276,Dolow2me (4/5),0,62,CPT Shohei Ohtani UTIL Andy Pages UTIL Mookie Betts UTIL Willi Castro UTIL Ezequiel Tovar UTIL Braxton Fulford,,,
1196,5223014233,cmwagner,0,62,CPT Shohei Ohtani UTIL Freddie Freeman UTIL Mookie Betts UTIL Tommy Edman UTIL Connor Norby UTIL Ezequiel Tovar,,,
1196,5223033820,mbs1973,0,62,CPT Shohei Ohtani UTIL Andy Pages UTIL Cole Carrigg UTIL Teoscar Hernandez UTIL Jordan Beck UTIL Connor Norby,,,
1206,5222331930,shanemoore27 (1/20),0,61.975,CPT Ryan Feltner UTIL Mickey Moniak UTIL Jake McCarthy UTIL TJ Rumfield UTIL Willi Castro UTIL Hunter Feduccia,,,
1206,5223032898,trappwimm80 (1/4),0,61.975,CPT Ryan Feltner UTIL Mickey Moniak UTIL Jake McCarthy UTIL TJ Rumfield UTIL Willi Castro UTIL Hunter Feduccia,,,
1208,5222944148,timbo67 (3/3),0,61.575,CPT Eric Lauer UTIL Shohei Ohtani UTIL Jake McCarthy UTIL Mookie Betts UTIL Ezequiel Tovar UTIL Hunter Feduccia,,,
1208,5222979565,bnance82 (15/20),0,61.575,CPT Eric Lauer UTIL Shohei Ohtani UTIL Jake McCarthy UTIL Mookie Betts UTIL Ezequiel Tovar UTIL Hunter Feduccia,,,
1210,5222602347,SIRNBT1 (5/6),0,61.55,CPT Freddie Freeman UTIL Eric Lauer UTIL Kyle Tucker UTIL Mookie Betts UTIL Jordan Beck UTIL Connor Norby,,,
1210,5222676810,ZenRenG,0,61.55,CPT Jake McCarthy UTIL Eric Lauer UTIL Shohei Ohtani UTIL Brett Sullivan UTIL Zac Veen UTIL Adael Amador,,,
1210,5222745039,chrispy2005 (4/20),0,61.55,CPT Kyle Tucker UTIL Eric Lauer UTIL Andy Pages UTIL TJ Rumfield UTIL Tommy Edman UTIL Hunter Feduccia,,,
1210,5222888860,ballgame1881 (13/20),0,61.55,CPT Andy Pages UTIL Eric Lauer UTIL Freddie Freeman UTIL Jake McCarthy UTIL Ezequiel Tovar UTIL Hunter Feduccia,,,
1210,5222969658,emcarr0605,0,61.55,CPT Kyle Tucker UTIL Eric Lauer UTIL Cole Carrigg UTIL Mookie Betts UTIL Teoscar Hernandez UTIL Connor Norby,,,
1210,5223017173,nealjwells71 (12/20),0,61.55,CPT Andy Pages UTIL Eric Lauer UTIL Shohei Ohtani UTIL Teoscar Hernandez UTIL Connor Norby UTIL Ezequiel Tovar,,,
1210,5223023718,84flipmode (2/20),0,61.55,CPT Max Muncy UTIL Eric Lauer UTIL Mookie Betts UTIL Willi Castro UTIL Connor Norby UTIL Ezequiel Tovar,,,
1217,5222311188,vstar1300 (3/10),0,61.5,CPT Kyle Tucker UTIL Max Muncy UTIL Jake McCarthy UTIL Cole Carrigg UTIL TJ Rumfield UTIL Connor Norby,,,
1217,5222525310,stewie14,0,61.5,CPT Connor Norby UTIL Shohei Ohtani UTIL Freddie Freeman UTIL Max Muncy UTIL Kyle Tucker UTIL Jordan Beck,,,
1217,5222554546,eptxguy (2/6),0,61.5,CPT Max Muncy UTIL Shohei Ohtani UTIL Jake McCarthy UTIL Tommy Edman UTIL Jordan Beck UTIL Connor Norby,,,
1217,5222554550,eptxguy (6/6),0,61.5,CPT Kyle Tucker UTIL Shohei Ohtani UTIL Max Muncy UTIL Teoscar Hernandez UTIL Jordan Beck UTIL Hunter Feduccia,,,
1217,5222681455,hatdaddy (11/20),0,61.5,CPT Teoscar Hernandez UTIL Shohei Ohtani UTIL Max Muncy UTIL Mookie Betts UTIL Tommy Edman UTIL Ezequiel Tovar,,,
1217,5223007504,eking4213 (6/20),0,61.5,CPT Kyle Tucker UTIL Max Muncy UTIL Jake McCarthy UTIL Cole Carrigg UTIL Tommy Edman UTIL Connor Norby,,,
1217,5223021950,Steelers1933530 (15/15),0,61.5,CPT Andy Pages UTIL Shohei Ohtani UTIL Mookie Betts UTIL Willi Castro UTIL Jordan Beck UTIL Connor Norby,,,
1217,5223025660,agiant1156 (4/5),0,61.5,CPT Teoscar Hernandez UTIL Max Muncy UTIL Mickey Moniak UTIL Kyle Tucker UTIL Tommy Edman UTIL Connor Norby,,,
1217,5223035907,bassguy39 (5/6),0,61.5,CPT Teoscar Hernandez UTIL Shohei Ohtani UTIL Max Muncy UTIL Mookie Betts UTIL Tommy Edman UTIL Ezequiel Tovar,,,
1226,5222802898,cwthrow24 (10/20),0,61.15,CPT Jake McCarthy UTIL Ryan Feltner UTIL Cole Carrigg UTIL Mookie Betts UTIL Willi Castro UTIL Ezequiel Tovar,,,
1226,5223026795,ernieo (2/2),0,61.15,CPT Andy Pages UTIL Ryan Feltner UTIL Kyle Tucker UTIL Tommy Edman UTIL Willi Castro UTIL Connor Norby,,,
1228,5222827702,Ranch1966 (1/2),0,61.05,CPT Tommy Edman UTIL Eric Lauer UTIL Shohei Ohtani UTIL Max Muncy UTIL Connor Norby UTIL Ezequiel Tovar,,,
1228,5222827714,Ranch1966 (2/2),0,61.05,CPT Tommy Edman UTIL Eric Lauer UTIL Shohei Ohtani UTIL Max Muncy UTIL Connor Norby UTIL Ezequiel Tovar,,,
1230,5222904416,Gapman,0,61.025,CPT Ryan Feltner UTIL Eric Lauer UTIL Jake McCarthy UTIL Willi Castro UTIL Alex Call UTIL Jordan Beck,,,
1231,5222068712,hipnosyst,0,61,CPT Shohei Ohtani UTIL Freddie Freeman UTIL Max Muncy UTIL Connor Norby UTIL Ezequiel Tovar UTIL Hunter Feduccia,,,
1231,5222326527,wwc951 (15/20),0,61,CPT Mookie Betts UTIL Shohei Ohtani UTIL TJ Rumfield UTIL Tommy Edman UTIL Teoscar Hernandez UTIL Jordan Beck,,,
1231,5222462470,TurtlePunch (2/2),0,61,CPT Shohei Ohtani UTIL Andy Pages UTIL Mickey Moniak UTIL Willi Castro UTIL Jordan Beck UTIL Ezequiel Tovar,,,
1231,5222494734,Sbdog44,0,61,CPT Shohei Ohtani UTIL Freddie Freeman UTIL Andy Pages UTIL Jordan Beck UTIL Connor Norby UTIL Hunter Feduccia,,,
1231,5222516841,diamondd669,0,61,CPT Shohei Ohtani UTIL Freddie Freeman UTIL Andy Pages UTIL Jordan Beck UTIL Connor Norby UTIL Hunter Feduccia,,,
1231,5222542672,MiKeyTheGuy69,0,61,CPT Shohei Ohtani UTIL Max Muncy UTIL Mookie Betts UTIL Willi Castro UTIL Adael Amador UTIL Hyeseong Kim,,,
1231,5222580857,Featherball (1/10),0,61,CPT Shohei Ohtani UTIL Mookie Betts UTIL Tommy Edman UTIL Teoscar Hernandez UTIL Ezequiel Tovar UTIL Hunter Feduccia,,,
1231,5222615582,jwclark311 (15/20),0,61,CPT Shohei Ohtani UTIL Max Muncy UTIL Mookie Betts UTIL Teoscar Hernandez UTIL Connor Norby UTIL Hunter Feduccia,,,
1231,5222615584,jwclark311 (17/20),0,61,CPT Shohei Ohtani UTIL Freddie Freeman UTIL Mookie Betts UTIL Tommy Edman UTIL Ezequiel Tovar UTIL Hunter Feduccia,,,
1231,5222648624,gbadertscher (4/4),0,61,CPT Shohei Ohtani UTIL Freddie Freeman UTIL Andy Pages UTIL Jordan Beck UTIL Connor Norby UTIL Hunter Feduccia,,,
1231,5222662334,dspears56 (10/14),0,61,CPT Tommy Edman UTIL Max Muncy UTIL Andy Pages UTIL Mookie Betts UTIL Willi Castro UTIL Braxton Fulford,,,
1231,5222683078,ling4662,0,61,CPT Shohei Ohtani UTIL Freddie Freeman UTIL Max Muncy UTIL Connor Norby UTIL Ezequiel Tovar UTIL Hunter Feduccia,,,
1231,5222686349,dragonsoldier23 (2/3),0,61,CPT Shohei Ohtani UTIL Max Muncy UTIL Cole Carrigg UTIL Tommy Edman UTIL Connor Norby UTIL Hunter Feduccia,,,
1231,5222782796,flair60,0,61,CPT Shohei Ohtani UTIL Andy Pages UTIL Kyle Tucker UTIL Tommy Edman UTIL Connor Norby UTIL Hunter Feduccia,,,
1231,5222895895,atat13 (18/20),0,61,CPT Hunter Feduccia UTIL Freddie Freeman UTIL Mickey Moniak UTIL Jake McCarthy UTIL Kyle Tucker UTIL Cole Carrigg,,,
1231,5222943275,heybert711 (18/20),0,61,CPT Shohei Ohtani UTIL Freddie Freeman UTIL Andy Pages UTIL Jordan Beck UTIL Connor Norby UTIL Hunter Feduccia,,,
1231,5222972464,Christez1726 (3/5),0,61,CPT Shohei Ohtani UTIL Freddie Freeman UTIL Mookie Betts UTIL Tommy Edman UTIL Ezequiel Tovar UTIL Hunter Feduccia,,,
1231,5222975540,rockenraven (1/2),0,61,CPT Shohei Ohtani UTIL Mickey Moniak UTIL Jake McCarthy UTIL TJ Rumfield UTIL Jordan Beck UTIL Hunter Feduccia,,,
1231,5222975610,rockenraven (2/2),0,61,CPT Shohei Ohtani UTIL Mickey Moniak UTIL Jake McCarthy UTIL TJ Rumfield UTIL Jordan Beck UTIL Hunter Feduccia,,,
1231,5223003164,KOdog1 (2/3),0,61,CPT Shohei Ohtani UTIL Freddie Freeman UTIL Max Muncy UTIL Connor Norby UTIL Ezequiel Tovar UTIL Hunter Feduccia,,,
1231,5223011064,marwalk82 (6/8),0,61,CPT Shohei Ohtani UTIL Freddie Freeman UTIL Mookie Betts UTIL TJ Rumfield UTIL Ezequiel Tovar UTIL Hunter Feduccia,,,
1231,5223023951,JKadlitz,0,61,CPT Shohei Ohtani UTIL Freddie Freeman UTIL Andy Pages UTIL Jordan Beck UTIL Connor Norby UTIL Hunter Feduccia,,,
1231,5223028731,ph54417 (8/20),0,61,CPT Mookie Betts UTIL Shohei Ohtani UTIL Freddie Freeman UTIL Teoscar Hernandez UTIL Connor Norby UTIL Ezequiel Tovar,,,
1254,5222419310,Robertcotner (3/3),0,60.575,CPT Eric Lauer UTIL Shohei Ohtani UTIL Kyle Tucker UTIL Mookie Betts UTIL Connor Norby UTIL Hunter Feduccia,,,
1254,5222554545,eptxguy (1/6),0,60.575,CPT Eric Lauer UTIL Shohei Ohtani UTIL Kyle Tucker UTIL Mookie Betts UTIL Connor Norby UTIL Hunter Feduccia,,,
1254,5222630898,doniboost,0,60.575,CPT Eric Lauer UTIL Shohei Ohtani UTIL Kyle Tucker UTIL Mookie Betts UTIL Connor Norby UTIL Hunter Feduccia,,,
1254,5222658315,JRock1025,0,60.575,CPT Eric Lauer UTIL Freddie Freeman UTIL Max Muncy UTIL Tommy Edman UTIL Jordan Beck UTIL Ezequiel Tovar,,,
1254,5222703597,phjohnse,0,60.575,CPT Eric Lauer UTIL Shohei Ohtani UTIL Kyle Tucker UTIL Mookie Betts UTIL Connor Norby UTIL Hunter Feduccia,,,
1254,5222721702,mrclean913 (3/20),0,60.575,CPT Eric Lauer UTIL Shohei Ohtani UTIL Kyle Tucker UTIL Mookie Betts UTIL Connor Norby UTIL Hunter Feduccia,,,
1254,5222808719,roberts2525 (12/12),0,60.575,CPT Eric Lauer UTIL Max Muncy UTIL Andy Pages UTIL Jake McCarthy UTIL Connor Norby UTIL Hunter Feduccia,,,
1254,5222968792,kbrisacher (3/20),0,60.575,CPT Eric Lauer UTIL Shohei Ohtani UTIL Kyle Tucker UTIL Mookie Betts UTIL Connor Norby UTIL Hunter Feduccia,,,
1254,5223004563,MrKaotic71 (6/12),0,60.575,CPT Eric Lauer UTIL Max Muncy UTIL Andy Pages UTIL Jake McCarthy UTIL Connor Norby UTIL Hunter Feduccia,,,
1254,5223007517,eking4213 (19/20),0,60.575,CPT Eric Lauer UTIL Shohei Ohtani UTIL Kyle Tucker UTIL Mookie Betts UTIL Connor Norby UTIL Hunter Feduccia,,,
1254,5223031910,dcw331,0,60.575,CPT Eric Lauer UTIL Max Muncy UTIL Andy Pages UTIL Jake McCarthy UTIL Connor Norby UTIL Hunter Feduccia,,,
1254,5223034933,kyleorso (2/20),0,60.575,CPT Eric Lauer UTIL Shohei Ohtani UTIL Kyle Tucker UTIL Mookie Betts UTIL Connor Norby UTIL Hunter Feduccia,,,
1266,5222325638,MultipleWinGasms (6/20),0,60.55,CPT Andy Pages UTIL Eric Lauer UTIL Shohei Ohtani UTIL Tommy Edman UTIL Connor Norby UTIL Hunter Feduccia,,,
1266,5222338589,MoneyRamirez (3/4),0,60.55,CPT Andy Pages UTIL Eric Lauer UTIL Shohei Ohtani UTIL Tommy Edman UTIL Connor Norby UTIL Hunter Feduccia,,,
1266,5222381717,freakazoid0,0,60.55,CPT Cole Carrigg UTIL Eric Lauer UTIL Shohei Ohtani UTIL Jake McCarthy UTIL Jordan Beck UTIL Ezequiel Tovar,,,
1266,5222492964,FoxyGrandpa252 (8/20),0,60.55,CPT Andy Pages UTIL Eric Lauer UTIL Freddie Freeman UTIL Kyle Tucker UTIL Connor Norby UTIL Hunter Feduccia,,,
1266,5222506635,Miky1216 (5/10),0,60.55,CPT Andy Pages UTIL Eric Lauer UTIL Shohei Ohtani UTIL Tommy Edman UTIL Connor Norby UTIL Hunter Feduccia,,,
1266,5222514612,rsumrall (3/20),0,60.55,CPT Andy Pages UTIL Eric Lauer UTIL Shohei Ohtani UTIL Tommy Edman UTIL Connor Norby UTIL Hunter Feduccia,,,
1266,5222514966,skibumb124,0,60.55,CPT Andy Pages UTIL Eric Lauer UTIL Shohei Ohtani UTIL Tommy Edman UTIL Connor Norby UTIL Hunter Feduccia,,,
1266,5222600980,boiler24,0,60.55,CPT Andy Pages UTIL Eric Lauer UTIL Shohei Ohtani UTIL Tommy Edman UTIL Connor Norby UTIL Hunter Feduccia,,,
1266,5222652782,goheelz1 (7/7),0,60.55,CPT Freddie Freeman UTIL Eric Lauer UTIL Kyle Tucker UTIL Mookie Betts UTIL Jordan Beck UTIL Hunter Feduccia,,,
1266,5222681462,hatdaddy (18/20),0,60.55,CPT Andy Pages UTIL Eric Lauer UTIL Shohei Ohtani UTIL Tommy Edman UTIL Connor Norby UTIL Hunter Feduccia,,,
1266,5222721714,mrclean913 (15/20),0,60.55,CPT Andy Pages UTIL Eric Lauer UTIL Shohei Ohtani UTIL Tommy Edman UTIL Connor Norby UTIL Hunter Feduccia,,,
1266,5222733927,floydian80 (16/20),0,60.55,CPT Andy Pages UTIL Eric Lauer UTIL Shohei Ohtani UTIL Tommy Edman UTIL Connor Norby UTIL Hunter Feduccia,,,
1266,5222802897,cwthrow24 (9/20),0,60.55,CPT Andy Pages UTIL Eric Lauer UTIL Shohei Ohtani UTIL Tommy Edman UTIL Connor Norby UTIL Hunter Feduccia,,,
1266,5222979562,bnance82 (12/20),0,60.55,CPT Andy Pages UTIL Eric Lauer UTIL Shohei Ohtani UTIL Tommy Edman UTIL Connor Norby UTIL Hunter Feduccia,,,
1266,5223009191,j-wolf05 (8/20),0,60.55,CPT Andy Pages UTIL Eric Lauer UTIL Shohei Ohtani UTIL Tommy Edman UTIL Connor Norby UTIL Hunter Feduccia,,,
1266,5223034939,kyleorso (8/20),0,60.55,CPT Andy Pages UTIL Eric Lauer UTIL Freddie Freeman UTIL Kyle Tucker UTIL Connor Norby UTIL Hunter Feduccia,,,
1282,5222357576,vetterunner (1/3),0,60.5,CPT Freddie Freeman UTIL Shohei Ohtani UTIL Max Muncy UTIL Jordan Beck UTIL Hunter Feduccia UTIL Braxton Fulford,,,
1282,5222541110,Stree (3/20),0,60.5,CPT Jake McCarthy UTIL Shohei Ohtani UTIL Andy Pages UTIL Cole Carrigg UTIL Jordan Beck UTIL Connor Norby,,,
1282,5222589588,Featherball (5/10),0,60.5,CPT Max Muncy UTIL Shohei Ohtani UTIL Tommy Edman UTIL Teoscar Hernandez UTIL Ezequiel Tovar UTIL Hunter Feduccia,,,
1282,5222598513,SeanMizzle (2/2),0,60.5,CPT Freddie Freeman UTIL Shohei Ohtani UTIL Max Muncy UTIL Zac Veen UTIL Adael Amador UTIL Hunter Feduccia,,,
1282,5222611768,nlongo222,0,60.5,CPT Andy Pages UTIL Max Muncy UTIL Mookie Betts UTIL Teoscar Hernandez UTIL Willi Castro UTIL Hyeseong Kim,,,
1282,5222615825,Edgitt116 (1/8),0,60.5,CPT Cole Carrigg UTIL Shohei Ohtani UTIL Kyle Tucker UTIL Mookie Betts UTIL Teoscar Hernandez UTIL Hunter Feduccia,,,
1282,5222695220,LoganDFS812 (15/20),0,60.5,CPT Cole Carrigg UTIL Freddie Freeman UTIL Max Muncy UTIL Jake McCarthy UTIL Jordan Beck UTIL Connor Norby,,,
1282,5222733926,floydian80 (15/20),0,60.5,CPT Jake McCarthy UTIL Shohei Ohtani UTIL Max Muncy UTIL TJ Rumfield UTIL Jordan Beck UTIL Ezequiel Tovar,,,
1282,5222795392,Vogel12,0,60.5,CPT Kyle Tucker UTIL Max Muncy UTIL Andy Pages UTIL Mookie Betts UTIL Willi Castro UTIL Connor Norby,,,
1282,5222808712,roberts2525 (5/12),0,60.5,CPT Andy Pages UTIL Shohei Ohtani UTIL Mickey Moniak UTIL Willi Castro UTIL Jordan Beck UTIL Hunter Feduccia,,,
1282,5222921427,KelvinDubs (9/20),0,60.5,CPT Jake McCarthy UTIL Shohei Ohtani UTIL Max Muncy UTIL Cole Carrigg UTIL Connor Norby UTIL Ezequiel Tovar,,,
1293,5222338860,tbjones2121 (7/20),0,60.15,CPT Jake McCarthy UTIL Ryan Feltner UTIL Cole Carrigg UTIL TJ Rumfield UTIL Tommy Edman UTIL Connor Norby,,,
1294,5222602343,SIRNBT1 (1/6),0,60.05,CPT Shohei Ohtani UTIL Eric Lauer UTIL Max Muncy UTIL Connor Norby UTIL Hunter Feduccia UTIL Braxton Fulford,,,
1294,5223015124,byufan11,0,60.05,CPT Mookie Betts UTIL Eric Lauer UTIL Jake McCarthy UTIL Kyle Tucker UTIL Tommy Edman UTIL Connor Norby,,,
1296,5223015706,Steelers1933530 (4/15),0,60.025,CPT Ryan Feltner UTIL Eric Lauer UTIL Mookie Betts UTIL TJ Rumfield UTIL Willi Castro UTIL Hunter Feduccia,,,
1296,5223015707,Steelers1933530 (5/15),0,60.025,CPT Ryan Feltner UTIL Eric Lauer UTIL Mookie Betts UTIL Tommy Edman UTIL Willi Castro UTIL Hunter Feduccia,,,
1298,5222403105,az350z (15/20),0,60,CPT Tommy Edman UTIL Shohei Ohtani UTIL Freddie Freeman UTIL Max Muncy UTIL Jordan Beck UTIL Ezequiel Tovar,,,
1298,5222888850,ballgame1881 (3/20),0,60,CPT Jordan Beck UTIL Shohei Ohtani UTIL Andy Pages UTIL Cole Carrigg UTIL Tommy Edman UTIL Teoscar Hernandez,,,
1298,5222967044,Biglon62,0,60,CPT Shohei Ohtani UTIL Jake McCarthy UTIL Mookie Betts UTIL TJ Rumfield UTIL Connor Norby UTIL Ezequiel Tovar,,,
1298,5223010048,TNeidert (6/20),0,60,CPT Mickey Moniak UTIL Shohei Ohtani UTIL Freddie Freeman UTIL Tommy Edman UTIL Connor Norby UTIL Hunter Feduccia,,,
1302,5222181004,ivymoose (9/20),0,59.975,CPT Ryan Feltner UTIL Jake McCarthy UTIL Kyle Tucker UTIL Cole Carrigg UTIL Willi Castro UTIL Ezequiel Tovar,,,
1302,5222916118,Steven_1974 (3/20),0,59.975,CPT Ryan Feltner UTIL Jake McCarthy UTIL Kyle Tucker UTIL Cole Carrigg UTIL Willi Castro UTIL Ezequiel Tovar,,,
1302,5222995279,colbyhornet (7/20),0,59.975,CPT Ryan Feltner UTIL Shohei Ohtani UTIL TJ Rumfield UTIL Willi Castro UTIL Jordan Beck UTIL Braxton Fulford,,,
1302,5223017165,nealjwells71 (4/20),0,59.975,CPT Ryan Feltner UTIL Jake McCarthy UTIL Kyle Tucker UTIL Cole Carrigg UTIL Willi Castro UTIL Ezequiel Tovar,,,
1306,5222895130,ERTapia,0,59.7,CPT Tommy Edman UTIL Eric Lauer UTIL Ryan Feltner UTIL Kyle Tucker UTIL Teoscar Hernandez UTIL Jordan Beck,,,
1307,5222325633,MultipleWinGasms (1/20),0,59.575,CPT Eric Lauer UTIL Shohei Ohtani UTIL Andy Pages UTIL Tommy Edman UTIL Ezequiel Tovar UTIL Hunter Feduccia,,,
1307,5222437313,gwatts77 (7/20),0,59.575,CPT Eric Lauer UTIL Mickey Moniak UTIL Mookie Betts UTIL Tommy Edman UTIL Teoscar Hernandez UTIL Hunter Feduccia,,,
1307,5222483638,terryf20,0,59.575,CPT Eric Lauer UTIL Freddie Freeman UTIL Andy Pages UTIL Kyle Tucker UTIL Ezequiel Tovar UTIL Hunter Feduccia,,,
1307,5222487684,luvn_texas44 (1/3),0,59.575,CPT Eric Lauer UTIL Shohei Ohtani UTIL Max Muncy UTIL Connor Norby UTIL Hunter Feduccia UTIL Braxton Fulford,,,
1307,5222539449,JcClark18 (12/20),0,59.575,CPT Eric Lauer UTIL Shohei Ohtani UTIL Andy Pages UTIL Tommy Edman UTIL Ezequiel Tovar UTIL Hunter Feduccia,,,
1307,5222612159,raiN66,0,59.575,CPT Eric Lauer UTIL Freddie Freeman UTIL Max Muncy UTIL Cole Carrigg UTIL Ezequiel Tovar UTIL Hunter Feduccia,,,
1307,5222693055,KevinLeonK3 (2/2),0,59.575,CPT Eric Lauer UTIL Shohei Ohtani UTIL Andy Pages UTIL Tommy Edman UTIL Ezequiel Tovar UTIL Hunter Feduccia,,,
1307,5222721704,mrclean913 (5/20),0,59.575,CPT Eric Lauer UTIL Freddie Freeman UTIL Andy Pages UTIL Kyle Tucker UTIL Ezequiel Tovar UTIL Hunter Feduccia,,,
1307,5222757529,austin60915 (7/20),0,59.575,CPT Eric Lauer UTIL Shohei Ohtani UTIL Andy Pages UTIL Tommy Edman UTIL Ezequiel Tovar UTIL Hunter Feduccia,,,
1307,5222763397,Aslayday (2/5),0,59.575,CPT Eric Lauer UTIL Shohei Ohtani UTIL Andy Pages UTIL Tommy Edman UTIL Ezequiel Tovar UTIL Hunter Feduccia,,,
1307,5222814552,jsimoniette23,0,59.575,CPT Eric Lauer UTIL Shohei Ohtani UTIL Mookie Betts UTIL Tommy Edman UTIL Jordan Beck UTIL Connor Norby,,,
1307,5222841527,jabbo123 (19/20),0,59.575,CPT Eric Lauer UTIL Freddie Freeman UTIL Andy Pages UTIL Kyle Tucker UTIL Ezequiel Tovar UTIL Hunter Feduccia,,,
1307,5222870048,jbfones (2/8),0,59.575,CPT Eric Lauer UTIL Shohei Ohtani UTIL Andy Pages UTIL Tommy Edman UTIL Ezequiel Tovar UTIL Hunter Feduccia,,,
1307,5222870050,jbfones (4/8),0,59.575,CPT Eric Lauer UTIL Shohei Ohtani UTIL Mookie Betts UTIL Teoscar Hernandez UTIL Jordan Beck UTIL Ezequiel Tovar,,,
1307,5222916131,Steven_1974 (16/20),0,59.575,CPT Eric Lauer UTIL Shohei Ohtani UTIL Andy Pages UTIL Tommy Edman UTIL Ezequiel Tovar UTIL Hunter Feduccia,,,
1307,5222921397,Jimbobwae42,0,59.575,CPT Eric Lauer UTIL Shohei Ohtani UTIL Mookie Betts UTIL Tommy Edman UTIL Jordan Beck UTIL Connor Norby,,,
1307,5222921437,KelvinDubs (19/20),0,59.575,CPT Eric Lauer UTIL Shohei Ohtani UTIL Mookie Betts UTIL TJ Rumfield UTIL Jordan Beck UTIL Connor Norby,,,
1307,5222976109,georgeconfused (3/7),0,59.575,CPT Eric Lauer UTIL Shohei Ohtani UTIL Andy Pages UTIL Tommy Edman UTIL Ezequiel Tovar UTIL Hunter Feduccia,,,
1307,5222995281,colbyhornet (9/20),0,59.575,CPT Eric Lauer UTIL Shohei Ohtani UTIL Andy Pages UTIL Tommy Edman UTIL Ezequiel Tovar UTIL Hunter Feduccia,,,
1307,5223007512,eking4213 (14/20),0,59.575,CPT Eric Lauer UTIL Shohei Ohtani UTIL Andy Pages UTIL Tommy Edman UTIL Ezequiel Tovar UTIL Hunter Feduccia,,,
1307,5223009193,j-wolf05 (10/20),0,59.575,CPT Eric Lauer UTIL Freddie Freeman UTIL Andy Pages UTIL Kyle Tucker UTIL Ezequiel Tovar UTIL Hunter Feduccia,,,
1307,5223013194,jdemberton,0,59.575,CPT Eric Lauer UTIL Shohei Ohtani UTIL Andy Pages UTIL Tommy Edman UTIL Ezequiel Tovar UTIL Hunter Feduccia,,,
1307,5223025137,banjer62 (2/3),0,59.575,CPT Eric Lauer UTIL Freddie Freeman UTIL Andy Pages UTIL Kyle Tucker UTIL Ezequiel Tovar UTIL Hunter Feduccia,,,
1307,5223029528,banjer62 (3/3),0,59.575,CPT Eric Lauer UTIL Shohei Ohtani UTIL Mookie Betts UTIL Tommy Edman UTIL Jordan Beck UTIL Connor Norby,,,
1331,5222418209,joe_mac10,0,59.55,CPT Andy Pages UTIL Eric Lauer UTIL Kyle Tucker UTIL Tommy Edman UTIL Teoscar Hernandez UTIL Ezequiel Tovar,,,
1331,5222437310,gwatts77 (4/20),0,59.55,CPT Andy Pages UTIL Eric Lauer UTIL Kyle Tucker UTIL Tommy Edman UTIL Teoscar Hernandez UTIL Ezequiel Tovar,,,
1331,5222437312,gwatts77 (6/20),0,59.55,CPT Max Muncy UTIL Eric Lauer UTIL Mookie Betts UTIL TJ Rumfield UTIL Teoscar Hernandez UTIL Hunter Feduccia,,,
1331,5222989645,brown_007,0,59.55,CPT Andy Pages UTIL Eric Lauer UTIL Kyle Tucker UTIL Tommy Edman UTIL Teoscar Hernandez UTIL Ezequiel Tovar,,,
1335,5222326721,kreller17 (13/20),0,59.5,CPT Braxton Fulford UTIL Freddie Freeman UTIL Max Muncy UTIL Mookie Betts UTIL Tommy Edman UTIL Teoscar Hernandez,,,
1335,5222385690,PManos,0,59.5,CPT Connor Norby UTIL Shohei Ohtani UTIL Freddie Freeman UTIL Max Muncy UTIL Andy Pages UTIL Hunter Feduccia,,,
1335,5222654303,Akastning (1/3),0,59.5,CPT Connor Norby UTIL Shohei Ohtani UTIL Freddie Freeman UTIL Max Muncy UTIL Andy Pages UTIL Hunter Feduccia,,,
1335,5222731312,Douglas1990 (3/4),0,59.5,CPT Connor Norby UTIL Shohei Ohtani UTIL Freddie Freeman UTIL Max Muncy UTIL Andy Pages UTIL Hunter Feduccia,,,
1335,5222800434,jsh1122 (7/20),0,59.5,CPT Teoscar Hernandez UTIL Shohei Ohtani UTIL Andy Pages UTIL Mookie Betts UTIL Tommy Edman UTIL Ezequiel Tovar,,,
1335,5222800436,jsh1122 (9/20),0,59.5,CPT Connor Norby UTIL Shohei Ohtani UTIL Max Muncy UTIL Kyle Tucker UTIL Mookie Betts UTIL Teoscar Hernandez,,,
1335,5222984901,bryan7739,0,59.5,CPT Max Muncy UTIL Jake McCarthy UTIL Kyle Tucker UTIL Mookie Betts UTIL Teoscar Hernandez UTIL Connor Norby,,,
1335,5223008080,MrKaotic71 (11/12),0,59.5,CPT Andy Pages UTIL Shohei Ohtani UTIL Mickey Moniak UTIL Willi Castro UTIL Connor Norby UTIL Ezequiel Tovar,,,
1335,5223027448,0561david (2/2),0,59.5,CPT Freddie Freeman UTIL Shohei Ohtani UTIL Kyle Tucker UTIL Mookie Betts UTIL Ezequiel Tovar UTIL Hunter Feduccia,,,
1344,5222681454,hatdaddy (10/20),0,59.225002,CPT Eric Lauer UTIL Ryan Feltner UTIL TJ Rumfield UTIL Teoscar Hernandez UTIL Jordan Beck UTIL Connor Norby,,,
1345,5222541113,Stree (6/20),0,59.2,CPT Connor Norby UTIL Eric Lauer UTIL Ryan Feltner UTIL Max Muncy UTIL Mookie Betts UTIL Willi Castro,,,
1346,5222383263,PistolPete-88,0,59.15,CPT Cole Carrigg UTIL Ryan Feltner UTIL Andy Pages UTIL Jake McCarthy UTIL Willi Castro UTIL Ezequiel Tovar,,,
1346,5222492976,FoxyGrandpa252 (20/20),0,59.15,CPT Andy Pages UTIL Ryan Feltner UTIL Cole Carrigg UTIL TJ Rumfield UTIL Willi Castro UTIL Connor Norby,,,
1346,5222745044,chrispy2005 (9/20),0,59.15,CPT Andy Pages UTIL Ryan Feltner UTIL Cole Carrigg UTIL TJ Rumfield UTIL Willi Castro UTIL Connor Norby,,,
1346,5222841517,jabbo123 (9/20),0,59.15,CPT Jake McCarthy UTIL Ryan Feltner UTIL Shohei Ohtani UTIL TJ Rumfield UTIL Jordan Beck UTIL Connor Norby,,,
1350,5222350660,Sammy.Boy (2/20),0,59.05,CPT Shohei Ohtani UTIL Eric Lauer UTIL Mookie Betts UTIL Tommy Edman UTIL Jordan Beck UTIL Hunter Feduccia,,,
1350,5222492967,FoxyGrandpa252 (11/20),0,59.05,CPT Shohei Ohtani UTIL Eric Lauer UTIL Mookie Betts UTIL Tommy Edman UTIL Jordan Beck UTIL Hunter Feduccia,,,
1350,5222514614,rsumrall (5/20),0,59.05,CPT Shohei Ohtani UTIL Eric Lauer UTIL Mookie Betts UTIL Tommy Edman UTIL Jordan Beck UTIL Hunter Feduccia,,,
1350,5222631833,Wanna_Square_Up1567 (15/20),0,59.05,CPT Shohei Ohtani UTIL Eric Lauer UTIL Mookie Betts UTIL Tommy Edman UTIL Jordan Beck UTIL Hunter Feduccia,,,
1350,5222674058,Daily_Big_Kahuna (2/8),0,59.05,CPT Shohei Ohtani UTIL Eric Lauer UTIL Mookie Betts UTIL Tommy Edman UTIL Jordan Beck UTIL Hunter Feduccia,,,
1350,5222910808,Ezilodi (2/20),0,59.05,CPT Shohei Ohtani UTIL Eric Lauer UTIL Mookie Betts UTIL Tommy Edman UTIL Jordan Beck UTIL Hunter Feduccia,,,
1350,5222916135,Steven_1974 (20/20),0,59.05,CPT Shohei Ohtani UTIL Eric Lauer UTIL Mookie Betts UTIL Tommy Edman UTIL Jordan Beck UTIL Hunter Feduccia,,,
1350,5222918094,savrome2425 (11/20),0,59.05,CPT Shohei Ohtani UTIL Eric Lauer UTIL Mookie Betts UTIL TJ Rumfield UTIL Jordan Beck UTIL Hunter Feduccia,,,
1350,5222969135,Birddog1985 (1/2),0,59.05,CPT Shohei Ohtani UTIL Eric Lauer UTIL Mookie Betts UTIL Tommy Edman UTIL Jordan Beck UTIL Hunter Feduccia,,,
1350,5222979564,bnance82 (14/20),0,59.05,CPT Shohei Ohtani UTIL Eric Lauer UTIL Mookie Betts UTIL Tommy Edman UTIL Jordan Beck UTIL Hunter Feduccia,,,
1350,5223034934,kyleorso (3/20),0,59.05,CPT Shohei Ohtani UTIL Eric Lauer UTIL Mookie Betts UTIL Tommy Edman UTIL Jordan Beck UTIL Hunter Feduccia,,,
1361,5222362358,apforadori (3/3),0,59,CPT Jordan Beck UTIL Shohei Ohtani UTIL Freddie Freeman UTIL Max Muncy UTIL Kyle Tucker UTIL Connor Norby,,,
1361,5222404966,tk6997,0,59,CPT Mookie Betts UTIL Shohei Ohtani UTIL Freddie Freeman UTIL TJ Rumfield UTIL Zac Veen UTIL Connor Norby,,,
1361,5222431774,Hotdogfatboy (6/7),0,59,CPT Mickey Moniak UTIL Andy Pages UTIL Jake McCarthy UTIL Cole Carrigg UTIL Willi Castro UTIL Ezequiel Tovar,,,
1361,5222485278,Retired_MP,0,59,CPT Shohei Ohtani UTIL Freddie Freeman UTIL Andy Pages UTIL Connor Norby UTIL Ezequiel Tovar UTIL Hunter Feduccia,,,
1361,5222692415,ronh1986725,0,59,CPT Mickey Moniak UTIL Jake McCarthy UTIL Kyle Tucker UTIL Cole Carrigg UTIL Teoscar Hernandez UTIL Connor Norby,,,
1361,5222731316,Douglas1990 (4/4),0,59,CPT Shohei Ohtani UTIL Freddie Freeman UTIL Cole Carrigg UTIL Kike Hernandez UTIL Jordan Beck UTIL Connor Norby,,,
1361,5222782756,dingodan39 (3/6),0,59,CPT Mookie Betts UTIL Kyle Tucker UTIL Cole Carrigg UTIL TJ Rumfield UTIL Tommy Edman UTIL Teoscar Hernandez,,,
1361,5222836197,saintsdub (2/2),0,59,CPT Hunter Feduccia UTIL Shohei Ohtani UTIL Freddie Freeman UTIL Max Muncy UTIL Andy Pages UTIL Connor Norby,,,
1361,5222902930,Eljdirtay (2/2),0,59,CPT Hunter Feduccia UTIL Shohei Ohtani UTIL Freddie Freeman UTIL Max Muncy UTIL Andy Pages UTIL Connor Norby,,,
1361,5223031736,137666 (1/3),0,59,CPT Hunter Feduccia UTIL Shohei Ohtani UTIL Freddie Freeman UTIL Max Muncy UTIL Andy Pages UTIL Connor Norby,,,
1361,5223034927,SonnyDe (1/2),0,59,CPT Hunter Feduccia UTIL Shohei Ohtani UTIL Freddie Freeman UTIL Max Muncy UTIL Andy Pages UTIL Connor Norby,,,
1372,5222180997,ivymoose (2/20),0,58.975,CPT Ryan Feltner UTIL Shohei Ohtani UTIL Cole Carrigg UTIL Willi Castro UTIL Jordan Beck UTIL Connor Norby,,,
1373,5222437321,gwatts77 (15/20),0,58.575,CPT Eric Lauer UTIL Max Muncy UTIL Andy Pages UTIL Teoscar Hernandez UTIL Hunter Feduccia UTIL Braxton Fulford,,,
1373,5222506638,Miky1216 (8/10),0,58.575,CPT Eric Lauer UTIL Freddie Freeman UTIL Andy Pages UTIL Tommy Edman UTIL Jordan Beck UTIL Ezequiel Tovar,,,
1373,5222517732,LOCNOTM (2/20),0,58.575,CPT Eric Lauer UTIL Shohei Ohtani UTIL Mookie Betts UTIL Tommy Edman UTIL Jordan Beck UTIL Hunter Feduccia,,,
1373,5222541122,Stree (15/20),0,58.575,CPT Eric Lauer UTIL Shohei Ohtani UTIL Mookie Betts UTIL Tommy Edman UTIL Jordan Beck UTIL Hunter Feduccia,,,
1373,5222721709,mrclean913 (10/20),0,58.575,CPT Eric Lauer UTIL Shohei Ohtani UTIL Mookie Betts UTIL Tommy Edman UTIL Jordan Beck UTIL Hunter Feduccia,,,
1373,5222916125,Steven_1974 (10/20),0,58.575,CPT Eric Lauer UTIL Max Muncy UTIL Andy Pages UTIL Teoscar Hernandez UTIL Hunter Feduccia UTIL Braxton Fulford,,,
1373,5222950157,KGould86 (10/20),0,58.575,CPT Eric Lauer UTIL Freddie Freeman UTIL Kyle Tucker UTIL Mookie Betts UTIL Jordan Beck UTIL Hunter Feduccia,,,
1373,5222995284,colbyhornet (12/20),0,58.575,CPT Eric Lauer UTIL Freddie Freeman UTIL Kyle Tucker UTIL Mookie Betts UTIL Jordan Beck UTIL Hunter Feduccia,,,
1373,5223025092,KBARNEY88,0,58.575,CPT Eric Lauer UTIL Max Muncy UTIL Kyle Tucker UTIL TJ Rumfield UTIL Connor Norby UTIL Braxton Fulford,,,
1382,5222278859,Albqhokie,0,58.5,CPT Freddie Freeman UTIL Max Muncy UTIL Kyle Tucker UTIL Cole Carrigg UTIL Jordan Beck UTIL Connor Norby,,,
1382,5222326711,kreller17 (3/20),0,58.5,CPT Jake McCarthy UTIL Max Muncy UTIL Kyle Tucker UTIL Mookie Betts UTIL Tommy Edman UTIL Connor Norby,,,
1382,5222361770,nedmartin (3/3),0,58.5,CPT Freddie Freeman UTIL Max Muncy UTIL Andy Pages UTIL Kyle Tucker UTIL Connor Norby UTIL Hunter Feduccia,,,
1382,5222653257,jah_586 (20/20),0,58.5,CPT Kyle Tucker UTIL Shohei Ohtani UTIL Andy Pages UTIL Jake McCarthy UTIL Jordan Beck UTIL Connor Norby,,,
1382,5222681450,hatdaddy (6/20),0,58.5,CPT Freddie Freeman UTIL Shohei Ohtani UTIL Andy Pages UTIL Jordan Beck UTIL Hunter Feduccia UTIL Braxton Fulford,,,
1382,5222695213,LoganDFS812 (8/20),0,58.5,CPT Max Muncy UTIL Shohei Ohtani UTIL Cole Carrigg UTIL Teoscar Hernandez UTIL Jordan Beck UTIL Connor Norby,,,
1382,5222894257,tman116,0,58.5,CPT Andy Pages UTIL Cole Carrigg UTIL Mookie Betts UTIL TJ Rumfield UTIL Willi Castro UTIL Braxton Fulford,,,
1382,5222949548,bori68,0,58.5,CPT Freddie Freeman UTIL Shohei Ohtani UTIL Max Muncy UTIL Jordan Beck UTIL Connor Norby UTIL Ezequiel Tovar,,,
1382,5222983353,JamesMazur,0,58.5,CPT Jake McCarthy UTIL Freddie Freeman UTIL Mickey Moniak UTIL Cole Carrigg UTIL Connor Norby UTIL Ezequiel Tovar,,,
1391,5222181002,ivymoose (7/20),0,58.225002,CPT Eric Lauer UTIL Ryan Feltner UTIL Freddie Freeman UTIL Tommy Edman UTIL Jordan Beck UTIL Hunter Feduccia,,,
1392,5222631837,Wanna_Square_Up1567 (19/20),0,58.15,CPT Cole Carrigg UTIL Ryan Feltner UTIL Shohei Ohtani UTIL Willi Castro UTIL Ezequiel Tovar UTIL Braxton Fulford,,,
1393,5222681464,hatdaddy (20/20),0,58.05,CPT Shohei Ohtani UTIL Eric Lauer UTIL Mookie Betts UTIL Tommy Edman UTIL Connor Norby UTIL Ezequiel Tovar,,,
1394,5222350673,Sammy.Boy (15/20),0,58,CPT Shohei Ohtani UTIL Max Muncy UTIL Kyle Tucker UTIL Tommy Edman UTIL Jordan Beck UTIL Hunter Feduccia,,,
1394,5222439466,LTskelter (16/20),0,58,CPT Jordan Beck UTIL Freddie Freeman UTIL Andy Pages UTIL Kyle Tucker UTIL TJ Rumfield UTIL Tommy Edman,,,
1394,5222567031,cwh2638,0,58,CPT Shohei Ohtani UTIL Freddie Freeman UTIL Max Muncy UTIL Connor Norby UTIL Ezequiel Tovar UTIL Braxton Fulford,,,
1394,5222619336,madgreek895,0,58,CPT Mickey Moniak UTIL Max Muncy UTIL Andy Pages UTIL TJ Rumfield UTIL Willi Castro UTIL Hunter Feduccia,,,
1394,5222674062,Daily_Big_Kahuna (6/8),0,58,CPT Mookie Betts UTIL Shohei Ohtani UTIL Kyle Tucker UTIL Tommy Edman UTIL Teoscar Hernandez UTIL Jordan Beck,,,
1394,5222690710,Madera_58,0,58,CPT Tommy Edman UTIL Shohei Ohtani UTIL Max Muncy UTIL Mookie Betts UTIL Teoscar Hernandez UTIL Ezequiel Tovar,,,
1394,5222855716,Roufio (3/6),0,58,CPT Tommy Edman UTIL Shohei Ohtani UTIL Freddie Freeman UTIL Andy Pages UTIL Jordan Beck UTIL Ezequiel Tovar,,,
1394,5222905164,marwalk82 (3/8),0,58,CPT Shohei Ohtani UTIL Freddie Freeman UTIL Max Muncy UTIL Connor Norby UTIL Ezequiel Tovar UTIL Braxton Fulford,,,
1394,5222933552,Kenmasters7 (3/20),0,58,CPT Tommy Edman UTIL Shohei Ohtani UTIL Max Muncy UTIL Mookie Betts UTIL Teoscar Hernandez UTIL Ezequiel Tovar,,,
1394,5222936927,MAX2112 (1/2),0,58,CPT Tommy Edman UTIL Shohei Ohtani UTIL Max Muncy UTIL Mookie Betts UTIL Teoscar Hernandez UTIL Ezequiel Tovar,,,
1394,5222980055,orchard7 (2/2),0,58,CPT Shohei Ohtani UTIL Freddie Freeman UTIL Max Muncy UTIL Connor Norby UTIL Ezequiel Tovar UTIL Braxton Fulford,,,
1394,5223033061,Nekusora,0,58,CPT Mookie Betts UTIL Shohei Ohtani UTIL Kyle Tucker UTIL TJ Rumfield UTIL Teoscar Hernandez UTIL Jordan Beck,,,
1406,5222979554,bnance82 (4/20),0,57.975,CPT Ryan Feltner UTIL Jake McCarthy UTIL Mookie Betts UTIL TJ Rumfield UTIL Willi Castro UTIL Jordan Beck,,,
1406,5222981705,georgeconfused (6/7),0,57.975,CPT Ryan Feltner UTIL Jake McCarthy UTIL Mookie Betts UTIL TJ Rumfield UTIL Willi Castro UTIL Jordan Beck,,,
1406,5223028742,ph54417 (19/20),0,57.975,CPT Ryan Feltner UTIL Jake McCarthy UTIL Cole Carrigg UTIL Mookie Betts UTIL Willi Castro UTIL Connor Norby,,,
1409,5222331932,shanemoore27 (3/20),0,57.575,CPT Eric Lauer UTIL Freddie Freeman UTIL Andy Pages UTIL Mookie Betts UTIL Connor Norby UTIL Hunter Feduccia,,,
1409,5222422865,Caryg07 (6/20),0,57.575,CPT Eric Lauer UTIL Freddie Freeman UTIL Andy Pages UTIL Mookie Betts UTIL Connor Norby UTIL Hunter Feduccia,,,
1409,5222439470,LTskelter (20/20),0,57.575,CPT Eric Lauer UTIL Freddie Freeman UTIL Andy Pages UTIL Mookie Betts UTIL Connor Norby UTIL Hunter Feduccia,,,
1409,5222492959,FoxyGrandpa252 (3/20),0,57.575,CPT Eric Lauer UTIL Freddie Freeman UTIL Andy Pages UTIL Mookie Betts UTIL Connor Norby UTIL Hunter Feduccia,,,
1409,5222514629,rsumrall (20/20),0,57.575,CPT Eric Lauer UTIL Freddie Freeman UTIL Andy Pages UTIL Mookie Betts UTIL Connor Norby UTIL Hunter Feduccia,,,
1409,5222583763,cubcrazyfool,0,57.575,CPT Eric Lauer UTIL Freddie Freeman UTIL Kyle Tucker UTIL Cole Carrigg UTIL Ezequiel Tovar UTIL Hyeseong Kim,,,
1409,5222653248,jah_586 (11/20),0,57.575,CPT Eric Lauer UTIL Freddie Freeman UTIL Andy Pages UTIL Mookie Betts UTIL Connor Norby UTIL Hunter Feduccia,,,
1409,5222757526,austin60915 (4/20),0,57.575,CPT Eric Lauer UTIL Freddie Freeman UTIL Andy Pages UTIL Mookie Betts UTIL Connor Norby UTIL Hunter Feduccia,,,
1409,5222802890,cwthrow24 (2/20),0,57.575,CPT Eric Lauer UTIL Freddie Freeman UTIL Andy Pages UTIL Mookie Betts UTIL Connor Norby UTIL Hunter Feduccia,,,
1409,5222910811,Ezilodi (5/20),0,57.575,CPT Eric Lauer UTIL Freddie Freeman UTIL Andy Pages UTIL Mookie Betts UTIL Connor Norby UTIL Hunter Feduccia,,,
1409,5222916121,Steven_1974 (6/20),0,57.575,CPT Eric Lauer UTIL Freddie Freeman UTIL Andy Pages UTIL Mookie Betts UTIL Connor Norby UTIL Hunter Feduccia,,,
1409,5222979558,bnance82 (8/20),0,57.575,CPT Eric Lauer UTIL Freddie Freeman UTIL Andy Pages UTIL Mookie Betts UTIL Connor Norby UTIL Hunter Feduccia,,,
1409,5223034302,bigmo85 (1/2),0,57.575,CPT Eric Lauer UTIL Shohei Ohtani UTIL Mookie Betts UTIL Tommy Edman UTIL Connor Norby UTIL Ezequiel Tovar,,,
1422,5222492968,FoxyGrandpa252 (12/20),0,57.55,CPT Andy Pages UTIL Eric Lauer UTIL Mookie Betts UTIL Tommy Edman UTIL Teoscar Hernandez UTIL Connor Norby,,,
1422,5222506637,Miky1216 (7/10),0,57.55,CPT Teoscar Hernandez UTIL Eric Lauer UTIL Max Muncy UTIL Kyle Tucker UTIL Mookie Betts UTIL Ezequiel Tovar,,,
1422,5222982860,JJSaenz (19/20),0,57.55,CPT Andy Pages UTIL Eric Lauer UTIL Mookie Betts UTIL Tommy Edman UTIL Teoscar Hernandez UTIL Connor Norby,,,
1425,5222125266,ras205,0,57.5,CPT Max Muncy UTIL Jake McCarthy UTIL Cole Carrigg UTIL Mookie Betts UTIL Teoscar Hernandez UTIL Connor Norby,,,
1425,5222338871,tbjones2121 (18/20),0,57.5,CPT Max Muncy UTIL Andy Pages UTIL Kyle Tucker UTIL Tommy Edman UTIL Teoscar Hernandez UTIL Connor Norby,,,
1425,5222423995,Satch65 (9/20),0,57.5,CPT Connor Norby UTIL Shohei Ohtani UTIL Max Muncy UTIL Cole Carrigg UTIL Mookie Betts UTIL Teoscar Hernandez,,,
1425,5222465085,jeriowa,0,57.5,CPT Andy Pages UTIL Shohei Ohtani UTIL Freddie Freeman UTIL TJ Rumfield UTIL Ezequiel Tovar UTIL Hunter Feduccia,,,
1425,5222554548,eptxguy (4/6),0,57.5,CPT Freddie Freeman UTIL Shohei Ohtani UTIL Andy Pages UTIL Connor Norby UTIL Ezequiel Tovar UTIL Braxton Fulford,,,
1425,5222555427,Hinkle76 (4/10),0,57.5,CPT Andy Pages UTIL Shohei Ohtani UTIL Freddie Freeman UTIL Tommy Edman UTIL Ezequiel Tovar UTIL Hunter Feduccia,,,
1425,5222594933,SeanMizzle (1/2),0,57.5,CPT Freddie Freeman UTIL Andy Pages UTIL Mookie Betts UTIL Teoscar Hernandez UTIL Miguel Rojas UTIL Connor Norby,,,
1425,5222848262,LeslieFama14 (3/4),0,57.5,CPT Andy Pages UTIL Shohei Ohtani UTIL Freddie Freeman UTIL Tommy Edman UTIL Ezequiel Tovar UTIL Hunter Feduccia,,,
1425,5222910809,Ezilodi (3/20),0,57.5,CPT Max Muncy UTIL Andy Pages UTIL Kyle Tucker UTIL Tommy Edman UTIL Teoscar Hernandez UTIL Connor Norby,,,
1425,5222921367,theebozzfdc (1/3),0,57.5,CPT Max Muncy UTIL Jake McCarthy UTIL Mookie Betts UTIL Tommy Edman UTIL Teoscar Hernandez UTIL Jordan Beck,,,
1425,5222932270,theebozzfdc (3/3),0,57.5,CPT Andy Pages UTIL Shohei Ohtani UTIL Freddie Freeman UTIL TJ Rumfield UTIL Ezequiel Tovar UTIL Hunter Feduccia,,,
1425,5222967436,d_louise.mck70 (4/4),0,57.5,CPT Andy Pages UTIL Shohei Ohtani UTIL Freddie Freeman UTIL Tommy Edman UTIL Ezequiel Tovar UTIL Hunter Feduccia,,,
1425,5222986108,dodson32,0,57.5,CPT Max Muncy UTIL Shohei Ohtani UTIL Freddie Freeman UTIL Jordan Beck UTIL Connor Norby UTIL Hunter Feduccia,,,
1425,5223010051,TNeidert (9/20),0,57.5,CPT Jake McCarthy UTIL Shohei Ohtani UTIL Max Muncy UTIL Kyle Tucker UTIL Jordan Beck UTIL Ezequiel Tovar,,,
1425,5223017613,Chiefracing,0,57.5,CPT Freddie Freeman UTIL Shohei Ohtani UTIL Cole Carrigg UTIL Mookie Betts UTIL Ezequiel Tovar UTIL Hunter Feduccia,,,
1425,5223017649,aldenkenny1,0,57.5,CPT Max Muncy UTIL Shohei Ohtani UTIL Freddie Freeman UTIL Jordan Beck UTIL Connor Norby UTIL Hunter Feduccia,,,
1425,5223018745,Kush77,0,57.5,CPT Andy Pages UTIL Shohei Ohtani UTIL Freddie Freeman UTIL Tommy Edman UTIL Ezequiel Tovar UTIL Hunter Feduccia,,,
1425,5223028729,ph54417 (6/20),0,57.5,CPT Andy Pages UTIL Freddie Freeman UTIL Mookie Betts UTIL Willi Castro UTIL Jordan Beck UTIL Ezequiel Tovar,,,
1443,5222438154,goodness78,0,57.05,CPT Shohei Ohtani UTIL Eric Lauer UTIL Mookie Betts UTIL TJ Rumfield UTIL Ezequiel Tovar UTIL Hunter Feduccia,,,
1443,5222447526,d_louise.mck70 (1/4),0,57.05,CPT Shohei Ohtani UTIL Eric Lauer UTIL Max Muncy UTIL Connor Norby UTIL Ezequiel Tovar UTIL Hunter Feduccia,,,
1443,5222517747,LOCNOTM (17/20),0,57.05,CPT Shohei Ohtani UTIL Eric Lauer UTIL Mookie Betts UTIL Tommy Edman UTIL Ezequiel Tovar UTIL Hunter Feduccia,,,
1443,5222541127,Stree (20/20),0,57.05,CPT Shohei Ohtani UTIL Eric Lauer UTIL Mookie Betts UTIL Tommy Edman UTIL Ezequiel Tovar UTIL Hunter Feduccia,,,
1443,5222652777,goheelz1 (2/7),0,57.05,CPT Shohei Ohtani UTIL Eric Lauer UTIL Max Muncy UTIL Connor Norby UTIL Ezequiel Tovar UTIL Hunter Feduccia,,,
1443,5222938319,dragonsoldier23 (3/3),0,57.05,CPT Shohei Ohtani UTIL Eric Lauer UTIL Max Muncy UTIL Connor Norby UTIL Ezequiel Tovar UTIL Hunter Feduccia,,,
1443,5222940407,ghstrnr,0,57.05,CPT Ezequiel Tovar UTIL Eric Lauer UTIL Shohei Ohtani UTIL Andy Pages UTIL Jake McCarthy UTIL Hunter Feduccia,,,
1443,5222943345,ebuz7497 (1/2),0,57.05,CPT Shohei Ohtani UTIL Eric Lauer UTIL Max Muncy UTIL Connor Norby UTIL Ezequiel Tovar UTIL Hunter Feduccia,,,
1443,5223011210,wculler34 (20/20),0,57.05,CPT Jordan Beck UTIL Eric Lauer UTIL Freddie Freeman UTIL Jake McCarthy UTIL Mookie Betts UTIL Braxton Fulford,,,
1443,5223038468,bigedhead,0,57.05,CPT Shohei Ohtani UTIL Eric Lauer UTIL Max Muncy UTIL Connor Norby UTIL Ezequiel Tovar UTIL Hunter Feduccia,,,
1453,5222278388,chill1229,0,57,CPT Shohei Ohtani UTIL Freddie Freeman UTIL Max Muncy UTIL Jordan Beck UTIL Connor Norby UTIL Ezequiel Tovar,,,
1453,5222321076,vstar1300 (7/10),0,57,CPT Shohei Ohtani UTIL Max Muncy UTIL Andy Pages UTIL Teoscar Hernandez UTIL Hunter Feduccia UTIL Kris Bryant,,,
1453,5222322157,hollowp,0,57,CPT Shohei Ohtani UTIL Max Muncy UTIL Andy Pages UTIL Teoscar Hernandez UTIL Ezequiel Tovar UTIL Hunter Feduccia,,,
1453,5222356997,apforadori (2/3),0,57,CPT Jordan Beck UTIL Shohei Ohtani UTIL Freddie Freeman UTIL Andy Pages UTIL Kyle Tucker UTIL Connor Norby,,,
1453,5222358853,vetterunner (3/3),0,57,CPT Shohei Ohtani UTIL Freddie Freeman UTIL Max Muncy UTIL Ezequiel Tovar UTIL Hunter Feduccia UTIL Braxton Fulford,,,
1453,5222390104,EWARRIOR63,0,57,CPT Shohei Ohtani UTIL Max Muncy UTIL Mookie Betts UTIL Teoscar Hernandez UTIL Jordan Beck UTIL Connor Norby,,,
1453,5222392202,goofybh207 (3/3),0,57,CPT Mickey Moniak UTIL Shohei Ohtani UTIL Cole Carrigg UTIL Willi Castro UTIL Jordan Beck UTIL Ezequiel Tovar,,,
1453,5222409436,ronjohn260,0,57,CPT Shohei Ohtani UTIL Freddie Freeman UTIL Max Muncy UTIL Ezequiel Tovar UTIL Hunter Feduccia UTIL Braxton Fulford,,,
1453,5222517750,LOCNOTM (20/20),0,57,CPT Shohei Ohtani UTIL Max Muncy UTIL Cole Carrigg UTIL Tommy Edman UTIL Jordan Beck UTIL Connor Norby,,,
1453,5222569248,SenseiCheech,0,57,CPT Shohei Ohtani UTIL Max Muncy UTIL Cole Carrigg UTIL Tommy Edman UTIL Jordan Beck UTIL Connor Norby,,,
1453,5222615829,Edgitt116 (5/8),0,57,CPT Mookie Betts UTIL Shohei Ohtani UTIL Kyle Tucker UTIL Cole Carrigg UTIL Teoscar Hernandez UTIL Hunter Feduccia,,,
1453,5222724309,wallythekid (2/4),0,57,CPT Shohei Ohtani UTIL Freddie Freeman UTIL Max Muncy UTIL Adael Amador UTIL Jordan Beck UTIL Connor Norby,,,
1453,5222846658,TheFH (3/20),0,57,CPT Mookie Betts UTIL Shohei Ohtani UTIL Kyle Tucker UTIL Cole Carrigg UTIL Teoscar Hernandez UTIL Hunter Feduccia,,,
1453,5222870028,marwalk82 (2/8),0,57,CPT Mickey Moniak UTIL Shohei Ohtani UTIL Tommy Edman UTIL Teoscar Hernandez UTIL Connor Norby UTIL Braxton Fulford,,,
1453,5222870053,jbfones (7/8),0,57,CPT Shohei Ohtani UTIL Max Muncy UTIL Andy Pages UTIL Teoscar Hernandez UTIL Ezequiel Tovar UTIL Hunter Feduccia,,,
1453,5222888858,ballgame1881 (11/20),0,57,CPT Shohei Ohtani UTIL Max Muncy UTIL Kyle Tucker UTIL Tommy Edman UTIL Connor Norby UTIL Ezequiel Tovar,,,
1453,5222891254,JoeNY07 (5/5),0,57,CPT Mickey Moniak UTIL Andy Pages UTIL Jake McCarthy UTIL Willi Castro UTIL Jordan Beck UTIL Braxton Fulford,,,
1453,5222894180,dw12290 (2/2),0,57,CPT Mookie Betts UTIL Freddie Freeman UTIL Jake McCarthy UTIL Kyle Tucker UTIL TJ Rumfield UTIL Ezequiel Tovar,,,
1453,5222910824,Ezilodi (18/20),0,57,CPT Shohei Ohtani UTIL Max Muncy UTIL Mookie Betts UTIL Teoscar Hernandez UTIL Jordan Beck UTIL Connor Norby,,,
1453,5222932633,jbirlew (3/3),0,57,CPT Shohei Ohtani UTIL Max Muncy UTIL Andy Pages UTIL Teoscar Hernandez UTIL Ezequiel Tovar UTIL Hunter Feduccia,,,
1453,5222936244,ParlayPimpinDon (3/4),0,57,CPT Shohei Ohtani UTIL Freddie Freeman UTIL Max Muncy UTIL Jordan Beck UTIL Connor Norby UTIL Ezequiel Tovar,,,
1453,5222943260,heybert711 (3/20),0,57,CPT Shohei Ohtani UTIL Freddie Freeman UTIL Max Muncy UTIL Jordan Beck UTIL Connor Norby UTIL Ezequiel Tovar,,,
1453,5222943274,heybert711 (17/20),0,57,CPT Shohei Ohtani UTIL Jake McCarthy UTIL Cole Carrigg UTIL Mookie Betts UTIL Jordan Beck UTIL Connor Norby,,,
1453,5223002869,coreyscastle120508,0,57,CPT Shohei Ohtani UTIL Max Muncy UTIL Kyle Tucker UTIL Tommy Edman UTIL Connor Norby UTIL Ezequiel Tovar,,,
1453,5223017167,nealjwells71 (6/20),0,57,CPT Shohei Ohtani UTIL Max Muncy UTIL Andy Pages UTIL Teoscar Hernandez UTIL Ezequiel Tovar UTIL Hunter Feduccia,,,
1453,5223018213,marwalk82 (8/8),0,57,CPT Shohei Ohtani UTIL Freddie Freeman UTIL Andy Pages UTIL Jordan Beck UTIL Hunter Feduccia UTIL Braxton Fulford,,,
1453,5223038262,gametime222,0,57,CPT Shohei Ohtani UTIL Freddie Freeman UTIL Max Muncy UTIL Ezequiel Tovar UTIL Hunter Feduccia UTIL Braxton Fulford,,,
1480,5222841516,jabbo123 (8/20),0,56.975,CPT Ryan Feltner UTIL Shohei Ohtani UTIL Cole Carrigg UTIL Willi Castro UTIL Connor Norby UTIL Ezequiel Tovar,,,
1481,5222431770,Hotdogfatboy (2/7),0,56.65,CPT TJ Rumfield UTIL Ryan Feltner UTIL Cole Carrigg UTIL Mookie Betts UTIL Willi Castro UTIL Braxton Fulford,,,
1482,5222326715,kreller17 (7/20),0,56.575,CPT Eric Lauer UTIL Freddie Freeman UTIL Mickey Moniak UTIL Kyle Tucker UTIL Ezequiel Tovar UTIL Hunter Feduccia,,,
1482,5222418834,ruligo1971,0,56.575,CPT Eric Lauer UTIL Andy Pages UTIL Mookie Betts UTIL Tommy Edman UTIL Teoscar Hernandez UTIL Ezequiel Tovar,,,
1482,5222422874,Caryg07 (15/20),0,56.575,CPT Eric Lauer UTIL Freddie Freeman UTIL Cole Carrigg UTIL Mookie Betts UTIL Jordan Beck UTIL Hunter Feduccia,,,
1482,5222439467,LTskelter (17/20),0,56.575,CPT Eric Lauer UTIL Andy Pages UTIL Mookie Betts UTIL Tommy Edman UTIL Teoscar Hernandez UTIL Ezequiel Tovar,,,
1482,5222517745,LOCNOTM (15/20),0,56.575,CPT Eric Lauer UTIL Shohei Ohtani UTIL Mookie Betts UTIL Tommy Edman UTIL Ezequiel Tovar UTIL Hunter Feduccia,,,
1482,5222721700,mrclean913 (1/20),0,56.575,CPT Eric Lauer UTIL Andy Pages UTIL Mookie Betts UTIL Tommy Edman UTIL Teoscar Hernandez UTIL Ezequiel Tovar,,,
1482,5222841522,jabbo123 (14/20),0,56.575,CPT Eric Lauer UTIL Kyle Tucker UTIL Cole Carrigg UTIL Mookie Betts UTIL Tommy Edman UTIL Hunter Feduccia,,,
1482,5222841525,jabbo123 (17/20),0,56.575,CPT Eric Lauer UTIL Andy Pages UTIL Mookie Betts UTIL Tommy Edman UTIL Teoscar Hernandez UTIL Ezequiel Tovar,,,
1482,5222916117,Steven_1974 (2/20),0,56.575,CPT Eric Lauer UTIL Andy Pages UTIL Mookie Betts UTIL Tommy Edman UTIL Teoscar Hernandez UTIL Ezequiel Tovar,,,
1482,5222916124,Steven_1974 (9/20),0,56.575,CPT Eric Lauer UTIL Kyle Tucker UTIL Cole Carrigg UTIL Mookie Betts UTIL Tommy Edman UTIL Hunter Feduccia,,,
1482,5222950152,KGould86 (5/20),0,56.575,CPT Eric Lauer UTIL Andy Pages UTIL Mookie Betts UTIL Tommy Edman UTIL Teoscar Hernandez UTIL Ezequiel Tovar,,,
1482,5223028734,ph54417 (11/20),0,56.575,CPT Eric Lauer UTIL Andy Pages UTIL Jake McCarthy UTIL Cole Carrigg UTIL Connor Norby UTIL Ezequiel Tovar,,,
1494,5222022621,jstoltman3 (1/4),0,56.55,CPT Max Muncy UTIL Eric Lauer UTIL Shohei Ohtani UTIL Tommy Edman UTIL Ezequiel Tovar UTIL Hunter Feduccia,,,
1494,5222325723,Schoey17 (1/6),0,56.55,CPT Max Muncy UTIL Eric Lauer UTIL Shohei Ohtani UTIL Tommy Edman UTIL Ezequiel Tovar UTIL Hunter Feduccia,,,
1494,5222358283,bluefan62 (1/5),0,56.55,CPT Max Muncy UTIL Eric Lauer UTIL Shohei Ohtani UTIL Tommy Edman UTIL Ezequiel Tovar UTIL Hunter Feduccia,,,
1494,5222373577,feet69,0,56.55,CPT Max Muncy UTIL Eric Lauer UTIL Shohei Ohtani UTIL Tommy Edman UTIL Ezequiel Tovar UTIL Hunter Feduccia,,,
1494,5222439465,LTskelter (15/20),0,56.55,CPT Max Muncy UTIL Eric Lauer UTIL Freddie Freeman UTIL Kyle Tucker UTIL Ezequiel Tovar UTIL Hunter Feduccia,,,
1494,5222492970,FoxyGrandpa252 (14/20),0,56.55,CPT Max Muncy UTIL Eric Lauer UTIL Shohei Ohtani UTIL Tommy Edman UTIL Ezequiel Tovar UTIL Hunter Feduccia,,,
1494,5222652778,goheelz1 (3/7),0,56.55,CPT Max Muncy UTIL Eric Lauer UTIL Shohei Ohtani UTIL Tommy Edman UTIL Ezequiel Tovar UTIL Hunter Feduccia,,,
1494,5222681445,hatdaddy (1/20),0,56.55,CPT Max Muncy UTIL Eric Lauer UTIL Shohei Ohtani UTIL Tommy Edman UTIL Ezequiel Tovar UTIL Hunter Feduccia,,,
1494,5222763398,Aslayday (3/5),0,56.55,CPT Max Muncy UTIL Eric Lauer UTIL Shohei Ohtani UTIL Tommy Edman UTIL Ezequiel Tovar UTIL Hunter Feduccia,,,
1494,5222841524,jabbo123 (16/20),0,56.55,CPT Max Muncy UTIL Eric Lauer UTIL Freddie Freeman UTIL Kyle Tucker UTIL Ezequiel Tovar UTIL Hunter Feduccia,,,
1494,5222888852,ballgame1881 (5/20),0,56.55,CPT Max Muncy UTIL Eric Lauer UTIL Shohei Ohtani UTIL Tommy Edman UTIL Ezequiel Tovar UTIL Hunter Feduccia,,,
1494,5222916127,Steven_1974 (12/20),0,56.55,CPT Max Muncy UTIL Eric Lauer UTIL Freddie Freeman UTIL Kyle Tucker UTIL Ezequiel Tovar UTIL Hunter Feduccia,,,
1494,5222950163,KGould86 (16/20),0,56.55,CPT Max Muncy UTIL Eric Lauer UTIL Shohei Ohtani UTIL Tommy Edman UTIL Ezequiel Tovar UTIL Hunter Feduccia,,,
1494,5223011209,wculler34 (19/20),0,56.55,CPT Andy Pages UTIL Eric Lauer UTIL Max Muncy UTIL Teoscar Hernandez UTIL Connor Norby UTIL Hunter Feduccia,,,
1494,5223019378,vavo27,0,56.55,CPT Max Muncy UTIL Eric Lauer UTIL Shohei Ohtani UTIL Tommy Edman UTIL Ezequiel Tovar UTIL Hunter Feduccia,,,
1494,5223034896,46blocklocster,0,56.55,CPT Max Muncy UTIL Eric Lauer UTIL Shohei Ohtani UTIL Tommy Edman UTIL Ezequiel Tovar UTIL Hunter Feduccia,,,
1494,5223034932,kyleorso (1/20),0,56.55,CPT Max Muncy UTIL Eric Lauer UTIL Shohei Ohtani UTIL Tommy Edman UTIL Ezequiel Tovar UTIL Hunter Feduccia,,,
1511,5222431775,Hotdogfatboy (7/7),0,56.5,CPT Max Muncy UTIL Freddie Freeman UTIL Kyle Tucker UTIL TJ Rumfield UTIL Jordan Beck UTIL Connor Norby,,,
1511,5222499985,djaxx39,0,56.5,CPT Andy Pages UTIL Max Muncy UTIL Kyle Tucker UTIL Tommy Edman UTIL Teoscar Hernandez UTIL Connor Norby,,,
1511,5222662329,dspears56 (5/14),0,56.5,CPT Andy Pages UTIL Max Muncy UTIL Kyle Tucker UTIL Mookie Betts UTIL Willi Castro UTIL Hunter Feduccia,,,
1511,5222733920,floydian80 (9/20),0,56.5,CPT Kyle Tucker UTIL Shohei Ohtani UTIL Freddie Freeman UTIL Mookie Betts UTIL Jordan Beck UTIL Hunter Feduccia,,,
1511,5222849709,tam92267,0,56.5,CPT Andy Pages UTIL Freddie Freeman UTIL Max Muncy UTIL Teoscar Hernandez UTIL Jordan Beck UTIL Connor Norby,,,
1511,5222894900,slotone (6/10),0,56.5,CPT Max Muncy UTIL Andy Pages UTIL Kyle Tucker UTIL Willi Castro UTIL Jordan Beck UTIL Braxton Fulford,,,
1511,5222993315,vstar1300 (8/10),0,56.5,CPT Freddie Freeman UTIL Max Muncy UTIL Andy Pages UTIL Cole Carrigg UTIL Connor Norby UTIL Hunter Feduccia,,,
1511,5223010053,TNeidert (11/20),0,56.5,CPT Cole Carrigg UTIL Shohei Ohtani UTIL Freddie Freeman UTIL Kyle Tucker UTIL Jordan Beck UTIL Ezequiel Tovar,,,
1511,5223026182,84flipmode (6/20),0,56.5,CPT Max Muncy UTIL Andy Pages UTIL Mookie Betts UTIL Tommy Edman UTIL Willi Castro UTIL Jordan Beck,,,
1511,5223028760,Adoptyourpet (1/2),0,56.5,CPT Freddie Freeman UTIL Max Muncy UTIL Kyle Tucker UTIL Cole Carrigg UTIL Connor Norby UTIL Ezequiel Tovar,,,
1521,5222982845,JJSaenz (4/20),0,56.15,CPT Freddie Freeman UTIL Ryan Feltner UTIL Jake McCarthy UTIL Cole Carrigg UTIL Connor Norby UTIL Ezequiel Tovar,,,
1522,5222968806,kbrisacher (17/20),0,56.024998,CPT Ryan Feltner UTIL Eric Lauer UTIL Jake McCarthy UTIL Teoscar Hernandez UTIL Connor Norby UTIL Braxton Fulford,,,
1523,5222423989,Satch65 (3/20),0,56,CPT Shohei Ohtani UTIL Andy Pages UTIL Kyle Tucker UTIL Tommy Edman UTIL Jordan Beck UTIL Hunter Feduccia,,,
1523,5222487686,luvn_texas44 (3/3),0,56,CPT Mookie Betts UTIL Shohei Ohtani UTIL Freddie Freeman UTIL Tommy Edman UTIL Jordan Beck UTIL Connor Norby,,,
1523,5222510644,MilesHi,0,56,CPT Shohei Ohtani UTIL Freddie Freeman UTIL Max Muncy UTIL Jordan Beck UTIL Ezequiel Tovar UTIL Hunter Feduccia,,,
1523,5222615580,jwclark311 (13/20),0,56,CPT Shohei Ohtani UTIL Andy Pages UTIL Kyle Tucker UTIL Tommy Edman UTIL Jordan Beck UTIL Hunter Feduccia,,,
1523,5222781092,LUMBERJAX,0,56,CPT Shohei Ohtani UTIL Andy Pages UTIL Kyle Tucker UTIL Cole Carrigg UTIL Connor Norby UTIL Hunter Feduccia,,,
1523,5222921433,KelvinDubs (15/20),0,56,CPT Mookie Betts UTIL Shohei Ohtani UTIL Kyle Tucker UTIL TJ Rumfield UTIL Tommy Edman UTIL Connor Norby,,,
1523,5223021053,mccarthyk,0,56,CPT Shohei Ohtani UTIL Max Muncy UTIL Mookie Betts UTIL Teoscar Hernandez UTIL Jordan Beck UTIL Hunter Feduccia,,,
1523,5223026746,jpbugeater (4/5),0,56,CPT Mookie Betts UTIL Max Muncy UTIL Andy Pages UTIL Kyle Tucker UTIL Willi Castro UTIL Connor Norby,,,
1531,5222331941,shanemoore27 (12/20),0,55.975,CPT Ryan Feltner UTIL Andy Pages UTIL Cole Carrigg UTIL TJ Rumfield UTIL Willi Castro UTIL Connor Norby,,,
1531,5222422863,Caryg07 (4/20),0,55.975,CPT Ryan Feltner UTIL Jake McCarthy UTIL Mookie Betts UTIL TJ Rumfield UTIL Willi Castro UTIL Ezequiel Tovar,,,
1531,5222882257,martini13,0,55.975,CPT Ryan Feltner UTIL Andy Pages UTIL Jake McCarthy UTIL Willi Castro UTIL Jordan Beck UTIL Connor Norby,,,
1534,5222808716,roberts2525 (9/12),0,55.575,CPT Eric Lauer UTIL Max Muncy UTIL Andy Pages UTIL Tommy Edman UTIL Connor Norby UTIL Hunter Feduccia,,,
1534,5223004537,MrKaotic71 (3/12),0,55.575,CPT Eric Lauer UTIL Max Muncy UTIL Andy Pages UTIL Tommy Edman UTIL Connor Norby UTIL Hunter Feduccia,,,
1536,5222395722,dw712002,0,55.55,CPT Max Muncy UTIL Eric Lauer UTIL Andy Pages UTIL Jake McCarthy UTIL Connor Norby UTIL Hunter Feduccia,,,
1536,5222517746,LOCNOTM (16/20),0,55.55,CPT Connor Norby UTIL Eric Lauer UTIL Shohei Ohtani UTIL Max Muncy UTIL Andy Pages UTIL Hunter Feduccia,,,
1536,5222578444,apayne331,0,55.55,CPT Connor Norby UTIL Eric Lauer UTIL Shohei Ohtani UTIL Max Muncy UTIL Andy Pages UTIL Hunter Feduccia,,,
1536,5222872776,Dennish43,0,55.55,CPT Max Muncy UTIL Eric Lauer UTIL Andy Pages UTIL Jake McCarthy UTIL Connor Norby UTIL Hunter Feduccia,,,
1536,5222939920,msshj08 (3/5),0,55.55,CPT Max Muncy UTIL Eric Lauer UTIL Jake McCarthy UTIL Cole Carrigg UTIL Jordan Beck UTIL Connor Norby,,,
1536,5222968018,maalston92,0,55.55,CPT Max Muncy UTIL Eric Lauer UTIL Andy Pages UTIL Jake McCarthy UTIL Connor Norby UTIL Hunter Feduccia,,,
1542,5222673394,Joco6959,0,55.5,CPT Max Muncy UTIL Shohei Ohtani UTIL Freddie Freeman UTIL Connor Norby UTIL Ezequiel Tovar UTIL Hunter Feduccia,,,
1542,5222882856,harmon2121 (1/2),0,55.5,CPT Max Muncy UTIL Mickey Moniak UTIL Jake McCarthy UTIL Tommy Edman UTIL Teoscar Hernandez UTIL Ezequiel Tovar,,,
1542,5222943261,heybert711 (4/20),0,55.5,CPT Andy Pages UTIL Max Muncy UTIL Cole Carrigg UTIL Mookie Betts UTIL Willi Castro UTIL Connor Norby,,,
1542,5223017169,nealjwells71 (8/20),0,55.5,CPT Max Muncy UTIL Freddie Freeman UTIL Andy Pages UTIL Teoscar Hernandez UTIL Connor Norby UTIL Ezequiel Tovar,,,
1542,5223030133,3Budfrogs,0,55.5,CPT Jake McCarthy UTIL Shohei Ohtani UTIL Cole Carrigg UTIL Mookie Betts UTIL Connor Norby UTIL Ezequiel Tovar,,,
1547,5222358284,bluefan62 (2/5),0,55.15,CPT Max Muncy UTIL Ryan Feltner UTIL Cole Carrigg UTIL TJ Rumfield UTIL Willi Castro UTIL Ezequiel Tovar,,,
1547,5222859285,jnathng,0,55.15,CPT Connor Norby UTIL Ryan Feltner UTIL Shohei Ohtani UTIL Jake McCarthy UTIL TJ Rumfield UTIL Braxton Fulford,,,
1549,5221909746,leelee620,0,55.05,CPT Hunter Feduccia UTIL Eric Lauer UTIL Shohei Ohtani UTIL Max Muncy UTIL Andy Pages UTIL Connor Norby,,,
1549,5222555426,Hinkle76 (3/10),0,55.05,CPT Hunter Feduccia UTIL Eric Lauer UTIL Shohei Ohtani UTIL Max Muncy UTIL Andy Pages UTIL Connor Norby,,,
1549,5222653255,jah_586 (18/20),0,55.05,CPT Shohei Ohtani UTIL Eric Lauer UTIL Max Muncy UTIL Jordan Beck UTIL Hunter Feduccia UTIL Braxton Fulford,,,
1549,5222674064,Daily_Big_Kahuna (8/8),0,55.05,CPT Hunter Feduccia UTIL Eric Lauer UTIL Shohei Ohtani UTIL Max Muncy UTIL Andy Pages UTIL Connor Norby,,,
1549,5223011199,wculler34 (9/20),0,55.05,CPT Hunter Feduccia UTIL Eric Lauer UTIL Shohei Ohtani UTIL Max Muncy UTIL Andy Pages UTIL Connor Norby,,,
1554,5222258411,kadence22,0,55,CPT Shohei Ohtani UTIL Max Muncy UTIL Cole Carrigg UTIL Tommy Edman UTIL Connor Norby UTIL Ezequiel Tovar,,,
1554,5222373426,Grit7880 (1/4),0,55,CPT Shohei Ohtani UTIL Freddie Freeman UTIL Andy Pages UTIL Jordan Beck UTIL Connor Norby UTIL Ezequiel Tovar,,,
1554,5222474574,graugspurger,0,55,CPT Shohei Ohtani UTIL Max Muncy UTIL Cole Carrigg UTIL Tommy Edman UTIL Connor Norby UTIL Ezequiel Tovar,,,
1554,5222477971,ed8802,0,55,CPT Shohei Ohtani UTIL Andy Pages UTIL Mookie Betts UTIL Teoscar Hernandez UTIL Jordan Beck UTIL Connor Norby,,,
1554,5222541114,Stree (7/20),0,55,CPT Hunter Feduccia UTIL Freddie Freeman UTIL Max Muncy UTIL Andy Pages UTIL Cole Carrigg UTIL Tommy Edman,,,
1554,5222841812,Tanyadennis,0,55,CPT Shohei Ohtani UTIL Freddie Freeman UTIL Andy Pages UTIL Jordan Beck UTIL Connor Norby UTIL Ezequiel Tovar,,,
1554,5222855714,Roufio (1/6),0,55,CPT Shohei Ohtani UTIL Freddie Freeman UTIL Andy Pages UTIL Jordan Beck UTIL Connor Norby UTIL Ezequiel Tovar,,,
1554,5222943054,heybert711 (1/20),0,55,CPT Shohei Ohtani UTIL Freddie Freeman UTIL Andy Pages UTIL Jordan Beck UTIL Connor Norby UTIL Ezequiel Tovar,,,
1554,5222960524,mtaz01,0,55,CPT Shohei Ohtani UTIL Andy Pages UTIL Cole Carrigg UTIL TJ Rumfield UTIL Jordan Beck UTIL Connor Norby,,,
1554,5223028495,Rioslugger008 (2/4),0,55,CPT Shohei Ohtani UTIL Max Muncy UTIL Mookie Betts UTIL Teoscar Hernandez UTIL Connor Norby UTIL Ezequiel Tovar,,,
1554,5223028502,pranstead,0,55,CPT Ezequiel Tovar UTIL Shohei Ohtani UTIL Freddie Freeman UTIL Jake McCarthy UTIL Mookie Betts UTIL Braxton Fulford,,,
1554,5223028520,Rioslugger008 (4/4),0,55,CPT Shohei Ohtani UTIL Max Muncy UTIL Mookie Betts UTIL Teoscar Hernandez UTIL Connor Norby UTIL Ezequiel Tovar,,,
1554,5223034951,kyleorso (20/20),0,55,CPT Mookie Betts UTIL Freddie Freeman UTIL Jake McCarthy UTIL Cole Carrigg UTIL Tommy Edman UTIL Ezequiel Tovar,,,
1567,5223031122,84flipmode (16/20),0,54.65,CPT TJ Rumfield UTIL Ryan Feltner UTIL Freddie Freeman UTIL Tommy Edman UTIL Hunter Feduccia UTIL Braxton Fulford,,,
1568,5222894895,slotone (1/10),0,54.575,CPT Eric Lauer UTIL Shohei Ohtani UTIL Andy Pages UTIL Connor Norby UTIL Ezequiel Tovar UTIL Hunter Feduccia,,,
1569,5222325636,MultipleWinGasms (4/20),0,54.55,CPT Max Muncy UTIL Eric Lauer UTIL Freddie Freeman UTIL Mookie Betts UTIL Connor Norby UTIL Hunter Feduccia,,,
1569,5222326728,kreller17 (20/20),0,54.55,CPT Andy Pages UTIL Eric Lauer UTIL Max Muncy UTIL Jake McCarthy UTIL Connor Norby UTIL Hunter Feduccia,,,
1569,5222422873,Caryg07 (14/20),0,54.55,CPT Max Muncy UTIL Eric Lauer UTIL Freddie Freeman UTIL Mookie Betts UTIL Connor Norby UTIL Hunter Feduccia,,,
1569,5222514616,rsumrall (7/20),0,54.55,CPT Max Muncy UTIL Eric Lauer UTIL Freddie Freeman UTIL Mookie Betts UTIL Connor Norby UTIL Hunter Feduccia,,,
1569,5222516677,twfreng,0,54.55,CPT Max Muncy UTIL Eric Lauer UTIL Freddie Freeman UTIL Cole Carrigg UTIL Ezequiel Tovar UTIL Hunter Feduccia,,,
1569,5222708385,jdebacker (2/3),0,54.55,CPT Max Muncy UTIL Eric Lauer UTIL Freddie Freeman UTIL Mookie Betts UTIL Connor Norby UTIL Hunter Feduccia,,,
1569,5222721713,mrclean913 (14/20),0,54.55,CPT Max Muncy UTIL Eric Lauer UTIL Freddie Freeman UTIL Mookie Betts UTIL Connor Norby UTIL Hunter Feduccia,,,
1569,5222733918,floydian80 (7/20),0,54.55,CPT Max Muncy UTIL Eric Lauer UTIL Freddie Freeman UTIL Mookie Betts UTIL Connor Norby UTIL Hunter Feduccia,,,
1569,5222757533,austin60915 (11/20),0,54.55,CPT Max Muncy UTIL Eric Lauer UTIL Freddie Freeman UTIL Mookie Betts UTIL Connor Norby UTIL Hunter Feduccia,,,
1569,5222950161,KGould86 (14/20),0,54.55,CPT Max Muncy UTIL Eric Lauer UTIL Freddie Freeman UTIL Mookie Betts UTIL Connor Norby UTIL Hunter Feduccia,,,
1569,5222963243,BigSickSone (1/2),0,54.55,CPT Max Muncy UTIL Eric Lauer UTIL Freddie Freeman UTIL Mookie Betts UTIL Connor Norby UTIL Hunter Feduccia,,,
1569,5223009197,j-wolf05 (14/20),0,54.55,CPT Max Muncy UTIL Eric Lauer UTIL Freddie Freeman UTIL Mookie Betts UTIL Connor Norby UTIL Hunter Feduccia,,,
1569,5223021230,onni1990 (3/3),0,54.55,CPT Connor Norby UTIL Eric Lauer UTIL Freddie Freeman UTIL Max Muncy UTIL Andy Pages UTIL Jordan Beck,,,
1569,5223028735,ph54417 (12/20),0,54.55,CPT Jake McCarthy UTIL Eric Lauer UTIL Cole Carrigg UTIL Mookie Betts UTIL Connor Norby UTIL Ezequiel Tovar,,,
1583,5222331947,shanemoore27 (18/20),0,54.5,CPT Jake McCarthy UTIL Freddie Freeman UTIL Max Muncy UTIL Andy Pages UTIL Jordan Beck UTIL Ezequiel Tovar,,,
1583,5222470433,DustoffXL (2/2),0,54.5,CPT Max Muncy UTIL Shohei Ohtani UTIL Freddie Freeman UTIL Tommy Edman UTIL Ezequiel Tovar UTIL Ben Rortvedt,,,
1583,5222514627,rsumrall (18/20),0,54.5,CPT Max Muncy UTIL Shohei Ohtani UTIL Jake McCarthy UTIL Cole Carrigg UTIL Connor Norby UTIL Ezequiel Tovar,,,
1583,5222550548,kcfrsh,0,54.5,CPT Andy Pages UTIL Mickey Moniak UTIL Jake McCarthy UTIL Tommy Edman UTIL Teoscar Hernandez UTIL Jordan Beck,,,
1583,5222652780,goheelz1 (5/7),0,54.5,CPT Cole Carrigg UTIL Shohei Ohtani UTIL Freddie Freeman UTIL Andy Pages UTIL Ezequiel Tovar UTIL Hunter Feduccia,,,
1583,5222653250,jah_586 (13/20),0,54.5,CPT Connor Norby UTIL Shohei Ohtani UTIL Freddie Freeman UTIL Mickey Moniak UTIL Kyle Tucker UTIL Ezequiel Tovar,,,
1583,5222662324,Ron_feeney (1/3),0,54.5,CPT Andy Pages UTIL Freddie Freeman UTIL Mookie Betts UTIL TJ Rumfield UTIL Teoscar Hernandez UTIL Ezequiel Tovar,,,
1583,5222974450,lastrites13,0,54.5,CPT Andy Pages UTIL Shohei Ohtani UTIL Mookie Betts UTIL Willi Castro UTIL Jordan Beck UTIL Ezequiel Tovar,,,
1583,5223023947,manicki88,0,54.5,CPT Max Muncy UTIL Shohei Ohtani UTIL Jake McCarthy UTIL Cole Carrigg UTIL Connor Norby UTIL Ezequiel Tovar,,,
1583,5223038031,alexortega3032,0,54.5,CPT Max Muncy UTIL Shohei Ohtani UTIL Jake McCarthy UTIL TJ Rumfield UTIL Jordan Beck UTIL Ezequiel Tovar,,,
1593,5222800113,Mr.luckyGuy (1/4),0,54.2,CPT Jake McCarthy UTIL Eric Lauer UTIL Ryan Feltner UTIL Kyle Tucker UTIL Jordan Beck UTIL Hunter Feduccia,,,
1593,5222978499,Ajay021 (1/2),0,54.2,CPT Cole Carrigg UTIL Eric Lauer UTIL Ryan Feltner UTIL Mookie Betts UTIL Willi Castro UTIL Ezequiel Tovar,,,
1593,5222995277,colbyhornet (5/20),0,54.2,CPT Cole Carrigg UTIL Eric Lauer UTIL Ryan Feltner UTIL Mookie Betts UTIL Willi Castro UTIL Ezequiel Tovar,,,
1596,5222681449,hatdaddy (5/20),0,54.15,CPT Cole Carrigg UTIL Ryan Feltner UTIL Andy Pages UTIL TJ Rumfield UTIL Willi Castro UTIL Ezequiel Tovar,,,
1597,5223011193,wculler34 (3/20),0,54.05,CPT Hunter Feduccia UTIL Eric Lauer UTIL Shohei Ohtani UTIL Andy Pages UTIL Kyle Tucker UTIL Jordan Beck,,,
1598,5222639219,pappay34,0,54.024998,CPT Ryan Feltner UTIL Eric Lauer UTIL Mookie Betts UTIL Tommy Edman UTIL Willi Castro UTIL Ezequiel Tovar,,,
1598,5222717406,rams779 (9/10),0,54.024998,CPT Ryan Feltner UTIL Eric Lauer UTIL Max Muncy UTIL Willi Castro UTIL Connor Norby UTIL Ezequiel Tovar,,,
1600,5222326530,wwc951 (18/20),0,54,CPT Shohei Ohtani UTIL Max Muncy UTIL Cole Carrigg UTIL TJ Rumfield UTIL Ezequiel Tovar UTIL Hunter Feduccia,,,
1600,5222332369,junyaaboi (3/6),0,54,CPT Mookie Betts UTIL Max Muncy UTIL Andy Pages UTIL Cole Carrigg UTIL Willi Castro UTIL Connor Norby,,,
1600,5222338861,tbjones2121 (8/20),0,54,CPT Shohei Ohtani UTIL Max Muncy UTIL Mookie Betts UTIL Tommy Edman UTIL Connor Norby UTIL Hunter Feduccia,,,
1600,5222381437,madden710,0,54,CPT Shohei Ohtani UTIL Mickey Moniak UTIL Jake McCarthy UTIL Mookie Betts UTIL Connor Norby UTIL Hunter Feduccia,,,
1600,5222424003,Satch65 (17/20),0,54,CPT Shohei Ohtani UTIL Max Muncy UTIL Mookie Betts UTIL Tommy Edman UTIL Connor Norby UTIL Hunter Feduccia,,,
1600,5222517744,LOCNOTM (14/20),0,54,CPT Shohei Ohtani UTIL Max Muncy UTIL Mookie Betts UTIL Tommy Edman UTIL Connor Norby UTIL Hunter Feduccia,,,
1600,5222615569,jwclark311 (2/20),0,54,CPT Shohei Ohtani UTIL Max Muncy UTIL Mookie Betts UTIL Tommy Edman UTIL Connor Norby UTIL Hunter Feduccia,,,
1600,5222640658,txplayersoldlady67,0,54,CPT Shohei Ohtani UTIL Kyle Tucker UTIL Mookie Betts UTIL Tommy Edman UTIL Jordan Beck UTIL Connor Norby,,,
1600,5222770065,Pyroplayboy55,0,54,CPT Mookie Betts UTIL Shohei Ohtani UTIL Freddie Freeman UTIL Jake McCarthy UTIL Jordan Beck UTIL Ezequiel Tovar,,,
1600,5222800445,jsh1122 (18/20),0,54,CPT Mookie Betts UTIL Shohei Ohtani UTIL Cole Carrigg UTIL TJ Rumfield UTIL Tommy Edman UTIL Connor Norby,,,
1600,5222943266,heybert711 (9/20),0,54,CPT Hunter Feduccia UTIL Shohei Ohtani UTIL Freddie Freeman UTIL Max Muncy UTIL Andy Pages UTIL Jordan Beck,,,
1600,5223007501,eking4213 (3/20),0,54,CPT Mookie Betts UTIL Shohei Ohtani UTIL Cole Carrigg UTIL TJ Rumfield UTIL Tommy Edman UTIL Connor Norby,,,
1600,5223007510,eking4213 (12/20),0,54,CPT Shohei Ohtani UTIL Max Muncy UTIL Mookie Betts UTIL Tommy Edman UTIL Connor Norby UTIL Hunter Feduccia,,,
1600,5223031322,xXxPLOSIVE (7/9),0,54,CPT Shohei Ohtani UTIL Max Muncy UTIL Mookie Betts UTIL Tommy Edman UTIL Connor Norby UTIL Hunter Feduccia,,,
1600,5223034945,kyleorso (14/20),0,54,CPT Mookie Betts UTIL Freddie Freeman UTIL Kyle Tucker UTIL Cole Carrigg UTIL Tommy Edman UTIL Connor Norby,,,
1600,5223035903,bassguy39 (1/6),0,54,CPT Mickey Moniak UTIL Cole Carrigg UTIL Mookie Betts UTIL TJ Rumfield UTIL Willi Castro UTIL Braxton Fulford,,,
1616,5222325647,MultipleWinGasms (15/20),0,53.7,CPT Hunter Feduccia UTIL Eric Lauer UTIL Ryan Feltner UTIL Shohei Ohtani UTIL Jake McCarthy UTIL Ezequiel Tovar,,,
1617,5222733913,floydian80 (2/20),0,53.65,CPT Mickey Moniak UTIL Ryan Feltner UTIL Shohei Ohtani UTIL Willi Castro UTIL Jordan Beck UTIL Connor Norby,,,
1618,5222029426,FesterBlack,0,53.575,CPT Eric Lauer UTIL Max Muncy UTIL Kyle Tucker UTIL Tommy Edman UTIL Jordan Beck UTIL Braxton Fulford,,,
1618,5222419209,JERKER19,0,53.575,CPT Eric Lauer UTIL Shohei Ohtani UTIL Kyle Tucker UTIL Mookie Betts UTIL Ezequiel Tovar UTIL Hunter Feduccia,,,
1618,5222630294,mythicalrhymer01 (5/5),0,53.575,CPT Eric Lauer UTIL Shohei Ohtani UTIL Kyle Tucker UTIL Mookie Betts UTIL Ezequiel Tovar UTIL Hunter Feduccia,,,
1618,5222681448,hatdaddy (4/20),0,53.575,CPT Eric Lauer UTIL Shohei Ohtani UTIL Kyle Tucker UTIL Mookie Betts UTIL Ezequiel Tovar UTIL Hunter Feduccia,,,
1618,5223008148,LeslieFama14 (4/4),0,53.575,CPT Eric Lauer UTIL Shohei Ohtani UTIL Kyle Tucker UTIL Mookie Betts UTIL Ezequiel Tovar UTIL Hunter Feduccia,,,
1623,5222022622,jstoltman3 (2/4),0,53.55,CPT Andy Pages UTIL Eric Lauer UTIL Shohei Ohtani UTIL Tommy Edman UTIL Ezequiel Tovar UTIL Hunter Feduccia,,,
1623,5222326710,kreller17 (2/20),0,53.55,CPT Andy Pages UTIL Eric Lauer UTIL Freddie Freeman UTIL Cole Carrigg UTIL Jordan Beck UTIL Hunter Feduccia,,,
1623,5222338859,tbjones2121 (6/20),0,53.55,CPT Max Muncy UTIL Eric Lauer UTIL Mookie Betts UTIL Tommy Edman UTIL Teoscar Hernandez UTIL Ezequiel Tovar,,,
1623,5222437324,gwatts77 (18/20),0,53.55,CPT Max Muncy UTIL Eric Lauer UTIL Andy Pages UTIL Teoscar Hernandez UTIL Hunter Feduccia UTIL Braxton Fulford,,,
1623,5222631821,Wanna_Square_Up1567 (3/20),0,53.55,CPT Max Muncy UTIL Eric Lauer UTIL Mookie Betts UTIL Tommy Edman UTIL Teoscar Hernandez UTIL Ezequiel Tovar,,,
1623,5222674060,Daily_Big_Kahuna (4/8),0,53.55,CPT Max Muncy UTIL Eric Lauer UTIL Mookie Betts UTIL Tommy Edman UTIL Teoscar Hernandez UTIL Ezequiel Tovar,,,
1623,5222763399,Aslayday (4/5),0,53.55,CPT Andy Pages UTIL Eric Lauer UTIL Shohei Ohtani UTIL Tommy Edman UTIL Ezequiel Tovar UTIL Hunter Feduccia,,,
1623,5222802904,cwthrow24 (16/20),0,53.55,CPT Max Muncy UTIL Eric Lauer UTIL Mookie Betts UTIL Tommy Edman UTIL Teoscar Hernandez UTIL Ezequiel Tovar,,,
1623,5222841519,jabbo123 (11/20),0,53.55,CPT Max Muncy UTIL Eric Lauer UTIL Mookie Betts UTIL Tommy Edman UTIL Teoscar Hernandez UTIL Ezequiel Tovar,,,
1623,5222980509,jimmytroboom (3/3),0,53.55,CPT Andy Pages UTIL Eric Lauer UTIL Shohei Ohtani UTIL Tommy Edman UTIL Ezequiel Tovar UTIL Hunter Feduccia,,,
1623,5223011198,wculler34 (8/20),0,53.55,CPT Andy Pages UTIL Eric Lauer UTIL Shohei Ohtani UTIL Tommy Edman UTIL Ezequiel Tovar UTIL Hunter Feduccia,,,
1623,5223015145,paulylow,0,53.55,CPT Kyle Tucker UTIL Eric Lauer UTIL Shohei Ohtani UTIL Mookie Betts UTIL Jordan Beck UTIL Connor Norby,,,
1623,5223019099,BruceLee45 (2/2),0,53.55,CPT Max Muncy UTIL Eric Lauer UTIL Mookie Betts UTIL Tommy Edman UTIL Teoscar Hernandez UTIL Ezequiel Tovar,,,
1636,5222249958,bbest1202,0,53.5,CPT Kyle Tucker UTIL Shohei Ohtani UTIL Max Muncy UTIL TJ Rumfield UTIL Brett Sullivan UTIL Connor Norby,,,
1636,5222278193,BIGDADDY10000,0,53.5,CPT Max Muncy UTIL Shohei Ohtani UTIL Kyle Tucker UTIL Tommy Edman UTIL Hunter Feduccia UTIL Braxton Fulford,,,
1636,5222332370,junyaaboi (4/6),0,53.5,CPT Andy Pages UTIL Freddie Freeman UTIL Mookie Betts UTIL TJ Rumfield UTIL Tommy Edman UTIL Hunter Feduccia,,,
1636,5222583122,rams779 (1/10),0,53.5,CPT Andy Pages UTIL Shohei Ohtani UTIL Max Muncy UTIL Teoscar Hernandez UTIL Jordan Beck UTIL Connor Norby,,,
1636,5222615826,Edgitt116 (2/8),0,53.5,CPT Andy Pages UTIL Freddie Freeman UTIL Mookie Betts UTIL TJ Rumfield UTIL Tommy Edman UTIL Hunter Feduccia,,,
1636,5222670541,El0Jefe,0,53.5,CPT Freddie Freeman UTIL Shohei Ohtani UTIL Mickey Moniak UTIL Ezequiel Tovar UTIL Hunter Feduccia UTIL Braxton Fulford,,,
1636,5222682582,Rolly,0,53.5,CPT Cole Carrigg UTIL Max Muncy UTIL Jake McCarthy UTIL Mookie Betts UTIL Teoscar Hernandez UTIL Jordan Beck,,,
1636,5222695221,LoganDFS812 (16/20),0,53.5,CPT Cole Carrigg UTIL Shohei Ohtani UTIL Freddie Freeman UTIL Mookie Betts UTIL Jordan Beck UTIL Hunter Feduccia,,,
1636,5222733923,floydian80 (12/20),0,53.5,CPT Max Muncy UTIL Shohei Ohtani UTIL Andy Pages UTIL Teoscar Hernandez UTIL Jordan Beck UTIL Hunter Feduccia,,,
1636,5222735681,SpeedRacer101 (6/20),0,53.5,CPT Kyle Tucker UTIL Max Muncy UTIL Jake McCarthy UTIL Mookie Betts UTIL Tommy Edman UTIL Hunter Feduccia,,,
1636,5222739984,chadmac2112,0,53.5,CPT Andy Pages UTIL Max Muncy UTIL TJ Rumfield UTIL Willi Castro UTIL Miguel Rojas UTIL Troy Johnston,,,
1636,5222774553,ste6000,0,53.5,CPT Freddie Freeman UTIL Mickey Moniak UTIL Mookie Betts UTIL Tommy Edman UTIL Connor Norby UTIL Hunter Feduccia,,,
1636,5222800437,jsh1122 (10/20),0,53.5,CPT Cole Carrigg UTIL Shohei Ohtani UTIL Kyle Tucker UTIL Mookie Betts UTIL Tommy Edman UTIL Hunter Feduccia,,,
1636,5222853037,kenny74,0,53.5,CPT Andy Pages UTIL Max Muncy UTIL Mickey Moniak UTIL Tommy Edman UTIL Willi Castro UTIL Ezequiel Tovar,,,
1636,5223004516,aluna1603,0,53.5,CPT Kyle Tucker UTIL Shohei Ohtani UTIL Mookie Betts UTIL TJ Rumfield UTIL Tommy Edman UTIL Ezequiel Tovar,,,
1636,5223013149,kidred (1/2),0,53.5,CPT Max Muncy UTIL Shohei Ohtani UTIL Andy Pages UTIL Teoscar Hernandez UTIL Jordan Beck UTIL Hunter Feduccia,,,
1636,5223022075,qsmack69 (2/2),0,53.5,CPT Andy Pages UTIL Freddie Freeman UTIL Mookie Betts UTIL TJ Rumfield UTIL Tommy Edman UTIL Hunter Feduccia,,,
1636,5223025080,Rioslugger008 (1/4),0,53.5,CPT Max Muncy UTIL Shohei Ohtani UTIL Jake McCarthy UTIL Mookie Betts UTIL Connor Norby UTIL Hunter Feduccia,,,
1636,5223028503,Rioslugger008 (3/4),0,53.5,CPT Max Muncy UTIL Shohei Ohtani UTIL Jake McCarthy UTIL Mookie Betts UTIL Connor Norby UTIL Hunter Feduccia,,,
1636,5223038263,joeythewin (3/3),0,53.5,CPT Kyle Tucker UTIL Freddie Freeman UTIL Cole Carrigg UTIL Mookie Betts UTIL Tommy Edman UTIL Jordan Beck,,,
1656,5222800114,Mr.luckyGuy (2/4),0,53.2,CPT Connor Norby UTIL Eric Lauer UTIL Ryan Feltner UTIL Shohei Ohtani UTIL Kyle Tucker UTIL Hunter Feduccia,,,
1656,5222933567,Kenmasters7 (18/20),0,53.2,CPT Jake McCarthy UTIL Eric Lauer UTIL Ryan Feltner UTIL Cole Carrigg UTIL Jordan Beck UTIL Connor Norby,,,
1658,5222685195,boss-23,0,53.05,CPT Shohei Ohtani UTIL Eric Lauer UTIL Mookie Betts UTIL Tommy Edman UTIL Jordan Beck UTIL Ezequiel Tovar,,,
1658,5222839119,EasyGene2,0,53.05,CPT Shohei Ohtani UTIL Eric Lauer UTIL Mookie Betts UTIL Tommy Edman UTIL Jordan Beck UTIL Ezequiel Tovar,,,
1658,5222939922,msshj08 (5/5),0,53.05,CPT Jordan Beck UTIL Eric Lauer UTIL Shohei Ohtani UTIL Max Muncy UTIL Cole Carrigg UTIL Connor Norby,,,
1661,5222558333,jhbecerra,0,53,CPT Mookie Betts UTIL Shohei Ohtani UTIL Freddie Freeman UTIL Kyle Tucker UTIL Jordan Beck UTIL Connor Norby,,,
1661,5222730201,mrclean913 (20/20),0,53,CPT Mickey Moniak UTIL Max Muncy UTIL Kyle Tucker UTIL Mookie Betts UTIL Willi Castro UTIL Connor Norby,,,
1661,5222772079,ctech1,0,53,CPT Shohei Ohtani UTIL Cole Carrigg UTIL Teoscar Hernandez UTIL Kike Hernandez UTIL Miguel Rojas UTIL Braxton Fulford,,,
1661,5222875014,rc2167 (3/3),0,53,CPT Shohei Ohtani UTIL Andy Pages UTIL Mickey Moniak UTIL Teoscar Hernandez UTIL Connor Norby UTIL Ezequiel Tovar,,,
1661,5223028725,ph54417 (2/20),0,53,CPT Shohei Ohtani UTIL Andy Pages UTIL Mookie Betts UTIL Teoscar Hernandez UTIL Connor Norby UTIL Ezequiel Tovar,,,
1666,5222181013,ivymoose (18/20),0,52.975,CPT Ryan Feltner UTIL Jake McCarthy UTIL Cole Carrigg UTIL Mookie Betts UTIL Willi Castro UTIL Jordan Beck,,,
1666,5222841523,jabbo123 (15/20),0,52.975,CPT Ryan Feltner UTIL Jake McCarthy UTIL Cole Carrigg UTIL Mookie Betts UTIL Willi Castro UTIL Jordan Beck,,,
1666,5222974915,Slim1042 (1/3),0,52.975,CPT Ryan Feltner UTIL Cole Carrigg UTIL Mookie Betts UTIL Teoscar Hernandez UTIL Willi Castro UTIL Ezequiel Tovar,,,
1669,5222629267,denisallred (2/2),0,52.575,CPT Eric Lauer UTIL Shohei Ohtani UTIL Max Muncy UTIL Jordan Beck UTIL Connor Norby UTIL Ezequiel Tovar,,,
1669,5222649567,md061491,0,52.575,CPT Eric Lauer UTIL Shohei Ohtani UTIL Cole Carrigg UTIL Mookie Betts UTIL Connor Norby UTIL Ezequiel Tovar,,,
1669,5222652066,Blitzburgh2023 (1/3),0,52.575,CPT Eric Lauer UTIL Freddie Freeman UTIL Max Muncy UTIL Mookie Betts UTIL Ezequiel Tovar UTIL Hunter Feduccia,,,
1669,5222808714,roberts2525 (7/12),0,52.575,CPT Eric Lauer UTIL Max Muncy UTIL Andy Pages UTIL Kyle Tucker UTIL Connor Norby UTIL Hunter Feduccia,,,
1669,5222968798,kbrisacher (9/20),0,52.575,CPT Eric Lauer UTIL Freddie Freeman UTIL Max Muncy UTIL Mookie Betts UTIL Ezequiel Tovar UTIL Hunter Feduccia,,,
1669,5222979560,bnance82 (10/20),0,52.575,CPT Eric Lauer UTIL Freddie Freeman UTIL Max Muncy UTIL Mookie Betts UTIL Ezequiel Tovar UTIL Hunter Feduccia,,,
1669,5222995283,colbyhornet (11/20),0,52.575,CPT Eric Lauer UTIL Max Muncy UTIL Andy Pages UTIL Kyle Tucker UTIL Connor Norby UTIL Hunter Feduccia,,,
1669,5222997042,MrKaotic71 (1/12),0,52.575,CPT Eric Lauer UTIL Max Muncy UTIL Andy Pages UTIL Kyle Tucker UTIL Connor Norby UTIL Hunter Feduccia,,,
1669,5223010062,TNeidert (20/20),0,52.575,CPT Eric Lauer UTIL Freddie Freeman UTIL Max Muncy UTIL Mookie Betts UTIL Ezequiel Tovar UTIL Hunter Feduccia,,,
1669,5223012647,BruceLee45 (1/2),0,52.575,CPT Eric Lauer UTIL Freddie Freeman UTIL Max Muncy UTIL Mookie Betts UTIL Ezequiel Tovar UTIL Hunter Feduccia,,,
1669,5223028733,ph54417 (10/20),0,52.575,CPT Eric Lauer UTIL Shohei Ohtani UTIL Cole Carrigg UTIL Mookie Betts UTIL Connor Norby UTIL Ezequiel Tovar,,,
1680,5222437326,gwatts77 (20/20),0,52.55,CPT Andy Pages UTIL Eric Lauer UTIL Max Muncy UTIL Teoscar Hernandez UTIL Hunter Feduccia UTIL Braxton Fulford,,,
1680,5222439455,LTskelter (5/20),0,52.55,CPT Kyle Tucker UTIL Eric Lauer UTIL Shohei Ohtani UTIL Mookie Betts UTIL Jordan Beck UTIL Hunter Feduccia,,,
1680,5222439457,LTskelter (7/20),0,52.55,CPT Connor Norby UTIL Eric Lauer UTIL Max Muncy UTIL Andy Pages UTIL Mookie Betts UTIL Teoscar Hernandez,,,
1680,5222603237,SIRNBT1 (6/6),0,52.55,CPT Kyle Tucker UTIL Eric Lauer UTIL Shohei Ohtani UTIL Mookie Betts UTIL Jordan Beck UTIL Hunter Feduccia,,,
1684,5222422876,Caryg07 (17/20),0,52.5,CPT Jake McCarthy UTIL Freddie Freeman UTIL Max Muncy UTIL Mookie Betts UTIL Ezequiel Tovar UTIL Braxton Fulford,,,
1684,5222950167,KGould86 (20/20),0,52.5,CPT Andy Pages UTIL Shohei Ohtani UTIL Max Muncy UTIL Teoscar Hernandez UTIL Jordan Beck UTIL Hunter Feduccia,,,
1684,5223017168,nealjwells71 (7/20),0,52.5,CPT Max Muncy UTIL Shohei Ohtani UTIL Andy Pages UTIL Teoscar Hernandez UTIL Connor Norby UTIL Ezequiel Tovar,,,
1687,5223027956,84flipmode (11/20),0,52.225,CPT Eric Lauer UTIL Ryan Feltner UTIL Tommy Edman UTIL Teoscar Hernandez UTIL Jordan Beck UTIL Ezequiel Tovar,,,
1688,5222403096,az350z (6/20),0,52.15,CPT Jake McCarthy UTIL Ryan Feltner UTIL Shohei Ohtani UTIL Cole Carrigg UTIL Connor Norby UTIL Ezequiel Tovar,,,
1689,5222361684,johnblum91 (2/4),0,52.05,CPT Ezequiel Tovar UTIL Eric Lauer UTIL Shohei Ohtani UTIL Freddie Freeman UTIL Mookie Betts UTIL Jordan Beck,,,
1689,5222539454,JcClark18 (17/20),0,52.05,CPT Mookie Betts UTIL Eric Lauer UTIL Shohei Ohtani UTIL Tommy Edman UTIL Hunter Feduccia UTIL Braxton Fulford,,,
1689,5222600657,flashinthepan,0,52.05,CPT Shohei Ohtani UTIL Eric Lauer UTIL Cole Carrigg UTIL Mookie Betts UTIL Ezequiel Tovar UTIL Hunter Feduccia,,,
1689,5222608515,tgenardi55,0,52.05,CPT Mookie Betts UTIL Eric Lauer UTIL Shohei Ohtani UTIL Tommy Edman UTIL Jordan Beck UTIL Connor Norby,,,
1689,5222809768,JeffreyG33 (1/4),0,52.05,CPT Shohei Ohtani UTIL Eric Lauer UTIL Cole Carrigg UTIL Mookie Betts UTIL Ezequiel Tovar UTIL Hunter Feduccia,,,
1689,5222918093,savrome2425 (10/20),0,52.05,CPT Shohei Ohtani UTIL Eric Lauer UTIL Cole Carrigg UTIL Mookie Betts UTIL Ezequiel Tovar UTIL Hunter Feduccia,,,
1689,5223007505,eking4213 (7/20),0,52.05,CPT Mookie Betts UTIL Eric Lauer UTIL Shohei Ohtani UTIL Tommy Edman UTIL Hunter Feduccia UTIL Braxton Fulford,,,
1689,5223015711,Steelers1933530 (9/15),0,52.05,CPT Mookie Betts UTIL Eric Lauer UTIL Shohei Ohtani UTIL Tommy Edman UTIL Hunter Feduccia UTIL Braxton Fulford,,,
1689,5223015712,Steelers1933530 (10/15),0,52.05,CPT Mookie Betts UTIL Eric Lauer UTIL Shohei Ohtani UTIL Tommy Edman UTIL Jordan Beck UTIL Connor Norby,,,
1698,5222517739,LOCNOTM (9/20),0,52,CPT Shohei Ohtani UTIL Andy Pages UTIL Mookie Betts UTIL Tommy Edman UTIL Connor Norby UTIL Hunter Feduccia,,,
1698,5222749283,Hooskerdog,0,52,CPT Shohei Ohtani UTIL Max Muncy UTIL Jake McCarthy UTIL Mookie Betts UTIL Ezequiel Tovar UTIL Hunter Feduccia,,,
1698,5222811915,sisterflight (2/2),0,52,CPT Mickey Moniak UTIL Jake McCarthy UTIL Kyle Tucker UTIL Cole Carrigg UTIL TJ Rumfield UTIL Connor Norby,,,
1698,5222895891,atat13 (14/20),0,52,CPT Ezequiel Tovar UTIL Freddie Freeman UTIL Mickey Moniak UTIL Jake McCarthy UTIL Kyle Tucker UTIL Cole Carrigg,,,
1698,5222921735,jbirlew (2/3),0,52,CPT Shohei Ohtani UTIL Max Muncy UTIL Jake McCarthy UTIL Mookie Betts UTIL Ezequiel Tovar UTIL Hunter Feduccia,,,
1698,5222961353,shoeless2469 (4/5),0,52,CPT Hunter Feduccia UTIL Shohei Ohtani UTIL Max Muncy UTIL Andy Pages UTIL Jake McCarthy UTIL Jordan Beck,,,
1698,5223007513,eking4213 (15/20),0,52,CPT Shohei Ohtani UTIL Andy Pages UTIL Mookie Betts UTIL Tommy Edman UTIL Connor Norby UTIL Hunter Feduccia,,,
1698,5223028532,ianzakmil,0,52,CPT Shohei Ohtani UTIL Mickey Moniak UTIL Mookie Betts UTIL Teoscar Hernandez UTIL Hunter Feduccia UTIL Braxton Fulford,,,
1698,5223035455,kidred (2/2),0,52,CPT Shohei Ohtani UTIL Andy Pages UTIL Mickey Moniak UTIL Tommy Edman UTIL Connor Norby UTIL Hunter Feduccia,,,
1698,5223035905,bassguy39 (3/6),0,52,CPT Mickey Moniak UTIL Jake McCarthy UTIL Kyle Tucker UTIL Cole Carrigg UTIL TJ Rumfield UTIL Connor Norby,,,
1698,5223037242,xXxPLOSIVE (9/9),0,52,CPT Shohei Ohtani UTIL Andy Pages UTIL Mookie Betts UTIL Tommy Edman UTIL Connor Norby UTIL Hunter Feduccia,,,
1709,5222181005,ivymoose (10/20),0,51.975,CPT Ryan Feltner UTIL Freddie Freeman UTIL Jake McCarthy UTIL TJ Rumfield UTIL Jordan Beck UTIL Connor Norby,,,
1710,5223011202,wculler34 (12/20),0,51.7,CPT Hunter Feduccia UTIL Eric Lauer UTIL Ryan Feltner UTIL Andy Pages UTIL Kyle Tucker UTIL Teoscar Hernandez,,,
1711,5222331937,shanemoore27 (8/20),0,51.575,CPT Eric Lauer UTIL Max Muncy UTIL Andy Pages UTIL Tommy Edman UTIL Hunter Feduccia UTIL Braxton Fulford,,,
1711,5222422864,Caryg07 (5/20),0,51.575,CPT Eric Lauer UTIL Max Muncy UTIL Andy Pages UTIL Tommy Edman UTIL Hunter Feduccia UTIL Braxton Fulford,,,
1711,5222437309,gwatts77 (3/20),0,51.575,CPT Eric Lauer UTIL Max Muncy UTIL Andy Pages UTIL Tommy Edman UTIL Hunter Feduccia UTIL Braxton Fulford,,,
1711,5222630293,mythicalrhymer01 (4/5),0,51.575,CPT Eric Lauer UTIL Max Muncy UTIL Andy Pages UTIL Tommy Edman UTIL Hunter Feduccia UTIL Braxton Fulford,,,
1711,5222721705,mrclean913 (6/20),0,51.575,CPT Eric Lauer UTIL Max Muncy UTIL Andy Pages UTIL Tommy Edman UTIL Hunter Feduccia UTIL Braxton Fulford,,,
1711,5222841526,jabbo123 (18/20),0,51.575,CPT Eric Lauer UTIL Max Muncy UTIL Andy Pages UTIL Tommy Edman UTIL Hunter Feduccia UTIL Braxton Fulford,,,
1711,5222941049,JeffreyG33 (2/4),0,51.575,CPT Eric Lauer UTIL Shohei Ohtani UTIL Cole Carrigg UTIL Mookie Betts UTIL Ezequiel Tovar UTIL Hunter Feduccia,,,
1711,5222979559,bnance82 (9/20),0,51.575,CPT Eric Lauer UTIL Max Muncy UTIL Andy Pages UTIL Tommy Edman UTIL Hunter Feduccia UTIL Braxton Fulford,,,
1711,5223009200,j-wolf05 (17/20),0,51.575,CPT Eric Lauer UTIL Max Muncy UTIL Andy Pages UTIL Tommy Edman UTIL Jordan Beck UTIL Connor Norby,,,
1720,5222338864,tbjones2121 (11/20),0,51.5,CPT Max Muncy UTIL Shohei Ohtani UTIL Cole Carrigg UTIL TJ Rumfield UTIL Jordan Beck UTIL Connor Norby,,,
1720,5222424004,Satch65 (18/20),0,51.5,CPT Max Muncy UTIL Shohei Ohtani UTIL Andy Pages UTIL Tommy Edman UTIL Connor Norby UTIL Hunter Feduccia,,,
1720,5222506923,CliffLaw,0,51.5,CPT Max Muncy UTIL Shohei Ohtani UTIL Andy Pages UTIL Tommy Edman UTIL Connor Norby UTIL Hunter Feduccia,,,
1720,5222522134,Iceman45 (1/3),0,51.5,CPT Max Muncy UTIL Shohei Ohtani UTIL Andy Pages UTIL Tommy Edman UTIL Connor Norby UTIL Hunter Feduccia,,,
1720,5222568084,JiminyCricket34,0,51.5,CPT Max Muncy UTIL Shohei Ohtani UTIL Andy Pages UTIL Tommy Edman UTIL Connor Norby UTIL Hunter Feduccia,,,
1720,5222579485,Speed6h (3/3),0,51.5,CPT Max Muncy UTIL Shohei Ohtani UTIL Andy Pages UTIL Tommy Edman UTIL Connor Norby UTIL Hunter Feduccia,,,
1720,5222615572,jwclark311 (5/20),0,51.5,CPT Max Muncy UTIL Shohei Ohtani UTIL Andy Pages UTIL Tommy Edman UTIL Connor Norby UTIL Hunter Feduccia,,,
1720,5222894458,JLROTTENLUCK13,0,51.5,CPT Max Muncy UTIL Shohei Ohtani UTIL Andy Pages UTIL Tommy Edman UTIL Connor Norby UTIL Hunter Feduccia,,,
1720,5222950166,KGould86 (19/20),0,51.5,CPT Jake McCarthy UTIL Max Muncy UTIL Kyle Tucker UTIL Mookie Betts UTIL Tommy Edman UTIL Ezequiel Tovar,,,
1720,5222974040,547woody,0,51.5,CPT Max Muncy UTIL Shohei Ohtani UTIL Andy Pages UTIL Tommy Edman UTIL Connor Norby UTIL Hunter Feduccia,,,
1720,5223008094,Dolow2me (3/5),0,51.5,CPT Max Muncy UTIL Andy Pages UTIL Kyle Tucker UTIL Mookie Betts UTIL Willi Castro UTIL Ezequiel Tovar,,,
1720,5223017171,nealjwells71 (10/20),0,51.5,CPT Andy Pages UTIL Shohei Ohtani UTIL Max Muncy UTIL Teoscar Hernandez UTIL Connor Norby UTIL Ezequiel Tovar,,,
1720,5223029034,NewEnglamdFan (3/4),0,51.5,CPT Max Muncy UTIL Shohei Ohtani UTIL Andy Pages UTIL TJ Rumfield UTIL Connor Norby UTIL Hunter Feduccia,,,
1720,5223038236,insi1000,0,51.5,CPT Max Muncy UTIL Shohei Ohtani UTIL Andy Pages UTIL Tommy Edman UTIL Connor Norby UTIL Hunter Feduccia,,,
1734,5222403094,az350z (4/20),0,51.05,CPT Hunter Feduccia UTIL Eric Lauer UTIL Max Muncy UTIL Andy Pages UTIL Mickey Moniak UTIL Teoscar Hernandez,,,
1734,5222891375,jswick4658,0,51.05,CPT Shohei Ohtani UTIL Eric Lauer UTIL Max Muncy UTIL Kike Hernandez UTIL Connor Norby UTIL Ryan Ward,,,
1736,5222439444,LTskelter (1/20),0,51.024998,CPT Ryan Feltner UTIL Eric Lauer UTIL Mickey Moniak UTIL Willi Castro UTIL Jordan Beck UTIL Connor Norby,,,
1736,5222979552,bnance82 (2/20),0,51.024998,CPT Ryan Feltner UTIL Eric Lauer UTIL Mickey Moniak UTIL Willi Castro UTIL Jordan Beck UTIL Connor Norby,,,
1738,5222115321,nova1985,0,51,CPT Mookie Betts UTIL Shohei Ohtani UTIL Freddie Freeman UTIL Cole Carrigg UTIL Jordan Beck UTIL Connor Norby,,,
1738,5222539455,JcClark18 (18/20),0,51,CPT Mickey Moniak UTIL Max Muncy UTIL Cole Carrigg UTIL Mookie Betts UTIL Willi Castro UTIL Connor Norby,,,
1738,5222551761,base3ballmom,0,51,CPT Shohei Ohtani UTIL Max Muncy UTIL Kyle Tucker UTIL Cole Carrigg UTIL Ezequiel Tovar UTIL Hunter Feduccia,,,
1738,5222745050,chrispy2005 (15/20),0,51,CPT Shohei Ohtani UTIL Max Muncy UTIL Kyle Tucker UTIL Mookie Betts UTIL Connor Norby UTIL Hunter Feduccia,,,
1738,5222839969,xXxPLOSIVE (4/9),0,51,CPT Shohei Ohtani UTIL Max Muncy UTIL Kyle Tucker UTIL Mookie Betts UTIL Connor Norby UTIL Hunter Feduccia,,,
1738,5222924041,louiswat,0,51,CPT Shohei Ohtani UTIL Freddie Freeman UTIL Andy Pages UTIL Jordan Beck UTIL Ezequiel Tovar UTIL Braxton Fulford,,,
1738,5222975370,bassman1955 (2/3),0,51,CPT Mookie Betts UTIL Freddie Freeman UTIL Max Muncy UTIL Jake McCarthy UTIL Connor Norby UTIL Braxton Fulford,,,
1738,5222981805,kofax,0,51,CPT Shohei Ohtani UTIL Max Muncy UTIL Kyle Tucker UTIL Mookie Betts UTIL Connor Norby UTIL Hunter Feduccia,,,
1738,5223015708,Steelers1933530 (6/15),0,51,CPT Shohei Ohtani UTIL Max Muncy UTIL Kyle Tucker UTIL Mookie Betts UTIL Connor Norby UTIL Hunter Feduccia,,,
1738,5223033064,eagles1980,0,51,CPT Mickey Moniak UTIL Shohei Ohtani UTIL Freddie Freeman UTIL Connor Norby UTIL Hunter Feduccia UTIL Braxton Fulford,,,
1748,5222539440,JcClark18 (3/20),0,50.975,CPT Ryan Feltner UTIL Jake McCarthy UTIL Cole Carrigg UTIL Mookie Betts UTIL Willi Castro UTIL Ezequiel Tovar,,,
1748,5222950149,KGould86 (2/20),0,50.975,CPT Ryan Feltner UTIL Jake McCarthy UTIL Cole Carrigg UTIL Mookie Betts UTIL Willi Castro UTIL Ezequiel Tovar,,,
1750,5222670369,Ron_feeney (3/3),0,50.65,CPT Hunter Feduccia UTIL Ryan Feltner UTIL Shohei Ohtani UTIL Freddie Freeman UTIL Cole Carrigg UTIL Braxton Fulford,,,
1751,5222403110,az350z (20/20),0,50.575,CPT Eric Lauer UTIL Freddie Freeman UTIL Andy Pages UTIL Mookie Betts UTIL Hunter Feduccia UTIL Nick Frasso,,,
1751,5222539441,JcClark18 (4/20),0,50.575,CPT Eric Lauer UTIL Freddie Freeman UTIL Andy Pages UTIL Mookie Betts UTIL Ezequiel Tovar UTIL Hunter Feduccia,,,
1751,5222648621,gbadertscher (1/4),0,50.575,CPT Eric Lauer UTIL Shohei Ohtani UTIL Andy Pages UTIL Jordan Beck UTIL Connor Norby UTIL Ezequiel Tovar,,,
1751,5222808718,roberts2525 (11/12),0,50.575,CPT Eric Lauer UTIL Max Muncy UTIL Andy Pages UTIL Cole Carrigg UTIL Connor Norby UTIL Hunter Feduccia,,,
1751,5222885260,bigjeff48,0,50.575,CPT Eric Lauer UTIL Freddie Freeman UTIL Andy Pages UTIL Mookie Betts UTIL Ezequiel Tovar UTIL Hunter Feduccia,,,
1751,5222995282,colbyhornet (10/20),0,50.575,CPT Eric Lauer UTIL Freddie Freeman UTIL Andy Pages UTIL Mookie Betts UTIL Ezequiel Tovar UTIL Hunter Feduccia,,,
1751,5223004558,MrKaotic71 (5/12),0,50.575,CPT Eric Lauer UTIL Max Muncy UTIL Andy Pages UTIL Cole Carrigg UTIL Connor Norby UTIL Hunter Feduccia,,,
1758,5222393189,bloylo,0,50.5,CPT Max Muncy UTIL Freddie Freeman UTIL Mickey Moniak UTIL Jake McCarthy UTIL Connor Norby UTIL Ezequiel Tovar,,,
1758,5222424005,Satch65 (19/20),0,50.5,CPT Connor Norby UTIL Shohei Ohtani UTIL Andy Pages UTIL Kyle Tucker UTIL Mookie Betts UTIL Tommy Edman,,,
1758,5222595589,daddyo622,0,50.5,CPT Max Muncy UTIL Jake McCarthy UTIL Cole Carrigg UTIL Mookie Betts UTIL Tommy Edman UTIL Connor Norby,,,
1758,5222648378,Bears133,0,50.5,CPT Connor Norby UTIL Shohei Ohtani UTIL Freddie Freeman UTIL Max Muncy UTIL Mookie Betts UTIL Ezequiel Tovar,,,
1758,5222662328,dspears56 (4/14),0,50.5,CPT Freddie Freeman UTIL Max Muncy UTIL Andy Pages UTIL Tommy Edman UTIL Jordan Beck UTIL Ezequiel Tovar,,,
1758,5222674059,Daily_Big_Kahuna (3/8),0,50.5,CPT Andy Pages UTIL Freddie Freeman UTIL Max Muncy UTIL Kyle Tucker UTIL Connor Norby UTIL Hunter Feduccia,,,
1758,5222735693,SpeedRacer101 (18/20),0,50.5,CPT Max Muncy UTIL Kyle Tucker UTIL Mookie Betts UTIL Tommy Edman UTIL Teoscar Hernandez UTIL Braxton Fulford,,,
1758,5222800433,jsh1122 (6/20),0,50.5,CPT Kyle Tucker UTIL Shohei Ohtani UTIL Max Muncy UTIL Andy Pages UTIL Connor Norby UTIL Hunter Feduccia,,,
1758,5222802906,cwthrow24 (18/20),0,50.5,CPT Max Muncy UTIL Andy Pages UTIL Kyle Tucker UTIL Tommy Edman UTIL Teoscar Hernandez UTIL Ezequiel Tovar,,,
1758,5222826807,Sportmanwin (1/2),0,50.5,CPT Max Muncy UTIL Freddie Freeman UTIL Andy Pages UTIL Tommy Edman UTIL Jordan Beck UTIL Connor Norby,,,
1758,5222835832,Sportmanwin (2/2),0,50.5,CPT Max Muncy UTIL Freddie Freeman UTIL Andy Pages UTIL Tommy Edman UTIL Jordan Beck UTIL Connor Norby,,,
1758,5222986251,serb220 (2/2),0,50.5,CPT Kyle Tucker UTIL Shohei Ohtani UTIL Max Muncy UTIL Andy Pages UTIL Connor Norby UTIL Hunter Feduccia,,,
1758,5222987731,W3stov3r34 (2/3),0,50.5,CPT Andy Pages UTIL Shohei Ohtani UTIL Max Muncy UTIL Tommy Edman UTIL Connor Norby UTIL Hunter Feduccia,,,
1758,5223034885,148602701,0,50.5,CPT Andy Pages UTIL Shohei Ohtani UTIL Max Muncy UTIL TJ Rumfield UTIL Connor Norby UTIL Hunter Feduccia,,,
1772,5222540363,jimbo484848,0,50.225,CPT Eric Lauer UTIL Ryan Feltner UTIL Kyle Tucker UTIL Tommy Edman UTIL Connor Norby UTIL Braxton Fulford,,,
1772,5222883511,scorpiokingbiggs44,0,50.225,CPT Eric Lauer UTIL Ryan Feltner UTIL Jake McCarthy UTIL Cole Carrigg UTIL Connor Norby UTIL Ezequiel Tovar,,,
1774,5222602346,SIRNBT1 (4/6),0,50.15,CPT Connor Norby UTIL Ryan Feltner UTIL Shohei Ohtani UTIL Jake McCarthy UTIL Cole Carrigg UTIL Braxton Fulford,,,
1775,5222763396,Aslayday (1/5),0,50.05,CPT Shohei Ohtani UTIL Eric Lauer UTIL Andy Pages UTIL Jordan Beck UTIL Ezequiel Tovar UTIL Hunter Feduccia,,,
1775,5222956504,shoeless2469 (1/5),0,50.05,CPT Ezequiel Tovar UTIL Eric Lauer UTIL Freddie Freeman UTIL Kyle Tucker UTIL Cole Carrigg UTIL Mookie Betts,,,
1777,5222283399,ChicagoMagpie,0,50,CPT Jordan Beck UTIL Shohei Ohtani UTIL Max Muncy UTIL Cole Carrigg UTIL Mookie Betts UTIL Teoscar Hernandez,,,
1777,5222294407,DustoffXL (1/2),0,50,CPT Shohei Ohtani UTIL Max Muncy UTIL Andy Pages UTIL Tommy Edman UTIL Ezequiel Tovar UTIL Hunter Feduccia,,,
1777,5222325640,MultipleWinGasms (8/20),0,50,CPT Shohei Ohtani UTIL Max Muncy UTIL Andy Pages UTIL Tommy Edman UTIL Ezequiel Tovar UTIL Hunter Feduccia,,,
1777,5222399087,rac613,0,50,CPT Shohei Ohtani UTIL Freddie Freeman UTIL Mookie Betts UTIL Miguel Rojas UTIL Alex Call UTIL Connor Norby,,,
1777,5222514621,rsumrall (12/20),0,50,CPT Shohei Ohtani UTIL Max Muncy UTIL Andy Pages UTIL Tommy Edman UTIL Ezequiel Tovar UTIL Hunter Feduccia,,,
1777,5222546585,chiefsgrammy (1/4),0,50,CPT Shohei Ohtani UTIL Max Muncy UTIL Andy Pages UTIL Tommy Edman UTIL Ezequiel Tovar UTIL Hunter Feduccia,,,
1777,5222666566,dxhoon,0,50,CPT Shohei Ohtani UTIL Max Muncy UTIL Andy Pages UTIL Tommy Edman UTIL Ezequiel Tovar UTIL Hunter Feduccia,,,
1777,5222692827,TimeToRumble (2/3),0,50,CPT Shohei Ohtani UTIL Max Muncy UTIL Andy Pages UTIL Tommy Edman UTIL Ezequiel Tovar UTIL Hunter Feduccia,,,
1777,5222703913,Bonzaicon (2/2),0,50,CPT Shohei Ohtani UTIL Max Muncy UTIL Mookie Betts UTIL TJ Rumfield UTIL Jordan Beck UTIL Connor Norby,,,
1777,5222754697,joeywill333 (3/4),0,50,CPT Shohei Ohtani UTIL Max Muncy UTIL Andy Pages UTIL Tommy Edman UTIL Ezequiel Tovar UTIL Hunter Feduccia,,,
1777,5222763400,Aslayday (5/5),0,50,CPT Shohei Ohtani UTIL Max Muncy UTIL Andy Pages UTIL Tommy Edman UTIL Ezequiel Tovar UTIL Hunter Feduccia,,,
1777,5222839968,xXxPLOSIVE (3/9),0,50,CPT Shohei Ohtani UTIL Max Muncy UTIL Mookie Betts UTIL Tommy Edman UTIL Jordan Beck UTIL Connor Norby,,,
1777,5222855317,Eljdirtay (1/2),0,50,CPT Ezequiel Tovar UTIL Shohei Ohtani UTIL Freddie Freeman UTIL Max Muncy UTIL Andy Pages UTIL Connor Norby,,,
1777,5222862609,Pololover47,0,50,CPT Shohei Ohtani UTIL Andy Pages UTIL Jake McCarthy UTIL Mookie Betts UTIL Ezequiel Tovar UTIL Hunter Feduccia,,,
1777,5222887696,jbirlew (1/3),0,50,CPT Shohei Ohtani UTIL Max Muncy UTIL Andy Pages UTIL Tommy Edman UTIL Ezequiel Tovar UTIL Hunter Feduccia,,,
1777,5222894899,slotone (5/10),0,50,CPT Shohei Ohtani UTIL Andy Pages UTIL Jake McCarthy UTIL Mookie Betts UTIL Ezequiel Tovar UTIL Hunter Feduccia,,,
1777,5222898209,sauce834 (1/2),0,50,CPT Ezequiel Tovar UTIL Shohei Ohtani UTIL Freddie Freeman UTIL Max Muncy UTIL Andy Pages UTIL Connor Norby,,,
1777,5222903255,jstoltman3 (4/4),0,50,CPT Shohei Ohtani UTIL Max Muncy UTIL Andy Pages UTIL Tommy Edman UTIL Ezequiel Tovar UTIL Hunter Feduccia,,,
1777,5222958766,ATremor (1/2),0,50,CPT Shohei Ohtani UTIL Max Muncy UTIL Andy Pages UTIL Tommy Edman UTIL Ezequiel Tovar UTIL Hunter Feduccia,,,
1777,5222976332,W3stov3r34 (1/3),0,50,CPT Shohei Ohtani UTIL Max Muncy UTIL Andy Pages UTIL Tommy Edman UTIL Ezequiel Tovar UTIL Hunter Feduccia,,,
1777,5223007514,eking4213 (16/20),0,50,CPT Shohei Ohtani UTIL Max Muncy UTIL Andy Pages UTIL Tommy Edman UTIL Ezequiel Tovar UTIL Hunter Feduccia,,,
1777,5223025104,agiant1156 (3/5),0,50,CPT Jordan Beck UTIL Shohei Ohtani UTIL Freddie Freeman UTIL Max Muncy UTIL Mookie Betts UTIL Connor Norby,,,
1777,5223026793,ikeraw,0,50,CPT Ezequiel Tovar UTIL Shohei Ohtani UTIL Freddie Freeman UTIL Max Muncy UTIL Andy Pages UTIL Connor Norby,,,
1800,5222180996,ivymoose (1/20),0,49.975,CPT Ryan Feltner UTIL Jake McCarthy UTIL Cole Carrigg UTIL TJ Rumfield UTIL Tommy Edman UTIL Connor Norby,,,
1800,5222674057,Daily_Big_Kahuna (1/8),0,49.975,CPT Ryan Feltner UTIL Jake McCarthy UTIL Cole Carrigg UTIL TJ Rumfield UTIL Tommy Edman UTIL Connor Norby,,,
1800,5223008854,jbyrdw,0,49.975,CPT Ryan Feltner UTIL Shohei Ohtani UTIL Mickey Moniak UTIL Willi Castro UTIL Connor Norby UTIL Ezequiel Tovar,,,
1800,5223038912,bleeski,0,49.975,CPT Ryan Feltner UTIL Jake McCarthy UTIL Cole Carrigg UTIL TJ Rumfield UTIL Tommy Edman UTIL Connor Norby,,,
1804,5222311180,vstar1300 (2/10),0,49.575,CPT Eric Lauer UTIL Shohei Ohtani UTIL Max Muncy UTIL Mookie Betts UTIL Hunter Feduccia UTIL Chad Stevens,,,
1804,5222326718,kreller17 (10/20),0,49.575,CPT Eric Lauer UTIL Max Muncy UTIL Kyle Tucker UTIL Mookie Betts UTIL Connor Norby UTIL Hunter Feduccia,,,
1806,5222437323,gwatts77 (17/20),0,49.55,CPT Andy Pages UTIL Eric Lauer UTIL Mookie Betts UTIL TJ Rumfield UTIL Tommy Edman UTIL Hunter Feduccia,,,
1806,5223031988,Bearfields,0,49.55,CPT Max Muncy UTIL Eric Lauer UTIL Andy Pages UTIL Jake McCarthy UTIL Connor Norby UTIL Ezequiel Tovar,,,
1808,5222891205,JoeNY07 (2/5),0,49.5,CPT Cole Carrigg UTIL Max Muncy UTIL Mookie Betts UTIL TJ Rumfield UTIL Teoscar Hernandez UTIL Braxton Fulford,,,
1808,5222952684,tboone424,0,49.5,CPT Max Muncy UTIL Freddie Freeman UTIL Andy Pages UTIL Cole Carrigg UTIL Connor Norby UTIL Hunter Feduccia,,,
1808,5223025662,ernieo (1/2),0,49.5,CPT Jake McCarthy UTIL Freddie Freeman UTIL Mickey Moniak UTIL Mookie Betts UTIL Jordan Beck UTIL Braxton Fulford,,,
1808,5223028728,ph54417 (5/20),0,49.5,CPT Max Muncy UTIL Shohei Ohtani UTIL Mookie Betts UTIL Teoscar Hernandez UTIL Connor Norby UTIL Ezequiel Tovar,,,
1812,5222180998,ivymoose (3/20),0,49.15,CPT Cole Carrigg UTIL Ryan Feltner UTIL Shohei Ohtani UTIL Jake McCarthy UTIL Jordan Beck UTIL Connor Norby,,,
1813,5222834022,FATHERandSONS2020,0,49.05,CPT Shohei Ohtani UTIL Eric Lauer UTIL Max Muncy UTIL Zac Veen UTIL Adael Amador UTIL Ryan Ward,,,
1814,5222331938,shanemoore27 (9/20),0,49,CPT Mickey Moniak UTIL Shohei Ohtani UTIL Jake McCarthy UTIL Cole Carrigg UTIL Jordan Beck UTIL Connor Norby,,,
1814,5222402798,JACKRABBITNOLA,0,49,CPT Mookie Betts UTIL Shohei Ohtani UTIL Cole Carrigg UTIL TJ Rumfield UTIL Tommy Edman UTIL Jordan Beck,,,
1814,5222416630,Robertcotner (1/3),0,49,CPT Shohei Ohtani UTIL Max Muncy UTIL Cole Carrigg UTIL Mookie Betts UTIL Connor Norby UTIL Hunter Feduccia,,,
1814,5222615575,jwclark311 (8/20),0,49,CPT Shohei Ohtani UTIL Max Muncy UTIL Cole Carrigg UTIL Mookie Betts UTIL Connor Norby UTIL Hunter Feduccia,,,
1814,5222801352,sisterflight (1/2),0,49,CPT Shohei Ohtani UTIL Andy Pages UTIL Kyle Tucker UTIL Mookie Betts UTIL Connor Norby UTIL Hunter Feduccia,,,
1814,5222827130,rancidrancid78,0,49,CPT Hyeseong Kim UTIL Shohei Ohtani UTIL Freddie Freeman UTIL Max Muncy UTIL Kyle Tucker UTIL Adael Amador,,,
1814,5222846668,TheFH (13/20),0,49,CPT Shohei Ohtani UTIL Max Muncy UTIL Cole Carrigg UTIL Mookie Betts UTIL Connor Norby UTIL Hunter Feduccia,,,
1814,5223010049,TNeidert (7/20),0,49,CPT Mickey Moniak UTIL Shohei Ohtani UTIL Max Muncy UTIL Teoscar Hernandez UTIL Jordan Beck UTIL Connor Norby,,,
1814,5223031712,xXxPLOSIVE (8/9),0,49,CPT Shohei Ohtani UTIL Andy Pages UTIL Kyle Tucker UTIL Mookie Betts UTIL Connor Norby UTIL Hunter Feduccia,,,
1823,5223011201,wculler34 (11/20),0,48.65,CPT Ezequiel Tovar UTIL Ryan Feltner UTIL Shohei Ohtani UTIL Jake McCarthy UTIL Mookie Betts UTIL Teoscar Hernandez,,,
1823,5223019380,ESU31,0,48.65,CPT Shohei Ohtani UTIL Ryan Feltner UTIL Andy Pages UTIL Teoscar Hernandez UTIL Ezequiel Tovar UTIL Hunter Feduccia,,,
1825,5222767745,purdyman (1/4),0,48.575,CPT Eric Lauer UTIL Shohei Ohtani UTIL Max Muncy UTIL Zac Veen UTIL Adael Amador UTIL Alek Thomas,,,
1826,5222978217,jbari64 (2/2),0,48.55,CPT Max Muncy UTIL Eric Lauer UTIL Kyle Tucker UTIL Tommy Edman UTIL Jordan Beck UTIL Braxton Fulford,,,
1827,5222321062,vstar1300 (6/10),0,48.5,CPT Max Muncy UTIL Shohei Ohtani UTIL Freddie Freeman UTIL Mookie Betts UTIL Hunter Feduccia UTIL Chad Stevens,,,
1827,5222681451,hatdaddy (7/20),0,48.5,CPT Max Muncy UTIL Andy Pages UTIL Mookie Betts UTIL Tommy Edman UTIL Teoscar Hernandez UTIL Connor Norby,,,
1827,5222695225,LoganDFS812 (20/20),0,48.5,CPT Connor Norby UTIL Shohei Ohtani UTIL Max Muncy UTIL Jake McCarthy UTIL Mookie Betts UTIL Ezequiel Tovar,,,
1827,5222888863,ballgame1881 (16/20),0,48.5,CPT Max Muncy UTIL Cole Carrigg UTIL Mookie Betts UTIL Tommy Edman UTIL Teoscar Hernandez UTIL Braxton Fulford,,,
1827,5222898210,sauce834 (2/2),0,48.5,CPT Cole Carrigg UTIL Shohei Ohtani UTIL Max Muncy UTIL Tommy Edman UTIL Jordan Beck UTIL Braxton Fulford,,,
1827,5223031111,Rayvbaker,0,48.5,CPT Andy Pages UTIL Shohei Ohtani UTIL Mookie Betts UTIL Teoscar Hernandez UTIL Jordan Beck UTIL Connor Norby,,,
1833,5222181008,ivymoose (13/20),0,48.15,CPT Connor Norby UTIL Ryan Feltner UTIL Max Muncy UTIL Jake McCarthy UTIL Cole Carrigg UTIL TJ Rumfield,,,
1833,5222802894,cwthrow24 (6/20),0,48.15,CPT Connor Norby UTIL Ryan Feltner UTIL Max Muncy UTIL Jake McCarthy UTIL Cole Carrigg UTIL TJ Rumfield,,,
1833,5222802903,cwthrow24 (15/20),0,48.15,CPT Braxton Fulford UTIL Ryan Feltner UTIL Shohei Ohtani UTIL Jake McCarthy UTIL Cole Carrigg UTIL Connor Norby,,,
1833,5222895925,Ballz187,0,48.15,CPT Max Muncy UTIL Shohei Ohtani UTIL Kyle Tucker UTIL Cole Carrigg UTIL Connor Norby UTIL Jordan Romano,,,
1837,5222555433,Hinkle76 (10/10),0,48.05,CPT Jordan Beck UTIL Eric Lauer UTIL Shohei Ohtani UTIL Max Muncy UTIL Andy Pages UTIL Hunter Feduccia,,,
1838,5222916116,Steven_1974 (1/20),0,48.024998,CPT Ryan Feltner UTIL Eric Lauer UTIL Jake McCarthy UTIL TJ Rumfield UTIL Jordan Beck UTIL Connor Norby,,,
1838,5222979553,bnance82 (3/20),0,48.024998,CPT Ryan Feltner UTIL Eric Lauer UTIL Freddie Freeman UTIL TJ Rumfield UTIL Connor Norby UTIL Ezequiel Tovar,,,
1840,5222134786,MikeeesPicks,0,48,CPT Shohei Ohtani UTIL Andy Pages UTIL Mookie Betts UTIL Tommy Edman UTIL Jordan Beck UTIL Connor Norby,,,
1840,5222332368,junyaaboi (2/6),0,48,CPT Shohei Ohtani UTIL Max Muncy UTIL Mookie Betts UTIL TJ Rumfield UTIL Connor Norby UTIL Ezequiel Tovar,,,
1840,5222754185,bwallette26,0,48,CPT Shohei Ohtani UTIL Andy Pages UTIL Mookie Betts UTIL TJ Rumfield UTIL Jordan Beck UTIL Connor Norby,,,
1840,5222863856,woodjoe2,0,48,CPT Shohei Ohtani UTIL Freddie Freeman UTIL Mickey Moniak UTIL Jordan Beck UTIL Ezequiel Tovar UTIL Braxton Fulford,,,
1840,5222889856,CraigEddie1,0,48,CPT Shohei Ohtani UTIL Max Muncy UTIL Mookie Betts UTIL Teoscar Hernandez UTIL Troy Johnston UTIL Alek Thomas,,,
1840,5223031114,xXxPLOSIVE (6/9),0,48,CPT Shohei Ohtani UTIL Andy Pages UTIL Mookie Betts UTIL Tommy Edman UTIL Jordan Beck UTIL Connor Norby,,,
1846,5222463935,Drewsully76,0,47.575,CPT Eric Lauer UTIL Max Muncy UTIL Andy Pages UTIL Kyle Tucker UTIL Jordan Beck UTIL Hunter Feduccia,,,
1846,5222631823,Wanna_Square_Up1567 (5/20),0,47.575,CPT Eric Lauer UTIL Max Muncy UTIL Andy Pages UTIL Kyle Tucker UTIL Jordan Beck UTIL Hunter Feduccia,,,
1846,5222968796,kbrisacher (7/20),0,47.575,CPT Eric Lauer UTIL Max Muncy UTIL Andy Pages UTIL Kyle Tucker UTIL Jordan Beck UTIL Hunter Feduccia,,,
1849,5222154941,TyroKid,0,47.55,CPT Kyle Tucker UTIL Eric Lauer UTIL Shohei Ohtani UTIL Miguel Rojas UTIL Alex Call UTIL Braxton Fulford,,,
1849,5222603488,rams779 (3/10),0,47.55,CPT Max Muncy UTIL Eric Lauer UTIL Mookie Betts UTIL Tommy Edman UTIL Connor Norby UTIL Hunter Feduccia,,,
1849,5222694533,TimeToRumble (3/3),0,47.55,CPT Max Muncy UTIL Eric Lauer UTIL Shohei Ohtani UTIL Jordan Beck UTIL Connor Norby UTIL Ezequiel Tovar,,,
1849,5222802899,cwthrow24 (11/20),0,47.55,CPT Max Muncy UTIL Eric Lauer UTIL Freddie Freeman UTIL Mookie Betts UTIL Ezequiel Tovar UTIL Hunter Feduccia,,,
1849,5222918085,savrome2425 (2/20),0,47.55,CPT Connor Norby UTIL Eric Lauer UTIL Andy Pages UTIL Mickey Moniak UTIL Cole Carrigg UTIL TJ Rumfield,,,
1849,5222947929,JeffreyG33 (4/4),0,47.55,CPT Cole Carrigg UTIL Eric Lauer UTIL Shohei Ohtani UTIL Mookie Betts UTIL Ezequiel Tovar UTIL Hunter Feduccia,,,
1849,5222955601,sclause1970,0,47.55,CPT Max Muncy UTIL Eric Lauer UTIL Freddie Freeman UTIL Mookie Betts UTIL Ezequiel Tovar UTIL Hunter Feduccia,,,
1856,5222314886,dahoward1974 (4/10),0,47.5,CPT Andy Pages UTIL Max Muncy UTIL Cole Carrigg UTIL TJ Rumfield UTIL Tommy Edman UTIL Connor Norby,,,
1856,5222326521,wwc951 (9/20),0,47.5,CPT Kyle Tucker UTIL Max Muncy UTIL Andy Pages UTIL Mookie Betts UTIL Teoscar Hernandez UTIL Connor Norby,,,
1856,5222358287,bluefan62 (5/5),0,47.5,CPT Max Muncy UTIL Shohei Ohtani UTIL Andy Pages UTIL Teoscar Hernandez UTIL Jordan Beck UTIL Ezequiel Tovar,,,
1856,5222413131,2boys2girls (1/3),0,47.5,CPT Max Muncy UTIL Freddie Freeman UTIL Andy Pages UTIL Tommy Edman UTIL Ezequiel Tovar UTIL Hunter Feduccia,,,
1856,5222541109,Stree (2/20),0,47.5,CPT Max Muncy UTIL Kyle Tucker UTIL Mookie Betts UTIL Tommy Edman UTIL Teoscar Hernandez UTIL Ezequiel Tovar,,,
1856,5222631831,Wanna_Square_Up1567 (13/20),0,47.5,CPT Teoscar Hernandez UTIL Max Muncy UTIL Andy Pages UTIL Kyle Tucker UTIL Mookie Betts UTIL Jordan Beck,,,
1856,5222727917,rams779 (10/10),0,47.5,CPT Jake McCarthy UTIL Max Muncy UTIL Andy Pages UTIL Cole Carrigg UTIL Connor Norby UTIL Ezequiel Tovar,,,
1856,5222760311,Jen207,0,47.5,CPT Freddie Freeman UTIL Shohei Ohtani UTIL Andy Pages UTIL Miguel Rojas UTIL Adael Amador UTIL Alek Thomas,,,
1856,5222808710,roberts2525 (3/12),0,47.5,CPT Andy Pages UTIL Shohei Ohtani UTIL Mickey Moniak UTIL Teoscar Hernandez UTIL Jordan Beck UTIL Hunter Feduccia,,,
1856,5222856715,jfloyd1104,0,47.5,CPT Kyle Tucker UTIL Max Muncy UTIL Andy Pages UTIL Mookie Betts UTIL Teoscar Hernandez UTIL Connor Norby,,,
1856,5222902174,Clippy (2/7),0,47.5,CPT Andy Pages UTIL Max Muncy UTIL Mookie Betts UTIL Tommy Edman UTIL Teoscar Hernandez UTIL Connor Norby,,,
1856,5223010054,TNeidert (12/20),0,47.5,CPT Cole Carrigg UTIL Shohei Ohtani UTIL Max Muncy UTIL Andy Pages UTIL Connor Norby UTIL Hunter Feduccia,,,
1856,5223029472,Clippy (6/7),0,47.5,CPT Andy Pages UTIL Max Muncy UTIL Mookie Betts UTIL Tommy Edman UTIL Teoscar Hernandez UTIL Connor Norby,,,
1869,5222371580,JHart62,0,47.225,CPT Eric Lauer UTIL Ryan Feltner UTIL Max Muncy UTIL Jake McCarthy UTIL Ezequiel Tovar UTIL Hunter Feduccia,,,
1869,5222539442,JcClark18 (5/20),0,47.225,CPT Eric Lauer UTIL Ryan Feltner UTIL Max Muncy UTIL Jake McCarthy UTIL Ezequiel Tovar UTIL Hunter Feduccia,,,
1869,5222995278,colbyhornet (6/20),0,47.225,CPT Eric Lauer UTIL Ryan Feltner UTIL Max Muncy UTIL Jake McCarthy UTIL Ezequiel Tovar UTIL Hunter Feduccia,,,
1872,5222325644,MultipleWinGasms (12/20),0,47.2,CPT Connor Norby UTIL Eric Lauer UTIL Ryan Feltner UTIL Shohei Ohtani UTIL Andy Pages UTIL Hunter Feduccia,,,
1873,5222539451,JcClark18 (14/20),0,47.15,CPT Jake McCarthy UTIL Ryan Feltner UTIL Shohei Ohtani UTIL Cole Carrigg UTIL Jordan Beck UTIL Ezequiel Tovar,,,
1873,5222916128,Steven_1974 (13/20),0,47.15,CPT Jake McCarthy UTIL Ryan Feltner UTIL Shohei Ohtani UTIL Cole Carrigg UTIL Jordan Beck UTIL Ezequiel Tovar,,,
1873,5222979561,bnance82 (11/20),0,47.15,CPT Jake McCarthy UTIL Ryan Feltner UTIL Shohei Ohtani UTIL Cole Carrigg UTIL Jordan Beck UTIL Ezequiel Tovar,,,
1873,5223017178,nealjwells71 (17/20),0,47.15,CPT Cole Carrigg UTIL Ryan Feltner UTIL Shohei Ohtani UTIL Jake McCarthy UTIL Connor Norby UTIL Ezequiel Tovar,,,
1877,5222325641,MultipleWinGasms (9/20),0,47.05,CPT Mookie Betts UTIL Eric Lauer UTIL Shohei Ohtani UTIL Andy Pages UTIL Connor Norby UTIL Hunter Feduccia,,,
1877,5222492966,FoxyGrandpa252 (10/20),0,47.05,CPT Tommy Edman UTIL Eric Lauer UTIL Max Muncy UTIL Kyle Tucker UTIL Mookie Betts UTIL Ezequiel Tovar,,,
1877,5222492971,FoxyGrandpa252 (15/20),0,47.05,CPT Mookie Betts UTIL Eric Lauer UTIL Shohei Ohtani UTIL Andy Pages UTIL Connor Norby UTIL Hunter Feduccia,,,
1877,5222514626,rsumrall (17/20),0,47.05,CPT Tommy Edman UTIL Eric Lauer UTIL Max Muncy UTIL Kyle Tucker UTIL Mookie Betts UTIL Ezequiel Tovar,,,
1877,5222653253,jah_586 (16/20),0,47.05,CPT Tommy Edman UTIL Eric Lauer UTIL Max Muncy UTIL Kyle Tucker UTIL Mookie Betts UTIL Ezequiel Tovar,,,
1877,5222918084,savrome2425 (1/20),0,47.05,CPT Mookie Betts UTIL Eric Lauer UTIL Shohei Ohtani UTIL Andy Pages UTIL Connor Norby UTIL Hunter Feduccia,,,
1877,5223007518,eking4213 (20/20),0,47.05,CPT Mookie Betts UTIL Eric Lauer UTIL Shohei Ohtani UTIL Andy Pages UTIL Connor Norby UTIL Hunter Feduccia,,,
1877,5223034936,kyleorso (5/20),0,47.05,CPT Mookie Betts UTIL Eric Lauer UTIL Shohei Ohtani UTIL Andy Pages UTIL Connor Norby UTIL Hunter Feduccia,,,
1885,5222361686,johnblum91 (4/4),0,47,CPT Jordan Beck UTIL Shohei Ohtani UTIL Freddie Freeman UTIL Andy Pages UTIL Mookie Betts UTIL Hunter Feduccia,,,
1885,5222555429,Hinkle76 (6/10),0,47,CPT Shohei Ohtani UTIL Andy Pages UTIL Mookie Betts UTIL Tommy Edman UTIL Jordan Beck UTIL Hunter Feduccia,,,
1885,5222615578,jwclark311 (11/20),0,47,CPT Shohei Ohtani UTIL Max Muncy UTIL Mookie Betts UTIL Tommy Edman UTIL Ezequiel Tovar UTIL Hunter Feduccia,,,
1885,5222615587,jwclark311 (20/20),0,47,CPT Shohei Ohtani UTIL Andy Pages UTIL Cole Carrigg UTIL Mookie Betts UTIL Connor Norby UTIL Hunter Feduccia,,,
1885,5222635920,namebran26,0,47,CPT Mookie Betts UTIL Freddie Freeman UTIL Andy Pages UTIL Cole Carrigg UTIL Tommy Edman UTIL Hunter Feduccia,,,
1885,5222837607,NYUBALL,0,47,CPT Mickey Moniak UTIL Jake McCarthy UTIL Kyle Tucker UTIL Cole Carrigg UTIL Tommy Edman UTIL Jordan Beck,,,
1885,5222895887,atat13 (10/20),0,47,CPT Shohei Ohtani UTIL Mickey Moniak UTIL Kyle Tucker UTIL Cole Carrigg UTIL Connor Norby UTIL Ezequiel Tovar,,,
1885,5222993889,BBSJGOLD,0,47,CPT Mickey Moniak UTIL Freddie Freeman UTIL Cole Carrigg UTIL Tommy Edman UTIL Jordan Beck UTIL Connor Norby,,,
1885,5223017174,nealjwells71 (13/20),0,47,CPT Mickey Moniak UTIL Shohei Ohtani UTIL Jake McCarthy UTIL Cole Carrigg UTIL Connor Norby UTIL Ezequiel Tovar,,,
1894,5222600714,belowzir0 (1/2),0,46.575,CPT Eric Lauer UTIL Max Muncy UTIL Mookie Betts UTIL Tommy Edman UTIL Connor Norby UTIL Ezequiel Tovar,,,
1894,5222962183,Twyman2021,0,46.575,CPT Eric Lauer UTIL Shohei Ohtani UTIL Andy Pages UTIL Jordan Beck UTIL Ezequiel Tovar UTIL Braxton Fulford,,,
1896,5222437315,gwatts77 (9/20),0,46.55,CPT Max Muncy UTIL Eric Lauer UTIL Andy Pages UTIL Tommy Edman UTIL Hunter Feduccia UTIL Braxton Fulford,,,
1896,5222439461,LTskelter (11/20),0,46.55,CPT Max Muncy UTIL Eric Lauer UTIL Andy Pages UTIL Tommy Edman UTIL Hunter Feduccia UTIL Braxton Fulford,,,
1896,5222733930,floydian80 (19/20),0,46.55,CPT Andy Pages UTIL Eric Lauer UTIL Freddie Freeman UTIL Mookie Betts UTIL Jordan Beck UTIL Hunter Feduccia,,,
1896,5222745046,chrispy2005 (11/20),0,46.55,CPT Andy Pages UTIL Eric Lauer UTIL Freddie Freeman UTIL Mookie Betts UTIL Jordan Beck UTIL Hunter Feduccia,,,
1896,5222829759,murphybe777,0,46.55,CPT Cole Carrigg UTIL Eric Lauer UTIL Shohei Ohtani UTIL Brett Sullivan UTIL Zac Veen UTIL Adael Amador,,,
1901,5222311151,vstar1300 (1/10),0,46.5,CPT Kyle Tucker UTIL Max Muncy UTIL Andy Pages UTIL Cole Carrigg UTIL Tommy Edman UTIL Hunter Feduccia,,,
1901,5222520586,jimmytroboom (1/3),0,46.5,CPT Andy Pages UTIL Shohei Ohtani UTIL Jake McCarthy UTIL Cole Carrigg UTIL Jordan Beck UTIL Ezequiel Tovar,,,
1901,5222555660,ecaz,0,46.5,CPT Andy Pages UTIL Shohei Ohtani UTIL Freddie Freeman UTIL Brett Sullivan UTIL Adael Amador UTIL Connor Norby,,,
1901,5222745049,chrispy2005 (14/20),0,46.5,CPT Max Muncy UTIL Freddie Freeman UTIL Andy Pages UTIL Kyle Tucker UTIL Jordan Beck UTIL Hunter Feduccia,,,
1901,5222800430,jsh1122 (3/20),0,46.5,CPT Max Muncy UTIL Shohei Ohtani UTIL Andy Pages UTIL Tommy Edman UTIL Jordan Beck UTIL Hunter Feduccia,,,
1901,5222933564,Kenmasters7 (15/20),0,46.5,CPT Cole Carrigg UTIL Shohei Ohtani UTIL Jake McCarthy UTIL Mookie Betts UTIL Ezequiel Tovar UTIL Braxton Fulford,,,
1901,5222989738,W3stov3r34 (3/3),0,46.5,CPT Max Muncy UTIL Shohei Ohtani UTIL Andy Pages UTIL Tommy Edman UTIL Jordan Beck UTIL Hunter Feduccia,,,
1901,5223007892,MrKaotic71 (9/12),0,46.5,CPT Andy Pages UTIL Shohei Ohtani UTIL Mickey Moniak UTIL Teoscar Hernandez UTIL Connor Norby UTIL Ezequiel Tovar,,,
1901,5223033734,jonlapierre,0,46.5,CPT Max Muncy UTIL Shohei Ohtani UTIL Andy Pages UTIL Tommy Edman UTIL Jordan Beck UTIL Hunter Feduccia,,,
1910,5223010045,TNeidert (3/20),0,46.225,CPT Eric Lauer UTIL Ryan Feltner UTIL Max Muncy UTIL Kyle Tucker UTIL Connor Norby UTIL Hunter Feduccia,,,
1911,5222961358,shoeless2469 (5/5),0,46.2,CPT Connor Norby UTIL Eric Lauer UTIL Ryan Feltner UTIL Freddie Freeman UTIL Max Muncy UTIL Ezequiel Tovar,,,
1912,5222506639,Miky1216 (9/10),0,46.05,CPT Mookie Betts UTIL Eric Lauer UTIL Freddie Freeman UTIL Andy Pages UTIL Jordan Beck UTIL Connor Norby,,,
1912,5223017179,nealjwells71 (18/20),0,46.05,CPT Mookie Betts UTIL Eric Lauer UTIL Freddie Freeman UTIL Max Muncy UTIL Connor Norby UTIL Ezequiel Tovar,,,
1914,5222324710,Sportsgarage88888 (4/5),0,46,CPT Mookie Betts UTIL Shohei Ohtani UTIL Freddie Freeman UTIL Max Muncy UTIL Ezequiel Tovar UTIL Hunter Feduccia,,,
1914,5222326528,wwc951 (16/20),0,46,CPT Mickey Moniak UTIL Shohei Ohtani UTIL Jake McCarthy UTIL Cole Carrigg UTIL Ezequiel Tovar UTIL Hunter Feduccia,,,
1914,5222363086,zenhead91,0,46,CPT Mookie Betts UTIL Shohei Ohtani UTIL Freddie Freeman UTIL Max Muncy UTIL Ezequiel Tovar UTIL Hunter Feduccia,,,
1914,5222572538,paco52,0,46,CPT Mookie Betts UTIL Shohei Ohtani UTIL Freddie Freeman UTIL Kyle Tucker UTIL Jordan Beck UTIL Ezequiel Tovar,,,
1914,5222592830,Featherball (7/10),0,46,CPT Mookie Betts UTIL Max Muncy UTIL Andy Pages UTIL Tommy Edman UTIL Teoscar Hernandez UTIL Connor Norby,,,
1914,5222615573,jwclark311 (6/20),0,46,CPT Mookie Betts UTIL Shohei Ohtani UTIL Freddie Freeman UTIL Max Muncy UTIL Ezequiel Tovar UTIL Hunter Feduccia,,,
1914,5222662333,dspears56 (9/14),0,46,CPT Mookie Betts UTIL Shohei Ohtani UTIL Freddie Freeman UTIL Max Muncy UTIL Ezequiel Tovar UTIL Hunter Feduccia,,,
1914,5222705876,biker5861,0,46,CPT Mookie Betts UTIL Shohei Ohtani UTIL Freddie Freeman UTIL Max Muncy UTIL Ezequiel Tovar UTIL Hunter Feduccia,,,
1914,5222839233,LeslieFama14 (1/4),0,46,CPT Mookie Betts UTIL Shohei Ohtani UTIL Freddie Freeman UTIL Max Muncy UTIL Ezequiel Tovar UTIL Hunter Feduccia,,,
1914,5222846674,TheFH (19/20),0,46,CPT Mookie Betts UTIL Shohei Ohtani UTIL Freddie Freeman UTIL Max Muncy UTIL Ezequiel Tovar UTIL Hunter Feduccia,,,
1914,5222940528,DaltonC1998 (2/2),0,46,CPT Mookie Betts UTIL Shohei Ohtani UTIL Freddie Freeman UTIL Kyle Tucker UTIL Jordan Beck UTIL Ezequiel Tovar,,,
1914,5222993160,Lakesnow13 (3/3),0,46,CPT Mookie Betts UTIL Freddie Freeman UTIL Mickey Moniak UTIL Kyle Tucker UTIL Tommy Edman UTIL Hunter Feduccia,,,
1914,5223011053,Chiccen,0,46,CPT Mookie Betts UTIL Shohei Ohtani UTIL Freddie Freeman UTIL Max Muncy UTIL Ezequiel Tovar UTIL Hunter Feduccia,,,
1914,5223017180,nealjwells71 (19/20),0,46,CPT Mookie Betts UTIL Shohei Ohtani UTIL Freddie Freeman UTIL Max Muncy UTIL Ezequiel Tovar UTIL Hunter Feduccia,,,
1928,5222995274,colbyhornet (2/20),0,45.975,CPT Ryan Feltner UTIL Mickey Moniak UTIL Cole Carrigg UTIL Tommy Edman UTIL Willi Castro UTIL Ezequiel Tovar,,,
1929,5222428063,cwade720,0,45.7,CPT Shohei Ohtani UTIL Eric Lauer UTIL Ryan Feltner UTIL Connor Norby UTIL Ezequiel Tovar UTIL Braxton Fulford,,,
1930,5222888867,ballgame1881 (20/20),0,45.65,CPT Tommy Edman UTIL Ryan Feltner UTIL Freddie Freeman UTIL Andy Pages UTIL Hunter Feduccia UTIL Braxton Fulford,,,
1931,5222437318,gwatts77 (12/20),0,45.575,CPT Eric Lauer UTIL Max Muncy UTIL Kyle Tucker UTIL Mookie Betts UTIL Hunter Feduccia UTIL Braxton Fulford,,,
1931,5222633821,snoodieboys,0,45.575,CPT Eric Lauer UTIL Shohei Ohtani UTIL Mookie Betts UTIL Miguel Rojas UTIL Troy Johnston UTIL Connor Norby,,,
1933,5222437322,gwatts77 (16/20),0,45.55,CPT Andy Pages UTIL Eric Lauer UTIL Max Muncy UTIL Tommy Edman UTIL Hunter Feduccia UTIL Braxton Fulford,,,
1933,5222492975,FoxyGrandpa252 (19/20),0,45.55,CPT Connor Norby UTIL Eric Lauer UTIL Max Muncy UTIL Andy Pages UTIL Mookie Betts UTIL Tommy Edman,,,
1935,5222314060,Anthony3251,0,45.5,CPT Max Muncy UTIL Shohei Ohtani UTIL Andy Pages UTIL Tommy Edman UTIL Connor Norby UTIL Ezequiel Tovar,,,
1935,5222342591,Snowboro (1/2),0,45.5,CPT Max Muncy UTIL Jake McCarthy UTIL Kyle Tucker UTIL Mookie Betts UTIL Tommy Edman UTIL Ezequiel Tovar,,,
1935,5222581931,LIVING-LEGENDS,0,45.5,CPT Max Muncy UTIL Shohei Ohtani UTIL Andy Pages UTIL TJ Rumfield UTIL Connor Norby UTIL Ezequiel Tovar,,,
1935,5222632640,aklease,0,45.5,CPT Andy Pages UTIL Shohei Ohtani UTIL Max Muncy UTIL Tommy Edman UTIL Jordan Beck UTIL Hunter Feduccia,,,
1935,5222823063,pudgefist27 (1/3),0,45.5,CPT Max Muncy UTIL Shohei Ohtani UTIL Andy Pages UTIL TJ Rumfield UTIL Connor Norby UTIL Ezequiel Tovar,,,
1935,5222832591,pudgefist27 (2/3),0,45.5,CPT Max Muncy UTIL Shohei Ohtani UTIL Andy Pages UTIL TJ Rumfield UTIL Connor Norby UTIL Ezequiel Tovar,,,
1935,5222832980,pudgefist27 (3/3),0,45.5,CPT Max Muncy UTIL Shohei Ohtani UTIL Andy Pages UTIL TJ Rumfield UTIL Connor Norby UTIL Ezequiel Tovar,,,
1935,5222847737,serb220 (1/2),0,45.5,CPT Max Muncy UTIL Shohei Ohtani UTIL Andy Pages UTIL Tommy Edman UTIL Connor Norby UTIL Ezequiel Tovar,,,
1935,5222894902,slotone (8/10),0,45.5,CPT Andy Pages UTIL Shohei Ohtani UTIL Max Muncy UTIL Tommy Edman UTIL Jordan Beck UTIL Hunter Feduccia,,,
1935,5222980534,sportsfan0814,0,45.5,CPT Max Muncy UTIL Shohei Ohtani UTIL Andy Pages UTIL Tommy Edman UTIL Connor Norby UTIL Ezequiel Tovar,,,
1935,5222992240,1magictime,0,45.5,CPT Max Muncy UTIL Shohei Ohtani UTIL Andy Pages UTIL TJ Rumfield UTIL Connor Norby UTIL Ezequiel Tovar,,,
1935,5223007499,eking4213 (1/20),0,45.5,CPT Andy Pages UTIL Freddie Freeman UTIL Max Muncy UTIL Kyle Tucker UTIL Jordan Beck UTIL Hunter Feduccia,,,
1935,5223034924,bigmo85 (2/2),0,45.5,CPT Max Muncy UTIL Shohei Ohtani UTIL Andy Pages UTIL Tommy Edman UTIL Connor Norby UTIL Ezequiel Tovar,,,
1948,5222702514,maty9495 (1/3),0,45.225,CPT Eric Lauer UTIL Ryan Feltner UTIL Shohei Ohtani UTIL Connor Norby UTIL Ezequiel Tovar UTIL Braxton Fulford,,,
1949,5222933562,Kenmasters7 (13/20),0,45.15,CPT Braxton Fulford UTIL Ryan Feltner UTIL Mickey Moniak UTIL Mookie Betts UTIL TJ Rumfield UTIL Willi Castro,,,
1950,5222331943,shanemoore27 (14/20),0,45.05,CPT Mookie Betts UTIL Eric Lauer UTIL Max Muncy UTIL Cole Carrigg UTIL Tommy Edman UTIL Hunter Feduccia,,,
1950,5222452210,davespak,0,45.05,CPT Ezequiel Tovar UTIL Eric Lauer UTIL Shohei Ohtani UTIL Max Muncy UTIL Andy Pages UTIL Hunter Feduccia,,,
1950,5222945804,bpaletta (2/4),0,45.05,CPT Mookie Betts UTIL Eric Lauer UTIL Max Muncy UTIL Tommy Edman UTIL Connor Norby UTIL Hunter Feduccia,,,
1950,5223034937,kyleorso (6/20),0,45.05,CPT Mookie Betts UTIL Eric Lauer UTIL Max Muncy UTIL Cole Carrigg UTIL Tommy Edman UTIL Hunter Feduccia,,,
1954,5222326709,kreller17 (1/20),0,45.024998,CPT Ryan Feltner UTIL Eric Lauer UTIL Jake McCarthy UTIL Tommy Edman UTIL Ezequiel Tovar UTIL Hunter Feduccia,,,
1954,5222375559,foutah (2/5),0,45.024998,CPT Ryan Feltner UTIL Eric Lauer UTIL Jake McCarthy UTIL Kyle Tucker UTIL Jordan Beck UTIL Connor Norby,,,
1956,5222350674,Sammy.Boy (16/20),0,45,CPT Mookie Betts UTIL Shohei Ohtani UTIL Jake McCarthy UTIL Cole Carrigg UTIL Jordan Beck UTIL Braxton Fulford,,,
1956,5222867712,RYates32,0,45,CPT Shohei Ohtani UTIL Max Muncy UTIL Andy Pages UTIL Connor Norby UTIL Ezequiel Tovar UTIL Hunter Feduccia,,,
1956,5222877022,TrumpDog,0,45,CPT Mickey Moniak UTIL Jake McCarthy UTIL Kyle Tucker UTIL Mookie Betts UTIL Tommy Edman UTIL Connor Norby,,,
1956,5222982856,JJSaenz (15/20),0,45,CPT Shohei Ohtani UTIL Max Muncy UTIL Cole Carrigg UTIL Ezequiel Tovar UTIL Hunter Feduccia UTIL Braxton Fulford,,,
1960,5222181010,ivymoose (15/20),0,44.975,CPT Ryan Feltner UTIL Freddie Freeman UTIL Jake McCarthy UTIL Cole Carrigg UTIL Connor Norby UTIL Ezequiel Tovar,,,
1960,5222181014,ivymoose (19/20),0,44.975,CPT Ryan Feltner UTIL Jake McCarthy UTIL Cole Carrigg UTIL TJ Rumfield UTIL Tommy Edman UTIL Jordan Beck,,,
1960,5222326722,kreller17 (14/20),0,44.975,CPT Ryan Feltner UTIL Freddie Freeman UTIL Jake McCarthy UTIL Cole Carrigg UTIL Connor Norby UTIL Ezequiel Tovar,,,
1960,5222350659,Sammy.Boy (1/20),0,44.975,CPT Ryan Feltner UTIL Freddie Freeman UTIL Jake McCarthy UTIL Cole Carrigg UTIL Connor Norby UTIL Ezequiel Tovar,,,
1960,5222403109,az350z (19/20),0,44.975,CPT Ryan Feltner UTIL Shohei Ohtani UTIL Mickey Moniak UTIL Willi Castro UTIL Jordan Beck UTIL Ezequiel Tovar,,,
1960,5222492957,FoxyGrandpa252 (1/20),0,44.975,CPT Ryan Feltner UTIL Freddie Freeman UTIL Jake McCarthy UTIL Cole Carrigg UTIL Connor Norby UTIL Ezequiel Tovar,,,
1960,5222541117,Stree (10/20),0,44.975,CPT Ryan Feltner UTIL Freddie Freeman UTIL Jake McCarthy UTIL Cole Carrigg UTIL Connor Norby UTIL Ezequiel Tovar,,,
1960,5222631824,Wanna_Square_Up1567 (6/20),0,44.975,CPT Ryan Feltner UTIL Freddie Freeman UTIL Jake McCarthy UTIL Cole Carrigg UTIL Connor Norby UTIL Ezequiel Tovar,,,
1960,5222757532,austin60915 (10/20),0,44.975,CPT Ryan Feltner UTIL Freddie Freeman UTIL Jake McCarthy UTIL TJ Rumfield UTIL Jordan Beck UTIL Ezequiel Tovar,,,
1960,5222846663,TheFH (8/20),0,44.975,CPT Ryan Feltner UTIL Freddie Freeman UTIL Jake McCarthy UTIL Cole Carrigg UTIL Connor Norby UTIL Ezequiel Tovar,,,
1960,5222910818,Ezilodi (12/20),0,44.975,CPT Ryan Feltner UTIL Freddie Freeman UTIL Jake McCarthy UTIL Cole Carrigg UTIL Connor Norby UTIL Ezequiel Tovar,,,
1971,5223017614,cory_yrt,0,44.7,CPT Shohei Ohtani UTIL Eric Lauer UTIL Ryan Feltner UTIL Ezequiel Tovar UTIL Hunter Feduccia UTIL Braxton Fulford,,,
1972,5223027019,84flipmode (8/20),0,44.65,CPT Jordan Beck UTIL Ryan Feltner UTIL Max Muncy UTIL Kyle Tucker UTIL TJ Rumfield UTIL Teoscar Hernandez,,,
1973,5222621925,derekburrell (2/2),0,44.55,CPT Andy Pages UTIL Eric Lauer UTIL Shohei Ohtani UTIL Ezequiel Tovar UTIL Hunter Feduccia UTIL Braxton Fulford,,,
1973,5223038040,DUI-Guy (3/3),0,44.55,CPT Andy Pages UTIL Eric Lauer UTIL Mookie Betts UTIL Tommy Edman UTIL Connor Norby UTIL Hunter Feduccia,,,
1975,5222326525,wwc951 (13/20),0,44.5,CPT Max Muncy UTIL Andy Pages UTIL Jake McCarthy UTIL Cole Carrigg UTIL Connor Norby UTIL Braxton Fulford,,,
1975,5222440562,smokesumthun,0,44.5,CPT Andy Pages UTIL Shohei Ohtani UTIL Max Muncy UTIL Tommy Edman UTIL Connor Norby UTIL Ezequiel Tovar,,,
1975,5222532395,IBrits (2/2),0,44.5,CPT Andy Pages UTIL Shohei Ohtani UTIL Max Muncy UTIL Tommy Edman UTIL Connor Norby UTIL Ezequiel Tovar,,,
1975,5222555431,Hinkle76 (8/10),0,44.5,CPT Andy Pages UTIL Shohei Ohtani UTIL Max Muncy UTIL Tommy Edman UTIL Connor Norby UTIL Ezequiel Tovar,,,
1975,5222615832,Edgitt116 (8/8),0,44.5,CPT Andy Pages UTIL Jake McCarthy UTIL Kyle Tucker UTIL Mookie Betts UTIL Tommy Edman UTIL Jordan Beck,,,
1975,5222660084,valangels41 (1/2),0,44.5,CPT Andy Pages UTIL Shohei Ohtani UTIL Max Muncy UTIL Tommy Edman UTIL Connor Norby UTIL Ezequiel Tovar,,,
1975,5222814917,anthjimen (6/6),0,44.5,CPT Max Muncy UTIL Shohei Ohtani UTIL Mookie Betts UTIL TJ Rumfield UTIL Jordan Beck UTIL Connor Norby,,,
1975,5222946257,MAX2112 (2/2),0,44.5,CPT Kyle Tucker UTIL Max Muncy UTIL Cole Carrigg UTIL Mookie Betts UTIL TJ Rumfield UTIL Connor Norby,,,
1975,5222989151,bigocaptn,0,44.5,CPT Cole Carrigg UTIL Andy Pages UTIL Jake McCarthy UTIL Mookie Betts UTIL TJ Rumfield UTIL Jordan Beck,,,
1975,5223004823,jakeday92,0,44.5,CPT Andy Pages UTIL Shohei Ohtani UTIL Max Muncy UTIL TJ Rumfield UTIL Connor Norby UTIL Ezequiel Tovar,,,
1975,5223026718,jpbugeater (2/5),0,44.5,CPT Cole Carrigg UTIL Freddie Freeman UTIL Mookie Betts UTIL Tommy Edman UTIL Ezequiel Tovar UTIL Braxton Fulford,,,
1975,5223034942,kyleorso (11/20),0,44.5,CPT Max Muncy UTIL Andy Pages UTIL Jake McCarthy UTIL Cole Carrigg UTIL Connor Norby UTIL Braxton Fulford,,,
1987,5222326719,kreller17 (11/20),0,44.225,CPT Eric Lauer UTIL Ryan Feltner UTIL Max Muncy UTIL Tommy Edman UTIL Jordan Beck UTIL Hunter Feduccia,,,
1987,5222331948,shanemoore27 (19/20),0,44.225,CPT Eric Lauer UTIL Ryan Feltner UTIL Freddie Freeman UTIL Mookie Betts UTIL Ezequiel Tovar UTIL Hunter Feduccia,,,
1987,5222709780,hart132,0,44.225,CPT Eric Lauer UTIL Ryan Feltner UTIL Shohei Ohtani UTIL Jordan Beck UTIL Connor Norby UTIL Ezequiel Tovar,,,
1987,5222781625,james2958 (2/2),0,44.225,CPT Eric Lauer UTIL Ryan Feltner UTIL Andy Pages UTIL Kyle Tucker UTIL Connor Norby UTIL Hunter Feduccia,,,
1987,5222910821,Ezilodi (15/20),0,44.225,CPT Eric Lauer UTIL Ryan Feltner UTIL Max Muncy UTIL Tommy Edman UTIL Jordan Beck UTIL Hunter Feduccia,,,
1987,5222947938,dspears56 (13/14),0,44.225,CPT Eric Lauer UTIL Ryan Feltner UTIL Shohei Ohtani UTIL Jordan Beck UTIL Connor Norby UTIL Ezequiel Tovar,,,
1987,5223010044,TNeidert (2/20),0,44.225,CPT Eric Lauer UTIL Ryan Feltner UTIL Freddie Freeman UTIL Mookie Betts UTIL Ezequiel Tovar UTIL Hunter Feduccia,,,
1994,5222425709,Heaven2010,0,44.05,CPT Shohei Ohtani UTIL Eric Lauer UTIL Max Muncy UTIL Mookie Betts UTIL Alek Thomas UTIL Chad Stevens,,,
1994,5222824106,vincentcanche12,0,44.05,CPT Mookie Betts UTIL Eric Lauer UTIL Andy Pages UTIL TJ Rumfield UTIL Tommy Edman UTIL Jordan Beck,,,
1994,5222888862,ballgame1881 (15/20),0,44.05,CPT Mookie Betts UTIL Eric Lauer UTIL Max Muncy UTIL TJ Rumfield UTIL Tommy Edman UTIL Ezequiel Tovar,,,
1994,5222942694,JeffreyG33 (3/4),0,44.05,CPT Mookie Betts UTIL Eric Lauer UTIL Shohei Ohtani UTIL Cole Carrigg UTIL Ezequiel Tovar UTIL Hunter Feduccia,,,
1998,5222462749,tiffwilso,0,44,CPT Shohei Ohtani UTIL Max Muncy UTIL Andy Pages UTIL Jordan Beck UTIL Connor Norby UTIL Braxton Fulford,,,
1998,5222514618,rsumrall (9/20),0,44,CPT Mookie Betts UTIL Shohei Ohtani UTIL Freddie Freeman UTIL Andy Pages UTIL Ezequiel Tovar UTIL Hunter Feduccia,,,
1998,5222615570,jwclark311 (3/20),0,44,CPT Shohei Ohtani UTIL Max Muncy UTIL Kyle Tucker UTIL Mookie Betts UTIL Ezequiel Tovar UTIL Hunter Feduccia,,,
1998,5222631829,Wanna_Square_Up1567 (11/20),0,44,CPT Shohei Ohtani UTIL Max Muncy UTIL Kyle Tucker UTIL Mookie Betts UTIL Ezequiel Tovar UTIL Hunter Feduccia,,,
1998,5222800411,jsh1122 (1/20),0,44,CPT Shohei Ohtani UTIL Max Muncy UTIL Kyle Tucker UTIL Mookie Betts UTIL Ezequiel Tovar UTIL Hunter Feduccia,,,
1998,5222891238,JoeNY07 (4/5),0,44,CPT Mookie Betts UTIL Shohei Ohtani UTIL Freddie Freeman UTIL Andy Pages UTIL Ezequiel Tovar UTIL Hunter Feduccia,,,
1998,5222933569,Kenmasters7 (20/20),0,44,CPT Shohei Ohtani UTIL Max Muncy UTIL Cole Carrigg UTIL Mookie Betts UTIL Jordan Beck UTIL Hunter Feduccia,,,
1998,5222943264,heybert711 (7/20),0,44,CPT Shohei Ohtani UTIL Andy Pages UTIL Kyle Tucker UTIL Mookie Betts UTIL Jordan Beck UTIL Hunter Feduccia,,,
1998,5223015709,Steelers1933530 (7/15),0,44,CPT Shohei Ohtani UTIL Max Muncy UTIL Kyle Tucker UTIL Mookie Betts UTIL Ezequiel Tovar UTIL Hunter Feduccia,,,
1998,5223031738,137666 (3/3),0,44,CPT Shohei Ohtani UTIL Max Muncy UTIL Kyle Tucker UTIL Mookie Betts UTIL Ezequiel Tovar UTIL Hunter Feduccia,,,
2008,5222968808,kbrisacher (19/20),0,43.975,CPT Ryan Feltner UTIL Max Muncy UTIL Cole Carrigg UTIL Willi Castro UTIL Jordan Beck UTIL Braxton Fulford,,,
2009,5222359820,BlueLu22,0,43.7,CPT Tommy Edman UTIL Eric Lauer UTIL Ryan Feltner UTIL Max Muncy UTIL Hunter Feduccia UTIL Braxton Fulford,,,
2010,5222733919,floydian80 (8/20),0,43.65,CPT TJ Rumfield UTIL Ryan Feltner UTIL Freddie Freeman UTIL Mickey Moniak UTIL Connor Norby UTIL Braxton Fulford,,,
2011,5222539446,JcClark18 (9/20),0,43.575,CPT Eric Lauer UTIL Max Muncy UTIL Andy Pages UTIL Mookie Betts UTIL Connor Norby UTIL Hunter Feduccia,,,
2011,5222808715,roberts2525 (8/12),0,43.575,CPT Eric Lauer UTIL Max Muncy UTIL Andy Pages UTIL Mookie Betts UTIL Connor Norby UTIL Hunter Feduccia,,,
2011,5222950159,KGould86 (12/20),0,43.575,CPT Eric Lauer UTIL Max Muncy UTIL Andy Pages UTIL Mookie Betts UTIL Connor Norby UTIL Hunter Feduccia,,,
2011,5223003173,MrKaotic71 (2/12),0,43.575,CPT Eric Lauer UTIL Max Muncy UTIL Andy Pages UTIL Mookie Betts UTIL Connor Norby UTIL Hunter Feduccia,,,
2015,5222375589,foutah (3/5),0,43.5,CPT Max Muncy UTIL Andy Pages UTIL Mookie Betts UTIL Tommy Edman UTIL Teoscar Hernandez UTIL Jordan Beck,,,
2015,5222461948,T-Bird33,0,43.5,CPT Andy Pages UTIL Freddie Freeman UTIL Max Muncy UTIL Tommy Edman UTIL Ezequiel Tovar UTIL Braxton Fulford,,,
2015,5222662330,dspears56 (6/14),0,43.5,CPT Freddie Freeman UTIL Max Muncy UTIL Andy Pages UTIL Mookie Betts UTIL Connor Norby UTIL Ezequiel Tovar,,,
2015,5222724746,wallythekid (3/4),0,43.5,CPT Freddie Freeman UTIL Max Muncy UTIL Andy Pages UTIL Mookie Betts UTIL Connor Norby UTIL Ezequiel Tovar,,,
2015,5222895897,atat13 (20/20),0,43.5,CPT Max Muncy UTIL Freddie Freeman UTIL Andy Pages UTIL Cole Carrigg UTIL Connor Norby UTIL Ezequiel Tovar,,,
2015,5222979568,bnance82 (18/20),0,43.5,CPT Max Muncy UTIL Andy Pages UTIL Mookie Betts UTIL Tommy Edman UTIL Teoscar Hernandez UTIL Jordan Beck,,,
2015,5222996855,georgeconfused (7/7),0,43.5,CPT Max Muncy UTIL Andy Pages UTIL Jake McCarthy UTIL Cole Carrigg UTIL Jordan Beck UTIL Connor Norby,,,
2015,5223007502,eking4213 (4/20),0,43.5,CPT Andy Pages UTIL Shohei Ohtani UTIL Mickey Moniak UTIL Jake McCarthy UTIL Ezequiel Tovar UTIL Hunter Feduccia,,,
2015,5223007561,DeezyDee24 (1/5),0,43.5,CPT Andy Pages UTIL Shohei Ohtani UTIL Mickey Moniak UTIL Jake McCarthy UTIL Ezequiel Tovar UTIL Hunter Feduccia,,,
2015,5223028971,C_1318,0,43.5,CPT Max Muncy UTIL Freddie Freeman UTIL Andy Pages UTIL Cole Carrigg UTIL Connor Norby UTIL Ezequiel Tovar,,,
2025,5222653245,jah_586 (8/20),0,43.225,CPT Eric Lauer UTIL Ryan Feltner UTIL Andy Pages UTIL Tommy Edman UTIL Jordan Beck UTIL Connor Norby,,,
2026,5222325727,Schoey17 (5/6),0,43.15,CPT Cole Carrigg UTIL Ryan Feltner UTIL Jake McCarthy UTIL Kyle Tucker UTIL Connor Norby UTIL Braxton Fulford,,,
2026,5222422872,Caryg07 (13/20),0,43.15,CPT Jake McCarthy UTIL Ryan Feltner UTIL Shohei Ohtani UTIL Jordan Beck UTIL Ezequiel Tovar UTIL Braxton Fulford,,,
2026,5222492972,FoxyGrandpa252 (16/20),0,43.15,CPT Cole Carrigg UTIL Ryan Feltner UTIL Jake McCarthy UTIL Kyle Tucker UTIL Connor Norby UTIL Braxton Fulford,,,
2029,5222918087,savrome2425 (4/20),0,43.05,CPT Mookie Betts UTIL Eric Lauer UTIL Andy Pages UTIL Cole Carrigg UTIL TJ Rumfield UTIL Hunter Feduccia,,,
2029,5222954340,Creurer17,0,43.05,CPT Mookie Betts UTIL Eric Lauer UTIL Freddie Freeman UTIL Andy Pages UTIL Ezequiel Tovar UTIL Hunter Feduccia,,,
2031,5222258696,rajonrondough,0,43,CPT Shohei Ohtani UTIL Andy Pages UTIL Kyle Tucker UTIL Mookie Betts UTIL Connor Norby UTIL Ezequiel Tovar,,,
2031,5222332827,Dwiseii059,0,43,CPT Shohei Ohtani UTIL Max Muncy UTIL Cole Carrigg UTIL Mookie Betts UTIL Connor Norby UTIL Ezequiel Tovar,,,
2031,5222504549,zjb76,0,43,CPT Shohei Ohtani UTIL Max Muncy UTIL Cole Carrigg UTIL Mookie Betts UTIL Connor Norby UTIL Ezequiel Tovar,,,
2031,5222543830,charlesrayallday,0,43,CPT Shohei Ohtani UTIL Andy Pages UTIL Kyle Tucker UTIL Mookie Betts UTIL Connor Norby UTIL Ezequiel Tovar,,,
2031,5222562898,NavinRJ1972,0,43,CPT Shohei Ohtani UTIL Max Muncy UTIL Cole Carrigg UTIL Mookie Betts UTIL Connor Norby UTIL Ezequiel Tovar,,,
2031,5222653244,jah_586 (7/20),0,43,CPT Shohei Ohtani UTIL Mickey Moniak UTIL Cole Carrigg UTIL Jordan Beck UTIL Connor Norby UTIL Braxton Fulford,,,
2031,5222845891,TheFH (1/20),0,43,CPT Mookie Betts UTIL Max Muncy UTIL Andy Pages UTIL Kyle Tucker UTIL Teoscar Hernandez UTIL Connor Norby,,,
2031,5222927642,Manchester5 (2/2),0,43,CPT Shohei Ohtani UTIL Max Muncy UTIL Cole Carrigg UTIL Mookie Betts UTIL Connor Norby UTIL Ezequiel Tovar,,,
2031,5222958747,Melted (1/3),0,43,CPT Shohei Ohtani UTIL Max Muncy UTIL Cole Carrigg UTIL Mookie Betts UTIL Connor Norby UTIL Ezequiel Tovar,,,
2031,5222958785,Melted (2/3),0,43,CPT Shohei Ohtani UTIL Max Muncy UTIL Cole Carrigg UTIL Mookie Betts UTIL Connor Norby UTIL Ezequiel Tovar,,,
2031,5222958809,Melted (3/3),0,43,CPT Shohei Ohtani UTIL Max Muncy UTIL Cole Carrigg UTIL Mookie Betts UTIL Connor Norby UTIL Ezequiel Tovar,,,
2031,5223034946,kyleorso (15/20),0,43,CPT Mookie Betts UTIL Max Muncy UTIL Jake McCarthy UTIL Cole Carrigg UTIL Tommy Edman UTIL Jordan Beck,,,
2043,5222918092,savrome2425 (9/20),0,42.975,CPT Ryan Feltner UTIL Andy Pages UTIL Cole Carrigg UTIL Mookie Betts UTIL Willi Castro UTIL Hunter Feduccia,,,
2043,5223009196,j-wolf05 (13/20),0,42.975,CPT Ryan Feltner UTIL Freddie Freeman UTIL Cole Carrigg UTIL TJ Rumfield UTIL Connor Norby UTIL Braxton Fulford,,,
2045,5222555425,Hinkle76 (2/10),0,42.65,CPT TJ Rumfield UTIL Ryan Feltner UTIL Shohei Ohtani UTIL Max Muncy UTIL Connor Norby UTIL Ezequiel Tovar,,,
2045,5222979124,TreeFee22,0,42.65,CPT Mickey Moniak UTIL Ryan Feltner UTIL Cole Carrigg UTIL Mookie Betts UTIL Willi Castro UTIL Connor Norby,,,
2047,5222581938,Featherball (3/10),0,42.575,CPT Eric Lauer UTIL Max Muncy UTIL Kyle Tucker UTIL Mookie Betts UTIL Ezequiel Tovar UTIL Hunter Feduccia,,,
2048,5222757537,austin60915 (15/20),0,42.55,CPT Max Muncy UTIL Eric Lauer UTIL Andy Pages UTIL Kyle Tucker UTIL Jordan Beck UTIL Hunter Feduccia,,,
2049,5222455467,Robbuddy,0,42.5,CPT Andy Pages UTIL Freddie Freeman UTIL Kyle Tucker UTIL Mookie Betts UTIL Connor Norby UTIL Braxton Fulford,,,
2049,5222555428,Hinkle76 (5/10),0,42.5,CPT Jake McCarthy UTIL Max Muncy UTIL Andy Pages UTIL Mickey Moniak UTIL Jordan Beck UTIL Connor Norby,,,
2049,5222910812,Ezilodi (6/20),0,42.5,CPT Max Muncy UTIL Shohei Ohtani UTIL Jake McCarthy UTIL Mookie Betts UTIL Jordan Beck UTIL Ezequiel Tovar,,,
2052,5222770536,purdyman (4/4),0,42.225,CPT Eric Lauer UTIL Ryan Feltner UTIL Shohei Ohtani UTIL Adael Amador UTIL Connor Norby UTIL Hyeseong Kim,,,
2052,5222979556,bnance82 (6/20),0,42.225,CPT Eric Lauer UTIL Ryan Feltner UTIL Andy Pages UTIL Cole Carrigg UTIL Connor Norby UTIL Hunter Feduccia,,,
2054,5222431771,Hotdogfatboy (3/7),0,42.2,CPT Kyle Tucker UTIL Eric Lauer UTIL Ryan Feltner UTIL Tommy Edman UTIL Jordan Beck UTIL Braxton Fulford,,,
2055,5222338855,tbjones2121 (2/20),0,42.15,CPT Cole Carrigg UTIL Ryan Feltner UTIL Shohei Ohtani UTIL Jake McCarthy UTIL Jordan Beck UTIL Ezequiel Tovar,,,
2055,5222802895,cwthrow24 (7/20),0,42.15,CPT Cole Carrigg UTIL Ryan Feltner UTIL Shohei Ohtani UTIL Jake McCarthy UTIL Jordan Beck UTIL Ezequiel Tovar,,,
2057,5222489708,Celticsnc,0,42.05,CPT Mookie Betts UTIL Eric Lauer UTIL Shohei Ohtani UTIL Max Muncy UTIL Ezequiel Tovar UTIL Hunter Feduccia,,,
2057,5222652779,goheelz1 (4/7),0,42.05,CPT Mookie Betts UTIL Eric Lauer UTIL Shohei Ohtani UTIL Max Muncy UTIL Ezequiel Tovar UTIL Hunter Feduccia,,,
2057,5222708384,jdebacker (1/3),0,42.05,CPT Mookie Betts UTIL Eric Lauer UTIL Shohei Ohtani UTIL Max Muncy UTIL Ezequiel Tovar UTIL Hunter Feduccia,,,
2057,5222916130,Steven_1974 (15/20),0,42.05,CPT Mookie Betts UTIL Eric Lauer UTIL Shohei Ohtani UTIL Max Muncy UTIL Ezequiel Tovar UTIL Hunter Feduccia,,,
2057,5223001371,colbyhornet (20/20),0,42.05,CPT Mookie Betts UTIL Eric Lauer UTIL Shohei Ohtani UTIL Max Muncy UTIL Ezequiel Tovar UTIL Hunter Feduccia,,,
2062,5222976116,georgeconfused (4/7),0,42.024998,CPT Ryan Feltner UTIL Eric Lauer UTIL Jake McCarthy UTIL Cole Carrigg UTIL Jordan Beck UTIL Hunter Feduccia,,,
2062,5223017163,nealjwells71 (2/20),0,42.024998,CPT Ryan Feltner UTIL Eric Lauer UTIL Freddie Freeman UTIL Cole Carrigg UTIL Ezequiel Tovar UTIL Hunter Feduccia,,,
2062,5223026979,mopill (1/2),0,42.024998,CPT Ryan Feltner UTIL Eric Lauer UTIL Cole Carrigg UTIL Teoscar Hernandez UTIL Ezequiel Tovar UTIL Hunter Feduccia,,,
2065,5222631820,Wanna_Square_Up1567 (2/20),0,42,CPT Ezequiel Tovar UTIL Shohei Ohtani UTIL Mickey Moniak UTIL Jake McCarthy UTIL Cole Carrigg UTIL Jordan Beck,,,
2065,5222926119,Briguy20181,0,42,CPT Shohei Ohtani UTIL Mickey Moniak UTIL Mookie Betts UTIL TJ Rumfield UTIL Ezequiel Tovar UTIL Hunter Feduccia,,,
2065,5222979569,bnance82 (19/20),0,42,CPT Mickey Moniak UTIL Shohei Ohtani UTIL Jake McCarthy UTIL Mookie Betts UTIL Jordan Beck UTIL Connor Norby,,,
2065,5222999080,vstar1300 (9/10),0,42,CPT Tommy Edman UTIL Max Muncy UTIL Andy Pages UTIL Kyle Tucker UTIL Mookie Betts UTIL Connor Norby,,,
2069,5221974183,longduckdoong (1/3),0,41.975,CPT Ryan Feltner UTIL Max Muncy UTIL Andy Pages UTIL Willi Castro UTIL Connor Norby UTIL Ezequiel Tovar,,,
2069,5222492962,FoxyGrandpa252 (6/20),0,41.975,CPT Ryan Feltner UTIL Jake McCarthy UTIL Kyle Tucker UTIL TJ Rumfield UTIL Jordan Beck UTIL Connor Norby,,,
2069,5222631834,Wanna_Square_Up1567 (16/20),0,41.975,CPT Ryan Feltner UTIL Jake McCarthy UTIL Kyle Tucker UTIL TJ Rumfield UTIL Jordan Beck UTIL Connor Norby,,,
2069,5222745053,chrispy2005 (18/20),0,41.975,CPT Ryan Feltner UTIL Jake McCarthy UTIL Kyle Tucker UTIL TJ Rumfield UTIL Jordan Beck UTIL Connor Norby,,,
2069,5222757528,austin60915 (6/20),0,41.975,CPT Ryan Feltner UTIL Max Muncy UTIL Mickey Moniak UTIL Willi Castro UTIL Connor Norby UTIL Braxton Fulford,,,
2074,5222956524,shoeless2469 (3/5),0,41.7,CPT Ezequiel Tovar UTIL Eric Lauer UTIL Ryan Feltner UTIL Freddie Freeman UTIL Kyle Tucker UTIL Jordan Beck,,,
2075,5223011205,wculler34 (15/20),0,41.55,CPT Andy Pages UTIL Eric Lauer UTIL Max Muncy UTIL Kyle Tucker UTIL Jordan Beck UTIL Hunter Feduccia,,,
2075,5223026717,jpbugeater (1/5),0,41.55,CPT Andy Pages UTIL Eric Lauer UTIL Kyle Tucker UTIL Mookie Betts UTIL Connor Norby UTIL Hunter Feduccia,,,
2075,5223028485,jmeger,0,41.55,CPT Max Muncy UTIL Eric Lauer UTIL Andy Pages UTIL Cole Carrigg UTIL Jordan Beck UTIL Connor Norby,,,
2078,5222721718,mrclean913 (19/20),0,41.5,CPT Max Muncy UTIL Mickey Moniak UTIL Jake McCarthy UTIL TJ Rumfield UTIL Jordan Beck UTIL Braxton Fulford,,,
2078,5222919050,lansdownsr,0,41.5,CPT Kyle Tucker UTIL Shohei Ohtani UTIL Andy Pages UTIL Mookie Betts UTIL Jordan Beck UTIL Connor Norby,,,
2078,5222939921,msshj08 (4/5),0,41.5,CPT Cole Carrigg UTIL Shohei Ohtani UTIL Max Muncy UTIL Andy Pages UTIL Connor Norby UTIL Ezequiel Tovar,,,
2078,5222946727,psu7507 (1/2),0,41.5,CPT Andy Pages UTIL Shohei Ohtani UTIL Mookie Betts UTIL Tommy Edman UTIL Jordan Beck UTIL Connor Norby,,,
2078,5222993981,Warr1013 (2/3),0,41.5,CPT Max Muncy UTIL Andy Pages UTIL Mookie Betts UTIL TJ Rumfield UTIL Tommy Edman UTIL Connor Norby,,,
2078,5223029473,Clippy (7/7),0,41.5,CPT Cole Carrigg UTIL Freddie Freeman UTIL Mickey Moniak UTIL Mookie Betts UTIL Tommy Edman UTIL Ezequiel Tovar,,,
2084,5222555432,Hinkle76 (9/10),0,41.05,CPT Mookie Betts UTIL Eric Lauer UTIL Freddie Freeman UTIL Max Muncy UTIL Jordan Beck UTIL Ezequiel Tovar,,,
2085,5222841510,jabbo123 (2/20),0,41.024998,CPT Ryan Feltner UTIL Eric Lauer UTIL Jake McCarthy UTIL Cole Carrigg UTIL Connor Norby UTIL Ezequiel Tovar,,,
2085,5222981699,georgeconfused (5/7),0,41.024998,CPT Ryan Feltner UTIL Eric Lauer UTIL Jake McCarthy UTIL Cole Carrigg UTIL Connor Norby UTIL Ezequiel Tovar,,,
2087,5222338872,tbjones2121 (19/20),0,41,CPT Shohei Ohtani UTIL Andy Pages UTIL Cole Carrigg UTIL Mookie Betts UTIL Connor Norby UTIL Ezequiel Tovar,,,
2087,5222532388,IBrits (1/2),0,41,CPT Shohei Ohtani UTIL Max Muncy UTIL Andy Pages UTIL Jordan Beck UTIL Connor Norby UTIL Ezequiel Tovar,,,
2087,5222554409,Rleone.1 (1/2),0,41,CPT Mookie Betts UTIL Andy Pages UTIL Jake McCarthy UTIL Kyle Tucker UTIL Tommy Edman UTIL Adael Amador,,,
2087,5222555430,Hinkle76 (7/10),0,41,CPT Shohei Ohtani UTIL Andy Pages UTIL Mookie Betts UTIL Tommy Edman UTIL Jordan Beck UTIL Ezequiel Tovar,,,
2087,5222579966,smooth12,0,41,CPT Mookie Betts UTIL Shohei Ohtani UTIL Andy Pages UTIL Tommy Edman UTIL Connor Norby UTIL Braxton Fulford,,,
2087,5222733929,floydian80 (18/20),0,41,CPT Mickey Moniak UTIL Shohei Ohtani UTIL Max Muncy UTIL Cole Carrigg UTIL Connor Norby UTIL Hunter Feduccia,,,
2087,5222816264,farleyboys,0,41,CPT Adael Amador UTIL Shohei Ohtani UTIL Max Muncy UTIL Andy Pages UTIL Tommy Edman UTIL Zac Veen,,,
2087,5222990974,hemant.1775,0,41,CPT Shohei Ohtani UTIL Andy Pages UTIL Cole Carrigg UTIL Mookie Betts UTIL Connor Norby UTIL Ezequiel Tovar,,,
2095,5222918098,savrome2425 (15/20),0,40.65,CPT Shohei Ohtani UTIL Ryan Feltner UTIL Mookie Betts UTIL TJ Rumfield UTIL Jordan Beck UTIL Hunter Feduccia,,,
2096,5222350665,Sammy.Boy (7/20),0,40.55,CPT Andy Pages UTIL Eric Lauer UTIL Freddie Freeman UTIL Mookie Betts UTIL Jordan Beck UTIL Ezequiel Tovar,,,
2097,5222585922,Jyrays,0,40.5,CPT Andy Pages UTIL Max Muncy UTIL Jake McCarthy UTIL Kyle Tucker UTIL Jordan Beck UTIL Braxton Fulford,,,
2097,5222746950,joeywill333 (1/4),0,40.5,CPT Cole Carrigg UTIL Shohei Ohtani UTIL Max Muncy UTIL Andy Pages UTIL Ezequiel Tovar UTIL Hunter Feduccia,,,
2097,5222769883,Boskii11,0,40.5,CPT Andy Pages UTIL Freddie Freeman UTIL Max Muncy UTIL TJ Rumfield UTIL Brett Sullivan UTIL Ezequiel Tovar,,,
2097,5222808709,roberts2525 (2/12),0,40.5,CPT Andy Pages UTIL Shohei Ohtani UTIL Mickey Moniak UTIL Tommy Edman UTIL Jordan Beck UTIL Hunter Feduccia,,,
2097,5222808713,roberts2525 (6/12),0,40.5,CPT Andy Pages UTIL Shohei Ohtani UTIL Mickey Moniak UTIL TJ Rumfield UTIL Jordan Beck UTIL Hunter Feduccia,,,
2097,5222947330,chiefsgrammy (4/4),0,40.5,CPT Cole Carrigg UTIL Shohei Ohtani UTIL Max Muncy UTIL Andy Pages UTIL Ezequiel Tovar UTIL Hunter Feduccia,,,
2103,5222716512,rams779 (8/10),0,40.225,CPT Eric Lauer UTIL Ryan Feltner UTIL Mookie Betts UTIL Tommy Edman UTIL Jordan Beck UTIL Connor Norby,,,
2103,5222968804,kbrisacher (15/20),0,40.225,CPT Eric Lauer UTIL Ryan Feltner UTIL Mookie Betts UTIL Tommy Edman UTIL Hunter Feduccia UTIL Braxton Fulford,,,
2105,5223025697,84flipmode (5/20),0,40.2,CPT Kyle Tucker UTIL Eric Lauer UTIL Ryan Feltner UTIL TJ Rumfield UTIL Ezequiel Tovar UTIL Braxton Fulford,,,
2106,5221980423,Draftkingscaz20,0,40.05,CPT Mookie Betts UTIL Eric Lauer UTIL Shohei Ohtani UTIL Cole Carrigg UTIL Alex Call UTIL Jordan Beck,,,
2106,5222918101,savrome2425 (18/20),0,40.05,CPT Mookie Betts UTIL Eric Lauer UTIL Shohei Ohtani UTIL Andy Pages UTIL Ezequiel Tovar UTIL Hunter Feduccia,,,
2106,5222971897,Christez1726 (1/5),0,40.05,CPT Mookie Betts UTIL Eric Lauer UTIL Shohei Ohtani UTIL Andy Pages UTIL Ezequiel Tovar UTIL Hunter Feduccia,,,
2106,5222971912,Christez1726 (2/5),0,40.05,CPT Mookie Betts UTIL Eric Lauer UTIL Shohei Ohtani UTIL Andy Pages UTIL Ezequiel Tovar UTIL Hunter Feduccia,,,
2106,5222977836,Christez1726 (4/5),0,40.05,CPT Mookie Betts UTIL Eric Lauer UTIL Shohei Ohtani UTIL Andy Pages UTIL Ezequiel Tovar UTIL Hunter Feduccia,,,
2106,5222977843,Christez1726 (5/5),0,40.05,CPT Mookie Betts UTIL Eric Lauer UTIL Shohei Ohtani UTIL Andy Pages UTIL Ezequiel Tovar UTIL Hunter Feduccia,,,
2112,5222976107,georgeconfused (2/7),0,40.025,CPT Eric Lauer UTIL Ryan Feltner UTIL Andy Pages UTIL Tommy Edman UTIL Hunter Feduccia UTIL Tanner Scott,,,
2113,5222406653,dw12290 (1/2),0,40,CPT Mookie Betts UTIL Shohei Ohtani UTIL Jake McCarthy UTIL Cole Carrigg UTIL Alex Call UTIL Ezequiel Tovar,,,
2113,5222590223,dtm615,0,40,CPT Shohei Ohtani UTIL Mickey Moniak UTIL Kyle Tucker UTIL Mookie Betts UTIL Connor Norby UTIL Ezequiel Tovar,,,
2113,5222845633,kurtisgant,0,40,CPT Mookie Betts UTIL Shohei Ohtani UTIL Andy Pages UTIL Tommy Edman UTIL Jordan Beck UTIL Connor Norby,,,
2113,5223034948,kyleorso (17/20),0,40,CPT Mookie Betts UTIL Shohei Ohtani UTIL Max Muncy UTIL Jake McCarthy UTIL Jordan Beck UTIL Ezequiel Tovar,,,
2117,5222968803,kbrisacher (14/20),0,39.975,CPT Ryan Feltner UTIL Freddie Freeman UTIL Jake McCarthy UTIL Cole Carrigg UTIL Jordan Beck UTIL Ezequiel Tovar,,,
2117,5222995275,colbyhornet (3/20),0,39.975,CPT Ryan Feltner UTIL Freddie Freeman UTIL Jake McCarthy UTIL Cole Carrigg UTIL Jordan Beck UTIL Ezequiel Tovar,,,
2117,5223027279,racer32615,0,39.975,CPT Ryan Feltner UTIL Freddie Freeman UTIL Andy Pages UTIL Jake McCarthy UTIL Ezequiel Tovar UTIL Hunter Feduccia,,,
2120,5222652521,Lluveras,0,39.65,CPT Shohei Ohtani UTIL Ryan Feltner UTIL Freddie Freeman UTIL Kike Hernandez UTIL Ben Rortvedt UTIL Chuckie Robinson,,,
2120,5223017175,nealjwells71 (14/20),0,39.65,CPT Mickey Moniak UTIL Ryan Feltner UTIL Freddie Freeman UTIL Jake McCarthy UTIL Connor Norby UTIL Ezequiel Tovar,,,
2122,5222325726,Schoey17 (4/6),0,39.575,CPT Eric Lauer UTIL Max Muncy UTIL Andy Pages UTIL Mookie Betts UTIL Jordan Beck UTIL Connor Norby,,,
2122,5222709478,rams779 (5/10),0,39.575,CPT Eric Lauer UTIL Max Muncy UTIL Andy Pages UTIL Mookie Betts UTIL Jordan Beck UTIL Connor Norby,,,
2122,5222721708,mrclean913 (9/20),0,39.575,CPT Eric Lauer UTIL Max Muncy UTIL Andy Pages UTIL Mookie Betts UTIL Jordan Beck UTIL Connor Norby,,,
2122,5222908129,Dirtygoogan (1/3),0,39.575,CPT Eric Lauer UTIL Max Muncy UTIL Andy Pages UTIL Mookie Betts UTIL Jordan Beck UTIL Connor Norby,,,
2126,5222339231,MoneyRamirez (4/4),0,39.5,CPT Max Muncy UTIL Shohei Ohtani UTIL Andy Pages UTIL Cole Carrigg UTIL Ezequiel Tovar UTIL Hunter Feduccia,,,
2126,5222358286,bluefan62 (4/5),0,39.5,CPT Max Muncy UTIL Shohei Ohtani UTIL Cole Carrigg UTIL Mookie Betts UTIL Jordan Beck UTIL Connor Norby,,,
2126,5222358336,vetterunner (2/3),0,39.5,CPT Max Muncy UTIL Shohei Ohtani UTIL Andy Pages UTIL Cole Carrigg UTIL Ezequiel Tovar UTIL Hunter Feduccia,,,
2126,5222703795,corey1,0,39.5,CPT Andy Pages UTIL Shohei Ohtani UTIL Mookie Betts UTIL TJ Rumfield UTIL Connor Norby UTIL Ezequiel Tovar,,,
2126,5222870404,jstoltman3 (3/4),0,39.5,CPT Andy Pages UTIL Shohei Ohtani UTIL Max Muncy UTIL Tommy Edman UTIL Jordan Beck UTIL Ezequiel Tovar,,,
2126,5223006077,Dolow2me (1/5),0,39.5,CPT Connor Norby UTIL Max Muncy UTIL Andy Pages UTIL Mickey Moniak UTIL Kyle Tucker UTIL TJ Rumfield,,,
2126,5223007887,MrKaotic71 (8/12),0,39.5,CPT Andy Pages UTIL Shohei Ohtani UTIL Mickey Moniak UTIL Tommy Edman UTIL Connor Norby UTIL Ezequiel Tovar,,,
2126,5223008082,MrKaotic71 (12/12),0,39.5,CPT Andy Pages UTIL Shohei Ohtani UTIL Mickey Moniak UTIL TJ Rumfield UTIL Connor Norby UTIL Ezequiel Tovar,,,
2134,5222874051,rc2167 (1/3),0,39.225,CPT Eric Lauer UTIL Ryan Feltner UTIL Andy Pages UTIL Kyle Tucker UTIL Jordan Beck UTIL Hunter Feduccia,,,
2135,5222348345,jpg347,0,39.05,CPT Adael Amador UTIL Eric Lauer UTIL Shohei Ohtani UTIL Andy Pages UTIL Miguel Rojas UTIL Zac Veen,,,
2135,5222654305,Akastning (3/3),0,39.05,CPT Mookie Betts UTIL Eric Lauer UTIL Freddie Freeman UTIL Andy Pages UTIL Jordan Beck UTIL Ezequiel Tovar,,,
2137,5222539438,JcClark18 (1/20),0,39.024998,CPT Ryan Feltner UTIL Eric Lauer UTIL Cole Carrigg UTIL TJ Rumfield UTIL Connor Norby UTIL Braxton Fulford,,,
2137,5222921438,KelvinDubs (20/20),0,39.024998,CPT Ryan Feltner UTIL Eric Lauer UTIL Mookie Betts UTIL Teoscar Hernandez UTIL Connor Norby UTIL Braxton Fulford,,,
2139,5222320662,bear4321,0,39,CPT Shohei Ohtani UTIL Max Muncy UTIL Andy Pages UTIL Troy Johnston UTIL Connor Norby UTIL Hyeseong Kim,,,
2140,5222968799,kbrisacher (10/20),0,38.975,CPT Ryan Feltner UTIL Shohei Ohtani UTIL Cole Carrigg UTIL TJ Rumfield UTIL Jordan Beck UTIL Connor Norby,,,
2141,5222683790,cherry69141,0,38.55,CPT Max Muncy UTIL Eric Lauer UTIL Andy Pages UTIL Mookie Betts UTIL Connor Norby UTIL Hunter Feduccia,,,
2142,5222370640,Southward7 (1/2),0,38.5,CPT Max Muncy UTIL Shohei Ohtani UTIL Mookie Betts UTIL Tommy Edman UTIL Ezequiel Tovar UTIL Braxton Fulford,,,
2142,5222423996,Satch65 (10/20),0,38.5,CPT Andy Pages UTIL Shohei Ohtani UTIL Kyle Tucker UTIL Mookie Betts UTIL Jordan Beck UTIL Connor Norby,,,
2142,5222489943,wdice,0,38.5,CPT Andy Pages UTIL Shohei Ohtani UTIL Max Muncy UTIL Mookie Betts UTIL Connor Norby UTIL Hunter Feduccia,,,
2142,5222499662,paperstack (1/2),0,38.5,CPT Andy Pages UTIL Shohei Ohtani UTIL Max Muncy UTIL Mookie Betts UTIL Connor Norby UTIL Hunter Feduccia,,,
2142,5222499879,paperstack (2/2),0,38.5,CPT Andy Pages UTIL Shohei Ohtani UTIL Max Muncy UTIL Mookie Betts UTIL Connor Norby UTIL Hunter Feduccia,,,
2142,5222523216,Iceman45 (2/3),0,38.5,CPT Andy Pages UTIL Shohei Ohtani UTIL Max Muncy UTIL Mookie Betts UTIL Connor Norby UTIL Hunter Feduccia,,,
2142,5222590249,Featherball (6/10),0,38.5,CPT Andy Pages UTIL Shohei Ohtani UTIL Max Muncy UTIL Mookie Betts UTIL Connor Norby UTIL Hunter Feduccia,,,
2142,5222626160,jkidd2 (3/3),0,38.5,CPT Andy Pages UTIL Shohei Ohtani UTIL Max Muncy UTIL Cole Carrigg UTIL Ezequiel Tovar UTIL Hunter Feduccia,,,
2142,5222631825,Wanna_Square_Up1567 (7/20),0,38.5,CPT Andy Pages UTIL Shohei Ohtani UTIL Max Muncy UTIL Mookie Betts UTIL Connor Norby UTIL Hunter Feduccia,,,
2142,5222695219,LoganDFS812 (14/20),0,38.5,CPT Cole Carrigg UTIL Shohei Ohtani UTIL Max Muncy UTIL Mookie Betts UTIL Connor Norby UTIL Ezequiel Tovar,,,
2142,5222734021,ShaOhio46,0,38.5,CPT Max Muncy UTIL Shohei Ohtani UTIL Kyle Tucker UTIL Mookie Betts UTIL Ezequiel Tovar UTIL Hunter Feduccia,,,
2142,5222910817,Ezilodi (11/20),0,38.5,CPT Andy Pages UTIL Shohei Ohtani UTIL Max Muncy UTIL Cole Carrigg UTIL Ezequiel Tovar UTIL Hunter Feduccia,,,
2142,5223007508,eking4213 (10/20),0,38.5,CPT Andy Pages UTIL Shohei Ohtani UTIL Max Muncy UTIL Mookie Betts UTIL Connor Norby UTIL Hunter Feduccia,,,
2142,5223010814,MeettheFaulkers,0,38.5,CPT Andy Pages UTIL Shohei Ohtani UTIL Max Muncy UTIL Mookie Betts UTIL Connor Norby UTIL Hunter Feduccia,,,
2142,5223025371,NewEnglamdFan (1/4),0,38.5,CPT Andy Pages UTIL Shohei Ohtani UTIL Max Muncy UTIL Mookie Betts UTIL Connor Norby UTIL Hunter Feduccia,,,
2142,5223025927,LuckyLefty83,0,38.5,CPT Andy Pages UTIL Shohei Ohtani UTIL Max Muncy UTIL Mookie Betts UTIL Connor Norby UTIL Hunter Feduccia,,,
2142,5223027220,agiant1156 (5/5),0,38.5,CPT Max Muncy UTIL Freddie Freeman UTIL Andy Pages UTIL Cole Carrigg UTIL Jordan Beck UTIL Ezequiel Tovar,,,
2142,5223040289,Tallonj24,0,38.5,CPT Andy Pages UTIL Shohei Ohtani UTIL Max Muncy UTIL Mookie Betts UTIL Connor Norby UTIL Hunter Feduccia,,,
2160,5223003143,faseone01,0,38.225,CPT Eric Lauer UTIL Ryan Feltner UTIL Max Muncy UTIL Tommy Edman UTIL Jordan Beck UTIL Ezequiel Tovar,,,
2161,5222325646,MultipleWinGasms (14/20),0,38.05,CPT Mookie Betts UTIL Eric Lauer UTIL Shohei Ohtani UTIL Mickey Moniak UTIL Connor Norby UTIL Ezequiel Tovar,,,
2162,5222326520,wwc951 (8/20),0,38.024998,CPT Ryan Feltner UTIL Eric Lauer UTIL Max Muncy UTIL Jake McCarthy UTIL Ezequiel Tovar UTIL Hunter Feduccia,,,
2162,5222841514,jabbo123 (6/20),0,38.024998,CPT Ryan Feltner UTIL Eric Lauer UTIL Shohei Ohtani UTIL Jordan Beck UTIL Connor Norby UTIL Braxton Fulford,,,
2162,5222921429,KelvinDubs (11/20),0,38.024998,CPT Ryan Feltner UTIL Eric Lauer UTIL Jake McCarthy UTIL Kyle Tucker UTIL Jordan Beck UTIL Ezequiel Tovar,,,
2165,5222439463,LTskelter (13/20),0,38,CPT Mickey Moniak UTIL Shohei Ohtani UTIL Mookie Betts UTIL TJ Rumfield UTIL Connor Norby UTIL Braxton Fulford,,,
2165,5222950164,KGould86 (17/20),0,38,CPT Mickey Moniak UTIL Jake McCarthy UTIL Cole Carrigg UTIL Mookie Betts UTIL Tommy Edman UTIL Jordan Beck,,,
2167,5222181009,ivymoose (14/20),0,37.975,CPT Ryan Feltner UTIL Max Muncy UTIL Jake McCarthy UTIL TJ Rumfield UTIL Jordan Beck UTIL Connor Norby,,,
2168,5222500519,mbrummy1,0,37.65,CPT Jordan Beck UTIL Ryan Feltner UTIL Mickey Moniak UTIL Jake McCarthy UTIL Kyle Tucker UTIL TJ Rumfield,,,
2169,5222325651,MultipleWinGasms (19/20),0,37.55,CPT Andy Pages UTIL Eric Lauer UTIL Mickey Moniak UTIL Kyle Tucker UTIL Jordan Beck UTIL Connor Norby,,,
2170,5222800431,jsh1122 (4/20),0,37.5,CPT Andy Pages UTIL Max Muncy UTIL Kyle Tucker UTIL Mookie Betts UTIL Teoscar Hernandez UTIL Ezequiel Tovar,,,
2170,5222888978,chaddy222,0,37.5,CPT Andy Pages UTIL Shohei Ohtani UTIL Max Muncy UTIL Jordan Beck UTIL Connor Norby UTIL Braxton Fulford,,,
2170,5222921421,KelvinDubs (3/20),0,37.5,CPT Andy Pages UTIL Max Muncy UTIL Kyle Tucker UTIL Mookie Betts UTIL Teoscar Hernandez UTIL Ezequiel Tovar,,,
2170,5222936675,BigD-Cowboys,0,37.5,CPT Max Muncy UTIL Shohei Ohtani UTIL Cole Carrigg UTIL Mookie Betts UTIL Connor Norby UTIL Ezequiel Tovar,,,
2170,5223021895,agiant1156 (1/5),0,37.5,CPT Kyle Tucker UTIL Max Muncy UTIL Mickey Moniak UTIL Mookie Betts UTIL Tommy Edman UTIL Connor Norby,,,
2170,5223031120,joeythewin (1/3),0,37.5,CPT Kyle Tucker UTIL Mickey Moniak UTIL Jake McCarthy UTIL Cole Carrigg UTIL Mookie Betts UTIL Ezequiel Tovar,,,
2176,5222841518,jabbo123 (10/20),0,37.225,CPT Eric Lauer UTIL Ryan Feltner UTIL Max Muncy UTIL Mookie Betts UTIL Connor Norby UTIL Hunter Feduccia,,,
2176,5222921435,KelvinDubs (17/20),0,37.225,CPT Eric Lauer UTIL Ryan Feltner UTIL Andy Pages UTIL Cole Carrigg UTIL Jordan Beck UTIL Hunter Feduccia,,,
2178,5223034950,kyleorso (19/20),0,37.15,CPT Max Muncy UTIL Ryan Feltner UTIL Freddie Freeman UTIL Cole Carrigg UTIL Connor Norby UTIL Ezequiel Tovar,,,
2179,5222556130,CrazyNate96,0,37.05,CPT Mickey Moniak UTIL Eric Lauer UTIL Max Muncy UTIL Jake McCarthy UTIL Adael Amador UTIL Ben Rortvedt,,,
2180,5222578278,chunkylover2,0,37,CPT Mookie Betts UTIL Shohei Ohtani UTIL Max Muncy UTIL Andy Pages UTIL Connor Norby UTIL Hunter Feduccia,,,
2180,5222846665,TheFH (10/20),0,37,CPT Tommy Edman UTIL Max Muncy UTIL Andy Pages UTIL Kyle Tucker UTIL Mookie Betts UTIL Jordan Beck,,,
2182,5222180999,ivymoose (4/20),0,36.975,CPT Ryan Feltner UTIL Jake McCarthy UTIL Kyle Tucker UTIL Cole Carrigg UTIL Jordan Beck UTIL Connor Norby,,,
2183,5222314123,dak444,0,36.575,CPT Eric Lauer UTIL Max Muncy UTIL Andy Pages UTIL Mickey Moniak UTIL Ezequiel Tovar UTIL Hunter Feduccia,,,
2183,5223037271,trappwimm80 (3/4),0,36.575,CPT Eric Lauer UTIL Max Muncy UTIL Andy Pages UTIL Mookie Betts UTIL Ezequiel Tovar UTIL Hunter Feduccia,,,
2185,5222350666,Sammy.Boy (8/20),0,36.5,CPT Cole Carrigg UTIL Shohei Ohtani UTIL Max Muncy UTIL Andy Pages UTIL Jordan Beck UTIL Ezequiel Tovar,,,
2185,5222652781,goheelz1 (6/7),0,36.5,CPT Kyle Tucker UTIL Shohei Ohtani UTIL Max Muncy UTIL Mookie Betts UTIL Jordan Beck UTIL Ezequiel Tovar,,,
2185,5222745040,chrispy2005 (5/20),0,36.5,CPT Cole Carrigg UTIL Shohei Ohtani UTIL Max Muncy UTIL Andy Pages UTIL Jordan Beck UTIL Ezequiel Tovar,,,
2188,5222439454,LTskelter (4/20),0,36.024998,CPT Ryan Feltner UTIL Eric Lauer UTIL Jake McCarthy UTIL Mookie Betts UTIL Hunter Feduccia UTIL Braxton Fulford,,,
2188,5222630290,mythicalrhymer01 (1/5),0,36.024998,CPT Ryan Feltner UTIL Eric Lauer UTIL Jake McCarthy UTIL Cole Carrigg UTIL Jordan Beck UTIL Ezequiel Tovar,,,
2188,5222678974,Captgrif,0,36.024998,CPT Ryan Feltner UTIL Eric Lauer UTIL Kyle Tucker UTIL Tommy Edman UTIL Jordan Beck UTIL Braxton Fulford,,,
2188,5222733914,floydian80 (3/20),0,36.024998,CPT Ryan Feltner UTIL Eric Lauer UTIL Jake McCarthy UTIL Cole Carrigg UTIL Jordan Beck UTIL Ezequiel Tovar,,,
2192,5222350661,Sammy.Boy (3/20),0,36,CPT Mookie Betts UTIL Max Muncy UTIL Andy Pages UTIL Kyle Tucker UTIL Tommy Edman UTIL Connor Norby,,,
2192,5222514613,rsumrall (4/20),0,36,CPT Mookie Betts UTIL Max Muncy UTIL Andy Pages UTIL Kyle Tucker UTIL Tommy Edman UTIL Connor Norby,,,
2192,5222709987,rams779 (6/10),0,36,CPT Mookie Betts UTIL Freddie Freeman UTIL Max Muncy UTIL Andy Pages UTIL Jordan Beck UTIL Connor Norby,,,
2192,5222733915,floydian80 (4/20),0,36,CPT Mookie Betts UTIL Max Muncy UTIL Andy Pages UTIL Kyle Tucker UTIL Tommy Edman UTIL Connor Norby,,,
2192,5222924476,Lakesnow13 (1/3),0,36,CPT Mookie Betts UTIL Freddie Freeman UTIL Max Muncy UTIL Andy Pages UTIL Jordan Beck UTIL Connor Norby,,,
2192,5223034938,kyleorso (7/20),0,36,CPT Mookie Betts UTIL Max Muncy UTIL Andy Pages UTIL Kyle Tucker UTIL Tommy Edman UTIL Connor Norby,,,
2192,5223035906,bassguy39 (4/6),0,36,CPT Mookie Betts UTIL Max Muncy UTIL Andy Pages UTIL Kyle Tucker UTIL Tommy Edman UTIL Connor Norby,,,
2199,5222735687,SpeedRacer101 (12/20),0,35.975,CPT Ryan Feltner UTIL Mickey Moniak UTIL Jake McCarthy UTIL Teoscar Hernandez UTIL Jordan Beck UTIL Braxton Fulford,,,
2199,5222745038,chrispy2005 (3/20),0,35.975,CPT Ryan Feltner UTIL Freddie Freeman UTIL Jake McCarthy UTIL Jordan Beck UTIL Ezequiel Tovar UTIL Braxton Fulford,,,
2199,5222846670,TheFH (15/20),0,35.975,CPT Ryan Feltner UTIL Mickey Moniak UTIL Jake McCarthy UTIL Teoscar Hernandez UTIL Jordan Beck UTIL Braxton Fulford,,,
2202,5222980751,FJGjr4747,0,35.7,CPT Mookie Betts UTIL Eric Lauer UTIL Ryan Feltner UTIL TJ Rumfield UTIL Tommy Edman UTIL Ezequiel Tovar,,,
2203,5222325645,MultipleWinGasms (13/20),0,35.65,CPT Mookie Betts UTIL Ryan Feltner UTIL Freddie Freeman UTIL Jake McCarthy UTIL Ezequiel Tovar UTIL Braxton Fulford,,,
2203,5222844989,perfect55,0,35.65,CPT Shohei Ohtani UTIL Ryan Feltner UTIL Andy Pages UTIL Jordan Beck UTIL Connor Norby UTIL Braxton Fulford,,,
2205,5222698203,Gforceone (2/3),0,35.5,CPT Max Muncy UTIL Andy Pages UTIL Cole Carrigg UTIL Mookie Betts UTIL Tommy Edman UTIL Hunter Feduccia,,,
2205,5222808711,roberts2525 (4/12),0,35.5,CPT Andy Pages UTIL Shohei Ohtani UTIL Mickey Moniak UTIL Cole Carrigg UTIL Jordan Beck UTIL Hunter Feduccia,,,
2205,5222930030,Blitzburgh2023 (3/3),0,35.5,CPT Kyle Tucker UTIL Shohei Ohtani UTIL Andy Pages UTIL Mookie Betts UTIL Ezequiel Tovar UTIL Braxton Fulford,,,
2205,5222943267,heybert711 (10/20),0,35.5,CPT Max Muncy UTIL Andy Pages UTIL Cole Carrigg UTIL Mookie Betts UTIL Tommy Edman UTIL Hunter Feduccia,,,
2205,5222982861,JJSaenz (20/20),0,35.5,CPT Max Muncy UTIL Andy Pages UTIL Cole Carrigg UTIL Mookie Betts UTIL Tommy Edman UTIL Hunter Feduccia,,,
2205,5222998569,branhugh,0,35.5,CPT Max Muncy UTIL Freddie Freeman UTIL Andy Pages UTIL Mickey Moniak UTIL Ezequiel Tovar UTIL Hunter Feduccia,,,
2205,5223037587,alwayshigh,0,35.5,CPT Andy Pages UTIL Shohei Ohtani UTIL Mookie Betts UTIL TJ Rumfield UTIL Ezequiel Tovar UTIL Braxton Fulford,,,
2212,5223023568,84flipmode (1/20),0,35.15,CPT Kyle Tucker UTIL Ryan Feltner UTIL Shohei Ohtani UTIL Cole Carrigg UTIL Jordan Beck UTIL Ezequiel Tovar,,,
2213,5222439452,LTskelter (2/20),0,35.024998,CPT Ryan Feltner UTIL Eric Lauer UTIL Shohei Ohtani UTIL Jordan Beck UTIL Connor Norby UTIL Ezequiel Tovar,,,
2213,5222999106,vstar1300 (10/10),0,35.024998,CPT Ryan Feltner UTIL Eric Lauer UTIL Kyle Tucker UTIL Cole Carrigg UTIL Jordan Beck UTIL Connor Norby,,,
2215,5222933563,Kenmasters7 (14/20),0,35,CPT Tommy Edman UTIL Max Muncy UTIL Andy Pages UTIL Kyle Tucker UTIL Mookie Betts UTIL Ezequiel Tovar,,,
2215,5223030160,84flipmode (14/20),0,35,CPT Mickey Moniak UTIL Shohei Ohtani UTIL Jake McCarthy UTIL Mookie Betts UTIL Jordan Beck UTIL Ezequiel Tovar,,,
2217,5222422867,Caryg07 (8/20),0,34.975,CPT Ryan Feltner UTIL Freddie Freeman UTIL Mickey Moniak UTIL TJ Rumfield UTIL Jordan Beck UTIL Connor Norby,,,
2218,5223007907,MrKaotic71 (10/12),0,34.5,CPT Andy Pages UTIL Shohei Ohtani UTIL Mickey Moniak UTIL Cole Carrigg UTIL Connor Norby UTIL Ezequiel Tovar,,,
2219,5222422860,Caryg07 (1/20),0,34.225,CPT Eric Lauer UTIL Ryan Feltner UTIL Mickey Moniak UTIL Kyle Tucker UTIL Hunter Feduccia UTIL Brennan Bernardino,,,
2219,5222422861,Caryg07 (2/20),0,34.225,CPT Eric Lauer UTIL Ryan Feltner UTIL Mickey Moniak UTIL Kyle Tucker UTIL Hunter Feduccia UTIL Brennan Bernardino,,,
2221,5222422862,Caryg07 (3/20),0,34.024998,CPT Ryan Feltner UTIL Eric Lauer UTIL Mickey Moniak UTIL Jake McCarthy UTIL Connor Norby UTIL Ezequiel Tovar,,,
2221,5222422866,Caryg07 (7/20),0,34.024998,CPT Ryan Feltner UTIL Eric Lauer UTIL Max Muncy UTIL Tommy Edman UTIL Connor Norby UTIL Ezequiel Tovar,,,
2223,5222441948,kcmust,0,34,CPT Mookie Betts UTIL Shohei Ohtani UTIL Max Muncy UTIL Mickey Moniak UTIL Connor Norby UTIL Hunter Feduccia,,,
2223,5222731702,wallythekid (4/4),0,34,CPT Mookie Betts UTIL Freddie Freeman UTIL Max Muncy UTIL Andy Pages UTIL Adael Amador UTIL Connor Norby,,,
2223,5222745051,chrispy2005 (16/20),0,34,CPT Mookie Betts UTIL Max Muncy UTIL Andy Pages UTIL Cole Carrigg UTIL Tommy Edman UTIL Connor Norby,,,
2223,5222973122,merrills1,0,34,CPT Mookie Betts UTIL Max Muncy UTIL Mickey Moniak UTIL Jake McCarthy UTIL Tommy Edman UTIL Ezequiel Tovar,,,
2227,5222709572,maty9495 (3/3),0,33.7,CPT Mookie Betts UTIL Eric Lauer UTIL Ryan Feltner UTIL Shohei Ohtani UTIL Ezequiel Tovar UTIL Hunter Feduccia,,,
2228,5222933560,Kenmasters7 (11/20),0,33.5,CPT Kyle Tucker UTIL Max Muncy UTIL Andy Pages UTIL Mookie Betts UTIL Tommy Edman UTIL Ezequiel Tovar,,,
2229,5222918086,savrome2425 (3/20),0,33.05,CPT Jordan Beck UTIL Eric Lauer UTIL Andy Pages UTIL Mickey Moniak UTIL Mookie Betts UTIL TJ Rumfield,,,
2230,5222456694,ZeusJokers11,0,33,CPT Mickey Moniak UTIL Shohei Ohtani UTIL Mookie Betts UTIL Tommy Edman UTIL Zac Veen UTIL Adael Amador,,,
2231,5222768365,purdyman (2/4),0,32.7,CPT Troy Johnston UTIL Eric Lauer UTIL Ryan Feltner UTIL Shohei Ohtani UTIL Zac Veen UTIL Adael Amador,,,
2232,5222888866,ballgame1881 (19/20),0,32.65,CPT Hunter Feduccia UTIL Ryan Feltner UTIL Max Muncy UTIL Andy Pages UTIL Mickey Moniak UTIL Teoscar Hernandez,,,
2232,5222933553,Kenmasters7 (4/20),0,32.65,CPT Mookie Betts UTIL Ryan Feltner UTIL Jake McCarthy UTIL Cole Carrigg UTIL TJ Rumfield UTIL Ezequiel Tovar,,,
2234,5222487685,luvn_texas44 (2/3),0,32.5,CPT Max Muncy UTIL Shohei Ohtani UTIL Andy Pages UTIL Mookie Betts UTIL Ezequiel Tovar UTIL Hunter Feduccia,,,
2234,5222836196,saintsdub (1/2),0,32.5,CPT Max Muncy UTIL Shohei Ohtani UTIL Andy Pages UTIL Mookie Betts UTIL Ezequiel Tovar UTIL Hunter Feduccia,,,
2234,5222882431,JoeNY07 (1/5),0,32.5,CPT Max Muncy UTIL Andy Pages UTIL Jake McCarthy UTIL Mookie Betts UTIL Jordan Beck UTIL Braxton Fulford,,,
2234,5223028554,happy-greatful,0,32.5,CPT Andy Pages UTIL Kyle Tucker UTIL Cole Carrigg UTIL Mookie Betts UTIL TJ Rumfield UTIL Ezequiel Tovar,,,
2234,5223037247,BUFFALOBILLS29 (2/3),0,32.5,CPT Max Muncy UTIL Shohei Ohtani UTIL Andy Pages UTIL Mookie Betts UTIL Ezequiel Tovar UTIL Hunter Feduccia,,,
2239,5222621636,THEACTIONONE (1/2),0,32.225,CPT Eric Lauer UTIL Ryan Feltner UTIL Max Muncy UTIL Mookie Betts UTIL Jordan Beck UTIL Hunter Feduccia,,,
2239,5222757530,austin60915 (8/20),0,32.225,CPT Eric Lauer UTIL Ryan Feltner UTIL Max Muncy UTIL Mookie Betts UTIL Jordan Beck UTIL Hunter Feduccia,,,
2239,5222950154,KGould86 (7/20),0,32.225,CPT Eric Lauer UTIL Ryan Feltner UTIL Max Muncy UTIL Mookie Betts UTIL Jordan Beck UTIL Hunter Feduccia,,,
2239,5222975906,georgeconfused (1/7),0,32.225,CPT Eric Lauer UTIL Ryan Feltner UTIL Max Muncy UTIL Mookie Betts UTIL Jordan Beck UTIL Hunter Feduccia,,,
2243,5223015081,49rs_homejuice (3/3),0,32.2,CPT Andy Pages UTIL Eric Lauer UTIL Ryan Feltner UTIL Cole Carrigg UTIL Jordan Beck UTIL Connor Norby,,,
2244,5222822175,onni1990 (1/3),0,32.15,CPT Andy Pages UTIL Ryan Feltner UTIL Max Muncy UTIL Jake McCarthy UTIL Jordan Beck UTIL Connor Norby,,,
2245,5222541116,Stree (9/20),0,32.05,CPT Mookie Betts UTIL Eric Lauer UTIL Max Muncy UTIL Andy Pages UTIL Hunter Feduccia UTIL Braxton Fulford,,,
2246,5222757523,austin60915 (1/20),0,32.024998,CPT Ryan Feltner UTIL Eric Lauer UTIL Cole Carrigg UTIL TJ Rumfield UTIL Ezequiel Tovar UTIL Braxton Fulford,,,
2247,5222423988,Satch65 (2/20),0,32,CPT Mookie Betts UTIL Shohei Ohtani UTIL Max Muncy UTIL Andy Pages UTIL Jordan Beck UTIL Hunter Feduccia,,,
2247,5222735689,SpeedRacer101 (14/20),0,32,CPT Mookie Betts UTIL Shohei Ohtani UTIL Max Muncy UTIL Andy Pages UTIL Jordan Beck UTIL Hunter Feduccia,,,
2247,5222917659,Manchester5 (1/2),0,32,CPT Mookie Betts UTIL Shohei Ohtani UTIL Max Muncy UTIL Andy Pages UTIL Jordan Beck UTIL Hunter Feduccia,,,
2247,5223027880,84flipmode (10/20),0,32,CPT Shohei Ohtani UTIL Andy Pages UTIL Mookie Betts UTIL Jordan Beck UTIL Ezequiel Tovar UTIL Braxton Fulford,,,
2251,5222802889,cwthrow24 (1/20),0,31.65,CPT Mickey Moniak UTIL Ryan Feltner UTIL Shohei Ohtani UTIL TJ Rumfield UTIL Connor Norby UTIL Ezequiel Tovar,,,
2252,5222423993,Satch65 (7/20),0,31.5,CPT Andy Pages UTIL Shohei Ohtani UTIL Max Muncy UTIL Mookie Betts UTIL Ezequiel Tovar UTIL Hunter Feduccia,,,
2253,5222841511,jabbo123 (3/20),0,31.025,CPT Ryan Feltner UTIL Eric Lauer UTIL Mickey Moniak UTIL TJ Rumfield UTIL Jordan Beck UTIL Connor Norby,,,
2253,5222968794,kbrisacher (5/20),0,31.025,CPT Ryan Feltner UTIL Eric Lauer UTIL Shohei Ohtani UTIL Jordan Beck UTIL Ezequiel Tovar UTIL Braxton Fulford,,,
2255,5222321059,vstar1300 (5/10),0,31,CPT Mookie Betts UTIL Shohei Ohtani UTIL Max Muncy UTIL Andy Pages UTIL Connor Norby UTIL Ezequiel Tovar,,,
2255,5222331945,shanemoore27 (16/20),0,31,CPT Mickey Moniak UTIL Freddie Freeman UTIL Andy Pages UTIL Mookie Betts UTIL Hunter Feduccia UTIL Braxton Fulford,,,
2255,5222946728,psu7507 (2/2),0,31,CPT Mookie Betts UTIL Shohei Ohtani UTIL Max Muncy UTIL Andy Pages UTIL Connor Norby UTIL Ezequiel Tovar,,,
2258,5222314865,dahoward1974 (3/10),0,30.975,CPT Ryan Feltner UTIL Jake McCarthy UTIL Cole Carrigg UTIL Mookie Betts UTIL Tommy Edman UTIL Ezequiel Tovar,,,
2258,5222403093,az350z (3/20),0,30.975,CPT Ryan Feltner UTIL Jake McCarthy UTIL Cole Carrigg UTIL Mookie Betts UTIL TJ Rumfield UTIL Ezequiel Tovar,,,
2258,5222403099,az350z (9/20),0,30.975,CPT Ryan Feltner UTIL Mickey Moniak UTIL Jake McCarthy UTIL TJ Rumfield UTIL Connor Norby UTIL Jonathan Hernandez,,,
2258,5222439460,LTskelter (10/20),0,30.975,CPT Ryan Feltner UTIL Jake McCarthy UTIL Cole Carrigg UTIL Mookie Betts UTIL TJ Rumfield UTIL Ezequiel Tovar,,,
2258,5222555424,Hinkle76 (1/10),0,30.975,CPT Ryan Feltner UTIL Max Muncy UTIL Jake McCarthy UTIL Cole Carrigg UTIL Connor Norby UTIL Ezequiel Tovar,,,
2258,5222950151,KGould86 (4/20),0,30.975,CPT Ryan Feltner UTIL Andy Pages UTIL Jake McCarthy UTIL Cole Carrigg UTIL Jordan Beck UTIL Connor Norby,,,
2264,5222918099,savrome2425 (16/20),0,30.225,CPT Eric Lauer UTIL Ryan Feltner UTIL Andy Pages UTIL Mookie Betts UTIL Jordan Beck UTIL Hunter Feduccia,,,
2265,5222825466,dallascowboys4225,0,29.975,CPT Ryan Feltner UTIL Shohei Ohtani UTIL Teoscar Hernandez UTIL Kike Hernandez UTIL Miguel Rojas UTIL Adael Amador,,,
2265,5222950153,KGould86 (6/20),0,29.975,CPT Ryan Feltner UTIL Shohei Ohtani UTIL Mickey Moniak UTIL TJ Rumfield UTIL Connor Norby UTIL Ezequiel Tovar,,,
2267,5222403108,az350z (18/20),0,29.3,CPT Mickey Moniak UTIL Ryan Feltner UTIL Jake McCarthy UTIL Cole Carrigg UTIL Braxton Fulford UTIL Jack Dreyer,,,
2268,5222745055,chrispy2005 (20/20),0,29.15,CPT Cole Carrigg UTIL Ryan Feltner UTIL Jake McCarthy UTIL Mookie Betts UTIL Jordan Beck UTIL Braxton Fulford,,,
2269,5222757536,austin60915 (14/20),0,29,CPT Mickey Moniak UTIL Andy Pages UTIL Cole Carrigg UTIL Mookie Betts UTIL Tommy Edman UTIL Connor Norby,,,
2269,5222846659,TheFH (4/20),0,29,CPT Mookie Betts UTIL Max Muncy UTIL Andy Pages UTIL Cole Carrigg UTIL Tommy Edman UTIL Jordan Beck,,,
2269,5222910820,Ezilodi (14/20),0,29,CPT Mookie Betts UTIL Max Muncy UTIL Andy Pages UTIL Cole Carrigg UTIL Tommy Edman UTIL Jordan Beck,,,
2269,5222921430,KelvinDubs (12/20),0,29,CPT Mookie Betts UTIL Max Muncy UTIL Andy Pages UTIL Cole Carrigg UTIL Tommy Edman UTIL Jordan Beck,,,
2269,5222933566,Kenmasters7 (17/20),0,29,CPT Mookie Betts UTIL Max Muncy UTIL Andy Pages UTIL Kyle Tucker UTIL Tommy Edman UTIL Ezequiel Tovar,,,
2269,5222943276,heybert711 (19/20),0,29,CPT Mookie Betts UTIL Max Muncy UTIL Andy Pages UTIL Cole Carrigg UTIL Tommy Edman UTIL Jordan Beck,,,
2275,5222799246,roberts2525 (1/12),0,28.5,CPT Andy Pages UTIL Shohei Ohtani UTIL Mickey Moniak UTIL Mookie Betts UTIL Jordan Beck UTIL Hunter Feduccia,,,
2275,5222933558,Kenmasters7 (9/20),0,28.5,CPT Andy Pages UTIL Max Muncy UTIL Cole Carrigg UTIL Mookie Betts UTIL Tommy Edman UTIL Ezequiel Tovar,,,
2277,5222325642,MultipleWinGasms (10/20),0,28,CPT Mookie Betts UTIL Shohei Ohtani UTIL Andy Pages UTIL Cole Carrigg UTIL Jordan Beck UTIL Ezequiel Tovar,,,
2277,5222915474,originalseph,0,28,CPT Mookie Betts UTIL Shohei Ohtani UTIL Andy Pages UTIL Cole Carrigg UTIL Jordan Beck UTIL Ezequiel Tovar,,,
2279,5222973937,jimmytroboom (2/3),0,27.975,CPT Ryan Feltner UTIL Mickey Moniak UTIL Jake McCarthy UTIL Cole Carrigg UTIL Hunter Feduccia UTIL Braxton Fulford,,,
2279,5223028987,84flipmode (12/20),0,27.975,CPT Ryan Feltner UTIL Andy Pages UTIL Kyle Tucker UTIL TJ Rumfield UTIL Jordan Beck UTIL Connor Norby,,,
2281,5222841515,jabbo123 (7/20),0,27.65,CPT Mickey Moniak UTIL Ryan Feltner UTIL Cole Carrigg UTIL TJ Rumfield UTIL Tommy Edman UTIL Ezequiel Tovar,,,
2282,5222221755,D-Wizzle,0,27.5,CPT Andy Pages UTIL Shohei Ohtani UTIL Mickey Moniak UTIL Mookie Betts UTIL Connor Norby UTIL Ezequiel Tovar,,,
2282,5222888864,ballgame1881 (17/20),0,27.5,CPT Connor Norby UTIL Max Muncy UTIL Andy Pages UTIL Mickey Moniak UTIL Kyle Tucker UTIL Mookie Betts,,,
2282,5223007298,MrKaotic71 (7/12),0,27.5,CPT Andy Pages UTIL Shohei Ohtani UTIL Mickey Moniak UTIL Mookie Betts UTIL Connor Norby UTIL Ezequiel Tovar,,,
2285,5222987112,jya_brads (2/3),0,27.15,CPT Connor Norby UTIL Ryan Feltner UTIL Max Muncy UTIL Andy Pages UTIL Mookie Betts UTIL Tommy Edman,,,
2286,5222350676,Sammy.Boy (18/20),0,27.025,CPT Ryan Feltner UTIL Eric Lauer UTIL Andy Pages UTIL Cole Carrigg UTIL Connor Norby UTIL Ezequiel Tovar,,,
2286,5222846675,TheFH (20/20),0,27.025,CPT Ryan Feltner UTIL Eric Lauer UTIL Andy Pages UTIL Cole Carrigg UTIL Connor Norby UTIL Ezequiel Tovar,,,
2286,5222968797,kbrisacher (8/20),0,27.025,CPT Ryan Feltner UTIL Eric Lauer UTIL Andy Pages UTIL Cole Carrigg UTIL Connor Norby UTIL Ezequiel Tovar,,,
2289,5222331933,shanemoore27 (4/20),0,26.975,CPT Ryan Feltner UTIL Max Muncy UTIL Jake McCarthy UTIL Cole Carrigg UTIL Ezequiel Tovar UTIL Braxton Fulford,,,
2290,5222331931,shanemoore27 (2/20),0,26.025,CPT Ryan Feltner UTIL Eric Lauer UTIL Mickey Moniak UTIL Cole Carrigg UTIL Jordan Beck UTIL Connor Norby,,,
2291,5222338856,tbjones2121 (3/20),0,26,CPT Mookie Betts UTIL Shohei Ohtani UTIL Max Muncy UTIL Andy Pages UTIL Jordan Beck UTIL Ezequiel Tovar,,,
2292,5222916133,Steven_1974 (18/20),0,25.975,CPT Ryan Feltner UTIL Max Muncy UTIL Mickey Moniak UTIL Jake McCarthy UTIL Jordan Beck UTIL Connor Norby,,,
2292,5222943597,dspears56 (12/14),0,25.975,CPT Ryan Feltner UTIL Max Muncy UTIL Mickey Moniak UTIL Jake McCarthy UTIL Jordan Beck UTIL Connor Norby,,,
2294,5222704506,basscliff333,0,25.5,CPT Andy Pages UTIL Shohei Ohtani UTIL Max Muncy UTIL Mookie Betts UTIL Ezequiel Tovar UTIL Hyeseong Kim,,,
2295,5222790617,dingodan39 (4/6),0,25.15,CPT Jake McCarthy UTIL Ryan Feltner UTIL Mickey Moniak UTIL Mookie Betts UTIL Ezequiel Tovar UTIL Braxton Fulford,,,
2295,5222982854,JJSaenz (13/20),0,25.15,CPT Max Muncy UTIL Ryan Feltner UTIL Mickey Moniak UTIL TJ Rumfield UTIL Jordan Beck UTIL Connor Norby,,,
2297,5222968807,kbrisacher (18/20),0,25.025,CPT Ryan Feltner UTIL Eric Lauer UTIL Mickey Moniak UTIL Cole Carrigg UTIL Jordan Beck UTIL Hunter Feduccia,,,
2298,5222693054,KevinLeonK3 (1/2),0,24.975,CPT Ryan Feltner UTIL Mickey Moniak UTIL Jake McCarthy UTIL Cole Carrigg UTIL Ezequiel Tovar UTIL Hunter Feduccia,,,
2298,5222821487,RN74,0,24.975,CPT Ryan Feltner UTIL Mickey Moniak UTIL Jake McCarthy UTIL Cole Carrigg UTIL Troy Johnston UTIL Hunter Feduccia,,,
2298,5223035558,Dolow2me (5/5),0,24.975,CPT Ryan Feltner UTIL Kyle Tucker UTIL Cole Carrigg UTIL Mookie Betts UTIL Tommy Edman UTIL Jordan Beck,,,
2301,5222439453,LTskelter (3/20),0,24.65,CPT Mickey Moniak UTIL Ryan Feltner UTIL Cole Carrigg UTIL Tommy Edman UTIL Jordan Beck UTIL Connor Norby,,,
2302,5222662331,dspears56 (7/14),0,24.5,CPT Max Muncy UTIL Andy Pages UTIL Kyle Tucker UTIL Mookie Betts UTIL Jordan Beck UTIL Braxton Fulford,,,
2303,5223010046,TNeidert (4/20),0,24.225,CPT Eric Lauer UTIL Ryan Feltner UTIL Andy Pages UTIL Mookie Betts UTIL Jordan Beck UTIL Ezequiel Tovar,,,
2304,5222653238,jah_586 (1/20),0,24.025,CPT Ryan Feltner UTIL Eric Lauer UTIL Mickey Moniak UTIL Cole Carrigg UTIL Connor Norby UTIL Ezequiel Tovar,,,
2304,5223009184,j-wolf05 (1/20),0,24.025,CPT Ryan Feltner UTIL Eric Lauer UTIL Mickey Moniak UTIL Cole Carrigg UTIL Connor Norby UTIL Ezequiel Tovar,,,
2306,5222539443,JcClark18 (6/20),0,23.975,CPT Ryan Feltner UTIL Andy Pages UTIL Mickey Moniak UTIL Jake McCarthy UTIL Jordan Beck UTIL Connor Norby,,,
2306,5222968805,kbrisacher (16/20),0,23.975,CPT Ryan Feltner UTIL Andy Pages UTIL Mickey Moniak UTIL Jake McCarthy UTIL Jordan Beck UTIL Connor Norby,,,
2308,5222918095,savrome2425 (12/20),0,23.15,CPT Andy Pages UTIL Ryan Feltner UTIL Shohei Ohtani UTIL Mookie Betts UTIL Ezequiel Tovar UTIL Hunter Feduccia,,,
2309,5222492973,FoxyGrandpa252 (17/20),0,22.975,CPT Ryan Feltner UTIL Mickey Moniak UTIL Cole Carrigg UTIL Tommy Edman UTIL Jordan Beck UTIL Connor Norby,,,
2310,5222973538,mykcullen-77,0,22.7,CPT Mickey Moniak UTIL Eric Lauer UTIL Ryan Feltner UTIL Max Muncy UTIL Ezequiel Tovar UTIL Hunter Feduccia,,,
2311,5223038459,trappwimm80 (4/4),0,22.2,CPT Andy Pages UTIL Eric Lauer UTIL Ryan Feltner UTIL Mookie Betts UTIL Ezequiel Tovar UTIL Hunter Feduccia,,,
2312,5222581936,JulieBV,0,22,CPT Mickey Moniak UTIL Freddie Freeman UTIL Andy Pages UTIL Mookie Betts UTIL Adael Amador UTIL Hyeseong Kim,,,
2313,5222888855,ballgame1881 (8/20),0,21.7,CPT Ezequiel Tovar UTIL Eric Lauer UTIL Ryan Feltner UTIL Max Muncy UTIL Andy Pages UTIL Jordan Beck,,,
2314,5222918102,savrome2425 (19/20),0,21.65,CPT Mickey Moniak UTIL Ryan Feltner UTIL Cole Carrigg UTIL Mookie Betts UTIL TJ Rumfield UTIL Hunter Feduccia,,,
2315,5222326531,wwc951 (19/20),0,20.975,CPT Ryan Feltner UTIL Andy Pages UTIL Jake McCarthy UTIL Mookie Betts UTIL Ezequiel Tovar UTIL Hunter Feduccia,,,
2315,5222735692,SpeedRacer101 (17/20),0,20.975,CPT Ryan Feltner UTIL Cole Carrigg UTIL Mookie Betts UTIL TJ Rumfield UTIL Connor Norby UTIL Ezequiel Tovar,,,
2317,5222431772,Hotdogfatboy (4/7),0,20.5,CPT Max Muncy UTIL Andy Pages UTIL Mickey Moniak UTIL Mookie Betts UTIL Connor Norby UTIL Braxton Fulford,,,
2318,5223025460,84flipmode (4/20),0,19.15,CPT Cole Carrigg UTIL Ryan Feltner UTIL Andy Pages UTIL Mickey Moniak UTIL Hunter Feduccia UTIL Braxton Fulford,,,
2319,5222894896,slotone (2/10),0,19.025,CPT Ryan Feltner UTIL Eric Lauer UTIL Mickey Moniak UTIL Mookie Betts UTIL Jordan Beck UTIL Connor Norby,,,
2320,5222995285,colbyhornet (13/20),0,17.65,CPT Mickey Moniak UTIL Ryan Feltner UTIL Mookie Betts UTIL TJ Rumfield UTIL Jordan Beck UTIL Connor Norby,,,
2321,5222918096,savrome2425 (13/20),0,17.15,CPT Connor Norby UTIL Ryan Feltner UTIL Andy Pages UTIL Mickey Moniak UTIL Cole Carrigg UTIL Mookie Betts,,,
2322,5223009201,j-wolf05 (18/20),0,16.975,CPT Ryan Feltner UTIL Andy Pages UTIL Mickey Moniak UTIL Jake McCarthy UTIL Jordan Beck UTIL Ezequiel Tovar,,,
2323,5222979557,bnance82 (7/20),0,15.975,CPT Ryan Feltner UTIL Max Muncy UTIL Mickey Moniak UTIL Cole Carrigg UTIL Jordan Beck UTIL Connor Norby,,,
2324,5222403102,az350z (12/20),0,12.5,CPT Andy Pages UTIL Max Muncy UTIL Mickey Moniak UTIL Mookie Betts UTIL Braxton Fulford UTIL TJ Shook,,,
2325,5222894903,slotone (9/10),0,11.975,CPT Ryan Feltner UTIL Mickey Moniak UTIL Cole Carrigg UTIL Mookie Betts UTIL Connor Norby UTIL Braxton Fulford,,,
2326,5222916122,Steven_1974 (7/20),0,7.975,CPT Ryan Feltner UTIL Andy Pages UTIL Mickey Moniak UTIL Cole Carrigg UTIL Ezequiel Tovar UTIL Braxton Fulford,,,
2327,5222472570,Packers5797 (1/2),0,7.5,CPT Max Muncy UTIL Mickey Moniak UTIL Mookie Betts UTIL Kike Hernandez UTIL Miguel Rojas UTIL Troy Johnston,,,
2328,5222112036,Irishgolf9,0,0,,,,
2328,5222171855,Watchib (1/2),0,0,,,,
2328,5222177644,Watchib (2/2),0,0,,,,
2328,5222289846,millerjt7 (1/5),0,0,,,,
2328,5222289847,millerjt7 (2/5),0,0,,,,
2328,5222289848,millerjt7 (3/5),0,0,,,,
2328,5222289849,millerjt7 (4/5),0,0,,,,
2328,5222289850,millerjt7 (5/5),0,0,,,,
2328,5222336925,CaliforniaSpeedFreak (1/2),0,0,,,,
2328,5222349263,CaliforniaSpeedFreak (2/2),0,0,,,,
2328,5222413905,srushing29,0,0,,,,
2328,5222430234,rlwestjr (1/2),0,0,,,,
2328,5222430235,rlwestjr (2/2),0,0,,,,
2328,5222567518,Mr_Polski,0,0,,,,
2328,5222584281,madden1234567,0,0,,,,
2328,5222669944,diamond324,0,0,,,,
2328,5222709548,carlcarl,0,0,,,,
2328,5222727359,BChad24,0,0,,,,
2328,5222797662,likwitdagod,0,0,,,,
2328,5222864086,45dojo (1/8),0,0,,,,
2328,5222864087,45dojo (2/8),0,0,,,,
2328,5222864088,45dojo (3/8),0,0,,,,
2328,5222864089,45dojo (4/8),0,0,,,,
2328,5222864090,45dojo (5/8),0,0,,,,
2328,5222864091,45dojo (6/8),0,0,,,,
2328,5222864092,45dojo (7/8),0,0,,,,
2328,5222864093,45dojo (8/8),0,0,,,,
2328,5222868247,Orangechocolate70 (1/3),0,0,,,,
2328,5222868248,Orangechocolate70 (2/3),0,0,,,,
2328,5222868249,Orangechocolate70 (3/3),0,0,,,,
2328,5222880451,Willharps12 (1/4),0,0,,,,
2328,5222880452,Willharps12 (2/4),0,0,,,,
2328,5222880453,Willharps12 (3/4),0,0,,,,
2328,5222880454,Willharps12 (4/4),0,0,,,,
2328,5222886171,JCM1183 (1/5),0,0,,,,
2328,5222886172,JCM1183 (2/5),0,0,,,,
2328,5222886173,JCM1183 (3/5),0,0,,,,
2328,5222886174,JCM1183 (4/5),0,0,,,,
2328,5222886175,JCM1183 (5/5),0,0,,,,
2328,5222906018,cubie99,0,0,,,,
2328,5222907286,bredwinner216,0,0,,,,
2328,5222928237,chiefrum,0,0,,,,
2328,5222930638,Rosey417,0,0,,,,
2328,5222972697,tonywergin,0,0,,,,
2328,5222993314,imnotstoppIN (1/3),0,0,,,,
2328,5222993896,imnotstoppIN (2/3),0,0,,,,
2328,5222999111,imnotstoppIN (3/3),0,0,,,,
2328,5222999201,rbrady78,0,0,,,,
2328,5223006798,riverrat304,0,0,,,,
2328,5223016514,Acediit,0,0,,,,
2328,5223025069,gochiefsjason,0,0,,,,
